timestamp,display_id,label,direction,is_transition
2026-08-17 14:27:58.700,car_ID_1,car,Berlin->Potsdam,True
2026-08-17 14:28:10.775,bicycle_ID_2,bicycle,Potsdam (kein Wechsel),False
2026-08-17 14:28:14.506,bicycle_ID_1,bicycle,Potsdam->Berlin,True
2026-08-17 14:28:15.832,person_ID_2,person,Berlin (kein Wechsel),False
2026-08-17 14:28:16.139,bicycle_ID_4,bicycle,Berlin (kein Wechsel),False
2026-08-17 14:28:16.209,bicycle_ID_3,bicycle,Berlin (kein Wechsel),False
2026-08-17 14:28:16.810,person_ID_1,person,Potsdam->Berlin,True
2026-08-17 14:28:20.151,car_ID_2,car,Berlin->Potsdam,True
2026-08-17 14:28:35.568,car_ID_3,car,Berlin->Potsdam,True
2026-08-17 14:28:39.736,car_ID_4,car,Berlin (kein Wechsel),False
2026-08-17 14:28:40.288,car_ID_5,car,Potsdam (kein Wechsel),False
2026-08-17 14:28:46.935,car_ID_6,car,Berlin->Potsdam,True
2026-08-17 14:28:47.940,car_ID_7,car,Potsdam (kein Wechsel),False
2026-08-17 14:28:55.124,car_ID_8,car,Potsdam (kein Wechsel),False
2026-08-17 14:28:55.905,car_ID_9,car,Potsdam (kein Wechsel),False
2026-08-17 14:29:23.915,bicycle_ID_5,bicycle,Potsdam (kein Wechsel),False
2026-08-17 14:29:24.451,bicycle_ID_6,bicycle,Potsdam (kein Wechsel),False
2026-08-17 14:29:24.449,person_ID_3,person,Potsdam (kein Wechsel),False
2026-08-17 14:29:25.350,bicycle_ID_7,bicycle,Potsdam (kein Wechsel),False
2026-08-17 14:29:26.242,bicycle_ID_8,bicycle,Potsdam (kein Wechsel),False
2026-08-17 14:29:26.742,person_ID_4,person,Potsdam->Berlin,True
2026-08-17 14:29:27.000,car_ID_12,car,Berlin (kein Wechsel),False
2026-08-17 14:29:27.460,car_ID_10,car,Berlin->Potsdam,True
2026-08-17 14:29:28.802,car_ID_13,car,Potsdam (kein Wechsel),False
2026-08-17 14:29:29.143,bicycle_ID_9,bicycle,Berlin (kein Wechsel),False
2026-08-17 14:29:29.293,person_ID_5,person,Berlin (kein Wechsel),False
2026-08-17 14:29:30.576,car_ID_11,car,Potsdam->Berlin,True
2026-08-17 14:29:39.597,person_ID_6,person,Potsdam->Berlin,True
2026-08-17 14:29:52.069,bicycle_ID_10,bicycle,Potsdam (kein Wechsel),False
2026-08-17 14:29:52.762,bicycle_ID_11,bicycle,Potsdam (kein Wechsel),False
2026-08-17 14:29:53.393,bicycle_ID_12,bicycle,Potsdam (kein Wechsel),False
2026-08-17 14:29:53.458,person_ID_7,person,Potsdam (kein Wechsel),False
2026-08-17 14:29:54.660,bicycle_ID_13,bicycle,Potsdam (kein Wechsel),False
2026-08-17 14:29:55.725,bicycle_ID_14,bicycle,Berlin (kein Wechsel),False
2026-08-17 14:29:58.873,person_ID_8,person,Potsdam->Berlin,True
2026-08-17 14:29:59.098,bicycle_ID_15,bicycle,Berlin (kein Wechsel),False
2026-08-17 14:30:22.472,car_ID_14,car,Potsdam (kein Wechsel),False
2026-08-17 14:30:39.845,person_ID_9,person,Potsdam->Berlin,True
2026-08-17 14:31:31.247,car_ID_16,car,Potsdam (kein Wechsel),False
2026-08-17 14:31:31.610,car_ID_15,car,Potsdam (kein Wechsel),False
2026-08-17 14:31:31.844,car_ID_17,car,Potsdam (kein Wechsel),False
2026-08-17 14:31:33.341,person_ID_10,person,Potsdam (kein Wechsel),False
2026-08-17 14:31:50.546,person_ID_11,person,Potsdam->Berlin,True
2026-08-17 14:32:09.528,bus_ID_1,bus,Berlin (kein Wechsel),False
2026-08-17 14:32:09.592,car_ID_18,car,Berlin (kein Wechsel),False
2026-08-17 14:32:10.182,bus_ID_2,bus,Berlin->Potsdam,True
2026-08-17 14:32:10.376,car_ID_19,car,Potsdam (kein Wechsel),False
2026-08-17 14:32:19.850,car_ID_21,car,Potsdam (kein Wechsel),False
2026-08-17 14:32:20.612,car_ID_20,car,Berlin->Potsdam,True
2026-08-17 14:32:23.093,car_ID_23,car,Potsdam (kein Wechsel),False
2026-08-17 14:32:23.987,car_ID_22,car,Berlin->Potsdam,True
2026-08-17 14:32:39.776,car_ID_25,car,Potsdam (kein Wechsel),False
2026-08-17 14:32:39.878,car_ID_27,car,Berlin (kein Wechsel),False
2026-08-17 14:32:40.080,car_ID_26,car,Berlin->Potsdam,True
2026-08-17 14:32:41.388,car_ID_24,car,Potsdam->Berlin,True
2026-08-17 14:33:20.677,car_ID_29,car,Potsdam (kein Wechsel),False
2026-08-17 14:33:22.259,car_ID_28,car,Potsdam->Berlin,True
2026-08-17 14:33:25.548,person_ID_12,person,Berlin->Potsdam,True
2026-08-17 14:33:25.953,car_ID_30,car,Berlin (kein Wechsel),False
2026-08-17 14:33:26.016,bicycle_ID_16,bicycle,Berlin->Potsdam,True
2026-08-17 14:33:27.751,bus_ID_4,bus,Berlin (kein Wechsel),False
2026-08-17 14:33:28.017,bus_ID_3,bus,Berlin (kein Wechsel),False
2026-08-17 14:33:28.647,car_ID_31,car,Potsdam (kein Wechsel),False
2026-08-17 14:33:30.677,car_ID_32,car,Potsdam (kein Wechsel),False
2026-08-17 14:33:31.151,car_ID_33,car,Potsdam (kein Wechsel),False
2026-08-17 14:33:32.213,bicycle_ID_17,bicycle,Berlin (kein Wechsel),False
2026-08-17 14:33:33.148,bicycle_ID_19,bicycle,Berlin (kein Wechsel),False
2026-08-17 14:33:34.023,bicycle_ID_21,bicycle,Berlin (kein Wechsel),False
2026-08-17 14:33:34.655,car_ID_35,car,Potsdam (kein Wechsel),False
2026-08-17 14:33:34.848,bicycle_ID_22,bicycle,Potsdam (kein Wechsel),False
2026-08-17 14:33:34.889,person_ID_13,person,Berlin->Potsdam,True
2026-08-17 14:33:35.178,bicycle_ID_18,bicycle,Berlin (kein Wechsel),False
2026-08-17 14:33:35.412,bicycle_ID_23,bicycle,Potsdam (kein Wechsel),False
2026-08-17 14:33:35.516,bicycle_ID_20,bicycle,Berlin->Potsdam,True
2026-08-17 14:33:36.025,person_ID_14,person,Berlin->Potsdam,True
2026-08-17 14:33:37.486,person_ID_16,person,Potsdam (kein Wechsel),False
2026-08-17 14:33:37.549,car_ID_34,car,Potsdam->Berlin,True
2026-08-17 14:33:42.756,car_ID_36,car,Potsdam (kein Wechsel),False
2026-08-17 14:33:57.622,person_ID_17,person,Potsdam (kein Wechsel),False
2026-08-17 14:33:59.244,person_ID_18,person,Potsdam (kein Wechsel),False
2026-08-17 14:34:08.885,car_ID_38,car,Potsdam (kein Wechsel),False
2026-08-17 14:34:09.795,person_ID_19,person,Potsdam (kein Wechsel),False
2026-08-17 14:34:10.775,car_ID_37,car,Potsdam->Berlin,True
2026-08-17 14:34:23.717,car_ID_40,car,Potsdam (kein Wechsel),False
2026-08-17 14:34:23.984,car_ID_39,car,Berlin->Potsdam,True
2026-08-17 14:34:25.979,person_ID_21,person,Potsdam (kein Wechsel),False
2026-08-17 14:34:29.152,person_ID_20,person,Potsdam (kein Wechsel),False
2026-08-17 14:34:32.086,car_ID_42,car,Potsdam (kein Wechsel),False
2026-08-17 14:34:35.822,car_ID_41,car,Potsdam->Berlin,True
2026-08-17 14:34:36.923,person_ID_15,person,Potsdam (kein Wechsel),False
2026-08-17 14:34:41.259,person_ID_22,person,Potsdam (kein Wechsel),False
2026-08-17 14:34:48.128,person_ID_24,person,Potsdam (kein Wechsel),False
2026-08-17 14:34:48.861,car_ID_44,car,Berlin->Potsdam,True
2026-08-17 14:34:49.192,car_ID_43,car,Potsdam (kein Wechsel),False
2026-08-17 14:34:49.221,car_ID_45,car,Potsdam (kein Wechsel),False
2026-08-17 14:34:59.185,car_ID_47,car,Potsdam (kein Wechsel),False
2026-08-17 14:35:01.551,car_ID_46,car,Potsdam->Berlin,True
2026-08-17 14:35:09.788,car_ID_48,car,Potsdam (kein Wechsel),False
2026-08-17 14:35:13.088,car_ID_49,car,Potsdam (kein Wechsel),False
2026-08-17 14:35:15.956,car_ID_50,car,Potsdam (kein Wechsel),False
2026-08-17 14:35:19.052,person_ID_25,person,Potsdam (kein Wechsel),False
2026-08-17 14:35:21.055,car_ID_51,car,Potsdam (kein Wechsel),False
2026-08-17 14:35:28.452,car_ID_52,car,Potsdam (kein Wechsel),False
2026-08-17 14:35:31.584,car_ID_54,car,Berlin->Potsdam,True
2026-08-17 14:35:33.428,car_ID_53,car,Potsdam (kein Wechsel),False
2026-08-17 14:35:35.130,person_ID_26,person,Potsdam (kein Wechsel),False
2026-08-17 14:35:35.261,car_ID_55,car,Potsdam (kein Wechsel),False
2026-08-17 14:35:36.328,car_ID_56,car,Potsdam (kein Wechsel),False
2026-08-17 14:35:47.694,person_ID_27,person,Potsdam (kein Wechsel),False
2026-08-17 14:35:49.065,person_ID_28,person,Potsdam (kein Wechsel),False
2026-08-17 14:35:50.090,car_ID_58,car,Potsdam->Berlin,True
2026-08-17 14:35:50.284,car_ID_59,car,Berlin->Potsdam,True
2026-08-17 14:35:50.722,car_ID_60,car,Berlin->Potsdam,True
2026-08-17 14:35:50.964,car_ID_57,car,Potsdam (kein Wechsel),False
2026-08-17 14:35:51.095,bus_ID_5,bus,Potsdam (kein Wechsel),False
2026-08-17 14:35:51.656,car_ID_61,car,Potsdam (kein Wechsel),False
2026-08-17 14:35:51.854,person_ID_29,person,Potsdam (kein Wechsel),False
2026-08-17 14:35:56.168,car_ID_62,car,Potsdam (kein Wechsel),False
2026-08-17 14:35:58.323,car_ID_63,car,Potsdam (kein Wechsel),False
2026-08-17 14:35:59.929,car_ID_64,car,Potsdam (kein Wechsel),False
2026-08-17 14:36:01.358,car_ID_65,car,Potsdam (kein Wechsel),False
2026-08-17 14:36:04.962,car_ID_66,car,Potsdam (kein Wechsel),False
2026-08-17 14:36:05.933,person_ID_31,person,Potsdam (kein Wechsel),False
2026-08-17 14:36:06.030,car_ID_67,car,Potsdam (kein Wechsel),False
2026-08-17 14:36:08.071,car_ID_68,car,Potsdam (kein Wechsel),False
2026-08-17 14:36:12.527,person_ID_32,person,Potsdam->Berlin,True
2026-08-17 14:36:13.028,car_ID_70,car,Potsdam (kein Wechsel),False
2026-08-17 14:36:13.160,person_ID_33,person,Berlin (kein Wechsel),False
2026-08-17 14:36:15.069,car_ID_69,car,Potsdam->Berlin,True
2026-08-17 14:36:15.097,person_ID_34,person,Berlin (kein Wechsel),False
2026-08-17 14:36:15.569,car_ID_71,car,Potsdam (kein Wechsel),False
2026-08-17 14:36:16.331,person_ID_36,person,Berlin (kein Wechsel),False
2026-08-17 14:36:16.931,person_ID_35,person,Berlin (kein Wechsel),False
2026-08-17 14:36:20.096,car_ID_73,car,Potsdam (kein Wechsel),False
2026-08-17 14:36:20.562,car_ID_74,car,Berlin->Potsdam,True
2026-08-17 14:36:21.525,car_ID_72,car,Potsdam->Berlin,True
2026-08-17 14:36:24.661,car_ID_75,car,Potsdam (kein Wechsel),False
2026-08-17 14:36:27.053,car_ID_76,car,Potsdam (kein Wechsel),False
2026-08-17 14:36:29.964,car_ID_77,car,Potsdam (kein Wechsel),False
2026-08-17 14:36:33.230,person_ID_30,person,Potsdam (kein Wechsel),False
2026-08-17 14:36:34.494,car_ID_78,car,Potsdam (kein Wechsel),False
2026-08-17 14:36:36.197,person_ID_23,person,Potsdam (kein Wechsel),False
2026-08-17 14:36:36.260,person_ID_37,person,Potsdam (kein Wechsel),False
2026-08-17 14:36:37.056,car_ID_79,car,Potsdam (kein Wechsel),False
2026-08-17 14:36:46.165,car_ID_81,car,Potsdam (kein Wechsel),False
2026-08-17 14:36:47.495,car_ID_80,car,Potsdam->Berlin,True
2026-08-17 14:36:50.121,car_ID_82,car,Potsdam (kein Wechsel),False
2026-08-17 14:36:55.022,car_ID_83,car,Potsdam (kein Wechsel),False
2026-08-17 14:37:02.364,car_ID_84,car,Berlin->Potsdam,True
2026-08-17 14:37:03.764,car_ID_85,car,Potsdam (kein Wechsel),False
2026-08-17 14:37:10.399,car_ID_86,car,Potsdam (kein Wechsel),False
2026-08-17 14:37:15.264,car_ID_87,car,Berlin->Potsdam,True
2026-08-17 14:37:16.594,bicycle_ID_24,bicycle,Potsdam (kein Wechsel),False
2026-08-17 14:37:16.722,car_ID_88,car,Potsdam (kein Wechsel),False
2026-08-17 14:37:19.124,bicycle_ID_25,bicycle,Potsdam->Berlin,True
2026-08-17 14:37:20.404,car_ID_89,car,Potsdam (kein Wechsel),False
2026-08-17 14:37:20.571,bicycle_ID_26,bicycle,Berlin (kein Wechsel),False
2026-08-17 14:37:22.024,car_ID_91,car,Potsdam (kein Wechsel),False
2026-08-17 14:37:22.228,car_ID_90,car,Berlin->Potsdam,True
2026-08-17 14:37:22.529,person_ID_38,person,Potsdam->Berlin,True
2026-08-17 14:37:27.396,car_ID_93,car,Potsdam (kein Wechsel),False
2026-08-17 14:37:28.799,car_ID_92,car,Potsdam->Berlin,True
2026-08-17 14:37:33.200,car_ID_94,car,Potsdam (kein Wechsel),False
2026-08-17 14:37:52.310,car_ID_95,car,Berlin->Potsdam,True
2026-08-17 14:37:53.898,car_ID_97,car,Potsdam (kein Wechsel),False
2026-08-17 14:37:54.693,car_ID_96,car,Berlin->Potsdam,True
2026-08-17 14:37:55.558,car_ID_98,car,Potsdam (kein Wechsel),False
2026-08-17 14:38:05.367,car_ID_99,car,Berlin->Potsdam,True
2026-08-17 14:38:17.581,car_ID_100,car,Potsdam (kein Wechsel),False
2026-08-17 14:38:36.272,car_ID_102,car,Potsdam (kein Wechsel),False
2026-08-17 14:38:38.031,car_ID_101,car,Potsdam->Berlin,True
2026-08-17 14:38:39.267,car_ID_103,car,Berlin->Potsdam,True
2026-08-17 14:38:39.463,car_ID_104,car,Potsdam (kein Wechsel),False
2026-08-17 14:38:45.498,car_ID_106,car,Potsdam (kein Wechsel),False
2026-08-17 14:38:46.797,bus_ID_6,bus,Berlin (kein Wechsel),False
2026-08-17 14:38:46.995,car_ID_105,car,Potsdam->Berlin,True
2026-08-17 14:39:05.762,bus_ID_7,bus,Berlin->Potsdam,True
2026-08-17 14:39:06.528,person_ID_39,person,Berlin (kein Wechsel),False
2026-08-17 14:39:06.629,person_ID_40,person,Berlin (kein Wechsel),False
2026-08-17 14:39:07.125,bus_ID_8,bus,Potsdam (kein Wechsel),False
2026-08-17 14:39:14.063,car_ID_108,car,Potsdam (kein Wechsel),False
2026-08-17 14:39:14.304,car_ID_107,car,Berlin->Potsdam,True
2026-08-17 14:39:17.694,car_ID_109,car,Berlin->Potsdam,True
2026-08-17 14:39:19.670,car_ID_111,car,Berlin->Potsdam,True
2026-08-17 14:39:19.798,car_ID_110,car,Potsdam (kein Wechsel),False
2026-08-17 14:39:20.128,car_ID_112,car,Potsdam (kein Wechsel),False
2026-08-17 14:39:22.940,car_ID_114,car,Potsdam (kein Wechsel),False
2026-08-17 14:39:23.408,car_ID_113,car,Berlin->Potsdam,True
2026-08-17 14:39:25.072,car_ID_116,car,Potsdam (kein Wechsel),False
2026-08-17 14:39:26.569,car_ID_117,car,Potsdam (kein Wechsel),False
2026-08-17 14:39:26.908,car_ID_115,car,Berlin->Potsdam,True
2026-08-17 14:39:37.933,person_ID_41,person,Berlin (kein Wechsel),False
2026-08-17 14:39:41.166,car_ID_118,car,Berlin->Potsdam,True
2026-08-17 14:39:42.335,car_ID_119,car,Potsdam (kein Wechsel),False
2026-08-17 14:39:44.404,car_ID_120,car,Potsdam->Berlin,True
2026-08-17 14:39:44.903,person_ID_42,person,Berlin (kein Wechsel),False
2026-08-17 14:39:46.935,car_ID_122,car,Potsdam (kein Wechsel),False
2026-08-17 14:39:48.773,car_ID_121,car,Potsdam->Berlin,True
2026-08-17 14:39:49.545,person_ID_43,person,Berlin (kein Wechsel),False
2026-08-17 14:39:54.504,person_ID_44,person,Berlin->Potsdam,True
2026-08-17 14:39:57.800,car_ID_123,car,Potsdam (kein Wechsel),False
2026-08-17 14:39:57.800,person_ID_45,person,Potsdam (kein Wechsel),False
2026-08-17 14:40:03.473,car_ID_126,car,Berlin (kein Wechsel),False
2026-08-17 14:40:04.872,car_ID_124,car,Potsdam->Berlin,True
2026-08-17 14:40:05.272,car_ID_125,car,Potsdam (kein Wechsel),False
2026-08-17 14:40:05.273,person_ID_46,person,Potsdam (kein Wechsel),False
2026-08-17 14:40:07.476,car_ID_127,car,Potsdam->Berlin,True
2026-08-17 14:40:25.708,car_ID_129,car,Potsdam (kein Wechsel),False
2026-08-17 14:40:28.304,car_ID_128,car,Potsdam->Berlin,True
2026-08-17 14:40:43.280,bicycle_ID_27,bicycle,Potsdam (kein Wechsel),False
2026-08-17 14:40:44.102,person_ID_47,person,Potsdam (kein Wechsel),False
2026-08-17 14:40:45.641,person_ID_48,person,Potsdam->Berlin,True
2026-08-17 14:40:45.805,person_ID_49,person,Berlin (kein Wechsel),False
2026-08-17 14:40:46.109,bicycle_ID_28,bicycle,Potsdam->Berlin,True
2026-08-17 14:40:47.271,bicycle_ID_29,bicycle,Berlin (kein Wechsel),False
2026-08-17 14:40:47.835,person_ID_50,person,Berlin (kein Wechsel),False
2026-08-17 14:41:04.841,bicycle_ID_30,bicycle,Potsdam (kein Wechsel),False
2026-08-17 14:41:07.706,bicycle_ID_31,bicycle,Potsdam->Berlin,True
2026-08-17 14:41:08.675,bicycle_ID_33,bicycle,Berlin (kein Wechsel),False
2026-08-17 14:41:09.537,bicycle_ID_32,bicycle,Potsdam->Berlin,True
2026-08-17 14:41:10.370,bicycle_ID_34,bicycle,Berlin (kein Wechsel),False
2026-08-17 14:41:10.937,person_ID_51,person,Potsdam->Berlin,True
2026-08-17 14:42:12.041,car_ID_131,car,Potsdam (kein Wechsel),False
2026-08-17 14:42:13.074,car_ID_132,car,Potsdam (kein Wechsel),False
2026-08-17 14:42:13.642,car_ID_130,car,Berlin->Potsdam,True
2026-08-17 14:43:36.517,bicycle_ID_35,bicycle,Berlin (kein Wechsel),False
2026-08-17 14:43:36.987,person_ID_52,person,Berlin (kein Wechsel),False
2026-08-17 14:43:37.184,bicycle_ID_36,bicycle,Berlin (kein Wechsel),False
2026-08-17 14:43:37.494,bicycle_ID_37,bicycle,Potsdam (kein Wechsel),False
2026-08-17 14:43:41.018,car_ID_134,car,Potsdam (kein Wechsel),False
2026-08-17 14:43:43.248,car_ID_133,car,Potsdam->Berlin,True
2026-08-17 14:43:56.196,bicycle_ID_38,bicycle,Berlin (kein Wechsel),False
2026-08-17 14:43:57.585,person_ID_53,person,Berlin->Potsdam,True
2026-08-17 14:43:57.990,bicycle_ID_39,bicycle,Berlin->Potsdam,True
2026-08-17 14:43:59.016,person_ID_54,person,Potsdam (kein Wechsel),False
2026-08-17 14:43:59.085,person_ID_55,person,Potsdam (kein Wechsel),False
2026-08-17 14:44:11.416,car_ID_135,car,Potsdam->Berlin,True
2026-08-17 14:44:17.751,person_ID_56,person,Berlin->Potsdam,True
2026-08-17 14:44:17.816,bicycle_ID_40,bicycle,Berlin->Potsdam,True
2026-08-17 14:44:24.814,car_ID_136,car,Potsdam (kein Wechsel),False
2026-08-17 14:44:26.418,bus_ID_9,bus,Potsdam->Berlin,True
2026-08-17 14:44:29.053,bus_ID_10,bus,Potsdam->Berlin,True
2026-08-17 14:44:29.892,car_ID_138,car,Potsdam (kein Wechsel),False
2026-08-17 14:44:31.955,car_ID_137,car,Potsdam->Berlin,True
2026-08-17 14:44:45.462,person_ID_57,person,Berlin (kein Wechsel),False
2026-08-17 14:44:47.725,bicycle_ID_41,bicycle,Berlin->Potsdam,True
2026-08-17 14:44:47.790,person_ID_58,person,Berlin->Potsdam,True
2026-08-17 14:44:54.423,bicycle_ID_42,bicycle,Berlin (kein Wechsel),False
2026-08-17 14:44:54.528,person_ID_59,person,Berlin (kein Wechsel),False
2026-08-17 14:44:54.657,person_ID_60,person,Berlin (kein Wechsel),False
2026-08-17 14:44:54.689,bicycle_ID_43,bicycle,Berlin (kein Wechsel),False
2026-08-17 14:44:54.753,bicycle_ID_44,bicycle,Potsdam (kein Wechsel),False
2026-08-17 14:45:18.761,car_ID_139,car,Berlin->Potsdam,True
2026-08-17 14:45:19.223,bicycle_ID_45,bicycle,Potsdam (kein Wechsel),False
2026-08-17 14:45:24.458,person_ID_61,person,Potsdam->Berlin,True
2026-08-17 14:45:25.225,bicycle_ID_46,bicycle,Berlin (kein Wechsel),False
2026-08-17 14:45:25.920,person_ID_62,person,Berlin (kein Wechsel),False
2026-08-17 14:45:27.504,bicycle_ID_47,bicycle,Potsdam (kein Wechsel),False
2026-08-17 14:45:28.457,person_ID_63,person,Potsdam (kein Wechsel),False
2026-08-17 14:45:28.986,person_ID_64,person,Potsdam (kein Wechsel),False
2026-08-17 14:45:32.028,person_ID_65,person,Berlin (kein Wechsel),False
2026-08-17 14:45:33.993,person_ID_66,person,Berlin (kein Wechsel),False
2026-08-17 14:45:52.724,car_ID_141,car,Potsdam (kein Wechsel),False
2026-08-17 14:45:54.866,car_ID_140,car,Potsdam->Berlin,True
2026-08-17 14:46:05.128,bicycle_ID_48,bicycle,Berlin (kein Wechsel),False
2026-08-17 14:46:06.358,bicycle_ID_49,bicycle,Berlin->Potsdam,True
2026-08-17 14:46:06.390,person_ID_67,person,Berlin->Potsdam,True
2026-08-17 14:46:15.358,car_ID_143,car,Potsdam (kein Wechsel),False
2026-08-17 14:46:17.604,car_ID_142,car,Potsdam->Berlin,True
2026-08-17 14:46:36.703,car_ID_145,car,Potsdam (kein Wechsel),False
2026-08-17 14:46:38.892,car_ID_144,car,Potsdam->Berlin,True
2026-08-17 14:46:53.461,bicycle_ID_50,bicycle,Potsdam (kein Wechsel),False
2026-08-17 14:46:54.395,bicycle_ID_51,bicycle,Potsdam (kein Wechsel),False
2026-08-17 14:46:56.797,bicycle_ID_52,bicycle,Potsdam->Berlin,True
2026-08-17 14:46:59.418,person_ID_68,person,Potsdam->Berlin,True
2026-08-17 14:47:03.163,person_ID_69,person,Berlin (kein Wechsel),False
2026-08-17 14:47:04.259,person_ID_70,person,Berlin (kein Wechsel),False
2026-08-17 14:47:04.627,bicycle_ID_53,bicycle,Berlin->Potsdam,True
2026-08-17 14:47:18.895,bicycle_ID_54,bicycle,Berlin (kein Wechsel),False
2026-08-17 14:47:19.297,person_ID_71,person,Berlin->Potsdam,True
2026-08-17 14:47:21.590,car_ID_146,car,Berlin->Potsdam,True
2026-08-17 14:47:22.671,car_ID_148,car,Potsdam (kein Wechsel),False
2026-08-17 14:47:23.198,car_ID_149,car,Potsdam (kein Wechsel),False
2026-08-17 14:47:23.398,car_ID_150,car,Potsdam (kein Wechsel),False
2026-08-17 14:47:25.298,car_ID_147,car,Potsdam->Berlin,True
2026-08-17 14:47:44.899,car_ID_151,car,Berlin->Potsdam,True
2026-08-17 14:47:45.731,car_ID_153,car,Potsdam (kein Wechsel),False
2026-08-17 14:47:48.242,car_ID_152,car,Potsdam->Berlin,True
2026-08-17 14:47:50.598,car_ID_154,car,Potsdam->Berlin,True
2026-08-17 14:47:58.902,person_ID_72,person,Berlin->Potsdam,True
2026-08-17 14:47:59.536,bicycle_ID_55,bicycle,Berlin->Potsdam,True
2026-08-17 14:48:33.444,bicycle_ID_56,bicycle,Berlin (kein Wechsel),False
2026-08-17 14:48:35.532,car_ID_155,car,Berlin->Potsdam,True
2026-08-17 14:48:37.743,car_ID_156,car,Berlin->Potsdam,True
2026-08-17 14:48:43.971,car_ID_158,car,Potsdam (kein Wechsel),False
2026-08-17 14:48:46.800,car_ID_157,car,Potsdam->Berlin,True
2026-08-17 14:48:50.009,person_ID_73,person,Berlin->Potsdam,True
2026-08-17 14:48:50.470,bicycle_ID_57,bicycle,Berlin->Potsdam,True
2026-08-17 14:48:54.283,car_ID_159,car,Berlin->Potsdam,True
2026-08-17 14:49:07.871,car_ID_160,car,Berlin->Potsdam,True
2026-08-17 14:49:24.112,car_ID_162,car,Berlin (kein Wechsel),False
2026-08-17 14:49:25.510,car_ID_161,car,Potsdam->Berlin,True
2026-08-17 14:49:54.236,car_ID_164,car,Berlin (kein Wechsel),False
2026-08-17 14:49:54.677,car_ID_163,car,Berlin->Potsdam,True
2026-08-17 14:49:56.142,car_ID_165,car,Potsdam (kein Wechsel),False
2026-08-17 14:49:57.837,car_ID_166,car,Berlin->Potsdam,True
2026-08-17 14:50:11.910,car_ID_168,car,Potsdam (kein Wechsel),False
2026-08-17 14:50:14.188,car_ID_170,car,Potsdam (kein Wechsel),False
2026-08-17 14:50:15.913,car_ID_167,car,Potsdam->Berlin,True
2026-08-17 14:50:20.551,car_ID_169,car,Potsdam->Berlin,True
2026-08-17 14:50:46.715,car_ID_171,car,Berlin->Potsdam,True
2026-08-17 14:51:17.684,car_ID_172,car,Berlin->Potsdam,True
2026-08-17 14:51:27.690,bicycle_ID_58,bicycle,Potsdam (kein Wechsel),False
2026-08-17 14:51:30.188,bicycle_ID_59,bicycle,Potsdam->Berlin,True
2026-08-17 14:51:31.920,bicycle_ID_60,bicycle,Berlin (kein Wechsel),False
2026-08-17 14:51:31.920,person_ID_74,person,Potsdam->Berlin,True
2026-08-17 14:51:33.950,bicycle_ID_61,bicycle,Berlin (kein Wechsel),False
2026-08-17 14:51:35.618,bicycle_ID_62,bicycle,Berlin (kein Wechsel),False
2026-08-17 14:51:35.618,person_ID_75,person,Berlin (kein Wechsel),False
2026-08-17 14:51:42.556,car_ID_174,car,Potsdam (kein Wechsel),False
2026-08-17 14:51:42.618,car_ID_173,car,Potsdam (kein Wechsel),False
2026-08-17 14:51:42.618,person_ID_76,person,Potsdam (kein Wechsel),False
2026-08-17 14:51:43.821,bus_ID_12,bus,Potsdam (kein Wechsel),False
2026-08-17 14:51:45.291,bus_ID_11,bus,Potsdam->Berlin,True
2026-08-17 14:51:46.093,car_ID_175,car,Berlin (kein Wechsel),False
2026-08-17 14:51:49.055,person_ID_77,person,Potsdam (kein Wechsel),False
2026-08-17 14:52:06.117,bicycle_ID_63,bicycle,Berlin (kein Wechsel),False
2026-08-17 14:52:07.692,bicycle_ID_65,bicycle,Berlin->Potsdam,True
2026-08-17 14:52:08.120,bicycle_ID_64,bicycle,Berlin->Potsdam,True
2026-08-17 14:52:08.150,person_ID_80,person,Berlin->Potsdam,True
2026-08-17 14:52:08.186,person_ID_79,person,Berlin->Potsdam,True
2026-08-17 14:52:08.853,person_ID_81,person,Potsdam (kein Wechsel),False
2026-08-17 14:52:17.355,person_ID_78,person,Potsdam->Berlin,True
2026-08-17 14:52:17.921,car_ID_176,car,Potsdam (kein Wechsel),False
2026-08-17 14:52:19.383,car_ID_178,car,Berlin (kein Wechsel),False
2026-08-17 14:52:20.686,car_ID_177,car,Potsdam->Berlin,True
2026-08-17 14:52:21.930,bicycle_ID_67,bicycle,Berlin (kein Wechsel),False
2026-08-17 14:52:23.691,person_ID_82,person,Berlin->Potsdam,True
2026-08-17 14:52:24.124,bicycle_ID_66,bicycle,Berlin->Potsdam,True
2026-08-17 14:52:53.967,car_ID_180,car,Potsdam (kein Wechsel),False
2026-08-17 14:52:56.586,car_ID_179,car,Potsdam->Berlin,True
2026-08-17 14:53:02.026,car_ID_182,car,Potsdam (kein Wechsel),False
2026-08-17 14:53:04.322,car_ID_181,car,Potsdam->Berlin,True
2026-08-17 14:53:16.885,person_ID_83,person,Potsdam->Berlin,True
2026-08-17 14:53:21.388,bicycle_ID_68,bicycle,Berlin->Potsdam,True
2026-08-17 14:53:21.763,person_ID_84,person,Berlin->Potsdam,True
2026-08-17 14:53:23.955,car_ID_183,car,Berlin->Potsdam,True
2026-08-17 14:53:31.956,bicycle_ID_69,bicycle,Potsdam (kein Wechsel),False
2026-08-17 14:53:36.093,car_ID_184,car,Berlin->Potsdam,True
2026-08-17 14:53:37.294,person_ID_85,person,Berlin (kein Wechsel),False
2026-08-17 14:53:53.963,car_ID_186,car,Berlin (kein Wechsel),False
2026-08-17 14:53:54.192,bus_ID_13,bus,Berlin (kein Wechsel),False
2026-08-17 14:53:54.557,car_ID_187,car,Berlin (kein Wechsel),False
2026-08-17 14:53:54.923,car_ID_185,car,Potsdam->Berlin,True
2026-08-17 14:53:57.726,car_ID_188,car,Potsdam->Berlin,True
2026-08-17 14:54:05.690,car_ID_190,car,Potsdam (kein Wechsel),False
2026-08-17 14:54:08.229,car_ID_189,car,Potsdam->Berlin,True
2026-08-17 14:55:14.998,bus_ID_14,bus,Berlin (kein Wechsel),False
2026-08-17 14:55:15.767,car_ID_191,car,Potsdam->Berlin,True
2026-08-17 14:55:26.462,person_ID_88,person,Berlin (kein Wechsel),False
2026-08-17 14:55:26.767,person_ID_87,person,Berlin (kein Wechsel),False
2026-08-17 14:55:32.729,car_ID_192,car,Berlin->Potsdam,True
2026-08-17 14:55:34.899,person_ID_86,person,Berlin->Potsdam,True
2026-08-17 14:55:35.234,car_ID_193,car,Berlin->Potsdam,True
2026-08-17 14:55:36.569,person_ID_89,person,Potsdam (kein Wechsel),False
2026-08-17 14:55:37.464,bicycle_ID_70,bicycle,Potsdam (kein Wechsel),False
2026-08-17 14:55:37.962,person_ID_91,person,Potsdam (kein Wechsel),False
2026-08-17 14:55:42.898,person_ID_90,person,Potsdam (kein Wechsel),False
2026-08-17 14:55:43.569,bicycle_ID_71,bicycle,Potsdam->Berlin,True
2026-08-17 14:55:43.666,person_ID_92,person,Potsdam->Berlin,True
2026-08-17 14:55:52.099,person_ID_93,person,Potsdam->Berlin,True
2026-08-17 14:55:59.031,person_ID_94,person,Berlin (kein Wechsel),False
2026-08-17 14:56:00.264,person_ID_95,person,Berlin (kein Wechsel),False
2026-08-17 14:56:01.734,person_ID_96,person,Berlin (kein Wechsel),False
2026-08-17 14:56:03.335,bicycle_ID_72,bicycle,Potsdam (kein Wechsel),False
2026-08-17 14:56:03.568,bicycle_ID_73,bicycle,Potsdam (kein Wechsel),False
2026-08-17 14:56:03.768,person_ID_97,person,Potsdam (kein Wechsel),False
2026-08-17 14:56:04.635,car_ID_194,car,Potsdam->Berlin,True
2026-08-17 14:56:07.469,bicycle_ID_74,bicycle,Potsdam->Berlin,True
2026-08-17 14:56:09.136,person_ID_98,person,Potsdam->Berlin,True
2026-08-17 14:56:09.168,bicycle_ID_75,bicycle,Berlin (kein Wechsel),False
2026-08-17 14:56:26.665,car_ID_195,car,Berlin->Potsdam,True
2026-08-17 14:56:28.603,car_ID_196,car,Berlin->Potsdam,True
2026-08-17 14:56:38.373,car_ID_197,car,Potsdam->Berlin,True
2026-08-17 14:56:49.069,car_ID_198,car,Potsdam->Berlin,True
2026-08-17 14:56:58.704,person_ID_99,person,Berlin (kein Wechsel),False
2026-08-17 14:56:58.876,person_ID_100,person,Berlin (kein Wechsel),False
2026-08-17 14:56:59.472,bicycle_ID_76,bicycle,Berlin->Potsdam,True
2026-08-17 14:57:17.907,car_ID_199,car,Potsdam (kein Wechsel),False
2026-08-17 14:57:19.608,car_ID_200,car,Potsdam->Berlin,True
2026-08-17 14:57:20.970,car_ID_201,car,Berlin (kein Wechsel),False
2026-08-17 14:57:22.875,bicycle_ID_77,bicycle,Potsdam (kein Wechsel),False
2026-08-17 14:57:23.738,bicycle_ID_78,bicycle,Potsdam (kein Wechsel),False
2026-08-17 14:57:24.406,bicycle_ID_79,bicycle,Potsdam (kein Wechsel),False
2026-08-17 14:57:25.437,person_ID_101,person,Potsdam (kein Wechsel),False
2026-08-17 14:57:25.470,car_ID_202,car,Potsdam (kein Wechsel),False
2026-08-17 14:57:28.005,bicycle_ID_80,bicycle,Berlin (kein Wechsel),False
2026-08-17 14:57:28.378,person_ID_102,person,Potsdam->Berlin,True
2026-08-17 14:57:29.076,car_ID_203,car,Potsdam->Berlin,True
2026-08-17 14:57:30.606,car_ID_204,car,Potsdam->Berlin,True
2026-08-17 14:57:32.506,bicycle_ID_82,bicycle,Potsdam (kein Wechsel),False
2026-08-17 14:57:33.103,bicycle_ID_81,bicycle,Potsdam (kein Wechsel),False
2026-08-17 14:57:33.606,person_ID_103,person,Berlin (kein Wechsel),False
2026-08-17 14:57:35.174,bicycle_ID_83,bicycle,Berlin (kein Wechsel),False
2026-08-17 14:57:45.171,person_ID_104,person,Potsdam->Berlin,True
2026-08-17 14:58:39.809,car_ID_205,car,Berlin (kein Wechsel),False
2026-08-17 14:58:42.015,bus_ID_15,bus,Berlin->Potsdam,True
2026-08-17 14:58:42.779,bus_ID_16,bus,Potsdam (kein Wechsel),False
2026-08-17 14:58:46.546,bicycle_ID_85,bicycle,Berlin (kein Wechsel),False
2026-08-17 14:58:47.246,bicycle_ID_84,bicycle,Berlin->Potsdam,True
2026-08-17 14:58:47.246,person_ID_105,person,Berlin->Potsdam,True
2026-08-17 14:58:49.510,car_ID_206,car,Berlin->Potsdam,True
2026-08-17 14:58:50.744,car_ID_209,car,Potsdam (kein Wechsel),False
2026-08-17 14:58:51.680,car_ID_208,car,Berlin->Potsdam,True
2026-08-17 14:58:53.110,car_ID_207,car,Potsdam->Berlin,True
2026-08-17 14:58:54.975,car_ID_210,car,Berlin->Potsdam,True
2026-08-17 14:59:15.045,bicycle_ID_86,bicycle,Potsdam (kein Wechsel),False
2026-08-17 14:59:15.378,bicycle_ID_87,bicycle,Potsdam (kein Wechsel),False
2026-08-17 14:59:20.046,bicycle_ID_88,bicycle,Potsdam->Berlin,True
2026-08-17 14:59:21.919,car_ID_211,car,Potsdam->Berlin,True
2026-08-17 14:59:22.344,car_ID_213,car,Potsdam (kein Wechsel),False
2026-08-17 14:59:22.548,bicycle_ID_89,bicycle,Berlin (kein Wechsel),False
2026-08-17 14:59:22.945,person_ID_106,person,Potsdam->Berlin,True
2026-08-17 14:59:23.846,car_ID_214,car,Berlin (kein Wechsel),False
2026-08-17 14:59:25.246,car_ID_216,car,Potsdam (kein Wechsel),False
2026-08-17 14:59:25.645,car_ID_212,car,Potsdam->Berlin,True
2026-08-17 14:59:27.845,car_ID_215,car,Potsdam->Berlin,True
2026-08-17 14:59:28.448,car_ID_218,car,Potsdam (kein Wechsel),False
2026-08-17 14:59:30.211,car_ID_217,car,Potsdam->Berlin,True
2026-08-17 14:59:30.686,car_ID_220,car,Potsdam (kein Wechsel),False
2026-08-17 14:59:33.211,car_ID_219,car,Potsdam->Berlin,True
2026-08-17 14:59:50.416,person_ID_107,person,Berlin (kein Wechsel),False
2026-08-17 15:00:19.186,car_ID_222,car,Potsdam (kein Wechsel),False
2026-08-17 15:00:21.053,car_ID_221,car,Potsdam->Berlin,True
2026-08-17 15:00:25.484,bicycle_ID_90,bicycle,Potsdam (kein Wechsel),False
2026-08-17 15:00:26.316,person_ID_108,person,Potsdam (kein Wechsel),False
2026-08-17 15:00:27.220,bicycle_ID_91,bicycle,Potsdam (kein Wechsel),False
2026-08-17 15:00:27.519,person_ID_109,person,Potsdam (kein Wechsel),False
2026-08-17 15:00:28.223,person_ID_110,person,Berlin (kein Wechsel),False
2026-08-17 15:00:29.216,person_ID_111,person,Berlin (kein Wechsel),False
2026-08-17 15:00:38.949,car_ID_223,car,Potsdam->Berlin,True
2026-08-17 15:00:41.822,car_ID_224,car,Berlin->Potsdam,True
2026-08-17 15:00:51.355,bicycle_ID_92,bicycle,Berlin (kein Wechsel),False
2026-08-17 15:00:53.555,bicycle_ID_93,bicycle,Berlin->Potsdam,True
2026-08-17 15:00:53.555,person_ID_112,person,Berlin->Potsdam,True
2026-08-17 15:00:58.621,bicycle_ID_95,bicycle,Potsdam (kein Wechsel),False
2026-08-17 15:00:59.123,bicycle_ID_96,bicycle,Potsdam (kein Wechsel),False
2026-08-17 15:01:00.054,person_ID_114,person,Potsdam (kein Wechsel),False
2026-08-17 15:01:01.621,bicycle_ID_97,bicycle,Potsdam->Berlin,True
2026-08-17 15:01:02.018,bicycle_ID_98,bicycle,Berlin (kein Wechsel),False
2026-08-17 15:01:02.857,bicycle_ID_94,bicycle,Potsdam->Berlin,True
2026-08-17 15:01:02.890,person_ID_113,person,Potsdam->Berlin,True
2026-08-17 15:01:04.156,person_ID_115,person,Potsdam->Berlin,True
2026-08-17 15:01:04.190,bicycle_ID_99,bicycle,Berlin (kein Wechsel),False
2026-08-17 15:01:21.388,car_ID_226,car,Potsdam (kein Wechsel),False
2026-08-17 15:01:22.923,car_ID_227,car,Berlin (kein Wechsel),False
2026-08-17 15:01:23.423,car_ID_225,car,Potsdam->Berlin,True
2026-08-17 15:01:29.220,car_ID_228,car,Potsdam (kein Wechsel),False
2026-08-17 15:01:31.421,person_ID_116,person,Potsdam (kein Wechsel),False
2026-08-17 15:01:38.824,bicycle_ID_100,bicycle,Potsdam (kein Wechsel),False
2026-08-17 15:01:39.024,person_ID_118,person,Potsdam (kein Wechsel),False
2026-08-17 15:01:39.653,person_ID_119,person,Potsdam (kein Wechsel),False
2026-08-17 15:01:41.921,bicycle_ID_101,bicycle,Potsdam->Berlin,True
2026-08-17 15:01:41.921,person_ID_117,person,Potsdam->Berlin,True
2026-08-17 15:01:44.356,bicycle_ID_102,bicycle,Berlin (kein Wechsel),False
2026-08-17 15:01:44.892,person_ID_121,person,Berlin (kein Wechsel),False
2026-08-17 15:01:46.125,car_ID_232,car,Berlin (kein Wechsel),False
2026-08-17 15:01:46.525,car_ID_229,car,Potsdam->Berlin,True
2026-08-17 15:01:46.591,car_ID_230,car,Potsdam (kein Wechsel),False
2026-08-17 15:01:48.591,car_ID_231,car,Potsdam->Berlin,True
2026-08-17 15:01:57.455,person_ID_120,person,Berlin (kein Wechsel),False
2026-08-17 15:02:10.760,person_ID_122,person,Potsdam (kein Wechsel),False
2026-08-17 15:02:11.955,person_ID_123,person,Potsdam->Berlin,True
2026-08-17 15:02:11.991,bicycle_ID_103,bicycle,Potsdam (kein Wechsel),False
2026-08-17 15:02:12.993,bicycle_ID_104,bicycle,Berlin (kein Wechsel),False
2026-08-17 15:02:13.124,person_ID_124,person,Berlin (kein Wechsel),False
2026-08-17 15:02:13.392,person_ID_125,person,Berlin (kein Wechsel),False
2026-08-17 15:02:13.856,bicycle_ID_105,bicycle,Berlin (kein Wechsel),False
2026-08-17 15:02:13.924,person_ID_126,person,Berlin (kein Wechsel),False
2026-08-17 15:02:35.761,person_ID_127,person,Berlin (kein Wechsel),False
2026-08-17 15:02:36.095,bicycle_ID_106,bicycle,Berlin (kein Wechsel),False
2026-08-17 15:02:37.697,car_ID_234,car,Potsdam (kein Wechsel),False
2026-08-17 15:02:40.592,car_ID_233,car,Potsdam->Berlin,True
2026-08-17 15:02:46.593,car_ID_235,car,Berlin->Potsdam,True
2026-08-17 15:02:49.496,car_ID_236,car,Potsdam->Berlin,True
2026-08-17 15:03:02.762,car_ID_238,car,Potsdam (kein Wechsel),False
2026-08-17 15:03:05.697,car_ID_240,car,Potsdam (kein Wechsel),False
2026-08-17 15:03:05.927,car_ID_237,car,Potsdam->Berlin,True
2026-08-17 15:03:06.233,car_ID_241,car,Potsdam (kein Wechsel),False
2026-08-17 15:03:08.495,car_ID_242,car,Berlin (kein Wechsel),False
2026-08-17 15:03:08.926,car_ID_239,car,Potsdam->Berlin,True
2026-08-17 15:03:17.896,bicycle_ID_107,bicycle,Berlin->Potsdam,True
2026-08-17 15:03:17.896,person_ID_128,person,Berlin->Potsdam,True
2026-08-17 15:03:23.828,bicycle_ID_108,bicycle,Potsdam (kein Wechsel),False
2026-08-17 15:03:24.789,person_ID_129,person,Potsdam (kein Wechsel),False
2026-08-17 15:03:25.530,bicycle_ID_109,bicycle,Potsdam (kein Wechsel),False
2026-08-17 15:03:26.631,bicycle_ID_110,bicycle,Potsdam->Berlin,True
2026-08-17 15:03:28.896,person_ID_130,person,Potsdam->Berlin,True
2026-08-17 15:03:29.433,bicycle_ID_111,bicycle,Berlin (kein Wechsel),False
2026-08-17 15:03:42.731,car_ID_243,car,Potsdam->Berlin,True
2026-08-17 15:03:52.969,person_ID_131,person,Berlin->Potsdam,True
2026-08-17 15:03:53.038,bicycle_ID_112,bicycle,Berlin->Potsdam,True
2026-08-17 15:03:56.267,bus_ID_17,bus,Potsdam->Berlin,True
2026-08-17 15:03:58.904,bus_ID_18,bus,Potsdam->Berlin,True
2026-08-17 15:03:59.066,car_ID_244,car,Berlin (kein Wechsel),False
2026-08-17 15:04:07.966,car_ID_245,car,Potsdam->Berlin,True
2026-08-17 15:04:23.333,car_ID_246,car,Potsdam->Berlin,True
2026-08-17 15:04:24.834,bicycle_ID_113,bicycle,Potsdam (kein Wechsel),False
2026-08-17 15:04:25.200,bicycle_ID_114,bicycle,Potsdam (kein Wechsel),False
2026-08-17 15:04:28.669,person_ID_132,person,Potsdam->Berlin,True
2026-08-17 15:04:29.667,person_ID_134,person,Potsdam (kein Wechsel),False
2026-08-17 15:04:30.174,car_ID_247,car,Potsdam->Berlin,True
2026-08-17 15:04:30.670,person_ID_135,person,Potsdam (kein Wechsel),False
2026-08-17 15:04:31.000,person_ID_133,person,Berlin (kein Wechsel),False
2026-08-17 15:04:31.300,person_ID_136,person,Berlin (kein Wechsel),False
2026-08-17 15:04:31.903,bicycle_ID_115,bicycle,Potsdam->Berlin,True
2026-08-17 15:04:32.600,person_ID_137,person,Berlin (kein Wechsel),False
2026-08-17 15:04:33.100,bicycle_ID_116,bicycle,Berlin (kein Wechsel),False
2026-08-17 15:04:36.502,car_ID_248,car,Berlin->Potsdam,True
2026-08-17 15:04:50.832,car_ID_249,car,Berlin->Potsdam,True
2026-08-17 15:05:01.465,car_ID_250,car,Berlin (kein Wechsel),False
2026-08-17 15:05:01.737,car_ID_251,car,Berlin (kein Wechsel),False
2026-08-17 15:05:21.441,bicycle_ID_117,bicycle,Berlin (kein Wechsel),False
2026-08-17 15:05:22.214,bicycle_ID_119,bicycle,Berlin (kein Wechsel),False
2026-08-17 15:05:22.870,bicycle_ID_120,bicycle,Berlin (kein Wechsel),False
2026-08-17 15:05:23.306,bicycle_ID_118,bicycle,Berlin->Potsdam,True
2026-08-17 15:05:23.669,person_ID_138,person,Berlin->Potsdam,True
2026-08-17 15:05:28.109,car_ID_253,car,Potsdam (kein Wechsel),False
2026-08-17 15:05:31.036,car_ID_252,car,Potsdam->Berlin,True
2026-08-17 15:06:04.470,car_ID_255,car,Potsdam (kein Wechsel),False
2026-08-17 15:06:05.743,car_ID_254,car,Potsdam->Berlin,True
2026-08-17 15:06:15.641,bicycle_ID_121,bicycle,Berlin->Potsdam,True
2026-08-17 15:06:15.811,person_ID_140,person,Berlin->Potsdam,True
2026-08-17 15:06:51.442,person_ID_139,person,Potsdam (kein Wechsel),False
2026-08-17 15:06:51.810,car_ID_257,car,Potsdam (kein Wechsel),False
2026-08-17 15:06:53.011,car_ID_256,car,Potsdam->Berlin,True
2026-08-17 15:07:04.978,bicycle_ID_122,bicycle,Potsdam (kein Wechsel),False
2026-08-17 15:07:05.044,bicycle_ID_123,bicycle,Potsdam (kein Wechsel),False
2026-08-17 15:07:05.744,person_ID_142,person,Potsdam (kein Wechsel),False
2026-08-17 15:07:06.241,person_ID_143,person,Potsdam (kein Wechsel),False
2026-08-17 15:07:08.744,bicycle_ID_124,bicycle,Potsdam->Berlin,True
2026-08-17 15:07:08.941,bicycle_ID_125,bicycle,Potsdam->Berlin,True
2026-08-17 15:07:10.176,person_ID_144,person,Potsdam->Berlin,True
2026-08-17 15:07:10.445,bicycle_ID_127,bicycle,Berlin (kein Wechsel),False
2026-08-17 15:07:10.811,bicycle_ID_126,bicycle,Berlin (kein Wechsel),False
2026-08-17 15:07:11.573,person_ID_141,person,Potsdam->Berlin,True
2026-08-17 15:07:29.245,car_ID_258,car,Berlin->Potsdam,True
2026-08-17 15:07:31.414,car_ID_259,car,Berlin->Potsdam,True
2026-08-17 15:07:49.615,bicycle_ID_128,bicycle,Berlin->Potsdam,True
2026-08-17 15:07:49.615,person_ID_145,person,Berlin->Potsdam,True
2026-08-17 15:08:17.714,car_ID_261,car,Potsdam (kein Wechsel),False
2026-08-17 15:08:18.816,car_ID_263,car,Potsdam (kein Wechsel),False
2026-08-17 15:08:19.980,car_ID_262,car,Berlin->Potsdam,True
2026-08-17 15:08:21.059,car_ID_260,car,Potsdam->Berlin,True
2026-08-17 15:08:32.914,car_ID_266,car,Potsdam (kein Wechsel),False
2026-08-17 15:08:33.118,car_ID_264,car,Berlin->Potsdam,True
2026-08-17 15:08:34.679,car_ID_265,car,Potsdam->Berlin,True
2026-08-17 15:09:05.186,car_ID_268,car,Potsdam (kein Wechsel),False
2026-08-17 15:09:07.685,car_ID_267,car,Potsdam->Berlin,True
2026-08-17 15:09:46.991,car_ID_270,car,Berlin (kein Wechsel),False
2026-08-17 15:09:47.125,car_ID_269,car,Berlin (kein Wechsel),False
2026-08-17 15:09:47.288,car_ID_271,car,Berlin (kein Wechsel),False
2026-08-17 15:09:51.254,car_ID_272,car,Potsdam->Berlin,True
2026-08-17 15:10:30.223,car_ID_274,car,Potsdam (kein Wechsel),False
2026-08-17 15:10:30.658,car_ID_275,car,Potsdam (kein Wechsel),False
2026-08-17 15:10:32.161,car_ID_276,car,Berlin (kein Wechsel),False
2026-08-17 15:10:33.429,car_ID_273,car,Potsdam->Berlin,True
2026-08-17 15:10:58.896,car_ID_277,car,Berlin->Potsdam,True
2026-08-17 15:10:59.796,car_ID_278,car,Potsdam (kein Wechsel),False
2026-08-17 15:11:30.261,car_ID_279,car,Berlin->Potsdam,True
2026-08-17 15:11:30.958,car_ID_280,car,Berlin->Potsdam,True
2026-08-17 15:11:50.731,bicycle_ID_130,bicycle,Potsdam (kein Wechsel),False
2026-08-17 15:11:51.101,car_ID_282,car,Potsdam (kein Wechsel),False
2026-08-17 15:11:51.326,bicycle_ID_129,bicycle,Potsdam (kein Wechsel),False
2026-08-17 15:11:52.196,person_ID_146,person,Potsdam (kein Wechsel),False
2026-08-17 15:11:53.498,car_ID_281,car,Potsdam->Berlin,True
2026-08-17 15:11:53.792,bicycle_ID_131,bicycle,Potsdam->Berlin,True
2026-08-17 15:11:54.091,person_ID_147,person,Potsdam->Berlin,True
2026-08-17 15:11:54.224,person_ID_148,person,Berlin (kein Wechsel),False
2026-08-17 15:11:54.790,bicycle_ID_132,bicycle,Berlin (kein Wechsel),False
2026-08-17 15:11:54.791,person_ID_149,person,Berlin (kein Wechsel),False
2026-08-17 15:12:06.028,person_ID_150,person,Potsdam (kein Wechsel),False
2026-08-17 15:12:13.295,person_ID_151,person,Potsdam->Berlin,True
2026-08-17 15:12:27.329,bicycle_ID_133,bicycle,Potsdam (kein Wechsel),False
2026-08-17 15:12:28.498,bicycle_ID_134,bicycle,Berlin (kein Wechsel),False
2026-08-17 15:12:29.201,person_ID_153,person,Berlin->Potsdam,True
2026-08-17 15:12:29.833,car_ID_283,car,Potsdam->Berlin,True
2026-08-17 15:12:30.400,person_ID_152,person,Potsdam->Berlin,True
2026-08-17 15:12:30.597,bicycle_ID_135,bicycle,Berlin (kein Wechsel),False
2026-08-17 15:12:37.404,person_ID_154,person,Berlin (kein Wechsel),False
2026-08-17 15:12:37.630,person_ID_155,person,Berlin->Potsdam,True
2026-08-17 15:12:43.799,car_ID_285,car,Potsdam (kein Wechsel),False
2026-08-17 15:12:46.097,car_ID_284,car,Potsdam->Berlin,True
2026-08-17 15:12:58.099,person_ID_156,person,Berlin (kein Wechsel),False
2026-08-17 15:13:00.032,bicycle_ID_136,bicycle,Berlin->Potsdam,True
2026-08-17 15:13:00.066,person_ID_157,person,Berlin->Potsdam,True
2026-08-17 15:13:19.367,car_ID_286,car,Potsdam (kein Wechsel),False
2026-08-17 15:13:22.035,car_ID_287,car,Potsdam->Berlin,True
2026-08-17 15:13:23.766,person_ID_158,person,Potsdam (kein Wechsel),False
2026-08-17 15:13:27.871,person_ID_160,person,Potsdam (kein Wechsel),False
2026-08-17 15:13:28.002,car_ID_289,car,Potsdam (kein Wechsel),False
2026-08-17 15:13:28.165,person_ID_159,person,Potsdam (kein Wechsel),False
2026-08-17 15:13:29.804,car_ID_290,car,Potsdam (kein Wechsel),False
2026-08-17 15:13:29.838,car_ID_288,car,Potsdam->Berlin,True
2026-08-17 15:13:30.906,car_ID_291,car,Potsdam (kein Wechsel),False
2026-08-17 15:13:33.669,person_ID_162,person,Potsdam (kein Wechsel),False
2026-08-17 15:13:34.835,person_ID_161,person,Potsdam (kein Wechsel),False
2026-08-17 15:13:35.538,person_ID_163,person,Potsdam (kein Wechsel),False
2026-08-17 15:13:37.371,car_ID_293,car,Potsdam (kein Wechsel),False
2026-08-17 15:13:38.533,car_ID_292,car,Potsdam->Berlin,True
2026-08-17 15:13:39.833,car_ID_295,car,Potsdam (kein Wechsel),False
2026-08-17 15:13:41.670,car_ID_294,car,Potsdam->Berlin,True
2026-08-17 15:13:42.070,person_ID_165,person,Potsdam (kein Wechsel),False
2026-08-17 15:13:42.570,person_ID_164,person,Potsdam (kein Wechsel),False
2026-08-17 15:13:46.867,car_ID_297,car,Potsdam (kein Wechsel),False
2026-08-17 15:13:49.236,car_ID_296,car,Potsdam->Berlin,True
2026-08-17 15:13:49.806,person_ID_166,person,Potsdam->Berlin,True
2026-08-17 15:13:51.737,person_ID_167,person,Berlin (kein Wechsel),False
2026-08-17 15:13:53.374,person_ID_168,person,Berlin (kein Wechsel),False
2026-08-17 15:13:54.273,person_ID_169,person,Berlin (kein Wechsel),False
2026-08-17 15:14:08.507,car_ID_299,car,Potsdam (kein Wechsel),False
2026-08-17 15:14:08.772,person_ID_170,person,Berlin (kein Wechsel),False
2026-08-17 15:14:10.841,person_ID_171,person,Berlin (kein Wechsel),False
2026-08-17 15:14:10.841,person_ID_172,person,Berlin (kein Wechsel),False
2026-08-17 15:14:11.639,car_ID_298,car,Potsdam->Berlin,True
2026-08-17 15:14:15.007,bicycle_ID_137,bicycle,Potsdam (kein Wechsel),False
2026-08-17 15:14:15.869,bicycle_ID_138,bicycle,Potsdam (kein Wechsel),False
2026-08-17 15:14:16.671,person_ID_173,person,Potsdam (kein Wechsel),False
2026-08-17 15:14:17.136,bicycle_ID_140,bicycle,Potsdam (kein Wechsel),False
2026-08-17 15:14:17.540,bicycle_ID_139,bicycle,Potsdam (kein Wechsel),False
2026-08-17 15:14:18.236,bicycle_ID_141,bicycle,Berlin (kein Wechsel),False
2026-08-17 15:14:19.375,person_ID_174,person,Berlin (kein Wechsel),False
2026-08-17 15:14:19.441,bicycle_ID_142,bicycle,Berlin (kein Wechsel),False
2026-08-17 15:14:19.672,bicycle_ID_143,bicycle,Berlin (kein Wechsel),False
2026-08-17 15:14:26.038,bicycle_ID_144,bicycle,Berlin->Potsdam,True
2026-08-17 15:14:26.038,person_ID_175,person,Berlin->Potsdam,True
2026-08-17 15:14:27.944,person_ID_176,person,Berlin->Potsdam,True
2026-08-17 15:14:28.307,bicycle_ID_145,bicycle,Berlin->Potsdam,True
2026-08-17 15:14:38.309,bicycle_ID_146,bicycle,Potsdam (kein Wechsel),False
2026-08-17 15:14:38.809,car_ID_301,car,Potsdam (kein Wechsel),False
2026-08-17 15:14:38.809,person_ID_177,person,Potsdam (kein Wechsel),False
2026-08-17 15:14:38.976,person_ID_178,person,Potsdam (kein Wechsel),False
2026-08-17 15:14:39.838,bicycle_ID_147,bicycle,Potsdam (kein Wechsel),False
2026-08-17 15:14:40.510,car_ID_300,car,Potsdam->Berlin,True
2026-08-17 15:14:40.642,bicycle_ID_148,bicycle,Potsdam->Berlin,True
2026-08-17 15:14:41.407,bicycle_ID_149,bicycle,Berlin (kein Wechsel),False
2026-08-17 15:14:42.575,bicycle_ID_150,bicycle,Berlin (kein Wechsel),False
2026-08-17 15:14:42.838,person_ID_179,person,Potsdam->Berlin,True
2026-08-17 15:14:42.937,car_ID_302,car,Berlin (kein Wechsel),False
2026-08-17 15:14:44.575,car_ID_304,car,Potsdam (kein Wechsel),False
2026-08-17 15:14:46.141,bicycle_ID_151,bicycle,Berlin (kein Wechsel),False
2026-08-17 15:14:46.336,person_ID_180,person,Berlin (kein Wechsel),False
2026-08-17 15:14:47.206,car_ID_303,car,Potsdam->Berlin,True
2026-08-17 15:14:53.944,car_ID_306,car,Potsdam (kein Wechsel),False
2026-08-17 15:14:54.108,bicycle_ID_152,bicycle,Potsdam (kein Wechsel),False
2026-08-17 15:14:54.843,car_ID_305,car,Berlin->Potsdam,True
2026-08-17 15:14:58.206,bicycle_ID_153,bicycle,Potsdam->Berlin,True
2026-08-17 15:14:58.338,person_ID_181,person,Berlin (kein Wechsel),False
2026-08-17 15:15:00.142,person_ID_183,person,Berlin (kein Wechsel),False
2026-08-17 15:15:03.505,car_ID_307,car,Potsdam (kein Wechsel),False
2026-08-17 15:15:09.976,car_ID_309,car,Potsdam (kein Wechsel),False
2026-08-17 15:15:12.975,car_ID_308,car,Potsdam->Berlin,True
2026-08-17 15:15:16.440,person_ID_182,person,Potsdam->Berlin,True
2026-08-17 15:15:19.175,car_ID_311,car,Potsdam (kein Wechsel),False
2026-08-17 15:15:19.374,car_ID_310,car,Berlin->Potsdam,True
2026-08-17 15:15:34.440,car_ID_313,car,Potsdam (kein Wechsel),False
2026-08-17 15:15:35.210,car_ID_312,car,Berlin->Potsdam,True
2026-08-17 15:15:47.855,car_ID_315,car,Potsdam (kein Wechsel),False
2026-08-17 15:15:50.112,car_ID_314,car,Potsdam->Berlin,True
2026-08-17 15:15:59.249,car_ID_317,car,Potsdam (kein Wechsel),False
2026-08-17 15:16:00.985,car_ID_316,car,Potsdam->Berlin,True
2026-08-17 15:16:07.213,person_ID_184,person,Berlin->Potsdam,True
2026-08-17 15:16:09.346,car_ID_319,car,Potsdam (kein Wechsel),False
2026-08-17 15:16:09.510,car_ID_318,car,Berlin->Potsdam,True
2026-08-17 15:16:18.246,car_ID_321,car,Potsdam (kein Wechsel),False
2026-08-17 15:16:18.379,car_ID_320,car,Berlin->Potsdam,True
2026-08-17 15:16:33.245,car_ID_322,car,Berlin->Potsdam,True
2026-08-17 15:16:35.180,car_ID_324,car,Potsdam (kein Wechsel),False
2026-08-17 15:16:36.452,car_ID_325,car,Potsdam (kein Wechsel),False
2026-08-17 15:16:37.278,car_ID_326,car,Berlin (kein Wechsel),False
2026-08-17 15:16:37.653,bicycle_ID_154,bicycle,Berlin (kein Wechsel),False
2026-08-17 15:16:38.052,person_ID_185,person,Berlin (kein Wechsel),False
2026-08-17 15:16:38.254,person_ID_186,person,Potsdam (kein Wechsel),False
2026-08-17 15:16:38.316,bicycle_ID_155,bicycle,Berlin->Potsdam,True
2026-08-17 15:16:39.443,car_ID_323,car,Potsdam->Berlin,True
2026-08-17 15:16:50.980,bicycle_ID_156,bicycle,Potsdam (kein Wechsel),False
2026-08-17 15:16:51.513,person_ID_187,person,Potsdam (kein Wechsel),False
2026-08-17 15:16:52.183,bicycle_ID_157,bicycle,Potsdam (kein Wechsel),False
2026-08-17 15:16:55.713,bicycle_ID_158,bicycle,Potsdam->Berlin,True
2026-08-17 15:16:56.150,person_ID_188,person,Potsdam->Berlin,True
2026-08-17 15:17:10.649,car_ID_327,car,Berlin->Potsdam,True
2026-08-17 15:17:21.352,car_ID_328,car,Berlin (kein Wechsel),False
2026-08-17 15:17:21.684,car_ID_329,car,Berlin->Potsdam,True
2026-08-17 15:17:25.017,car_ID_332,car,Potsdam (kein Wechsel),False
2026-08-17 15:17:25.554,car_ID_331,car,Potsdam (kein Wechsel),False
2026-08-17 15:17:26.817,car_ID_330,car,Potsdam->Berlin,True
2026-08-17 15:17:34.581,bicycle_ID_160,bicycle,Berlin (kein Wechsel),False
2026-08-17 15:17:35.387,bicycle_ID_159,bicycle,Berlin->Potsdam,True
2026-08-17 15:17:35.752,bicycle_ID_161,bicycle,Potsdam (kein Wechsel),False
2026-08-17 15:17:35.883,person_ID_189,person,Berlin->Potsdam,True
2026-08-17 15:17:41.484,car_ID_333,car,Potsdam (kein Wechsel),False
2026-08-17 15:17:44.324,bicycle_ID_163,bicycle,Berlin (kein Wechsel),False
2026-08-17 15:17:44.685,person_ID_190,person,Berlin->Potsdam,True
2026-08-17 15:17:44.721,bicycle_ID_162,bicycle,Berlin->Potsdam,True
2026-08-17 15:17:58.023,bicycle_ID_164,bicycle,Berlin (kein Wechsel),False
2026-08-17 15:17:59.589,bicycle_ID_165,bicycle,Berlin->Potsdam,True
2026-08-17 15:17:59.956,bicycle_ID_166,bicycle,Potsdam (kein Wechsel),False
2026-08-17 15:18:00.088,person_ID_191,person,Berlin->Potsdam,True
2026-08-17 15:18:06.185,car_ID_335,car,Potsdam (kein Wechsel),False
2026-08-17 15:18:07.285,car_ID_334,car,Berlin->Potsdam,True
2026-08-17 15:18:15.656,car_ID_337,car,Potsdam (kein Wechsel),False
2026-08-17 15:18:17.953,car_ID_336,car,Potsdam->Berlin,True
2026-08-17 15:18:31.488,car_ID_339,car,Potsdam (kein Wechsel),False
2026-08-17 15:18:31.628,car_ID_340,car,Berlin (kein Wechsel),False
2026-08-17 15:18:31.986,car_ID_338,car,Berlin->Potsdam,True
2026-08-17 15:18:35.621,car_ID_342,car,Potsdam (kein Wechsel),False
2026-08-17 15:18:37.422,car_ID_341,car,Potsdam->Berlin,True
2026-08-17 15:18:44.122,person_ID_192,person,Berlin->Potsdam,True
2026-08-17 15:18:44.155,bicycle_ID_167,bicycle,Berlin->Potsdam,True
2026-08-17 15:18:51.153,car_ID_343,car,Berlin (kein Wechsel),False
2026-08-17 15:18:52.623,bus_ID_20,bus,Berlin (kein Wechsel),False
2026-08-17 15:18:52.788,car_ID_344,car,Potsdam (kein Wechsel),False
2026-08-17 15:18:54.198,bus_ID_19,bus,Berlin->Potsdam,True
2026-08-17 15:18:55.156,car_ID_345,car,Potsdam (kein Wechsel),False
2026-08-17 15:18:55.457,bus_ID_21,bus,Potsdam (kein Wechsel),False
2026-08-17 15:19:30.231,car_ID_346,car,Berlin->Potsdam,True
2026-08-17 15:19:31.295,car_ID_347,car,Potsdam (kein Wechsel),False
2026-08-17 15:19:32.757,car_ID_348,car,Potsdam->Berlin,True
2026-08-17 15:19:39.794,bicycle_ID_169,bicycle,Potsdam (kein Wechsel),False
2026-08-17 15:19:40.291,bicycle_ID_168,bicycle,Potsdam (kein Wechsel),False
2026-08-17 15:19:41.060,bicycle_ID_170,bicycle,Potsdam (kein Wechsel),False
2026-08-17 15:19:41.295,person_ID_194,person,Potsdam (kein Wechsel),False
2026-08-17 15:19:45.428,bicycle_ID_171,bicycle,Potsdam->Berlin,True
2026-08-17 15:19:45.428,bicycle_ID_172,bicycle,Berlin (kein Wechsel),False
2026-08-17 15:19:45.559,person_ID_193,person,Potsdam->Berlin,True
2026-08-17 15:19:45.826,person_ID_195,person,Berlin (kein Wechsel),False
2026-08-17 15:19:48.493,bicycle_ID_173,bicycle,Potsdam (kein Wechsel),False
2026-08-17 15:19:49.894,person_ID_196,person,Potsdam (kein Wechsel),False
2026-08-17 15:19:50.395,bicycle_ID_174,bicycle,Potsdam (kein Wechsel),False
2026-08-17 15:19:50.659,person_ID_197,person,Potsdam (kein Wechsel),False
2026-08-17 15:19:51.225,bicycle_ID_175,bicycle,Potsdam (kein Wechsel),False
2026-08-17 15:19:51.296,bicycle_ID_177,bicycle,Berlin (kein Wechsel),False
2026-08-17 15:19:51.463,person_ID_198,person,Berlin (kein Wechsel),False
2026-08-17 15:19:51.826,bicycle_ID_176,bicycle,Potsdam->Berlin,True
2026-08-17 15:19:53.289,bicycle_ID_178,bicycle,Berlin (kein Wechsel),False
2026-08-17 15:19:54.095,person_ID_199,person,Berlin (kein Wechsel),False
2026-08-17 15:19:54.160,bicycle_ID_179,bicycle,Berlin (kein Wechsel),False
2026-08-17 15:20:04.263,person_ID_200,person,Berlin (kein Wechsel),False
2026-08-17 15:20:04.528,person_ID_201,person,Berlin (kein Wechsel),False
2026-08-17 15:20:04.732,bicycle_ID_180,bicycle,Berlin->Potsdam,True
2026-08-17 15:20:14.528,person_ID_202,person,Berlin->Potsdam,True
2026-08-17 15:20:14.595,bicycle_ID_182,bicycle,Potsdam (kein Wechsel),False
2026-08-17 15:20:14.964,bicycle_ID_181,bicycle,Berlin->Potsdam,True
2026-08-17 15:20:25.428,car_ID_350,car,Potsdam (kein Wechsel),False
2026-08-17 15:20:25.695,person_ID_203,person,Berlin->Potsdam,True
2026-08-17 15:20:26.263,bicycle_ID_183,bicycle,Berlin->Potsdam,True
2026-08-17 15:20:27.659,car_ID_349,car,Potsdam->Berlin,True
2026-08-17 15:20:34.475,bicycle_ID_184,bicycle,Potsdam (kein Wechsel),False
2026-08-17 15:20:34.869,bicycle_ID_185,bicycle,Potsdam (kein Wechsel),False
2026-08-17 15:20:36.759,car_ID_352,car,Potsdam (kein Wechsel),False
2026-08-17 15:20:36.830,bicycle_ID_187,bicycle,Berlin (kein Wechsel),False
2026-08-17 15:20:36.896,bicycle_ID_186,bicycle,Potsdam->Berlin,True
2026-08-17 15:20:37.064,person_ID_205,person,Berlin (kein Wechsel),False
2026-08-17 15:20:37.595,person_ID_204,person,Potsdam->Berlin,True
2026-08-17 15:20:37.893,car_ID_351,car,Potsdam->Berlin,True
2026-08-17 15:20:38.173,person_ID_206,person,Berlin (kein Wechsel),False
2026-08-17 15:20:38.660,bicycle_ID_188,bicycle,Berlin (kein Wechsel),False
2026-08-17 15:20:38.689,person_ID_207,person,Berlin (kein Wechsel),False
2026-08-17 15:20:40.499,car_ID_354,car,Potsdam (kein Wechsel),False
2026-08-17 15:20:43.063,car_ID_353,car,Potsdam->Berlin,True
2026-08-17 15:21:05.164,bicycle_ID_189,bicycle,Berlin (kein Wechsel),False
2026-08-17 15:21:05.397,bicycle_ID_190,bicycle,Berlin (kein Wechsel),False
2026-08-17 15:21:06.432,bicycle_ID_191,bicycle,Berlin (kein Wechsel),False
2026-08-17 15:21:07.131,bicycle_ID_192,bicycle,Berlin->Potsdam,True
2026-08-17 15:21:07.565,person_ID_208,person,Berlin->Potsdam,True
2026-08-17 15:21:34.233,car_ID_355,car,Berlin->Potsdam,True
2026-08-17 15:21:35.400,car_ID_357,car,Potsdam (kein Wechsel),False
2026-08-17 15:21:36.564,car_ID_359,car,Potsdam (kein Wechsel),False
2026-08-17 15:21:38.106,car_ID_356,car,Potsdam->Berlin,True
2026-08-17 15:21:39.766,person_ID_209,person,Berlin->Potsdam,True
2026-08-17 15:21:40.037,car_ID_358,car,Potsdam->Berlin,True
2026-08-17 15:21:40.102,bicycle_ID_193,bicycle,Berlin->Potsdam,True
2026-08-17 15:21:40.236,bicycle_ID_194,bicycle,Berlin->Potsdam,True
2026-08-17 15:21:40.266,bicycle_ID_195,bicycle,Potsdam (kein Wechsel),False
2026-08-17 15:22:15.904,car_ID_361,car,Potsdam (kein Wechsel),False
2026-08-17 15:22:17.071,car_ID_363,car,Potsdam (kein Wechsel),False
2026-08-17 15:22:17.268,bicycle_ID_196,bicycle,Berlin->Potsdam,True
2026-08-17 15:22:17.338,person_ID_210,person,Berlin->Potsdam,True
2026-08-17 15:22:18.299,car_ID_360,car,Potsdam->Berlin,True
2026-08-17 15:22:20.304,car_ID_362,car,Potsdam->Berlin,True
2026-08-17 15:22:32.303,person_ID_211,person,Potsdam (kein Wechsel),False
2026-08-17 15:22:33.410,person_ID_212,person,Berlin (kein Wechsel),False
2026-08-17 15:22:35.037,person_ID_213,person,Berlin (kein Wechsel),False
2026-08-17 15:22:40.536,car_ID_364,car,Berlin->Potsdam,True
2026-08-17 15:22:44.971,car_ID_366,car,Potsdam (kein Wechsel),False
2026-08-17 15:22:45.203,car_ID_365,car,Berlin->Potsdam,True
2026-08-17 15:22:47.804,car_ID_368,car,Potsdam (kein Wechsel),False
2026-08-17 15:22:47.969,car_ID_367,car,Berlin->Potsdam,True
2026-08-17 15:22:56.475,car_ID_370,car,Potsdam (kein Wechsel),False
2026-08-17 15:22:58.435,car_ID_369,car,Berlin->Potsdam,True
2026-08-17 15:23:03.338,car_ID_372,car,Potsdam (kein Wechsel),False
2026-08-17 15:23:05.602,car_ID_371,car,Potsdam->Berlin,True
2026-08-17 15:23:05.974,car_ID_373,car,Berlin->Potsdam,True
2026-08-17 15:23:26.143,car_ID_375,car,Potsdam (kein Wechsel),False
2026-08-17 15:23:28.874,car_ID_374,car,Potsdam->Berlin,True
2026-08-17 15:23:54.907,bicycle_ID_197,bicycle,Potsdam (kein Wechsel),False
2026-08-17 15:23:58.847,bicycle_ID_198,bicycle,Potsdam->Berlin,True
2026-08-17 15:23:58.878,bicycle_ID_199,bicycle,Potsdam->Berlin,True
2026-08-17 15:24:00.477,bicycle_ID_200,bicycle,Berlin (kein Wechsel),False
2026-08-17 15:24:01.008,person_ID_214,person,Potsdam->Berlin,True
2026-08-17 15:24:13.641,person_ID_215,person,Potsdam (kein Wechsel),False
2026-08-17 15:24:15.915,bicycle_ID_201,bicycle,Potsdam->Berlin,True
2026-08-17 15:24:17.646,person_ID_216,person,Potsdam->Berlin,True
2026-08-17 15:24:24.079,bicycle_ID_202,bicycle,Berlin (kein Wechsel),False
2026-08-17 15:24:26.543,person_ID_217,person,Berlin->Potsdam,True
2026-08-17 15:24:26.577,bicycle_ID_203,bicycle,Berlin->Potsdam,True
2026-08-17 15:24:27.523,car_ID_377,car,Potsdam (kein Wechsel),False
2026-08-17 15:24:30.347,car_ID_376,car,Potsdam->Berlin,True
2026-08-17 15:24:30.808,car_ID_379,car,Potsdam (kein Wechsel),False
2026-08-17 15:24:32.806,car_ID_378,car,Potsdam->Berlin,True
2026-08-17 15:24:50.048,person_ID_218,person,Potsdam->Berlin,True
2026-08-17 15:24:59.148,car_ID_380,car,Berlin->Potsdam,True
2026-08-17 15:24:59.344,car_ID_381,car,Potsdam (kein Wechsel),False
2026-08-17 15:25:15.349,car_ID_382,car,Berlin->Potsdam,True
2026-08-17 15:25:22.582,car_ID_386,car,Potsdam (kein Wechsel),False
2026-08-17 15:25:23.152,car_ID_383,car,Berlin->Potsdam,True
2026-08-17 15:25:23.582,car_ID_385,car,Potsdam (kein Wechsel),False
2026-08-17 15:25:23.749,car_ID_387,car,Potsdam (kein Wechsel),False
2026-08-17 15:25:25.281,car_ID_384,car,Potsdam->Berlin,True
2026-08-17 15:25:41.716,bicycle_ID_204,bicycle,Berlin (kein Wechsel),False
2026-08-17 15:25:42.186,person_ID_219,person,Berlin (kein Wechsel),False
2026-08-17 15:25:42.714,person_ID_220,person,Potsdam (kein Wechsel),False
2026-08-17 15:25:43.311,bicycle_ID_205,bicycle,Berlin->Potsdam,True
2026-08-17 15:25:58.351,car_ID_389,car,Potsdam (kein Wechsel),False
2026-08-17 15:26:00.647,car_ID_388,car,Potsdam->Berlin,True
2026-08-17 15:26:04.850,bicycle_ID_206,bicycle,Berlin->Potsdam,True
2026-08-17 15:26:05.314,person_ID_221,person,Berlin->Potsdam,True
2026-08-17 15:26:23.852,bicycle_ID_207,bicycle,Berlin (kein Wechsel),False
2026-08-17 15:26:24.657,bicycle_ID_208,bicycle,Berlin (kein Wechsel),False
2026-08-17 15:26:25.995,bicycle_ID_209,bicycle,Berlin->Potsdam,True
2026-08-17 15:26:25.997,person_ID_222,person,Berlin->Potsdam,True
2026-08-17 15:26:33.883,bicycle_ID_211,bicycle,Berlin (kein Wechsel),False
2026-08-17 15:26:34.393,person_ID_223,person,Berlin->Potsdam,True
2026-08-17 15:26:34.426,bicycle_ID_210,bicycle,Berlin->Potsdam,True
2026-08-17 15:26:37.720,car_ID_391,car,Potsdam (kein Wechsel),False
2026-08-17 15:26:38.149,car_ID_390,car,Berlin->Potsdam,True
2026-08-17 15:26:39.083,car_ID_392,car,Potsdam (kein Wechsel),False
2026-08-17 15:26:42.785,person_ID_224,person,Potsdam (kein Wechsel),False
2026-08-17 15:26:43.855,person_ID_225,person,Potsdam (kein Wechsel),False
2026-08-17 15:26:45.024,bicycle_ID_212,bicycle,Potsdam->Berlin,True
2026-08-17 15:26:46.118,bicycle_ID_213,bicycle,Berlin (kein Wechsel),False
2026-08-17 15:26:47.055,person_ID_226,person,Potsdam->Berlin,True
2026-08-17 15:26:49.554,person_ID_227,person,Berlin (kein Wechsel),False
2026-08-17 15:27:01.120,car_ID_393,car,Berlin->Potsdam,True
2026-08-17 15:27:10.588,car_ID_395,car,Potsdam (kein Wechsel),False
2026-08-17 15:27:13.555,car_ID_394,car,Potsdam->Berlin,True
2026-08-17 15:27:19.019,bicycle_ID_214,bicycle,Potsdam (kein Wechsel),False
2026-08-17 15:27:19.822,bicycle_ID_215,bicycle,Potsdam (kein Wechsel),False
2026-08-17 15:27:20.120,car_ID_396,car,Potsdam (kein Wechsel),False
2026-08-17 15:27:20.454,person_ID_228,person,Potsdam (kein Wechsel),False
2026-08-17 15:27:20.488,bicycle_ID_216,bicycle,Potsdam (kein Wechsel),False
2026-08-17 15:27:22.754,car_ID_397,car,Potsdam->Berlin,True
2026-08-17 15:27:23.822,car_ID_398,car,Potsdam (kein Wechsel),False
2026-08-17 15:27:24.386,bicycle_ID_217,bicycle,Potsdam->Berlin,True
2026-08-17 15:27:24.825,person_ID_229,person,Potsdam->Berlin,True
2026-08-17 15:27:26.987,car_ID_399,car,Potsdam->Berlin,True
2026-08-17 15:27:28.557,bicycle_ID_219,bicycle,Berlin (kein Wechsel),False
2026-08-17 15:27:29.756,bicycle_ID_218,bicycle,Berlin->Potsdam,True
2026-08-17 15:27:29.790,bicycle_ID_220,bicycle,Potsdam (kein Wechsel),False
2026-08-17 15:27:29.789,person_ID_230,person,Berlin->Potsdam,True
2026-08-17 15:28:01.792,bicycle_ID_222,bicycle,Berlin (kein Wechsel),False
2026-08-17 15:28:02.323,bicycle_ID_221,bicycle,Berlin->Potsdam,True
2026-08-17 15:28:02.759,bicycle_ID_223,bicycle,Potsdam (kein Wechsel),False
2026-08-17 15:28:02.827,person_ID_231,person,Berlin->Potsdam,True
2026-08-17 15:28:13.391,bicycle_ID_225,bicycle,Potsdam (kein Wechsel),False
2026-08-17 15:28:15.159,person_ID_232,person,Potsdam (kein Wechsel),False
2026-08-17 15:28:16.024,person_ID_233,person,Berlin (kein Wechsel),False
2026-08-17 15:28:16.461,bicycle_ID_224,bicycle,Potsdam->Berlin,True
2026-08-17 15:28:16.726,person_ID_234,person,Berlin (kein Wechsel),False
2026-08-17 15:28:17.395,person_ID_235,person,Berlin (kein Wechsel),False
2026-08-17 15:28:17.430,bicycle_ID_227,bicycle,Berlin (kein Wechsel),False
2026-08-17 15:28:17.694,bicycle_ID_226,bicycle,Berlin (kein Wechsel),False
2026-08-17 15:28:18.092,person_ID_236,person,Berlin (kein Wechsel),False
2026-08-17 15:28:19.726,person_ID_237,person,Berlin (kein Wechsel),False
2026-08-17 15:28:21.260,person_ID_238,person,Berlin->Potsdam,True
2026-08-17 15:28:21.657,bicycle_ID_228,bicycle,Berlin->Potsdam,True
2026-08-17 15:28:24.991,bicycle_ID_230,bicycle,Potsdam (kein Wechsel),False
2026-08-17 15:28:25.756,bicycle_ID_229,bicycle,Potsdam (kein Wechsel),False
2026-08-17 15:28:28.261,bicycle_ID_231,bicycle,Potsdam->Berlin,True
2026-08-17 15:28:28.392,person_ID_239,person,Potsdam->Berlin,True
2026-08-17 15:28:40.291,car_ID_400,car,Berlin->Potsdam,True
2026-08-17 15:28:46.594,car_ID_402,car,Potsdam (kein Wechsel),False
2026-08-17 15:28:48.863,car_ID_403,car,Berlin (kein Wechsel),False
2026-08-17 15:28:49.732,car_ID_401,car,Potsdam->Berlin,True
2026-08-17 15:28:52.657,bicycle_ID_232,bicycle,Berlin->Potsdam,True
2026-08-17 15:28:52.657,person_ID_240,person,Berlin->Potsdam,True
2026-08-17 15:28:59.426,car_ID_405,car,Potsdam (kein Wechsel),False
2026-08-17 15:29:03.836,car_ID_404,car,Potsdam->Berlin,True
2026-08-17 15:29:18.025,car_ID_406,car,Potsdam (kein Wechsel),False
2026-08-17 15:29:20.803,car_ID_407,car,Potsdam->Berlin,True
2026-08-17 15:29:26.036,bicycle_ID_234,bicycle,Potsdam (kein Wechsel),False
2026-08-17 15:29:27.331,bicycle_ID_235,bicycle,Potsdam (kein Wechsel),False
2026-08-17 15:29:27.397,person_ID_241,person,Potsdam (kein Wechsel),False
2026-08-17 15:29:28.233,bicycle_ID_233,bicycle,Potsdam->Berlin,True
2026-08-17 15:29:28.263,person_ID_242,person,Berlin (kein Wechsel),False
2026-08-17 15:29:28.698,person_ID_243,person,Berlin (kein Wechsel),False
2026-08-17 15:29:29.732,bicycle_ID_236,bicycle,Berlin (kein Wechsel),False
2026-08-17 15:29:31.700,car_ID_408,car,Berlin->Potsdam,True
2026-08-17 15:29:32.430,car_ID_409,car,Berlin->Potsdam,True
2026-08-17 15:29:34.064,car_ID_410,car,Potsdam (kein Wechsel),False
2026-08-17 15:29:35.634,car_ID_412,car,Potsdam (kein Wechsel),False
2026-08-17 15:29:36.562,car_ID_411,car,Berlin->Potsdam,True
2026-08-17 15:29:38.131,car_ID_413,car,Berlin (kein Wechsel),False
2026-08-17 15:29:57.864,car_ID_414,car,Potsdam->Berlin,True
2026-08-17 15:30:03.201,bus_ID_22,bus,Potsdam (kein Wechsel),False
2026-08-17 15:30:04.235,car_ID_415,car,Potsdam->Berlin,True
2026-08-17 15:30:04.234,car_ID_416,car,Berlin (kein Wechsel),False
2026-08-17 15:30:04.302,bus_ID_23,bus,Berlin (kein Wechsel),False
2026-08-17 15:30:04.599,bus_ID_24,bus,Berlin (kein Wechsel),False
2026-08-17 15:30:05.199,bicycle_ID_237,bicycle,Potsdam (kein Wechsel),False
2026-08-17 15:30:05.399,person_ID_244,person,Potsdam (kein Wechsel),False
2026-08-17 15:30:07.365,bicycle_ID_238,bicycle,Potsdam (kein Wechsel),False
2026-08-17 15:30:07.535,person_ID_245,person,Potsdam->Berlin,True
2026-08-17 15:30:08.039,bicycle_ID_239,bicycle,Berlin (kein Wechsel),False
2026-08-17 15:30:08.502,person_ID_246,person,Berlin (kein Wechsel),False
2026-08-17 15:30:10.266,bicycle_ID_240,bicycle,Berlin (kein Wechsel),False
2026-08-17 15:30:11.234,person_ID_247,person,Berlin (kein Wechsel),False
2026-08-17 15:30:35.500,car_ID_418,car,Potsdam (kein Wechsel),False
2026-08-17 15:30:36.639,bicycle_ID_241,bicycle,Berlin (kein Wechsel),False
2026-08-17 15:30:37.901,person_ID_248,person,Berlin (kein Wechsel),False
2026-08-17 15:30:38.069,car_ID_417,car,Potsdam->Berlin,True
2026-08-17 15:30:39.168,person_ID_249,person,Berlin->Potsdam,True
2026-08-17 15:30:39.332,bicycle_ID_242,bicycle,Berlin->Potsdam,True
2026-08-17 15:30:51.002,car_ID_419,car,Berlin->Potsdam,True
2026-08-17 15:31:16.037,car_ID_421,car,Potsdam (kein Wechsel),False
2026-08-17 15:31:19.105,car_ID_420,car,Potsdam->Berlin,True
2026-08-17 15:31:22.100,car_ID_423,car,Potsdam (kein Wechsel),False
2026-08-17 15:31:24.940,car_ID_422,car,Potsdam->Berlin,True
2026-08-17 15:31:28.438,car_ID_426,car,Potsdam (kein Wechsel),False
2026-08-17 15:31:29.038,bicycle_ID_243,bicycle,Potsdam (kein Wechsel),False
2026-08-17 15:31:29.576,bicycle_ID_244,bicycle,Potsdam (kein Wechsel),False
2026-08-17 15:31:30.608,bus_ID_25,bus,Berlin (kein Wechsel),False
2026-08-17 15:31:31.038,car_ID_425,car,Potsdam->Berlin,True
2026-08-17 15:31:31.269,car_ID_424,car,Potsdam->Berlin,True
2026-08-17 15:31:42.540,bicycle_ID_245,bicycle,Potsdam (kein Wechsel),False
2026-08-17 15:31:42.873,person_ID_250,person,Potsdam (kein Wechsel),False
2026-08-17 15:31:44.800,bicycle_ID_246,bicycle,Potsdam->Berlin,True
2026-08-17 15:31:47.572,bicycle_ID_247,bicycle,Berlin (kein Wechsel),False
2026-08-17 15:31:47.602,person_ID_251,person,Potsdam->Berlin,True
2026-08-17 15:31:53.339,car_ID_427,car,Potsdam->Berlin,True
2026-08-17 15:32:08.071,bicycle_ID_248,bicycle,Berlin (kein Wechsel),False
2026-08-17 15:32:10.603,bicycle_ID_249,bicycle,Berlin->Potsdam,True
2026-08-17 15:32:10.603,person_ID_252,person,Berlin->Potsdam,True
2026-08-17 15:32:15.406,person_ID_255,person,Potsdam (kein Wechsel),False
2026-08-17 15:32:16.208,person_ID_256,person,Potsdam (kein Wechsel),False
2026-08-17 15:32:16.940,bicycle_ID_252,bicycle,Berlin->Potsdam,True
2026-08-17 15:32:17.137,bicycle_ID_251,bicycle,Berlin->Potsdam,True
2026-08-17 15:32:17.641,person_ID_254,person,Berlin->Potsdam,True
2026-08-17 15:32:18.112,bicycle_ID_250,bicycle,Potsdam->Berlin,True
2026-08-17 15:32:18.112,bicycle_ID_253,bicycle,Berlin (kein Wechsel),False
2026-08-17 15:32:18.176,person_ID_257,person,Berlin (kein Wechsel),False
2026-08-17 15:32:18.739,car_ID_428,car,Berlin (kein Wechsel),False
2026-08-17 15:32:27.704,bicycle_ID_254,bicycle,Potsdam (kein Wechsel),False
2026-08-17 15:32:28.510,bicycle_ID_255,bicycle,Potsdam (kein Wechsel),False
2026-08-17 15:32:28.742,person_ID_258,person,Potsdam (kein Wechsel),False
2026-08-17 15:32:29.245,bicycle_ID_256,bicycle,Potsdam (kein Wechsel),False
2026-08-17 15:32:30.648,person_ID_259,person,Potsdam->Berlin,True
2026-08-17 15:32:31.073,bicycle_ID_257,bicycle,Potsdam->Berlin,True
2026-08-17 15:32:31.175,bicycle_ID_258,bicycle,Berlin (kein Wechsel),False
2026-08-17 15:32:33.142,person_ID_260,person,Berlin (kein Wechsel),False
2026-08-17 15:32:33.171,bicycle_ID_259,bicycle,Berlin (kein Wechsel),False
2026-08-17 15:32:36.980,car_ID_429,car,Berlin->Potsdam,True
2026-08-17 15:32:41.976,person_ID_253,person,Potsdam->Berlin,True
2026-08-17 15:32:44.576,car_ID_430,car,Berlin->Potsdam,True
2026-08-17 15:32:52.412,car_ID_431,car,Potsdam->Berlin,True
2026-08-17 15:32:59.009,bicycle_ID_260,bicycle,Potsdam (kein Wechsel),False
2026-08-17 15:32:59.710,car_ID_432,car,Berlin (kein Wechsel),False
2026-08-17 15:32:59.845,bicycle_ID_261,bicycle,Potsdam (kein Wechsel),False
2026-08-17 15:32:59.975,car_ID_433,car,Berlin->Potsdam,True
2026-08-17 15:33:00.775,bicycle_ID_262,bicycle,Potsdam (kein Wechsel),False
2026-08-17 15:33:02.582,bicycle_ID_263,bicycle,Potsdam->Berlin,True
2026-08-17 15:33:04.075,person_ID_261,person,Potsdam->Berlin,True
2026-08-17 15:33:04.981,person_ID_262,person,Berlin (kein Wechsel),False
2026-08-17 15:33:06.584,car_ID_434,car,Berlin->Potsdam,True
2026-08-17 15:33:06.910,bicycle_ID_264,bicycle,Berlin (kein Wechsel),False
2026-08-17 15:33:06.941,car_ID_435,car,Potsdam (kein Wechsel),False
2026-08-17 15:33:07.012,bicycle_ID_266,bicycle,Berlin (kein Wechsel),False
2026-08-17 15:33:07.945,bicycle_ID_265,bicycle,Berlin->Potsdam,True
2026-08-17 15:33:07.978,person_ID_263,person,Berlin->Potsdam,True
2026-08-17 15:33:15.013,person_ID_264,person,Berlin (kein Wechsel),False
2026-08-17 15:33:15.179,bus_ID_26,bus,Berlin (kein Wechsel),False
2026-08-17 15:33:15.948,car_ID_436,car,Potsdam->Berlin,True
2026-08-17 15:33:16.379,car_ID_437,car,Berlin (kein Wechsel),False
2026-08-17 15:33:16.443,car_ID_438,car,Berlin->Potsdam,True
2026-08-17 15:33:17.177,person_ID_265,person,Berlin (kein Wechsel),False
2026-08-17 15:33:18.281,car_ID_439,car,Berlin (kein Wechsel),False
2026-08-17 15:33:18.348,car_ID_440,car,Berlin (kein Wechsel),False
2026-08-17 15:33:18.413,person_ID_266,person,Berlin (kein Wechsel),False
2026-08-17 15:33:23.181,person_ID_267,person,Potsdam (kein Wechsel),False
2026-08-17 15:33:30.213,person_ID_269,person,Potsdam (kein Wechsel),False
2026-08-17 15:33:32.543,person_ID_270,person,Berlin (kein Wechsel),False
2026-08-17 15:33:32.575,person_ID_268,person,Potsdam->Berlin,True
2026-08-17 15:33:41.613,bicycle_ID_267,bicycle,Potsdam (kein Wechsel),False
2026-08-17 15:33:42.414,car_ID_441,car,Berlin->Potsdam,True
2026-08-17 15:33:42.645,bicycle_ID_268,bicycle,Potsdam (kein Wechsel),False
2026-08-17 15:33:46.048,bicycle_ID_269,bicycle,Potsdam->Berlin,True
2026-08-17 15:33:46.179,bicycle_ID_270,bicycle,Berlin (kein Wechsel),False
2026-08-17 15:33:47.615,bicycle_ID_271,bicycle,Berlin (kein Wechsel),False
2026-08-17 15:33:47.614,person_ID_271,person,Potsdam->Berlin,True
2026-08-17 15:34:00.646,car_ID_442,car,Berlin->Potsdam,True
2026-08-17 15:34:01.716,car_ID_443,car,Potsdam (kein Wechsel),False
2026-08-17 15:34:19.445,bicycle_ID_273,bicycle,Berlin (kein Wechsel),False
2026-08-17 15:34:20.050,person_ID_272,person,Berlin->Potsdam,True
2026-08-17 15:34:20.517,bicycle_ID_272,bicycle,Berlin->Potsdam,True
2026-08-17 15:34:20.824,bicycle_ID_275,bicycle,Berlin (kein Wechsel),False
2026-08-17 15:34:21.050,bicycle_ID_274,bicycle,Berlin->Potsdam,True
2026-08-17 15:34:21.552,person_ID_273,person,Berlin->Potsdam,True
2026-08-17 15:34:49.148,car_ID_444,car,Potsdam->Berlin,True
2026-08-17 15:34:55.282,bicycle_ID_277,bicycle,Berlin (kein Wechsel),False
2026-08-17 15:34:56.420,bicycle_ID_276,bicycle,Berlin->Potsdam,True
2026-08-17 15:34:56.915,bicycle_ID_278,bicycle,Berlin->Potsdam,True
2026-08-17 15:34:56.915,person_ID_274,person,Berlin->Potsdam,True
2026-08-17 15:34:59.284,car_ID_445,car,Berlin->Potsdam,True
2026-08-17 15:35:12.349,car_ID_446,car,Berlin->Potsdam,True
2026-08-17 15:35:27.986,bicycle_ID_279,bicycle,Berlin (kein Wechsel),False
2026-08-17 15:35:29.188,bicycle_ID_280,bicycle,Berlin (kein Wechsel),False
2026-08-17 15:35:30.121,bicycle_ID_281,bicycle,Berlin->Potsdam,True
2026-08-17 15:35:30.121,person_ID_275,person,Berlin->Potsdam,True
2026-08-17 15:35:41.887,person_ID_276,person,Berlin (kein Wechsel),False
2026-08-17 15:35:42.148,car_ID_447,car,Potsdam->Berlin,True
2026-08-17 15:35:44.652,person_ID_277,person,Berlin (kein Wechsel),False
2026-08-17 15:35:48.252,person_ID_278,person,Berlin (kein Wechsel),False
2026-08-17 15:35:53.252,car_ID_448,car,Potsdam->Berlin,True
2026-08-17 15:35:55.752,person_ID_279,person,Berlin->Potsdam,True
2026-08-17 15:35:57.054,person_ID_280,person,Potsdam (kein Wechsel),False
2026-08-17 15:36:03.489,car_ID_449,car,Berlin (kein Wechsel),False
2026-08-17 15:36:03.988,person_ID_282,person,Berlin->Potsdam,True
2026-08-17 15:36:04.054,person_ID_281,person,Potsdam (kein Wechsel),False
2026-08-17 15:36:04.520,bicycle_ID_282,bicycle,Berlin->Potsdam,True
2026-08-17 15:36:04.588,car_ID_450,car,Berlin->Potsdam,True
2026-08-17 15:36:04.623,car_ID_451,car,Potsdam (kein Wechsel),False
2026-08-17 15:36:29.728,bicycle_ID_283,bicycle,Potsdam (kein Wechsel),False
2026-08-17 15:36:29.892,person_ID_283,person,Potsdam (kein Wechsel),False
2026-08-17 15:36:30.987,bicycle_ID_285,bicycle,Potsdam (kein Wechsel),False
2026-08-17 15:36:32.222,bicycle_ID_284,bicycle,Potsdam->Berlin,True
2026-08-17 15:36:33.590,bicycle_ID_286,bicycle,Berlin (kein Wechsel),False
2026-08-17 15:36:34.161,person_ID_284,person,Potsdam->Berlin,True
2026-08-17 15:36:34.256,car_ID_453,car,Potsdam (kein Wechsel),False
2026-08-17 15:36:34.959,car_ID_454,car,Berlin (kein Wechsel),False
2026-08-17 15:36:36.692,car_ID_452,car,Potsdam->Berlin,True
2026-08-17 15:36:41.259,bicycle_ID_289,bicycle,Berlin (kein Wechsel),False
2026-08-17 15:36:42.027,person_ID_286,person,Berlin (kein Wechsel),False
2026-08-17 15:36:42.093,bicycle_ID_290,bicycle,Berlin (kein Wechsel),False
2026-08-17 15:36:42.193,bicycle_ID_288,bicycle,Berlin (kein Wechsel),False
2026-08-17 15:36:42.225,bicycle_ID_287,bicycle,Berlin (kein Wechsel),False
2026-08-17 15:36:42.495,person_ID_287,person,Berlin (kein Wechsel),False
2026-08-17 15:36:42.595,person_ID_285,person,Berlin (kein Wechsel),False
2026-08-17 15:36:54.527,car_ID_455,car,Potsdam->Berlin,True
2026-08-17 15:36:55.292,person_ID_288,person,Potsdam->Berlin,True
2026-08-17 15:37:09.292,bicycle_ID_291,bicycle,Berlin (kein Wechsel),False
2026-08-17 15:37:10.658,bicycle_ID_292,bicycle,Berlin->Potsdam,True
2026-08-17 15:37:10.658,person_ID_289,person,Berlin->Potsdam,True
2026-08-17 15:37:15.158,car_ID_456,car,Potsdam->Berlin,True
2026-08-17 15:37:23.894,car_ID_458,car,Potsdam (kein Wechsel),False
2026-08-17 15:37:26.093,car_ID_457,car,Potsdam->Berlin,True
2026-08-17 15:37:28.427,car_ID_459,car,Berlin->Potsdam,True
2026-08-17 15:37:32.259,car_ID_460,car,Berlin->Potsdam,True
2026-08-17 15:37:46.159,car_ID_461,car,Potsdam->Berlin,True
2026-08-17 15:37:54.499,bicycle_ID_293,bicycle,Berlin (kein Wechsel),False
2026-08-17 15:37:55.160,bicycle_ID_294,bicycle,Berlin (kein Wechsel),False
2026-08-17 15:37:55.926,person_ID_291,person,Berlin->Potsdam,True
2026-08-17 15:37:56.622,bicycle_ID_295,bicycle,Berlin->Potsdam,True
2026-08-17 15:37:56.692,bicycle_ID_296,bicycle,Potsdam (kein Wechsel),False
2026-08-17 15:37:57.093,person_ID_290,person,Berlin->Potsdam,True
2026-08-17 15:38:07.876,person_ID_292,person,Potsdam (kein Wechsel),False
2026-08-17 15:38:07.903,bicycle_ID_298,bicycle,Potsdam (kein Wechsel),False
2026-08-17 15:38:08.393,bicycle_ID_297,bicycle,Potsdam (kein Wechsel),False
2026-08-17 15:38:09.094,person_ID_293,person,Potsdam (kein Wechsel),False
2026-08-17 15:38:09.322,bicycle_ID_299,bicycle,Potsdam (kein Wechsel),False
2026-08-17 15:38:10.324,bicycle_ID_300,bicycle,Potsdam (kein Wechsel),False
2026-08-17 15:38:10.485,person_ID_294,person,Potsdam (kein Wechsel),False
2026-08-17 15:38:11.066,person_ID_295,person,Berlin (kein Wechsel),False
2026-08-17 15:38:13.999,bicycle_ID_301,bicycle,Berlin (kein Wechsel),False
2026-08-17 15:38:14.261,person_ID_296,person,Berlin (kein Wechsel),False
2026-08-17 15:38:26.128,person_ID_297,person,Berlin->Potsdam,True
2026-08-17 15:38:26.501,bicycle_ID_302,bicycle,Berlin->Potsdam,True
2026-08-17 15:38:26.632,bicycle_ID_303,bicycle,Berlin->Potsdam,True
2026-08-17 15:38:34.028,car_ID_463,car,Potsdam (kein Wechsel),False
2026-08-17 15:38:37.165,car_ID_462,car,Potsdam->Berlin,True
2026-08-17 15:38:38.900,car_ID_464,car,Potsdam->Berlin,True
2026-08-17 15:39:03.604,bicycle_ID_304,bicycle,Berlin->Potsdam,True
2026-08-17 15:39:04.136,person_ID_298,person,Berlin->Potsdam,True
2026-08-17 15:39:04.931,car_ID_465,car,Potsdam->Berlin,True
2026-08-17 15:39:19.236,car_ID_466,car,Potsdam->Berlin,True
2026-08-17 15:39:35.473,car_ID_467,car,Berlin (kein Wechsel),False
2026-08-17 15:39:35.739,car_ID_468,car,Berlin (kein Wechsel),False
2026-08-17 15:39:38.404,bus_ID_28,bus,Potsdam (kein Wechsel),False
2026-08-17 15:39:38.468,bus_ID_27,bus,Berlin->Potsdam,True
2026-08-17 15:39:54.636,car_ID_469,car,Potsdam->Berlin,True
2026-08-17 15:40:10.676,car_ID_471,car,Berlin (kein Wechsel),False
2026-08-17 15:40:11.574,car_ID_470,car,Berlin->Potsdam,True
2026-08-17 15:40:16.570,car_ID_472,car,Berlin->Potsdam,True
2026-08-17 15:40:23.004,person_ID_299,person,Berlin (kein Wechsel),False
2026-08-17 15:40:23.540,bicycle_ID_305,bicycle,Berlin->Potsdam,True
2026-08-17 15:40:26.873,car_ID_473,car,Berlin->Potsdam,True
2026-08-17 15:40:27.672,car_ID_474,car,Potsdam (kein Wechsel),False
2026-08-17 15:40:29.211,car_ID_475,car,Berlin->Potsdam,True
2026-08-17 15:40:29.508,car_ID_476,car,Potsdam->Berlin,True
2026-08-17 15:40:42.877,car_ID_477,car,Berlin->Potsdam,True
2026-08-17 15:40:46.176,car_ID_479,car,Berlin (kein Wechsel),False
2026-08-17 15:40:46.340,car_ID_478,car,Potsdam->Berlin,True
2026-08-17 15:40:46.906,bicycle_ID_306,bicycle,Potsdam (kein Wechsel),False
2026-08-17 15:40:47.577,bicycle_ID_307,bicycle,Potsdam (kein Wechsel),False
2026-08-17 15:40:48.479,person_ID_300,person,Potsdam (kein Wechsel),False
2026-08-17 15:40:49.905,bicycle_ID_309,bicycle,Potsdam (kein Wechsel),False
2026-08-17 15:40:50.306,bicycle_ID_308,bicycle,Potsdam->Berlin,True
2026-08-17 15:40:50.543,person_ID_301,person,Potsdam->Berlin,True
2026-08-17 15:40:52.672,bicycle_ID_310,bicycle,Berlin (kein Wechsel),False
2026-08-17 15:40:53.369,person_ID_302,person,Berlin (kein Wechsel),False
2026-08-17 15:40:54.271,car_ID_480,car,Berlin (kein Wechsel),False
2026-08-17 15:41:17.607,person_ID_303,person,Berlin (kein Wechsel),False
2026-08-17 15:41:24.576,car_ID_481,car,Potsdam->Berlin,True
2026-08-17 15:41:30.776,car_ID_482,car,Potsdam->Berlin,True
2026-08-17 15:41:32.712,car_ID_484,car,Potsdam (kein Wechsel),False
2026-08-17 15:41:33.609,car_ID_483,car,Berlin->Potsdam,True
2026-08-17 15:41:34.208,car_ID_485,car,Potsdam (kein Wechsel),False
2026-08-17 15:41:41.144,car_ID_487,car,Potsdam (kein Wechsel),False
2026-08-17 15:41:41.846,person_ID_304,person,Berlin->Potsdam,True
2026-08-17 15:41:42.009,bicycle_ID_312,bicycle,Berlin->Potsdam,True
2026-08-17 15:41:42.044,bicycle_ID_311,bicycle,Berlin->Potsdam,True
2026-08-17 15:41:42.350,person_ID_305,person,Berlin->Potsdam,True
2026-08-17 15:41:42.519,person_ID_306,person,Potsdam (kein Wechsel),False
2026-08-17 15:41:44.609,car_ID_486,car,Potsdam->Berlin,True
2026-08-17 15:42:00.244,bicycle_ID_313,bicycle,Berlin (kein Wechsel),False
2026-08-17 15:42:01.547,bicycle_ID_315,bicycle,Berlin (kein Wechsel),False
2026-08-17 15:42:01.678,bicycle_ID_316,bicycle,Berlin (kein Wechsel),False
2026-08-17 15:42:01.908,person_ID_307,person,Berlin->Potsdam,True
2026-08-17 15:42:02.475,bicycle_ID_314,bicycle,Berlin->Potsdam,True
2026-08-17 15:42:39.111,car_ID_488,car,Berlin->Potsdam,True
2026-08-17 15:43:03.316,bicycle_ID_317,bicycle,Berlin (kein Wechsel),False
2026-08-17 15:43:03.986,bicycle_ID_318,bicycle,Berlin (kein Wechsel),False
2026-08-17 15:43:04.350,bicycle_ID_320,bicycle,Berlin (kein Wechsel),False
2026-08-17 15:43:04.549,person_ID_308,person,Berlin (kein Wechsel),False
2026-08-17 15:43:05.550,person_ID_309,person,Berlin->Potsdam,True
2026-08-17 15:43:05.582,bicycle_ID_319,bicycle,Berlin->Potsdam,True
2026-08-17 15:43:05.714,bicycle_ID_321,bicycle,Berlin->Potsdam,True
2026-08-17 15:43:14.555,car_ID_489,car,Potsdam (kein Wechsel),False
2026-08-17 15:43:18.016,car_ID_492,car,Berlin (kein Wechsel),False
2026-08-17 15:43:19.448,car_ID_491,car,Potsdam->Berlin,True
2026-08-17 15:43:19.683,bus_ID_29,bus,Berlin (kein Wechsel),False
2026-08-17 15:43:19.887,bicycle_ID_322,bicycle,Potsdam (kein Wechsel),False
2026-08-17 15:43:20.449,car_ID_490,car,Potsdam->Berlin,True
2026-08-17 15:43:22.617,bicycle_ID_323,bicycle,Potsdam->Berlin,True
2026-08-17 15:43:23.320,person_ID_310,person,Potsdam->Berlin,True
2026-08-17 15:43:25.089,car_ID_493,car,Potsdam->Berlin,True
2026-08-17 15:43:25.617,person_ID_311,person,Berlin (kein Wechsel),False
2026-08-17 15:43:31.783,person_ID_312,person,Potsdam (kein Wechsel),False
2026-08-17 15:43:32.421,bicycle_ID_324,bicycle,Potsdam (kein Wechsel),False
2026-08-17 15:43:37.083,bicycle_ID_325,bicycle,Potsdam->Berlin,True
2026-08-17 15:43:38.252,bicycle_ID_326,bicycle,Berlin (kein Wechsel),False
2026-08-17 15:43:39.515,person_ID_313,person,Potsdam->Berlin,True
2026-08-17 15:43:45.118,bicycle_ID_327,bicycle,Potsdam (kein Wechsel),False
2026-08-17 15:43:45.782,person_ID_314,person,Potsdam (kein Wechsel),False
2026-08-17 15:43:46.659,person_ID_315,person,Potsdam (kein Wechsel),False
2026-08-17 15:43:47.318,person_ID_316,person,Berlin (kein Wechsel),False
2026-08-17 15:43:47.716,bicycle_ID_328,bicycle,Potsdam->Berlin,True
2026-08-17 15:43:51.081,person_ID_317,person,Berlin (kein Wechsel),False
2026-08-17 15:43:51.751,car_ID_494,car,Berlin->Potsdam,True
2026-08-17 15:43:56.685,bicycle_ID_329,bicycle,Potsdam (kein Wechsel),False
2026-08-17 15:43:59.552,car_ID_495,car,Potsdam (kein Wechsel),False
2026-08-17 15:43:59.719,car_ID_496,car,Potsdam (kein Wechsel),False
2026-08-17 15:43:59.816,car_ID_497,car,Potsdam (kein Wechsel),False
2026-08-17 15:43:59.847,bicycle_ID_331,bicycle,Berlin (kein Wechsel),False
2026-08-17 15:43:59.885,person_ID_318,person,Berlin (kein Wechsel),False
2026-08-17 15:44:01.186,bicycle_ID_330,bicycle,Potsdam->Berlin,True
2026-08-17 15:44:02.352,bus_ID_31,bus,Potsdam (kein Wechsel),False
2026-08-17 15:44:02.815,bus_ID_30,bus,Potsdam->Berlin,True
2026-08-17 15:44:03.419,car_ID_499,car,Potsdam->Berlin,True
2026-08-17 15:44:03.488,car_ID_498,car,Potsdam->Berlin,True
2026-08-17 15:44:03.517,person_ID_319,person,Berlin (kein Wechsel),False
2026-08-17 15:44:03.554,car_ID_500,car,Berlin->Potsdam,True
2026-08-17 15:44:04.684,bus_ID_32,bus,Berlin (kein Wechsel),False
2026-08-17 15:44:04.751,bus_ID_33,bus,Berlin (kein Wechsel),False
2026-08-17 15:44:04.954,car_ID_501,car,Berlin (kein Wechsel),False
2026-08-17 15:44:21.552,car_ID_503,car,Berlin->Potsdam,True
2026-08-17 15:44:22.823,car_ID_502,car,Potsdam->Berlin,True
2026-08-17 15:44:25.752,car_ID_505,car,Potsdam (kein Wechsel),False
2026-08-17 15:44:28.419,car_ID_504,car,Potsdam->Berlin,True
2026-08-17 15:44:35.456,car_ID_506,car,Potsdam->Berlin,True
2026-08-17 15:44:36.421,car_ID_507,car,Potsdam->Berlin,True
2026-08-17 15:44:48.695,car_ID_509,car,Potsdam (kein Wechsel),False
2026-08-17 15:44:51.527,car_ID_508,car,Potsdam->Berlin,True
2026-08-17 15:44:51.627,bus_ID_35,bus,Potsdam (kein Wechsel),False
2026-08-17 15:44:51.891,car_ID_510,car,Potsdam (kein Wechsel),False
2026-08-17 15:44:53.091,bus_ID_36,bus,Potsdam (kein Wechsel),False
2026-08-17 15:44:56.090,bus_ID_34,bus,Potsdam->Berlin,True
2026-08-17 15:44:56.259,car_ID_512,car,Berlin (kein Wechsel),False
2026-08-17 15:44:56.956,car_ID_513,car,Potsdam (kein Wechsel),False
2026-08-17 15:45:00.060,car_ID_511,car,Potsdam->Berlin,True
2026-08-17 15:45:33.889,car_ID_514,car,Berlin->Potsdam,True
2026-08-17 15:45:34.159,car_ID_515,car,Berlin (kein Wechsel),False
2026-08-17 15:45:43.458,person_ID_320,person,Berlin->Potsdam,True
2026-08-17 15:45:43.766,bicycle_ID_332,bicycle,Berlin->Potsdam,True
2026-08-17 15:45:49.063,bicycle_ID_333,bicycle,Berlin->Potsdam,True
2026-08-17 15:45:49.494,person_ID_321,person,Berlin->Potsdam,True
2026-08-17 15:46:02.962,car_ID_518,car,Potsdam (kein Wechsel),False
2026-08-17 15:46:03.161,car_ID_517,car,Berlin->Potsdam,True
2026-08-17 15:46:03.994,car_ID_516,car,Potsdam->Berlin,True
2026-08-17 15:46:17.895,car_ID_519,car,Berlin->Potsdam,True
2026-08-17 15:46:26.764,bicycle_ID_335,bicycle,Potsdam (kein Wechsel),False
2026-08-17 15:46:27.795,bicycle_ID_336,bicycle,Potsdam (kein Wechsel),False
2026-08-17 15:46:27.830,person_ID_322,person,Potsdam (kein Wechsel),False
2026-08-17 15:46:29.293,person_ID_324,person,Potsdam (kein Wechsel),False
2026-08-17 15:46:29.328,person_ID_323,person,Berlin (kein Wechsel),False
2026-08-17 15:46:29.692,bicycle_ID_334,bicycle,Potsdam->Berlin,True
2026-08-17 15:46:29.692,bicycle_ID_338,bicycle,Potsdam (kein Wechsel),False
2026-08-17 15:46:30.196,bicycle_ID_337,bicycle,Potsdam->Berlin,True
2026-08-17 15:46:30.332,person_ID_325,person,Berlin (kein Wechsel),False
2026-08-17 15:46:30.796,person_ID_327,person,Berlin (kein Wechsel),False
2026-08-17 15:46:30.928,bicycle_ID_340,bicycle,Potsdam->Berlin,True
2026-08-17 15:46:30.991,bicycle_ID_339,bicycle,Berlin (kein Wechsel),False
2026-08-17 15:46:31.357,person_ID_328,person,Berlin (kein Wechsel),False
2026-08-17 15:46:31.627,bicycle_ID_342,bicycle,Berlin (kein Wechsel),False
2026-08-17 15:46:32.430,bicycle_ID_344,bicycle,Berlin (kein Wechsel),False
2026-08-17 15:46:32.794,bicycle_ID_343,bicycle,Berlin (kein Wechsel),False
2026-08-17 15:46:32.828,bicycle_ID_341,bicycle,Berlin (kein Wechsel),False
2026-08-17 15:46:33.025,person_ID_326,person,Potsdam->Berlin,True
2026-08-17 15:46:40.391,car_ID_523,car,Berlin (kein Wechsel),False
2026-08-17 15:46:40.594,car_ID_522,car,Potsdam (kein Wechsel),False
2026-08-17 15:46:40.728,car_ID_520,car,Potsdam->Berlin,True
2026-08-17 15:46:40.796,car_ID_524,car,Berlin (kein Wechsel),False
2026-08-17 15:46:41.300,bus_ID_37,bus,Berlin (kein Wechsel),False
2026-08-17 15:46:42.462,bicycle_ID_346,bicycle,Berlin (kein Wechsel),False
2026-08-17 15:46:43.155,bicycle_ID_347,bicycle,Potsdam (kein Wechsel),False
2026-08-17 15:46:43.560,car_ID_521,car,Potsdam->Berlin,True
2026-08-17 15:46:44.225,bicycle_ID_345,bicycle,Berlin->Potsdam,True
2026-08-17 15:46:44.360,bicycle_ID_348,bicycle,Berlin->Potsdam,True
2026-08-17 15:46:44.360,person_ID_329,person,Berlin->Potsdam,True
2026-08-17 15:46:46.176,person_ID_330,person,Potsdam (kein Wechsel),False
2026-08-17 15:46:46.991,person_ID_331,person,Potsdam (kein Wechsel),False
2026-08-17 15:46:47.141,bicycle_ID_349,bicycle,Potsdam (kein Wechsel),False
2026-08-17 15:46:47.656,bicycle_ID_350,bicycle,Potsdam->Berlin,True
2026-08-17 15:46:48.563,bicycle_ID_351,bicycle,Berlin (kein Wechsel),False
2026-08-17 15:46:49.858,car_ID_525,car,Potsdam->Berlin,True
2026-08-17 15:46:51.074,person_ID_333,person,Berlin (kein Wechsel),False
2026-08-17 15:46:51.226,bicycle_ID_353,bicycle,Berlin (kein Wechsel),False
2026-08-17 15:46:51.358,bicycle_ID_354,bicycle,Berlin (kein Wechsel),False
2026-08-17 15:46:51.893,bicycle_ID_355,bicycle,Berlin (kein Wechsel),False
2026-08-17 15:46:51.893,person_ID_334,person,Berlin (kein Wechsel),False
2026-08-17 15:46:52.569,bicycle_ID_357,bicycle,Berlin (kein Wechsel),False
2026-08-17 15:46:52.576,bicycle_ID_356,bicycle,Berlin (kein Wechsel),False
2026-08-17 15:46:52.892,bicycle_ID_352,bicycle,Berlin->Potsdam,True
2026-08-17 15:46:52.990,person_ID_332,person,Berlin->Potsdam,True
2026-08-17 15:46:53.644,bicycle_ID_358,bicycle,Potsdam (kein Wechsel),False
2026-08-17 15:46:54.693,bicycle_ID_359,bicycle,Berlin (kein Wechsel),False
2026-08-17 15:46:54.962,bicycle_ID_360,bicycle,Berlin (kein Wechsel),False
2026-08-17 15:46:55.192,bicycle_ID_361,bicycle,Berlin (kein Wechsel),False
2026-08-17 15:46:55.691,car_ID_527,car,Potsdam (kein Wechsel),False
2026-08-17 15:46:55.692,person_ID_335,person,Berlin->Potsdam,True
2026-08-17 15:46:57.831,bicycle_ID_362,bicycle,Berlin->Potsdam,True
2026-08-17 15:46:57.831,person_ID_336,person,Berlin->Potsdam,True
2026-08-17 15:46:58.263,car_ID_526,car,Potsdam->Berlin,True
2026-08-17 15:46:58.432,car_ID_528,car,Potsdam (kein Wechsel),False
2026-08-17 15:46:58.561,bicycle_ID_363,bicycle,Potsdam (kein Wechsel),False
2026-08-17 15:46:59.463,bicycle_ID_364,bicycle,Potsdam (kein Wechsel),False
2026-08-17 15:47:00.031,bicycle_ID_365,bicycle,Potsdam (kein Wechsel),False
2026-08-17 15:47:12.968,person_ID_337,person,Berlin->Potsdam,True
2026-08-17 15:47:13.000,bicycle_ID_366,bicycle,Berlin->Potsdam,True
2026-08-17 15:47:13.167,bicycle_ID_367,bicycle,Berlin->Potsdam,True
2026-08-17 15:47:13.298,person_ID_338,person,Berlin->Potsdam,True
2026-08-17 15:47:15.763,bicycle_ID_368,bicycle,Potsdam (kein Wechsel),False
2026-08-17 15:47:16.534,person_ID_339,person,Potsdam (kein Wechsel),False
2026-08-17 15:47:16.700,person_ID_340,person,Potsdam (kein Wechsel),False
2026-08-17 15:47:17.366,bicycle_ID_369,bicycle,Potsdam (kein Wechsel),False
2026-08-17 15:47:17.666,car_ID_530,car,Potsdam (kein Wechsel),False
2026-08-17 15:47:17.666,person_ID_341,person,Potsdam (kein Wechsel),False
2026-08-17 15:47:18.469,bicycle_ID_370,bicycle,Berlin (kein Wechsel),False
2026-08-17 15:47:19.733,car_ID_529,car,Berlin->Potsdam,True
2026-08-17 15:47:20.397,person_ID_342,person,Berlin (kein Wechsel),False
2026-08-17 15:47:20.732,car_ID_532,car,Potsdam (kein Wechsel),False
2026-08-17 15:47:20.799,car_ID_533,car,Berlin (kein Wechsel),False
2026-08-17 15:47:21.130,car_ID_531,car,Berlin->Potsdam,True
2026-08-17 15:47:22.263,car_ID_535,car,Potsdam (kein Wechsel),False
2026-08-17 15:47:23.432,car_ID_534,car,Berlin->Potsdam,True
2026-08-17 15:47:24.531,car_ID_536,car,Potsdam (kein Wechsel),False
2026-08-17 15:47:27.635,person_ID_343,person,Potsdam (kein Wechsel),False
2026-08-17 15:47:28.132,person_ID_344,person,Potsdam (kein Wechsel),False
2026-08-17 15:48:03.169,person_ID_346,person,Potsdam (kein Wechsel),False
2026-08-17 15:48:03.366,person_ID_345,person,Potsdam (kein Wechsel),False
2026-08-17 15:48:03.766,person_ID_347,person,Potsdam (kein Wechsel),False
2026-08-17 15:48:06.234,bicycle_ID_371,bicycle,Potsdam->Berlin,True
2026-08-17 15:48:10.467,car_ID_537,car,Berlin->Potsdam,True
2026-08-17 15:48:11.668,car_ID_539,car,Potsdam (kein Wechsel),False
2026-08-17 15:48:12.100,car_ID_538,car,Berlin->Potsdam,True
2026-08-17 15:48:14.137,car_ID_540,car,Berlin (kein Wechsel),False
2026-08-17 15:48:14.301,car_ID_541,car,Berlin (kein Wechsel),False
2026-08-17 15:48:16.167,car_ID_542,car,Potsdam (kein Wechsel),False
2026-08-17 15:48:24.205,car_ID_543,car,Berlin->Potsdam,True
2026-08-17 15:48:24.512,car_ID_544,car,Potsdam (kein Wechsel),False
2026-08-17 15:48:33.929,bicycle_ID_372,bicycle,Berlin (kein Wechsel),False
2026-08-17 15:48:35.499,person_ID_348,person,Berlin (kein Wechsel),False
2026-08-17 15:48:36.432,bicycle_ID_373,bicycle,Berlin->Potsdam,True
2026-08-17 15:48:36.432,person_ID_349,person,Berlin->Potsdam,True
2026-08-17 15:48:43.368,car_ID_545,car,Berlin->Potsdam,True
2026-08-17 15:48:44.397,car_ID_547,car,Potsdam (kein Wechsel),False
2026-08-17 15:48:45.029,car_ID_546,car,Berlin->Potsdam,True
2026-08-17 15:48:46.601,car_ID_548,car,Potsdam (kein Wechsel),False
2026-08-17 15:48:58.801,bicycle_ID_374,bicycle,Berlin->Potsdam,True
2026-08-17 15:48:58.801,person_ID_350,person,Berlin->Potsdam,True
2026-08-17 15:49:00.169,car_ID_549,car,Berlin->Potsdam,True
2026-08-17 15:49:01.069,car_ID_551,car,Potsdam (kein Wechsel),False
2026-08-17 15:49:03.135,car_ID_550,car,Potsdam->Berlin,True
2026-08-17 15:49:08.534,bicycle_ID_376,bicycle,Berlin (kein Wechsel),False
2026-08-17 15:49:09.330,person_ID_351,person,Berlin (kein Wechsel),False
2026-08-17 15:49:09.399,bicycle_ID_375,bicycle,Berlin (kein Wechsel),False
2026-08-17 15:49:09.902,bicycle_ID_377,bicycle,Berlin (kein Wechsel),False
2026-08-17 15:49:09.901,person_ID_352,person,Berlin->Potsdam,True
2026-08-17 15:49:14.469,bicycle_ID_378,bicycle,Potsdam (kein Wechsel),False
2026-08-17 15:49:14.502,person_ID_353,person,Potsdam (kein Wechsel),False
2026-08-17 15:49:16.267,person_ID_354,person,Potsdam->Berlin,True
2026-08-17 15:49:17.069,bicycle_ID_379,bicycle,Potsdam->Berlin,True
2026-08-17 15:49:17.867,person_ID_355,person,Berlin (kein Wechsel),False
2026-08-17 15:49:18.505,bicycle_ID_382,bicycle,Berlin (kein Wechsel),False
2026-08-17 15:49:18.540,bicycle_ID_381,bicycle,Berlin (kein Wechsel),False
2026-08-17 15:49:19.203,person_ID_357,person,Berlin (kein Wechsel),False
2026-08-17 15:49:20.302,bicycle_ID_380,bicycle,Berlin->Potsdam,True
2026-08-17 15:49:20.333,person_ID_356,person,Berlin->Potsdam,True
2026-08-17 15:49:26.569,car_ID_553,car,Potsdam (kein Wechsel),False
2026-08-17 15:49:27.071,car_ID_552,car,Berlin->Potsdam,True
2026-08-17 15:49:27.732,person_ID_358,person,Potsdam (kein Wechsel),False
2026-08-17 15:49:29.669,car_ID_555,car,Potsdam (kein Wechsel),False
2026-08-17 15:49:31.272,car_ID_554,car,Potsdam->Berlin,True
2026-08-17 15:49:31.537,person_ID_359,person,Potsdam (kein Wechsel),False
2026-08-17 15:49:33.470,bicycle_ID_383,bicycle,Berlin->Potsdam,True
2026-08-17 15:49:33.501,person_ID_362,person,Potsdam (kein Wechsel),False
2026-08-17 15:49:34.036,person_ID_360,person,Berlin->Potsdam,True
2026-08-17 15:49:36.103,person_ID_361,person,Potsdam (kein Wechsel),False
2026-08-17 15:49:37.068,person_ID_363,person,Berlin (kein Wechsel),False
2026-08-17 15:49:39.069,person_ID_364,person,Berlin (kein Wechsel),False
2026-08-17 15:49:41.970,person_ID_365,person,Berlin (kein Wechsel),False
2026-08-17 15:49:45.237,person_ID_366,person,Berlin (kein Wechsel),False
2026-08-17 15:49:46.569,person_ID_367,person,Berlin (kein Wechsel),False
2026-08-17 15:49:46.903,car_ID_556,car,Berlin (kein Wechsel),False
2026-08-17 15:49:47.703,bicycle_ID_384,bicycle,Berlin (kein Wechsel),False
2026-08-17 15:49:48.573,bicycle_ID_385,bicycle,Berlin->Potsdam,True
2026-08-17 15:49:49.070,person_ID_368,person,Berlin->Potsdam,True
2026-08-17 15:50:18.104,car_ID_558,car,Potsdam (kein Wechsel),False
2026-08-17 15:50:18.240,car_ID_557,car,Potsdam->Berlin,True
2026-08-17 15:50:20.272,car_ID_559,car,Potsdam->Berlin,True
2026-08-17 15:50:20.856,bicycle_ID_387,bicycle,Berlin (kein Wechsel),False
2026-08-17 15:50:21.079,car_ID_561,car,Potsdam (kein Wechsel),False
2026-08-17 15:50:21.903,person_ID_370,person,Berlin (kein Wechsel),False
2026-08-17 15:50:22.209,person_ID_371,person,Berlin (kein Wechsel),False
2026-08-17 15:50:22.606,person_ID_372,person,Berlin (kein Wechsel),False
2026-08-17 15:50:22.676,bicycle_ID_388,bicycle,Berlin (kein Wechsel),False
2026-08-17 15:50:22.808,person_ID_369,person,Berlin->Potsdam,True
2026-08-17 15:50:23.205,car_ID_562,car,Potsdam (kein Wechsel),False
2026-08-17 15:50:23.205,person_ID_373,person,Berlin (kein Wechsel),False
2026-08-17 15:50:23.244,bicycle_ID_386,bicycle,Berlin->Potsdam,True
2026-08-17 15:50:23.244,car_ID_560,car,Potsdam->Berlin,True
2026-08-17 15:50:23.442,bicycle_ID_389,bicycle,Berlin->Potsdam,True
2026-08-17 15:50:23.774,person_ID_374,person,Berlin (kein Wechsel),False
2026-08-17 15:50:24.143,person_ID_375,person,Potsdam (kein Wechsel),False
2026-08-17 15:50:24.273,bicycle_ID_390,bicycle,Berlin->Potsdam,True
2026-08-17 15:50:26.304,car_ID_563,car,Berlin->Potsdam,True
2026-08-17 15:50:27.473,car_ID_564,car,Potsdam (kein Wechsel),False
2026-08-17 15:50:29.940,car_ID_565,car,Potsdam->Berlin,True
2026-08-17 15:50:38.503,car_ID_567,car,Potsdam (kein Wechsel),False
2026-08-17 15:50:39.777,car_ID_566,car,Potsdam->Berlin,True
2026-08-17 15:50:47.444,car_ID_569,car,Potsdam (kein Wechsel),False
2026-08-17 15:50:49.774,car_ID_568,car,Potsdam->Berlin,True
2026-08-17 15:51:10.112,bicycle_ID_391,bicycle,Potsdam (kein Wechsel),False
2026-08-17 15:51:10.477,person_ID_377,person,Potsdam (kein Wechsel),False
2026-08-17 15:51:12.147,bicycle_ID_392,bicycle,Potsdam->Berlin,True
2026-08-17 15:51:12.211,person_ID_376,person,Potsdam->Berlin,True
2026-08-17 15:51:12.943,bicycle_ID_393,bicycle,Potsdam (kein Wechsel),False
2026-08-17 15:51:13.642,person_ID_378,person,Potsdam (kein Wechsel),False
2026-08-17 15:51:15.474,bicycle_ID_394,bicycle,Potsdam->Berlin,True
2026-08-17 15:51:17.140,bicycle_ID_395,bicycle,Berlin (kein Wechsel),False
2026-08-17 15:51:17.504,person_ID_379,person,Potsdam->Berlin,True
2026-08-17 15:51:20.475,bicycle_ID_396,bicycle,Berlin (kein Wechsel),False
2026-08-17 15:51:22.143,bicycle_ID_397,bicycle,Berlin->Potsdam,True
2026-08-17 15:51:22.176,person_ID_380,person,Berlin->Potsdam,True
2026-08-17 15:51:26.741,car_ID_570,car,Berlin->Potsdam,True
2026-08-17 15:51:32.211,person_ID_382,person,Potsdam (kein Wechsel),False
2026-08-17 15:51:34.577,person_ID_381,person,Potsdam->Berlin,True
2026-08-17 15:51:37.578,person_ID_383,person,Berlin (kein Wechsel),False
2026-08-17 15:51:41.179,bicycle_ID_398,bicycle,Potsdam (kein Wechsel),False
2026-08-17 15:51:42.544,person_ID_385,person,Potsdam (kein Wechsel),False
2026-08-17 15:51:42.881,person_ID_384,person,Potsdam (kein Wechsel),False
2026-08-17 15:51:44.416,person_ID_387,person,Berlin (kein Wechsel),False
2026-08-17 15:51:45.081,person_ID_386,person,Potsdam->Berlin,True
2026-08-17 15:51:45.311,bicycle_ID_399,bicycle,Potsdam->Berlin,True
2026-08-17 15:51:45.477,person_ID_389,person,Berlin (kein Wechsel),False
2026-08-17 15:51:45.512,bicycle_ID_400,bicycle,Berlin (kein Wechsel),False
2026-08-17 15:51:45.576,person_ID_388,person,Berlin (kein Wechsel),False
2026-08-17 15:52:00.215,bicycle_ID_401,bicycle,Berlin (kein Wechsel),False
2026-08-17 15:52:01.280,bicycle_ID_402,bicycle,Berlin->Potsdam,True
2026-08-17 15:52:01.512,bicycle_ID_403,bicycle,Berlin->Potsdam,True
2026-08-17 15:52:01.611,person_ID_390,person,Berlin->Potsdam,True
2026-08-17 15:52:05.416,car_ID_572,car,Potsdam (kein Wechsel),False
2026-08-17 15:52:06.144,car_ID_571,car,Berlin->Potsdam,True
2026-08-17 15:52:26.051,bicycle_ID_405,bicycle,Berlin (kein Wechsel),False
2026-08-17 15:52:26.913,bicycle_ID_404,bicycle,Berlin->Potsdam,True
2026-08-17 15:52:26.913,person_ID_391,person,Berlin->Potsdam,True
2026-08-17 15:52:48.413,bicycle_ID_406,bicycle,Potsdam (kein Wechsel),False
2026-08-17 15:52:48.515,bicycle_ID_407,bicycle,Potsdam (kein Wechsel),False
2026-08-17 15:52:49.047,person_ID_392,person,Potsdam (kein Wechsel),False
2026-08-17 15:52:49.118,bicycle_ID_408,bicycle,Potsdam (kein Wechsel),False
2026-08-17 15:52:50.017,bicycle_ID_409,bicycle,Potsdam (kein Wechsel),False
2026-08-17 15:52:54.850,bicycle_ID_410,bicycle,Potsdam->Berlin,True
2026-08-17 15:52:55.382,person_ID_393,person,Potsdam->Berlin,True
2026-08-17 15:53:04.748,bicycle_ID_412,bicycle,Berlin (kein Wechsel),False
2026-08-17 15:53:05.482,bicycle_ID_413,bicycle,Berlin (kein Wechsel),False
2026-08-17 15:53:05.514,person_ID_395,person,Berlin (kein Wechsel),False
2026-08-17 15:53:05.884,bicycle_ID_411,bicycle,Berlin->Potsdam,True
2026-08-17 15:53:06.417,bicycle_ID_414,bicycle,Potsdam (kein Wechsel),False
2026-08-17 15:53:06.680,person_ID_394,person,Berlin->Potsdam,True
2026-08-17 15:53:07.482,car_ID_574,car,Potsdam (kein Wechsel),False
2026-08-17 15:53:07.747,car_ID_573,car,Berlin->Potsdam,True
2026-08-17 15:53:11.384,bicycle_ID_415,bicycle,Berlin (kein Wechsel),False
2026-08-17 15:53:13.116,bicycle_ID_416,bicycle,Berlin->Potsdam,True
2026-08-17 15:53:13.150,person_ID_396,person,Berlin->Potsdam,True
2026-08-17 15:53:14.315,car_ID_576,car,Potsdam (kein Wechsel),False
2026-08-17 15:53:14.483,car_ID_575,car,Berlin->Potsdam,True
2026-08-17 15:53:16.717,car_ID_578,car,Berlin (kein Wechsel),False
2026-08-17 15:53:17.149,car_ID_577,car,Berlin->Potsdam,True
2026-08-17 15:53:17.385,car_ID_579,car,Potsdam (kein Wechsel),False
2026-08-17 15:53:20.918,bicycle_ID_417,bicycle,Berlin (kein Wechsel),False
2026-08-17 15:53:23.220,bicycle_ID_420,bicycle,Berlin (kein Wechsel),False
2026-08-17 15:53:23.516,bicycle_ID_418,bicycle,Berlin->Potsdam,True
2026-08-17 15:53:23.614,person_ID_398,person,Berlin (kein Wechsel),False
2026-08-17 15:53:23.981,person_ID_397,person,Berlin->Potsdam,True
2026-08-17 15:53:24.117,bicycle_ID_419,bicycle,Berlin (kein Wechsel),False
2026-08-17 15:53:24.581,person_ID_399,person,Berlin (kein Wechsel),False
2026-08-17 15:53:27.717,car_ID_580,car,Berlin->Potsdam,True
2026-08-17 15:53:28.416,car_ID_583,car,Potsdam (kein Wechsel),False
2026-08-17 15:53:29.748,car_ID_581,car,Berlin->Potsdam,True
2026-08-17 15:53:29.947,car_ID_582,car,Potsdam (kein Wechsel),False
2026-08-17 15:53:30.816,car_ID_585,car,Potsdam (kein Wechsel),False
2026-08-17 15:53:31.515,car_ID_584,car,Potsdam->Berlin,True
2026-08-17 15:53:31.647,bus_ID_39,bus,Berlin (kein Wechsel),False
2026-08-17 15:53:31.853,bus_ID_38,bus,Berlin (kein Wechsel),False
2026-08-17 15:53:32.182,car_ID_588,car,Potsdam (kein Wechsel),False
2026-08-17 15:53:32.617,car_ID_586,car,Potsdam->Berlin,True
2026-08-17 15:53:35.383,car_ID_587,car,Potsdam->Berlin,True
2026-08-17 15:53:38.085,car_ID_590,car,Potsdam (kein Wechsel),False
2026-08-17 15:53:42.015,car_ID_589,car,Potsdam->Berlin,True
2026-08-17 15:53:49.584,car_ID_592,car,Potsdam (kein Wechsel),False
2026-08-17 15:53:51.685,car_ID_591,car,Potsdam->Berlin,True
2026-08-17 15:53:52.648,bicycle_ID_422,bicycle,Berlin (kein Wechsel),False
2026-08-17 15:53:52.648,person_ID_400,person,Berlin (kein Wechsel),False
2026-08-17 15:53:52.682,bicycle_ID_423,bicycle,Potsdam (kein Wechsel),False
2026-08-17 15:53:53.817,person_ID_403,person,Berlin (kein Wechsel),False
2026-08-17 15:53:53.885,bicycle_ID_425,bicycle,Potsdam (kein Wechsel),False
2026-08-17 15:53:54.049,person_ID_404,person,Potsdam (kein Wechsel),False
2026-08-17 15:53:54.118,bicycle_ID_421,bicycle,Berlin->Potsdam,True
2026-08-17 15:53:54.448,bicycle_ID_426,bicycle,Potsdam (kein Wechsel),False
2026-08-17 15:53:54.681,bicycle_ID_424,bicycle,Berlin->Potsdam,True
2026-08-17 15:53:54.716,person_ID_405,person,Potsdam (kein Wechsel),False
2026-08-17 15:53:54.748,person_ID_401,person,Berlin->Potsdam,True
2026-08-17 15:53:54.748,person_ID_402,person,Potsdam (kein Wechsel),False
2026-08-17 15:53:55.115,person_ID_406,person,Potsdam (kein Wechsel),False
2026-08-17 15:53:56.415,bicycle_ID_427,bicycle,Potsdam->Berlin,True
2026-08-17 15:53:56.553,person_ID_407,person,Potsdam->Berlin,True
2026-08-17 15:53:58.483,bicycle_ID_429,bicycle,Berlin (kein Wechsel),False
2026-08-17 15:53:59.283,person_ID_408,person,Berlin (kein Wechsel),False
2026-08-17 15:53:59.349,bicycle_ID_430,bicycle,Berlin (kein Wechsel),False
2026-08-17 15:53:59.419,bicycle_ID_428,bicycle,Berlin->Potsdam,True
2026-08-17 15:53:59.817,person_ID_409,person,Berlin->Potsdam,True
2026-08-17 15:54:26.084,car_ID_594,car,Potsdam (kein Wechsel),False
2026-08-17 15:54:29.316,car_ID_593,car,Potsdam->Berlin,True
2026-08-17 15:54:35.548,person_ID_410,person,Potsdam (kein Wechsel),False
2026-08-17 15:54:36.251,car_ID_595,car,Potsdam (kein Wechsel),False
2026-08-17 15:54:36.883,person_ID_411,person,Potsdam (kein Wechsel),False
2026-08-17 15:54:39.717,person_ID_412,person,Potsdam (kein Wechsel),False
2026-08-17 15:54:40.753,person_ID_413,person,Potsdam (kein Wechsel),False
2026-08-17 15:54:43.752,person_ID_414,person,Potsdam (kein Wechsel),False
2026-08-17 15:54:45.286,car_ID_596,car,Potsdam (kein Wechsel),False
2026-08-17 15:54:45.416,person_ID_416,person,Potsdam (kein Wechsel),False
2026-08-17 15:54:46.916,person_ID_415,person,Potsdam (kein Wechsel),False
2026-08-17 15:54:48.548,car_ID_597,car,Potsdam (kein Wechsel),False
2026-08-17 15:54:51.250,car_ID_598,car,Potsdam (kein Wechsel),False
2026-08-17 15:54:53.917,car_ID_600,car,Potsdam (kein Wechsel),False
2026-08-17 15:54:54.149,person_ID_418,person,Potsdam (kein Wechsel),False
2026-08-17 15:54:55.617,car_ID_599,car,Potsdam->Berlin,True
2026-08-17 15:54:56.717,person_ID_417,person,Potsdam (kein Wechsel),False
2026-08-17 15:54:56.984,person_ID_419,person,Potsdam (kein Wechsel),False
2026-08-17 15:55:12.084,car_ID_601,car,Potsdam (kein Wechsel),False
2026-08-17 15:55:12.116,car_ID_602,car,Potsdam (kein Wechsel),False
2026-08-17 15:55:13.952,car_ID_603,car,Potsdam->Berlin,True
2026-08-17 15:55:20.620,person_ID_420,person,Berlin->Potsdam,True
2026-08-17 15:55:21.054,bicycle_ID_431,bicycle,Berlin->Potsdam,True
2026-08-17 15:55:50.786,bicycle_ID_432,bicycle,Berlin->Potsdam,True
2026-08-17 15:55:51.386,person_ID_421,person,Berlin->Potsdam,True
2026-08-17 15:55:51.754,car_ID_605,car,Potsdam (kein Wechsel),False
2026-08-17 15:55:52.554,bicycle_ID_433,bicycle,Berlin (kein Wechsel),False
2026-08-17 15:55:52.585,bicycle_ID_434,bicycle,Berlin->Potsdam,True
2026-08-17 15:55:53.115,person_ID_422,person,Berlin->Potsdam,True
2026-08-17 15:55:53.356,car_ID_604,car,Potsdam->Berlin,True
2026-08-17 15:56:12.519,car_ID_607,car,Potsdam (kein Wechsel),False
2026-08-17 15:56:12.723,car_ID_606,car,Berlin->Potsdam,True
2026-08-17 15:56:13.558,car_ID_608,car,Potsdam (kein Wechsel),False
2026-08-17 15:56:34.723,bicycle_ID_436,bicycle,Potsdam (kein Wechsel),False
2026-08-17 15:56:34.822,car_ID_610,car,Potsdam (kein Wechsel),False
2026-08-17 15:56:35.417,bicycle_ID_435,bicycle,Potsdam (kein Wechsel),False
2026-08-17 15:56:35.489,car_ID_609,car,Berlin->Potsdam,True
2026-08-17 15:56:36.154,car_ID_611,car,Potsdam (kein Wechsel),False
2026-08-17 15:56:36.217,person_ID_423,person,Potsdam (kein Wechsel),False
2026-08-17 15:56:37.723,person_ID_425,person,Berlin (kein Wechsel),False
2026-08-17 15:56:37.921,bicycle_ID_438,bicycle,Potsdam (kein Wechsel),False
2026-08-17 15:56:38.790,bicycle_ID_437,bicycle,Potsdam->Berlin,True
2026-08-17 15:56:39.756,person_ID_426,person,Berlin (kein Wechsel),False
2026-08-17 15:56:40.390,bicycle_ID_440,bicycle,Berlin (kein Wechsel),False
2026-08-17 15:56:41.025,bicycle_ID_441,bicycle,Berlin (kein Wechsel),False
2026-08-17 15:56:41.321,bicycle_ID_439,bicycle,Berlin (kein Wechsel),False
2026-08-17 15:56:41.424,person_ID_429,person,Berlin (kein Wechsel),False
2026-08-17 15:56:41.657,bicycle_ID_442,bicycle,Berlin (kein Wechsel),False
2026-08-17 15:56:41.688,person_ID_427,person,Berlin (kein Wechsel),False
2026-08-17 15:56:41.757,bicycle_ID_443,bicycle,Berlin (kein Wechsel),False
2026-08-17 15:56:41.923,person_ID_424,person,Potsdam->Berlin,True
2026-08-17 15:56:43.924,person_ID_428,person,Berlin->Potsdam,True
2026-08-17 15:56:44.091,bicycle_ID_447,bicycle,Berlin (kein Wechsel),False
2026-08-17 15:56:44.888,bicycle_ID_445,bicycle,Berlin->Potsdam,True
2026-08-17 15:56:45.526,bicycle_ID_446,bicycle,Potsdam (kein Wechsel),False
2026-08-17 15:56:45.793,car_ID_612,car,Potsdam (kein Wechsel),False
2026-08-17 15:56:45.824,bicycle_ID_448,bicycle,Berlin->Potsdam,True
2026-08-17 15:56:45.987,bicycle_ID_451,bicycle,Berlin (kein Wechsel),False
2026-08-17 15:56:46.828,bicycle_ID_453,bicycle,Potsdam (kein Wechsel),False
2026-08-17 15:56:46.929,person_ID_431,person,Potsdam (kein Wechsel),False
2026-08-17 15:56:47.125,car_ID_613,car,Potsdam (kein Wechsel),False
2026-08-17 15:56:47.791,bicycle_ID_450,bicycle,Potsdam (kein Wechsel),False
2026-08-17 15:56:48.226,bicycle_ID_452,bicycle,Berlin->Potsdam,True
2026-08-17 15:56:48.258,person_ID_430,person,Berlin->Potsdam,True
2026-08-17 15:56:48.523,car_ID_614,car,Potsdam (kein Wechsel),False
2026-08-17 15:56:49.057,bicycle_ID_444,bicycle,Berlin->Potsdam,True
2026-08-17 15:56:50.123,bicycle_ID_449,bicycle,Berlin->Potsdam,True
2026-08-17 15:57:14.522,bicycle_ID_454,bicycle,Potsdam (kein Wechsel),False
2026-08-17 15:57:14.658,car_ID_616,car,Potsdam (kein Wechsel),False
2026-08-17 15:57:14.955,person_ID_432,person,Potsdam (kein Wechsel),False
2026-08-17 15:57:15.394,person_ID_433,person,Potsdam (kein Wechsel),False
2026-08-17 15:57:16.929,bicycle_ID_455,bicycle,Potsdam->Berlin,True
2026-08-17 15:57:17.158,bicycle_ID_456,bicycle,Potsdam (kein Wechsel),False
2026-08-17 15:57:17.692,car_ID_615,car,Potsdam->Berlin,True
2026-08-17 15:57:18.654,person_ID_435,person,Potsdam (kein Wechsel),False
2026-08-17 15:57:19.325,person_ID_434,person,Potsdam->Berlin,True
2026-08-17 15:57:21.356,person_ID_436,person,Potsdam->Berlin,True
2026-08-17 15:57:21.557,bicycle_ID_457,bicycle,Berlin (kein Wechsel),False
2026-08-17 15:57:26.157,car_ID_617,car,Berlin->Potsdam,True
2026-08-17 15:57:37.223,car_ID_619,car,Potsdam (kein Wechsel),False
2026-08-17 15:57:39.357,car_ID_618,car,Potsdam->Berlin,True
2026-08-17 15:58:09.788,person_ID_437,person,Berlin (kein Wechsel),False
2026-08-17 15:58:12.958,person_ID_438,person,Berlin (kein Wechsel),False
2026-08-17 15:58:18.125,person_ID_439,person,Berlin (kein Wechsel),False
2026-08-17 15:58:21.425,person_ID_440,person,Potsdam (kein Wechsel),False
2026-08-17 15:58:22.557,person_ID_441,person,Potsdam (kein Wechsel),False
2026-08-17 15:58:25.960,person_ID_442,person,Potsdam (kein Wechsel),False
2026-08-17 15:58:28.025,bicycle_ID_458,bicycle,Potsdam (kein Wechsel),False
2026-08-17 15:58:31.060,bicycle_ID_459,bicycle,Potsdam (kein Wechsel),False
2026-08-17 15:58:31.228,car_ID_621,car,Potsdam (kein Wechsel),False
2026-08-17 15:58:31.328,car_ID_620,car,Berlin->Potsdam,True
2026-08-17 15:58:32.596,car_ID_622,car,Potsdam (kein Wechsel),False
2026-08-17 15:58:33.162,bicycle_ID_461,bicycle,Potsdam (kein Wechsel),False
2026-08-17 15:58:33.360,person_ID_443,person,Potsdam (kein Wechsel),False
2026-08-17 15:58:34.461,person_ID_446,person,Potsdam (kein Wechsel),False
2026-08-17 15:58:34.492,bicycle_ID_462,bicycle,Berlin (kein Wechsel),False
2026-08-17 15:58:35.134,bicycle_ID_460,bicycle,Potsdam->Berlin,True
2026-08-17 15:58:35.168,person_ID_447,person,Berlin (kein Wechsel),False
2026-08-17 15:58:35.264,person_ID_444,person,Potsdam->Berlin,True
2026-08-17 15:58:35.364,person_ID_445,person,Potsdam->Berlin,True
2026-08-17 15:58:35.627,person_ID_448,person,Potsdam (kein Wechsel),False
2026-08-17 15:58:36.164,person_ID_449,person,Potsdam (kein Wechsel),False
2026-08-17 15:58:36.229,person_ID_450,person,Berlin (kein Wechsel),False
2026-08-17 15:58:37.095,bicycle_ID_463,bicycle,Berlin (kein Wechsel),False
2026-08-17 15:58:37.397,person_ID_451,person,Potsdam (kein Wechsel),False
2026-08-17 15:58:38.656,car_ID_624,car,Potsdam (kein Wechsel),False
2026-08-17 15:58:39.993,bicycle_ID_464,bicycle,Potsdam (kein Wechsel),False
2026-08-17 15:58:40.461,car_ID_627,car,Potsdam (kein Wechsel),False
2026-08-17 15:58:42.159,car_ID_623,car,Potsdam->Berlin,True
2026-08-17 15:58:42.294,car_ID_628,car,Potsdam->Berlin,True
2026-08-17 15:58:42.796,car_ID_625,car,Potsdam->Berlin,True
2026-08-17 15:58:43.697,car_ID_626,car,Potsdam (kein Wechsel),False
2026-08-17 15:58:44.528,bus_ID_41,bus,Berlin (kein Wechsel),False
2026-08-17 15:58:44.697,bus_ID_40,bus,Berlin (kein Wechsel),False
2026-08-17 15:58:44.858,car_ID_630,car,Potsdam (kein Wechsel),False
2026-08-17 15:58:45.126,car_ID_631,car,Berlin (kein Wechsel),False
2026-08-17 15:58:47.727,car_ID_629,car,Potsdam->Berlin,True
2026-08-17 15:58:49.465,bicycle_ID_465,bicycle,Potsdam (kein Wechsel),False
2026-08-17 15:58:49.497,person_ID_453,person,Berlin (kein Wechsel),False
2026-08-17 15:58:49.597,person_ID_452,person,Berlin->Potsdam,True
2026-08-17 15:58:50.160,person_ID_454,person,Berlin->Potsdam,True
2026-08-17 15:58:50.464,car_ID_633,car,Berlin->Potsdam,True
2026-08-17 15:58:51.461,car_ID_632,car,Berlin->Potsdam,True
2026-08-17 15:58:51.628,car_ID_634,car,Potsdam (kein Wechsel),False
2026-08-17 15:58:52.004,person_ID_455,person,Potsdam (kein Wechsel),False
2026-08-17 15:58:52.037,car_ID_636,car,Potsdam (kein Wechsel),False
2026-08-17 15:58:52.893,bicycle_ID_466,bicycle,Potsdam (kein Wechsel),False
2026-08-17 15:58:53.093,car_ID_637,car,Potsdam (kein Wechsel),False
2026-08-17 15:58:53.492,bicycle_ID_467,bicycle,Potsdam (kein Wechsel),False
2026-08-17 15:58:54.564,person_ID_456,person,Potsdam (kein Wechsel),False
2026-08-17 15:58:54.727,car_ID_635,car,Berlin->Potsdam,True
2026-08-17 15:58:54.958,person_ID_457,person,Potsdam (kein Wechsel),False
2026-08-17 15:58:55.328,car_ID_638,car,Berlin (kein Wechsel),False
2026-08-17 15:58:58.360,bicycle_ID_468,bicycle,Potsdam (kein Wechsel),False
2026-08-17 15:59:05.530,car_ID_639,car,Berlin->Potsdam,True
2026-08-17 15:59:09.895,car_ID_640,car,Berlin->Potsdam,True
2026-08-17 15:59:11.800,car_ID_643,car,Potsdam (kein Wechsel),False
2026-08-17 15:59:12.193,car_ID_642,car,Berlin->Potsdam,True
2026-08-17 15:59:14.159,car_ID_641,car,Potsdam->Berlin,True
2026-08-17 15:59:23.927,car_ID_645,car,Berlin (kein Wechsel),False
2026-08-17 15:59:23.959,car_ID_644,car,Berlin (kein Wechsel),False
2026-08-17 15:59:28.063,car_ID_647,car,Potsdam (kein Wechsel),False
2026-08-17 15:59:31.395,car_ID_646,car,Potsdam->Berlin,True
2026-08-17 15:59:36.562,car_ID_649,car,Potsdam (kein Wechsel),False
2026-08-17 15:59:38.300,car_ID_648,car,Potsdam->Berlin,True
2026-08-17 15:59:38.897,bicycle_ID_469,bicycle,Berlin (kein Wechsel),False
2026-08-17 15:59:39.258,bicycle_ID_470,bicycle,Berlin->Potsdam,True
2026-08-17 15:59:39.762,person_ID_458,person,Berlin->Potsdam,True
2026-08-17 15:59:51.298,car_ID_650,car,Berlin->Potsdam,True
2026-08-17 16:00:05.331,person_ID_459,person,Berlin->Potsdam,True
2026-08-17 16:00:08.632,car_ID_651,car,Berlin->Potsdam,True
2026-08-17 16:00:13.628,bicycle_ID_471,bicycle,Berlin (kein Wechsel),False
2026-08-17 16:00:15.799,bicycle_ID_472,bicycle,Berlin->Potsdam,True
2026-08-17 16:00:15.832,person_ID_460,person,Berlin->Potsdam,True
2026-08-17 16:00:18.097,bicycle_ID_473,bicycle,Berlin (kein Wechsel),False
2026-08-17 16:00:19.328,bicycle_ID_474,bicycle,Berlin->Potsdam,True
2026-08-17 16:00:19.328,person_ID_461,person,Berlin->Potsdam,True
2026-08-17 16:00:30.499,bicycle_ID_475,bicycle,Berlin (kein Wechsel),False
2026-08-17 16:00:33.231,person_ID_463,person,Berlin->Potsdam,True
2026-08-17 16:00:33.300,bicycle_ID_476,bicycle,Berlin->Potsdam,True
2026-08-17 16:00:33.400,person_ID_462,person,Potsdam (kein Wechsel),False
2026-08-17 16:00:40.166,person_ID_464,person,Potsdam->Berlin,True
2026-08-17 16:00:42.066,person_ID_465,person,Berlin (kein Wechsel),False
2026-08-17 16:00:44.233,person_ID_466,person,Berlin (kein Wechsel),False
2026-08-17 16:00:47.702,person_ID_467,person,Berlin (kein Wechsel),False
2026-08-17 16:00:51.132,person_ID_468,person,Berlin (kein Wechsel),False
2026-08-17 16:01:14.164,car_ID_653,car,Potsdam (kein Wechsel),False
2026-08-17 16:01:17.268,car_ID_652,car,Potsdam->Berlin,True
2026-08-17 16:01:33.267,car_ID_655,car,Potsdam (kein Wechsel),False
2026-08-17 16:01:35.465,car_ID_654,car,Potsdam->Berlin,True
2026-08-17 16:01:38.573,bicycle_ID_477,bicycle,Berlin->Potsdam,True
2026-08-17 16:01:38.667,person_ID_469,person,Berlin->Potsdam,True
2026-08-17 16:02:01.367,car_ID_657,car,Potsdam (kein Wechsel),False
2026-08-17 16:02:03.669,car_ID_656,car,Potsdam->Berlin,True
2026-08-17 16:02:16.238,car_ID_658,car,Berlin->Potsdam,True
2026-08-17 16:02:25.300,car_ID_660,car,Potsdam (kein Wechsel),False
2026-08-17 16:02:27.737,car_ID_659,car,Potsdam->Berlin,True
2026-08-17 16:02:47.238,car_ID_661,car,Berlin->Potsdam,True
2026-08-17 16:02:47.605,car_ID_663,car,Potsdam (kein Wechsel),False
2026-08-17 16:02:49.704,car_ID_662,car,Potsdam->Berlin,True
2026-08-17 16:02:49.904,car_ID_665,car,Potsdam (kein Wechsel),False
2026-08-17 16:02:52.739,car_ID_664,car,Potsdam->Berlin,True
2026-08-17 16:02:58.373,car_ID_666,car,Potsdam->Berlin,True
2026-08-17 16:03:12.707,bicycle_ID_478,bicycle,Berlin->Potsdam,True
2026-08-17 16:03:12.739,car_ID_668,car,Potsdam (kein Wechsel),False
2026-08-17 16:03:13.207,person_ID_470,person,Berlin->Potsdam,True
2026-08-17 16:03:15.171,bus_ID_42,bus,Berlin (kein Wechsel),False
2026-08-17 16:03:15.372,car_ID_667,car,Potsdam->Berlin,True
2026-08-17 16:03:44.709,bicycle_ID_479,bicycle,Potsdam (kein Wechsel),False
2026-08-17 16:03:46.510,car_ID_669,car,Berlin->Potsdam,True
2026-08-17 16:03:51.842,person_ID_472,person,Potsdam->Berlin,True
2026-08-17 16:03:52.010,person_ID_471,person,Potsdam->Berlin,True
2026-08-17 16:04:01.173,car_ID_670,car,Berlin (kein Wechsel),False
2026-08-17 16:04:01.212,car_ID_671,car,Berlin (kein Wechsel),False
2026-08-17 16:04:04.474,car_ID_673,car,Potsdam (kein Wechsel),False
2026-08-17 16:04:04.680,car_ID_672,car,Berlin->Potsdam,True
2026-08-17 16:04:05.379,person_ID_473,person,Potsdam (kein Wechsel),False
2026-08-17 16:04:05.671,bicycle_ID_481,bicycle,Potsdam (kein Wechsel),False
2026-08-17 16:04:05.773,bicycle_ID_480,bicycle,Potsdam (kein Wechsel),False
2026-08-17 16:04:06.509,bicycle_ID_482,bicycle,Potsdam (kein Wechsel),False
2026-08-17 16:04:06.573,bicycle_ID_483,bicycle,Potsdam (kein Wechsel),False
2026-08-17 16:04:06.641,person_ID_474,person,Potsdam (kein Wechsel),False
2026-08-17 16:04:07.908,person_ID_475,person,Potsdam->Berlin,True
2026-08-17 16:04:08.241,bicycle_ID_484,bicycle,Berlin (kein Wechsel),False
2026-08-17 16:04:09.075,bicycle_ID_485,bicycle,Berlin (kein Wechsel),False
2026-08-17 16:04:09.109,person_ID_477,person,Berlin (kein Wechsel),False
2026-08-17 16:04:10.773,person_ID_476,person,Berlin (kein Wechsel),False
2026-08-17 16:04:11.246,person_ID_478,person,Berlin (kein Wechsel),False
2026-08-17 16:04:12.110,car_ID_674,car,Potsdam (kein Wechsel),False
2026-08-17 16:04:15.076,bus_ID_43,bus,Potsdam->Berlin,True
2026-08-17 16:04:18.009,bus_ID_44,bus,Potsdam->Berlin,True
2026-08-17 16:04:18.243,car_ID_676,car,Berlin (kein Wechsel),False
2026-08-17 16:04:19.445,car_ID_677,car,Potsdam (kein Wechsel),False
2026-08-17 16:04:22.342,car_ID_678,car,Berlin->Potsdam,True
2026-08-17 16:04:22.474,car_ID_675,car,Potsdam->Berlin,True
2026-08-17 16:04:30.577,car_ID_679,car,Berlin (kein Wechsel),False
2026-08-17 16:04:31.110,car_ID_680,car,Berlin->Potsdam,True
2026-08-17 16:04:33.909,car_ID_681,car,Berlin->Potsdam,True
2026-08-17 16:04:34.777,car_ID_682,car,Potsdam (kein Wechsel),False
2026-08-17 16:05:03.010,car_ID_684,car,Potsdam (kein Wechsel),False
2026-08-17 16:05:05.043,car_ID_683,car,Potsdam->Berlin,True
2026-08-17 16:05:25.144,car_ID_686,car,Potsdam (kein Wechsel),False
2026-08-17 16:05:25.180,car_ID_685,car,Berlin->Potsdam,True
2026-08-17 16:05:35.349,person_ID_479,person,Potsdam->Berlin,True
2026-08-17 16:05:37.748,person_ID_480,person,Berlin (kein Wechsel),False
2026-08-17 16:05:38.446,car_ID_688,car,Berlin (kein Wechsel),False
2026-08-17 16:05:38.744,car_ID_687,car,Berlin->Potsdam,True
2026-08-17 16:05:48.113,car_ID_690,car,Potsdam (kein Wechsel),False
2026-08-17 16:05:49.214,car_ID_689,car,Berlin->Potsdam,True
2026-08-17 16:05:50.213,car_ID_691,car,Potsdam (kein Wechsel),False
2026-08-17 16:05:53.680,car_ID_693,car,Potsdam (kein Wechsel),False
2026-08-17 16:05:54.249,car_ID_692,car,Berlin->Potsdam,True
2026-08-17 16:05:59.915,car_ID_694,car,Berlin->Potsdam,True
2026-08-17 16:06:01.944,car_ID_695,car,Berlin->Potsdam,True
2026-08-17 16:06:02.082,car_ID_696,car,Berlin->Potsdam,True
2026-08-17 16:06:11.813,car_ID_697,car,Berlin->Potsdam,True
2026-08-17 16:06:11.846,car_ID_698,car,Berlin->Potsdam,True
2026-08-17 16:06:13.081,person_ID_481,person,Berlin->Potsdam,True
2026-08-17 16:06:15.782,person_ID_482,person,Berlin (kein Wechsel),False
2026-08-17 16:06:17.115,person_ID_483,person,Berlin (kein Wechsel),False
2026-08-17 16:06:19.618,person_ID_484,person,Berlin->Potsdam,True
2026-08-17 16:06:38.782,bicycle_ID_487,bicycle,Potsdam (kein Wechsel),False
2026-08-17 16:06:39.747,bicycle_ID_488,bicycle,Potsdam (kein Wechsel),False
2026-08-17 16:06:39.851,car_ID_699,car,Potsdam (kein Wechsel),False
2026-08-17 16:06:42.083,bicycle_ID_486,bicycle,Potsdam->Berlin,True
2026-08-17 16:06:42.816,person_ID_485,person,Potsdam->Berlin,True
2026-08-17 16:07:05.357,person_ID_488,person,Potsdam (kein Wechsel),False
2026-08-17 16:07:05.390,person_ID_489,person,Potsdam (kein Wechsel),False
2026-08-17 16:07:05.584,person_ID_487,person,Berlin (kein Wechsel),False
2026-08-17 16:07:06.420,bicycle_ID_491,bicycle,Potsdam->Berlin,True
2026-08-17 16:07:06.652,bicycle_ID_490,bicycle,Berlin (kein Wechsel),False
2026-08-17 16:07:06.651,bicycle_ID_492,bicycle,Berlin (kein Wechsel),False
2026-08-17 16:07:06.684,person_ID_492,person,Berlin (kein Wechsel),False
2026-08-17 16:07:06.950,person_ID_493,person,Berlin (kein Wechsel),False
2026-08-17 16:07:07.354,person_ID_490,person,Potsdam->Berlin,True
2026-08-17 16:07:07.585,person_ID_491,person,Berlin->Potsdam,True
2026-08-17 16:07:08.053,bicycle_ID_489,bicycle,Berlin->Potsdam,True
2026-08-17 16:07:08.356,person_ID_494,person,Berlin (kein Wechsel),False
2026-08-17 16:07:09.154,person_ID_486,person,Berlin->Potsdam,True
2026-08-17 16:07:18.750,bicycle_ID_493,bicycle,Berlin->Potsdam,True
2026-08-17 16:07:19.085,person_ID_495,person,Berlin->Potsdam,True
2026-08-17 16:07:23.015,car_ID_701,car,Berlin->Potsdam,True
2026-08-17 16:07:23.115,car_ID_700,car,Berlin->Potsdam,True
2026-08-17 16:07:39.052,car_ID_703,car,Berlin->Potsdam,True
2026-08-17 16:07:39.554,car_ID_702,car,Berlin->Potsdam,True
2026-08-17 16:07:49.488,bicycle_ID_494,bicycle,Berlin->Potsdam,True
2026-08-17 16:07:49.855,person_ID_496,person,Berlin->Potsdam,True
2026-08-17 16:07:50.752,car_ID_704,car,Berlin->Potsdam,True
2026-08-17 16:07:53.286,car_ID_705,car,Berlin->Potsdam,True
2026-08-17 16:08:00.752,car_ID_706,car,Berlin->Potsdam,True
2026-08-17 16:08:02.653,bicycle_ID_495,bicycle,Berlin (kein Wechsel),False
2026-08-17 16:08:04.354,bicycle_ID_497,bicycle,Berlin (kein Wechsel),False
2026-08-17 16:08:06.124,person_ID_497,person,Berlin->Potsdam,True
2026-08-17 16:08:06.655,bicycle_ID_496,bicycle,Berlin->Potsdam,True
2026-08-17 16:08:24.188,car_ID_708,car,Potsdam (kein Wechsel),False
2026-08-17 16:08:25.455,car_ID_707,car,Potsdam->Berlin,True
2026-08-17 16:08:30.423,bicycle_ID_498,bicycle,Potsdam (kein Wechsel),False
2026-08-17 16:08:30.990,bicycle_ID_499,bicycle,Potsdam (kein Wechsel),False
2026-08-17 16:08:31.518,person_ID_498,person,Potsdam (kein Wechsel),False
2026-08-17 16:08:33.558,bicycle_ID_500,bicycle,Potsdam->Berlin,True
2026-08-17 16:08:33.689,car_ID_709,car,Potsdam (kein Wechsel),False
2026-08-17 16:08:35.422,car_ID_710,car,Potsdam->Berlin,True
2026-08-17 16:08:35.788,bicycle_ID_501,bicycle,Berlin (kein Wechsel),False
2026-08-17 16:08:35.988,person_ID_499,person,Potsdam->Berlin,True
2026-08-17 16:08:41.223,car_ID_711,car,Potsdam (kein Wechsel),False
2026-08-17 16:08:43.455,car_ID_713,car,Berlin (kein Wechsel),False
2026-08-17 16:08:43.489,car_ID_712,car,Potsdam->Berlin,True
2026-08-17 16:08:43.756,bus_ID_45,bus,Berlin (kein Wechsel),False
2026-08-17 16:08:44.757,person_ID_500,person,Potsdam (kein Wechsel),False
2026-08-17 16:08:45.258,bicycle_ID_502,bicycle,Potsdam (kein Wechsel),False
2026-08-17 16:08:45.588,car_ID_714,car,Berlin->Potsdam,True
2026-08-17 16:08:45.923,bicycle_ID_503,bicycle,Potsdam (kein Wechsel),False
2026-08-17 16:08:46.088,person_ID_502,person,Potsdam (kein Wechsel),False
2026-08-17 16:08:49.061,person_ID_501,person,Potsdam->Berlin,True
2026-08-17 16:09:06.825,car_ID_715,car,Berlin (kein Wechsel),False
2026-08-17 16:09:08.089,person_ID_503,person,Berlin (kein Wechsel),False
2026-08-17 16:09:08.657,person_ID_504,person,Berlin->Potsdam,True
2026-08-17 16:09:08.927,bicycle_ID_504,bicycle,Potsdam (kein Wechsel),False
2026-08-17 16:09:15.324,car_ID_716,car,Berlin (kein Wechsel),False
2026-08-17 16:09:15.389,car_ID_717,car,Berlin (kein Wechsel),False
2026-08-17 16:09:30.357,car_ID_719,car,Potsdam (kein Wechsel),False
2026-08-17 16:09:33.224,car_ID_718,car,Potsdam->Berlin,True
2026-08-17 16:09:52.322,bicycle_ID_505,bicycle,Berlin (kein Wechsel),False
2026-08-17 16:09:52.589,bicycle_ID_507,bicycle,Berlin (kein Wechsel),False
2026-08-17 16:09:53.894,person_ID_505,person,Berlin (kein Wechsel),False
2026-08-17 16:09:54.390,bicycle_ID_506,bicycle,Berlin->Potsdam,True
2026-08-17 16:09:54.391,person_ID_506,person,Berlin->Potsdam,True
2026-08-17 16:10:20.360,person_ID_507,person,Potsdam (kein Wechsel),False
2026-08-17 16:10:21.026,bicycle_ID_508,bicycle,Potsdam (kein Wechsel),False
2026-08-17 16:10:22.095,person_ID_508,person,Potsdam (kein Wechsel),False
2026-08-17 16:10:23.128,car_ID_720,car,Berlin->Potsdam,True
2026-08-17 16:10:24.095,bicycle_ID_509,bicycle,Potsdam->Berlin,True
2026-08-17 16:10:24.095,person_ID_509,person,Potsdam->Berlin,True
2026-08-17 16:10:24.330,bicycle_ID_510,bicycle,Berlin (kein Wechsel),False
2026-08-17 16:10:25.361,person_ID_510,person,Berlin (kein Wechsel),False
2026-08-17 16:10:25.495,bicycle_ID_511,bicycle,Berlin (kein Wechsel),False
2026-08-17 16:10:25.896,person_ID_511,person,Berlin (kein Wechsel),False
2026-08-17 16:10:25.966,car_ID_721,car,Berlin->Potsdam,True
2026-08-17 16:10:30.928,car_ID_723,car,Potsdam (kein Wechsel),False
2026-08-17 16:10:33.496,car_ID_722,car,Potsdam->Berlin,True
2026-08-17 16:10:56.799,bicycle_ID_512,bicycle,Potsdam (kein Wechsel),False
2026-08-17 16:10:57.428,person_ID_512,person,Potsdam (kein Wechsel),False
2026-08-17 16:10:59.129,person_ID_513,person,Potsdam->Berlin,True
2026-08-17 16:10:59.499,person_ID_514,person,Berlin (kein Wechsel),False
2026-08-17 16:10:59.531,bicycle_ID_513,bicycle,Potsdam->Berlin,True
2026-08-17 16:11:01.104,person_ID_515,person,Berlin (kein Wechsel),False
2026-08-17 16:11:01.264,bicycle_ID_515,bicycle,Berlin (kein Wechsel),False
2026-08-17 16:11:01.900,bicycle_ID_514,bicycle,Berlin->Potsdam,True
2026-08-17 16:11:02.265,person_ID_516,person,Berlin->Potsdam,True
2026-08-17 16:11:03.998,bicycle_ID_517,bicycle,Potsdam (kein Wechsel),False
2026-08-17 16:11:04.760,bicycle_ID_518,bicycle,Potsdam (kein Wechsel),False
2026-08-17 16:11:04.798,person_ID_518,person,Potsdam (kein Wechsel),False
2026-08-17 16:11:04.830,person_ID_517,person,Potsdam (kein Wechsel),False
2026-08-17 16:11:04.963,person_ID_519,person,Potsdam (kein Wechsel),False
2026-08-17 16:11:08.460,person_ID_520,person,Potsdam->Berlin,True
2026-08-17 16:11:08.497,bicycle_ID_516,bicycle,Potsdam->Berlin,True
2026-08-17 16:11:12.331,person_ID_521,person,Berlin->Potsdam,True
2026-08-17 16:11:12.829,bicycle_ID_519,bicycle,Berlin->Potsdam,True
2026-08-17 16:11:20.366,car_ID_724,car,Berlin->Potsdam,True
2026-08-17 16:11:26.370,car_ID_726,car,Potsdam (kein Wechsel),False
2026-08-17 16:11:28.036,car_ID_725,car,Potsdam->Berlin,True
2026-08-17 16:11:32.932,bicycle_ID_520,bicycle,Berlin (kein Wechsel),False
2026-08-17 16:11:34.760,person_ID_522,person,Berlin->Potsdam,True
2026-08-17 16:11:47.433,bicycle_ID_521,bicycle,Berlin->Potsdam,True
2026-08-17 16:11:47.969,person_ID_523,person,Berlin->Potsdam,True
2026-08-17 16:11:48.032,car_ID_727,car,Potsdam->Berlin,True
2026-08-17 16:11:49.369,car_ID_728,car,Potsdam (kein Wechsel),False
2026-08-17 16:11:51.500,car_ID_729,car,Potsdam->Berlin,True
2026-08-17 16:11:58.164,car_ID_731,car,Potsdam (kein Wechsel),False
2026-08-17 16:12:00.434,car_ID_730,car,Potsdam->Berlin,True
2026-08-17 16:12:05.869,bicycle_ID_523,bicycle,Potsdam (kein Wechsel),False
2026-08-17 16:12:06.601,bicycle_ID_522,bicycle,Potsdam (kein Wechsel),False
2026-08-17 16:12:07.267,bicycle_ID_524,bicycle,Potsdam (kein Wechsel),False
2026-08-17 16:12:07.364,person_ID_524,person,Potsdam (kein Wechsel),False
2026-08-17 16:12:08.498,bicycle_ID_526,bicycle,Berlin (kein Wechsel),False
2026-08-17 16:12:08.931,bicycle_ID_525,bicycle,Potsdam->Berlin,True
2026-08-17 16:12:09.932,person_ID_525,person,Berlin (kein Wechsel),False
2026-08-17 16:12:10.201,bicycle_ID_527,bicycle,Berlin (kein Wechsel),False
2026-08-17 16:12:16.900,bicycle_ID_528,bicycle,Berlin->Potsdam,True
2026-08-17 16:12:16.900,person_ID_526,person,Berlin->Potsdam,True
2026-08-17 16:12:20.067,bicycle_ID_529,bicycle,Potsdam (kein Wechsel),False
2026-08-17 16:12:20.733,person_ID_527,person,Potsdam (kein Wechsel),False
2026-08-17 16:12:22.171,person_ID_528,person,Potsdam (kein Wechsel),False
2026-08-17 16:12:23.602,person_ID_529,person,Berlin (kein Wechsel),False
2026-08-17 16:12:24.035,bicycle_ID_530,bicycle,Potsdam->Berlin,True
2026-08-17 16:12:24.338,person_ID_530,person,Berlin (kein Wechsel),False
2026-08-17 16:12:25.134,bicycle_ID_531,bicycle,Berlin (kein Wechsel),False
2026-08-17 16:12:25.468,bicycle_ID_532,bicycle,Berlin (kein Wechsel),False
2026-08-17 16:13:02.002,car_ID_733,car,Potsdam (kein Wechsel),False
2026-08-17 16:13:03.973,car_ID_732,car,Potsdam->Berlin,True
2026-08-17 16:13:04.235,bicycle_ID_533,bicycle,Berlin (kein Wechsel),False
2026-08-17 16:13:04.641,bicycle_ID_535,bicycle,Berlin (kein Wechsel),False
2026-08-17 16:13:05.471,bicycle_ID_534,bicycle,Berlin->Potsdam,True
2026-08-17 16:13:05.537,person_ID_531,person,Berlin->Potsdam,True
2026-08-17 16:13:05.972,bicycle_ID_536,bicycle,Berlin->Potsdam,True
2026-08-17 16:13:05.972,person_ID_532,person,Berlin->Potsdam,True
2026-08-17 16:13:18.337,car_ID_734,car,Berlin->Potsdam,True
2026-08-17 16:13:19.238,bicycle_ID_537,bicycle,Potsdam (kein Wechsel),False
2026-08-17 16:13:21.873,bicycle_ID_538,bicycle,Potsdam->Berlin,True
2026-08-17 16:13:23.072,person_ID_534,person,Berlin (kein Wechsel),False
2026-08-17 16:13:23.136,person_ID_535,person,Berlin (kein Wechsel),False
2026-08-17 16:13:23.339,person_ID_536,person,Berlin (kein Wechsel),False
2026-08-17 16:13:24.603,person_ID_533,person,Potsdam->Berlin,True
2026-08-17 16:13:38.606,car_ID_735,car,Berlin->Potsdam,True
2026-08-17 16:13:49.205,car_ID_736,car,Potsdam->Berlin,True
2026-08-17 16:13:51.641,person_ID_537,person,Berlin->Potsdam,True
2026-08-17 16:13:51.807,bicycle_ID_539,bicycle,Berlin->Potsdam,True
2026-08-17 16:13:59.603,car_ID_737,car,Berlin->Potsdam,True
2026-08-17 16:14:00.340,car_ID_738,car,Potsdam (kein Wechsel),False
2026-08-17 16:14:00.372,bicycle_ID_541,bicycle,Berlin->Potsdam,True
2026-08-17 16:14:00.473,person_ID_538,person,Berlin->Potsdam,True
2026-08-17 16:14:00.504,bicycle_ID_540,bicycle,Berlin->Potsdam,True
2026-08-17 16:14:01.942,bicycle_ID_542,bicycle,Potsdam (kein Wechsel),False
2026-08-17 16:14:02.341,bicycle_ID_543,bicycle,Potsdam (kein Wechsel),False
2026-08-17 16:14:02.474,person_ID_539,person,Potsdam (kein Wechsel),False
2026-08-17 16:14:03.011,bicycle_ID_544,bicycle,Potsdam (kein Wechsel),False
2026-08-17 16:14:03.580,bicycle_ID_545,bicycle,Potsdam (kein Wechsel),False
2026-08-17 16:14:04.174,car_ID_739,car,Berlin->Potsdam,True
2026-08-17 16:14:05.472,bicycle_ID_546,bicycle,Berlin (kein Wechsel),False
2026-08-17 16:14:05.710,person_ID_540,person,Potsdam->Berlin,True
2026-08-17 16:14:05.909,bicycle_ID_547,bicycle,Berlin (kein Wechsel),False
2026-08-17 16:14:14.042,car_ID_740,car,Berlin->Potsdam,True
2026-08-17 16:14:14.975,bus_ID_46,bus,Potsdam (kein Wechsel),False
2026-08-17 16:14:15.841,car_ID_741,car,Potsdam (kein Wechsel),False
2026-08-17 16:14:35.143,car_ID_743,car,Potsdam (kein Wechsel),False
2026-08-17 16:14:38.810,car_ID_742,car,Potsdam->Berlin,True
2026-08-17 16:14:39.875,car_ID_744,car,Berlin->Potsdam,True
2026-08-17 16:14:40.811,car_ID_745,car,Potsdam (kein Wechsel),False
2026-08-17 16:14:44.844,bicycle_ID_548,bicycle,Berlin->Potsdam,True
2026-08-17 16:14:45.244,person_ID_541,person,Berlin->Potsdam,True
2026-08-17 16:14:49.374,car_ID_747,car,Potsdam (kein Wechsel),False
2026-08-17 16:14:52.377,car_ID_746,car,Potsdam->Berlin,True
2026-08-17 16:15:04.306,person_ID_542,person,Berlin (kein Wechsel),False
2026-08-17 16:15:08.077,car_ID_749,car,Potsdam (kein Wechsel),False
2026-08-17 16:15:09.414,bicycle_ID_549,bicycle,Berlin->Potsdam,True
2026-08-17 16:15:09.477,bicycle_ID_550,bicycle,Potsdam (kein Wechsel),False
2026-08-17 16:15:09.512,car_ID_748,car,Potsdam->Berlin,True
2026-08-17 16:15:09.512,person_ID_544,person,Berlin->Potsdam,True
2026-08-17 16:15:09.576,car_ID_750,car,Berlin (kein Wechsel),False
2026-08-17 16:15:12.475,person_ID_543,person,Berlin (kein Wechsel),False
2026-08-17 16:15:14.248,car_ID_752,car,Potsdam (kein Wechsel),False
2026-08-17 16:15:15.445,car_ID_753,car,Berlin (kein Wechsel),False
2026-08-17 16:15:16.676,car_ID_751,car,Potsdam->Berlin,True
2026-08-17 16:15:18.445,person_ID_545,person,Berlin->Potsdam,True
2026-08-17 16:15:25.577,car_ID_755,car,Potsdam (kein Wechsel),False
2026-08-17 16:15:27.848,car_ID_754,car,Potsdam->Berlin,True
2026-08-17 16:15:30.879,car_ID_756,car,Berlin->Potsdam,True
2026-08-17 16:15:41.648,bicycle_ID_551,bicycle,Berlin->Potsdam,True
2026-08-17 16:15:41.713,person_ID_546,person,Berlin->Potsdam,True
2026-08-17 16:15:44.281,bicycle_ID_553,bicycle,Berlin (kein Wechsel),False
2026-08-17 16:15:45.281,bicycle_ID_552,bicycle,Berlin->Potsdam,True
2026-08-17 16:15:45.282,person_ID_547,person,Berlin->Potsdam,True
2026-08-17 16:16:24.884,bicycle_ID_554,bicycle,Berlin (kein Wechsel),False
2026-08-17 16:16:25.281,bicycle_ID_556,bicycle,Berlin (kein Wechsel),False
2026-08-17 16:16:25.850,car_ID_758,car,Potsdam (kein Wechsel),False
2026-08-17 16:16:26.049,bicycle_ID_555,bicycle,Berlin->Potsdam,True
2026-08-17 16:16:26.048,person_ID_548,person,Berlin->Potsdam,True
2026-08-17 16:16:27.915,car_ID_757,car,Berlin->Potsdam,True
2026-08-17 16:16:41.982,car_ID_759,car,Berlin->Potsdam,True
2026-08-17 16:16:44.617,car_ID_760,car,Berlin->Potsdam,True
2026-08-17 16:16:44.851,car_ID_761,car,Potsdam (kein Wechsel),False
2026-08-17 16:16:50.747,bicycle_ID_557,bicycle,Potsdam (kein Wechsel),False
2026-08-17 16:16:54.415,person_ID_549,person,Berlin (kein Wechsel),False
2026-08-17 16:16:54.949,bicycle_ID_558,bicycle,Berlin (kein Wechsel),False
2026-08-17 16:16:56.548,person_ID_550,person,Berlin (kein Wechsel),False
2026-08-17 16:16:59.517,car_ID_762,car,Berlin->Potsdam,True
2026-08-17 16:17:00.248,car_ID_763,car,Potsdam (kein Wechsel),False
2026-08-17 16:17:05.081,car_ID_765,car,Potsdam (kein Wechsel),False
2026-08-17 16:17:05.851,bicycle_ID_560,bicycle,Berlin (kein Wechsel),False
2026-08-17 16:17:06.381,bicycle_ID_559,bicycle,Berlin (kein Wechsel),False
2026-08-17 16:17:07.317,person_ID_551,person,Berlin->Potsdam,True
2026-08-17 16:17:07.618,bicycle_ID_562,bicycle,Berlin (kein Wechsel),False
2026-08-17 16:17:07.718,car_ID_764,car,Potsdam->Berlin,True
2026-08-17 16:17:07.817,bicycle_ID_561,bicycle,Berlin->Potsdam,True
2026-08-17 16:17:24.187,person_ID_552,person,Potsdam (kein Wechsel),False
2026-08-17 16:17:24.348,person_ID_553,person,Potsdam (kein Wechsel),False
2026-08-17 16:17:24.717,bicycle_ID_563,bicycle,Potsdam (kein Wechsel),False
2026-08-17 16:17:26.454,car_ID_768,car,Potsdam (kein Wechsel),False
2026-08-17 16:17:26.722,bicycle_ID_564,bicycle,Berlin (kein Wechsel),False
2026-08-17 16:17:27.623,person_ID_554,person,Potsdam->Berlin,True
2026-08-17 16:17:27.820,car_ID_766,car,Potsdam->Berlin,True
2026-08-17 16:17:28.951,person_ID_555,person,Berlin (kein Wechsel),False
2026-08-17 16:17:29.051,car_ID_767,car,Potsdam->Berlin,True
2026-08-17 16:17:32.787,bicycle_ID_565,bicycle,Potsdam (kein Wechsel),False
2026-08-17 16:17:32.956,bicycle_ID_566,bicycle,Potsdam (kein Wechsel),False
2026-08-17 16:17:33.588,person_ID_557,person,Potsdam (kein Wechsel),False
2026-08-17 16:17:34.155,bicycle_ID_568,bicycle,Potsdam (kein Wechsel),False
2026-08-17 16:17:34.257,bicycle_ID_570,bicycle,Potsdam (kein Wechsel),False
2026-08-17 16:17:34.587,person_ID_561,person,Potsdam (kein Wechsel),False
2026-08-17 16:17:35.286,person_ID_559,person,Potsdam (kein Wechsel),False
2026-08-17 16:17:35.423,bicycle_ID_571,bicycle,Potsdam->Berlin,True
2026-08-17 16:17:35.486,bicycle_ID_573,bicycle,Potsdam->Berlin,True
2026-08-17 16:17:36.052,bicycle_ID_569,bicycle,Potsdam->Berlin,True
2026-08-17 16:17:36.650,bicycle_ID_567,bicycle,Potsdam->Berlin,True
2026-08-17 16:17:36.755,bicycle_ID_572,bicycle,Potsdam (kein Wechsel),False
2026-08-17 16:17:36.956,person_ID_560,person,Potsdam->Berlin,True
2026-08-17 16:17:37.152,bicycle_ID_576,bicycle,Berlin (kein Wechsel),False
2026-08-17 16:17:37.320,bicycle_ID_575,bicycle,Berlin (kein Wechsel),False
2026-08-17 16:17:37.652,bicycle_ID_574,bicycle,Potsdam->Berlin,True
2026-08-17 16:17:37.817,person_ID_556,person,Potsdam->Berlin,True
2026-08-17 16:17:37.848,person_ID_562,person,Potsdam->Berlin,True
2026-08-17 16:17:38.089,person_ID_558,person,Potsdam->Berlin,True
2026-08-17 16:17:39.320,person_ID_563,person,Berlin (kein Wechsel),False
2026-08-17 16:17:39.320,person_ID_564,person,Berlin (kein Wechsel),False
2026-08-17 16:18:26.156,car_ID_769,car,Berlin->Potsdam,True
2026-08-17 16:18:32.194,car_ID_770,car,Berlin->Potsdam,True
2026-08-17 16:18:32.789,car_ID_771,car,Potsdam (kein Wechsel),False
2026-08-17 16:18:37.521,bicycle_ID_578,bicycle,Potsdam (kein Wechsel),False
2026-08-17 16:18:37.923,bicycle_ID_577,bicycle,Potsdam (kein Wechsel),False
2026-08-17 16:18:38.356,bicycle_ID_579,bicycle,Potsdam (kein Wechsel),False
2026-08-17 16:18:38.423,person_ID_565,person,Potsdam (kein Wechsel),False
2026-08-17 16:18:38.657,person_ID_566,person,Potsdam (kein Wechsel),False
2026-08-17 16:18:39.159,person_ID_567,person,Potsdam (kein Wechsel),False
2026-08-17 16:18:40.990,bicycle_ID_580,bicycle,Potsdam->Berlin,True
2026-08-17 16:18:41.525,person_ID_569,person,Berlin (kein Wechsel),False
2026-08-17 16:18:41.557,bicycle_ID_581,bicycle,Berlin (kein Wechsel),False
2026-08-17 16:18:42.551,person_ID_568,person,Potsdam->Berlin,True
2026-08-17 16:18:42.551,person_ID_570,person,Berlin (kein Wechsel),False
2026-08-17 16:18:43.460,car_ID_772,car,Berlin (kein Wechsel),False
2026-08-17 16:18:46.952,car_ID_775,car,Potsdam (kein Wechsel),False
2026-08-17 16:18:47.353,car_ID_774,car,Potsdam (kein Wechsel),False
2026-08-17 16:18:49.651,car_ID_773,car,Potsdam->Berlin,True
2026-08-17 16:19:11.958,bicycle_ID_582,bicycle,Potsdam (kein Wechsel),False
2026-08-17 16:19:12.292,bicycle_ID_583,bicycle,Potsdam (kein Wechsel),False
2026-08-17 16:19:14.093,bicycle_ID_584,bicycle,Berlin (kein Wechsel),False
2026-08-17 16:19:14.525,bicycle_ID_586,bicycle,Potsdam (kein Wechsel),False
2026-08-17 16:19:15.192,person_ID_571,person,Potsdam->Berlin,True
2026-08-17 16:19:15.961,person_ID_572,person,Berlin->Potsdam,True
2026-08-17 16:19:16.393,bicycle_ID_585,bicycle,Berlin->Potsdam,True
2026-08-17 16:19:17.720,person_ID_573,person,Berlin (kein Wechsel),False
2026-08-17 16:19:24.657,car_ID_776,car,Berlin->Potsdam,True
2026-08-17 16:19:36.554,bicycle_ID_587,bicycle,Potsdam (kein Wechsel),False
2026-08-17 16:19:36.755,bicycle_ID_588,bicycle,Potsdam (kein Wechsel),False
2026-08-17 16:19:37.256,person_ID_574,person,Potsdam (kein Wechsel),False
2026-08-17 16:19:39.021,person_ID_575,person,Berlin (kein Wechsel),False
2026-08-17 16:19:39.420,person_ID_576,person,Berlin (kein Wechsel),False
2026-08-17 16:19:40.161,person_ID_577,person,Berlin (kein Wechsel),False
2026-08-17 16:19:40.956,person_ID_578,person,Berlin (kein Wechsel),False
2026-08-17 16:19:42.455,car_ID_777,car,Potsdam->Berlin,True
2026-08-17 16:20:00.959,car_ID_778,car,Berlin->Potsdam,True
2026-08-17 16:20:08.965,person_ID_579,person,Potsdam (kein Wechsel),False
2026-08-17 16:20:12.595,car_ID_779,car,Berlin (kein Wechsel),False
2026-08-17 16:20:30.162,bicycle_ID_589,bicycle,Berlin (kein Wechsel),False
2026-08-17 16:20:31.963,person_ID_580,person,Berlin->Potsdam,True
2026-08-17 16:20:32.093,bicycle_ID_590,bicycle,Berlin->Potsdam,True
2026-08-17 16:21:00.830,bicycle_ID_591,bicycle,Berlin->Potsdam,True
2026-08-17 16:21:00.831,person_ID_581,person,Berlin->Potsdam,True
2026-08-17 16:21:17.498,person_ID_583,person,Berlin->Potsdam,True
2026-08-17 16:21:23.663,person_ID_582,person,Berlin->Potsdam,True
2026-08-17 16:21:29.064,person_ID_584,person,Potsdam (kein Wechsel),False
2026-08-17 16:21:31.199,person_ID_585,person,Potsdam (kein Wechsel),False
2026-08-17 16:21:42.667,bicycle_ID_592,bicycle,Berlin (kein Wechsel),False
2026-08-17 16:21:43.734,bicycle_ID_593,bicycle,Berlin->Potsdam,True
2026-08-17 16:21:44.331,person_ID_586,person,Berlin->Potsdam,True
2026-08-17 16:21:50.834,bicycle_ID_594,bicycle,Potsdam (kein Wechsel),False
2026-08-17 16:21:51.067,bicycle_ID_595,bicycle,Potsdam (kein Wechsel),False
2026-08-17 16:21:51.399,car_ID_780,car,Berlin->Potsdam,True
2026-08-17 16:21:52.934,person_ID_587,person,Potsdam (kein Wechsel),False
2026-08-17 16:21:52.966,bicycle_ID_596,bicycle,Potsdam (kein Wechsel),False
2026-08-17 16:21:54.197,bicycle_ID_597,bicycle,Potsdam->Berlin,True
2026-08-17 16:21:56.567,bicycle_ID_598,bicycle,Berlin (kein Wechsel),False
2026-08-17 16:21:57.201,person_ID_588,person,Potsdam->Berlin,True
2026-08-17 16:21:58.365,car_ID_782,car,Potsdam (kein Wechsel),False
2026-08-17 16:22:00.299,car_ID_781,car,Potsdam->Berlin,True
2026-08-17 16:22:22.502,car_ID_783,car,Berlin (kein Wechsel),False
2026-08-17 16:22:25.699,bus_ID_47,bus,Berlin->Potsdam,True
2026-08-17 16:22:26.072,bus_ID_48,bus,Potsdam (kein Wechsel),False
2026-08-17 16:22:47.236,car_ID_784,car,Berlin->Potsdam,True
2026-08-17 16:22:56.839,car_ID_786,car,Potsdam (kein Wechsel),False
2026-08-17 16:23:00.171,car_ID_785,car,Potsdam->Berlin,True
2026-08-17 16:23:00.203,car_ID_787,car,Berlin (kein Wechsel),False
2026-08-17 16:23:00.470,car_ID_788,car,Berlin (kein Wechsel),False
2026-08-17 16:23:02.739,car_ID_790,car,Potsdam (kein Wechsel),False
2026-08-17 16:23:05.305,car_ID_789,car,Potsdam->Berlin,True
2026-08-17 16:23:09.239,bicycle_ID_599,bicycle,Berlin (kein Wechsel),False
2026-08-17 16:23:10.407,bicycle_ID_600,bicycle,Berlin->Potsdam,True
2026-08-17 16:23:10.870,person_ID_589,person,Berlin->Potsdam,True
2026-08-17 16:23:12.207,car_ID_791,car,Berlin->Potsdam,True
2026-08-17 16:23:14.968,car_ID_793,car,Potsdam (kein Wechsel),False
2026-08-17 16:23:16.237,car_ID_792,car,Berlin->Potsdam,True
2026-08-17 16:23:20.838,car_ID_794,car,Berlin->Potsdam,True
2026-08-17 16:23:21.339,bicycle_ID_601,bicycle,Potsdam (kein Wechsel),False
2026-08-17 16:23:21.537,bicycle_ID_603,bicycle,Potsdam (kein Wechsel),False
2026-08-17 16:23:24.204,bicycle_ID_604,bicycle,Potsdam (kein Wechsel),False
2026-08-17 16:23:24.805,bicycle_ID_602,bicycle,Potsdam->Berlin,True
2026-08-17 16:23:26.075,bicycle_ID_605,bicycle,Berlin (kein Wechsel),False
2026-08-17 16:23:27.173,person_ID_590,person,Berlin (kein Wechsel),False
2026-08-17 16:23:27.542,bicycle_ID_606,bicycle,Berlin (kein Wechsel),False
2026-08-17 16:23:27.574,car_ID_796,car,Berlin (kein Wechsel),False
2026-08-17 16:23:27.606,car_ID_795,car,Berlin (kein Wechsel),False
2026-08-17 16:23:29.338,car_ID_797,car,Potsdam (kein Wechsel),False
2026-08-17 16:24:19.775,bicycle_ID_607,bicycle,Berlin->Potsdam,True
2026-08-17 16:24:19.876,person_ID_591,person,Berlin->Potsdam,True
2026-08-17 16:24:36.176,bicycle_ID_608,bicycle,Potsdam->Berlin,True
2026-08-17 16:24:37.642,person_ID_592,person,Berlin (kein Wechsel),False
2026-08-17 16:24:37.675,bicycle_ID_609,bicycle,Berlin (kein Wechsel),False
2026-08-17 16:24:38.444,bicycle_ID_610,bicycle,Berlin (kein Wechsel),False
2026-08-17 16:24:38.680,person_ID_593,person,Berlin (kein Wechsel),False
2026-08-17 16:25:08.110,bicycle_ID_611,bicycle,Potsdam (kein Wechsel),False
2026-08-17 16:25:08.110,bicycle_ID_612,bicycle,Potsdam (kein Wechsel),False
2026-08-17 16:25:09.647,person_ID_594,person,Potsdam (kein Wechsel),False
2026-08-17 16:25:12.779,bicycle_ID_613,bicycle,Berlin (kein Wechsel),False
2026-08-17 16:25:13.310,person_ID_595,person,Potsdam->Berlin,True
2026-08-17 16:25:19.708,car_ID_798,car,Berlin->Potsdam,True
2026-08-17 16:25:29.711,car_ID_799,car,Potsdam->Berlin,True
2026-08-17 16:25:43.010,person_ID_596,person,Berlin->Potsdam,True
2026-08-17 16:25:43.512,bicycle_ID_614,bicycle,Berlin->Potsdam,True
2026-08-17 16:25:48.945,car_ID_800,car,Berlin (kein Wechsel),False
2026-08-17 16:26:00.952,car_ID_801,car,Berlin->Potsdam,True
2026-08-17 16:26:03.980,bicycle_ID_615,bicycle,Potsdam (kein Wechsel),False
2026-08-17 16:26:04.351,bicycle_ID_616,bicycle,Potsdam (kein Wechsel),False
2026-08-17 16:26:04.480,person_ID_597,person,Potsdam (kein Wechsel),False
2026-08-17 16:26:05.180,bicycle_ID_617,bicycle,Potsdam (kein Wechsel),False
2026-08-17 16:26:05.948,person_ID_598,person,Potsdam (kein Wechsel),False
2026-08-17 16:26:06.414,person_ID_599,person,Potsdam (kein Wechsel),False
2026-08-17 16:26:07.482,person_ID_600,person,Potsdam (kein Wechsel),False
2026-08-17 16:26:08.382,person_ID_601,person,Berlin (kein Wechsel),False
2026-08-17 16:26:11.450,person_ID_602,person,Berlin (kein Wechsel),False
2026-08-17 16:26:11.483,bus_ID_50,bus,Potsdam (kein Wechsel),False
2026-08-17 16:26:11.980,bicycle_ID_618,bicycle,Berlin (kein Wechsel),False
2026-08-17 16:26:12.580,bicycle_ID_619,bicycle,Berlin->Potsdam,True
2026-08-17 16:26:13.115,person_ID_603,person,Berlin->Potsdam,True
2026-08-17 16:26:13.850,bus_ID_49,bus,Potsdam->Berlin,True
2026-08-17 16:26:14.012,car_ID_802,car,Berlin (kein Wechsel),False
2026-08-17 16:26:15.982,car_ID_804,car,Potsdam (kein Wechsel),False
2026-08-17 16:26:17.750,car_ID_803,car,Potsdam->Berlin,True
2026-08-17 16:26:19.983,car_ID_806,car,Potsdam (kein Wechsel),False
2026-08-17 16:26:22.116,car_ID_805,car,Potsdam->Berlin,True
2026-08-17 16:26:24.712,car_ID_808,car,Potsdam (kein Wechsel),False
2026-08-17 16:26:26.985,car_ID_807,car,Potsdam->Berlin,True
2026-08-17 16:26:32.585,bicycle_ID_621,bicycle,Berlin (kein Wechsel),False
2026-08-17 16:26:32.948,bicycle_ID_620,bicycle,Berlin (kein Wechsel),False
2026-08-17 16:26:32.985,bicycle_ID_622,bicycle,Berlin (kein Wechsel),False
2026-08-17 16:26:33.388,bicycle_ID_623,bicycle,Berlin->Potsdam,True
2026-08-17 16:26:33.849,person_ID_604,person,Berlin->Potsdam,True
2026-08-17 16:26:53.221,car_ID_809,car,Berlin->Potsdam,True
2026-08-17 16:27:10.618,bicycle_ID_624,bicycle,Berlin->Potsdam,True
2026-08-17 16:27:10.618,person_ID_605,person,Berlin->Potsdam,True
2026-08-17 16:27:18.155,bicycle_ID_625,bicycle,Berlin (kein Wechsel),False
2026-08-17 16:27:18.452,bicycle_ID_626,bicycle,Berlin (kein Wechsel),False
2026-08-17 16:27:18.585,person_ID_606,person,Berlin (kein Wechsel),False
2026-08-17 16:27:18.786,person_ID_608,person,Berlin (kein Wechsel),False
2026-08-17 16:27:19.018,person_ID_607,person,Berlin (kein Wechsel),False
2026-08-17 16:27:19.587,person_ID_609,person,Berlin (kein Wechsel),False
2026-08-17 16:27:19.982,bicycle_ID_627,bicycle,Berlin->Potsdam,True
2026-08-17 16:27:19.982,person_ID_610,person,Berlin (kein Wechsel),False
2026-08-17 16:27:29.654,car_ID_811,car,Potsdam (kein Wechsel),False
2026-08-17 16:27:31.486,car_ID_810,car,Berlin->Potsdam,True
2026-08-17 16:27:38.421,car_ID_812,car,Berlin->Potsdam,True
2026-08-17 16:27:39.922,car_ID_813,car,Potsdam (kein Wechsel),False
2026-08-17 16:27:41.220,bicycle_ID_628,bicycle,Berlin->Potsdam,True
2026-08-17 16:27:41.220,person_ID_611,person,Berlin->Potsdam,True
2026-08-17 16:27:42.720,bicycle_ID_629,bicycle,Potsdam (kein Wechsel),False
2026-08-17 16:27:45.423,bicycle_ID_630,bicycle,Potsdam->Berlin,True
2026-08-17 16:27:46.085,person_ID_613,person,Berlin (kein Wechsel),False
2026-08-17 16:27:46.120,bicycle_ID_631,bicycle,Berlin (kein Wechsel),False
2026-08-17 16:27:47.488,person_ID_612,person,Potsdam->Berlin,True
2026-08-17 16:27:47.622,bicycle_ID_632,bicycle,Berlin (kein Wechsel),False
2026-08-17 16:27:48.290,bicycle_ID_633,bicycle,Berlin (kein Wechsel),False
2026-08-17 16:27:48.455,person_ID_614,person,Berlin (kein Wechsel),False
2026-08-17 16:28:01.757,car_ID_814,car,Berlin->Potsdam,True
2026-08-17 16:28:10.992,car_ID_816,car,Potsdam (kein Wechsel),False
2026-08-17 16:28:11.321,car_ID_815,car,Berlin->Potsdam,True
2026-08-17 16:28:48.826,car_ID_817,car,Potsdam->Berlin,True
2026-08-17 16:28:50.293,car_ID_818,car,Berlin->Potsdam,True
2026-08-17 16:29:02.988,car_ID_819,car,Berlin->Potsdam,True
2026-08-17 16:29:16.523,bicycle_ID_634,bicycle,Potsdam (kein Wechsel),False
2026-08-17 16:29:16.586,bicycle_ID_635,bicycle,Potsdam (kein Wechsel),False
2026-08-17 16:29:16.955,person_ID_615,person,Potsdam (kein Wechsel),False
2026-08-17 16:29:17.592,person_ID_616,person,Potsdam (kein Wechsel),False
2026-08-17 16:29:21.958,person_ID_617,person,Potsdam->Berlin,True
2026-08-17 16:29:47.060,car_ID_821,car,Potsdam (kein Wechsel),False
2026-08-17 16:29:49.331,car_ID_820,car,Potsdam->Berlin,True
2026-08-17 16:30:13.263,bicycle_ID_636,bicycle,Berlin->Potsdam,True
2026-08-17 16:30:13.263,person_ID_618,person,Berlin->Potsdam,True
2026-08-17 16:30:16.628,car_ID_823,car,Potsdam (kein Wechsel),False
2026-08-17 16:30:19.029,car_ID_822,car,Potsdam->Berlin,True
2026-08-17 16:31:01.131,bicycle_ID_638,bicycle,Berlin (kein Wechsel),False
2026-08-17 16:31:01.534,bicycle_ID_637,bicycle,Berlin (kein Wechsel),False
2026-08-17 16:31:01.898,bicycle_ID_640,bicycle,Berlin (kein Wechsel),False
2026-08-17 16:31:01.968,person_ID_619,person,Berlin (kein Wechsel),False
2026-08-17 16:31:03.436,person_ID_621,person,Berlin (kein Wechsel),False
2026-08-17 16:31:03.468,bicycle_ID_639,bicycle,Berlin->Potsdam,True
2026-08-17 16:31:03.498,person_ID_620,person,Berlin->Potsdam,True
2026-08-17 16:31:04.100,bicycle_ID_641,bicycle,Berlin->Potsdam,True
2026-08-17 16:31:26.164,car_ID_824,car,Potsdam->Berlin,True
2026-08-17 16:31:42.533,bicycle_ID_642,bicycle,Berlin (kein Wechsel),False
2026-08-17 16:31:47.135,bicycle_ID_643,bicycle,Potsdam (kein Wechsel),False
2026-08-17 16:32:01.601,car_ID_825,car,Berlin->Potsdam,True
2026-08-17 16:32:06.736,car_ID_826,car,Potsdam->Berlin,True
2026-08-17 16:32:12.870,car_ID_827,car,Berlin->Potsdam,True
2026-08-17 16:32:14.169,car_ID_829,car,Potsdam (kein Wechsel),False
2026-08-17 16:32:16.871,car_ID_828,car,Potsdam->Berlin,True
2026-08-17 16:33:03.904,bicycle_ID_644,bicycle,Berlin->Potsdam,True
2026-08-17 16:33:04.373,person_ID_622,person,Berlin->Potsdam,True
2026-08-17 16:33:10.572,car_ID_831,car,Potsdam (kein Wechsel),False
2026-08-17 16:33:14.771,car_ID_830,car,Potsdam->Berlin,True
2026-08-17 16:33:34.476,car_ID_832,car,Potsdam->Berlin,True
2026-08-17 16:34:04.275,person_ID_623,person,Berlin->Potsdam,True
2026-08-17 16:34:04.744,bicycle_ID_645,bicycle,Berlin->Potsdam,True
2026-08-17 16:34:11.277,car_ID_835,car,Potsdam (kein Wechsel),False
2026-08-17 16:34:11.577,car_ID_833,car,Potsdam->Berlin,True
2026-08-17 16:34:13.942,car_ID_834,car,Potsdam->Berlin,True
2026-08-17 16:34:30.075,car_ID_836,car,Potsdam->Berlin,True
2026-08-17 16:34:37.348,bicycle_ID_646,bicycle,Berlin->Potsdam,True
2026-08-17 16:34:37.415,person_ID_624,person,Berlin->Potsdam,True
2026-08-17 16:34:45.776,bicycle_ID_647,bicycle,Potsdam (kein Wechsel),False
2026-08-17 16:34:46.316,person_ID_625,person,Potsdam (kein Wechsel),False
2026-08-17 16:34:47.877,bicycle_ID_648,bicycle,Potsdam->Berlin,True
2026-08-17 16:34:49.981,bicycle_ID_649,bicycle,Berlin (kein Wechsel),False
2026-08-17 16:34:50.078,person_ID_626,person,Potsdam->Berlin,True
2026-08-17 16:34:59.181,person_ID_627,person,Berlin (kein Wechsel),False
2026-08-17 16:35:00.147,person_ID_629,person,Berlin (kein Wechsel),False
2026-08-17 16:35:04.480,person_ID_628,person,Berlin->Potsdam,True
2026-08-17 16:35:05.546,bicycle_ID_650,bicycle,Potsdam (kein Wechsel),False
2026-08-17 16:35:05.948,person_ID_630,person,Potsdam (kein Wechsel),False
2026-08-17 16:35:05.979,person_ID_631,person,Potsdam (kein Wechsel),False
2026-08-17 16:35:06.446,bicycle_ID_651,bicycle,Potsdam (kein Wechsel),False
2026-08-17 16:35:08.615,bicycle_ID_652,bicycle,Potsdam->Berlin,True
2026-08-17 16:35:08.615,person_ID_632,person,Potsdam->Berlin,True
2026-08-17 16:35:09.747,bicycle_ID_653,bicycle,Berlin (kein Wechsel),False
2026-08-17 16:35:11.744,person_ID_633,person,Berlin (kein Wechsel),False
2026-08-17 16:35:37.581,bicycle_ID_654,bicycle,Potsdam (kein Wechsel),False
2026-08-17 16:35:37.983,bicycle_ID_655,bicycle,Potsdam (kein Wechsel),False
2026-08-17 16:35:38.552,person_ID_634,person,Potsdam (kein Wechsel),False
2026-08-17 16:35:40.848,bicycle_ID_656,bicycle,Potsdam->Berlin,True
2026-08-17 16:35:41.381,bicycle_ID_657,bicycle,Potsdam->Berlin,True
2026-08-17 16:35:42.347,bicycle_ID_658,bicycle,Berlin (kein Wechsel),False
2026-08-17 16:35:42.347,person_ID_635,person,Potsdam->Berlin,True
2026-08-17 16:35:45.878,person_ID_636,person,Berlin (kein Wechsel),False
2026-08-17 16:36:06.683,person_ID_637,person,Berlin->Potsdam,True
2026-08-17 16:36:08.981,person_ID_639,person,Potsdam (kein Wechsel),False
2026-08-17 16:36:10.518,person_ID_640,person,Potsdam (kein Wechsel),False
2026-08-17 16:36:10.647,car_ID_837,car,Potsdam (kein Wechsel),False
2026-08-17 16:36:12.016,bicycle_ID_659,bicycle,Potsdam (kein Wechsel),False
2026-08-17 16:36:12.015,person_ID_641,person,Potsdam (kein Wechsel),False
2026-08-17 16:36:14.049,person_ID_642,person,Potsdam (kein Wechsel),False
2026-08-17 16:36:14.717,bicycle_ID_661,bicycle,Potsdam (kein Wechsel),False
2026-08-17 16:36:15.084,person_ID_644,person,Potsdam (kein Wechsel),False
2026-08-17 16:36:15.317,bicycle_ID_660,bicycle,Potsdam->Berlin,True
2026-08-17 16:36:15.584,person_ID_645,person,Potsdam (kein Wechsel),False
2026-08-17 16:36:15.720,bicycle_ID_662,bicycle,Potsdam (kein Wechsel),False
2026-08-17 16:36:16.484,person_ID_646,person,Potsdam (kein Wechsel),False
2026-08-17 16:36:16.847,bicycle_ID_663,bicycle,Potsdam (kein Wechsel),False
2026-08-17 16:36:16.847,person_ID_643,person,Potsdam->Berlin,True
2026-08-17 16:36:17.050,bicycle_ID_664,bicycle,Berlin (kein Wechsel),False
2026-08-17 16:36:17.584,bicycle_ID_666,bicycle,Berlin (kein Wechsel),False
2026-08-17 16:36:18.157,bicycle_ID_667,bicycle,Berlin (kein Wechsel),False
2026-08-17 16:36:18.218,person_ID_648,person,Berlin (kein Wechsel),False
2026-08-17 16:36:18.420,person_ID_638,person,Berlin->Potsdam,True
2026-08-17 16:36:19.718,person_ID_647,person,Potsdam->Berlin,True
2026-08-17 16:36:19.816,bicycle_ID_665,bicycle,Potsdam->Berlin,True
2026-08-17 16:36:25.148,bicycle_ID_668,bicycle,Potsdam (kein Wechsel),False
2026-08-17 16:36:25.219,bicycle_ID_669,bicycle,Potsdam (kein Wechsel),False
2026-08-17 16:36:25.751,person_ID_649,person,Potsdam (kein Wechsel),False
2026-08-17 16:36:26.782,bicycle_ID_670,bicycle,Potsdam (kein Wechsel),False
2026-08-17 16:36:30.153,person_ID_650,person,Potsdam->Berlin,True
2026-08-17 16:36:32.551,car_ID_838,car,Potsdam->Berlin,True
2026-08-17 16:36:33.920,car_ID_840,car,Potsdam (kein Wechsel),False
2026-08-17 16:36:34.818,car_ID_839,car,Potsdam->Berlin,True
2026-08-17 16:36:36.750,bus_ID_52,bus,Berlin (kein Wechsel),False
2026-08-17 16:36:36.785,car_ID_842,car,Potsdam->Berlin,True
2026-08-17 16:36:37.086,bus_ID_51,bus,Berlin (kein Wechsel),False
2026-08-17 16:36:37.848,car_ID_841,car,Potsdam->Berlin,True
2026-08-17 16:36:56.783,car_ID_843,car,Berlin->Potsdam,True
2026-08-17 16:37:08.753,car_ID_844,car,Berlin (kein Wechsel),False
2026-08-17 16:37:23.121,bicycle_ID_671,bicycle,Berlin->Potsdam,True
2026-08-17 16:37:23.689,person_ID_651,person,Berlin->Potsdam,True
2026-08-17 16:37:25.120,car_ID_845,car,Berlin->Potsdam,True
2026-08-17 16:37:25.954,car_ID_846,car,Potsdam (kein Wechsel),False
2026-08-17 16:37:38.952,bicycle_ID_672,bicycle,Potsdam (kein Wechsel),False
2026-08-17 16:37:40.187,person_ID_652,person,Potsdam (kein Wechsel),False
2026-08-17 16:37:40.421,person_ID_653,person,Potsdam (kein Wechsel),False
2026-08-17 16:37:41.452,person_ID_654,person,Berlin (kein Wechsel),False
2026-08-17 16:37:41.620,bicycle_ID_673,bicycle,Potsdam->Berlin,True
2026-08-17 16:37:41.853,person_ID_656,person,Berlin (kein Wechsel),False
2026-08-17 16:37:42.088,bicycle_ID_674,bicycle,Berlin (kein Wechsel),False
2026-08-17 16:37:42.121,person_ID_655,person,Berlin (kein Wechsel),False
2026-08-17 16:37:43.221,bicycle_ID_675,bicycle,Berlin (kein Wechsel),False
2026-08-17 16:37:43.221,person_ID_657,person,Berlin (kein Wechsel),False
2026-08-17 16:37:54.827,car_ID_847,car,Potsdam (kein Wechsel),False
2026-08-17 16:37:54.827,car_ID_848,car,Potsdam (kein Wechsel),False
2026-08-17 16:38:03.758,car_ID_850,car,Potsdam (kein Wechsel),False
2026-08-17 16:38:06.859,car_ID_849,car,Potsdam->Berlin,True
2026-08-17 16:38:11.289,car_ID_851,car,Potsdam->Berlin,True
2026-08-17 16:38:29.993,car_ID_852,car,Berlin->Potsdam,True
2026-08-17 16:38:43.290,car_ID_854,car,Potsdam (kein Wechsel),False
2026-08-17 16:38:43.357,person_ID_658,person,Berlin->Potsdam,True
2026-08-17 16:38:43.736,bicycle_ID_676,bicycle,Berlin->Potsdam,True
2026-08-17 16:38:43.858,bicycle_ID_677,bicycle,Potsdam (kein Wechsel),False
2026-08-17 16:38:45.826,car_ID_853,car,Potsdam->Berlin,True
2026-08-17 16:39:10.336,car_ID_856,car,Potsdam (kein Wechsel),False
2026-08-17 16:39:11.896,car_ID_855,car,Potsdam->Berlin,True
2026-08-17 16:39:11.961,car_ID_857,car,Berlin (kein Wechsel),False
2026-08-17 16:39:13.393,bus_ID_54,bus,Berlin (kein Wechsel),False
2026-08-17 16:39:14.660,bus_ID_55,bus,Potsdam (kein Wechsel),False
2026-08-17 16:39:15.032,bus_ID_53,bus,Berlin->Potsdam,True
2026-08-17 16:39:17.163,person_ID_659,person,Berlin (kein Wechsel),False
2026-08-17 16:39:23.795,person_ID_660,person,Berlin (kein Wechsel),False
2026-08-17 16:39:24.995,car_ID_858,car,Berlin->Potsdam,True
2026-08-17 16:39:25.563,car_ID_859,car,Potsdam (kein Wechsel),False
2026-08-17 16:39:25.660,person_ID_661,person,Berlin (kein Wechsel),False
2026-08-17 16:39:27.693,person_ID_662,person,Berlin (kein Wechsel),False
2026-08-17 16:39:27.723,person_ID_663,person,Berlin (kein Wechsel),False
2026-08-17 16:39:31.493,person_ID_664,person,Potsdam (kein Wechsel),False
2026-08-17 16:39:33.792,bicycle_ID_678,bicycle,Potsdam (kein Wechsel),False
2026-08-17 16:39:35.495,bicycle_ID_679,bicycle,Berlin->Potsdam,True
2026-08-17 16:39:35.532,person_ID_665,person,Berlin->Potsdam,True
2026-08-17 16:39:38.996,car_ID_860,car,Berlin (kein Wechsel),False
2026-08-17 16:39:55.361,bicycle_ID_680,bicycle,Berlin (kein Wechsel),False
2026-08-17 16:39:56.763,person_ID_666,person,Berlin->Potsdam,True
2026-08-17 16:39:57.262,bicycle_ID_681,bicycle,Berlin->Potsdam,True
2026-08-17 16:39:58.064,car_ID_861,car,Potsdam->Berlin,True
2026-08-17 16:40:05.162,car_ID_862,car,Potsdam->Berlin,True
2026-08-17 16:40:13.899,bicycle_ID_682,bicycle,Berlin (kein Wechsel),False
2026-08-17 16:40:16.196,person_ID_667,person,Berlin->Potsdam,True
2026-08-17 16:40:16.266,bicycle_ID_683,bicycle,Berlin->Potsdam,True
2026-08-17 16:40:20.932,car_ID_863,car,Berlin->Potsdam,True
2026-08-17 16:40:34.641,car_ID_864,car,Potsdam->Berlin,True
2026-08-17 16:40:39.205,car_ID_865,car,Berlin->Potsdam,True
2026-08-17 16:40:49.534,car_ID_867,car,Berlin (kein Wechsel),False
2026-08-17 16:40:49.931,car_ID_866,car,Berlin->Potsdam,True
2026-08-17 16:40:53.615,car_ID_868,car,Berlin->Potsdam,True
2026-08-17 16:40:54.199,car_ID_869,car,Berlin->Potsdam,True
2026-08-17 16:40:58.266,car_ID_870,car,Berlin (kein Wechsel),False
2026-08-17 16:41:05.567,car_ID_871,car,Potsdam->Berlin,True
2026-08-17 16:41:21.169,bicycle_ID_684,bicycle,Potsdam (kein Wechsel),False
2026-08-17 16:41:21.470,bicycle_ID_685,bicycle,Potsdam (kein Wechsel),False
2026-08-17 16:41:22.233,person_ID_668,person,Potsdam (kein Wechsel),False
2026-08-17 16:41:24.234,bicycle_ID_686,bicycle,Potsdam->Berlin,True
2026-08-17 16:41:24.333,bicycle_ID_687,bicycle,Berlin (kein Wechsel),False
2026-08-17 16:41:25.134,person_ID_669,person,Berlin (kein Wechsel),False
2026-08-17 16:41:26.567,person_ID_670,person,Berlin (kein Wechsel),False
2026-08-17 16:41:27.238,bicycle_ID_688,bicycle,Berlin (kein Wechsel),False
2026-08-17 16:41:28.102,car_ID_872,car,Berlin (kein Wechsel),False
2026-08-17 16:41:48.070,car_ID_873,car,Berlin->Potsdam,True
2026-08-17 16:41:48.106,car_ID_874,car,Berlin->Potsdam,True
2026-08-17 16:41:49.936,car_ID_875,car,Potsdam (kein Wechsel),False
2026-08-17 16:42:00.002,bicycle_ID_689,bicycle,Berlin->Potsdam,True
2026-08-17 16:42:00.467,person_ID_671,person,Berlin->Potsdam,True
2026-08-17 16:42:06.335,bicycle_ID_690,bicycle,Berlin->Potsdam,True
2026-08-17 16:42:06.501,person_ID_672,person,Berlin->Potsdam,True
2026-08-17 16:42:23.806,bicycle_ID_691,bicycle,Berlin (kein Wechsel),False
2026-08-17 16:42:26.138,bicycle_ID_692,bicycle,Berlin->Potsdam,True
2026-08-17 16:42:26.570,person_ID_673,person,Berlin->Potsdam,True
2026-08-17 16:42:43.840,car_ID_876,car,Potsdam (kein Wechsel),False
2026-08-17 16:42:51.576,car_ID_878,car,Berlin->Potsdam,True
2026-08-17 16:42:52.271,car_ID_877,car,Potsdam->Berlin,True
2026-08-17 16:43:02.708,car_ID_880,car,Potsdam (kein Wechsel),False
2026-08-17 16:43:05.409,car_ID_879,car,Potsdam->Berlin,True
2026-08-17 16:43:10.141,person_ID_674,person,Potsdam (kein Wechsel),False
2026-08-17 16:43:10.908,bicycle_ID_693,bicycle,Potsdam (kein Wechsel),False
2026-08-17 16:43:11.707,bicycle_ID_694,bicycle,Potsdam (kein Wechsel),False
2026-08-17 16:43:11.841,car_ID_882,car,Potsdam (kein Wechsel),False
2026-08-17 16:43:12.977,person_ID_675,person,Potsdam->Berlin,True
2026-08-17 16:43:13.976,bicycle_ID_695,bicycle,Berlin (kein Wechsel),False
2026-08-17 16:43:14.074,person_ID_676,person,Berlin (kein Wechsel),False
2026-08-17 16:43:14.537,car_ID_881,car,Potsdam->Berlin,True
2026-08-17 16:43:19.777,car_ID_883,car,Potsdam->Berlin,True
2026-08-17 16:43:31.409,car_ID_884,car,Berlin->Potsdam,True
2026-08-17 16:43:43.044,car_ID_886,car,Potsdam (kein Wechsel),False
2026-08-17 16:43:44.808,car_ID_885,car,Potsdam->Berlin,True
2026-08-17 16:43:50.140,bicycle_ID_696,bicycle,Berlin (kein Wechsel),False
2026-08-17 16:43:53.278,bicycle_ID_697,bicycle,Berlin->Potsdam,True
2026-08-17 16:43:53.277,person_ID_677,person,Berlin->Potsdam,True
2026-08-17 16:44:05.577,car_ID_888,car,Potsdam (kein Wechsel),False
2026-08-17 16:44:08.610,car_ID_887,car,Potsdam->Berlin,True
2026-08-17 16:44:33.613,car_ID_889,car,Berlin->Potsdam,True
2026-08-17 16:44:55.917,bus_ID_57,bus,Potsdam->Berlin,True
2026-08-17 16:44:58.749,bus_ID_56,bus,Potsdam->Berlin,True
2026-08-17 16:45:20.820,car_ID_890,car,Berlin->Potsdam,True
2026-08-17 16:45:23.283,car_ID_891,car,Berlin->Potsdam,True
2026-08-17 16:45:36.982,bicycle_ID_698,bicycle,Potsdam (kein Wechsel),False
2026-08-17 16:45:37.149,bicycle_ID_699,bicycle,Potsdam (kein Wechsel),False
2026-08-17 16:45:37.950,person_ID_678,person,Potsdam (kein Wechsel),False
2026-08-17 16:45:39.382,bicycle_ID_700,bicycle,Potsdam->Berlin,True
2026-08-17 16:45:39.381,person_ID_679,person,Potsdam->Berlin,True
2026-08-17 16:45:40.784,bicycle_ID_702,bicycle,Berlin (kein Wechsel),False
2026-08-17 16:45:41.082,bicycle_ID_701,bicycle,Berlin (kein Wechsel),False
2026-08-17 16:45:41.151,person_ID_680,person,Berlin (kein Wechsel),False
2026-08-17 16:45:42.750,bicycle_ID_703,bicycle,Potsdam (kein Wechsel),False
2026-08-17 16:45:43.886,person_ID_681,person,Potsdam (kein Wechsel),False
2026-08-17 16:45:44.251,bicycle_ID_705,bicycle,Potsdam (kein Wechsel),False
2026-08-17 16:45:44.649,person_ID_682,person,Potsdam->Berlin,True
2026-08-17 16:45:44.751,bicycle_ID_704,bicycle,Potsdam->Berlin,True
2026-08-17 16:45:45.784,person_ID_683,person,Berlin (kein Wechsel),False
2026-08-17 16:45:45.989,person_ID_684,person,Berlin (kein Wechsel),False
2026-08-17 16:45:46.918,bicycle_ID_707,bicycle,Berlin (kein Wechsel),False
2026-08-17 16:45:46.950,car_ID_893,car,Potsdam (kein Wechsel),False
2026-08-17 16:45:47.052,bicycle_ID_708,bicycle,Berlin (kein Wechsel),False
2026-08-17 16:45:47.852,bicycle_ID_706,bicycle,Berlin (kein Wechsel),False
2026-08-17 16:45:48.451,bicycle_ID_709,bicycle,Berlin->Potsdam,True
2026-08-17 16:45:48.451,person_ID_685,person,Berlin->Potsdam,True
2026-08-17 16:45:49.316,car_ID_892,car,Potsdam->Berlin,True
2026-08-17 16:45:52.117,bicycle_ID_710,bicycle,Berlin (kein Wechsel),False
2026-08-17 16:45:53.950,person_ID_686,person,Berlin->Potsdam,True
2026-08-17 16:45:54.025,car_ID_894,car,Potsdam->Berlin,True
2026-08-17 16:45:54.063,bicycle_ID_711,bicycle,Berlin->Potsdam,True
2026-08-17 16:45:55.315,bicycle_ID_712,bicycle,Berlin->Potsdam,True
2026-08-17 16:45:55.514,person_ID_687,person,Berlin->Potsdam,True
2026-08-17 16:46:10.184,car_ID_895,car,Potsdam->Berlin,True
2026-08-17 16:46:16.055,car_ID_896,car,Potsdam->Berlin,True
2026-08-17 16:46:20.433,person_ID_688,person,Potsdam (kein Wechsel),False
2026-08-17 16:46:23.350,person_ID_689,person,Berlin (kein Wechsel),False
2026-08-17 16:47:18.589,car_ID_898,car,Potsdam (kein Wechsel),False
2026-08-17 16:47:20.392,bus_ID_58,bus,Berlin (kein Wechsel),False
2026-08-17 16:47:20.558,car_ID_897,car,Potsdam->Berlin,True
2026-08-17 16:48:08.055,car_ID_899,car,Potsdam->Berlin,True
2026-08-17 16:48:11.888,bicycle_ID_713,bicycle,Berlin->Potsdam,True
2026-08-17 16:48:12.289,person_ID_690,person,Berlin->Potsdam,True
2026-08-17 16:48:12.386,person_ID_691,person,Potsdam (kein Wechsel),False
2026-08-17 16:48:45.699,car_ID_901,car,Berlin (kein Wechsel),False
2026-08-17 16:48:46.495,car_ID_900,car,Potsdam->Berlin,True
2026-08-17 16:49:07.061,bicycle_ID_715,bicycle,Berlin (kein Wechsel),False
2026-08-17 16:49:08.160,bicycle_ID_714,bicycle,Berlin->Potsdam,True
2026-08-17 16:49:08.627,person_ID_692,person,Berlin->Potsdam,True
2026-08-17 16:49:08.662,car_ID_902,car,Berlin->Potsdam,True
2026-08-17 16:49:12.929,bicycle_ID_716,bicycle,Berlin->Potsdam,True
2026-08-17 16:49:13.460,person_ID_693,person,Berlin->Potsdam,True
2026-08-17 16:49:16.296,car_ID_903,car,Berlin->Potsdam,True
2026-08-17 16:49:18.393,car_ID_905,car,Potsdam (kein Wechsel),False
2026-08-17 16:49:18.633,car_ID_906,car,Potsdam (kein Wechsel),False
2026-08-17 16:49:18.993,car_ID_904,car,Berlin->Potsdam,True
2026-08-17 16:49:48.200,bicycle_ID_717,bicycle,Berlin->Potsdam,True
2026-08-17 16:49:48.935,person_ID_694,person,Berlin->Potsdam,True
2026-08-17 16:49:54.399,person_ID_695,person,Berlin->Potsdam,True
2026-08-17 16:49:54.898,bicycle_ID_718,bicycle,Berlin->Potsdam,True
2026-08-17 16:50:06.728,car_ID_908,car,Potsdam (kein Wechsel),False
2026-08-17 16:50:09.497,car_ID_907,car,Potsdam->Berlin,True
2026-08-17 16:50:10.799,car_ID_909,car,Berlin (kein Wechsel),False
2026-08-17 16:50:11.399,person_ID_696,person,Berlin (kein Wechsel),False
2026-08-17 16:50:11.566,bicycle_ID_719,bicycle,Berlin (kein Wechsel),False
2026-08-17 16:50:12.929,person_ID_697,person,Berlin->Potsdam,True
2026-08-17 16:50:54.236,car_ID_910,car,Potsdam->Berlin,True
2026-08-17 16:51:13.004,car_ID_911,car,Potsdam->Berlin,True
2026-08-17 16:51:23.967,bicycle_ID_720,bicycle,Berlin->Potsdam,True
2026-08-17 16:51:23.967,person_ID_698,person,Berlin->Potsdam,True
2026-08-17 16:51:24.570,car_ID_912,car,Potsdam->Berlin,True
2026-08-17 16:51:36.733,bus_ID_59,bus,Berlin (kein Wechsel),False
2026-08-17 16:51:37.032,car_ID_913,car,Potsdam->Berlin,True
2026-08-17 16:51:43.372,bicycle_ID_721,bicycle,Potsdam (kein Wechsel),False
2026-08-17 16:51:44.437,bicycle_ID_722,bicycle,Potsdam->Berlin,True
2026-08-17 16:51:47.340,person_ID_699,person,Potsdam->Berlin,True
2026-08-17 16:51:47.442,car_ID_915,car,Berlin (kein Wechsel),False
2026-08-17 16:51:48.370,car_ID_914,car,Berlin->Potsdam,True
2026-08-17 16:51:55.708,car_ID_916,car,Berlin->Potsdam,True
2026-08-17 16:51:57.174,car_ID_918,car,Potsdam (kein Wechsel),False
2026-08-17 16:51:59.804,car_ID_917,car,Potsdam->Berlin,True
2026-08-17 16:52:09.008,person_ID_700,person,Berlin (kein Wechsel),False
2026-08-17 16:52:10.002,car_ID_919,car,Berlin (kein Wechsel),False
2026-08-17 16:52:12.142,car_ID_920,car,Potsdam (kein Wechsel),False
2026-08-17 16:52:14.403,car_ID_921,car,Potsdam->Berlin,True
2026-08-17 16:52:18.803,bicycle_ID_723,bicycle,Potsdam (kein Wechsel),False
2026-08-17 16:52:19.509,person_ID_701,person,Potsdam (kein Wechsel),False
2026-08-17 16:52:20.003,person_ID_702,person,Potsdam (kein Wechsel),False
2026-08-17 16:52:20.704,person_ID_703,person,Potsdam (kein Wechsel),False
2026-08-17 16:52:21.976,person_ID_704,person,Potsdam->Berlin,True
2026-08-17 16:52:22.505,bicycle_ID_724,bicycle,Potsdam->Berlin,True
2026-08-17 16:52:23.745,person_ID_705,person,Berlin (kein Wechsel),False
2026-08-17 16:52:24.604,bicycle_ID_725,bicycle,Berlin (kein Wechsel),False
2026-08-17 16:52:24.743,person_ID_707,person,Berlin (kein Wechsel),False
2026-08-17 16:52:24.775,bicycle_ID_726,bicycle,Berlin (kein Wechsel),False
2026-08-17 16:52:24.941,person_ID_706,person,Berlin->Potsdam,True
2026-08-17 16:52:25.408,bicycle_ID_727,bicycle,Berlin (kein Wechsel),False
2026-08-17 16:52:51.376,car_ID_922,car,Berlin->Potsdam,True
2026-08-17 16:52:52.041,person_ID_708,person,Berlin (kein Wechsel),False
2026-08-17 16:52:54.342,person_ID_709,person,Berlin (kein Wechsel),False
2026-08-17 16:52:55.175,bicycle_ID_729,bicycle,Berlin (kein Wechsel),False
2026-08-17 16:52:56.641,bicycle_ID_728,bicycle,Berlin->Potsdam,True
2026-08-17 16:52:56.641,person_ID_710,person,Berlin->Potsdam,True
2026-08-17 16:52:56.941,person_ID_711,person,Berlin (kein Wechsel),False
2026-08-17 16:52:59.805,person_ID_712,person,Berlin (kein Wechsel),False
2026-08-17 16:53:04.480,person_ID_713,person,Potsdam (kein Wechsel),False
2026-08-17 16:53:04.805,person_ID_715,person,Potsdam (kein Wechsel),False
2026-08-17 16:53:06.311,bicycle_ID_730,bicycle,Potsdam->Berlin,True
2026-08-17 16:53:06.312,person_ID_714,person,Potsdam->Berlin,True
2026-08-17 16:53:06.509,person_ID_716,person,Berlin (kein Wechsel),False
2026-08-17 16:53:06.774,person_ID_718,person,Berlin (kein Wechsel),False
2026-08-17 16:53:11.348,person_ID_717,person,Potsdam (kein Wechsel),False
2026-08-17 16:53:12.508,person_ID_719,person,Potsdam (kein Wechsel),False
2026-08-17 16:53:13.606,person_ID_720,person,Potsdam (kein Wechsel),False
2026-08-17 16:53:20.907,car_ID_923,car,Potsdam (kein Wechsel),False
2026-08-17 16:53:23.710,car_ID_924,car,Potsdam->Berlin,True
2026-08-17 16:53:26.343,car_ID_925,car,Berlin->Potsdam,True
2026-08-17 16:53:33.409,bus_ID_60,bus,Berlin (kein Wechsel),False
2026-08-17 16:53:34.079,car_ID_926,car,Potsdam->Berlin,True
2026-08-17 16:53:38.874,car_ID_927,car,Potsdam (kein Wechsel),False
2026-08-17 16:53:40.812,car_ID_928,car,Potsdam->Berlin,True
2026-08-17 16:53:41.947,person_ID_721,person,Potsdam->Berlin,True
2026-08-17 16:53:44.949,person_ID_722,person,Berlin (kein Wechsel),False
2026-08-17 16:54:00.178,car_ID_929,car,Berlin->Potsdam,True
2026-08-17 16:54:01.316,car_ID_931,car,Potsdam (kein Wechsel),False
2026-08-17 16:54:02.579,car_ID_930,car,Potsdam->Berlin,True
2026-08-17 16:54:33.880,person_ID_723,person,Potsdam (kein Wechsel),False
2026-08-17 16:54:39.182,car_ID_934,car,Potsdam (kein Wechsel),False
2026-08-17 16:54:40.022,car_ID_932,car,Potsdam->Berlin,True
2026-08-17 16:54:41.548,car_ID_933,car,Potsdam->Berlin,True
2026-08-17 16:54:44.581,person_ID_724,person,Potsdam (kein Wechsel),False
2026-08-17 16:54:47.780,car_ID_935,car,Potsdam->Berlin,True
2026-08-17 16:54:55.817,car_ID_937,car,Berlin (kein Wechsel),False
2026-08-17 16:54:56.149,car_ID_936,car,Berlin->Potsdam,True
2026-08-17 16:54:56.616,person_ID_726,person,Potsdam (kein Wechsel),False
2026-08-17 16:54:58.652,bicycle_ID_731,bicycle,Berlin (kein Wechsel),False
2026-08-17 16:55:00.079,person_ID_727,person,Potsdam->Berlin,True
2026-08-17 16:55:06.719,car_ID_938,car,Potsdam->Berlin,True
2026-08-17 16:55:20.454,person_ID_725,person,Potsdam->Berlin,True
2026-08-17 16:55:38.018,car_ID_939,car,Potsdam->Berlin,True
2026-08-17 16:55:51.150,car_ID_940,car,Berlin->Potsdam,True
2026-08-17 16:55:56.355,bicycle_ID_732,bicycle,Potsdam (kein Wechsel),False
2026-08-17 16:55:56.883,bicycle_ID_733,bicycle,Potsdam (kein Wechsel),False
2026-08-17 16:55:57.655,bicycle_ID_735,bicycle,Potsdam (kein Wechsel),False
2026-08-17 16:55:57.685,person_ID_728,person,Potsdam (kein Wechsel),False
2026-08-17 16:55:57.754,person_ID_729,person,Potsdam (kein Wechsel),False
2026-08-17 16:55:58.019,person_ID_730,person,Potsdam (kein Wechsel),False
2026-08-17 16:55:58.050,bicycle_ID_734,bicycle,Potsdam (kein Wechsel),False
2026-08-17 16:55:58.319,person_ID_731,person,Berlin (kein Wechsel),False
2026-08-17 16:55:59.788,bicycle_ID_736,bicycle,Berlin (kein Wechsel),False
2026-08-17 16:56:09.256,car_ID_941,car,Berlin->Potsdam,True
2026-08-17 16:56:10.627,car_ID_942,car,Potsdam (kein Wechsel),False
2026-08-17 16:56:10.952,bicycle_ID_737,bicycle,Potsdam (kein Wechsel),False
2026-08-17 16:56:14.148,person_ID_732,person,Potsdam (kein Wechsel),False
2026-08-17 16:56:15.554,car_ID_943,car,Berlin->Potsdam,True
2026-08-17 16:56:22.353,bicycle_ID_738,bicycle,Potsdam (kein Wechsel),False
2026-08-17 16:56:26.323,person_ID_733,person,Berlin (kein Wechsel),False
2026-08-17 16:56:31.521,bicycle_ID_741,bicycle,Potsdam (kein Wechsel),False
2026-08-17 16:56:31.887,person_ID_736,person,Potsdam (kein Wechsel),False
2026-08-17 16:56:32.889,person_ID_734,person,Berlin (kein Wechsel),False
2026-08-17 16:56:33.452,bicycle_ID_740,bicycle,Berlin->Potsdam,True
2026-08-17 16:56:33.520,person_ID_735,person,Berlin->Potsdam,True
2026-08-17 16:56:33.986,bicycle_ID_742,bicycle,Berlin (kein Wechsel),False
2026-08-17 16:56:34.557,person_ID_737,person,Potsdam->Berlin,True
2026-08-17 16:56:34.858,bicycle_ID_739,bicycle,Potsdam->Berlin,True
2026-08-17 16:56:34.958,person_ID_738,person,Berlin (kein Wechsel),False
2026-08-17 16:56:34.989,bicycle_ID_743,bicycle,Berlin (kein Wechsel),False
2026-08-17 16:56:35.122,person_ID_739,person,Berlin (kein Wechsel),False
2026-08-17 16:56:37.991,car_ID_944,car,Berlin->Potsdam,True
2026-08-17 16:56:39.290,person_ID_740,person,Berlin (kein Wechsel),False
2026-08-17 16:56:40.958,car_ID_947,car,Berlin->Potsdam,True
2026-08-17 16:56:41.788,car_ID_945,car,Potsdam->Berlin,True
2026-08-17 16:56:43.690,car_ID_946,car,Potsdam->Berlin,True
2026-08-17 16:56:44.486,car_ID_948,car,Berlin->Potsdam,True
2026-08-17 16:57:00.723,car_ID_949,car,Potsdam->Berlin,True
2026-08-17 16:57:14.658,bicycle_ID_744,bicycle,Potsdam (kein Wechsel),False
2026-08-17 16:57:14.691,bicycle_ID_745,bicycle,Potsdam (kein Wechsel),False
2026-08-17 16:57:15.422,bicycle_ID_746,bicycle,Potsdam (kein Wechsel),False
2026-08-17 16:57:17.226,bicycle_ID_747,bicycle,Potsdam->Berlin,True
2026-08-17 16:57:19.259,bicycle_ID_748,bicycle,Berlin (kein Wechsel),False
2026-08-17 16:57:19.426,person_ID_741,person,Potsdam->Berlin,True
2026-08-17 16:57:22.857,car_ID_951,car,Berlin->Potsdam,True
2026-08-17 16:57:23.421,car_ID_950,car,Potsdam->Berlin,True
2026-08-17 16:57:25.557,bicycle_ID_749,bicycle,Potsdam (kein Wechsel),False
2026-08-17 16:57:26.291,person_ID_742,person,Potsdam (kein Wechsel),False
2026-08-17 16:57:28.257,bicycle_ID_750,bicycle,Potsdam->Berlin,True
2026-08-17 16:57:28.521,person_ID_743,person,Berlin (kein Wechsel),False
2026-08-17 16:57:28.923,bicycle_ID_751,bicycle,Berlin (kein Wechsel),False
2026-08-17 16:57:30.160,person_ID_744,person,Berlin (kein Wechsel),False
2026-08-17 16:57:30.556,bicycle_ID_752,bicycle,Berlin (kein Wechsel),False
2026-08-17 16:57:32.122,car_ID_952,car,Potsdam (kein Wechsel),False
2026-08-17 16:57:32.160,car_ID_953,car,Berlin (kein Wechsel),False
2026-08-17 16:57:35.856,car_ID_954,car,Potsdam->Berlin,True
2026-08-17 16:57:38.459,car_ID_956,car,Potsdam (kein Wechsel),False
2026-08-17 16:57:38.491,car_ID_955,car,Berlin->Potsdam,True
2026-08-17 16:57:50.634,person_ID_745,person,Berlin (kein Wechsel),False
2026-08-17 16:57:51.453,bicycle_ID_753,bicycle,Berlin->Potsdam,True
2026-08-17 16:57:51.929,person_ID_746,person,Berlin->Potsdam,True
2026-08-17 16:57:56.458,car_ID_957,car,Potsdam->Berlin,True
2026-08-17 16:57:58.494,bicycle_ID_754,bicycle,Berlin (kein Wechsel),False
2026-08-17 16:57:59.654,person_ID_747,person,Berlin (kein Wechsel),False
2026-08-17 16:58:00.524,bicycle_ID_755,bicycle,Berlin->Potsdam,True
2026-08-17 16:58:18.825,car_ID_959,car,Potsdam (kein Wechsel),False
2026-08-17 16:58:21.393,car_ID_958,car,Potsdam->Berlin,True
2026-08-17 16:58:25.328,car_ID_960,car,Potsdam->Berlin,True
2026-08-17 16:58:31.731,bicycle_ID_756,bicycle,Potsdam (kein Wechsel),False
2026-08-17 16:58:32.530,bicycle_ID_757,bicycle,Potsdam (kein Wechsel),False
2026-08-17 16:58:32.796,person_ID_748,person,Potsdam (kein Wechsel),False
2026-08-17 16:58:37.295,person_ID_749,person,Potsdam->Berlin,True
2026-08-17 16:58:37.496,bicycle_ID_758,bicycle,Potsdam->Berlin,True
2026-08-17 16:58:37.697,car_ID_962,car,Berlin (kein Wechsel),False
2026-08-17 16:58:40.098,car_ID_961,car,Potsdam->Berlin,True
2026-08-17 16:58:42.963,car_ID_963,car,Berlin->Potsdam,True
2026-08-17 16:58:56.062,bicycle_ID_759,bicycle,Berlin->Potsdam,True
2026-08-17 16:58:56.062,person_ID_750,person,Berlin->Potsdam,True
2026-08-17 16:59:05.831,car_ID_964,car,Potsdam->Berlin,True
2026-08-17 16:59:07.963,car_ID_965,car,Potsdam->Berlin,True
2026-08-17 16:59:26.132,car_ID_966,car,Potsdam->Berlin,True
2026-08-17 16:59:40.334,car_ID_967,car,Berlin (kein Wechsel),False
2026-08-17 17:00:05.333,bicycle_ID_760,bicycle,Berlin->Potsdam,True
2026-08-17 17:00:05.830,person_ID_751,person,Berlin->Potsdam,True
2026-08-17 17:00:09.466,car_ID_968,car,Potsdam->Berlin,True
2026-08-17 17:00:14.866,car_ID_969,car,Berlin (kein Wechsel),False
2026-08-17 17:00:17.102,bus_ID_61,bus,Berlin->Potsdam,True
2026-08-17 17:00:17.832,bus_ID_62,bus,Potsdam (kein Wechsel),False
2026-08-17 17:00:21.572,bicycle_ID_761,bicycle,Potsdam (kein Wechsel),False
2026-08-17 17:00:23.341,bicycle_ID_762,bicycle,Potsdam->Berlin,True
2026-08-17 17:00:23.839,car_ID_970,car,Berlin->Potsdam,True
2026-08-17 17:00:25.034,bicycle_ID_763,bicycle,Berlin (kein Wechsel),False
2026-08-17 17:00:25.166,person_ID_752,person,Potsdam->Berlin,True
2026-08-17 17:00:37.000,car_ID_971,car,Berlin->Potsdam,True
2026-08-17 17:00:37.268,person_ID_754,person,Berlin (kein Wechsel),False
2026-08-17 17:00:37.434,person_ID_753,person,Berlin (kein Wechsel),False
2026-08-17 17:00:52.803,car_ID_972,car,Potsdam->Berlin,True
2026-08-17 17:00:59.567,car_ID_973,car,Potsdam->Berlin,True
2026-08-17 17:01:01.804,car_ID_975,car,Potsdam (kein Wechsel),False
2026-08-17 17:01:03.437,bus_ID_63,bus,Berlin (kein Wechsel),False
2026-08-17 17:01:03.705,car_ID_974,car,Potsdam->Berlin,True
2026-08-17 17:01:17.674,car_ID_976,car,Potsdam->Berlin,True
2026-08-17 17:01:18.539,car_ID_977,car,Berlin (kein Wechsel),False
2026-08-17 17:01:57.508,car_ID_978,car,Potsdam->Berlin,True
2026-08-17 17:02:11.340,car_ID_979,car,Potsdam->Berlin,True
2026-08-17 17:02:15.642,bicycle_ID_764,bicycle,Berlin (kein Wechsel),False
2026-08-17 17:02:16.480,bicycle_ID_765,bicycle,Berlin (kein Wechsel),False
2026-08-17 17:02:16.512,car_ID_980,car,Potsdam->Berlin,True
2026-08-17 17:02:16.778,bicycle_ID_766,bicycle,Berlin->Potsdam,True
2026-08-17 17:02:17.343,person_ID_755,person,Berlin->Potsdam,True
2026-08-17 17:02:20.411,person_ID_756,person,Potsdam (kein Wechsel),False
2026-08-17 17:02:34.911,car_ID_981,car,Potsdam->Berlin,True
2026-08-17 17:02:37.544,car_ID_982,car,Potsdam->Berlin,True
2026-08-17 17:02:38.343,bicycle_ID_767,bicycle,Berlin (kein Wechsel),False
2026-08-17 17:02:39.311,person_ID_757,person,Berlin (kein Wechsel),False
2026-08-17 17:02:39.946,bicycle_ID_769,bicycle,Berlin (kein Wechsel),False
2026-08-17 17:02:40.150,person_ID_758,person,Berlin->Potsdam,True
2026-08-17 17:02:40.320,bicycle_ID_768,bicycle,Berlin->Potsdam,True
2026-08-17 17:02:40.710,person_ID_759,person,Berlin (kein Wechsel),False
2026-08-17 17:02:40.783,bicycle_ID_770,bicycle,Berlin->Potsdam,True
2026-08-17 17:02:41.248,person_ID_760,person,Berlin->Potsdam,True
2026-08-17 17:02:44.979,person_ID_762,person,Potsdam (kein Wechsel),False
2026-08-17 17:02:46.681,person_ID_763,person,Potsdam (kein Wechsel),False
2026-08-17 17:02:51.779,person_ID_764,person,Potsdam (kein Wechsel),False
2026-08-17 17:02:55.045,person_ID_765,person,Potsdam (kein Wechsel),False
2026-08-17 17:02:57.245,person_ID_761,person,Potsdam (kein Wechsel),False
2026-08-17 17:03:03.212,person_ID_767,person,Potsdam (kein Wechsel),False
2026-08-17 17:03:14.285,person_ID_768,person,Potsdam (kein Wechsel),False
2026-08-17 17:03:16.249,person_ID_766,person,Potsdam (kein Wechsel),False
2026-08-17 17:03:22.112,car_ID_983,car,Potsdam->Berlin,True
2026-08-17 17:03:27.283,car_ID_984,car,Berlin->Potsdam,True
2026-08-17 17:03:46.819,bicycle_ID_771,bicycle,Potsdam (kein Wechsel),False
2026-08-17 17:03:47.351,person_ID_769,person,Potsdam (kein Wechsel),False
2026-08-17 17:03:49.183,bicycle_ID_772,bicycle,Potsdam->Berlin,True
2026-08-17 17:03:51.155,bicycle_ID_773,bicycle,Berlin->Potsdam,True
2026-08-17 17:03:51.220,person_ID_771,person,Berlin->Potsdam,True
2026-08-17 17:03:52.685,person_ID_770,person,Potsdam->Berlin,True
2026-08-17 17:03:53.015,person_ID_772,person,Potsdam (kein Wechsel),False
2026-08-17 17:03:54.720,person_ID_773,person,Potsdam (kein Wechsel),False
2026-08-17 17:03:54.752,person_ID_774,person,Potsdam (kein Wechsel),False
2026-08-17 17:03:58.019,bicycle_ID_774,bicycle,Potsdam (kein Wechsel),False
2026-08-17 17:04:00.455,bicycle_ID_776,bicycle,Potsdam (kein Wechsel),False
2026-08-17 17:04:00.853,bicycle_ID_775,bicycle,Potsdam->Berlin,True
2026-08-17 17:04:02.384,person_ID_777,person,Berlin (kein Wechsel),False
2026-08-17 17:04:02.854,bicycle_ID_777,bicycle,Berlin (kein Wechsel),False
2026-08-17 17:04:03.254,bicycle_ID_779,bicycle,Berlin (kein Wechsel),False
2026-08-17 17:04:03.421,bicycle_ID_780,bicycle,Berlin (kein Wechsel),False
2026-08-17 17:04:03.653,person_ID_776,person,Potsdam->Berlin,True
2026-08-17 17:04:04.015,person_ID_775,person,Potsdam->Berlin,True
2026-08-17 17:04:04.353,bicycle_ID_781,bicycle,Berlin (kein Wechsel),False
2026-08-17 17:04:04.486,person_ID_778,person,Berlin->Potsdam,True
2026-08-17 17:04:04.986,bicycle_ID_778,bicycle,Berlin->Potsdam,True
2026-08-17 17:04:09.354,person_ID_780,person,Berlin (kein Wechsel),False
2026-08-17 17:04:10.318,car_ID_985,car,Berlin->Potsdam,True
2026-08-17 17:04:14.084,person_ID_781,person,Berlin (kein Wechsel),False
2026-08-17 17:04:14.653,person_ID_779,person,Berlin (kein Wechsel),False
2026-08-17 17:04:21.517,bicycle_ID_783,bicycle,Berlin (kein Wechsel),False
2026-08-17 17:04:22.822,person_ID_782,person,Berlin->Potsdam,True
2026-08-17 17:04:22.854,bicycle_ID_782,bicycle,Berlin->Potsdam,True
2026-08-17 17:04:33.487,bicycle_ID_784,bicycle,Berlin->Potsdam,True
2026-08-17 17:04:33.487,person_ID_783,person,Berlin->Potsdam,True
2026-08-17 17:04:37.785,bus_ID_64,bus,Potsdam (kein Wechsel),False
2026-08-17 17:04:38.590,bus_ID_65,bus,Potsdam (kein Wechsel),False
2026-08-17 17:04:41.290,bus_ID_66,bus,Potsdam->Berlin,True
2026-08-17 17:04:41.487,car_ID_986,car,Berlin (kein Wechsel),False
2026-08-17 17:04:47.355,bicycle_ID_786,bicycle,Berlin (kein Wechsel),False
2026-08-17 17:04:48.289,person_ID_784,person,Berlin->Potsdam,True
2026-08-17 17:04:48.726,bicycle_ID_785,bicycle,Berlin->Potsdam,True
2026-08-17 17:04:52.223,car_ID_988,car,Potsdam (kein Wechsel),False
2026-08-17 17:04:55.555,car_ID_987,car,Potsdam->Berlin,True
2026-08-17 17:04:57.021,person_ID_785,person,Berlin->Potsdam,True
2026-08-17 17:04:57.156,bicycle_ID_787,bicycle,Berlin->Potsdam,True
2026-08-17 17:06:04.996,bicycle_ID_788,bicycle,Berlin (kein Wechsel),False
2026-08-17 17:06:06.764,bicycle_ID_789,bicycle,Berlin->Potsdam,True
2026-08-17 17:06:06.764,person_ID_786,person,Berlin->Potsdam,True
2026-08-17 17:06:17.628,car_ID_991,car,Potsdam (kein Wechsel),False
2026-08-17 17:06:17.830,car_ID_989,car,Berlin->Potsdam,True
2026-08-17 17:06:19.300,car_ID_993,car,Berlin (kein Wechsel),False
2026-08-17 17:06:19.997,car_ID_992,car,Berlin->Potsdam,True
2026-08-17 17:06:20.091,car_ID_995,car,Potsdam (kein Wechsel),False
2026-08-17 17:06:20.394,car_ID_990,car,Potsdam->Berlin,True
2026-08-17 17:06:22.931,car_ID_994,car,Potsdam->Berlin,True
2026-08-17 17:06:23.196,car_ID_996,car,Berlin->Potsdam,True
2026-08-17 17:06:36.267,bicycle_ID_790,bicycle,Potsdam (kein Wechsel),False
2026-08-17 17:06:39.732,bicycle_ID_791,bicycle,Potsdam->Berlin,True
2026-08-17 17:06:40.997,person_ID_787,person,Potsdam->Berlin,True
2026-08-17 17:06:41.431,car_ID_997,car,Berlin (kein Wechsel),False
2026-08-17 17:06:46.399,bicycle_ID_792,bicycle,Berlin->Potsdam,True
2026-08-17 17:06:46.434,person_ID_788,person,Berlin->Potsdam,True
2026-08-17 17:06:50.995,bicycle_ID_793,bicycle,Potsdam (kein Wechsel),False
2026-08-17 17:06:55.434,person_ID_789,person,Potsdam (kein Wechsel),False
2026-08-17 17:06:58.564,person_ID_790,person,Potsdam (kein Wechsel),False
2026-08-17 17:07:03.266,bicycle_ID_794,bicycle,Potsdam (kein Wechsel),False
2026-08-17 17:07:07.763,person_ID_791,person,Potsdam->Berlin,True
2026-08-17 17:07:08.299,person_ID_792,person,Berlin (kein Wechsel),False
2026-08-17 17:07:09.766,person_ID_793,person,Berlin (kein Wechsel),False
2026-08-17 17:07:12.569,person_ID_794,person,Berlin (kein Wechsel),False
2026-08-17 17:07:20.604,person_ID_795,person,Berlin (kein Wechsel),False
2026-08-17 17:07:22.936,person_ID_796,person,Berlin (kein Wechsel),False
2026-08-17 17:07:25.301,car_ID_998,car,Potsdam->Berlin,True
2026-08-17 17:07:31.868,person_ID_797,person,Potsdam (kein Wechsel),False
2026-08-17 17:07:32.269,bicycle_ID_795,bicycle,Potsdam (kein Wechsel),False
2026-08-17 17:07:33.200,person_ID_798,person,Potsdam->Berlin,True
2026-08-17 17:07:35.633,person_ID_799,person,Berlin (kein Wechsel),False
2026-08-17 17:07:35.734,bicycle_ID_796,bicycle,Berlin (kein Wechsel),False
2026-08-17 17:08:03.568,car_ID_999,car,Potsdam->Berlin,True
2026-08-17 17:08:22.704,car_ID_1000,car,Berlin->Potsdam,True
2026-08-17 17:08:33.307,car_ID_1001,car,Berlin->Potsdam,True
2026-08-17 17:08:36.905,car_ID_1002,car,Berlin->Potsdam,True
2026-08-17 17:08:49.877,car_ID_1003,car,Potsdam->Berlin,True
2026-08-17 17:08:51.611,car_ID_1006,car,Berlin (kein Wechsel),False
2026-08-17 17:08:52.337,car_ID_1005,car,Berlin->Potsdam,True
2026-08-17 17:08:53.205,car_ID_1004,car,Potsdam->Berlin,True
2026-08-17 17:09:12.505,person_ID_800,person,Berlin->Potsdam,True
2026-08-17 17:09:25.309,car_ID_1007,car,Potsdam->Berlin,True
2026-08-17 17:09:35.377,bicycle_ID_797,bicycle,Potsdam (kein Wechsel),False
2026-08-17 17:09:37.143,person_ID_801,person,Potsdam (kein Wechsel),False
2026-08-17 17:09:37.544,person_ID_802,person,Potsdam (kein Wechsel),False
2026-08-17 17:09:37.844,bicycle_ID_798,bicycle,Potsdam (kein Wechsel),False
2026-08-17 17:09:40.946,person_ID_803,person,Potsdam->Berlin,True
2026-08-17 17:09:45.078,car_ID_1008,car,Potsdam->Berlin,True
2026-08-17 17:09:52.344,car_ID_1009,car,Potsdam->Berlin,True
2026-08-17 17:10:08.245,car_ID_1010,car,Potsdam->Berlin,True
2026-08-17 17:10:12.478,car_ID_1011,car,Berlin->Potsdam,True
2026-08-17 17:10:14.241,person_ID_804,person,Potsdam (kein Wechsel),False
2026-08-17 17:10:18.278,person_ID_806,person,Potsdam (kein Wechsel),False
2026-08-17 17:10:20.780,person_ID_807,person,Potsdam (kein Wechsel),False
2026-08-17 17:10:20.981,bicycle_ID_799,bicycle,Berlin->Potsdam,True
2026-08-17 17:10:21.414,car_ID_1012,car,Berlin->Potsdam,True
2026-08-17 17:10:33.409,person_ID_805,person,Berlin (kein Wechsel),False
2026-08-17 17:10:36.680,car_ID_1013,car,Potsdam->Berlin,True
2026-08-17 17:11:16.716,bicycle_ID_800,bicycle,Berlin (kein Wechsel),False
2026-08-17 17:11:18.383,bicycle_ID_802,bicycle,Berlin (kein Wechsel),False
2026-08-17 17:11:18.681,bicycle_ID_801,bicycle,Berlin->Potsdam,True
2026-08-17 17:11:18.681,person_ID_808,person,Berlin->Potsdam,True
2026-08-17 17:11:19.651,person_ID_809,person,Potsdam (kein Wechsel),False
2026-08-17 17:11:25.649,person_ID_810,person,Potsdam (kein Wechsel),False
2026-08-17 17:11:28.652,person_ID_811,person,Potsdam (kein Wechsel),False
2026-08-17 17:11:28.714,person_ID_812,person,Potsdam (kein Wechsel),False
2026-08-17 17:11:29.651,bicycle_ID_803,bicycle,Potsdam (kein Wechsel),False
2026-08-17 17:11:32.484,person_ID_814,person,Berlin (kein Wechsel),False
2026-08-17 17:11:33.819,bicycle_ID_804,bicycle,Berlin (kein Wechsel),False
2026-08-17 17:11:34.019,bicycle_ID_805,bicycle,Berlin (kein Wechsel),False
2026-08-17 17:11:34.854,person_ID_815,person,Berlin->Potsdam,True
2026-08-17 17:11:37.482,person_ID_813,person,Potsdam->Berlin,True
2026-08-17 17:11:41.182,person_ID_816,person,Berlin (kein Wechsel),False
2026-08-17 17:11:44.520,person_ID_817,person,Berlin (kein Wechsel),False
2026-08-17 17:11:44.788,car_ID_1014,car,Potsdam->Berlin,True
2026-08-17 17:11:46.583,person_ID_818,person,Berlin (kein Wechsel),False
2026-08-17 17:11:47.715,person_ID_819,person,Berlin (kein Wechsel),False
2026-08-17 17:11:53.553,car_ID_1015,car,Berlin->Potsdam,True
2026-08-17 17:12:08.952,car_ID_1016,car,Potsdam->Berlin,True
2026-08-17 17:12:18.123,car_ID_1017,car,Potsdam->Berlin,True
2026-08-17 17:12:18.654,bicycle_ID_806,bicycle,Potsdam (kein Wechsel),False
2026-08-17 17:12:19.621,bicycle_ID_807,bicycle,Potsdam (kein Wechsel),False
2026-08-17 17:12:21.624,bicycle_ID_808,bicycle,Potsdam->Berlin,True
2026-08-17 17:12:23.520,bicycle_ID_809,bicycle,Berlin (kein Wechsel),False
2026-08-17 17:12:23.825,person_ID_820,person,Potsdam->Berlin,True
2026-08-17 17:12:35.952,car_ID_1018,car,Berlin->Potsdam,True
2026-08-17 17:12:36.925,car_ID_1019,car,Potsdam (kein Wechsel),False
2026-08-17 17:12:55.022,car_ID_1021,car,Berlin->Potsdam,True
2026-08-17 17:12:57.025,car_ID_1020,car,Potsdam->Berlin,True
2026-08-17 17:12:57.787,bicycle_ID_810,bicycle,Potsdam (kein Wechsel),False
2026-08-17 17:12:58.957,person_ID_822,person,Potsdam (kein Wechsel),False
2026-08-17 17:12:59.659,bicycle_ID_811,bicycle,Potsdam (kein Wechsel),False
2026-08-17 17:13:00.489,person_ID_823,person,Berlin (kein Wechsel),False
2026-08-17 17:13:00.553,bicycle_ID_812,bicycle,Berlin (kein Wechsel),False
2026-08-17 17:13:03.123,person_ID_821,person,Potsdam->Berlin,True
2026-08-17 17:13:03.225,bicycle_ID_813,bicycle,Berlin (kein Wechsel),False
2026-08-17 17:13:03.492,person_ID_824,person,Berlin (kein Wechsel),False
2026-08-17 17:13:08.426,person_ID_825,person,Berlin->Potsdam,True
2026-08-17 17:13:08.928,bicycle_ID_814,bicycle,Berlin->Potsdam,True
2026-08-17 17:13:09.425,car_ID_1022,car,Potsdam->Berlin,True
2026-08-17 17:13:12.825,car_ID_1023,car,Berlin->Potsdam,True
2026-08-17 17:13:13.192,car_ID_1024,car,Potsdam (kein Wechsel),False
2026-08-17 17:13:21.958,bicycle_ID_815,bicycle,Potsdam (kein Wechsel),False
2026-08-17 17:13:22.288,person_ID_826,person,Potsdam (kein Wechsel),False
2026-08-17 17:13:24.457,bicycle_ID_816,bicycle,Potsdam->Berlin,True
2026-08-17 17:13:26.690,person_ID_827,person,Potsdam->Berlin,True
2026-08-17 17:13:26.895,bicycle_ID_817,bicycle,Berlin (kein Wechsel),False
2026-08-17 17:13:36.093,bicycle_ID_819,bicycle,Berlin (kein Wechsel),False
2026-08-17 17:13:36.428,bicycle_ID_818,bicycle,Berlin->Potsdam,True
2026-08-17 17:13:36.792,person_ID_828,person,Berlin->Potsdam,True
2026-08-17 17:13:53.291,car_ID_1025,car,Potsdam->Berlin,True
2026-08-17 17:14:23.798,car_ID_1026,car,Berlin->Potsdam,True
2026-08-17 17:14:24.828,car_ID_1028,car,Potsdam (kein Wechsel),False
2026-08-17 17:14:27.395,car_ID_1027,car,Potsdam->Berlin,True
2026-08-17 17:14:33.661,bicycle_ID_820,bicycle,Potsdam (kein Wechsel),False
2026-08-17 17:14:34.530,person_ID_829,person,Potsdam (kein Wechsel),False
2026-08-17 17:14:36.228,bicycle_ID_821,bicycle,Potsdam (kein Wechsel),False
2026-08-17 17:14:37.130,person_ID_830,person,Berlin (kein Wechsel),False
2026-08-17 17:14:38.197,bicycle_ID_822,bicycle,Berlin (kein Wechsel),False
2026-08-17 17:14:40.528,person_ID_831,person,Berlin (kein Wechsel),False
2026-08-17 17:14:43.961,car_ID_1029,car,Potsdam->Berlin,True
2026-08-17 17:14:55.200,car_ID_1030,car,Potsdam->Berlin,True
2026-08-17 17:15:01.061,car_ID_1031,car,Berlin->Potsdam,True
2026-08-17 17:15:02.228,car_ID_1032,car,Potsdam (kein Wechsel),False
2026-08-17 17:15:06.130,car_ID_1033,car,Berlin->Potsdam,True
2026-08-17 17:15:14.265,car_ID_1034,car,Potsdam->Berlin,True
2026-08-17 17:15:18.499,car_ID_1035,car,Potsdam->Berlin,True
2026-08-17 17:15:29.565,car_ID_1036,car,Berlin->Potsdam,True
2026-08-17 17:15:52.436,bicycle_ID_823,bicycle,Potsdam (kein Wechsel),False
2026-08-17 17:15:52.701,person_ID_832,person,Potsdam (kein Wechsel),False
2026-08-17 17:15:53.235,bicycle_ID_825,bicycle,Berlin (kein Wechsel),False
2026-08-17 17:15:53.401,bicycle_ID_826,bicycle,Potsdam (kein Wechsel),False
2026-08-17 17:15:54.336,person_ID_833,person,Berlin (kein Wechsel),False
2026-08-17 17:15:54.442,person_ID_835,person,Berlin->Potsdam,True
2026-08-17 17:15:54.512,bicycle_ID_827,bicycle,Potsdam (kein Wechsel),False
2026-08-17 17:15:55.002,person_ID_836,person,Berlin (kein Wechsel),False
2026-08-17 17:15:55.236,bicycle_ID_824,bicycle,Berlin->Potsdam,True
2026-08-17 17:15:55.906,bicycle_ID_828,bicycle,Berlin (kein Wechsel),False
2026-08-17 17:15:57.102,bicycle_ID_829,bicycle,Berlin (kein Wechsel),False
2026-08-17 17:15:57.199,person_ID_834,person,Potsdam->Berlin,True
2026-08-17 17:15:57.800,bicycle_ID_830,bicycle,Berlin (kein Wechsel),False
2026-08-17 17:16:09.970,bicycle_ID_831,bicycle,Potsdam (kein Wechsel),False
2026-08-17 17:16:10.003,person_ID_837,person,Potsdam (kein Wechsel),False
2026-08-17 17:16:10.102,bicycle_ID_832,bicycle,Potsdam (kein Wechsel),False
2026-08-17 17:16:12.302,bicycle_ID_833,bicycle,Potsdam->Berlin,True
2026-08-17 17:16:13.373,bicycle_ID_834,bicycle,Berlin (kein Wechsel),False
2026-08-17 17:16:14.570,bicycle_ID_835,bicycle,Berlin (kein Wechsel),False
2026-08-17 17:16:15.169,person_ID_838,person,Potsdam->Berlin,True
2026-08-17 17:16:33.003,person_ID_839,person,Berlin (kein Wechsel),False
2026-08-17 17:16:38.204,person_ID_840,person,Berlin (kein Wechsel),False
2026-08-17 17:16:45.205,bicycle_ID_836,bicycle,Potsdam (kein Wechsel),False
2026-08-17 17:16:45.837,person_ID_841,person,Potsdam (kein Wechsel),False
2026-08-17 17:16:47.608,bicycle_ID_837,bicycle,Potsdam->Berlin,True
2026-08-17 17:16:50.474,car_ID_1038,car,Berlin (kein Wechsel),False
2026-08-17 17:16:50.606,person_ID_842,person,Potsdam->Berlin,True
2026-08-17 17:16:50.775,car_ID_1037,car,Berlin->Potsdam,True
2026-08-17 17:16:51.505,car_ID_1039,car,Berlin (kein Wechsel),False
2026-08-17 17:17:01.605,person_ID_843,person,Potsdam (kein Wechsel),False
2026-08-17 17:17:01.675,bicycle_ID_838,bicycle,Potsdam (kein Wechsel),False
2026-08-17 17:17:04.904,bicycle_ID_839,bicycle,Potsdam->Berlin,True
2026-08-17 17:17:05.036,person_ID_844,person,Potsdam->Berlin,True
2026-08-17 17:17:09.339,car_ID_1041,car,Potsdam (kein Wechsel),False
2026-08-17 17:17:12.111,person_ID_845,person,Potsdam (kein Wechsel),False
2026-08-17 17:17:12.610,car_ID_1040,car,Potsdam->Berlin,True
2026-08-17 17:17:12.678,bicycle_ID_841,bicycle,Potsdam (kein Wechsel),False
2026-08-17 17:17:14.140,bicycle_ID_840,bicycle,Potsdam->Berlin,True
2026-08-17 17:17:14.805,person_ID_846,person,Potsdam->Berlin,True
2026-08-17 17:17:15.005,person_ID_847,person,Berlin (kein Wechsel),False
2026-08-17 17:17:16.436,bicycle_ID_842,bicycle,Berlin (kein Wechsel),False
2026-08-17 17:17:26.606,car_ID_1043,car,Berlin->Potsdam,True
2026-08-17 17:17:27.104,car_ID_1042,car,Potsdam->Berlin,True
2026-08-17 17:17:38.644,bicycle_ID_843,bicycle,Berlin->Potsdam,True
2026-08-17 17:17:50.908,car_ID_1044,car,Berlin->Potsdam,True
2026-08-17 17:18:01.345,bicycle_ID_845,bicycle,Berlin (kein Wechsel),False
2026-08-17 17:18:02.341,person_ID_848,person,Berlin (kein Wechsel),False
2026-08-17 17:18:02.376,bicycle_ID_844,bicycle,Berlin (kein Wechsel),False
2026-08-17 17:18:02.476,bicycle_ID_846,bicycle,Berlin (kein Wechsel),False
2026-08-17 17:18:02.575,person_ID_850,person,Berlin (kein Wechsel),False
2026-08-17 17:18:03.078,bicycle_ID_847,bicycle,Potsdam (kein Wechsel),False
2026-08-17 17:18:03.113,person_ID_849,person,Berlin->Potsdam,True
2026-08-17 17:18:10.644,bicycle_ID_849,bicycle,Berlin (kein Wechsel),False
2026-08-17 17:18:11.645,person_ID_851,person,Berlin (kein Wechsel),False
2026-08-17 17:18:12.409,bicycle_ID_848,bicycle,Berlin->Potsdam,True
2026-08-17 17:18:13.610,bicycle_ID_850,bicycle,Potsdam (kein Wechsel),False
2026-08-17 17:18:13.977,person_ID_852,person,Potsdam (kein Wechsel),False
2026-08-17 17:18:14.448,person_ID_853,person,Potsdam (kein Wechsel),False
2026-08-17 17:18:14.512,bicycle_ID_851,bicycle,Potsdam (kein Wechsel),False
2026-08-17 17:18:15.078,person_ID_854,person,Berlin (kein Wechsel),False
2026-08-17 17:18:15.146,bicycle_ID_852,bicycle,Potsdam (kein Wechsel),False
2026-08-17 17:18:15.546,person_ID_855,person,Potsdam->Berlin,True
2026-08-17 17:18:16.444,person_ID_856,person,Berlin (kein Wechsel),False
2026-08-17 17:18:16.845,person_ID_857,person,Berlin (kein Wechsel),False
2026-08-17 17:18:17.448,person_ID_858,person,Berlin (kein Wechsel),False
2026-08-17 17:18:17.877,person_ID_859,person,Berlin (kein Wechsel),False
2026-08-17 17:18:17.942,bicycle_ID_853,bicycle,Berlin (kein Wechsel),False
2026-08-17 17:18:25.075,bicycle_ID_854,bicycle,Potsdam (kein Wechsel),False
2026-08-17 17:18:25.075,person_ID_860,person,Potsdam (kein Wechsel),False
2026-08-17 17:18:26.146,person_ID_861,person,Potsdam (kein Wechsel),False
2026-08-17 17:18:28.413,bicycle_ID_855,bicycle,Potsdam->Berlin,True
2026-08-17 17:18:30.276,person_ID_862,person,Potsdam->Berlin,True
2026-08-17 17:18:43.816,car_ID_1045,car,Berlin (kein Wechsel),False
2026-08-17 17:18:44.711,bus_ID_68,bus,Berlin (kein Wechsel),False
2026-08-17 17:18:46.980,bus_ID_67,bus,Berlin->Potsdam,True
2026-08-17 17:18:48.080,bus_ID_69,bus,Potsdam (kein Wechsel),False
2026-08-17 17:18:48.550,bus_ID_70,bus,Potsdam (kein Wechsel),False
2026-08-17 17:18:58.747,car_ID_1046,car,Potsdam->Berlin,True
2026-08-17 17:19:31.618,person_ID_863,person,Berlin->Potsdam,True
2026-08-17 17:19:32.050,bicycle_ID_856,bicycle,Berlin->Potsdam,True
2026-08-17 17:19:40.519,car_ID_1047,car,Potsdam->Berlin,True
2026-08-17 17:19:42.917,car_ID_1048,car,Potsdam->Berlin,True
2026-08-17 17:20:01.190,car_ID_1049,car,Potsdam->Berlin,True
2026-08-17 17:20:13.117,car_ID_1050,car,Berlin->Potsdam,True
2026-08-17 17:20:29.788,car_ID_1051,car,Berlin->Potsdam,True
2026-08-17 17:20:32.883,car_ID_1052,car,Potsdam->Berlin,True
2026-08-17 17:20:34.852,bicycle_ID_858,bicycle,Potsdam (kein Wechsel),False
2026-08-17 17:20:35.221,bicycle_ID_857,bicycle,Potsdam (kein Wechsel),False
2026-08-17 17:20:35.920,person_ID_864,person,Potsdam (kein Wechsel),False
2026-08-17 17:20:36.549,bicycle_ID_859,bicycle,Potsdam (kein Wechsel),False
2026-08-17 17:20:36.983,bicycle_ID_860,bicycle,Potsdam (kein Wechsel),False
2026-08-17 17:20:38.584,person_ID_865,person,Berlin (kein Wechsel),False
2026-08-17 17:20:43.652,bicycle_ID_861,bicycle,Potsdam (kein Wechsel),False
2026-08-17 17:20:44.221,person_ID_867,person,Potsdam (kein Wechsel),False
2026-08-17 17:20:44.523,person_ID_866,person,Potsdam (kein Wechsel),False
2026-08-17 17:20:46.452,person_ID_868,person,Potsdam->Berlin,True
2026-08-17 17:20:47.784,person_ID_869,person,Berlin (kein Wechsel),False
2026-08-17 17:20:48.120,bicycle_ID_862,bicycle,Potsdam->Berlin,True
2026-08-17 17:20:52.920,car_ID_1053,car,Berlin->Potsdam,True
2026-08-17 17:20:56.923,bicycle_ID_863,bicycle,Berlin (kein Wechsel),False
2026-08-17 17:20:58.090,person_ID_870,person,Berlin->Potsdam,True
2026-08-17 17:20:58.453,bicycle_ID_864,bicycle,Berlin->Potsdam,True
2026-08-17 17:21:05.722,bicycle_ID_867,bicycle,Potsdam (kein Wechsel),False
2026-08-17 17:21:06.089,bicycle_ID_868,bicycle,Berlin (kein Wechsel),False
2026-08-17 17:21:06.157,bicycle_ID_866,bicycle,Potsdam (kein Wechsel),False
2026-08-17 17:21:06.189,bicycle_ID_865,bicycle,Potsdam->Berlin,True
2026-08-17 17:21:06.557,person_ID_872,person,Potsdam (kein Wechsel),False
2026-08-17 17:21:07.125,bicycle_ID_869,bicycle,Potsdam (kein Wechsel),False
2026-08-17 17:21:08.387,bicycle_ID_871,bicycle,Berlin (kein Wechsel),False
2026-08-17 17:21:08.387,person_ID_871,person,Potsdam->Berlin,True
2026-08-17 17:21:08.693,car_ID_1054,car,Potsdam->Berlin,True
2026-08-17 17:21:08.790,bicycle_ID_870,bicycle,Berlin (kein Wechsel),False
2026-08-17 17:21:09.290,bicycle_ID_872,bicycle,Potsdam (kein Wechsel),False
2026-08-17 17:21:09.424,person_ID_873,person,Potsdam->Berlin,True
2026-08-17 17:21:09.851,bicycle_ID_873,bicycle,Berlin (kein Wechsel),False
2026-08-17 17:21:10.254,person_ID_875,person,Berlin (kein Wechsel),False
2026-08-17 17:21:10.291,person_ID_874,person,Potsdam (kein Wechsel),False
2026-08-17 17:21:12.424,bicycle_ID_874,bicycle,Potsdam->Berlin,True
2026-08-17 17:21:12.823,person_ID_876,person,Potsdam->Berlin,True
2026-08-17 17:21:14.455,bicycle_ID_875,bicycle,Berlin (kein Wechsel),False
2026-08-17 17:21:15.055,person_ID_877,person,Berlin (kein Wechsel),False
2026-08-17 17:21:17.357,car_ID_1055,car,Berlin->Potsdam,True
2026-08-17 17:21:18.256,bicycle_ID_877,bicycle,Potsdam (kein Wechsel),False
2026-08-17 17:21:18.422,bicycle_ID_876,bicycle,Potsdam (kein Wechsel),False
2026-08-17 17:21:18.492,person_ID_878,person,Potsdam (kein Wechsel),False
2026-08-17 17:21:18.722,person_ID_879,person,Potsdam (kein Wechsel),False
2026-08-17 17:21:21.422,bicycle_ID_878,bicycle,Potsdam->Berlin,True
2026-08-17 17:21:22.659,bicycle_ID_879,bicycle,Berlin (kein Wechsel),False
2026-08-17 17:21:23.155,person_ID_880,person,Potsdam->Berlin,True
2026-08-17 17:21:39.623,car_ID_1056,car,Potsdam->Berlin,True
2026-08-17 17:21:39.954,car_ID_1057,car,Berlin->Potsdam,True
2026-08-17 17:21:45.189,person_ID_881,person,Berlin (kein Wechsel),False
2026-08-17 17:21:50.194,car_ID_1058,car,Berlin->Potsdam,True
2026-08-17 17:21:54.423,car_ID_1059,car,Berlin->Potsdam,True
2026-08-17 17:22:15.125,person_ID_883,person,Berlin (kein Wechsel),False
2026-08-17 17:22:15.559,person_ID_882,person,Berlin (kein Wechsel),False
2026-08-17 17:22:18.455,person_ID_885,person,Berlin (kein Wechsel),False
2026-08-17 17:22:18.956,bicycle_ID_881,bicycle,Berlin (kein Wechsel),False
2026-08-17 17:22:19.191,bicycle_ID_880,bicycle,Berlin->Potsdam,True
2026-08-17 17:22:19.754,person_ID_886,person,Berlin->Potsdam,True
2026-08-17 17:22:19.786,person_ID_884,person,Berlin (kein Wechsel),False
2026-08-17 17:22:22.561,person_ID_888,person,Berlin (kein Wechsel),False
2026-08-17 17:22:27.861,person_ID_887,person,Berlin (kein Wechsel),False
2026-08-17 17:22:32.526,person_ID_890,person,Berlin (kein Wechsel),False
2026-08-17 17:22:33.558,person_ID_891,person,Berlin->Potsdam,True
2026-08-17 17:22:37.232,person_ID_892,person,Potsdam (kein Wechsel),False
2026-08-17 17:22:38.496,person_ID_893,person,Potsdam (kein Wechsel),False
2026-08-17 17:22:40.663,person_ID_894,person,Potsdam (kein Wechsel),False
2026-08-17 17:22:43.727,person_ID_895,person,Potsdam (kein Wechsel),False
2026-08-17 17:22:52.199,person_ID_896,person,Potsdam (kein Wechsel),False
2026-08-17 17:22:55.129,person_ID_897,person,Potsdam (kein Wechsel),False
2026-08-17 17:22:55.431,person_ID_889,person,Berlin->Potsdam,True
2026-08-17 17:23:14.464,bus_ID_71,bus,Berlin (kein Wechsel),False
2026-08-17 17:23:14.765,car_ID_1060,car,Berlin (kein Wechsel),False
2026-08-17 17:23:14.796,car_ID_1061,car,Berlin (kein Wechsel),False
2026-08-17 17:23:27.769,car_ID_1064,car,Potsdam (kein Wechsel),False
2026-08-17 17:23:28.233,car_ID_1062,car,Potsdam->Berlin,True
2026-08-17 17:23:30.096,car_ID_1063,car,Potsdam->Berlin,True
2026-08-17 17:23:31.064,person_ID_898,person,Berlin (kein Wechsel),False
2026-08-17 17:23:31.865,bicycle_ID_882,bicycle,Berlin->Potsdam,True
2026-08-17 17:23:38.165,car_ID_1065,car,Potsdam->Berlin,True
2026-08-17 17:23:45.598,car_ID_1067,car,Potsdam (kein Wechsel),False
2026-08-17 17:23:45.629,car_ID_1066,car,Berlin->Potsdam,True
2026-08-17 17:23:56.965,car_ID_1068,car,Potsdam->Berlin,True
2026-08-17 17:23:57.300,bicycle_ID_883,bicycle,Potsdam (kein Wechsel),False
2026-08-17 17:23:57.729,person_ID_899,person,Potsdam (kein Wechsel),False
2026-08-17 17:23:57.898,bicycle_ID_884,bicycle,Potsdam (kein Wechsel),False
2026-08-17 17:23:59.666,person_ID_901,person,Potsdam (kein Wechsel),False
2026-08-17 17:23:59.869,bicycle_ID_885,bicycle,Potsdam->Berlin,True
2026-08-17 17:24:00.967,person_ID_902,person,Potsdam (kein Wechsel),False
2026-08-17 17:24:01.033,bicycle_ID_887,bicycle,Berlin (kein Wechsel),False
2026-08-17 17:24:01.867,bicycle_ID_886,bicycle,Potsdam->Berlin,True
2026-08-17 17:24:03.028,bicycle_ID_888,bicycle,Berlin (kein Wechsel),False
2026-08-17 17:24:03.066,person_ID_900,person,Potsdam->Berlin,True
2026-08-17 17:24:04.166,person_ID_903,person,Potsdam->Berlin,True
2026-08-17 17:24:04.865,car_ID_1069,car,Berlin (kein Wechsel),False
2026-08-17 17:24:07.497,car_ID_1070,car,Potsdam (kein Wechsel),False
2026-08-17 17:24:16.567,person_ID_904,person,Potsdam (kein Wechsel),False
2026-08-17 17:24:34.672,person_ID_905,person,Potsdam->Berlin,True
2026-08-17 17:24:47.468,car_ID_1071,car,Berlin->Potsdam,True
2026-08-17 17:24:48.003,bicycle_ID_889,bicycle,Potsdam (kein Wechsel),False
2026-08-17 17:24:57.902,car_ID_1072,car,Berlin->Potsdam,True
2026-08-17 17:24:58.002,car_ID_1073,car,Potsdam (kein Wechsel),False
2026-08-17 17:25:24.574,bicycle_ID_890,bicycle,Potsdam (kein Wechsel),False
2026-08-17 17:25:24.939,bicycle_ID_891,bicycle,Potsdam (kein Wechsel),False
2026-08-17 17:25:25.102,person_ID_906,person,Potsdam (kein Wechsel),False
2026-08-17 17:25:25.771,bicycle_ID_892,bicycle,Potsdam (kein Wechsel),False
2026-08-17 17:25:27.005,person_ID_907,person,Potsdam (kein Wechsel),False
2026-08-17 17:25:28.439,bus_ID_72,bus,Potsdam (kein Wechsel),False
2026-08-17 17:25:30.041,person_ID_908,person,Berlin (kein Wechsel),False
2026-08-17 17:25:30.640,bus_ID_73,bus,Potsdam->Berlin,True
2026-08-17 17:25:31.144,car_ID_1074,car,Berlin (kein Wechsel),False
2026-08-17 17:25:34.504,bus_ID_74,bus,Potsdam->Berlin,True
2026-08-17 17:25:34.603,bicycle_ID_893,bicycle,Berlin (kein Wechsel),False
2026-08-17 17:25:36.140,bicycle_ID_894,bicycle,Berlin->Potsdam,True
2026-08-17 17:25:36.337,bicycle_ID_895,bicycle,Berlin->Potsdam,True
2026-08-17 17:25:36.771,person_ID_909,person,Berlin->Potsdam,True
2026-08-17 17:25:47.406,car_ID_1075,car,Potsdam->Berlin,True
2026-08-17 17:25:57.838,car_ID_1076,car,Potsdam->Berlin,True
2026-08-17 17:26:03.208,bicycle_ID_896,bicycle,Berlin->Potsdam,True
2026-08-17 17:26:03.675,person_ID_910,person,Berlin->Potsdam,True
2026-08-17 17:26:24.007,car_ID_1078,car,Berlin->Potsdam,True
2026-08-17 17:26:24.044,car_ID_1077,car,Potsdam->Berlin,True
2026-08-17 17:26:24.614,car_ID_1079,car,Potsdam (kein Wechsel),False
2026-08-17 17:26:52.580,car_ID_1080,car,Potsdam->Berlin,True
2026-08-17 17:27:12.375,person_ID_911,person,Berlin->Potsdam,True
2026-08-17 17:27:12.708,bicycle_ID_897,bicycle,Berlin->Potsdam,True
2026-08-17 17:27:22.550,car_ID_1082,car,Berlin->Potsdam,True
2026-08-17 17:27:24.043,car_ID_1081,car,Potsdam->Berlin,True
2026-08-17 17:27:33.875,car_ID_1083,car,Potsdam->Berlin,True
2026-08-17 17:27:38.975,car_ID_1084,car,Potsdam->Berlin,True
2026-08-17 17:27:41.846,car_ID_1085,car,Berlin->Potsdam,True
2026-08-17 17:27:52.744,car_ID_1086,car,Potsdam->Berlin,True
2026-08-17 17:28:00.583,car_ID_1087,car,Berlin->Potsdam,True
2026-08-17 17:28:28.048,car_ID_1088,car,Berlin->Potsdam,True
2026-08-17 17:28:45.920,car_ID_1089,car,Potsdam->Berlin,True
2026-08-17 17:28:47.785,car_ID_1091,car,Berlin (kein Wechsel),False
2026-08-17 17:28:47.816,car_ID_1090,car,Berlin->Potsdam,True
2026-08-17 17:28:49.354,bicycle_ID_899,bicycle,Potsdam (kein Wechsel),False
2026-08-17 17:28:49.354,person_ID_912,person,Potsdam (kein Wechsel),False
2026-08-17 17:28:49.851,bicycle_ID_898,bicycle,Potsdam (kein Wechsel),False
2026-08-17 17:28:50.817,bicycle_ID_900,bicycle,Potsdam (kein Wechsel),False
2026-08-17 17:28:51.515,person_ID_913,person,Potsdam (kein Wechsel),False
2026-08-17 17:28:53.147,person_ID_914,person,Potsdam->Berlin,True
2026-08-17 17:28:53.750,bicycle_ID_901,bicycle,Potsdam->Berlin,True
2026-08-17 17:28:54.017,bicycle_ID_902,bicycle,Berlin (kein Wechsel),False
2026-08-17 17:28:55.584,bicycle_ID_903,bicycle,Berlin (kein Wechsel),False
2026-08-17 17:28:56.185,person_ID_915,person,Berlin (kein Wechsel),False
2026-08-17 17:29:43.855,bicycle_ID_904,bicycle,Berlin (kein Wechsel),False
2026-08-17 17:29:44.556,bicycle_ID_905,bicycle,Berlin->Potsdam,True
2026-08-17 17:29:44.587,person_ID_917,person,Berlin->Potsdam,True
2026-08-17 17:29:44.655,person_ID_916,person,Berlin->Potsdam,True
2026-08-17 17:29:57.354,car_ID_1092,car,Potsdam (kein Wechsel),False
2026-08-17 17:30:00.024,person_ID_918,person,Potsdam (kein Wechsel),False
2026-08-17 17:30:00.125,car_ID_1093,car,Potsdam->Berlin,True
2026-08-17 17:30:00.856,person_ID_919,person,Potsdam (kein Wechsel),False
2026-08-17 17:30:05.225,bicycle_ID_906,bicycle,Potsdam (kein Wechsel),False
2026-08-17 17:30:05.993,bicycle_ID_907,bicycle,Potsdam (kein Wechsel),False
2026-08-17 17:30:06.691,bicycle_ID_908,bicycle,Potsdam (kein Wechsel),False
2026-08-17 17:30:06.720,person_ID_920,person,Potsdam (kein Wechsel),False
2026-08-17 17:30:08.523,person_ID_922,person,Berlin (kein Wechsel),False
2026-08-17 17:30:08.657,bicycle_ID_909,bicycle,Potsdam->Berlin,True
2026-08-17 17:30:10.155,person_ID_921,person,Potsdam->Berlin,True
2026-08-17 17:30:21.558,car_ID_1094,car,Berlin (kein Wechsel),False
2026-08-17 17:30:21.656,car_ID_1095,car,Berlin->Potsdam,True
2026-08-17 17:30:42.490,car_ID_1096,car,Berlin->Potsdam,True
2026-08-17 17:30:55.123,car_ID_1098,car,Berlin (kein Wechsel),False
2026-08-17 17:30:55.828,car_ID_1097,car,Potsdam->Berlin,True
2026-08-17 17:31:08.590,bicycle_ID_910,bicycle,Potsdam (kein Wechsel),False
2026-08-17 17:31:08.928,bicycle_ID_911,bicycle,Potsdam (kein Wechsel),False
2026-08-17 17:31:09.759,person_ID_923,person,Potsdam (kein Wechsel),False
2026-08-17 17:31:13.226,person_ID_925,person,Berlin (kein Wechsel),False
2026-08-17 17:31:15.733,person_ID_924,person,Potsdam->Berlin,True
2026-08-17 17:31:50.764,bicycle_ID_912,bicycle,Potsdam (kein Wechsel),False
2026-08-17 17:31:51.833,person_ID_926,person,Potsdam (kein Wechsel),False
2026-08-17 17:31:53.998,bicycle_ID_913,bicycle,Potsdam->Berlin,True
2026-08-17 17:31:54.030,bicycle_ID_914,bicycle,Berlin (kein Wechsel),False
2026-08-17 17:31:56.032,car_ID_1099,car,Berlin->Potsdam,True
2026-08-17 17:31:56.731,person_ID_927,person,Potsdam->Berlin,True
2026-08-17 17:31:59.194,car_ID_1100,car,Potsdam->Berlin,True
2026-08-17 17:32:14.464,bicycle_ID_915,bicycle,Potsdam (kein Wechsel),False
2026-08-17 17:32:15.896,person_ID_928,person,Potsdam (kein Wechsel),False
2026-08-17 17:32:16.431,bicycle_ID_916,bicycle,Potsdam (kein Wechsel),False
2026-08-17 17:32:17.594,person_ID_929,person,Berlin (kein Wechsel),False
2026-08-17 17:32:19.765,person_ID_930,person,Berlin (kein Wechsel),False
2026-08-17 17:32:22.332,bicycle_ID_917,bicycle,Berlin->Potsdam,True
2026-08-17 17:32:22.333,person_ID_931,person,Berlin->Potsdam,True
2026-08-17 17:32:27.565,bicycle_ID_918,bicycle,Berlin (kein Wechsel),False
2026-08-17 17:32:28.764,person_ID_932,person,Berlin->Potsdam,True
2026-08-17 17:32:29.262,bicycle_ID_919,bicycle,Berlin->Potsdam,True
2026-08-17 17:32:29.331,bicycle_ID_920,bicycle,Potsdam (kein Wechsel),False
2026-08-17 17:32:35.729,bicycle_ID_921,bicycle,Berlin (kein Wechsel),False
2026-08-17 17:32:37.531,bicycle_ID_922,bicycle,Berlin->Potsdam,True
2026-08-17 17:32:37.799,person_ID_933,person,Berlin->Potsdam,True
2026-08-17 17:32:55.102,car_ID_1101,car,Potsdam->Berlin,True
2026-08-17 17:33:00.069,person_ID_934,person,Potsdam (kein Wechsel),False
2026-08-17 17:33:00.902,person_ID_935,person,Potsdam (kein Wechsel),False
2026-08-17 17:33:02.168,bicycle_ID_923,bicycle,Potsdam (kein Wechsel),False
2026-08-17 17:33:03.536,bicycle_ID_924,bicycle,Potsdam->Berlin,True
2026-08-17 17:33:05.301,person_ID_936,person,Potsdam->Berlin,True
2026-08-17 17:33:36.902,car_ID_1102,car,Potsdam->Berlin,True
2026-08-17 17:33:37.802,car_ID_1103,car,Berlin->Potsdam,True
2026-08-17 17:33:40.866,car_ID_1104,car,Potsdam->Berlin,True
2026-08-17 17:33:45.037,bicycle_ID_926,bicycle,Berlin (kein Wechsel),False
2026-08-17 17:33:45.636,person_ID_937,person,Berlin->Potsdam,True
2026-08-17 17:33:46.072,bicycle_ID_925,bicycle,Berlin->Potsdam,True
2026-08-17 17:33:47.336,bicycle_ID_927,bicycle,Berlin->Potsdam,True
2026-08-17 17:33:47.337,bicycle_ID_928,bicycle,Berlin (kein Wechsel),False
2026-08-17 17:33:47.366,person_ID_938,person,Berlin->Potsdam,True
2026-08-17 17:33:47.736,person_ID_939,person,Berlin->Potsdam,True
2026-08-17 17:33:48.537,bicycle_ID_929,bicycle,Berlin->Potsdam,True
2026-08-17 17:33:51.504,bicycle_ID_930,bicycle,Potsdam (kein Wechsel),False
2026-08-17 17:33:52.238,person_ID_940,person,Potsdam (kein Wechsel),False
2026-08-17 17:33:53.503,person_ID_941,person,Potsdam (kein Wechsel),False
2026-08-17 17:33:53.667,bicycle_ID_931,bicycle,Potsdam (kein Wechsel),False
2026-08-17 17:33:56.003,person_ID_942,person,Potsdam->Berlin,True
2026-08-17 17:33:57.304,person_ID_943,person,Berlin (kein Wechsel),False
2026-08-17 17:34:33.705,car_ID_1105,car,Berlin->Potsdam,True
2026-08-17 17:34:38.941,car_ID_1106,car,Berlin->Potsdam,True
2026-08-17 17:34:43.605,car_ID_1107,car,Berlin (kein Wechsel),False
2026-08-17 17:34:43.777,bus_ID_75,bus,Berlin->Potsdam,True
2026-08-17 17:34:48.708,car_ID_1108,car,Potsdam->Berlin,True
2026-08-17 17:34:51.106,car_ID_1109,car,Potsdam->Berlin,True
2026-08-17 17:35:15.708,bicycle_ID_932,bicycle,Berlin->Potsdam,True
2026-08-17 17:35:15.708,person_ID_944,person,Berlin->Potsdam,True
2026-08-17 17:35:18.543,car_ID_1110,car,Berlin->Potsdam,True
2026-08-17 17:35:20.212,car_ID_1112,car,Potsdam (kein Wechsel),False
2026-08-17 17:35:21.576,car_ID_1111,car,Potsdam->Berlin,True
2026-08-17 17:35:35.443,car_ID_1113,car,Potsdam->Berlin,True
2026-08-17 17:35:36.075,person_ID_945,person,Berlin (kein Wechsel),False
2026-08-17 17:35:46.179,person_ID_946,person,Berlin (kein Wechsel),False
2026-08-17 17:35:47.543,person_ID_947,person,Berlin (kein Wechsel),False
2026-08-17 17:35:50.877,person_ID_948,person,Berlin (kein Wechsel),False
2026-08-17 17:35:56.578,person_ID_950,person,Potsdam (kein Wechsel),False
2026-08-17 17:35:56.944,bicycle_ID_933,bicycle,Potsdam (kein Wechsel),False
2026-08-17 17:35:57.009,person_ID_951,person,Potsdam (kein Wechsel),False
2026-08-17 17:35:57.212,person_ID_952,person,Berlin (kein Wechsel),False
2026-08-17 17:35:57.246,bicycle_ID_934,bicycle,Potsdam (kein Wechsel),False
2026-08-17 17:35:57.712,bicycle_ID_935,bicycle,Potsdam->Berlin,True
2026-08-17 17:35:57.712,person_ID_949,person,Berlin (kein Wechsel),False
2026-08-17 17:35:57.745,person_ID_953,person,Berlin (kein Wechsel),False
2026-08-17 17:35:58.244,person_ID_954,person,Berlin (kein Wechsel),False
2026-08-17 17:35:58.311,person_ID_955,person,Berlin (kein Wechsel),False
2026-08-17 17:35:58.545,person_ID_956,person,Berlin (kein Wechsel),False
2026-08-17 17:35:59.907,car_ID_1114,car,Berlin->Potsdam,True
2026-08-17 17:36:21.646,car_ID_1115,car,Berlin->Potsdam,True
2026-08-17 17:36:25.379,car_ID_1116,car,Berlin->Potsdam,True
2026-08-17 17:36:27.048,bicycle_ID_936,bicycle,Potsdam (kein Wechsel),False
2026-08-17 17:36:27.179,bicycle_ID_937,bicycle,Potsdam (kein Wechsel),False
2026-08-17 17:36:28.017,person_ID_957,person,Potsdam (kein Wechsel),False
2026-08-17 17:36:28.978,bicycle_ID_938,bicycle,Potsdam->Berlin,True
2026-08-17 17:36:30.413,person_ID_958,person,Potsdam->Berlin,True
2026-08-17 17:36:30.580,person_ID_959,person,Berlin (kein Wechsel),False
2026-08-17 17:36:30.611,bicycle_ID_939,bicycle,Berlin (kein Wechsel),False
2026-08-17 17:36:30.710,bicycle_ID_940,bicycle,Berlin (kein Wechsel),False
2026-08-17 17:36:36.448,bicycle_ID_941,bicycle,Potsdam (kein Wechsel),False
2026-08-17 17:36:37.211,person_ID_960,person,Potsdam (kein Wechsel),False
2026-08-17 17:36:38.078,person_ID_961,person,Potsdam (kein Wechsel),False
2026-08-17 17:36:39.216,person_ID_962,person,Potsdam->Berlin,True
2026-08-17 17:36:39.248,car_ID_1117,car,Berlin->Potsdam,True
2026-08-17 17:36:40.015,person_ID_963,person,Berlin (kein Wechsel),False
2026-08-17 17:36:44.948,bus_ID_76,bus,Berlin (kein Wechsel),False
2026-08-17 17:36:45.748,car_ID_1118,car,Potsdam->Berlin,True
2026-08-17 17:36:46.910,car_ID_1119,car,Potsdam->Berlin,True
2026-08-17 17:36:58.877,person_ID_964,person,Berlin->Potsdam,True
2026-08-17 17:36:59.347,bicycle_ID_942,bicycle,Berlin->Potsdam,True
2026-08-17 17:37:12.381,car_ID_1120,car,Berlin->Potsdam,True
2026-08-17 17:37:35.282,bicycle_ID_944,bicycle,Potsdam (kein Wechsel),False
2026-08-17 17:37:35.713,bicycle_ID_943,bicycle,Potsdam (kein Wechsel),False
2026-08-17 17:37:36.286,bicycle_ID_945,bicycle,Potsdam (kein Wechsel),False
2026-08-17 17:37:36.752,bicycle_ID_946,bicycle,Potsdam (kein Wechsel),False
2026-08-17 17:37:37.948,bicycle_ID_947,bicycle,Potsdam->Berlin,True
2026-08-17 17:37:40.251,bicycle_ID_950,bicycle,Potsdam (kein Wechsel),False
2026-08-17 17:37:40.285,bicycle_ID_948,bicycle,Berlin (kein Wechsel),False
2026-08-17 17:37:40.318,person_ID_965,person,Potsdam->Berlin,True
2026-08-17 17:37:40.683,person_ID_966,person,Potsdam (kein Wechsel),False
2026-08-17 17:37:40.714,bicycle_ID_949,bicycle,Potsdam (kein Wechsel),False
2026-08-17 17:37:41.384,person_ID_967,person,Potsdam (kein Wechsel),False
2026-08-17 17:37:41.751,bicycle_ID_951,bicycle,Potsdam (kein Wechsel),False
2026-08-17 17:37:42.518,bicycle_ID_952,bicycle,Potsdam (kein Wechsel),False
2026-08-17 17:37:43.550,bicycle_ID_953,bicycle,Potsdam->Berlin,True
2026-08-17 17:37:43.724,bicycle_ID_954,bicycle,Berlin (kein Wechsel),False
2026-08-17 17:37:45.713,person_ID_968,person,Potsdam->Berlin,True
2026-08-17 17:37:49.386,person_ID_969,person,Berlin (kein Wechsel),False
2026-08-17 17:37:49.386,person_ID_970,person,Berlin (kein Wechsel),False
2026-08-17 17:37:49.684,bicycle_ID_955,bicycle,Berlin->Potsdam,True
2026-08-17 17:38:05.683,car_ID_1121,car,Potsdam->Berlin,True
2026-08-17 17:38:05.889,bicycle_ID_956,bicycle,Potsdam (kein Wechsel),False
2026-08-17 17:38:06.483,person_ID_972,person,Potsdam (kein Wechsel),False
2026-08-17 17:38:06.653,person_ID_971,person,Potsdam (kein Wechsel),False
2026-08-17 17:38:06.852,bicycle_ID_957,bicycle,Potsdam (kein Wechsel),False
2026-08-17 17:38:07.788,bicycle_ID_958,bicycle,Potsdam (kein Wechsel),False
2026-08-17 17:38:07.921,car_ID_1122,car,Potsdam (kein Wechsel),False
2026-08-17 17:38:10.253,car_ID_1123,car,Potsdam->Berlin,True
2026-08-17 17:38:10.885,person_ID_973,person,Potsdam->Berlin,True
2026-08-17 17:38:32.982,car_ID_1124,car,Berlin->Potsdam,True
2026-08-17 17:38:58.422,car_ID_1125,car,Berlin (kein Wechsel),False
2026-08-17 17:39:01.290,bus_ID_77,bus,Berlin->Potsdam,True
2026-08-17 17:39:09.986,car_ID_1126,car,Potsdam->Berlin,True
2026-08-17 17:39:11.524,bicycle_ID_959,bicycle,Potsdam (kein Wechsel),False
2026-08-17 17:39:11.826,bicycle_ID_960,bicycle,Potsdam (kein Wechsel),False
2026-08-17 17:39:12.387,person_ID_975,person,Potsdam (kein Wechsel),False
2026-08-17 17:39:12.489,person_ID_974,person,Potsdam (kein Wechsel),False
2026-08-17 17:39:12.786,bicycle_ID_961,bicycle,Potsdam (kein Wechsel),False
2026-08-17 17:39:14.162,bicycle_ID_962,bicycle,Potsdam->Berlin,True
2026-08-17 17:39:14.955,person_ID_977,person,Berlin (kein Wechsel),False
2026-08-17 17:39:15.523,bicycle_ID_963,bicycle,Berlin (kein Wechsel),False
2026-08-17 17:39:15.523,person_ID_978,person,Berlin (kein Wechsel),False
2026-08-17 17:39:15.555,person_ID_976,person,Potsdam->Berlin,True
2026-08-17 17:39:18.224,car_ID_1127,car,Potsdam->Berlin,True
2026-08-17 17:39:18.924,bicycle_ID_964,bicycle,Berlin (kein Wechsel),False
2026-08-17 17:39:20.126,car_ID_1128,car,Potsdam->Berlin,True
2026-08-17 17:39:20.454,person_ID_979,person,Berlin (kein Wechsel),False
2026-08-17 17:39:20.586,bicycle_ID_965,bicycle,Berlin->Potsdam,True
2026-08-17 17:39:27.123,person_ID_980,person,Potsdam (kein Wechsel),False
2026-08-17 17:39:28.792,bicycle_ID_966,bicycle,Potsdam->Berlin,True
2026-08-17 17:39:30.325,bicycle_ID_967,bicycle,Berlin (kein Wechsel),False
2026-08-17 17:39:30.355,person_ID_981,person,Potsdam->Berlin,True
2026-08-17 17:39:39.087,car_ID_1130,car,Berlin (kein Wechsel),False
2026-08-17 17:39:40.692,car_ID_1129,car,Potsdam->Berlin,True
2026-08-17 17:39:42.794,car_ID_1131,car,Potsdam->Berlin,True
2026-08-17 17:39:58.290,bicycle_ID_968,bicycle,Potsdam (kein Wechsel),False
2026-08-17 17:39:58.527,person_ID_982,person,Potsdam (kein Wechsel),False
2026-08-17 17:39:58.625,bicycle_ID_969,bicycle,Potsdam (kein Wechsel),False
2026-08-17 17:39:58.987,bicycle_ID_970,bicycle,Potsdam (kein Wechsel),False
2026-08-17 17:39:59.789,person_ID_983,person,Potsdam (kein Wechsel),False
2026-08-17 17:39:59.789,person_ID_985,person,Potsdam (kein Wechsel),False
2026-08-17 17:39:59.826,person_ID_986,person,Potsdam (kein Wechsel),False
2026-08-17 17:40:00.053,person_ID_984,person,Potsdam (kein Wechsel),False
2026-08-17 17:40:00.894,person_ID_987,person,Potsdam (kein Wechsel),False
2026-08-17 17:40:01.528,bicycle_ID_972,bicycle,Potsdam->Berlin,True
2026-08-17 17:40:01.991,person_ID_988,person,Berlin (kein Wechsel),False
2026-08-17 17:40:02.088,bicycle_ID_973,bicycle,Berlin (kein Wechsel),False
2026-08-17 17:40:02.158,bicycle_ID_971,bicycle,Potsdam->Berlin,True
2026-08-17 17:40:03.057,bicycle_ID_974,bicycle,Berlin (kein Wechsel),False
2026-08-17 17:40:03.990,bicycle_ID_975,bicycle,Berlin (kein Wechsel),False
2026-08-17 17:40:04.426,person_ID_989,person,Berlin (kein Wechsel),False
2026-08-17 17:40:06.023,person_ID_990,person,Potsdam (kein Wechsel),False
2026-08-17 17:40:07.357,bicycle_ID_976,bicycle,Potsdam->Berlin,True
2026-08-17 17:40:08.092,bicycle_ID_977,bicycle,Berlin (kein Wechsel),False
2026-08-17 17:40:08.190,person_ID_991,person,Potsdam->Berlin,True
2026-08-17 17:40:10.159,person_ID_992,person,Berlin (kein Wechsel),False
2026-08-17 17:40:14.925,car_ID_1132,car,Potsdam->Berlin,True
2026-08-17 17:40:16.891,car_ID_1134,car,Berlin->Potsdam,True
2026-08-17 17:40:17.827,car_ID_1133,car,Potsdam->Berlin,True
2026-08-17 17:40:26.025,car_ID_1135,car,Potsdam->Berlin,True
2026-08-17 17:40:54.561,bicycle_ID_978,bicycle,Berlin (kein Wechsel),False
2026-08-17 17:40:56.427,person_ID_993,person,Berlin->Potsdam,True
2026-08-17 17:40:56.458,bicycle_ID_979,bicycle,Berlin->Potsdam,True
2026-08-17 17:41:11.999,bicycle_ID_980,bicycle,Potsdam (kein Wechsel),False
2026-08-17 17:41:11.999,person_ID_994,person,Potsdam (kein Wechsel),False
2026-08-17 17:41:13.661,person_ID_995,person,Potsdam (kein Wechsel),False
2026-08-17 17:41:14.930,person_ID_996,person,Berlin (kein Wechsel),False
2026-08-17 17:41:16.827,person_ID_997,person,Berlin (kein Wechsel),False
2026-08-17 17:41:16.898,car_ID_1136,car,Potsdam->Berlin,True
2026-08-17 17:41:16.998,car_ID_1138,car,Potsdam (kein Wechsel),False
2026-08-17 17:41:17.098,car_ID_1137,car,Berlin (kein Wechsel),False
2026-08-17 17:41:18.028,car_ID_1140,car,Berlin (kein Wechsel),False
2026-08-17 17:41:19.462,car_ID_1139,car,Potsdam->Berlin,True
2026-08-17 17:41:35.065,bicycle_ID_981,bicycle,Potsdam (kein Wechsel),False
2026-08-17 17:41:35.729,person_ID_998,person,Potsdam (kein Wechsel),False
2026-08-17 17:41:35.865,person_ID_999,person,Potsdam (kein Wechsel),False
2026-08-17 17:41:38.398,bicycle_ID_982,bicycle,Potsdam->Berlin,True
2026-08-17 17:41:39.964,person_ID_1000,person,Potsdam->Berlin,True
2026-08-17 17:42:03.469,person_ID_1002,person,Berlin (kein Wechsel),False
2026-08-17 17:42:03.599,person_ID_1001,person,Berlin (kein Wechsel),False
2026-08-17 17:42:04.130,bicycle_ID_983,bicycle,Berlin->Potsdam,True
2026-08-17 17:42:12.898,car_ID_1141,car,Berlin->Potsdam,True
2026-08-17 17:42:20.976,car_ID_1142,car,Berlin->Potsdam,True
2026-08-17 17:42:25.169,person_ID_1003,person,Potsdam->Berlin,True
2026-08-17 17:42:25.401,person_ID_1004,person,Potsdam (kein Wechsel),False
2026-08-17 17:42:31.337,person_ID_1006,person,Berlin (kein Wechsel),False
2026-08-17 17:42:32.231,person_ID_1005,person,Potsdam->Berlin,True
2026-08-17 17:42:32.467,car_ID_1144,car,Berlin (kein Wechsel),False
2026-08-17 17:42:34.000,car_ID_1143,car,Berlin->Potsdam,True
2026-08-17 17:42:39.832,car_ID_1145,car,Potsdam->Berlin,True
2026-08-17 17:42:58.066,car_ID_1146,car,Potsdam->Berlin,True
2026-08-17 17:43:11.639,car_ID_1147,car,Potsdam->Berlin,True
2026-08-17 17:43:12.905,bicycle_ID_984,bicycle,Potsdam (kein Wechsel),False
2026-08-17 17:43:14.706,person_ID_1007,person,Potsdam (kein Wechsel),False
2026-08-17 17:43:15.070,bicycle_ID_985,bicycle,Potsdam (kein Wechsel),False
2026-08-17 17:43:16.138,bicycle_ID_988,bicycle,Potsdam (kein Wechsel),False
2026-08-17 17:43:16.604,bicycle_ID_986,bicycle,Potsdam->Berlin,True
2026-08-17 17:43:17.601,person_ID_1009,person,Potsdam (kein Wechsel),False
2026-08-17 17:43:17.740,bicycle_ID_989,bicycle,Potsdam->Berlin,True
2026-08-17 17:43:18.206,bicycle_ID_987,bicycle,Potsdam (kein Wechsel),False
2026-08-17 17:43:18.340,person_ID_1011,person,Berlin (kein Wechsel),False
2026-08-17 17:43:18.506,bicycle_ID_990,bicycle,Potsdam->Berlin,True
2026-08-17 17:43:18.569,person_ID_1010,person,Potsdam->Berlin,True
2026-08-17 17:43:19.540,person_ID_1012,person,Berlin (kein Wechsel),False
2026-08-17 17:43:19.571,bicycle_ID_991,bicycle,Berlin (kein Wechsel),False
2026-08-17 17:43:19.905,car_ID_1148,car,Berlin->Potsdam,True
2026-08-17 17:43:20.436,person_ID_1008,person,Potsdam->Berlin,True
2026-08-17 17:43:20.802,bicycle_ID_992,bicycle,Berlin (kein Wechsel),False
2026-08-17 17:43:20.940,person_ID_1014,person,Berlin (kein Wechsel),False
2026-08-17 17:43:21.373,person_ID_1013,person,Berlin (kein Wechsel),False
2026-08-17 17:43:21.541,bicycle_ID_993,bicycle,Berlin (kein Wechsel),False
2026-08-17 17:43:21.572,bicycle_ID_994,bicycle,Berlin (kein Wechsel),False
2026-08-17 17:43:36.505,car_ID_1149,car,Potsdam->Berlin,True
2026-08-17 17:43:44.640,bicycle_ID_995,bicycle,Potsdam (kein Wechsel),False
2026-08-17 17:43:44.805,car_ID_1150,car,Berlin->Potsdam,True
2026-08-17 17:43:45.672,car_ID_1151,car,Potsdam (kein Wechsel),False
2026-08-17 17:43:46.905,bicycle_ID_996,bicycle,Potsdam->Berlin,True
2026-08-17 17:43:48.370,bicycle_ID_997,bicycle,Berlin (kein Wechsel),False
2026-08-17 17:43:49.303,person_ID_1015,person,Potsdam->Berlin,True
2026-08-17 17:43:53.974,car_ID_1152,car,Potsdam (kein Wechsel),False
2026-08-17 17:43:55.903,car_ID_1154,car,Berlin (kein Wechsel),False
2026-08-17 17:43:56.171,car_ID_1155,car,Berlin (kein Wechsel),False
2026-08-17 17:43:56.305,bus_ID_78,bus,Berlin (kein Wechsel),False
2026-08-17 17:43:56.305,bus_ID_79,bus,Berlin (kein Wechsel),False
2026-08-17 17:43:56.676,car_ID_1153,car,Potsdam->Berlin,True
2026-08-17 17:44:07.404,car_ID_1156,car,Berlin->Potsdam,True
2026-08-17 17:44:29.941,bicycle_ID_998,bicycle,Potsdam (kein Wechsel),False
2026-08-17 17:44:35.005,person_ID_1016,person,Potsdam->Berlin,True
2026-08-17 17:44:41.175,car_ID_1157,car,Berlin->Potsdam,True
2026-08-17 17:44:45.644,car_ID_1158,car,Potsdam->Berlin,True
2026-08-17 17:44:47.772,car_ID_1159,car,Berlin->Potsdam,True
2026-08-17 17:44:52.248,car_ID_1160,car,Berlin->Potsdam,True
2026-08-17 17:44:56.276,bus_ID_81,bus,Potsdam (kein Wechsel),False
2026-08-17 17:44:58.677,bus_ID_80,bus,Potsdam->Berlin,True
2026-08-17 17:44:59.314,car_ID_1161,car,Berlin (kein Wechsel),False
2026-08-17 17:45:30.176,car_ID_1162,car,Potsdam (kein Wechsel),False
2026-08-17 17:45:31.014,bicycle_ID_999,bicycle,Potsdam (kein Wechsel),False
2026-08-17 17:45:33.074,car_ID_1163,car,Potsdam->Berlin,True
2026-08-17 17:45:39.847,car_ID_1164,car,Berlin->Potsdam,True
2026-08-17 17:45:43.846,bicycle_ID_1000,bicycle,Potsdam (kein Wechsel),False
2026-08-17 17:45:44.181,car_ID_1165,car,Berlin->Potsdam,True
2026-08-17 17:45:44.315,person_ID_1017,person,Potsdam (kein Wechsel),False
2026-08-17 17:45:46.313,car_ID_1166,car,Potsdam (kein Wechsel),False
2026-08-17 17:45:46.712,car_ID_1167,car,Potsdam (kein Wechsel),False
2026-08-17 17:45:47.016,person_ID_1018,person,Potsdam->Berlin,True
2026-08-17 17:45:47.382,bicycle_ID_1001,bicycle,Potsdam->Berlin,True
2026-08-17 17:45:49.780,car_ID_1169,car,Berlin (kein Wechsel),False
2026-08-17 17:45:50.015,person_ID_1019,person,Berlin (kein Wechsel),False
2026-08-17 17:45:54.451,car_ID_1168,car,Potsdam->Berlin,True
2026-08-17 17:45:56.945,car_ID_1170,car,Potsdam->Berlin,True
2026-08-17 17:45:59.477,car_ID_1171,car,Berlin (kein Wechsel),False
2026-08-17 17:46:00.220,bicycle_ID_1004,bicycle,Berlin (kein Wechsel),False
2026-08-17 17:46:01.116,bicycle_ID_1006,bicycle,Berlin (kein Wechsel),False
2026-08-17 17:46:01.251,bicycle_ID_1002,bicycle,Berlin (kein Wechsel),False
2026-08-17 17:46:01.848,bicycle_ID_1005,bicycle,Berlin->Potsdam,True
2026-08-17 17:46:01.987,bicycle_ID_1008,bicycle,Potsdam (kein Wechsel),False
2026-08-17 17:46:01.987,person_ID_1020,person,Berlin->Potsdam,True
2026-08-17 17:46:02.180,bicycle_ID_1003,bicycle,Berlin (kein Wechsel),False
2026-08-17 17:46:02.215,bicycle_ID_1009,bicycle,Berlin (kein Wechsel),False
2026-08-17 17:46:02.214,person_ID_1021,person,Berlin->Potsdam,True
2026-08-17 17:46:02.479,bicycle_ID_1010,bicycle,Potsdam (kein Wechsel),False
2026-08-17 17:46:02.715,bicycle_ID_1007,bicycle,Berlin->Potsdam,True
2026-08-17 17:46:03.182,person_ID_1022,person,Berlin->Potsdam,True
2026-08-17 17:46:11.317,bicycle_ID_1011,bicycle,Potsdam (kein Wechsel),False
2026-08-17 17:46:15.478,bicycle_ID_1012,bicycle,Potsdam->Berlin,True
2026-08-17 17:46:18.881,person_ID_1023,person,Potsdam->Berlin,True
2026-08-17 17:46:31.316,car_ID_1172,car,Berlin->Potsdam,True
2026-08-17 17:46:34.017,car_ID_1173,car,Potsdam->Berlin,True
2026-08-17 17:46:47.651,person_ID_1024,person,Potsdam->Berlin,True
2026-08-17 17:46:55.246,car_ID_1174,car,Potsdam (kein Wechsel),False
2026-08-17 17:46:56.683,person_ID_1026,person,Potsdam (kein Wechsel),False
2026-08-17 17:47:02.918,car_ID_1175,car,Potsdam (kein Wechsel),False
2026-08-17 17:47:05.852,person_ID_1027,person,Potsdam (kein Wechsel),False
2026-08-17 17:47:10.451,person_ID_1030,person,Potsdam (kein Wechsel),False
2026-08-17 17:47:11.885,car_ID_1176,car,Potsdam (kein Wechsel),False
2026-08-17 17:47:12.684,car_ID_1177,car,Potsdam (kein Wechsel),False
2026-08-17 17:47:12.984,person_ID_1029,person,Potsdam (kein Wechsel),False
2026-08-17 17:47:15.816,car_ID_1178,car,Potsdam (kein Wechsel),False
2026-08-17 17:47:18.786,person_ID_1025,person,Berlin (kein Wechsel),False
2026-08-17 17:47:19.420,person_ID_1028,person,Potsdam->Berlin,True
2026-08-17 17:47:24.883,car_ID_1179,car,Potsdam->Berlin,True
2026-08-17 17:47:25.652,bicycle_ID_1013,bicycle,Potsdam (kein Wechsel),False
2026-08-17 17:47:25.852,person_ID_1032,person,Potsdam (kein Wechsel),False
2026-08-17 17:47:25.952,bicycle_ID_1014,bicycle,Potsdam (kein Wechsel),False
2026-08-17 17:47:25.990,person_ID_1031,person,Potsdam (kein Wechsel),False
2026-08-17 17:47:27.253,person_ID_1033,person,Potsdam (kein Wechsel),False
2026-08-17 17:47:27.518,bicycle_ID_1016,bicycle,Potsdam (kein Wechsel),False
2026-08-17 17:47:27.549,car_ID_1181,car,Berlin (kein Wechsel),False
2026-08-17 17:47:27.688,car_ID_1180,car,Berlin (kein Wechsel),False
2026-08-17 17:47:28.617,bicycle_ID_1015,bicycle,Potsdam->Berlin,True
2026-08-17 17:47:29.620,bicycle_ID_1017,bicycle,Berlin (kein Wechsel),False
2026-08-17 17:47:31.322,person_ID_1034,person,Potsdam->Berlin,True
2026-08-17 17:47:31.487,bicycle_ID_1018,bicycle,Berlin (kein Wechsel),False
2026-08-17 17:47:46.221,car_ID_1183,car,Berlin (kein Wechsel),False
2026-08-17 17:47:47.191,car_ID_1182,car,Berlin->Potsdam,True
2026-08-17 17:47:48.518,car_ID_1184,car,Potsdam (kein Wechsel),False
2026-08-17 17:48:27.658,car_ID_1185,car,Potsdam->Berlin,True
2026-08-17 17:48:31.123,bicycle_ID_1019,bicycle,Berlin->Potsdam,True
2026-08-17 17:48:31.622,person_ID_1035,person,Berlin->Potsdam,True
2026-08-17 17:48:35.691,person_ID_1036,person,Potsdam (kein Wechsel),False
2026-08-17 17:48:44.457,car_ID_1186,car,Berlin->Potsdam,True
2026-08-17 17:48:50.497,person_ID_1037,person,Potsdam->Berlin,True
2026-08-17 17:48:51.391,car_ID_1187,car,Potsdam->Berlin,True
2026-08-17 17:48:52.393,person_ID_1038,person,Berlin (kein Wechsel),False
2026-08-17 17:48:52.690,car_ID_1188,car,Berlin->Potsdam,True
2026-08-17 17:48:54.760,bicycle_ID_1020,bicycle,Potsdam (kein Wechsel),False
2026-08-17 17:48:55.060,bicycle_ID_1021,bicycle,Potsdam (kein Wechsel),False
2026-08-17 17:48:55.125,bicycle_ID_1022,bicycle,Potsdam (kein Wechsel),False
2026-08-17 17:48:55.559,bicycle_ID_1023,bicycle,Potsdam (kein Wechsel),False
2026-08-17 17:48:56.192,person_ID_1040,person,Potsdam (kein Wechsel),False
2026-08-17 17:48:56.458,bicycle_ID_1024,bicycle,Potsdam (kein Wechsel),False
2026-08-17 17:48:57.526,bicycle_ID_1025,bicycle,Potsdam (kein Wechsel),False
2026-08-17 17:48:59.660,person_ID_1041,person,Potsdam->Berlin,True
2026-08-17 17:48:59.692,person_ID_1039,person,Potsdam->Berlin,True
2026-08-17 17:49:03.396,car_ID_1189,car,Potsdam->Berlin,True
2026-08-17 17:49:05.722,person_ID_1042,person,Berlin (kein Wechsel),False
2026-08-17 17:49:09.289,car_ID_1190,car,Berlin->Potsdam,True
2026-08-17 17:49:25.060,car_ID_1192,car,Potsdam (kein Wechsel),False
2026-08-17 17:49:27.391,car_ID_1191,car,Potsdam->Berlin,True
2026-08-17 17:49:33.622,bicycle_ID_1026,bicycle,Potsdam (kein Wechsel),False
2026-08-17 17:49:34.723,person_ID_1043,person,Potsdam (kein Wechsel),False
2026-08-17 17:49:35.453,bicycle_ID_1027,bicycle,Potsdam (kein Wechsel),False
2026-08-17 17:49:37.156,bicycle_ID_1028,bicycle,Potsdam->Berlin,True
2026-08-17 17:49:37.256,person_ID_1044,person,Potsdam->Berlin,True
2026-08-17 17:49:38.755,person_ID_1045,person,Berlin (kein Wechsel),False
2026-08-17 17:49:48.125,bicycle_ID_1030,bicycle,Berlin (kein Wechsel),False
2026-08-17 17:49:48.995,bicycle_ID_1029,bicycle,Berlin->Potsdam,True
2026-08-17 17:49:49.093,person_ID_1046,person,Berlin->Potsdam,True
2026-08-17 17:50:01.028,car_ID_1193,car,Potsdam->Berlin,True
2026-08-17 17:50:12.230,car_ID_1194,car,Potsdam->Berlin,True
2026-08-17 17:50:13.263,car_ID_1195,car,Potsdam->Berlin,True
2026-08-17 17:50:14.000,person_ID_1047,person,Potsdam (kein Wechsel),False
2026-08-17 17:50:15.329,car_ID_1196,car,Potsdam (kein Wechsel),False
2026-08-17 17:50:15.863,person_ID_1048,person,Potsdam (kein Wechsel),False
2026-08-17 17:50:17.693,person_ID_1049,person,Potsdam (kein Wechsel),False
2026-08-17 17:50:18.862,person_ID_1050,person,Potsdam (kein Wechsel),False
2026-08-17 17:50:18.929,car_ID_1197,car,Potsdam->Berlin,True
2026-08-17 17:50:19.832,car_ID_1198,car,Potsdam->Berlin,True
2026-08-17 17:50:22.732,car_ID_1199,car,Potsdam->Berlin,True
2026-08-17 17:50:23.563,person_ID_1051,person,Potsdam->Berlin,True
2026-08-17 17:50:25.900,car_ID_1201,car,Berlin (kein Wechsel),False
2026-08-17 17:50:26.799,car_ID_1200,car,Berlin->Potsdam,True
2026-08-17 17:50:28.662,car_ID_1202,car,Berlin->Potsdam,True
2026-08-17 17:50:29.566,car_ID_1204,car,Potsdam (kein Wechsel),False
2026-08-17 17:50:30.065,person_ID_1052,person,Berlin (kein Wechsel),False
2026-08-17 17:50:30.434,car_ID_1203,car,Berlin->Potsdam,True
2026-08-17 17:50:33.197,person_ID_1053,person,Berlin (kein Wechsel),False
2026-08-17 17:50:40.862,car_ID_1205,car,Potsdam->Berlin,True
2026-08-17 17:51:01.799,person_ID_1054,person,Potsdam (kein Wechsel),False
2026-08-17 17:51:03.094,bicycle_ID_1031,bicycle,Potsdam (kein Wechsel),False
2026-08-17 17:51:03.201,person_ID_1055,person,Potsdam (kein Wechsel),False
2026-08-17 17:51:03.332,bicycle_ID_1032,bicycle,Potsdam (kein Wechsel),False
2026-08-17 17:51:04.066,bicycle_ID_1033,bicycle,Potsdam->Berlin,True
2026-08-17 17:51:04.271,person_ID_1056,person,Potsdam->Berlin,True
2026-08-17 17:51:04.934,bicycle_ID_1034,bicycle,Berlin (kein Wechsel),False
2026-08-17 17:51:06.167,person_ID_1057,person,Berlin (kein Wechsel),False
2026-08-17 17:51:12.435,car_ID_1206,car,Berlin->Potsdam,True
2026-08-17 17:51:13.333,car_ID_1207,car,Potsdam (kein Wechsel),False
2026-08-17 17:51:27.398,person_ID_1059,person,Berlin->Potsdam,True
2026-08-17 17:51:27.739,bicycle_ID_1035,bicycle,Berlin->Potsdam,True
2026-08-17 17:51:28.233,bicycle_ID_1037,bicycle,Berlin (kein Wechsel),False
2026-08-17 17:51:30.369,bicycle_ID_1036,bicycle,Berlin (kein Wechsel),False
2026-08-17 17:51:30.801,bicycle_ID_1038,bicycle,Berlin->Potsdam,True
2026-08-17 17:51:31.697,person_ID_1060,person,Berlin->Potsdam,True
2026-08-17 17:51:36.500,person_ID_1058,person,Berlin->Potsdam,True
2026-08-17 17:51:40.734,person_ID_1062,person,Potsdam (kein Wechsel),False
2026-08-17 17:51:44.335,person_ID_1063,person,Potsdam (kein Wechsel),False
2026-08-17 17:51:47.335,person_ID_1061,person,Potsdam (kein Wechsel),False
2026-08-17 17:51:50.972,person_ID_1065,person,Berlin->Potsdam,True
2026-08-17 17:51:51.470,bicycle_ID_1039,bicycle,Berlin->Potsdam,True
2026-08-17 17:51:56.872,car_ID_1208,car,Potsdam->Berlin,True
2026-08-17 17:51:59.502,car_ID_1209,car,Potsdam->Berlin,True
2026-08-17 17:52:02.868,person_ID_1064,person,Potsdam->Berlin,True
2026-08-17 17:52:05.835,car_ID_1211,car,Berlin (kein Wechsel),False
2026-08-17 17:52:06.505,car_ID_1210,car,Berlin->Potsdam,True
2026-08-17 17:52:11.869,person_ID_1066,person,Potsdam (kein Wechsel),False
2026-08-17 17:52:15.337,bicycle_ID_1041,bicycle,Berlin (kein Wechsel),False
2026-08-17 17:52:15.738,bicycle_ID_1040,bicycle,Berlin->Potsdam,True
2026-08-17 17:52:16.238,person_ID_1067,person,Berlin->Potsdam,True
2026-08-17 17:52:20.437,car_ID_1212,car,Berlin->Potsdam,True
2026-08-17 17:52:28.772,car_ID_1214,car,Potsdam->Berlin,True
2026-08-17 17:52:29.806,car_ID_1213,car,Potsdam->Berlin,True
2026-08-17 17:52:34.166,person_ID_1068,person,Potsdam (kein Wechsel),False
2026-08-17 17:52:34.205,bicycle_ID_1042,bicycle,Potsdam (kein Wechsel),False
2026-08-17 17:52:34.604,person_ID_1069,person,Potsdam (kein Wechsel),False
2026-08-17 17:52:36.738,bicycle_ID_1043,bicycle,Potsdam->Berlin,True
2026-08-17 17:52:38.337,bicycle_ID_1044,bicycle,Berlin (kein Wechsel),False
2026-08-17 17:52:39.106,person_ID_1070,person,Potsdam->Berlin,True
2026-08-17 17:52:50.946,bicycle_ID_1045,bicycle,Potsdam (kein Wechsel),False
2026-08-17 17:52:52.607,person_ID_1071,person,Potsdam (kein Wechsel),False
2026-08-17 17:52:52.837,bicycle_ID_1046,bicycle,Potsdam (kein Wechsel),False
2026-08-17 17:52:56.004,person_ID_1072,person,Potsdam->Berlin,True
2026-08-17 17:52:56.805,person_ID_1073,person,Berlin (kein Wechsel),False
2026-08-17 17:52:57.341,car_ID_1215,car,Potsdam (kein Wechsel),False
2026-08-17 17:52:57.806,car_ID_1216,car,Berlin (kein Wechsel),False
2026-08-17 17:53:07.103,bicycle_ID_1047,bicycle,Potsdam (kein Wechsel),False
2026-08-17 17:53:08.938,bicycle_ID_1048,bicycle,Potsdam (kein Wechsel),False
2026-08-17 17:53:11.139,person_ID_1074,person,Potsdam->Berlin,True
2026-08-17 17:53:13.272,bicycle_ID_1049,bicycle,Berlin (kein Wechsel),False
2026-08-17 17:53:14.874,bicycle_ID_1050,bicycle,Berlin->Potsdam,True
2026-08-17 17:53:15.371,person_ID_1075,person,Berlin->Potsdam,True
2026-08-17 17:53:20.540,bicycle_ID_1051,bicycle,Potsdam (kein Wechsel),False
2026-08-17 17:53:21.007,person_ID_1076,person,Potsdam (kein Wechsel),False
2026-08-17 17:53:23.243,person_ID_1077,person,Potsdam (kein Wechsel),False
2026-08-17 17:53:24.271,person_ID_1078,person,Berlin (kein Wechsel),False
2026-08-17 17:53:26.975,person_ID_1079,person,Berlin (kein Wechsel),False
2026-08-17 17:53:28.177,car_ID_1217,car,Potsdam->Berlin,True
2026-08-17 17:53:30.840,car_ID_1218,car,Potsdam->Berlin,True
2026-08-17 17:53:33.941,car_ID_1220,car,Berlin (kein Wechsel),False
2026-08-17 17:53:34.508,car_ID_1219,car,Potsdam->Berlin,True
2026-08-17 17:54:00.777,car_ID_1221,car,Potsdam->Berlin,True
2026-08-17 17:54:48.047,car_ID_1222,car,Berlin->Potsdam,True
2026-08-17 17:55:37.548,bicycle_ID_1052,bicycle,Potsdam (kein Wechsel),False
2026-08-17 17:55:42.550,car_ID_1223,car,Berlin->Potsdam,True
2026-08-17 17:55:44.312,person_ID_1080,person,Potsdam->Berlin,True
2026-08-17 17:55:52.251,bicycle_ID_1053,bicycle,Potsdam (kein Wechsel),False
2026-08-17 17:55:52.420,person_ID_1081,person,Potsdam (kein Wechsel),False
2026-08-17 17:55:53.317,bicycle_ID_1054,bicycle,Potsdam (kein Wechsel),False
2026-08-17 17:55:54.785,person_ID_1082,person,Potsdam (kein Wechsel),False
2026-08-17 17:55:54.820,car_ID_1224,car,Berlin->Potsdam,True
2026-08-17 17:55:56.256,person_ID_1083,person,Berlin (kein Wechsel),False
2026-08-17 17:55:57.722,person_ID_1085,person,Berlin (kein Wechsel),False
2026-08-17 17:55:57.884,car_ID_1225,car,Berlin->Potsdam,True
2026-08-17 17:55:58.184,person_ID_1084,person,Potsdam (kein Wechsel),False
2026-08-17 17:56:01.416,bicycle_ID_1055,bicycle,Berlin (kein Wechsel),False
2026-08-17 17:56:01.717,bicycle_ID_1056,bicycle,Berlin (kein Wechsel),False
2026-08-17 17:56:02.987,bicycle_ID_1058,bicycle,Berlin (kein Wechsel),False
2026-08-17 17:56:03.382,person_ID_1086,person,Berlin->Potsdam,True
2026-08-17 17:56:03.882,bicycle_ID_1057,bicycle,Berlin->Potsdam,True
2026-08-17 17:56:11.315,person_ID_1087,person,Berlin->Potsdam,True
2026-08-17 17:56:16.184,bicycle_ID_1059,bicycle,Potsdam (kein Wechsel),False
2026-08-17 17:56:16.384,person_ID_1088,person,Potsdam (kein Wechsel),False
2026-08-17 17:56:17.251,person_ID_1089,person,Potsdam (kein Wechsel),False
2026-08-17 17:56:18.587,bicycle_ID_1060,bicycle,Potsdam->Berlin,True
2026-08-17 17:56:19.350,person_ID_1090,person,Potsdam->Berlin,True
2026-08-17 17:56:20.050,bicycle_ID_1061,bicycle,Berlin (kein Wechsel),False
2026-08-17 17:56:20.852,person_ID_1091,person,Berlin (kein Wechsel),False
2026-08-17 17:56:24.053,car_ID_1226,car,Potsdam->Berlin,True
2026-08-17 17:56:26.884,car_ID_1227,car,Potsdam->Berlin,True
2026-08-17 17:56:39.518,bicycle_ID_1062,bicycle,Berlin->Potsdam,True
2026-08-17 17:56:39.988,person_ID_1092,person,Berlin->Potsdam,True
2026-08-17 17:56:42.087,car_ID_1228,car,Berlin->Potsdam,True
2026-08-17 17:56:45.824,bicycle_ID_1064,bicycle,Berlin (kein Wechsel),False
2026-08-17 17:56:47.085,bicycle_ID_1063,bicycle,Berlin->Potsdam,True
2026-08-17 17:56:47.085,person_ID_1093,person,Berlin->Potsdam,True
2026-08-17 17:57:43.356,bicycle_ID_1065,bicycle,Potsdam (kein Wechsel),False
2026-08-17 17:57:43.931,bicycle_ID_1066,bicycle,Potsdam (kein Wechsel),False
2026-08-17 17:57:43.965,bicycle_ID_1067,bicycle,Potsdam (kein Wechsel),False
2026-08-17 17:57:44.390,person_ID_1094,person,Potsdam (kein Wechsel),False
2026-08-17 17:57:45.155,bicycle_ID_1068,bicycle,Potsdam (kein Wechsel),False
2026-08-17 17:57:45.459,bicycle_ID_1069,bicycle,Potsdam (kein Wechsel),False
2026-08-17 17:57:47.956,person_ID_1095,person,Potsdam->Berlin,True
2026-08-17 17:57:53.888,bicycle_ID_1071,bicycle,Potsdam (kein Wechsel),False
2026-08-17 17:57:58.790,bicycle_ID_1070,bicycle,Potsdam (kein Wechsel),False
2026-08-17 17:58:02.389,person_ID_1096,person,Potsdam (kein Wechsel),False
2026-08-17 17:58:03.526,bicycle_ID_1072,bicycle,Potsdam (kein Wechsel),False
2026-08-17 17:58:08.390,bicycle_ID_1073,bicycle,Berlin (kein Wechsel),False
2026-08-17 17:58:10.526,person_ID_1097,person,Berlin (kein Wechsel),False
2026-08-17 17:58:11.592,person_ID_1098,person,Berlin (kein Wechsel),False
2026-08-17 17:58:33.994,car_ID_1231,car,Berlin (kein Wechsel),False
2026-08-17 17:58:34.858,car_ID_1230,car,Potsdam->Berlin,True
2026-08-17 17:58:36.789,car_ID_1229,car,Potsdam->Berlin,True
2026-08-17 17:58:42.594,car_ID_1232,car,Potsdam->Berlin,True
2026-08-17 17:58:50.827,car_ID_1233,car,Berlin->Potsdam,True
2026-08-17 17:59:11.432,bicycle_ID_1074,bicycle,Potsdam->Berlin,True
2026-08-17 17:59:11.432,person_ID_1099,person,Potsdam->Berlin,True
2026-08-17 17:59:14.997,person_ID_1100,person,Potsdam (kein Wechsel),False
2026-08-17 17:59:15.096,bicycle_ID_1076,bicycle,Potsdam (kein Wechsel),False
2026-08-17 17:59:15.396,bicycle_ID_1075,bicycle,Potsdam (kein Wechsel),False
2026-08-17 17:59:15.459,person_ID_1101,person,Potsdam (kein Wechsel),False
2026-08-17 17:59:17.164,bicycle_ID_1077,bicycle,Potsdam (kein Wechsel),False
2026-08-17 17:59:18.258,person_ID_1102,person,Potsdam->Berlin,True
2026-08-17 17:59:19.030,bicycle_ID_1079,bicycle,Berlin (kein Wechsel),False
2026-08-17 17:59:19.960,bicycle_ID_1078,bicycle,Potsdam->Berlin,True
2026-08-17 17:59:20.760,person_ID_1103,person,Berlin (kein Wechsel),False
2026-08-17 17:59:21.495,person_ID_1104,person,Berlin (kein Wechsel),False
2026-08-17 17:59:27.464,bicycle_ID_1081,bicycle,Potsdam (kein Wechsel),False
2026-08-17 17:59:27.758,person_ID_1105,person,Potsdam (kein Wechsel),False
2026-08-17 17:59:27.859,bicycle_ID_1082,bicycle,Potsdam (kein Wechsel),False
2026-08-17 17:59:27.895,bicycle_ID_1080,bicycle,Potsdam (kein Wechsel),False
2026-08-17 17:59:28.531,person_ID_1106,person,Potsdam (kein Wechsel),False
2026-08-17 17:59:30.764,bicycle_ID_1083,bicycle,Potsdam->Berlin,True
2026-08-17 17:59:33.397,person_ID_1107,person,Potsdam->Berlin,True
2026-08-17 17:59:33.630,bicycle_ID_1084,bicycle,Berlin (kein Wechsel),False
2026-08-17 17:59:33.897,person_ID_1108,person,Berlin->Potsdam,True
2026-08-17 17:59:34.329,bicycle_ID_1085,bicycle,Berlin->Potsdam,True
2026-08-17 17:59:56.166,person_ID_1109,person,Berlin->Potsdam,True
2026-08-17 17:59:56.730,bicycle_ID_1086,bicycle,Berlin->Potsdam,True
2026-08-17 18:00:06.062,bicycle_ID_1087,bicycle,Potsdam (kein Wechsel),False
2026-08-17 18:00:07.300,bicycle_ID_1088,bicycle,Potsdam (kein Wechsel),False
2026-08-17 18:00:07.802,person_ID_1110,person,Potsdam (kein Wechsel),False
2026-08-17 18:00:08.232,bicycle_ID_1089,bicycle,Potsdam->Berlin,True
2026-08-17 18:00:10.029,bicycle_ID_1090,bicycle,Berlin (kein Wechsel),False
2026-08-17 18:00:52.569,car_ID_1234,car,Berlin (kein Wechsel),False
2026-08-17 18:00:54.172,bus_ID_82,bus,Berlin (kein Wechsel),False
2026-08-17 18:00:54.805,car_ID_1235,car,Potsdam (kein Wechsel),False
2026-08-17 18:00:54.971,bus_ID_84,bus,Potsdam (kein Wechsel),False
2026-08-17 18:00:55.834,bus_ID_83,bus,Berlin->Potsdam,True
2026-08-17 18:00:57.601,car_ID_1236,car,Berlin->Potsdam,True
2026-08-17 18:01:06.472,car_ID_1237,car,Potsdam->Berlin,True
2026-08-17 18:01:14.571,car_ID_1238,car,Potsdam->Berlin,True
2026-08-17 18:01:14.603,bicycle_ID_1092,bicycle,Berlin (kein Wechsel),False
2026-08-17 18:01:15.104,bicycle_ID_1094,bicycle,Berlin (kein Wechsel),False
2026-08-17 18:01:15.935,bicycle_ID_1091,bicycle,Berlin (kein Wechsel),False
2026-08-17 18:01:16.004,car_ID_1239,car,Berlin (kein Wechsel),False
2026-08-17 18:01:16.239,person_ID_1111,person,Berlin->Potsdam,True
2026-08-17 18:01:16.503,person_ID_1112,person,Berlin (kein Wechsel),False
2026-08-17 18:01:16.569,bicycle_ID_1095,bicycle,Berlin (kein Wechsel),False
2026-08-17 18:01:16.903,bicycle_ID_1093,bicycle,Berlin->Potsdam,True
2026-08-17 18:01:19.802,car_ID_1240,car,Berlin->Potsdam,True
2026-08-17 18:02:03.406,car_ID_1241,car,Potsdam->Berlin,True
2026-08-17 18:02:09.441,car_ID_1242,car,Berlin->Potsdam,True
2026-08-17 18:02:10.608,car_ID_1244,car,Berlin (kein Wechsel),False
2026-08-17 18:02:10.641,car_ID_1243,car,Berlin->Potsdam,True
2026-08-17 18:02:17.438,bicycle_ID_1096,bicycle,Potsdam (kein Wechsel),False
2026-08-17 18:02:18.274,bicycle_ID_1097,bicycle,Potsdam (kein Wechsel),False
2026-08-17 18:02:18.274,person_ID_1113,person,Potsdam (kein Wechsel),False
2026-08-17 18:02:20.775,car_ID_1245,car,Berlin->Potsdam,True
2026-08-17 18:02:21.242,bicycle_ID_1098,bicycle,Potsdam->Berlin,True
2026-08-17 18:02:24.073,person_ID_1114,person,Potsdam->Berlin,True
2026-08-17 18:02:24.205,bicycle_ID_1099,bicycle,Berlin (kein Wechsel),False
2026-08-17 18:02:45.909,car_ID_1246,car,Berlin->Potsdam,True
2026-08-17 18:02:48.410,bicycle_ID_1100,bicycle,Berlin (kein Wechsel),False
2026-08-17 18:02:49.644,bicycle_ID_1101,bicycle,Berlin->Potsdam,True
2026-08-17 18:02:49.943,person_ID_1115,person,Berlin->Potsdam,True
2026-08-17 18:02:51.075,bicycle_ID_1102,bicycle,Berlin->Potsdam,True
2026-08-17 18:02:51.476,person_ID_1116,person,Berlin->Potsdam,True
2026-08-17 18:02:54.709,car_ID_1247,car,Potsdam->Berlin,True
2026-08-17 18:03:18.977,car_ID_1248,car,Berlin->Potsdam,True
2026-08-17 18:03:22.013,car_ID_1249,car,Berlin->Potsdam,True
2026-08-17 18:03:30.309,car_ID_1250,car,Potsdam->Berlin,True
2026-08-17 18:03:32.407,car_ID_1252,car,Potsdam (kein Wechsel),False
2026-08-17 18:03:35.208,car_ID_1251,car,Potsdam->Berlin,True
2026-08-17 18:03:35.850,bicycle_ID_1103,bicycle,Berlin (kein Wechsel),False
2026-08-17 18:03:36.442,bicycle_ID_1104,bicycle,Berlin->Potsdam,True
2026-08-17 18:03:36.475,person_ID_1117,person,Berlin->Potsdam,True
2026-08-17 18:03:44.408,bicycle_ID_1105,bicycle,Berlin->Potsdam,True
2026-08-17 18:03:44.879,person_ID_1118,person,Berlin->Potsdam,True
2026-08-17 18:03:44.943,car_ID_1253,car,Berlin->Potsdam,True
2026-08-17 18:03:51.017,person_ID_1119,person,Potsdam (kein Wechsel),False
2026-08-17 18:04:04.712,person_ID_1120,person,Potsdam->Berlin,True
2026-08-17 18:04:07.046,car_ID_1254,car,Potsdam->Berlin,True
2026-08-17 18:04:07.578,person_ID_1121,person,Berlin (kein Wechsel),False
2026-08-17 18:04:32.247,person_ID_1122,person,Berlin->Potsdam,True
2026-08-17 18:04:34.518,bus_ID_86,bus,Potsdam (kein Wechsel),False
2026-08-17 18:04:35.818,person_ID_1123,person,Potsdam (kein Wechsel),False
2026-08-17 18:04:36.481,bus_ID_85,bus,Potsdam->Berlin,True
2026-08-17 18:04:37.079,car_ID_1255,car,Berlin (kein Wechsel),False
2026-08-17 18:04:42.383,bicycle_ID_1107,bicycle,Berlin (kein Wechsel),False
2026-08-17 18:04:42.977,bicycle_ID_1106,bicycle,Berlin (kein Wechsel),False
2026-08-17 18:04:42.977,person_ID_1124,person,Berlin (kein Wechsel),False
2026-08-17 18:04:43.949,bicycle_ID_1108,bicycle,Berlin->Potsdam,True
2026-08-17 18:04:43.949,person_ID_1125,person,Berlin->Potsdam,True
2026-08-17 18:05:20.849,car_ID_1257,car,Potsdam (kein Wechsel),False
2026-08-17 18:05:20.919,car_ID_1256,car,Berlin->Potsdam,True
2026-08-17 18:05:37.551,car_ID_1258,car,Potsdam->Berlin,True
2026-08-17 18:05:48.454,car_ID_1259,car,Potsdam->Berlin,True
2026-08-17 18:06:05.953,car_ID_1260,car,Berlin->Potsdam,True
2026-08-17 18:06:11.787,bicycle_ID_1109,bicycle,Potsdam (kein Wechsel),False
2026-08-17 18:06:12.688,bicycle_ID_1111,bicycle,Potsdam (kein Wechsel),False
2026-08-17 18:06:14.087,person_ID_1127,person,Berlin->Potsdam,True
2026-08-17 18:06:14.653,bicycle_ID_1110,bicycle,Berlin->Potsdam,True
2026-08-17 18:06:14.720,bicycle_ID_1112,bicycle,Potsdam (kein Wechsel),False
2026-08-17 18:06:18.259,person_ID_1126,person,Potsdam->Berlin,True
2026-08-17 18:06:31.320,bicycle_ID_1113,bicycle,Berlin (kein Wechsel),False
2026-08-17 18:06:31.755,bicycle_ID_1114,bicycle,Berlin->Potsdam,True
2026-08-17 18:06:31.787,person_ID_1128,person,Berlin->Potsdam,True
2026-08-17 18:06:47.991,bicycle_ID_1115,bicycle,Potsdam (kein Wechsel),False
2026-08-17 18:06:48.491,person_ID_1129,person,Potsdam (kein Wechsel),False
2026-08-17 18:06:49.188,person_ID_1130,person,Potsdam (kein Wechsel),False
2026-08-17 18:06:49.891,bicycle_ID_1116,bicycle,Potsdam->Berlin,True
2026-08-17 18:06:50.223,bicycle_ID_1117,bicycle,Berlin (kein Wechsel),False
2026-08-17 18:06:52.022,person_ID_1131,person,Potsdam->Berlin,True
2026-08-17 18:06:57.193,car_ID_1261,car,Berlin->Potsdam,True
2026-08-17 18:07:01.055,car_ID_1262,car,Potsdam->Berlin,True
2026-08-17 18:07:06.925,car_ID_1263,car,Berlin->Potsdam,True
2026-08-17 18:07:25.425,bicycle_ID_1119,bicycle,Berlin (kein Wechsel),False
2026-08-17 18:07:25.891,bicycle_ID_1120,bicycle,Berlin (kein Wechsel),False
2026-08-17 18:07:25.954,bicycle_ID_1122,bicycle,Berlin (kein Wechsel),False
2026-08-17 18:07:26.360,person_ID_1132,person,Berlin->Potsdam,True
2026-08-17 18:07:26.422,bicycle_ID_1118,bicycle,Berlin->Potsdam,True
2026-08-17 18:07:27.424,bicycle_ID_1121,bicycle,Berlin->Potsdam,True
2026-08-17 18:07:27.925,person_ID_1133,person,Berlin->Potsdam,True
2026-08-17 18:07:47.359,bicycle_ID_1123,bicycle,Potsdam (kein Wechsel),False
2026-08-17 18:07:49.063,person_ID_1134,person,Potsdam (kein Wechsel),False
2026-08-17 18:07:50.963,bicycle_ID_1124,bicycle,Potsdam->Berlin,True
2026-08-17 18:07:51.792,person_ID_1135,person,Potsdam->Berlin,True
2026-08-17 18:07:53.059,person_ID_1136,person,Berlin (kein Wechsel),False
2026-08-17 18:07:54.993,person_ID_1137,person,Berlin (kein Wechsel),False
2026-08-17 18:07:58.926,car_ID_1264,car,Berlin->Potsdam,True
2026-08-17 18:08:03.694,bicycle_ID_1125,bicycle,Potsdam (kein Wechsel),False
2026-08-17 18:08:04.426,car_ID_1265,car,Berlin->Potsdam,True
2026-08-17 18:08:04.496,person_ID_1138,person,Potsdam (kein Wechsel),False
2026-08-17 18:08:07.194,bicycle_ID_1127,bicycle,Berlin (kein Wechsel),False
2026-08-17 18:08:08.063,bicycle_ID_1126,bicycle,Potsdam->Berlin,True
2026-08-17 18:08:08.260,person_ID_1139,person,Potsdam->Berlin,True
2026-08-17 18:08:19.429,person_ID_1140,person,Potsdam (kein Wechsel),False
2026-08-17 18:08:20.932,car_ID_1266,car,Potsdam->Berlin,True
2026-08-17 18:08:22.728,car_ID_1267,car,Potsdam->Berlin,True
2026-08-17 18:08:23.196,person_ID_1141,person,Berlin (kein Wechsel),False
2026-08-17 18:08:35.196,car_ID_1268,car,Potsdam->Berlin,True
2026-08-17 18:08:37.727,bicycle_ID_1129,bicycle,Berlin (kein Wechsel),False
2026-08-17 18:08:38.668,person_ID_1142,person,Berlin->Potsdam,True
2026-08-17 18:08:38.899,bicycle_ID_1128,bicycle,Berlin->Potsdam,True
2026-08-17 18:08:38.962,bicycle_ID_1130,bicycle,Potsdam (kein Wechsel),False
2026-08-17 18:08:46.402,car_ID_1269,car,Berlin->Potsdam,True
2026-08-17 18:08:48.363,car_ID_1270,car,Potsdam (kein Wechsel),False
2026-08-17 18:09:44.399,car_ID_1271,car,Potsdam->Berlin,True
2026-08-17 18:10:29.199,car_ID_1272,car,Berlin->Potsdam,True
2026-08-17 18:10:48.105,car_ID_1273,car,Potsdam->Berlin,True
2026-08-17 18:10:58.438,car_ID_1274,car,Berlin->Potsdam,True
2026-08-17 18:11:55.172,car_ID_1275,car,Potsdam->Berlin,True
2026-08-17 18:12:00.009,car_ID_1276,car,Potsdam->Berlin,True
2026-08-17 18:12:02.308,car_ID_1277,car,Potsdam->Berlin,True
2026-08-17 18:12:19.076,car_ID_1278,car,Berlin->Potsdam,True
2026-08-17 18:12:27.543,car_ID_1279,car,Potsdam->Berlin,True
2026-08-17 18:12:39.942,car_ID_1280,car,Potsdam->Berlin,True
2026-08-17 18:12:45.612,car_ID_1281,car,Potsdam->Berlin,True
2026-08-17 18:12:51.414,person_ID_1143,person,Berlin->Potsdam,True
2026-08-17 18:13:04.180,bicycle_ID_1131,bicycle,Potsdam (kein Wechsel),False
2026-08-17 18:13:04.244,bicycle_ID_1132,bicycle,Potsdam (kein Wechsel),False
2026-08-17 18:13:04.713,person_ID_1146,person,Potsdam (kein Wechsel),False
2026-08-17 18:13:04.845,person_ID_1145,person,Potsdam (kein Wechsel),False
2026-08-17 18:13:05.213,bicycle_ID_1133,bicycle,Potsdam (kein Wechsel),False
2026-08-17 18:13:05.549,person_ID_1147,person,Potsdam (kein Wechsel),False
2026-08-17 18:13:06.211,person_ID_1148,person,Berlin (kein Wechsel),False
2026-08-17 18:13:06.512,bicycle_ID_1134,bicycle,Potsdam->Berlin,True
2026-08-17 18:13:07.448,bicycle_ID_1136,bicycle,Potsdam (kein Wechsel),False
2026-08-17 18:13:07.615,bicycle_ID_1135,bicycle,Berlin (kein Wechsel),False
2026-08-17 18:13:07.648,person_ID_1149,person,Berlin (kein Wechsel),False
2026-08-17 18:13:08.452,person_ID_1150,person,Potsdam (kein Wechsel),False
2026-08-17 18:13:09.016,person_ID_1151,person,Potsdam (kein Wechsel),False
2026-08-17 18:13:09.178,person_ID_1152,person,Potsdam (kein Wechsel),False
2026-08-17 18:13:11.084,person_ID_1154,person,Potsdam (kein Wechsel),False
2026-08-17 18:13:11.118,bicycle_ID_1138,bicycle,Potsdam->Berlin,True
2026-08-17 18:13:12.549,bicycle_ID_1137,bicycle,Potsdam->Berlin,True
2026-08-17 18:13:14.082,bicycle_ID_1139,bicycle,Berlin (kein Wechsel),False
2026-08-17 18:13:14.279,person_ID_1153,person,Potsdam->Berlin,True
2026-08-17 18:13:21.346,person_ID_1144,person,Potsdam->Berlin,True
2026-08-17 18:13:21.545,person_ID_1155,person,Potsdam (kein Wechsel),False
2026-08-17 18:13:22.780,bicycle_ID_1140,bicycle,Potsdam (kein Wechsel),False
2026-08-17 18:13:22.780,person_ID_1158,person,Potsdam (kein Wechsel),False
2026-08-17 18:13:22.913,person_ID_1156,person,Berlin (kein Wechsel),False
2026-08-17 18:13:23.250,bicycle_ID_1141,bicycle,Potsdam (kein Wechsel),False
2026-08-17 18:13:23.914,person_ID_1159,person,Potsdam (kein Wechsel),False
2026-08-17 18:13:23.980,person_ID_1161,person,Potsdam (kein Wechsel),False
2026-08-17 18:13:24.044,bicycle_ID_1142,bicycle,Potsdam (kein Wechsel),False
2026-08-17 18:13:24.155,person_ID_1160,person,Potsdam (kein Wechsel),False
2026-08-17 18:13:26.613,person_ID_1162,person,Potsdam->Berlin,True
2026-08-17 18:13:26.645,bicycle_ID_1143,bicycle,Potsdam->Berlin,True
2026-08-17 18:13:29.546,person_ID_1157,person,Potsdam (kein Wechsel),False
2026-08-17 18:13:32.582,person_ID_1163,person,Potsdam (kein Wechsel),False
2026-08-17 18:13:35.181,person_ID_1164,person,Potsdam (kein Wechsel),False
2026-08-17 18:13:42.715,person_ID_1165,person,Potsdam->Berlin,True
2026-08-17 18:13:57.944,person_ID_1166,person,Berlin (kein Wechsel),False
2026-08-17 18:14:07.182,car_ID_1282,car,Berlin->Potsdam,True
2026-08-17 18:14:27.585,car_ID_1283,car,Potsdam->Berlin,True
2026-08-17 18:15:00.485,bicycle_ID_1144,bicycle,Potsdam (kein Wechsel),False
2026-08-17 18:15:00.788,person_ID_1168,person,Potsdam (kein Wechsel),False
2026-08-17 18:15:01.820,person_ID_1167,person,Berlin->Potsdam,True
2026-08-17 18:15:03.185,bicycle_ID_1145,bicycle,Potsdam->Berlin,True
2026-08-17 18:15:04.156,bicycle_ID_1146,bicycle,Berlin (kein Wechsel),False
2026-08-17 18:15:04.616,person_ID_1169,person,Potsdam->Berlin,True
2026-08-17 18:15:04.952,car_ID_1284,car,Berlin (kein Wechsel),False
2026-08-17 18:15:17.292,car_ID_1286,car,Berlin (kein Wechsel),False
2026-08-17 18:15:18.158,car_ID_1285,car,Berlin->Potsdam,True
2026-08-17 18:15:24.258,person_ID_1170,person,Potsdam->Berlin,True
2026-08-17 18:15:28.387,car_ID_1287,car,Potsdam->Berlin,True
2026-08-17 18:15:34.356,person_ID_1171,person,Berlin (kein Wechsel),False
2026-08-17 18:15:42.622,bicycle_ID_1147,bicycle,Potsdam (kein Wechsel),False
2026-08-17 18:15:45.622,person_ID_1172,person,Potsdam->Berlin,True
2026-08-17 18:15:45.788,car_ID_1288,car,Berlin->Potsdam,True
2026-08-17 18:15:58.057,car_ID_1289,car,Potsdam->Berlin,True
2026-08-17 18:15:59.759,bus_ID_87,bus,Berlin (kein Wechsel),False
2026-08-17 18:15:59.826,bus_ID_88,bus,Berlin (kein Wechsel),False
2026-08-17 18:16:00.592,car_ID_1290,car,Potsdam->Berlin,True
2026-08-17 18:16:02.724,car_ID_1291,car,Potsdam->Berlin,True
2026-08-17 18:16:04.524,bus_ID_89,bus,Berlin (kein Wechsel),False
2026-08-17 18:16:04.758,car_ID_1292,car,Potsdam->Berlin,True
2026-08-17 18:16:16.594,bicycle_ID_1149,bicycle,Berlin (kein Wechsel),False
2026-08-17 18:16:17.859,person_ID_1173,person,Berlin (kein Wechsel),False
2026-08-17 18:16:18.525,bicycle_ID_1148,bicycle,Berlin->Potsdam,True
2026-08-17 18:16:18.525,person_ID_1174,person,Berlin->Potsdam,True
2026-08-17 18:16:49.494,car_ID_1293,car,Potsdam->Berlin,True
2026-08-17 18:16:55.160,person_ID_1175,person,Potsdam->Berlin,True
2026-08-17 18:16:58.359,car_ID_1294,car,Potsdam->Berlin,True
2026-08-17 18:17:21.528,car_ID_1295,car,Potsdam->Berlin,True
2026-08-17 18:17:31.228,person_ID_1176,person,Berlin (kein Wechsel),False
2026-08-17 18:17:32.131,person_ID_1177,person,Berlin (kein Wechsel),False
2026-08-17 18:17:34.597,person_ID_1178,person,Berlin->Potsdam,True
2026-08-17 18:18:08.596,car_ID_1296,car,Potsdam->Berlin,True
2026-08-17 18:18:18.732,car_ID_1297,car,Berlin->Potsdam,True
2026-08-17 18:18:27.830,car_ID_1298,car,Potsdam->Berlin,True
2026-08-17 18:19:13.202,car_ID_1299,car,Berlin (kein Wechsel),False
2026-08-17 18:19:15.935,bus_ID_90,bus,Berlin->Potsdam,True
2026-08-17 18:19:15.936,bus_ID_91,bus,Potsdam (kein Wechsel),False
2026-08-17 18:19:43.835,bicycle_ID_1150,bicycle,Berlin->Potsdam,True
2026-08-17 18:19:44.343,person_ID_1179,person,Berlin->Potsdam,True
2026-08-17 18:20:04.171,car_ID_1300,car,Potsdam->Berlin,True
2026-08-17 18:20:22.306,bicycle_ID_1151,bicycle,Berlin->Potsdam,True
2026-08-17 18:20:22.406,bicycle_ID_1152,bicycle,Potsdam (kein Wechsel),False
2026-08-17 18:20:22.874,person_ID_1180,person,Berlin->Potsdam,True
2026-08-17 18:20:35.337,person_ID_1181,person,Berlin->Potsdam,True
2026-08-17 18:20:35.408,bicycle_ID_1153,bicycle,Berlin->Potsdam,True
2026-08-17 18:21:09.179,bicycle_ID_1155,bicycle,Berlin (kein Wechsel),False
2026-08-17 18:21:09.406,bicycle_ID_1154,bicycle,Berlin->Potsdam,True
2026-08-17 18:21:09.511,person_ID_1182,person,Berlin->Potsdam,True
2026-08-17 18:21:41.812,bicycle_ID_1156,bicycle,Berlin (kein Wechsel),False
2026-08-17 18:21:41.910,person_ID_1183,person,Berlin (kein Wechsel),False
2026-08-17 18:21:42.046,bicycle_ID_1157,bicycle,Berlin (kein Wechsel),False
2026-08-17 18:21:42.246,person_ID_1184,person,Berlin (kein Wechsel),False
2026-08-17 18:21:42.811,person_ID_1185,person,Berlin->Potsdam,True
2026-08-17 18:21:55.144,person_ID_1186,person,Potsdam (kein Wechsel),False
2026-08-17 18:21:55.178,bicycle_ID_1158,bicycle,Potsdam (kein Wechsel),False
2026-08-17 18:21:55.485,person_ID_1187,person,Potsdam (kein Wechsel),False
2026-08-17 18:21:58.814,person_ID_1188,person,Potsdam->Berlin,True
2026-08-17 18:21:58.909,bicycle_ID_1159,bicycle,Potsdam->Berlin,True
2026-08-17 18:21:59.079,person_ID_1189,person,Berlin (kein Wechsel),False
2026-08-17 18:22:43.085,person_ID_1190,person,Potsdam->Berlin,True
2026-08-17 18:22:50.451,person_ID_1191,person,Berlin (kein Wechsel),False
2026-08-17 18:22:51.683,person_ID_1193,person,Berlin (kein Wechsel),False
2026-08-17 18:22:53.049,person_ID_1192,person,Berlin (kein Wechsel),False
2026-08-17 18:22:54.352,person_ID_1196,person,Berlin (kein Wechsel),False
2026-08-17 18:22:56.484,car_ID_1301,car,Berlin->Potsdam,True
2026-08-17 18:23:06.283,person_ID_1195,person,Berlin->Potsdam,True
2026-08-17 18:23:07.782,person_ID_1198,person,Potsdam (kein Wechsel),False
2026-08-17 18:23:09.581,person_ID_1200,person,Potsdam (kein Wechsel),False
2026-08-17 18:23:09.949,person_ID_1197,person,Berlin->Potsdam,True
2026-08-17 18:23:11.150,person_ID_1201,person,Potsdam (kein Wechsel),False
2026-08-17 18:23:13.116,person_ID_1194,person,Berlin->Potsdam,True
2026-08-17 18:23:13.184,person_ID_1202,person,Potsdam (kein Wechsel),False
2026-08-17 18:23:13.385,person_ID_1203,person,Potsdam (kein Wechsel),False
2026-08-17 18:23:14.052,person_ID_1204,person,Potsdam (kein Wechsel),False
2026-08-17 18:23:14.218,person_ID_1199,person,Potsdam (kein Wechsel),False
2026-08-17 18:23:15.721,person_ID_1206,person,Potsdam (kein Wechsel),False
2026-08-17 18:23:17.351,person_ID_1207,person,Potsdam (kein Wechsel),False
2026-08-17 18:23:17.753,person_ID_1208,person,Potsdam (kein Wechsel),False
2026-08-17 18:23:19.252,person_ID_1209,person,Potsdam (kein Wechsel),False
2026-08-17 18:23:36.716,car_ID_1302,car,Berlin->Potsdam,True
2026-08-17 18:23:36.852,person_ID_1211,person,Potsdam (kein Wechsel),False
2026-08-17 18:23:37.285,person_ID_1212,person,Potsdam (kein Wechsel),False
2026-08-17 18:23:38.454,person_ID_1210,person,Berlin->Potsdam,True
2026-08-17 18:23:38.885,bicycle_ID_1160,bicycle,Potsdam (kein Wechsel),False
2026-08-17 18:23:40.218,bicycle_ID_1162,bicycle,Potsdam (kein Wechsel),False
2026-08-17 18:23:40.451,person_ID_1205,person,Berlin->Potsdam,True
2026-08-17 18:23:40.624,person_ID_1214,person,Potsdam (kein Wechsel),False
2026-08-17 18:23:40.657,bicycle_ID_1161,bicycle,Potsdam->Berlin,True
2026-08-17 18:23:42.282,bicycle_ID_1164,bicycle,Berlin (kein Wechsel),False
2026-08-17 18:23:43.057,bicycle_ID_1165,bicycle,Berlin (kein Wechsel),False
2026-08-17 18:23:43.221,bicycle_ID_1163,bicycle,Berlin->Potsdam,True
2026-08-17 18:23:43.285,person_ID_1216,person,Berlin->Potsdam,True
2026-08-17 18:23:44.120,person_ID_1213,person,Berlin (kein Wechsel),False
2026-08-17 18:23:44.384,person_ID_1217,person,Berlin (kein Wechsel),False
2026-08-17 18:23:44.984,bicycle_ID_1166,bicycle,Berlin (kein Wechsel),False
2026-08-17 18:23:45.551,person_ID_1215,person,Potsdam->Berlin,True
2026-08-17 18:23:53.489,car_ID_1303,car,Berlin->Potsdam,True
2026-08-17 18:24:13.553,bicycle_ID_1167,bicycle,Potsdam (kein Wechsel),False
2026-08-17 18:24:14.320,person_ID_1218,person,Potsdam (kein Wechsel),False
2026-08-17 18:24:17.553,person_ID_1219,person,Berlin (kein Wechsel),False
2026-08-17 18:24:19.052,bicycle_ID_1168,bicycle,Potsdam->Berlin,True
2026-08-17 18:24:20.122,person_ID_1220,person,Berlin (kein Wechsel),False
2026-08-17 18:24:21.084,bicycle_ID_1169,bicycle,Berlin (kein Wechsel),False
2026-08-17 18:24:21.185,bicycle_ID_1170,bicycle,Berlin (kein Wechsel),False
2026-08-17 18:24:35.688,car_ID_1304,car,Potsdam->Berlin,True
2026-08-17 18:24:45.622,car_ID_1306,car,Potsdam (kein Wechsel),False
2026-08-17 18:24:48.757,car_ID_1305,car,Potsdam->Berlin,True
2026-08-17 18:24:56.257,car_ID_1307,car,Berlin->Potsdam,True
2026-08-17 18:25:43.490,car_ID_1308,car,Berlin (kein Wechsel),False
2026-08-17 18:25:46.655,bicycle_ID_1171,bicycle,Potsdam (kein Wechsel),False
2026-08-17 18:25:47.724,bicycle_ID_1173,bicycle,Potsdam (kein Wechsel),False
2026-08-17 18:25:47.787,bicycle_ID_1172,bicycle,Potsdam (kein Wechsel),False
2026-08-17 18:25:48.524,bicycle_ID_1174,bicycle,Potsdam (kein Wechsel),False
2026-08-17 18:25:49.056,person_ID_1223,person,Potsdam (kein Wechsel),False
2026-08-17 18:25:49.686,person_ID_1224,person,Potsdam (kein Wechsel),False
2026-08-17 18:25:50.788,bicycle_ID_1175,bicycle,Potsdam->Berlin,True
2026-08-17 18:25:51.387,person_ID_1225,person,Potsdam (kein Wechsel),False
2026-08-17 18:25:52.688,bicycle_ID_1177,bicycle,Berlin (kein Wechsel),False
2026-08-17 18:25:53.460,person_ID_1222,person,Potsdam->Berlin,True
2026-08-17 18:25:53.762,person_ID_1226,person,Berlin (kein Wechsel),False
2026-08-17 18:25:54.425,bicycle_ID_1176,bicycle,Potsdam->Berlin,True
2026-08-17 18:25:55.557,person_ID_1227,person,Potsdam (kein Wechsel),False
2026-08-17 18:25:56.249,person_ID_1228,person,Potsdam (kein Wechsel),False
2026-08-17 18:26:03.194,person_ID_1221,person,Berlin->Potsdam,True
2026-08-17 18:26:05.323,person_ID_1229,person,Potsdam->Berlin,True
2026-08-17 18:26:05.861,car_ID_1309,car,Potsdam->Berlin,True
2026-08-17 18:26:11.726,car_ID_1310,car,Berlin->Potsdam,True
2026-08-17 18:26:22.927,car_ID_1311,car,Berlin->Potsdam,True
2026-08-17 18:26:32.302,car_ID_1312,car,Potsdam->Berlin,True
2026-08-17 18:26:35.063,car_ID_1313,car,Potsdam->Berlin,True
2026-08-17 18:26:42.828,car_ID_1314,car,Berlin->Potsdam,True
2026-08-17 18:27:44.371,car_ID_1315,car,Potsdam->Berlin,True
2026-08-17 18:27:55.169,person_ID_1230,person,Berlin (kein Wechsel),False
2026-08-17 18:27:55.337,bicycle_ID_1179,bicycle,Berlin (kein Wechsel),False
2026-08-17 18:27:55.835,person_ID_1231,person,Berlin (kein Wechsel),False
2026-08-17 18:27:57.036,bicycle_ID_1178,bicycle,Berlin->Potsdam,True
2026-08-17 18:28:00.567,car_ID_1316,car,Berlin->Potsdam,True
2026-08-17 18:28:03.034,bicycle_ID_1180,bicycle,Potsdam (kein Wechsel),False
2026-08-17 18:28:03.938,bicycle_ID_1181,bicycle,Potsdam (kein Wechsel),False
2026-08-17 18:28:04.436,bicycle_ID_1182,bicycle,Potsdam (kein Wechsel),False
2026-08-17 18:28:06.104,bicycle_ID_1183,bicycle,Potsdam->Berlin,True
2026-08-17 18:28:07.267,bicycle_ID_1184,bicycle,Potsdam (kein Wechsel),False
2026-08-17 18:28:07.502,person_ID_1233,person,Potsdam (kein Wechsel),False
2026-08-17 18:28:08.069,bicycle_ID_1185,bicycle,Berlin (kein Wechsel),False
2026-08-17 18:28:08.470,person_ID_1232,person,Potsdam->Berlin,True
2026-08-17 18:28:08.767,person_ID_1235,person,Potsdam (kein Wechsel),False
2026-08-17 18:28:08.897,person_ID_1234,person,Potsdam (kein Wechsel),False
2026-08-17 18:28:09.302,bicycle_ID_1186,bicycle,Potsdam->Berlin,True
2026-08-17 18:28:10.501,bicycle_ID_1187,bicycle,Berlin (kein Wechsel),False
2026-08-17 18:28:10.799,person_ID_1236,person,Berlin (kein Wechsel),False
2026-08-17 18:28:18.736,car_ID_1317,car,Berlin->Potsdam,True
2026-08-17 18:28:29.570,car_ID_1318,car,Potsdam->Berlin,True
2026-08-17 18:28:29.603,car_ID_1319,car,Potsdam->Berlin,True
2026-08-17 18:28:30.769,car_ID_1320,car,Berlin (kein Wechsel),False
2026-08-17 18:28:31.370,bus_ID_92,bus,Berlin (kein Wechsel),False
2026-08-17 18:28:32.335,car_ID_1321,car,Berlin (kein Wechsel),False
2026-08-17 18:28:34.039,person_ID_1238,person,Berlin (kein Wechsel),False
2026-08-17 18:28:36.107,person_ID_1237,person,Berlin (kein Wechsel),False
2026-08-17 18:28:40.442,bicycle_ID_1188,bicycle,Potsdam (kein Wechsel),False
2026-08-17 18:28:41.271,person_ID_1239,person,Potsdam (kein Wechsel),False
2026-08-17 18:28:42.469,bicycle_ID_1189,bicycle,Potsdam (kein Wechsel),False
2026-08-17 18:28:45.236,bicycle_ID_1190,bicycle,Berlin (kein Wechsel),False
2026-08-17 18:28:45.437,person_ID_1240,person,Potsdam->Berlin,True
2026-08-17 18:28:57.639,person_ID_1242,person,Potsdam (kein Wechsel),False
2026-08-17 18:28:57.971,bicycle_ID_1191,bicycle,Potsdam (kein Wechsel),False
2026-08-17 18:28:58.306,car_ID_1322,car,Berlin->Potsdam,True
2026-08-17 18:28:59.638,person_ID_1241,person,Potsdam (kein Wechsel),False
2026-08-17 18:29:00.139,bicycle_ID_1192,bicycle,Potsdam (kein Wechsel),False
2026-08-17 18:29:01.304,person_ID_1243,person,Potsdam (kein Wechsel),False
2026-08-17 18:29:01.470,car_ID_1323,car,Potsdam->Berlin,True
2026-08-17 18:29:03.438,person_ID_1244,person,Potsdam (kein Wechsel),False
2026-08-17 18:29:04.438,bicycle_ID_1193,bicycle,Potsdam (kein Wechsel),False
2026-08-17 18:29:05.536,person_ID_1245,person,Potsdam (kein Wechsel),False
2026-08-17 18:29:08.206,person_ID_1246,person,Berlin (kein Wechsel),False
2026-08-17 18:29:08.537,bicycle_ID_1195,bicycle,Potsdam (kein Wechsel),False
2026-08-17 18:29:08.808,bicycle_ID_1194,bicycle,Berlin (kein Wechsel),False
2026-08-17 18:29:10.669,person_ID_1247,person,Berlin (kein Wechsel),False
2026-08-17 18:29:10.806,bicycle_ID_1196,bicycle,Potsdam (kein Wechsel),False
2026-08-17 18:29:12.138,bicycle_ID_1197,bicycle,Berlin (kein Wechsel),False
2026-08-17 18:29:12.203,person_ID_1248,person,Berlin (kein Wechsel),False
2026-08-17 18:29:13.238,person_ID_1250,person,Berlin (kein Wechsel),False
2026-08-17 18:29:13.302,bicycle_ID_1198,bicycle,Berlin (kein Wechsel),False
2026-08-17 18:29:15.502,person_ID_1251,person,Berlin (kein Wechsel),False
2026-08-17 18:29:18.541,person_ID_1249,person,Berlin (kein Wechsel),False
2026-08-17 18:29:18.739,person_ID_1252,person,Berlin (kein Wechsel),False
2026-08-17 18:29:31.574,bus_ID_94,bus,Potsdam->Berlin,True
2026-08-17 18:29:33.674,bus_ID_93,bus,Potsdam->Berlin,True
2026-08-17 18:29:33.809,car_ID_1324,car,Berlin (kein Wechsel),False
2026-08-17 18:30:14.242,car_ID_1325,car,Potsdam->Berlin,True
2026-08-17 18:30:23.143,bicycle_ID_1200,bicycle,Berlin (kein Wechsel),False
2026-08-17 18:30:24.572,person_ID_1253,person,Berlin (kein Wechsel),False
2026-08-17 18:30:24.611,person_ID_1254,person,Potsdam (kein Wechsel),False
2026-08-17 18:30:25.074,bicycle_ID_1199,bicycle,Berlin->Potsdam,True
2026-08-17 18:30:39.176,bicycle_ID_1201,bicycle,Berlin->Potsdam,True
2026-08-17 18:30:39.176,person_ID_1255,person,Berlin->Potsdam,True
2026-08-17 18:30:58.212,car_ID_1326,car,Berlin (kein Wechsel),False
2026-08-17 18:31:23.345,car_ID_1327,car,Berlin->Potsdam,True
2026-08-17 18:31:24.317,bicycle_ID_1202,bicycle,Potsdam (kein Wechsel),False
2026-08-17 18:31:25.014,car_ID_1328,car,Potsdam (kein Wechsel),False
2026-08-17 18:31:25.681,person_ID_1256,person,Potsdam (kein Wechsel),False
2026-08-17 18:31:26.948,bicycle_ID_1203,bicycle,Potsdam->Berlin,True
2026-08-17 18:31:26.948,person_ID_1257,person,Berlin (kein Wechsel),False
2026-08-17 18:31:28.445,person_ID_1258,person,Berlin (kein Wechsel),False
2026-08-17 18:31:28.514,bicycle_ID_1204,bicycle,Berlin (kein Wechsel),False
2026-08-17 18:31:28.545,person_ID_1259,person,Berlin (kein Wechsel),False
2026-08-17 18:31:29.449,bicycle_ID_1205,bicycle,Berlin (kein Wechsel),False
2026-08-17 18:31:29.517,person_ID_1260,person,Berlin (kein Wechsel),False
2026-08-17 18:31:31.116,car_ID_1329,car,Potsdam->Berlin,True
2026-08-17 18:31:39.249,person_ID_1261,person,Potsdam (kein Wechsel),False
2026-08-17 18:31:46.315,bicycle_ID_1206,bicycle,Potsdam->Berlin,True
2026-08-17 18:31:46.451,person_ID_1262,person,Potsdam->Berlin,True
2026-08-17 18:31:51.849,bicycle_ID_1207,bicycle,Potsdam (kein Wechsel),False
2026-08-17 18:31:52.549,bicycle_ID_1208,bicycle,Potsdam (kein Wechsel),False
2026-08-17 18:31:52.648,person_ID_1263,person,Potsdam (kein Wechsel),False
2026-08-17 18:31:53.184,person_ID_1264,person,Potsdam (kein Wechsel),False
2026-08-17 18:31:54.518,bicycle_ID_1209,bicycle,Potsdam (kein Wechsel),False
2026-08-17 18:31:56.681,person_ID_1265,person,Berlin (kein Wechsel),False
2026-08-17 18:31:57.882,bicycle_ID_1211,bicycle,Berlin (kein Wechsel),False
2026-08-17 18:31:58.683,bicycle_ID_1210,bicycle,Berlin (kein Wechsel),False
2026-08-17 18:31:58.683,bicycle_ID_1212,bicycle,Potsdam (kein Wechsel),False
2026-08-17 18:31:59.283,person_ID_1266,person,Berlin (kein Wechsel),False
2026-08-17 18:32:02.518,bicycle_ID_1213,bicycle,Berlin (kein Wechsel),False
2026-08-17 18:32:03.881,car_ID_1330,car,Potsdam->Berlin,True
2026-08-17 18:32:04.282,bicycle_ID_1214,bicycle,Berlin (kein Wechsel),False
2026-08-17 18:32:05.250,person_ID_1267,person,Berlin (kein Wechsel),False
2026-08-17 18:32:09.820,car_ID_1332,car,Potsdam (kein Wechsel),False
2026-08-17 18:32:13.751,car_ID_1331,car,Potsdam->Berlin,True
2026-08-17 18:32:33.084,car_ID_1334,car,Berlin (kein Wechsel),False
2026-08-17 18:32:33.584,car_ID_1333,car,Berlin->Potsdam,True
2026-08-17 18:32:34.448,car_ID_1335,car,Potsdam (kein Wechsel),False
2026-08-17 18:32:46.449,person_ID_1268,person,Potsdam (kein Wechsel),False
2026-08-17 18:32:50.050,person_ID_1269,person,Potsdam->Berlin,True
2026-08-17 18:33:36.920,car_ID_1336,car,Potsdam->Berlin,True
2026-08-17 18:33:44.323,person_ID_1270,person,Potsdam->Berlin,True
2026-08-17 18:33:45.619,person_ID_1271,person,Berlin (kein Wechsel),False
2026-08-17 18:33:49.685,person_ID_1272,person,Berlin (kein Wechsel),False
2026-08-17 18:34:17.058,car_ID_1337,car,Potsdam->Berlin,True
2026-08-17 18:34:25.391,bicycle_ID_1215,bicycle,Potsdam (kein Wechsel),False
2026-08-17 18:34:25.823,person_ID_1273,person,Potsdam (kein Wechsel),False
2026-08-17 18:34:26.458,bicycle_ID_1216,bicycle,Potsdam (kein Wechsel),False
2026-08-17 18:34:30.060,bicycle_ID_1217,bicycle,Berlin (kein Wechsel),False
2026-08-17 18:34:30.760,person_ID_1274,person,Potsdam->Berlin,True
2026-08-17 18:34:35.289,car_ID_1338,car,Potsdam->Berlin,True
2026-08-17 18:34:47.061,car_ID_1339,car,Potsdam->Berlin,True
2026-08-17 18:35:00.696,car_ID_1340,car,Berlin->Potsdam,True
2026-08-17 18:35:21.594,bicycle_ID_1218,bicycle,Potsdam (kein Wechsel),False
2026-08-17 18:35:27.393,bicycle_ID_1219,bicycle,Berlin (kein Wechsel),False
2026-08-17 18:35:28.792,person_ID_1275,person,Potsdam->Berlin,True
2026-08-17 18:35:43.928,car_ID_1341,car,Berlin->Potsdam,True
2026-08-17 18:35:48.360,car_ID_1342,car,Potsdam->Berlin,True
2026-08-17 18:36:06.362,person_ID_1276,person,Potsdam (kein Wechsel),False
2026-08-17 18:36:06.362,person_ID_1277,person,Potsdam (kein Wechsel),False
2026-08-17 18:36:09.399,person_ID_1278,person,Berlin (kein Wechsel),False
2026-08-17 18:36:14.137,car_ID_1343,car,Berlin->Potsdam,True
2026-08-17 18:36:23.532,car_ID_1345,car,Potsdam (kein Wechsel),False
2026-08-17 18:36:23.797,car_ID_1344,car,Berlin->Potsdam,True
2026-08-17 18:36:25.465,car_ID_1346,car,Potsdam (kein Wechsel),False
2026-08-17 18:36:45.631,car_ID_1347,car,Berlin->Potsdam,True
2026-08-17 18:36:49.937,car_ID_1348,car,Berlin->Potsdam,True
2026-08-17 18:36:53.163,person_ID_1279,person,Berlin (kein Wechsel),False
2026-08-17 18:36:53.433,person_ID_1280,person,Berlin (kein Wechsel),False
2026-08-17 18:36:53.932,bicycle_ID_1220,bicycle,Berlin (kein Wechsel),False
2026-08-17 18:36:54.163,person_ID_1281,person,Berlin (kein Wechsel),False
2026-08-17 18:37:00.170,person_ID_1283,person,Berlin (kein Wechsel),False
2026-08-17 18:37:00.632,bicycle_ID_1222,bicycle,Berlin (kein Wechsel),False
2026-08-17 18:37:01.168,bicycle_ID_1221,bicycle,Berlin->Potsdam,True
2026-08-17 18:37:01.333,person_ID_1284,person,Berlin (kein Wechsel),False
2026-08-17 18:37:01.365,person_ID_1282,person,Berlin->Potsdam,True
2026-08-17 18:37:01.533,bicycle_ID_1223,bicycle,Berlin (kein Wechsel),False
2026-08-17 18:37:04.632,bicycle_ID_1224,bicycle,Berlin (kein Wechsel),False
2026-08-17 18:37:04.906,bicycle_ID_1225,bicycle,Berlin (kein Wechsel),False
2026-08-17 18:37:04.969,person_ID_1285,person,Berlin->Potsdam,True
2026-08-17 18:37:13.336,car_ID_1349,car,Berlin (kein Wechsel),False
2026-08-17 18:37:13.403,car_ID_1350,car,Berlin->Potsdam,True
2026-08-17 18:37:15.034,car_ID_1351,car,Potsdam (kein Wechsel),False
2026-08-17 18:37:21.703,bicycle_ID_1226,bicycle,Potsdam (kein Wechsel),False
2026-08-17 18:37:22.667,person_ID_1286,person,Potsdam (kein Wechsel),False
2026-08-17 18:37:24.370,bicycle_ID_1227,bicycle,Potsdam (kein Wechsel),False
2026-08-17 18:37:24.370,person_ID_1287,person,Potsdam (kein Wechsel),False
2026-08-17 18:37:25.736,person_ID_1288,person,Berlin (kein Wechsel),False
2026-08-17 18:37:27.834,bicycle_ID_1228,bicycle,Berlin (kein Wechsel),False
2026-08-17 18:37:28.336,person_ID_1289,person,Berlin (kein Wechsel),False
2026-08-17 18:37:29.171,car_ID_1353,car,Berlin (kein Wechsel),False
2026-08-17 18:37:30.070,car_ID_1352,car,Berlin->Potsdam,True
2026-08-17 18:37:46.769,car_ID_1354,car,Berlin->Potsdam,True
2026-08-17 18:37:51.205,car_ID_1356,car,Berlin (kein Wechsel),False
2026-08-17 18:37:52.405,bus_ID_95,bus,Berlin (kein Wechsel),False
2026-08-17 18:37:52.469,car_ID_1355,car,Potsdam->Berlin,True
2026-08-17 18:38:13.908,person_ID_1290,person,Potsdam (kein Wechsel),False
2026-08-17 18:38:15.304,person_ID_1291,person,Potsdam (kein Wechsel),False
2026-08-17 18:38:17.374,person_ID_1292,person,Berlin (kein Wechsel),False
2026-08-17 18:39:00.539,person_ID_1293,person,Potsdam (kein Wechsel),False
2026-08-17 18:39:01.076,person_ID_1294,person,Potsdam (kein Wechsel),False
2026-08-17 18:39:03.141,bicycle_ID_1229,bicycle,Berlin (kein Wechsel),False
2026-08-17 18:39:03.581,person_ID_1295,person,Berlin (kein Wechsel),False
2026-08-17 18:39:25.507,person_ID_1296,person,Berlin (kein Wechsel),False
2026-08-17 18:39:26.511,bicycle_ID_1230,bicycle,Berlin->Potsdam,True
2026-08-17 18:39:32.676,car_ID_1358,car,Berlin (kein Wechsel),False
2026-08-17 18:39:34.309,car_ID_1357,car,Potsdam->Berlin,True
2026-08-17 18:39:35.446,bus_ID_96,bus,Berlin->Potsdam,True
2026-08-17 18:39:35.647,car_ID_1359,car,Berlin (kein Wechsel),False
2026-08-17 18:39:35.811,bus_ID_97,bus,Potsdam (kein Wechsel),False
2026-08-17 18:39:37.778,car_ID_1360,car,Potsdam (kein Wechsel),False
2026-08-17 18:40:24.849,car_ID_1361,car,Potsdam (kein Wechsel),False
2026-08-17 18:40:27.913,car_ID_1362,car,Potsdam->Berlin,True
2026-08-17 18:40:28.549,bicycle_ID_1231,bicycle,Potsdam (kein Wechsel),False
2026-08-17 18:40:32.047,bicycle_ID_1232,bicycle,Potsdam->Berlin,True
2026-08-17 18:40:32.149,person_ID_1297,person,Potsdam->Berlin,True
2026-08-17 18:40:32.411,bicycle_ID_1233,bicycle,Berlin (kein Wechsel),False
2026-08-17 18:40:33.619,bicycle_ID_1236,bicycle,Berlin (kein Wechsel),False
2026-08-17 18:40:33.650,bicycle_ID_1235,bicycle,Berlin (kein Wechsel),False
2026-08-17 18:40:34.214,person_ID_1300,person,Berlin (kein Wechsel),False
2026-08-17 18:40:34.482,person_ID_1298,person,Berlin (kein Wechsel),False
2026-08-17 18:40:34.482,person_ID_1301,person,Berlin (kein Wechsel),False
2026-08-17 18:40:34.682,bicycle_ID_1234,bicycle,Berlin->Potsdam,True
2026-08-17 18:40:35.187,person_ID_1299,person,Berlin->Potsdam,True
2026-08-17 18:40:38.351,bicycle_ID_1238,bicycle,Berlin (kein Wechsel),False
2026-08-17 18:40:38.448,bicycle_ID_1237,bicycle,Berlin (kein Wechsel),False
2026-08-17 18:40:38.881,person_ID_1302,person,Berlin (kein Wechsel),False
2026-08-17 18:40:41.683,car_ID_1363,car,Berlin->Potsdam,True
2026-08-17 18:40:45.649,person_ID_1303,person,Berlin (kein Wechsel),False
2026-08-17 18:41:36.918,car_ID_1364,car,Berlin->Potsdam,True
2026-08-17 18:41:46.255,person_ID_1304,person,Potsdam (kein Wechsel),False
2026-08-17 18:41:46.953,person_ID_1305,person,Berlin (kein Wechsel),False
2026-08-17 18:41:47.419,person_ID_1306,person,Berlin (kein Wechsel),False
2026-08-17 18:41:47.620,person_ID_1307,person,Berlin (kein Wechsel),False
2026-08-17 18:41:47.991,person_ID_1308,person,Berlin (kein Wechsel),False
2026-08-17 18:42:07.191,car_ID_1365,car,Potsdam->Berlin,True
2026-08-17 18:42:19.252,car_ID_1366,car,Potsdam->Berlin,True
2026-08-17 18:42:30.386,car_ID_1367,car,Potsdam->Berlin,True
2026-08-17 18:42:32.188,car_ID_1368,car,Berlin->Potsdam,True
2026-08-17 18:42:46.154,bicycle_ID_1239,bicycle,Berlin (kein Wechsel),False
2026-08-17 18:42:47.291,bicycle_ID_1240,bicycle,Berlin->Potsdam,True
2026-08-17 18:42:47.820,person_ID_1309,person,Berlin->Potsdam,True
2026-08-17 18:42:53.290,car_ID_1369,car,Potsdam->Berlin,True
2026-08-17 18:43:09.221,bicycle_ID_1241,bicycle,Potsdam (kein Wechsel),False
2026-08-17 18:43:11.025,bicycle_ID_1242,bicycle,Potsdam (kein Wechsel),False
2026-08-17 18:43:13.857,person_ID_1310,person,Berlin (kein Wechsel),False
2026-08-17 18:43:27.459,car_ID_1370,car,Potsdam->Berlin,True
2026-08-17 18:43:29.694,person_ID_1312,person,Potsdam (kein Wechsel),False
2026-08-17 18:43:30.393,person_ID_1313,person,Potsdam (kein Wechsel),False
2026-08-17 18:43:31.493,bicycle_ID_1243,bicycle,Potsdam (kein Wechsel),False
2026-08-17 18:43:32.260,person_ID_1314,person,Berlin (kein Wechsel),False
2026-08-17 18:43:33.694,bicycle_ID_1244,bicycle,Berlin (kein Wechsel),False
2026-08-17 18:43:34.686,person_ID_1315,person,Berlin (kein Wechsel),False
2026-08-17 18:43:49.489,person_ID_1311,person,Potsdam->Berlin,True
2026-08-17 18:44:11.495,bicycle_ID_1246,bicycle,Berlin (kein Wechsel),False
2026-08-17 18:44:12.761,bicycle_ID_1245,bicycle,Berlin (kein Wechsel),False
2026-08-17 18:44:13.393,person_ID_1316,person,Berlin->Potsdam,True
2026-08-17 18:44:21.161,car_ID_1371,car,Potsdam->Berlin,True
2026-08-17 18:44:26.528,bus_ID_98,bus,Berlin (kein Wechsel),False
2026-08-17 18:44:26.599,bus_ID_99,bus,Berlin (kein Wechsel),False
2026-08-17 18:44:26.727,car_ID_1373,car,Berlin (kein Wechsel),False
2026-08-17 18:44:26.762,car_ID_1372,car,Berlin (kein Wechsel),False
2026-08-17 18:44:49.028,bus_ID_100,bus,Potsdam->Berlin,True
2026-08-17 18:45:07.896,person_ID_1317,person,Potsdam (kein Wechsel),False
2026-08-17 18:45:10.428,person_ID_1319,person,Potsdam (kein Wechsel),False
2026-08-17 18:45:10.597,person_ID_1318,person,Potsdam (kein Wechsel),False
2026-08-17 18:45:11.796,person_ID_1320,person,Potsdam (kein Wechsel),False
2026-08-17 18:45:12.098,person_ID_1321,person,Berlin (kein Wechsel),False
2026-08-17 18:45:13.298,person_ID_1322,person,Berlin (kein Wechsel),False
2026-08-17 18:45:13.664,person_ID_1323,person,Berlin (kein Wechsel),False
2026-08-17 18:45:17.169,person_ID_1324,person,Potsdam (kein Wechsel),False
2026-08-17 18:45:18.165,car_ID_1374,car,Berlin->Potsdam,True
2026-08-17 18:45:19.342,person_ID_1325,person,Potsdam (kein Wechsel),False
2026-08-17 18:45:22.597,person_ID_1326,person,Potsdam (kein Wechsel),False
2026-08-17 18:45:25.367,person_ID_1327,person,Potsdam (kein Wechsel),False
2026-08-17 18:45:37.597,person_ID_1328,person,Berlin (kein Wechsel),False
2026-08-17 18:45:41.798,person_ID_1329,person,Berlin (kein Wechsel),False
2026-08-17 18:45:45.369,car_ID_1375,car,Berlin->Potsdam,True
2026-08-17 18:45:51.601,person_ID_1330,person,Berlin (kein Wechsel),False
2026-08-17 18:45:58.931,car_ID_1377,car,Berlin (kein Wechsel),False
2026-08-17 18:45:59.300,car_ID_1376,car,Berlin->Potsdam,True
2026-08-17 18:46:16.300,person_ID_1331,person,Potsdam (kein Wechsel),False
2026-08-17 18:46:17.169,person_ID_1332,person,Berlin (kein Wechsel),False
2026-08-17 18:46:17.732,person_ID_1333,person,Berlin (kein Wechsel),False
2026-08-17 18:46:18.634,bicycle_ID_1247,bicycle,Berlin (kein Wechsel),False
2026-08-17 18:46:20.469,car_ID_1378,car,Potsdam (kein Wechsel),False
2026-08-17 18:46:22.500,car_ID_1379,car,Potsdam->Berlin,True
2026-08-17 18:46:42.771,car_ID_1380,car,Potsdam (kein Wechsel),False
2026-08-17 18:46:45.801,car_ID_1381,car,Potsdam->Berlin,True
2026-08-17 18:47:20.038,car_ID_1382,car,Potsdam->Berlin,True
2026-08-17 18:47:45.439,bicycle_ID_1248,bicycle,Berlin (kein Wechsel),False
2026-08-17 18:47:46.373,bicycle_ID_1250,bicycle,Berlin (kein Wechsel),False
2026-08-17 18:47:46.544,bicycle_ID_1249,bicycle,Berlin (kein Wechsel),False
2026-08-17 18:47:46.642,person_ID_1334,person,Berlin->Potsdam,True
2026-08-17 18:48:14.903,bicycle_ID_1253,bicycle,Berlin (kein Wechsel),False
2026-08-17 18:48:15.075,bicycle_ID_1251,bicycle,Berlin (kein Wechsel),False
2026-08-17 18:48:15.909,bicycle_ID_1252,bicycle,Berlin->Potsdam,True
2026-08-17 18:48:16.075,person_ID_1335,person,Berlin->Potsdam,True
2026-08-17 18:49:13.913,person_ID_1336,person,Berlin (kein Wechsel),False
2026-08-17 18:49:14.011,person_ID_1337,person,Berlin (kein Wechsel),False
2026-08-17 18:49:14.611,person_ID_1338,person,Berlin (kein Wechsel),False
2026-08-17 18:49:15.152,person_ID_1340,person,Berlin (kein Wechsel),False
2026-08-17 18:49:15.511,person_ID_1339,person,Berlin (kein Wechsel),False
2026-08-17 18:49:15.575,bicycle_ID_1254,bicycle,Berlin->Potsdam,True
2026-08-17 18:49:22.713,bicycle_ID_1256,bicycle,Berlin (kein Wechsel),False
2026-08-17 18:49:23.214,bicycle_ID_1257,bicycle,Berlin (kein Wechsel),False
2026-08-17 18:49:24.044,bicycle_ID_1255,bicycle,Berlin->Potsdam,True
2026-08-17 18:49:24.512,person_ID_1341,person,Berlin->Potsdam,True
2026-08-17 18:49:24.546,bicycle_ID_1258,bicycle,Potsdam (kein Wechsel),False
2026-08-17 18:49:24.546,person_ID_1342,person,Berlin->Potsdam,True
2026-08-17 18:49:57.446,car_ID_1383,car,Berlin->Potsdam,True
2026-08-17 18:50:24.452,car_ID_1384,car,Berlin->Potsdam,True
2026-08-17 18:50:27.249,car_ID_1385,car,Potsdam->Berlin,True
2026-08-17 18:50:44.018,car_ID_1386,car,Potsdam->Berlin,True
2026-08-17 18:51:05.787,car_ID_1387,car,Berlin (kein Wechsel),False
2026-08-17 18:51:16.086,car_ID_1388,car,Potsdam->Berlin,True
2026-08-17 18:51:33.620,car_ID_1389,car,Berlin->Potsdam,True
2026-08-17 18:51:41.485,car_ID_1390,car,Potsdam->Berlin,True
2026-08-17 18:51:51.087,car_ID_1391,car,Potsdam->Berlin,True
2026-08-17 18:51:59.020,car_ID_1392,car,Potsdam->Berlin,True
2026-08-17 18:52:28.956,car_ID_1393,car,Potsdam->Berlin,True
2026-08-17 18:52:31.762,car_ID_1394,car,Potsdam->Berlin,True
2026-08-17 18:52:47.958,person_ID_1343,person,Potsdam (kein Wechsel),False
2026-08-17 18:52:49.230,person_ID_1344,person,Potsdam (kein Wechsel),False
2026-08-17 18:52:51.159,person_ID_1345,person,Berlin (kein Wechsel),False
2026-08-17 18:52:51.558,person_ID_1346,person,Berlin (kein Wechsel),False
2026-08-17 18:53:05.854,car_ID_1396,car,Berlin->Potsdam,True
2026-08-17 18:53:07.331,car_ID_1395,car,Potsdam->Berlin,True
2026-08-17 18:53:09.923,car_ID_1397,car,Potsdam->Berlin,True
2026-08-17 18:54:31.632,car_ID_1398,car,Potsdam->Berlin,True
2026-08-17 18:54:38.364,car_ID_1399,car,Potsdam->Berlin,True
2026-08-17 18:54:45.964,car_ID_1400,car,Berlin->Potsdam,True
2026-08-17 18:54:47.963,person_ID_1347,person,Potsdam (kein Wechsel),False
2026-08-17 18:54:52.435,person_ID_1348,person,Potsdam->Berlin,True
2026-08-17 18:54:56.563,car_ID_1401,car,Berlin->Potsdam,True
2026-08-17 18:54:58.433,person_ID_1349,person,Potsdam (kein Wechsel),False
2026-08-17 18:54:59.903,bicycle_ID_1259,bicycle,Potsdam (kein Wechsel),False
2026-08-17 18:55:03.097,bicycle_ID_1260,bicycle,Berlin (kein Wechsel),False
2026-08-17 18:55:03.865,person_ID_1350,person,Potsdam->Berlin,True
2026-08-17 18:55:09.165,car_ID_1402,car,Potsdam->Berlin,True
2026-08-17 18:55:09.700,bus_ID_101,bus,Berlin (kein Wechsel),False
2026-08-17 18:55:09.896,car_ID_1403,car,Potsdam->Berlin,True
2026-08-17 18:55:39.504,car_ID_1404,car,Potsdam->Berlin,True
2026-08-17 18:56:25.639,car_ID_1405,car,Potsdam->Berlin,True
2026-08-17 18:56:36.937,car_ID_1406,car,Potsdam->Berlin,True
2026-08-17 18:56:46.407,person_ID_1351,person,Potsdam (kein Wechsel),False
2026-08-17 18:56:47.568,person_ID_1352,person,Potsdam (kein Wechsel),False
2026-08-17 18:56:48.338,person_ID_1353,person,Berlin (kein Wechsel),False
2026-08-17 18:56:48.805,person_ID_1354,person,Berlin (kein Wechsel),False
2026-08-17 18:56:49.839,person_ID_1355,person,Berlin (kein Wechsel),False
2026-08-17 18:57:01.174,person_ID_1356,person,Potsdam (kein Wechsel),False
2026-08-17 18:57:05.108,person_ID_1357,person,Berlin (kein Wechsel),False
2026-08-17 18:57:10.911,car_ID_1407,car,Berlin->Potsdam,True
2026-08-17 18:57:13.938,car_ID_1408,car,Potsdam->Berlin,True
2026-08-17 18:57:24.845,person_ID_1359,person,Berlin (kein Wechsel),False
2026-08-17 18:57:25.140,car_ID_1409,car,Potsdam->Berlin,True
2026-08-17 18:57:25.909,person_ID_1360,person,Berlin (kein Wechsel),False
2026-08-17 18:57:27.580,person_ID_1361,person,Berlin (kein Wechsel),False
2026-08-17 18:57:29.675,person_ID_1362,person,Potsdam (kein Wechsel),False
2026-08-17 18:57:29.675,person_ID_1363,person,Potsdam (kein Wechsel),False
2026-08-17 18:57:30.476,person_ID_1364,person,Potsdam (kein Wechsel),False
2026-08-17 18:57:32.177,person_ID_1365,person,Potsdam (kein Wechsel),False
2026-08-17 18:57:32.643,person_ID_1366,person,Potsdam (kein Wechsel),False
2026-08-17 18:57:45.976,person_ID_1367,person,Potsdam (kein Wechsel),False
2026-08-17 18:57:50.380,car_ID_1411,car,Berlin->Potsdam,True
2026-08-17 18:57:51.010,car_ID_1410,car,Potsdam->Berlin,True
2026-08-17 18:57:57.110,person_ID_1358,person,Berlin->Potsdam,True
2026-08-17 18:57:59.810,car_ID_1412,car,Berlin->Potsdam,True
2026-08-17 18:58:07.741,car_ID_1413,car,Berlin->Potsdam,True
2026-08-17 18:58:13.110,car_ID_1414,car,Berlin->Potsdam,True
2026-08-17 18:58:14.880,car_ID_1415,car,Potsdam (kein Wechsel),False
2026-08-17 18:58:33.079,car_ID_1416,car,Berlin->Potsdam,True
2026-08-17 18:58:39.912,car_ID_1417,car,Potsdam->Berlin,True
2026-08-17 18:58:50.979,person_ID_1368,person,Potsdam (kein Wechsel),False
2026-08-17 18:58:55.214,person_ID_1369,person,Potsdam->Berlin,True
2026-08-17 18:58:55.982,person_ID_1371,person,Berlin (kein Wechsel),False
2026-08-17 18:58:56.611,person_ID_1370,person,Berlin (kein Wechsel),False
2026-08-17 18:59:09.616,person_ID_1372,person,Berlin->Potsdam,True
2026-08-17 18:59:10.113,bicycle_ID_1261,bicycle,Berlin->Potsdam,True
2026-08-17 18:59:19.349,car_ID_1418,car,Berlin->Potsdam,True
2026-08-17 18:59:31.348,car_ID_1419,car,Berlin (kein Wechsel),False
2026-08-17 18:59:38.282,car_ID_1420,car,Berlin->Potsdam,True
2026-08-17 19:00:06.785,bicycle_ID_1262,bicycle,Potsdam (kein Wechsel),False
2026-08-17 19:00:09.615,person_ID_1373,person,Berlin (kein Wechsel),False
2026-08-17 19:00:09.651,person_ID_1374,person,Potsdam (kein Wechsel),False
2026-08-17 19:00:10.652,person_ID_1375,person,Potsdam (kein Wechsel),False
2026-08-17 19:00:12.420,car_ID_1421,car,Potsdam->Berlin,True
2026-08-17 19:00:12.952,person_ID_1376,person,Potsdam->Berlin,True
2026-08-17 19:00:13.952,person_ID_1377,person,Berlin (kein Wechsel),False
2026-08-17 19:00:18.684,person_ID_1378,person,Potsdam (kein Wechsel),False
2026-08-17 19:00:20.217,person_ID_1379,person,Berlin (kein Wechsel),False
2026-08-17 19:00:21.384,person_ID_1380,person,Berlin (kein Wechsel),False
2026-08-17 19:01:17.921,car_ID_1422,car,Potsdam (kein Wechsel),False
2026-08-17 19:01:20.322,car_ID_1423,car,Potsdam->Berlin,True
2026-08-17 19:01:29.023,person_ID_1382,person,Potsdam (kein Wechsel),False
2026-08-17 19:01:29.090,person_ID_1381,person,Berlin->Potsdam,True
2026-08-17 19:01:30.955,person_ID_1383,person,Potsdam (kein Wechsel),False
2026-08-17 19:01:31.458,person_ID_1384,person,Potsdam (kein Wechsel),False
2026-08-17 19:01:40.524,car_ID_1424,car,Berlin->Potsdam,True
2026-08-17 19:02:11.260,car_ID_1425,car,Berlin (kein Wechsel),False
2026-08-17 19:02:11.996,bus_ID_102,bus,Berlin (kein Wechsel),False
2026-08-17 19:02:13.857,person_ID_1385,person,Potsdam (kein Wechsel),False
2026-08-17 19:02:14.161,bus_ID_104,bus,Potsdam (kein Wechsel),False
2026-08-17 19:02:14.356,bus_ID_103,bus,Berlin->Potsdam,True
2026-08-17 19:02:16.428,car_ID_1426,car,Potsdam (kein Wechsel),False
2026-08-17 19:02:18.734,person_ID_1386,person,Potsdam->Berlin,True
2026-08-17 19:02:21.894,car_ID_1427,car,Berlin->Potsdam,True
2026-08-17 19:02:22.893,person_ID_1387,person,Potsdam (kein Wechsel),False
2026-08-17 19:02:25.426,person_ID_1388,person,Berlin (kein Wechsel),False
2026-08-17 19:02:27.658,person_ID_1389,person,Berlin (kein Wechsel),False
2026-08-17 19:02:28.827,car_ID_1428,car,Potsdam->Berlin,True
2026-08-17 19:02:44.763,car_ID_1429,car,Potsdam->Berlin,True
2026-08-17 19:02:47.560,car_ID_1430,car,Potsdam->Berlin,True
2026-08-17 19:02:48.167,car_ID_1431,car,Berlin->Potsdam,True
2026-08-17 19:02:59.060,person_ID_1390,person,Berlin (kein Wechsel),False
2026-08-17 19:02:59.863,person_ID_1391,person,Berlin (kein Wechsel),False
2026-08-17 19:03:01.295,person_ID_1392,person,Berlin (kein Wechsel),False
2026-08-17 19:03:01.694,bicycle_ID_1264,bicycle,Berlin (kein Wechsel),False
2026-08-17 19:03:02.263,person_ID_1393,person,Berlin (kein Wechsel),False
2026-08-17 19:03:03.995,bicycle_ID_1263,bicycle,Berlin->Potsdam,True
2026-08-17 19:03:19.727,person_ID_1394,person,Berlin (kein Wechsel),False
2026-08-17 19:03:43.695,car_ID_1432,car,Potsdam->Berlin,True
2026-08-17 19:03:53.299,car_ID_1434,car,Potsdam (kein Wechsel),False
2026-08-17 19:03:54.435,car_ID_1435,car,Berlin (kein Wechsel),False
2026-08-17 19:03:54.531,bus_ID_105,bus,Berlin (kein Wechsel),False
2026-08-17 19:03:54.635,car_ID_1433,car,Potsdam->Berlin,True
2026-08-17 19:04:27.432,car_ID_1436,car,Potsdam->Berlin,True
2026-08-17 19:04:34.868,car_ID_1437,car,Potsdam->Berlin,True
2026-08-17 19:04:51.336,car_ID_1438,car,Berlin->Potsdam,True
2026-08-17 19:05:11.271,car_ID_1439,car,Berlin->Potsdam,True
2026-08-17 19:05:25.868,person_ID_1395,person,Potsdam->Berlin,True
2026-08-17 19:05:33.433,person_ID_1396,person,Berlin (kein Wechsel),False
2026-08-17 19:05:34.638,person_ID_1397,person,Berlin (kein Wechsel),False
2026-08-17 19:05:36.303,person_ID_1398,person,Berlin (kein Wechsel),False
2026-08-17 19:06:21.140,car_ID_1440,car,Berlin->Potsdam,True
2026-08-17 19:06:22.176,car_ID_1441,car,Potsdam (kein Wechsel),False
2026-08-17 19:06:41.207,bicycle_ID_1265,bicycle,Berlin (kein Wechsel),False
2026-08-17 19:06:41.809,person_ID_1399,person,Berlin (kein Wechsel),False
2026-08-17 19:07:01.744,bicycle_ID_1266,bicycle,Potsdam (kein Wechsel),False
2026-08-17 19:07:02.842,person_ID_1400,person,Potsdam (kein Wechsel),False
2026-08-17 19:07:04.212,bicycle_ID_1267,bicycle,Potsdam (kein Wechsel),False
2026-08-17 19:07:07.712,bicycle_ID_1268,bicycle,Berlin (kein Wechsel),False
2026-08-17 19:07:07.912,person_ID_1402,person,Potsdam->Berlin,True
2026-08-17 19:07:12.606,person_ID_1401,person,Potsdam (kein Wechsel),False
2026-08-17 19:07:18.778,person_ID_1403,person,Potsdam (kein Wechsel),False
2026-08-17 19:07:25.913,bicycle_ID_1269,bicycle,Potsdam (kein Wechsel),False
2026-08-17 19:07:32.879,person_ID_1405,person,Potsdam->Berlin,True
2026-08-17 19:07:37.213,car_ID_1442,car,Potsdam->Berlin,True
2026-08-17 19:07:40.814,car_ID_1443,car,Potsdam->Berlin,True
2026-08-17 19:07:41.514,person_ID_1404,person,Potsdam->Berlin,True
2026-08-17 19:07:41.745,person_ID_1406,person,Potsdam (kein Wechsel),False
2026-08-17 19:07:43.180,person_ID_1408,person,Berlin (kein Wechsel),False
2026-08-17 19:07:44.080,car_ID_1444,car,Potsdam->Berlin,True
2026-08-17 19:07:44.746,car_ID_1445,car,Potsdam (kein Wechsel),False
2026-08-17 19:07:45.214,person_ID_1409,person,Berlin (kein Wechsel),False
2026-08-17 19:07:46.546,person_ID_1407,person,Potsdam->Berlin,True
2026-08-17 19:07:47.746,car_ID_1446,car,Potsdam->Berlin,True
2026-08-17 19:08:00.415,person_ID_1410,person,Berlin (kein Wechsel),False
2026-08-17 19:08:00.650,bicycle_ID_1270,bicycle,Berlin (kein Wechsel),False
2026-08-17 19:09:22.457,bicycle_ID_1272,bicycle,Berlin (kein Wechsel),False
2026-08-17 19:09:22.455,car_ID_1447,car,Potsdam (kein Wechsel),False
2026-08-17 19:09:23.519,bicycle_ID_1273,bicycle,Berlin (kein Wechsel),False
2026-08-17 19:09:23.889,bicycle_ID_1271,bicycle,Berlin->Potsdam,True
2026-08-17 19:09:24.387,person_ID_1411,person,Berlin->Potsdam,True
2026-08-17 19:09:26.954,car_ID_1449,car,Potsdam->Berlin,True
2026-08-17 19:09:27.556,car_ID_1452,car,Potsdam (kein Wechsel),False
2026-08-17 19:09:27.555,bus_ID_106,bus,Berlin (kein Wechsel),False
2026-08-17 19:09:27.756,car_ID_1450,car,Berlin (kein Wechsel),False
2026-08-17 19:09:28.618,car_ID_1453,car,Potsdam (kein Wechsel),False
2026-08-17 19:09:29.821,car_ID_1454,car,Potsdam (kein Wechsel),False
2026-08-17 19:09:29.821,person_ID_1412,person,Berlin (kein Wechsel),False
2026-08-17 19:09:30.519,car_ID_1451,car,Potsdam->Berlin,True
2026-08-17 19:09:30.952,person_ID_1413,person,Berlin (kein Wechsel),False
2026-08-17 19:09:35.320,car_ID_1448,car,Potsdam (kein Wechsel),False
2026-08-17 19:09:39.250,car_ID_1455,car,Berlin->Potsdam,True
2026-08-17 19:09:45.687,person_ID_1415,person,Potsdam (kein Wechsel),False
2026-08-17 19:09:47.056,car_ID_1456,car,Potsdam (kein Wechsel),False
2026-08-17 19:09:47.988,person_ID_1416,person,Potsdam (kein Wechsel),False
2026-08-17 19:09:51.390,person_ID_1417,person,Potsdam (kein Wechsel),False
2026-08-17 19:09:53.055,car_ID_1457,car,Potsdam (kein Wechsel),False
2026-08-17 19:09:53.418,person_ID_1419,person,Potsdam (kein Wechsel),False
2026-08-17 19:09:54.420,car_ID_1458,car,Potsdam (kein Wechsel),False
2026-08-17 19:09:54.724,person_ID_1418,person,Potsdam (kein Wechsel),False
2026-08-17 19:09:54.789,person_ID_1414,person,Berlin->Potsdam,True
2026-08-17 19:09:55.988,car_ID_1459,car,Potsdam (kein Wechsel),False
2026-08-17 19:09:59.422,car_ID_1460,car,Potsdam (kein Wechsel),False
2026-08-17 19:10:03.522,car_ID_1461,car,Potsdam (kein Wechsel),False
2026-08-17 19:10:03.522,car_ID_1462,car,Potsdam (kein Wechsel),False
2026-08-17 19:10:04.289,person_ID_1420,person,Potsdam (kein Wechsel),False
2026-08-17 19:10:08.994,person_ID_1421,person,Potsdam (kein Wechsel),False
2026-08-17 19:10:09.354,car_ID_1464,car,Potsdam (kein Wechsel),False
2026-08-17 19:10:11.351,car_ID_1463,car,Potsdam->Berlin,True
2026-08-17 19:10:11.790,person_ID_1422,person,Potsdam (kein Wechsel),False
2026-08-17 19:10:14.290,person_ID_1423,person,Potsdam (kein Wechsel),False
2026-08-17 19:10:26.722,bus_ID_107,bus,Potsdam->Berlin,True
2026-08-17 19:10:27.422,car_ID_1465,car,Berlin (kein Wechsel),False
2026-08-17 19:10:42.389,person_ID_1424,person,Berlin (kein Wechsel),False
2026-08-17 19:10:57.191,person_ID_1425,person,Potsdam->Berlin,True
2026-08-17 19:11:00.161,person_ID_1426,person,Berlin (kein Wechsel),False
2026-08-17 19:11:01.090,car_ID_1467,car,Berlin (kein Wechsel),False
2026-08-17 19:11:01.262,person_ID_1427,person,Potsdam (kein Wechsel),False
2026-08-17 19:11:01.327,person_ID_1428,person,Potsdam (kein Wechsel),False
2026-08-17 19:11:01.658,car_ID_1466,car,Potsdam->Berlin,True
2026-08-17 19:11:02.061,bicycle_ID_1274,bicycle,Potsdam (kein Wechsel),False
2026-08-17 19:11:05.254,person_ID_1429,person,Potsdam->Berlin,True
2026-08-17 19:11:14.522,car_ID_1468,car,Potsdam->Berlin,True
2026-08-17 19:11:16.860,bicycle_ID_1275,bicycle,Berlin (kein Wechsel),False
2026-08-17 19:11:17.058,bicycle_ID_1276,bicycle,Berlin (kein Wechsel),False
2026-08-17 19:11:17.421,person_ID_1430,person,Berlin (kein Wechsel),False
2026-08-17 19:11:17.538,bicycle_ID_1277,bicycle,Berlin (kein Wechsel),False
2026-08-17 19:11:22.055,bicycle_ID_1278,bicycle,Potsdam (kein Wechsel),False
2026-08-17 19:11:24.260,bicycle_ID_1279,bicycle,Potsdam (kein Wechsel),False
2026-08-17 19:11:24.755,person_ID_1431,person,Potsdam (kein Wechsel),False
2026-08-17 19:11:26.454,bicycle_ID_1280,bicycle,Potsdam->Berlin,True
2026-08-17 19:11:26.454,person_ID_1433,person,Potsdam (kein Wechsel),False
2026-08-17 19:11:26.622,person_ID_1432,person,Berlin (kein Wechsel),False
2026-08-17 19:11:27.697,bicycle_ID_1281,bicycle,Berlin (kein Wechsel),False
2026-08-17 19:11:27.731,person_ID_1434,person,Berlin (kein Wechsel),False
2026-08-17 19:11:28.625,person_ID_1435,person,Potsdam (kein Wechsel),False
2026-08-17 19:11:28.823,car_ID_1469,car,Berlin (kein Wechsel),False
2026-08-17 19:11:46.997,car_ID_1470,car,Potsdam->Berlin,True
2026-08-17 19:11:48.594,person_ID_1436,person,Potsdam (kein Wechsel),False
2026-08-17 19:12:17.030,person_ID_1437,person,Potsdam (kein Wechsel),False
2026-08-17 19:12:18.329,car_ID_1471,car,Berlin (kein Wechsel),False
2026-08-17 19:12:18.495,bicycle_ID_1282,bicycle,Potsdam (kein Wechsel),False
2026-08-17 19:12:20.063,bicycle_ID_1283,bicycle,Berlin->Potsdam,True
2026-08-17 19:12:20.330,person_ID_1438,person,Potsdam->Berlin,True
2026-08-17 19:12:20.627,person_ID_1439,person,Berlin->Potsdam,True
2026-08-17 19:13:05.432,car_ID_1472,car,Berlin->Potsdam,True
2026-08-17 19:13:06.733,car_ID_1473,car,Berlin->Potsdam,True
2026-08-17 19:13:09.137,bicycle_ID_1284,bicycle,Berlin (kein Wechsel),False
2026-08-17 19:13:09.698,person_ID_1440,person,Berlin (kein Wechsel),False
2026-08-17 19:13:10.400,person_ID_1441,person,Berlin (kein Wechsel),False
2026-08-17 19:13:30.402,car_ID_1474,car,Berlin->Potsdam,True
2026-08-17 19:13:41.234,person_ID_1442,person,Potsdam->Berlin,True
2026-08-17 19:13:42.866,person_ID_1443,person,Potsdam->Berlin,True
2026-08-17 19:13:45.035,person_ID_1444,person,Berlin (kein Wechsel),False
2026-08-17 19:14:00.966,car_ID_1475,car,Berlin->Potsdam,True
2026-08-17 19:14:12.605,car_ID_1476,car,Berlin->Potsdam,True
2026-08-17 19:14:26.239,car_ID_1478,car,Berlin (kein Wechsel),False
2026-08-17 19:14:26.305,car_ID_1479,car,Berlin->Potsdam,True
2026-08-17 19:14:26.673,car_ID_1477,car,Potsdam->Berlin,True
2026-08-17 19:14:42.338,car_ID_1480,car,Berlin->Potsdam,True
2026-08-17 19:15:18.475,car_ID_1481,car,Berlin->Potsdam,True
2026-08-17 19:15:21.341,car_ID_1482,car,Potsdam->Berlin,True
2026-08-17 19:15:33.506,car_ID_1483,car,Potsdam (kein Wechsel),False
2026-08-17 19:15:37.139,car_ID_1485,car,Berlin (kein Wechsel),False
2026-08-17 19:15:39.211,car_ID_1484,car,Potsdam->Berlin,True
2026-08-17 19:15:44.040,person_ID_1445,person,Potsdam (kein Wechsel),False
2026-08-17 19:15:52.643,person_ID_1446,person,Potsdam->Berlin,True
2026-08-17 19:15:57.047,person_ID_1447,person,Berlin (kein Wechsel),False
2026-08-17 19:15:58.713,person_ID_1448,person,Berlin (kein Wechsel),False
2026-08-17 19:16:01.342,person_ID_1449,person,Berlin (kein Wechsel),False
2026-08-17 19:16:12.342,person_ID_1450,person,Potsdam (kein Wechsel),False
2026-08-17 19:16:22.876,person_ID_1451,person,Potsdam->Berlin,True
2026-08-17 19:16:24.416,car_ID_1486,car,Potsdam->Berlin,True
2026-08-17 19:16:33.112,person_ID_1452,person,Berlin (kein Wechsel),False
2026-08-17 19:16:41.279,person_ID_1453,person,Berlin (kein Wechsel),False
2026-08-17 19:16:41.879,person_ID_1454,person,Berlin (kein Wechsel),False
2026-08-17 19:16:47.910,car_ID_1487,car,Potsdam->Berlin,True
2026-08-17 19:17:23.648,bicycle_ID_1285,bicycle,Potsdam (kein Wechsel),False
2026-08-17 19:17:24.281,person_ID_1455,person,Potsdam (kein Wechsel),False
2026-08-17 19:17:26.680,person_ID_1456,person,Potsdam->Berlin,True
2026-08-17 19:17:28.084,bicycle_ID_1286,bicycle,Potsdam->Berlin,True
2026-08-17 19:17:28.448,person_ID_1457,person,Berlin (kein Wechsel),False
2026-08-17 19:17:28.814,bicycle_ID_1287,bicycle,Berlin (kein Wechsel),False
2026-08-17 19:18:14.623,person_ID_1458,person,Potsdam (kein Wechsel),False
2026-08-17 19:18:19.284,person_ID_1459,person,Potsdam (kein Wechsel),False
2026-08-17 19:18:21.787,car_ID_1488,car,Potsdam->Berlin,True
2026-08-17 19:18:29.117,person_ID_1460,person,Potsdam->Berlin,True
2026-08-17 19:18:41.018,person_ID_1461,person,Berlin (kein Wechsel),False
2026-08-17 19:19:10.322,car_ID_1489,car,Berlin (kein Wechsel),False
2026-08-17 19:19:10.725,person_ID_1462,person,Berlin (kein Wechsel),False
2026-08-17 19:19:11.590,bus_ID_108,bus,Berlin (kein Wechsel),False
2026-08-17 19:19:13.356,bus_ID_110,bus,Potsdam (kein Wechsel),False
2026-08-17 19:19:13.759,bus_ID_109,bus,Berlin->Potsdam,True
2026-08-17 19:19:15.288,car_ID_1490,car,Potsdam (kein Wechsel),False
2026-08-17 19:19:21.456,person_ID_1464,person,Berlin (kein Wechsel),False
2026-08-17 19:19:22.423,person_ID_1465,person,Berlin (kein Wechsel),False
2026-08-17 19:19:23.486,person_ID_1466,person,Berlin->Potsdam,True
2026-08-17 19:19:25.157,person_ID_1463,person,Berlin->Potsdam,True
2026-08-17 19:19:36.459,person_ID_1467,person,Potsdam (kein Wechsel),False
2026-08-17 19:20:21.263,person_ID_1468,person,Berlin (kein Wechsel),False
2026-08-17 19:20:22.431,person_ID_1469,person,Berlin (kein Wechsel),False
2026-08-17 19:20:22.593,car_ID_1491,car,Potsdam->Berlin,True
2026-08-17 19:20:24.127,person_ID_1470,person,Berlin (kein Wechsel),False
2026-08-17 19:20:25.060,person_ID_1471,person,Berlin (kein Wechsel),False
2026-08-17 19:20:27.296,person_ID_1472,person,Berlin->Potsdam,True
2026-08-17 19:20:29.091,person_ID_1473,person,Potsdam (kein Wechsel),False
2026-08-17 19:20:29.429,person_ID_1474,person,Potsdam (kein Wechsel),False
2026-08-17 19:20:30.328,person_ID_1475,person,Potsdam (kein Wechsel),False
2026-08-17 19:20:40.392,car_ID_1492,car,Berlin->Potsdam,True
2026-08-17 19:21:18.867,car_ID_1494,car,Berlin->Potsdam,True
2026-08-17 19:21:19.531,car_ID_1493,car,Potsdam->Berlin,True
2026-08-17 19:22:29.936,car_ID_1495,car,Potsdam->Berlin,True
2026-08-17 19:22:34.337,car_ID_1497,car,Potsdam (kein Wechsel),False
2026-08-17 19:22:35.566,car_ID_1498,car,Potsdam->Berlin,True
2026-08-17 19:22:36.003,car_ID_1496,car,Potsdam->Berlin,True
2026-08-17 19:22:37.132,bus_ID_111,bus,Berlin (kein Wechsel),False
2026-08-17 19:22:37.938,car_ID_1499,car,Berlin (kein Wechsel),False
2026-08-17 19:22:41.839,car_ID_1500,car,Potsdam->Berlin,True
2026-08-17 19:22:43.876,person_ID_1476,person,Potsdam (kein Wechsel),False
2026-08-17 19:23:02.673,person_ID_1478,person,Potsdam->Berlin,True
2026-08-17 19:23:03.339,person_ID_1477,person,Potsdam->Berlin,True
2026-08-17 19:23:04.372,person_ID_1480,person,Potsdam (kein Wechsel),False
2026-08-17 19:23:05.006,person_ID_1479,person,Berlin (kein Wechsel),False
2026-08-17 19:23:06.105,bicycle_ID_1288,bicycle,Potsdam (kein Wechsel),False
2026-08-17 19:23:06.305,person_ID_1481,person,Potsdam (kein Wechsel),False
2026-08-17 19:23:06.703,car_ID_1501,car,Berlin->Potsdam,True
2026-08-17 19:23:08.241,person_ID_1482,person,Berlin (kein Wechsel),False
2026-08-17 19:23:09.004,person_ID_1483,person,Berlin (kein Wechsel),False
2026-08-17 19:23:09.406,bicycle_ID_1289,bicycle,Berlin (kein Wechsel),False
2026-08-17 19:23:09.772,person_ID_1484,person,Berlin (kein Wechsel),False
2026-08-17 19:23:35.473,car_ID_1502,car,Berlin->Potsdam,True
2026-08-17 19:23:49.439,person_ID_1485,person,Berlin (kein Wechsel),False
2026-08-17 19:23:53.373,person_ID_1486,person,Berlin (kein Wechsel),False
2026-08-17 19:23:53.436,person_ID_1487,person,Berlin (kein Wechsel),False
2026-08-17 19:24:01.507,car_ID_1503,car,Potsdam->Berlin,True
2026-08-17 19:24:20.978,car_ID_1504,car,Berlin->Potsdam,True
2026-08-17 19:24:21.976,car_ID_1505,car,Potsdam (kein Wechsel),False
2026-08-17 19:24:30.611,person_ID_1488,person,Berlin (kein Wechsel),False
2026-08-17 19:24:32.678,car_ID_1506,car,Berlin->Potsdam,True
2026-08-17 19:24:46.079,person_ID_1489,person,Berlin (kein Wechsel),False
2026-08-17 19:24:48.613,car_ID_1507,car,Potsdam->Berlin,True
2026-08-17 19:25:01.111,person_ID_1490,person,Potsdam (kein Wechsel),False
2026-08-17 19:25:04.012,person_ID_1491,person,Potsdam->Berlin,True
2026-08-17 19:25:04.809,person_ID_1492,person,Potsdam->Berlin,True
2026-08-17 19:25:36.213,car_ID_1508,car,Berlin (kein Wechsel),False
2026-08-17 19:25:36.749,car_ID_1509,car,Berlin (kein Wechsel),False
2026-08-17 19:25:38.714,car_ID_1510,car,Potsdam (kein Wechsel),False
2026-08-17 19:25:42.517,car_ID_1511,car,Potsdam->Berlin,True
2026-08-17 19:25:45.414,car_ID_1512,car,Potsdam->Berlin,True
2026-08-17 19:25:57.450,person_ID_1493,person,Potsdam (kein Wechsel),False
2026-08-17 19:25:58.913,person_ID_1494,person,Berlin (kein Wechsel),False
2026-08-17 19:25:59.314,person_ID_1495,person,Berlin (kein Wechsel),False
2026-08-17 19:26:05.382,car_ID_1513,car,Potsdam->Berlin,True
2026-08-17 19:26:31.352,bus_ID_112,bus,Potsdam->Berlin,True
2026-08-17 19:27:04.421,person_ID_1496,person,Potsdam (kein Wechsel),False
2026-08-17 19:27:07.583,person_ID_1497,person,Potsdam->Berlin,True
2026-08-17 19:27:09.055,car_ID_1514,car,Berlin->Potsdam,True
2026-08-17 19:27:11.720,person_ID_1499,person,Berlin (kein Wechsel),False
2026-08-17 19:27:13.124,person_ID_1500,person,Berlin (kein Wechsel),False
2026-08-17 19:27:13.822,person_ID_1498,person,Berlin (kein Wechsel),False
2026-08-17 19:27:13.852,person_ID_1501,person,Berlin (kein Wechsel),False
2026-08-17 19:27:28.455,car_ID_1515,car,Berlin->Potsdam,True
2026-08-17 19:27:40.485,bicycle_ID_1290,bicycle,Potsdam (kein Wechsel),False
2026-08-17 19:27:42.555,bicycle_ID_1291,bicycle,Potsdam (kein Wechsel),False
2026-08-17 19:27:43.256,person_ID_1502,person,Potsdam (kein Wechsel),False
2026-08-17 19:27:44.720,person_ID_1503,person,Berlin (kein Wechsel),False
2026-08-17 19:27:46.389,person_ID_1504,person,Berlin (kein Wechsel),False
2026-08-17 19:27:47.195,bicycle_ID_1292,bicycle,Berlin (kein Wechsel),False
2026-08-17 19:27:47.228,person_ID_1505,person,Berlin (kein Wechsel),False
2026-08-17 19:27:57.992,car_ID_1516,car,Berlin->Potsdam,True
2026-08-17 19:27:58.458,car_ID_1518,car,Potsdam (kein Wechsel),False
2026-08-17 19:27:59.155,car_ID_1517,car,Potsdam (kein Wechsel),False
2026-08-17 19:28:29.537,car_ID_1519,car,Berlin->Potsdam,True
2026-08-17 19:29:33.797,car_ID_1520,car,Potsdam->Berlin,True
2026-08-17 19:29:39.965,bicycle_ID_1293,bicycle,Berlin (kein Wechsel),False
2026-08-17 19:29:40.097,bicycle_ID_1294,bicycle,Berlin (kein Wechsel),False
2026-08-17 19:29:40.398,person_ID_1506,person,Berlin (kein Wechsel),False
2026-08-17 19:29:41.103,bicycle_ID_1296,bicycle,Potsdam (kein Wechsel),False
2026-08-17 19:29:41.497,person_ID_1507,person,Berlin->Potsdam,True
2026-08-17 19:29:41.596,bicycle_ID_1295,bicycle,Berlin->Potsdam,True
2026-08-17 19:29:49.331,car_ID_1522,car,Berlin (kein Wechsel),False
2026-08-17 19:29:52.133,car_ID_1521,car,Berlin->Potsdam,True
2026-08-17 19:30:04.367,car_ID_1523,car,Potsdam->Berlin,True
2026-08-17 19:30:05.103,car_ID_1524,car,Potsdam->Berlin,True
2026-08-17 19:31:07.133,car_ID_1526,car,Potsdam (kein Wechsel),False
2026-08-17 19:31:09.836,car_ID_1525,car,Potsdam->Berlin,True
2026-08-17 19:31:20.500,car_ID_1528,car,Potsdam->Berlin,True
2026-08-17 19:31:23.137,car_ID_1527,car,Berlin->Potsdam,True
2026-08-17 19:31:28.171,person_ID_1508,person,Berlin (kein Wechsel),False
2026-08-17 19:31:48.072,person_ID_1509,person,Potsdam (kein Wechsel),False
2026-08-17 19:31:48.708,person_ID_1510,person,Potsdam (kein Wechsel),False
2026-08-17 19:31:50.175,person_ID_1511,person,Potsdam->Berlin,True
2026-08-17 19:31:50.671,bicycle_ID_1297,bicycle,Potsdam->Berlin,True
2026-08-17 19:31:51.406,car_ID_1529,car,Berlin->Potsdam,True
2026-08-17 19:31:52.875,person_ID_1512,person,Berlin (kein Wechsel),False
2026-08-17 19:31:52.942,bicycle_ID_1298,bicycle,Berlin (kein Wechsel),False
2026-08-17 19:32:36.344,bicycle_ID_1299,bicycle,Berlin (kein Wechsel),False
2026-08-17 19:32:37.405,person_ID_1513,person,Berlin->Potsdam,True
2026-08-17 19:32:53.312,car_ID_1530,car,Potsdam->Berlin,True
2026-08-17 19:32:55.176,car_ID_1531,car,Berlin->Potsdam,True
2026-08-17 19:32:56.707,car_ID_1532,car,Berlin->Potsdam,True
2026-08-17 19:33:05.273,car_ID_1533,car,Potsdam (kein Wechsel),False
2026-08-17 19:33:07.377,car_ID_1534,car,Potsdam->Berlin,True
2026-08-17 19:33:50.145,bicycle_ID_1300,bicycle,Berlin (kein Wechsel),False
2026-08-17 19:33:51.083,person_ID_1514,person,Berlin (kein Wechsel),False
2026-08-17 19:33:51.546,person_ID_1515,person,Berlin (kein Wechsel),False
2026-08-17 19:33:51.644,bicycle_ID_1301,bicycle,Berlin->Potsdam,True
2026-08-17 19:33:52.080,person_ID_1516,person,Berlin->Potsdam,True
2026-08-17 19:34:12.515,car_ID_1535,car,Potsdam->Berlin,True
2026-08-17 19:34:39.678,person_ID_1517,person,Potsdam (kein Wechsel),False
2026-08-17 19:34:42.077,bicycle_ID_1302,bicycle,Potsdam (kein Wechsel),False
2026-08-17 19:34:42.077,bicycle_ID_1303,bicycle,Potsdam (kein Wechsel),False
2026-08-17 19:34:42.880,person_ID_1518,person,Berlin (kein Wechsel),False
2026-08-17 19:34:45.418,person_ID_1519,person,Berlin (kein Wechsel),False
2026-08-17 19:35:29.652,car_ID_1536,car,Berlin->Potsdam,True
2026-08-17 19:35:38.455,car_ID_1537,car,Potsdam->Berlin,True
2026-08-17 19:35:43.319,car_ID_1538,car,Berlin->Potsdam,True
2026-08-17 19:36:11.758,bicycle_ID_1304,bicycle,Potsdam (kein Wechsel),False
2026-08-17 19:36:12.354,bicycle_ID_1305,bicycle,Berlin (kein Wechsel),False
2026-08-17 19:36:12.354,person_ID_1521,person,Potsdam->Berlin,True
2026-08-17 19:36:14.490,person_ID_1522,person,Berlin (kein Wechsel),False
2026-08-17 19:36:15.189,person_ID_1520,person,Berlin->Potsdam,True
2026-08-17 19:36:15.922,car_ID_1540,car,Potsdam->Berlin,True
2026-08-17 19:36:18.322,car_ID_1541,car,Berlin (kein Wechsel),False
2026-08-17 19:36:19.888,car_ID_1542,car,Potsdam->Berlin,True
2026-08-17 19:36:20.822,car_ID_1539,car,Berlin->Potsdam,True
2026-08-17 19:36:22.794,person_ID_1523,person,Potsdam (kein Wechsel),False
2026-08-17 19:37:54.927,car_ID_1543,car,Potsdam->Berlin,True
2026-08-17 19:38:32.200,person_ID_1524,person,Berlin (kein Wechsel),False
2026-08-17 19:38:33.033,person_ID_1525,person,Berlin (kein Wechsel),False
2026-08-17 19:38:36.097,person_ID_1526,person,Potsdam (kein Wechsel),False
2026-08-17 19:38:36.667,person_ID_1527,person,Potsdam (kein Wechsel),False
2026-08-17 19:38:38.097,person_ID_1528,person,Potsdam (kein Wechsel),False
2026-08-17 19:38:38.232,person_ID_1529,person,Potsdam (kein Wechsel),False
2026-08-17 19:38:42.067,person_ID_1530,person,Berlin (kein Wechsel),False
2026-08-17 19:38:43.465,car_ID_1544,car,Potsdam->Berlin,True
2026-08-17 19:38:46.066,car_ID_1545,car,Potsdam->Berlin,True
2026-08-17 19:38:51.432,bus_ID_113,bus,Berlin (kein Wechsel),False
2026-08-17 19:38:51.665,car_ID_1546,car,Potsdam->Berlin,True
2026-08-17 19:39:46.969,car_ID_1547,car,Berlin (kein Wechsel),False
2026-08-17 19:39:46.969,car_ID_1549,car,Potsdam (kein Wechsel),False
2026-08-17 19:39:49.369,car_ID_1548,car,Potsdam->Berlin,True
2026-08-17 19:39:49.738,bus_ID_114,bus,Berlin (kein Wechsel),False
2026-08-17 19:39:52.570,bus_ID_115,bus,Berlin->Potsdam,True
2026-08-17 19:39:54.268,bus_ID_116,bus,Potsdam (kein Wechsel),False
2026-08-17 19:39:54.635,car_ID_1550,car,Potsdam (kein Wechsel),False
2026-08-17 19:40:01.472,person_ID_1531,person,Potsdam (kein Wechsel),False
2026-08-17 19:40:01.771,person_ID_1532,person,Potsdam (kein Wechsel),False
2026-08-17 19:40:03.373,person_ID_1533,person,Potsdam (kein Wechsel),False
2026-08-17 19:40:06.872,person_ID_1534,person,Berlin (kein Wechsel),False
2026-08-17 19:40:33.343,person_ID_1535,person,Berlin (kein Wechsel),False
2026-08-17 19:41:17.243,car_ID_1551,car,Berlin->Potsdam,True
2026-08-17 19:41:32.243,person_ID_1536,person,Potsdam->Berlin,True
2026-08-17 19:41:50.279,person_ID_1537,person,Berlin->Potsdam,True
2026-08-17 19:41:51.509,person_ID_1538,person,Potsdam (kein Wechsel),False
2026-08-17 19:41:52.479,person_ID_1539,person,Potsdam (kein Wechsel),False
2026-08-17 19:43:12.519,car_ID_1552,car,Berlin->Potsdam,True
2026-08-17 19:43:20.983,person_ID_1540,person,Potsdam (kein Wechsel),False
2026-08-17 19:43:23.286,person_ID_1541,person,Potsdam->Berlin,True
2026-08-17 19:43:24.820,car_ID_1553,car,Potsdam->Berlin,True
2026-08-17 19:43:40.752,person_ID_1544,person,Potsdam->Berlin,True
2026-08-17 19:43:42.720,person_ID_1543,person,Berlin (kein Wechsel),False
2026-08-17 19:43:51.184,person_ID_1545,person,Berlin->Potsdam,True
2026-08-17 19:43:55.951,person_ID_1542,person,Potsdam->Berlin,True
2026-08-17 19:43:56.583,person_ID_1546,person,Potsdam (kein Wechsel),False
2026-08-17 19:43:57.888,person_ID_1547,person,Potsdam (kein Wechsel),False
2026-08-17 19:44:22.521,bus_ID_118,bus,Potsdam (kein Wechsel),False
2026-08-17 19:44:25.018,bus_ID_117,bus,Potsdam->Berlin,True
2026-08-17 19:44:25.217,car_ID_1554,car,Berlin (kein Wechsel),False
2026-08-17 19:44:35.952,car_ID_1555,car,Berlin->Potsdam,True
2026-08-17 19:45:04.327,car_ID_1556,car,Potsdam (kein Wechsel),False
2026-08-17 19:45:05.488,car_ID_1557,car,Potsdam->Berlin,True
2026-08-17 19:45:06.624,bus_ID_119,bus,Berlin (kein Wechsel),False
2026-08-17 19:45:07.623,car_ID_1558,car,Potsdam->Berlin,True
2026-08-17 19:45:18.693,car_ID_1559,car,Potsdam->Berlin,True
2026-08-17 19:45:38.587,person_ID_1548,person,Potsdam (kein Wechsel),False
2026-08-17 19:45:40.026,person_ID_1549,person,Potsdam (kein Wechsel),False
2026-08-17 19:45:40.823,person_ID_1550,person,Berlin (kein Wechsel),False
2026-08-17 19:45:43.288,person_ID_1551,person,Berlin (kein Wechsel),False
2026-08-17 19:46:46.762,car_ID_1560,car,Berlin->Potsdam,True
2026-08-17 19:47:47.900,car_ID_1561,car,Potsdam->Berlin,True
2026-08-17 19:48:23.906,car_ID_1562,car,Berlin->Potsdam,True
2026-08-17 19:49:07.808,car_ID_1563,car,Potsdam->Berlin,True
2026-08-17 19:50:04.841,car_ID_1564,car,Potsdam->Berlin,True
2026-08-17 19:50:14.278,person_ID_1552,person,Berlin (kein Wechsel),False
2026-08-17 19:50:16.106,person_ID_1553,person,Berlin (kein Wechsel),False
2026-08-17 19:50:18.811,bicycle_ID_1306,bicycle,Berlin (kein Wechsel),False
2026-08-17 19:50:19.611,bus_ID_120,bus,Berlin (kein Wechsel),False
2026-08-17 19:50:19.947,car_ID_1565,car,Potsdam->Berlin,True
2026-08-17 19:50:21.077,bicycle_ID_1307,bicycle,Berlin->Potsdam,True
2026-08-17 19:50:21.347,person_ID_1554,person,Berlin->Potsdam,True
2026-08-17 19:50:24.277,car_ID_1566,car,Berlin->Potsdam,True
2026-08-17 19:50:37.977,car_ID_1567,car,Potsdam->Berlin,True
2026-08-17 19:50:46.012,car_ID_1568,car,Potsdam->Berlin,True
2026-08-17 19:50:50.277,bicycle_ID_1308,bicycle,Potsdam (kein Wechsel),False
2026-08-17 19:50:52.909,bicycle_ID_1309,bicycle,Potsdam (kein Wechsel),False
2026-08-17 19:50:53.112,person_ID_1555,person,Potsdam (kein Wechsel),False
2026-08-17 19:50:53.512,person_ID_1556,person,Potsdam (kein Wechsel),False
2026-08-17 19:50:54.110,bicycle_ID_1311,bicycle,Potsdam (kein Wechsel),False
2026-08-17 19:50:54.347,bicycle_ID_1310,bicycle,Potsdam (kein Wechsel),False
2026-08-17 19:50:55.277,person_ID_1557,person,Berlin (kein Wechsel),False
2026-08-17 19:50:55.645,bicycle_ID_1312,bicycle,Berlin (kein Wechsel),False
2026-08-17 19:50:56.276,person_ID_1558,person,Berlin (kein Wechsel),False
2026-08-17 19:50:58.446,person_ID_1559,person,Berlin (kein Wechsel),False
2026-08-17 19:51:42.784,car_ID_1569,car,Potsdam->Berlin,True
2026-08-17 19:52:00.117,person_ID_1560,person,Berlin (kein Wechsel),False
2026-08-17 19:52:02.118,bicycle_ID_1313,bicycle,Berlin->Potsdam,True
2026-08-17 19:52:02.118,person_ID_1561,person,Berlin->Potsdam,True
2026-08-17 19:53:04.152,person_ID_1562,person,Berlin->Potsdam,True
2026-08-17 19:53:04.221,bicycle_ID_1314,bicycle,Berlin->Potsdam,True
2026-08-17 19:53:04.222,bicycle_ID_1315,bicycle,Berlin->Potsdam,True
2026-08-17 19:53:17.819,car_ID_1570,car,Berlin->Potsdam,True
2026-08-17 19:53:33.456,car_ID_1571,car,Berlin->Potsdam,True
2026-08-17 19:53:43.326,car_ID_1572,car,Potsdam->Berlin,True
2026-08-17 19:54:39.059,bicycle_ID_1316,bicycle,Berlin (kein Wechsel),False
2026-08-17 19:54:39.360,person_ID_1563,person,Potsdam->Berlin,True
2026-08-17 19:54:39.589,car_ID_1573,car,Berlin (kein Wechsel),False
2026-08-17 19:56:20.898,car_ID_1574,car,Berlin->Potsdam,True
2026-08-17 19:56:22.926,car_ID_1575,car,Berlin->Potsdam,True
2026-08-17 19:56:31.530,person_ID_1564,person,Potsdam (kein Wechsel),False
2026-08-17 19:56:31.927,person_ID_1565,person,Potsdam (kein Wechsel),False
2026-08-17 19:56:32.962,person_ID_1566,person,Berlin (kein Wechsel),False
2026-08-17 19:56:35.196,car_ID_1576,car,Potsdam (kein Wechsel),False
2026-08-17 19:56:36.065,person_ID_1567,person,Berlin (kein Wechsel),False
2026-08-17 19:56:37.363,car_ID_1577,car,Berlin (kein Wechsel),False
2026-08-17 19:57:10.696,car_ID_1578,car,Berlin (kein Wechsel),False
2026-08-17 19:57:11.898,bicycle_ID_1318,bicycle,Berlin (kein Wechsel),False
2026-08-17 19:57:13.402,bicycle_ID_1317,bicycle,Berlin (kein Wechsel),False
2026-08-17 19:57:13.401,bicycle_ID_1319,bicycle,Berlin->Potsdam,True
2026-08-17 19:57:13.470,person_ID_1568,person,Berlin->Potsdam,True
2026-08-17 19:57:17.769,car_ID_1579,car,Potsdam->Berlin,True
2026-08-17 19:57:25.270,person_ID_1569,person,Potsdam->Berlin,True
2026-08-17 19:57:27.933,person_ID_1570,person,Berlin (kein Wechsel),False
2026-08-17 19:57:45.033,car_ID_1580,car,Potsdam->Berlin,True
2026-08-17 19:58:12.367,car_ID_1581,car,Berlin->Potsdam,True
2026-08-17 19:58:48.471,person_ID_1571,person,Potsdam (kein Wechsel),False
2026-08-17 19:58:52.842,person_ID_1572,person,Potsdam (kein Wechsel),False
2026-08-17 19:58:58.401,person_ID_1573,person,Potsdam->Berlin,True
2026-08-17 19:59:05.098,person_ID_1574,person,Berlin (kein Wechsel),False
2026-08-17 19:59:06.604,person_ID_1575,person,Berlin (kein Wechsel),False
2026-08-17 19:59:38.969,car_ID_1582,car,Potsdam->Berlin,True
2026-08-17 20:00:17.671,car_ID_1583,car,Berlin->Potsdam,True
2026-08-17 20:00:19.774,car_ID_1584,car,Potsdam (kein Wechsel),False
2026-08-17 20:00:21.103,car_ID_1586,car,Potsdam->Berlin,True
2026-08-17 20:00:22.403,car_ID_1585,car,Potsdam->Berlin,True
2026-08-17 20:00:38.136,bicycle_ID_1320,bicycle,Berlin (kein Wechsel),False
2026-08-17 20:00:38.539,bicycle_ID_1321,bicycle,Berlin (kein Wechsel),False
2026-08-17 20:00:38.539,person_ID_1577,person,Berlin (kein Wechsel),False
2026-08-17 20:00:38.636,person_ID_1576,person,Berlin (kein Wechsel),False
2026-08-17 20:00:51.371,car_ID_1587,car,Potsdam->Berlin,True
2026-08-17 20:00:52.674,car_ID_1588,car,Berlin->Potsdam,True
2026-08-17 20:01:15.568,person_ID_1578,person,Berlin (kein Wechsel),False
2026-08-17 20:01:15.971,bicycle_ID_1322,bicycle,Berlin (kein Wechsel),False
2026-08-17 20:01:16.133,person_ID_1579,person,Berlin (kein Wechsel),False
2026-08-17 20:02:03.236,car_ID_1589,car,Potsdam->Berlin,True
2026-08-17 20:02:31.036,person_ID_1580,person,Potsdam (kein Wechsel),False
2026-08-17 20:02:35.806,person_ID_1581,person,Potsdam (kein Wechsel),False
2026-08-17 20:02:36.162,person_ID_1582,person,Potsdam (kein Wechsel),False
2026-08-17 20:02:49.197,person_ID_1583,person,Potsdam->Berlin,True
2026-08-17 20:02:55.048,car_ID_1590,car,Potsdam->Berlin,True
2026-08-17 20:03:00.863,car_ID_1591,car,Potsdam->Berlin,True
2026-08-17 20:03:05.033,car_ID_1592,car,Berlin->Potsdam,True
2026-08-17 20:03:18.570,car_ID_1593,car,Potsdam->Berlin,True
2026-08-17 20:03:26.639,car_ID_1594,car,Potsdam (kein Wechsel),False
2026-08-17 20:03:28.334,car_ID_1595,car,Potsdam->Berlin,True
2026-08-17 20:03:33.972,person_ID_1584,person,Potsdam (kein Wechsel),False
2026-08-17 20:03:33.973,person_ID_1585,person,Potsdam (kein Wechsel),False
2026-08-17 20:03:37.473,person_ID_1587,person,Potsdam (kein Wechsel),False
2026-08-17 20:03:38.297,person_ID_1586,person,Potsdam (kein Wechsel),False
2026-08-17 20:03:39.040,person_ID_1588,person,Potsdam (kein Wechsel),False
2026-08-17 20:03:43.706,person_ID_1589,person,Potsdam->Berlin,True
2026-08-17 20:03:48.468,person_ID_1590,person,Berlin (kein Wechsel),False
2026-08-17 20:03:51.336,person_ID_1591,person,Berlin (kein Wechsel),False
2026-08-17 20:03:51.506,person_ID_1592,person,Berlin (kein Wechsel),False
2026-08-17 20:03:52.933,person_ID_1593,person,Berlin (kein Wechsel),False
2026-08-17 20:04:20.107,car_ID_1596,car,Berlin->Potsdam,True
2026-08-17 20:04:35.406,car_ID_1597,car,Berlin->Potsdam,True
2026-08-17 20:04:52.170,person_ID_1594,person,Potsdam (kein Wechsel),False
2026-08-17 20:04:53.601,person_ID_1595,person,Berlin (kein Wechsel),False
2026-08-17 20:04:54.669,person_ID_1596,person,Berlin (kein Wechsel),False
2026-08-17 20:04:55.898,car_ID_1598,car,Berlin (kein Wechsel),False
2026-08-17 20:04:57.805,car_ID_1599,car,Potsdam (kein Wechsel),False
2026-08-17 20:04:58.637,bus_ID_121,bus,Berlin->Potsdam,True
2026-08-17 20:05:00.056,car_ID_1602,car,Potsdam (kein Wechsel),False
2026-08-17 20:05:00.266,car_ID_1600,car,Berlin (kein Wechsel),False
2026-08-17 20:05:00.436,car_ID_1601,car,Potsdam (kein Wechsel),False
2026-08-17 20:05:22.037,bicycle_ID_1323,bicycle,Berlin (kein Wechsel),False
2026-08-17 20:05:22.868,bicycle_ID_1324,bicycle,Berlin (kein Wechsel),False
2026-08-17 20:05:23.472,person_ID_1597,person,Berlin->Potsdam,True
2026-08-17 20:05:33.198,car_ID_1603,car,Potsdam (kein Wechsel),False
2026-08-17 20:05:34.602,bus_ID_122,bus,Potsdam (kein Wechsel),False
2026-08-17 20:05:35.243,car_ID_1604,car,Potsdam (kein Wechsel),False
2026-08-17 20:05:37.399,bus_ID_123,bus,Potsdam->Berlin,True
2026-08-17 20:05:37.636,car_ID_1605,car,Berlin (kein Wechsel),False
2026-08-17 20:05:47.871,car_ID_1606,car,Berlin (kein Wechsel),False
2026-08-17 20:07:02.282,car_ID_1607,car,Berlin->Potsdam,True
2026-08-17 20:07:07.161,person_ID_1598,person,Potsdam (kein Wechsel),False
2026-08-17 20:07:08.806,person_ID_1599,person,Berlin (kein Wechsel),False
2026-08-17 20:07:10.738,person_ID_1600,person,Berlin (kein Wechsel),False
2026-08-17 20:07:11.242,car_ID_1608,car,Berlin (kein Wechsel),False
2026-08-17 20:07:19.500,person_ID_1601,person,Berlin (kein Wechsel),False
2026-08-17 20:07:21.671,person_ID_1602,person,Berlin (kein Wechsel),False
2026-08-17 20:07:59.801,bicycle_ID_1325,bicycle,Berlin (kein Wechsel),False
2026-08-17 20:08:29.830,car_ID_1609,car,Potsdam->Berlin,True
2026-08-17 20:09:06.767,car_ID_1610,car,Potsdam->Berlin,True
2026-08-17 20:10:12.496,car_ID_1611,car,Potsdam (kein Wechsel),False
2026-08-17 20:10:15.933,car_ID_1612,car,Potsdam->Berlin,True
2026-08-17 20:10:46.108,car_ID_1614,car,Potsdam (kein Wechsel),False
2026-08-17 20:10:48.675,car_ID_1613,car,Potsdam->Berlin,True
2026-08-17 20:10:57.766,car_ID_1615,car,Berlin->Potsdam,True
2026-08-17 20:12:52.859,person_ID_1604,person,Berlin (kein Wechsel),False
2026-08-17 20:12:52.966,person_ID_1603,person,Berlin (kein Wechsel),False
2026-08-17 20:13:07.239,car_ID_1616,car,Berlin->Potsdam,True
2026-08-17 20:13:12.309,car_ID_1617,car,Potsdam->Berlin,True
2026-08-17 20:13:17.804,car_ID_1618,car,Berlin->Potsdam,True
2026-08-17 20:13:19.868,car_ID_1621,car,Berlin (kein Wechsel),False
2026-08-17 20:13:20.169,car_ID_1619,car,Potsdam->Berlin,True
2026-08-17 20:13:20.443,car_ID_1620,car,Berlin->Potsdam,True
2026-08-17 20:14:12.768,car_ID_1622,car,Berlin->Potsdam,True
2026-08-17 20:15:23.424,person_ID_1605,person,Potsdam (kein Wechsel),False
2026-08-17 20:15:28.486,person_ID_1606,person,Potsdam->Berlin,True
2026-08-17 20:15:29.866,person_ID_1607,person,Berlin (kein Wechsel),False
2026-08-17 20:16:35.333,car_ID_1623,car,Berlin (kein Wechsel),False
2026-08-17 20:17:19.462,car_ID_1624,car,Potsdam (kein Wechsel),False
2026-08-17 20:17:22.195,car_ID_1625,car,Berlin (kein Wechsel),False
2026-08-17 20:17:22.535,person_ID_1608,person,Potsdam (kein Wechsel),False
2026-08-17 20:17:24.519,person_ID_1609,person,Potsdam (kein Wechsel),False
2026-08-17 20:17:34.688,person_ID_1610,person,Potsdam->Berlin,True
2026-08-17 20:17:50.885,person_ID_1611,person,Berlin (kein Wechsel),False
2026-08-17 20:17:54.530,car_ID_1626,car,Potsdam (kein Wechsel),False
2026-08-17 20:17:57.157,car_ID_1627,car,Potsdam->Berlin,True
2026-08-17 20:18:52.046,car_ID_1628,car,Potsdam->Berlin,True
2026-08-17 20:18:53.407,car_ID_1629,car,Berlin (kein Wechsel),False
2026-08-17 20:18:55.086,bus_ID_124,bus,Berlin (kein Wechsel),False
2026-08-17 20:18:55.994,bus_ID_125,bus,Berlin->Potsdam,True
2026-08-17 20:21:23.022,car_ID_1631,car,Potsdam (kein Wechsel),False
2026-08-17 20:21:25.498,car_ID_1630,car,Potsdam->Berlin,True
2026-08-17 20:21:33.688,car_ID_1632,car,Potsdam->Berlin,True
2026-08-17 20:21:46.856,person_ID_1612,person,Potsdam->Berlin,True
2026-08-17 20:21:49.521,person_ID_1613,person,Berlin (kein Wechsel),False
2026-08-17 20:25:18.259,car_ID_1633,car,Berlin->Potsdam,True
2026-08-17 20:25:32.091,car_ID_1634,car,Berlin->Potsdam,True
2026-08-17 20:25:56.485,car_ID_1636,car,Berlin->Potsdam,True
2026-08-17 20:25:57.646,car_ID_1635,car,Berlin->Potsdam,True
2026-08-17 20:26:01.630,car_ID_1637,car,Potsdam->Berlin,True
2026-08-17 20:26:10.388,car_ID_1638,car,Berlin->Potsdam,True
2026-08-17 20:26:20.627,car_ID_1639,car,Potsdam (kein Wechsel),False
2026-08-17 20:26:22.426,bus_ID_127,bus,Potsdam->Berlin,True
2026-08-17 20:26:23.996,bus_ID_126,bus,Potsdam->Berlin,True
2026-08-17 20:26:24.421,car_ID_1640,car,Berlin (kein Wechsel),False
2026-08-17 20:26:57.228,car_ID_1641,car,Potsdam->Berlin,True
2026-08-17 20:27:09.187,car_ID_1642,car,Berlin->Potsdam,True
2026-08-17 20:27:17.031,person_ID_1614,person,Potsdam (kein Wechsel),False
2026-08-17 20:27:18.133,person_ID_1615,person,Potsdam (kein Wechsel),False
2026-08-17 20:27:19.524,person_ID_1616,person,Berlin (kein Wechsel),False
2026-08-17 20:27:20.418,person_ID_1617,person,Berlin (kein Wechsel),False
2026-08-17 20:27:22.056,person_ID_1618,person,Berlin (kein Wechsel),False
2026-08-17 20:27:48.505,car_ID_1643,car,Berlin->Potsdam,True
2026-08-17 20:28:51.703,person_ID_1619,person,Berlin (kein Wechsel),False
2026-08-17 20:29:10.553,car_ID_1644,car,Potsdam->Berlin,True
2026-08-17 20:29:12.222,car_ID_1645,car,Potsdam->Berlin,True
2026-08-17 20:29:31.723,car_ID_1646,car,Potsdam->Berlin,True
2026-08-17 20:29:38.824,person_ID_1620,person,Potsdam (kein Wechsel),False
2026-08-17 20:29:40.928,person_ID_1621,person,Berlin (kein Wechsel),False
2026-08-17 20:30:40.733,person_ID_1622,person,Potsdam (kein Wechsel),False
2026-08-17 20:30:41.895,person_ID_1623,person,Potsdam (kein Wechsel),False
2026-08-17 20:30:43.432,person_ID_1624,person,Potsdam (kein Wechsel),False
2026-08-17 20:30:45.087,person_ID_1625,person,Berlin (kein Wechsel),False
2026-08-17 20:30:46.854,car_ID_1647,car,Potsdam->Berlin,True
2026-08-17 20:31:25.847,car_ID_1648,car,Berlin->Potsdam,True
2026-08-17 20:31:43.325,person_ID_1626,person,Potsdam (kein Wechsel),False
2026-08-17 20:33:09.830,person_ID_1627,person,Berlin (kein Wechsel),False
2026-08-17 20:33:10.214,person_ID_1628,person,Berlin (kein Wechsel),False
2026-08-17 20:33:11.397,person_ID_1629,person,Berlin (kein Wechsel),False
2026-08-17 20:34:01.324,car_ID_1649,car,Potsdam->Berlin,True
2026-08-17 20:34:36.394,person_ID_1631,person,Berlin (kein Wechsel),False
2026-08-17 20:34:39.331,person_ID_1630,person,Potsdam->Berlin,True
2026-08-17 20:34:48.528,person_ID_1632,person,Berlin (kein Wechsel),False
2026-08-17 20:35:15.531,car_ID_1650,car,Potsdam->Berlin,True
2026-08-17 20:39:44.605,car_ID_1651,car,Berlin->Potsdam,True
2026-08-17 20:40:16.084,car_ID_1652,car,Potsdam->Berlin,True
2026-08-17 20:40:23.928,car_ID_1653,car,Berlin (kein Wechsel),False
2026-08-17 20:40:25.952,bus_ID_129,bus,Berlin->Potsdam,True
2026-08-17 20:40:26.733,bus_ID_128,bus,Berlin->Potsdam,True
2026-08-17 20:40:27.897,car_ID_1654,car,Potsdam (kein Wechsel),False
2026-08-17 20:40:30.354,car_ID_1655,car,Berlin->Potsdam,True
2026-08-17 20:40:41.084,car_ID_1656,car,Berlin (kein Wechsel),False
2026-08-17 20:40:42.556,car_ID_1657,car,Berlin->Potsdam,True
2026-08-17 20:40:50.740,car_ID_1658,car,Berlin->Potsdam,True
2026-08-17 20:42:26.054,car_ID_1659,car,Potsdam->Berlin,True
2026-08-17 20:45:29.192,car_ID_1660,car,Potsdam (kein Wechsel),False
2026-08-17 20:45:32.785,car_ID_1661,car,Berlin (kein Wechsel),False
2026-08-17 20:45:42.955,car_ID_1662,car,Potsdam (kein Wechsel),False
2026-08-17 20:46:12.589,car_ID_1663,car,Berlin->Potsdam,True
2026-08-17 20:47:58.218,car_ID_1664,car,Potsdam->Berlin,True
2026-08-17 20:50:16.725,car_ID_1665,car,Berlin (kein Wechsel),False
2026-08-17 20:50:39.751,car_ID_1666,car,Berlin (kein Wechsel),False
2026-08-17 20:51:18.917,car_ID_1667,car,Berlin (kein Wechsel),False
2026-08-17 20:51:50.297,car_ID_1668,car,Potsdam->Berlin,True
2026-08-17 20:56:21.173,car_ID_1669,car,Berlin->Potsdam,True
2026-08-17 21:05:46.313,car_ID_1670,car,Berlin (kein Wechsel),False
2026-08-17 21:10:14.023,car_ID_1671,car,Berlin (kein Wechsel),False
2026-08-17 21:23:43.595,car_ID_1672,car,Berlin (kein Wechsel),False
2026-08-17 21:25:28.983,car_ID_1673,car,Potsdam (kein Wechsel),False
2026-08-17 21:25:34.031,car_ID_1674,car,Berlin (kein Wechsel),False
2026-08-17 21:39:38.297,car_ID_1675,car,Potsdam (kein Wechsel),False
2026-08-17 22:01:41.553,car_ID_1676,car,Potsdam (kein Wechsel),False
2026-08-17 22:02:38.368,car_ID_1677,car,Potsdam (kein Wechsel),False
2026-08-17 22:06:06.923,car_ID_1678,car,Potsdam (kein Wechsel),False
2026-08-17 22:26:46.653,car_ID_1679,car,Berlin (kein Wechsel),False
2026-08-17 22:26:47.020,car_ID_1680,car,Berlin (kein Wechsel),False
2026-08-17 22:26:48.696,car_ID_1681,car,Berlin (kein Wechsel),False
2026-08-17 22:27:34.595,car_ID_1682,car,Potsdam (kein Wechsel),False
2026-08-17 22:45:36.381,person_ID_1633,person,Potsdam (kein Wechsel),False
2026-08-17 23:16:57.756,car_ID_1683,car,Berlin (kein Wechsel),False
2026-08-17 23:31:18.786,person_ID_1634,person,Berlin (kein Wechsel),False
2026-08-17 23:37:26.120,person_ID_1635,person,Potsdam (kein Wechsel),False
2026-08-17 23:37:33.749,person_ID_1636,person,Potsdam (kein Wechsel),False
2026-08-17 23:38:33.987,car_ID_1684,car,Berlin (kein Wechsel),False
2026-08-17 23:44:07.062,car_ID_1685,car,Berlin (kein Wechsel),False
2026-08-17 23:56:08.785,person_ID_1637,person,Berlin (kein Wechsel),False
2026-08-18 00:15:06.218,person_ID_1638,person,Potsdam (kein Wechsel),False
2026-08-18 00:17:41.593,car_ID_1686,car,Potsdam (kein Wechsel),False
2026-08-18 00:25:46.552,person_ID_1639,person,Berlin (kein Wechsel),False
2026-08-18 00:26:05.982,person_ID_1640,person,Potsdam->Berlin,True
2026-08-18 00:26:16.019,person_ID_1641,person,Potsdam->Berlin,True
2026-08-18 00:26:43.548,car_ID_1687,car,Potsdam (kein Wechsel),False
2026-08-18 00:45:47.551,car_ID_1688,car,Potsdam (kein Wechsel),False
2026-08-18 00:45:52.527,car_ID_1689,car,Berlin (kein Wechsel),False
2026-08-18 00:56:36.553,car_ID_1690,car,Potsdam (kein Wechsel),False
2026-08-18 01:25:50.525,car_ID_1691,car,Potsdam (kein Wechsel),False
2026-08-18 02:42:35.358,car_ID_1692,car,Potsdam (kein Wechsel),False
2026-08-18 02:42:37.553,car_ID_1693,car,Berlin (kein Wechsel),False
2026-08-18 02:54:57.022,car_ID_1694,car,Berlin (kein Wechsel),False
2026-08-18 03:02:12.921,car_ID_1695,car,Potsdam (kein Wechsel),False
2026-08-18 03:02:14.510,car_ID_1696,car,Potsdam (kein Wechsel),False
2026-08-18 03:46:30.851,car_ID_1697,car,Berlin (kein Wechsel),False
2026-08-18 03:58:08.035,car_ID_1698,car,Potsdam (kein Wechsel),False
2026-08-18 03:59:03.252,car_ID_1699,car,Potsdam (kein Wechsel),False
2026-08-18 04:17:56.153,car_ID_1700,car,Berlin (kein Wechsel),False
2026-08-18 04:17:57.097,car_ID_1701,car,Berlin (kein Wechsel),False
2026-08-18 04:18:57.586,car_ID_1702,car,Berlin (kein Wechsel),False
2026-08-18 04:25:05.482,car_ID_1703,car,Potsdam (kein Wechsel),False
2026-08-18 04:25:11.425,car_ID_1704,car,Berlin (kein Wechsel),False
2026-08-18 04:44:51.051,car_ID_1705,car,Potsdam (kein Wechsel),False
2026-08-18 04:59:02.346,car_ID_1706,car,Berlin (kein Wechsel),False
2026-08-18 05:05:52.148,car_ID_1707,car,Potsdam (kein Wechsel),False
2026-08-18 05:05:58.742,car_ID_1708,car,Berlin (kein Wechsel),False
2026-08-18 05:18:32.648,car_ID_1709,car,Berlin (kein Wechsel),False
2026-08-18 05:18:39.230,car_ID_1710,car,Potsdam (kein Wechsel),False
2026-08-18 05:18:40.527,car_ID_1711,car,Potsdam (kein Wechsel),False
2026-08-18 05:21:43.296,car_ID_1712,car,Berlin (kein Wechsel),False
2026-08-18 05:24:09.019,car_ID_1713,car,Berlin->Potsdam,True
2026-08-18 05:24:14.686,car_ID_1714,car,Berlin (kein Wechsel),False
2026-08-18 05:24:15.954,car_ID_1715,car,Potsdam (kein Wechsel),False
2026-08-18 05:24:52.795,car_ID_1716,car,Berlin (kein Wechsel),False
2026-08-18 05:25:56.392,car_ID_1717,car,Potsdam (kein Wechsel),False
2026-08-18 05:25:58.597,car_ID_1718,car,Berlin (kein Wechsel),False
2026-08-18 05:26:02.592,car_ID_1719,car,Berlin->Potsdam,True
2026-08-18 05:26:43.919,car_ID_1720,car,Potsdam->Berlin,True
2026-08-18 05:26:44.191,car_ID_1721,car,Berlin (kein Wechsel),False
2026-08-18 05:26:48.444,car_ID_1722,car,Berlin (kein Wechsel),False
2026-08-18 05:28:09.793,person_ID_1642,person,Berlin (kein Wechsel),False
2026-08-18 05:28:14.521,car_ID_1723,car,Potsdam->Berlin,True
2026-08-18 05:33:39.957,car_ID_1724,car,Berlin->Potsdam,True
2026-08-18 05:35:02.226,car_ID_1725,car,Berlin->Potsdam,True
2026-08-18 05:35:47.263,car_ID_1726,car,Potsdam->Berlin,True
2026-08-18 05:38:26.153,car_ID_1727,car,Berlin (kein Wechsel),False
2026-08-18 05:38:37.090,car_ID_1728,car,Berlin->Potsdam,True
2026-08-18 05:38:43.399,car_ID_1729,car,Potsdam->Berlin,True
2026-08-18 05:38:51.053,car_ID_1730,car,Berlin->Potsdam,True
2026-08-18 05:40:06.493,car_ID_1731,car,Potsdam->Berlin,True
2026-08-18 05:40:15.632,person_ID_1643,person,Berlin (kein Wechsel),False
2026-08-18 05:40:16.927,person_ID_1644,person,Berlin->Potsdam,True
2026-08-18 05:40:33.517,car_ID_1732,car,Berlin (kein Wechsel),False
2026-08-18 05:40:36.718,bus_ID_131,bus,Potsdam (kein Wechsel),False
2026-08-18 05:40:36.752,bus_ID_130,bus,Berlin->Potsdam,True
2026-08-18 05:41:54.024,bicycle_ID_1326,bicycle,Berlin (kein Wechsel),False
2026-08-18 05:41:54.191,person_ID_1645,person,Berlin (kein Wechsel),False
2026-08-18 05:42:28.092,car_ID_1733,car,Berlin->Potsdam,True
2026-08-18 05:42:49.990,person_ID_1646,person,Potsdam (kein Wechsel),False
2026-08-18 05:42:53.477,person_ID_1647,person,Berlin (kein Wechsel),False
2026-08-18 05:43:14.194,car_ID_1734,car,Potsdam (kein Wechsel),False
2026-08-18 05:43:17.757,car_ID_1735,car,Berlin (kein Wechsel),False
2026-08-18 05:44:31.452,bus_ID_132,bus,Potsdam (kein Wechsel),False
2026-08-18 05:44:34.150,bus_ID_133,bus,Potsdam->Berlin,True
2026-08-18 05:44:34.686,car_ID_1736,car,Berlin (kein Wechsel),False
2026-08-18 05:45:22.194,car_ID_1737,car,Berlin (kein Wechsel),False
2026-08-18 05:45:22.230,car_ID_1738,car,Berlin (kein Wechsel),False
2026-08-18 05:46:21.486,car_ID_1739,car,Potsdam->Berlin,True
2026-08-18 05:46:31.490,person_ID_1648,person,Potsdam (kein Wechsel),False
2026-08-18 05:46:36.363,person_ID_1649,person,Berlin (kein Wechsel),False
2026-08-18 05:47:15.154,person_ID_1650,person,Potsdam (kein Wechsel),False
2026-08-18 05:47:21.342,person_ID_1651,person,Potsdam (kein Wechsel),False
2026-08-18 05:47:26.362,person_ID_1652,person,Potsdam->Berlin,True
2026-08-18 05:47:28.365,person_ID_1653,person,Berlin (kein Wechsel),False
2026-08-18 05:48:17.516,person_ID_1654,person,Potsdam (kein Wechsel),False
2026-08-18 05:48:18.511,person_ID_1655,person,Potsdam (kein Wechsel),False
2026-08-18 05:48:19.192,person_ID_1656,person,Potsdam (kein Wechsel),False
2026-08-18 05:48:23.527,person_ID_1657,person,Berlin (kein Wechsel),False
2026-08-18 05:49:49.617,car_ID_1740,car,Potsdam->Berlin,True
2026-08-18 05:49:56.852,person_ID_1658,person,Berlin (kein Wechsel),False
2026-08-18 05:49:57.636,bicycle_ID_1327,bicycle,Berlin (kein Wechsel),False
2026-08-18 05:50:21.708,person_ID_1660,person,Potsdam (kein Wechsel),False
2026-08-18 05:50:26.474,person_ID_1659,person,Potsdam->Berlin,True
2026-08-18 05:50:33.400,car_ID_1741,car,Berlin->Potsdam,True
2026-08-18 05:50:39.663,car_ID_1742,car,Potsdam (kein Wechsel),False
2026-08-18 05:50:58.670,person_ID_1661,person,Berlin (kein Wechsel),False
2026-08-18 05:52:09.938,person_ID_1662,person,Potsdam (kein Wechsel),False
2026-08-18 05:52:10.906,person_ID_1663,person,Potsdam (kein Wechsel),False
2026-08-18 05:52:12.130,person_ID_1664,person,Potsdam->Berlin,True
2026-08-18 05:52:12.773,person_ID_1665,person,Berlin (kein Wechsel),False
2026-08-18 05:52:13.635,person_ID_1666,person,Berlin (kein Wechsel),False
2026-08-18 05:52:14.334,person_ID_1667,person,Berlin (kein Wechsel),False
2026-08-18 05:55:04.600,person_ID_1668,person,Berlin (kein Wechsel),False
2026-08-18 05:55:06.169,bicycle_ID_1328,bicycle,Berlin (kein Wechsel),False
2026-08-18 05:55:07.113,person_ID_1669,person,Berlin->Potsdam,True
2026-08-18 05:55:29.604,car_ID_1744,car,Berlin (kein Wechsel),False
2026-08-18 05:55:31.736,car_ID_1743,car,Berlin->Potsdam,True
2026-08-18 05:55:39.767,person_ID_1670,person,Potsdam (kein Wechsel),False
2026-08-18 05:55:41.335,person_ID_1671,person,Potsdam (kein Wechsel),False
2026-08-18 05:55:42.670,person_ID_1672,person,Potsdam (kein Wechsel),False
2026-08-18 05:55:46.135,person_ID_1673,person,Berlin (kein Wechsel),False
2026-08-18 05:56:44.571,car_ID_1745,car,Berlin (kein Wechsel),False
2026-08-18 05:56:48.875,car_ID_1746,car,Berlin->Potsdam,True
2026-08-18 05:57:17.708,car_ID_1747,car,Potsdam->Berlin,True
2026-08-18 05:58:15.042,car_ID_1748,car,Potsdam->Berlin,True
2026-08-18 05:58:37.346,bicycle_ID_1329,bicycle,Potsdam (kein Wechsel),False
2026-08-18 05:58:37.948,bicycle_ID_1330,bicycle,Potsdam (kein Wechsel),False
2026-08-18 05:58:37.948,person_ID_1674,person,Potsdam (kein Wechsel),False
2026-08-18 05:58:38.411,person_ID_1675,person,Berlin (kein Wechsel),False
2026-08-18 05:58:40.843,person_ID_1676,person,Berlin (kein Wechsel),False
2026-08-18 05:59:14.147,car_ID_1749,car,Potsdam->Berlin,True
2026-08-18 05:59:19.347,car_ID_1750,car,Berlin (kein Wechsel),False
2026-08-18 05:59:20.113,bicycle_ID_1332,bicycle,Berlin (kein Wechsel),False
2026-08-18 05:59:21.116,car_ID_1751,car,Berlin (kein Wechsel),False
2026-08-18 05:59:21.816,bicycle_ID_1331,bicycle,Berlin->Potsdam,True
2026-08-18 05:59:21.851,person_ID_1677,person,Berlin->Potsdam,True
2026-08-18 05:59:24.446,bus_ID_134,bus,Berlin->Potsdam,True
2026-08-18 05:59:25.383,bus_ID_135,bus,Potsdam (kein Wechsel),False
2026-08-18 05:59:25.680,bus_ID_136,bus,Potsdam (kein Wechsel),False
2026-08-18 05:59:25.884,car_ID_1752,car,Potsdam (kein Wechsel),False
2026-08-18 06:00:17.285,car_ID_1753,car,Berlin->Potsdam,True
2026-08-18 06:00:18.416,person_ID_1678,person,Potsdam->Berlin,True
2026-08-18 06:00:20.320,car_ID_1754,car,Potsdam->Berlin,True
2026-08-18 06:00:24.624,bicycle_ID_1334,bicycle,Berlin (kein Wechsel),False
2026-08-18 06:00:25.120,bicycle_ID_1333,bicycle,Berlin->Potsdam,True
2026-08-18 06:00:25.217,person_ID_1679,person,Berlin->Potsdam,True
2026-08-18 06:00:27.686,car_ID_1755,car,Berlin (kein Wechsel),False
2026-08-18 06:00:36.085,person_ID_1680,person,Berlin (kein Wechsel),False
2026-08-18 06:00:51.619,car_ID_1756,car,Potsdam->Berlin,True
2026-08-18 06:00:54.723,car_ID_1757,car,Potsdam->Berlin,True
2026-08-18 06:01:38.857,car_ID_1758,car,Potsdam (kein Wechsel),False
2026-08-18 06:01:44.158,car_ID_1759,car,Berlin->Potsdam,True
2026-08-18 06:02:00.790,bicycle_ID_1335,bicycle,Potsdam (kein Wechsel),False
2026-08-18 06:02:01.724,person_ID_1681,person,Potsdam (kein Wechsel),False
2026-08-18 06:02:03.359,person_ID_1683,person,Potsdam->Berlin,True
2026-08-18 06:02:03.425,person_ID_1682,person,Potsdam (kein Wechsel),False
2026-08-18 06:02:05.122,person_ID_1684,person,Berlin (kein Wechsel),False
2026-08-18 06:02:06.020,person_ID_1685,person,Berlin (kein Wechsel),False
2026-08-18 06:02:25.020,car_ID_1760,car,Potsdam (kein Wechsel),False
2026-08-18 06:02:28.159,car_ID_1761,car,Potsdam->Berlin,True
2026-08-18 06:02:50.400,person_ID_1686,person,Berlin (kein Wechsel),False
2026-08-18 06:02:50.660,person_ID_1687,person,Berlin (kein Wechsel),False
2026-08-18 06:02:51.091,bicycle_ID_1336,bicycle,Berlin (kein Wechsel),False
2026-08-18 06:02:51.358,person_ID_1688,person,Berlin->Potsdam,True
2026-08-18 06:03:26.129,person_ID_1689,person,Potsdam (kein Wechsel),False
2026-08-18 06:03:27.131,person_ID_1690,person,Potsdam (kein Wechsel),False
2026-08-18 06:03:28.728,person_ID_1691,person,Berlin (kein Wechsel),False
2026-08-18 06:04:03.862,car_ID_1762,car,Berlin->Potsdam,True
2026-08-18 06:04:35.300,bus_ID_138,bus,Potsdam->Berlin,True
2026-08-18 06:04:37.967,bus_ID_137,bus,Potsdam->Berlin,True
2026-08-18 06:04:38.169,car_ID_1763,car,Berlin (kein Wechsel),False
2026-08-18 06:06:11.775,person_ID_1692,person,Berlin->Potsdam,True
2026-08-18 06:07:01.378,bicycle_ID_1337,bicycle,Berlin (kein Wechsel),False
2026-08-18 06:07:02.712,bicycle_ID_1341,bicycle,Berlin (kein Wechsel),False
2026-08-18 06:07:03.014,bicycle_ID_1338,bicycle,Berlin->Potsdam,True
2026-08-18 06:07:03.144,bicycle_ID_1340,bicycle,Berlin (kein Wechsel),False
2026-08-18 06:07:03.239,bicycle_ID_1339,bicycle,Berlin (kein Wechsel),False
2026-08-18 06:07:03.543,person_ID_1693,person,Berlin->Potsdam,True
2026-08-18 06:07:03.938,bicycle_ID_1343,bicycle,Berlin (kein Wechsel),False
2026-08-18 06:07:04.043,bicycle_ID_1342,bicycle,Berlin (kein Wechsel),False
2026-08-18 06:07:04.877,person_ID_1694,person,Berlin->Potsdam,True
2026-08-18 06:08:00.010,car_ID_1764,car,Berlin->Potsdam,True
2026-08-18 06:08:53.682,car_ID_1765,car,Berlin->Potsdam,True
2026-08-18 06:10:16.187,bicycle_ID_1344,bicycle,Berlin (kein Wechsel),False
2026-08-18 06:10:16.290,bicycle_ID_1345,bicycle,Potsdam (kein Wechsel),False
2026-08-18 06:10:16.787,person_ID_1695,person,Berlin->Potsdam,True
2026-08-18 06:10:18.723,person_ID_1696,person,Potsdam (kein Wechsel),False
2026-08-18 06:10:19.760,person_ID_1697,person,Potsdam (kein Wechsel),False
2026-08-18 06:10:21.953,car_ID_1766,car,Berlin (kein Wechsel),False
2026-08-18 06:10:22.056,person_ID_1698,person,Berlin (kein Wechsel),False
2026-08-18 06:10:22.591,car_ID_1767,car,Berlin->Potsdam,True
2026-08-18 06:10:31.724,car_ID_1768,car,Berlin->Potsdam,True
2026-08-18 06:10:33.489,car_ID_1769,car,Potsdam->Berlin,True
2026-08-18 06:11:16.191,person_ID_1699,person,Berlin (kein Wechsel),False
2026-08-18 06:11:16.325,bicycle_ID_1346,bicycle,Berlin->Potsdam,True
2026-08-18 06:11:16.761,person_ID_1700,person,Berlin->Potsdam,True
2026-08-18 06:12:16.297,bicycle_ID_1347,bicycle,Berlin (kein Wechsel),False
2026-08-18 06:12:16.797,person_ID_1701,person,Berlin (kein Wechsel),False
2026-08-18 06:12:17.459,bicycle_ID_1348,bicycle,Berlin->Potsdam,True
2026-08-18 06:12:27.598,bicycle_ID_1349,bicycle,Berlin (kein Wechsel),False
2026-08-18 06:12:29.000,person_ID_1702,person,Berlin (kein Wechsel),False
2026-08-18 06:12:29.865,bicycle_ID_1350,bicycle,Berlin->Potsdam,True
2026-08-18 06:12:34.296,car_ID_1770,car,Berlin->Potsdam,True
2026-08-18 06:12:42.967,person_ID_1703,person,Berlin (kein Wechsel),False
2026-08-18 06:12:42.967,person_ID_1704,person,Berlin (kein Wechsel),False
2026-08-18 06:12:44.866,person_ID_1705,person,Berlin (kein Wechsel),False
2026-08-18 06:13:02.435,bicycle_ID_1352,bicycle,Berlin (kein Wechsel),False
2026-08-18 06:13:02.698,person_ID_1706,person,Berlin (kein Wechsel),False
2026-08-18 06:13:03.033,bicycle_ID_1351,bicycle,Berlin->Potsdam,True
2026-08-18 06:13:03.533,person_ID_1707,person,Potsdam (kein Wechsel),False
2026-08-18 06:14:45.341,car_ID_1771,car,Potsdam->Berlin,True
2026-08-18 06:15:39.776,car_ID_1772,car,Berlin->Potsdam,True
2026-08-18 06:15:47.080,car_ID_1773,car,Berlin (kein Wechsel),False
2026-08-18 06:16:39.711,bicycle_ID_1353,bicycle,Potsdam (kein Wechsel),False
2026-08-18 06:16:43.045,bicycle_ID_1354,bicycle,Potsdam (kein Wechsel),False
2026-08-18 06:16:43.814,person_ID_1708,person,Potsdam->Berlin,True
2026-08-18 06:16:46.880,person_ID_1709,person,Potsdam (kein Wechsel),False
2026-08-18 06:16:48.050,car_ID_1774,car,Berlin->Potsdam,True
2026-08-18 06:16:48.282,person_ID_1710,person,Potsdam (kein Wechsel),False
2026-08-18 06:16:48.512,bicycle_ID_1355,bicycle,Potsdam (kein Wechsel),False
2026-08-18 06:16:49.780,person_ID_1711,person,Potsdam (kein Wechsel),False
2026-08-18 06:16:50.380,person_ID_1712,person,Berlin (kein Wechsel),False
2026-08-18 06:16:50.445,bicycle_ID_1356,bicycle,Potsdam (kein Wechsel),False
2026-08-18 06:16:50.515,person_ID_1713,person,Potsdam (kein Wechsel),False
2026-08-18 06:16:52.585,person_ID_1714,person,Potsdam->Berlin,True
2026-08-18 06:17:37.446,car_ID_1775,car,Berlin (kein Wechsel),False
2026-08-18 06:17:40.618,bus_ID_140,bus,Potsdam (kein Wechsel),False
2026-08-18 06:17:41.118,bus_ID_139,bus,Berlin->Potsdam,True
2026-08-18 06:17:42.283,car_ID_1777,car,Potsdam (kein Wechsel),False
2026-08-18 06:17:44.716,car_ID_1776,car,Berlin->Potsdam,True
2026-08-18 06:18:00.614,person_ID_1715,person,Potsdam (kein Wechsel),False
2026-08-18 06:18:04.085,car_ID_1778,car,Berlin (kein Wechsel),False
2026-08-18 06:18:29.423,car_ID_1779,car,Potsdam (kein Wechsel),False
2026-08-18 06:18:32.751,car_ID_1780,car,Potsdam->Berlin,True
2026-08-18 06:18:41.850,car_ID_1781,car,Potsdam (kein Wechsel),False
2026-08-18 06:18:43.755,car_ID_1782,car,Potsdam->Berlin,True
2026-08-18 06:19:43.790,car_ID_1783,car,Berlin->Potsdam,True
2026-08-18 06:19:44.587,car_ID_1784,car,Berlin->Potsdam,True
2026-08-18 06:19:45.291,car_ID_1785,car,Potsdam (kein Wechsel),False
2026-08-18 06:20:08.293,person_ID_1716,person,Potsdam (kein Wechsel),False
2026-08-18 06:20:09.689,person_ID_1717,person,Potsdam (kein Wechsel),False
2026-08-18 06:20:09.926,car_ID_1786,car,Potsdam->Berlin,True
2026-08-18 06:20:10.958,person_ID_1719,person,Potsdam (kein Wechsel),False
2026-08-18 06:20:14.362,person_ID_1720,person,Potsdam (kein Wechsel),False
2026-08-18 06:20:14.790,person_ID_1718,person,Potsdam (kein Wechsel),False
2026-08-18 06:20:18.361,person_ID_1722,person,Berlin (kein Wechsel),False
2026-08-18 06:20:32.157,person_ID_1721,person,Potsdam->Berlin,True
2026-08-18 06:20:44.863,person_ID_1723,person,Potsdam (kein Wechsel),False
2026-08-18 06:20:46.791,bicycle_ID_1357,bicycle,Berlin (kein Wechsel),False
2026-08-18 06:20:48.992,person_ID_1724,person,Potsdam->Berlin,True
2026-08-18 06:20:49.430,bicycle_ID_1358,bicycle,Berlin (kein Wechsel),False
2026-08-18 06:21:30.962,person_ID_1725,person,Potsdam (kein Wechsel),False
2026-08-18 06:21:32.698,car_ID_1787,car,Berlin->Potsdam,True
2026-08-18 06:22:02.663,car_ID_1788,car,Berlin->Potsdam,True
2026-08-18 06:22:04.566,bicycle_ID_1359,bicycle,Berlin (kein Wechsel),False
2026-08-18 06:22:07.496,person_ID_1726,person,Potsdam (kein Wechsel),False
2026-08-18 06:22:13.765,person_ID_1729,person,Potsdam (kein Wechsel),False
2026-08-18 06:22:14.430,person_ID_1728,person,Potsdam (kein Wechsel),False
2026-08-18 06:22:16.434,car_ID_1789,car,Potsdam->Berlin,True
2026-08-18 06:22:18.065,bicycle_ID_1360,bicycle,Berlin (kein Wechsel),False
2026-08-18 06:22:20.764,person_ID_1730,person,Potsdam->Berlin,True
2026-08-18 06:22:27.935,person_ID_1727,person,Berlin->Potsdam,True
2026-08-18 06:22:31.832,person_ID_1731,person,Potsdam (kein Wechsel),False
2026-08-18 06:22:37.570,bicycle_ID_1361,bicycle,Potsdam (kein Wechsel),False
2026-08-18 06:22:39.267,bicycle_ID_1362,bicycle,Berlin (kein Wechsel),False
2026-08-18 06:22:41.802,person_ID_1732,person,Potsdam (kein Wechsel),False
2026-08-18 06:22:42.871,bicycle_ID_1363,bicycle,Potsdam (kein Wechsel),False
2026-08-18 06:22:44.633,person_ID_1733,person,Berlin (kein Wechsel),False
2026-08-18 06:23:39.571,person_ID_1734,person,Potsdam (kein Wechsel),False
2026-08-18 06:23:41.170,person_ID_1735,person,Potsdam (kein Wechsel),False
2026-08-18 06:23:43.069,person_ID_1736,person,Berlin (kein Wechsel),False
2026-08-18 06:23:46.004,person_ID_1737,person,Berlin (kein Wechsel),False
2026-08-18 06:23:50.869,person_ID_1738,person,Potsdam (kein Wechsel),False
2026-08-18 06:23:51.805,bicycle_ID_1364,bicycle,Potsdam (kein Wechsel),False
2026-08-18 06:23:52.308,person_ID_1739,person,Potsdam->Berlin,True
2026-08-18 06:23:53.273,person_ID_1741,person,Berlin (kein Wechsel),False
2026-08-18 06:23:53.970,person_ID_1740,person,Berlin (kein Wechsel),False
2026-08-18 06:24:05.441,bicycle_ID_1365,bicycle,Potsdam (kein Wechsel),False
2026-08-18 06:24:07.142,person_ID_1742,person,Potsdam (kein Wechsel),False
2026-08-18 06:24:08.005,person_ID_1744,person,Potsdam (kein Wechsel),False
2026-08-18 06:24:08.338,bicycle_ID_1366,bicycle,Potsdam (kein Wechsel),False
2026-08-18 06:24:11.671,person_ID_1743,person,Potsdam->Berlin,True
2026-08-18 06:24:17.738,bus_ID_141,bus,Potsdam->Berlin,True
2026-08-18 06:24:17.873,car_ID_1790,car,Berlin (kein Wechsel),False
2026-08-18 06:24:22.605,car_ID_1791,car,Potsdam->Berlin,True
2026-08-18 06:24:28.742,car_ID_1792,car,Potsdam->Berlin,True
2026-08-18 06:24:29.774,car_ID_1793,car,Berlin (kein Wechsel),False
2026-08-18 06:24:58.377,car_ID_1794,car,Berlin->Potsdam,True
2026-08-18 06:25:06.512,car_ID_1795,car,Potsdam->Berlin,True
2026-08-18 06:25:40.544,car_ID_1796,car,Potsdam->Berlin,True
2026-08-18 06:25:58.413,car_ID_1797,car,Potsdam->Berlin,True
2026-08-18 06:26:01.078,car_ID_1798,car,Potsdam->Berlin,True
2026-08-18 06:27:04.989,bicycle_ID_1367,bicycle,Potsdam (kein Wechsel),False
2026-08-18 06:27:05.982,person_ID_1745,person,Potsdam (kein Wechsel),False
2026-08-18 06:27:06.119,person_ID_1746,person,Potsdam (kein Wechsel),False
2026-08-18 06:27:08.715,person_ID_1747,person,Potsdam->Berlin,True
2026-08-18 06:27:09.913,car_ID_1799,car,Berlin->Potsdam,True
2026-08-18 06:27:14.414,bicycle_ID_1368,bicycle,Potsdam (kein Wechsel),False
2026-08-18 06:27:14.951,person_ID_1748,person,Potsdam (kein Wechsel),False
2026-08-18 06:27:15.616,bicycle_ID_1369,bicycle,Potsdam (kein Wechsel),False
2026-08-18 06:27:16.151,person_ID_1749,person,Potsdam (kein Wechsel),False
2026-08-18 06:27:16.914,bicycle_ID_1371,bicycle,Potsdam (kein Wechsel),False
2026-08-18 06:27:18.351,bicycle_ID_1372,bicycle,Berlin (kein Wechsel),False
2026-08-18 06:27:21.716,bicycle_ID_1370,bicycle,Potsdam->Berlin,True
2026-08-18 06:27:21.983,person_ID_1750,person,Potsdam->Berlin,True
2026-08-18 06:28:21.025,car_ID_1800,car,Berlin->Potsdam,True
2026-08-18 06:28:44.955,car_ID_1801,car,Berlin->Potsdam,True
2026-08-18 06:29:20.458,car_ID_1802,car,Potsdam->Berlin,True
2026-08-18 06:29:27.787,car_ID_1803,car,Berlin->Potsdam,True
2026-08-18 06:30:13.761,bicycle_ID_1374,bicycle,Berlin (kein Wechsel),False
2026-08-18 06:30:15.627,bicycle_ID_1373,bicycle,Berlin->Potsdam,True
2026-08-18 06:30:15.759,person_ID_1752,person,Potsdam (kein Wechsel),False
2026-08-18 06:30:15.927,person_ID_1751,person,Berlin (kein Wechsel),False
2026-08-18 06:30:17.395,car_ID_1804,car,Potsdam->Berlin,True
2026-08-18 06:30:39.427,bicycle_ID_1375,bicycle,Potsdam->Berlin,True
2026-08-18 06:30:41.426,bicycle_ID_1376,bicycle,Berlin (kein Wechsel),False
2026-08-18 06:30:42.334,person_ID_1753,person,Potsdam->Berlin,True
2026-08-18 06:30:54.165,person_ID_1754,person,Potsdam (kein Wechsel),False
2026-08-18 06:30:55.428,person_ID_1755,person,Potsdam (kein Wechsel),False
2026-08-18 06:30:57.830,person_ID_1756,person,Berlin (kein Wechsel),False
2026-08-18 06:31:07.000,car_ID_1805,car,Potsdam->Berlin,True
2026-08-18 06:31:17.200,person_ID_1757,person,Potsdam (kein Wechsel),False
2026-08-18 06:31:17.799,person_ID_1758,person,Potsdam (kein Wechsel),False
2026-08-18 06:31:18.899,person_ID_1760,person,Potsdam (kein Wechsel),False
2026-08-18 06:31:19.766,person_ID_1762,person,Potsdam (kein Wechsel),False
2026-08-18 06:31:20.198,person_ID_1763,person,Potsdam (kein Wechsel),False
2026-08-18 06:31:20.301,bicycle_ID_1377,bicycle,Potsdam (kein Wechsel),False
2026-08-18 06:31:20.500,person_ID_1759,person,Potsdam->Berlin,True
2026-08-18 06:31:20.532,person_ID_1761,person,Potsdam->Berlin,True
2026-08-18 06:31:21.200,person_ID_1764,person,Berlin (kein Wechsel),False
2026-08-18 06:31:21.200,person_ID_1765,person,Berlin (kein Wechsel),False
2026-08-18 06:31:21.334,car_ID_1806,car,Berlin (kein Wechsel),False
2026-08-18 06:31:23.567,person_ID_1766,person,Berlin (kein Wechsel),False
2026-08-18 06:31:23.567,person_ID_1767,person,Berlin (kein Wechsel),False
2026-08-18 06:31:41.036,bicycle_ID_1378,bicycle,Potsdam (kein Wechsel),False
2026-08-18 06:31:41.633,person_ID_1768,person,Potsdam (kein Wechsel),False
2026-08-18 06:31:42.202,person_ID_1769,person,Potsdam (kein Wechsel),False
2026-08-18 06:31:44.032,bicycle_ID_1379,bicycle,Potsdam->Berlin,True
2026-08-18 06:31:48.231,bicycle_ID_1380,bicycle,Potsdam->Berlin,True
2026-08-18 06:31:48.466,person_ID_1770,person,Potsdam->Berlin,True
2026-08-18 06:32:00.403,car_ID_1807,car,Berlin (kein Wechsel),False
2026-08-18 06:32:04.167,car_ID_1808,car,Berlin->Potsdam,True
2026-08-18 06:32:06.937,car_ID_1809,car,Potsdam->Berlin,True
2026-08-18 06:32:15.168,bicycle_ID_1381,bicycle,Potsdam (kein Wechsel),False
2026-08-18 06:32:15.571,person_ID_1771,person,Potsdam (kein Wechsel),False
2026-08-18 06:32:17.469,bicycle_ID_1382,bicycle,Potsdam->Berlin,True
2026-08-18 06:32:18.334,person_ID_1772,person,Berlin (kein Wechsel),False
2026-08-18 06:32:18.633,person_ID_1773,person,Berlin (kein Wechsel),False
2026-08-18 06:32:22.070,bicycle_ID_1383,bicycle,Potsdam (kein Wechsel),False
2026-08-18 06:32:23.703,person_ID_1774,person,Potsdam (kein Wechsel),False
2026-08-18 06:32:24.070,bicycle_ID_1384,bicycle,Potsdam->Berlin,True
2026-08-18 06:32:24.537,bicycle_ID_1385,bicycle,Berlin (kein Wechsel),False
2026-08-18 06:32:25.033,person_ID_1775,person,Berlin (kein Wechsel),False
2026-08-18 06:32:25.034,person_ID_1776,person,Berlin (kein Wechsel),False
2026-08-18 06:32:26.038,person_ID_1777,person,Berlin (kein Wechsel),False
2026-08-18 06:32:31.705,person_ID_1778,person,Potsdam->Berlin,True
2026-08-18 06:32:33.133,person_ID_1779,person,Berlin (kein Wechsel),False
2026-08-18 06:32:50.736,car_ID_1810,car,Berlin (kein Wechsel),False
2026-08-18 06:32:51.270,car_ID_1811,car,Berlin->Potsdam,True
2026-08-18 06:32:53.806,bicycle_ID_1386,bicycle,Potsdam (kein Wechsel),False
2026-08-18 06:32:54.938,bicycle_ID_1387,bicycle,Berlin (kein Wechsel),False
2026-08-18 06:32:56.172,bicycle_ID_1388,bicycle,Berlin (kein Wechsel),False
2026-08-18 06:32:56.437,person_ID_1780,person,Potsdam->Berlin,True
2026-08-18 06:32:56.640,person_ID_1781,person,Berlin (kein Wechsel),False
2026-08-18 06:33:21.740,car_ID_1814,car,Berlin (kein Wechsel),False
2026-08-18 06:33:21.973,car_ID_1813,car,Berlin->Potsdam,True
2026-08-18 06:33:22.339,car_ID_1812,car,Potsdam->Berlin,True
2026-08-18 06:33:23.538,car_ID_1815,car,Potsdam (kein Wechsel),False
2026-08-18 06:33:27.407,person_ID_1782,person,Berlin->Potsdam,True
2026-08-18 06:33:30.140,bicycle_ID_1389,bicycle,Potsdam (kein Wechsel),False
2026-08-18 06:33:30.603,person_ID_1784,person,Potsdam (kein Wechsel),False
2026-08-18 06:33:32.547,bicycle_ID_1391,bicycle,Potsdam (kein Wechsel),False
2026-08-18 06:33:34.841,bicycle_ID_1390,bicycle,Potsdam->Berlin,True
2026-08-18 06:33:35.539,person_ID_1783,person,Potsdam (kein Wechsel),False
2026-08-18 06:33:35.573,person_ID_1785,person,Potsdam->Berlin,True
2026-08-18 06:33:39.513,car_ID_1817,car,Potsdam (kein Wechsel),False
2026-08-18 06:33:42.375,car_ID_1816,car,Potsdam->Berlin,True
2026-08-18 06:33:52.307,car_ID_1818,car,Berlin->Potsdam,True
2026-08-18 06:34:32.283,bicycle_ID_1393,bicycle,Berlin (kein Wechsel),False
2026-08-18 06:34:33.110,bicycle_ID_1394,bicycle,Berlin->Potsdam,True
2026-08-18 06:34:33.176,bicycle_ID_1392,bicycle,Berlin->Potsdam,True
2026-08-18 06:34:33.175,person_ID_1786,person,Berlin->Potsdam,True
2026-08-18 06:34:38.246,car_ID_1819,car,Berlin->Potsdam,True
2026-08-18 06:34:39.078,car_ID_1820,car,Potsdam (kein Wechsel),False
2026-08-18 06:34:57.775,person_ID_1787,person,Potsdam (kein Wechsel),False
2026-08-18 06:35:01.213,bicycle_ID_1395,bicycle,Potsdam->Berlin,True
2026-08-18 06:35:01.745,person_ID_1788,person,Potsdam->Berlin,True
2026-08-18 06:35:08.046,car_ID_1821,car,Potsdam->Berlin,True
2026-08-18 06:35:12.715,person_ID_1789,person,Berlin (kein Wechsel),False
2026-08-18 06:35:13.513,person_ID_1790,person,Berlin (kein Wechsel),False
2026-08-18 06:35:13.811,bicycle_ID_1396,bicycle,Berlin (kein Wechsel),False
2026-08-18 06:35:43.215,bicycle_ID_1397,bicycle,Potsdam->Berlin,True
2026-08-18 06:35:43.248,bicycle_ID_1398,bicycle,Berlin (kein Wechsel),False
2026-08-18 06:35:43.315,person_ID_1791,person,Potsdam->Berlin,True
2026-08-18 06:35:43.848,bicycle_ID_1399,bicycle,Berlin (kein Wechsel),False
2026-08-18 06:35:44.947,person_ID_1792,person,Berlin (kein Wechsel),False
2026-08-18 06:36:15.015,car_ID_1822,car,Berlin->Potsdam,True
2026-08-18 06:36:44.417,person_ID_1794,person,Berlin (kein Wechsel),False
2026-08-18 06:36:45.316,person_ID_1793,person,Berlin (kein Wechsel),False
2026-08-18 06:36:47.150,person_ID_1795,person,Berlin (kein Wechsel),False
2026-08-18 06:36:49.118,person_ID_1796,person,Berlin->Potsdam,True
2026-08-18 06:37:07.721,car_ID_1823,car,Potsdam->Berlin,True
2026-08-18 06:37:15.788,bicycle_ID_1400,bicycle,Berlin->Potsdam,True
2026-08-18 06:37:15.788,person_ID_1797,person,Berlin->Potsdam,True
2026-08-18 06:37:27.322,car_ID_1824,car,Potsdam->Berlin,True
2026-08-18 06:37:46.388,bicycle_ID_1401,bicycle,Potsdam (kein Wechsel),False
2026-08-18 06:37:46.922,person_ID_1798,person,Potsdam (kein Wechsel),False
2026-08-18 06:37:47.453,person_ID_1799,person,Potsdam (kein Wechsel),False
2026-08-18 06:37:48.588,person_ID_1800,person,Potsdam (kein Wechsel),False
2026-08-18 06:37:49.225,person_ID_1801,person,Berlin (kein Wechsel),False
2026-08-18 06:37:51.290,person_ID_1802,person,Berlin (kein Wechsel),False
2026-08-18 06:38:52.926,person_ID_1803,person,Berlin->Potsdam,True
2026-08-18 06:38:53.225,bicycle_ID_1403,bicycle,Berlin->Potsdam,True
2026-08-18 06:38:53.333,bicycle_ID_1402,bicycle,Berlin->Potsdam,True
2026-08-18 06:39:28.427,car_ID_1825,car,Berlin (kein Wechsel),False
2026-08-18 06:39:29.695,bus_ID_143,bus,Berlin (kein Wechsel),False
2026-08-18 06:39:31.262,bus_ID_142,bus,Berlin->Potsdam,True
2026-08-18 06:39:32.526,bus_ID_144,bus,Potsdam (kein Wechsel),False
2026-08-18 06:39:33.095,car_ID_1826,car,Potsdam (kein Wechsel),False
2026-08-18 06:40:07.502,car_ID_1827,car,Berlin (kein Wechsel),False
2026-08-18 06:40:09.464,person_ID_1804,person,Berlin->Potsdam,True
2026-08-18 06:40:10.066,bicycle_ID_1404,bicycle,Berlin->Potsdam,True
2026-08-18 06:40:30.196,car_ID_1828,car,Berlin->Potsdam,True
2026-08-18 06:40:39.702,person_ID_1805,person,Potsdam (kein Wechsel),False
2026-08-18 06:40:41.934,person_ID_1806,person,Potsdam->Berlin,True
2026-08-18 06:40:43.298,person_ID_1807,person,Berlin (kein Wechsel),False
2026-08-18 06:40:48.534,car_ID_1831,car,Potsdam (kein Wechsel),False
2026-08-18 06:40:49.368,car_ID_1832,car,Berlin->Potsdam,True
2026-08-18 06:40:49.400,car_ID_1830,car,Potsdam (kein Wechsel),False
2026-08-18 06:40:49.465,car_ID_1829,car,Berlin->Potsdam,True
2026-08-18 06:41:11.300,car_ID_1833,car,Potsdam->Berlin,True
2026-08-18 06:41:46.705,bicycle_ID_1405,bicycle,Potsdam (kein Wechsel),False
2026-08-18 06:41:47.806,bicycle_ID_1407,bicycle,Potsdam (kein Wechsel),False
2026-08-18 06:41:49.275,bicycle_ID_1408,bicycle,Berlin (kein Wechsel),False
2026-08-18 06:41:49.905,bicycle_ID_1406,bicycle,Potsdam->Berlin,True
2026-08-18 06:41:50.072,person_ID_1808,person,Potsdam->Berlin,True
2026-08-18 06:41:54.009,bicycle_ID_1409,bicycle,Potsdam (kein Wechsel),False
2026-08-18 06:41:54.638,bicycle_ID_1410,bicycle,Potsdam (kein Wechsel),False
2026-08-18 06:41:55.472,bicycle_ID_1411,bicycle,Potsdam (kein Wechsel),False
2026-08-18 06:41:58.239,bicycle_ID_1413,bicycle,Berlin (kein Wechsel),False
2026-08-18 06:41:58.738,person_ID_1809,person,Potsdam->Berlin,True
2026-08-18 06:41:59.042,bicycle_ID_1412,bicycle,Potsdam->Berlin,True
2026-08-18 06:42:24.841,bicycle_ID_1415,bicycle,Potsdam (kein Wechsel),False
2026-08-18 06:42:24.937,bicycle_ID_1414,bicycle,Potsdam (kein Wechsel),False
2026-08-18 06:42:25.608,person_ID_1810,person,Potsdam (kein Wechsel),False
2026-08-18 06:42:25.676,car_ID_1834,car,Berlin->Potsdam,True
2026-08-18 06:42:26.569,person_ID_1811,person,Potsdam (kein Wechsel),False
2026-08-18 06:42:27.777,person_ID_1812,person,Berlin (kein Wechsel),False
2026-08-18 06:42:27.874,bicycle_ID_1417,bicycle,Berlin (kein Wechsel),False
2026-08-18 06:42:27.939,bicycle_ID_1416,bicycle,Potsdam->Berlin,True
2026-08-18 06:42:29.241,person_ID_1813,person,Berlin (kein Wechsel),False
2026-08-18 06:42:29.276,bicycle_ID_1418,bicycle,Berlin (kein Wechsel),False
2026-08-18 06:42:36.872,car_ID_1835,car,Potsdam (kein Wechsel),False
2026-08-18 06:42:38.807,car_ID_1836,car,Potsdam->Berlin,True
2026-08-18 06:42:39.411,bicycle_ID_1420,bicycle,Potsdam (kein Wechsel),False
2026-08-18 06:42:39.477,bicycle_ID_1419,bicycle,Potsdam (kein Wechsel),False
2026-08-18 06:42:40.807,person_ID_1814,person,Potsdam (kein Wechsel),False
2026-08-18 06:42:41.709,person_ID_1815,person,Potsdam (kein Wechsel),False
2026-08-18 06:42:42.707,bicycle_ID_1421,bicycle,Potsdam->Berlin,True
2026-08-18 06:42:44.077,person_ID_1816,person,Berlin (kein Wechsel),False
2026-08-18 06:42:44.507,person_ID_1817,person,Berlin (kein Wechsel),False
2026-08-18 06:42:45.410,bicycle_ID_1422,bicycle,Potsdam->Berlin,True
2026-08-18 06:42:51.778,car_ID_1837,car,Potsdam->Berlin,True
2026-08-18 06:43:20.712,bicycle_ID_1424,bicycle,Berlin (kein Wechsel),False
2026-08-18 06:43:20.779,person_ID_1818,person,Berlin (kein Wechsel),False
2026-08-18 06:43:20.914,bicycle_ID_1423,bicycle,Berlin->Potsdam,True
2026-08-18 06:43:30.214,bicycle_ID_1425,bicycle,Potsdam (kein Wechsel),False
2026-08-18 06:43:30.611,person_ID_1819,person,Potsdam (kein Wechsel),False
2026-08-18 06:43:32.143,bicycle_ID_1427,bicycle,Potsdam (kein Wechsel),False
2026-08-18 06:43:33.411,bicycle_ID_1426,bicycle,Potsdam->Berlin,True
2026-08-18 06:43:34.680,bicycle_ID_1428,bicycle,Berlin (kein Wechsel),False
2026-08-18 06:43:35.311,person_ID_1820,person,Potsdam->Berlin,True
2026-08-18 06:43:42.715,car_ID_1838,car,Potsdam->Berlin,True
2026-08-18 06:43:55.513,car_ID_1839,car,Potsdam->Berlin,True
2026-08-18 06:44:02.912,car_ID_1841,car,Berlin->Potsdam,True
2026-08-18 06:44:03.145,car_ID_1840,car,Berlin->Potsdam,True
2026-08-18 06:44:04.744,car_ID_1843,car,Potsdam (kein Wechsel),False
2026-08-18 06:44:06.552,car_ID_1842,car,Berlin->Potsdam,True
2026-08-18 06:44:09.213,bicycle_ID_1429,bicycle,Berlin (kein Wechsel),False
2026-08-18 06:44:10.714,person_ID_1821,person,Berlin (kein Wechsel),False
2026-08-18 06:44:11.812,person_ID_1822,person,Berlin (kein Wechsel),False
2026-08-18 06:44:11.948,bicycle_ID_1431,bicycle,Berlin (kein Wechsel),False
2026-08-18 06:44:12.248,person_ID_1823,person,Berlin (kein Wechsel),False
2026-08-18 06:44:12.649,bicycle_ID_1430,bicycle,Berlin->Potsdam,True
2026-08-18 06:44:36.885,car_ID_1845,car,Berlin (kein Wechsel),False
2026-08-18 06:44:37.652,car_ID_1844,car,Berlin->Potsdam,True
2026-08-18 06:44:38.546,car_ID_1846,car,Potsdam (kein Wechsel),False
2026-08-18 06:44:45.181,car_ID_1847,car,Potsdam (kein Wechsel),False
2026-08-18 06:44:45.586,bus_ID_145,bus,Potsdam (kein Wechsel),False
2026-08-18 06:44:47.687,bus_ID_146,bus,Potsdam->Berlin,True
2026-08-18 06:44:49.817,bus_ID_147,bus,Potsdam->Berlin,True
2026-08-18 06:44:59.653,person_ID_1824,person,Potsdam (kein Wechsel),False
2026-08-18 06:45:10.020,car_ID_1848,car,Berlin (kein Wechsel),False
2026-08-18 06:45:10.821,bicycle_ID_1432,bicycle,Berlin (kein Wechsel),False
2026-08-18 06:45:11.884,bicycle_ID_1433,bicycle,Berlin->Potsdam,True
2026-08-18 06:45:12.387,person_ID_1826,person,Berlin->Potsdam,True
2026-08-18 06:45:13.751,person_ID_1825,person,Potsdam->Berlin,True
2026-08-18 06:45:17.419,bicycle_ID_1434,bicycle,Potsdam (kein Wechsel),False
2026-08-18 06:45:17.786,bicycle_ID_1435,bicycle,Potsdam (kein Wechsel),False
2026-08-18 06:45:18.252,person_ID_1827,person,Potsdam (kein Wechsel),False
2026-08-18 06:45:18.985,person_ID_1828,person,Potsdam (kein Wechsel),False
2026-08-18 06:45:20.454,person_ID_1829,person,Berlin (kein Wechsel),False
2026-08-18 06:45:23.051,bicycle_ID_1436,bicycle,Potsdam->Berlin,True
2026-08-18 06:45:23.388,person_ID_1830,person,Berlin (kein Wechsel),False
2026-08-18 06:45:41.924,car_ID_1850,car,Potsdam (kein Wechsel),False
2026-08-18 06:45:42.755,car_ID_1851,car,Potsdam->Berlin,True
2026-08-18 06:45:44.390,car_ID_1849,car,Potsdam->Berlin,True
2026-08-18 06:45:46.825,bicycle_ID_1437,bicycle,Potsdam (kein Wechsel),False
2026-08-18 06:45:48.117,person_ID_1831,person,Potsdam (kein Wechsel),False
2026-08-18 06:45:50.253,bicycle_ID_1438,bicycle,Potsdam->Berlin,True
2026-08-18 06:45:52.792,bicycle_ID_1439,bicycle,Berlin (kein Wechsel),False
2026-08-18 06:45:53.119,person_ID_1832,person,Potsdam->Berlin,True
2026-08-18 06:45:56.189,car_ID_1852,car,Potsdam->Berlin,True
2026-08-18 06:45:58.418,bicycle_ID_1440,bicycle,Berlin (kein Wechsel),False
2026-08-18 06:45:59.887,person_ID_1833,person,Berlin->Potsdam,True
2026-08-18 06:46:00.421,bicycle_ID_1441,bicycle,Berlin->Potsdam,True
2026-08-18 06:46:09.355,car_ID_1853,car,Potsdam->Berlin,True
2026-08-18 06:46:21.624,bicycle_ID_1443,bicycle,Berlin (kein Wechsel),False
2026-08-18 06:46:22.257,person_ID_1834,person,Berlin (kein Wechsel),False
2026-08-18 06:46:22.457,bicycle_ID_1442,bicycle,Berlin (kein Wechsel),False
2026-08-18 06:46:22.488,person_ID_1835,person,Berlin (kein Wechsel),False
2026-08-18 06:46:43.089,bicycle_ID_1444,bicycle,Berlin (kein Wechsel),False
2026-08-18 06:46:44.023,bicycle_ID_1445,bicycle,Berlin (kein Wechsel),False
2026-08-18 06:46:44.819,bicycle_ID_1446,bicycle,Berlin->Potsdam,True
2026-08-18 06:46:45.292,person_ID_1836,person,Berlin->Potsdam,True
2026-08-18 06:46:56.724,bicycle_ID_1447,bicycle,Berlin->Potsdam,True
2026-08-18 06:46:57.294,bicycle_ID_1448,bicycle,Berlin->Potsdam,True
2026-08-18 06:46:57.293,person_ID_1837,person,Berlin->Potsdam,True
2026-08-18 06:47:11.927,car_ID_1854,car,Potsdam->Berlin,True
2026-08-18 06:48:03.963,bicycle_ID_1449,bicycle,Potsdam (kein Wechsel),False
2026-08-18 06:48:04.464,bicycle_ID_1450,bicycle,Potsdam (kein Wechsel),False
2026-08-18 06:48:04.963,person_ID_1838,person,Potsdam (kein Wechsel),False
2026-08-18 06:48:05.791,person_ID_1839,person,Potsdam (kein Wechsel),False
2026-08-18 06:48:05.861,person_ID_1841,person,Potsdam (kein Wechsel),False
2026-08-18 06:48:05.996,bicycle_ID_1452,bicycle,Potsdam (kein Wechsel),False
2026-08-18 06:48:06.394,bicycle_ID_1451,bicycle,Potsdam->Berlin,True
2026-08-18 06:48:06.963,person_ID_1842,person,Potsdam->Berlin,True
2026-08-18 06:48:07.665,bicycle_ID_1453,bicycle,Berlin (kein Wechsel),False
2026-08-18 06:48:07.966,person_ID_1840,person,Potsdam->Berlin,True
2026-08-18 06:48:08.298,person_ID_1843,person,Berlin (kein Wechsel),False
2026-08-18 06:48:08.467,bicycle_ID_1454,bicycle,Berlin (kein Wechsel),False
2026-08-18 06:48:08.765,bicycle_ID_1455,bicycle,Berlin (kein Wechsel),False
2026-08-18 06:48:08.766,car_ID_1855,car,Berlin->Potsdam,True
2026-08-18 06:48:09.328,car_ID_1856,car,Potsdam (kein Wechsel),False
2026-08-18 06:48:20.096,car_ID_1857,car,Berlin->Potsdam,True
2026-08-18 06:49:02.136,car_ID_1858,car,Potsdam->Berlin,True
2026-08-18 06:49:06.368,bicycle_ID_1456,bicycle,Potsdam (kein Wechsel),False
2026-08-18 06:49:06.966,person_ID_1844,person,Potsdam (kein Wechsel),False
2026-08-18 06:49:07.034,bicycle_ID_1457,bicycle,Potsdam (kein Wechsel),False
2026-08-18 06:49:09.535,person_ID_1845,person,Potsdam->Berlin,True
2026-08-18 06:49:09.536,person_ID_1846,person,Potsdam (kein Wechsel),False
2026-08-18 06:49:09.932,bicycle_ID_1458,bicycle,Potsdam (kein Wechsel),False
2026-08-18 06:49:11.066,person_ID_1847,person,Berlin (kein Wechsel),False
2026-08-18 06:49:12.267,bicycle_ID_1459,bicycle,Berlin (kein Wechsel),False
2026-08-18 06:49:36.904,person_ID_1848,person,Berlin (kein Wechsel),False
2026-08-18 06:49:53.370,bicycle_ID_1461,bicycle,Berlin (kein Wechsel),False
2026-08-18 06:49:53.572,bicycle_ID_1460,bicycle,Berlin->Potsdam,True
2026-08-18 06:49:53.572,person_ID_1849,person,Berlin->Potsdam,True
2026-08-18 06:50:18.539,car_ID_1859,car,Potsdam->Berlin,True
2026-08-18 06:51:56.945,person_ID_1850,person,Berlin (kein Wechsel),False
2026-08-18 06:51:56.980,person_ID_1851,person,Berlin (kein Wechsel),False
2026-08-18 06:52:06.649,person_ID_1852,person,Potsdam (kein Wechsel),False
2026-08-18 06:52:07.813,person_ID_1853,person,Potsdam (kein Wechsel),False
2026-08-18 06:52:09.479,person_ID_1854,person,Potsdam (kein Wechsel),False
2026-08-18 06:52:10.851,person_ID_1855,person,Potsdam (kein Wechsel),False
2026-08-18 06:52:14.478,person_ID_1856,person,Potsdam->Berlin,True
2026-08-18 06:52:18.482,person_ID_1857,person,Berlin (kein Wechsel),False
2026-08-18 06:52:19.910,person_ID_1858,person,Berlin (kein Wechsel),False
2026-08-18 06:53:12.150,bicycle_ID_1462,bicycle,Potsdam (kein Wechsel),False
2026-08-18 06:53:13.015,bicycle_ID_1463,bicycle,Potsdam (kein Wechsel),False
2026-08-18 06:53:13.419,person_ID_1859,person,Potsdam (kein Wechsel),False
2026-08-18 06:53:16.584,bicycle_ID_1464,bicycle,Potsdam->Berlin,True
2026-08-18 06:53:16.651,person_ID_1860,person,Potsdam->Berlin,True
2026-08-18 06:53:19.954,car_ID_1861,car,Berlin->Potsdam,True
2026-08-18 06:53:20.620,bus_ID_148,bus,Berlin (kein Wechsel),False
2026-08-18 06:53:20.852,car_ID_1862,car,Berlin (kein Wechsel),False
2026-08-18 06:53:21.383,bus_ID_149,bus,Berlin (kein Wechsel),False
2026-08-18 06:53:21.986,car_ID_1860,car,Potsdam->Berlin,True
2026-08-18 06:53:23.618,person_ID_1861,person,Potsdam (kein Wechsel),False
2026-08-18 06:53:23.683,bicycle_ID_1465,bicycle,Potsdam (kein Wechsel),False
2026-08-18 06:53:23.853,bicycle_ID_1467,bicycle,Potsdam (kein Wechsel),False
2026-08-18 06:53:24.413,bicycle_ID_1466,bicycle,Potsdam (kein Wechsel),False
2026-08-18 06:53:24.414,person_ID_1862,person,Potsdam (kein Wechsel),False
2026-08-18 06:53:24.915,bicycle_ID_1469,bicycle,Potsdam (kein Wechsel),False
2026-08-18 06:53:26.384,bicycle_ID_1468,bicycle,Potsdam->Berlin,True
2026-08-18 06:53:27.350,car_ID_1863,car,Potsdam (kein Wechsel),False
2026-08-18 06:53:27.517,person_ID_1863,person,Potsdam->Berlin,True
2026-08-18 06:53:30.821,car_ID_1864,car,Potsdam->Berlin,True
2026-08-18 06:53:35.851,car_ID_1865,car,Berlin->Potsdam,True
2026-08-18 06:53:58.483,person_ID_1864,person,Berlin (kein Wechsel),False
2026-08-18 06:53:59.289,bicycle_ID_1470,bicycle,Berlin->Potsdam,True
2026-08-18 06:54:14.421,bicycle_ID_1471,bicycle,Potsdam (kein Wechsel),False
2026-08-18 06:54:14.655,person_ID_1865,person,Potsdam (kein Wechsel),False
2026-08-18 06:54:16.753,car_ID_1866,car,Berlin->Potsdam,True
2026-08-18 06:54:17.521,bicycle_ID_1472,bicycle,Berlin (kein Wechsel),False
2026-08-18 06:54:17.753,car_ID_1867,car,Potsdam (kein Wechsel),False
2026-08-18 06:54:19.790,bicycle_ID_1473,bicycle,Berlin (kein Wechsel),False
2026-08-18 06:54:19.955,person_ID_1866,person,Potsdam->Berlin,True
2026-08-18 06:54:30.589,person_ID_1867,person,Berlin (kein Wechsel),False
2026-08-18 06:54:30.885,person_ID_1868,person,Berlin (kein Wechsel),False
2026-08-18 06:54:42.387,car_ID_1868,car,Berlin (kein Wechsel),False
2026-08-18 06:54:45.184,car_ID_1869,car,Berlin (kein Wechsel),False
2026-08-18 06:55:18.264,car_ID_1870,car,Berlin->Potsdam,True
2026-08-18 06:55:20.893,car_ID_1871,car,Berlin (kein Wechsel),False
2026-08-18 06:55:38.362,car_ID_1872,car,Potsdam->Berlin,True
2026-08-18 06:55:38.794,car_ID_1873,car,Potsdam->Berlin,True
2026-08-18 06:55:58.359,bicycle_ID_1474,bicycle,Potsdam (kein Wechsel),False
2026-08-18 06:55:59.761,bicycle_ID_1475,bicycle,Potsdam (kein Wechsel),False
2026-08-18 06:56:01.027,bicycle_ID_1476,bicycle,Potsdam->Berlin,True
2026-08-18 06:56:04.066,person_ID_1869,person,Potsdam->Berlin,True
2026-08-18 06:56:04.130,bicycle_ID_1477,bicycle,Berlin (kein Wechsel),False
2026-08-18 06:56:06.994,bicycle_ID_1478,bicycle,Potsdam (kein Wechsel),False
2026-08-18 06:56:09.128,person_ID_1870,person,Potsdam (kein Wechsel),False
2026-08-18 06:56:10.728,bicycle_ID_1479,bicycle,Potsdam->Berlin,True
2026-08-18 06:56:10.859,person_ID_1871,person,Berlin (kein Wechsel),False
2026-08-18 06:56:12.793,bicycle_ID_1480,bicycle,Berlin (kein Wechsel),False
2026-08-18 06:56:13.928,person_ID_1872,person,Berlin->Potsdam,True
2026-08-18 06:56:24.230,bicycle_ID_1481,bicycle,Potsdam (kein Wechsel),False
2026-08-18 06:56:24.230,person_ID_1873,person,Potsdam (kein Wechsel),False
2026-08-18 06:56:24.565,bicycle_ID_1482,bicycle,Potsdam (kein Wechsel),False
2026-08-18 06:56:24.929,person_ID_1874,person,Potsdam (kein Wechsel),False
2026-08-18 06:56:28.928,bicycle_ID_1483,bicycle,Potsdam->Berlin,True
2026-08-18 06:56:28.959,person_ID_1875,person,Potsdam->Berlin,True
2026-08-18 06:56:31.095,bicycle_ID_1484,bicycle,Potsdam (kein Wechsel),False
2026-08-18 06:56:33.529,bicycle_ID_1486,bicycle,Berlin (kein Wechsel),False
2026-08-18 06:56:33.659,bicycle_ID_1485,bicycle,Potsdam->Berlin,True
2026-08-18 06:56:35.099,person_ID_1876,person,Potsdam->Berlin,True
2026-08-18 06:56:35.361,bicycle_ID_1487,bicycle,Berlin (kein Wechsel),False
2026-08-18 06:57:11.634,car_ID_1874,car,Berlin->Potsdam,True
2026-08-18 06:57:14.032,bicycle_ID_1488,bicycle,Potsdam (kein Wechsel),False
2026-08-18 06:57:14.598,person_ID_1877,person,Potsdam (kein Wechsel),False
2026-08-18 06:57:15.666,person_ID_1878,person,Potsdam (kein Wechsel),False
2026-08-18 06:57:16.599,bicycle_ID_1489,bicycle,Potsdam->Berlin,True
2026-08-18 06:57:16.834,person_ID_1879,person,Berlin (kein Wechsel),False
2026-08-18 06:57:17.698,person_ID_1880,person,Berlin (kein Wechsel),False
2026-08-18 06:57:17.931,bicycle_ID_1490,bicycle,Berlin (kein Wechsel),False
2026-08-18 06:57:18.099,bicycle_ID_1491,bicycle,Berlin (kein Wechsel),False
2026-08-18 06:57:25.968,bicycle_ID_1492,bicycle,Potsdam (kein Wechsel),False
2026-08-18 06:57:27.034,bicycle_ID_1493,bicycle,Potsdam (kein Wechsel),False
2026-08-18 06:57:27.434,person_ID_1881,person,Potsdam (kein Wechsel),False
2026-08-18 06:57:28.170,bicycle_ID_1495,bicycle,Potsdam (kein Wechsel),False
2026-08-18 06:57:28.998,bicycle_ID_1494,bicycle,Potsdam->Berlin,True
2026-08-18 06:57:29.367,person_ID_1882,person,Potsdam->Berlin,True
2026-08-18 06:57:30.133,bicycle_ID_1496,bicycle,Berlin (kein Wechsel),False
2026-08-18 06:57:31.799,person_ID_1883,person,Berlin (kein Wechsel),False
2026-08-18 06:57:32.533,car_ID_1876,car,Berlin (kein Wechsel),False
2026-08-18 06:57:32.731,car_ID_1877,car,Berlin->Potsdam,True
2026-08-18 06:57:33.300,car_ID_1875,car,Berlin->Potsdam,True
2026-08-18 06:57:34.432,car_ID_1879,car,Potsdam (kein Wechsel),False
2026-08-18 06:57:34.600,car_ID_1880,car,Potsdam (kein Wechsel),False
2026-08-18 06:57:34.730,car_ID_1878,car,Berlin->Potsdam,True
2026-08-18 06:57:36.333,car_ID_1881,car,Potsdam (kein Wechsel),False
2026-08-18 06:57:56.600,car_ID_1882,car,Potsdam (kein Wechsel),False
2026-08-18 06:57:56.733,car_ID_1883,car,Potsdam (kein Wechsel),False
2026-08-18 06:57:57.768,car_ID_1884,car,Potsdam (kein Wechsel),False
2026-08-18 06:58:31.371,car_ID_1885,car,Berlin->Potsdam,True
2026-08-18 06:58:51.239,car_ID_1886,car,Berlin (kein Wechsel),False
2026-08-18 06:58:52.040,bus_ID_150,bus,Berlin (kein Wechsel),False
2026-08-18 06:58:54.407,bus_ID_151,bus,Berlin->Potsdam,True
2026-08-18 06:59:13.542,car_ID_1887,car,Potsdam->Berlin,True
2026-08-18 06:59:40.474,car_ID_1888,car,Potsdam->Berlin,True
2026-08-18 07:00:04.342,car_ID_1889,car,Potsdam->Berlin,True
2026-08-18 07:00:20.144,person_ID_1884,person,Potsdam (kein Wechsel),False
2026-08-18 07:00:20.911,bicycle_ID_1497,bicycle,Potsdam (kein Wechsel),False
2026-08-18 07:00:21.113,person_ID_1885,person,Potsdam (kein Wechsel),False
2026-08-18 07:00:22.844,person_ID_1887,person,Potsdam->Berlin,True
2026-08-18 07:00:23.980,person_ID_1888,person,Berlin (kein Wechsel),False
2026-08-18 07:00:24.814,car_ID_1890,car,Berlin (kein Wechsel),False
2026-08-18 07:00:42.447,person_ID_1886,person,Potsdam->Berlin,True
2026-08-18 07:01:01.515,person_ID_1889,person,Potsdam (kein Wechsel),False
2026-08-18 07:01:02.451,car_ID_1891,car,Potsdam->Berlin,True
2026-08-18 07:01:02.483,person_ID_1890,person,Potsdam (kein Wechsel),False
2026-08-18 07:01:02.813,bicycle_ID_1498,bicycle,Potsdam->Berlin,True
2026-08-18 07:01:03.515,person_ID_1891,person,Berlin (kein Wechsel),False
2026-08-18 07:01:03.916,person_ID_1892,person,Berlin (kein Wechsel),False
2026-08-18 07:01:04.615,person_ID_1893,person,Berlin (kein Wechsel),False
2026-08-18 07:01:10.148,person_ID_1894,person,Potsdam (kein Wechsel),False
2026-08-18 07:01:10.183,bicycle_ID_1499,bicycle,Potsdam (kein Wechsel),False
2026-08-18 07:01:11.612,bicycle_ID_1500,bicycle,Potsdam->Berlin,True
2026-08-18 07:01:13.119,person_ID_1895,person,Potsdam->Berlin,True
2026-08-18 07:01:18.615,car_ID_1892,car,Potsdam->Berlin,True
2026-08-18 07:01:22.247,car_ID_1894,car,Berlin->Potsdam,True
2026-08-18 07:01:23.386,car_ID_1893,car,Potsdam->Berlin,True
2026-08-18 07:01:46.080,car_ID_1895,car,Potsdam->Berlin,True
2026-08-18 07:01:57.248,bicycle_ID_1501,bicycle,Potsdam (kein Wechsel),False
2026-08-18 07:01:57.350,bicycle_ID_1502,bicycle,Potsdam (kein Wechsel),False
2026-08-18 07:01:58.485,person_ID_1896,person,Potsdam (kein Wechsel),False
2026-08-18 07:01:59.318,person_ID_1898,person,Berlin (kein Wechsel),False
2026-08-18 07:01:59.784,bicycle_ID_1504,bicycle,Potsdam (kein Wechsel),False
2026-08-18 07:01:59.849,bicycle_ID_1503,bicycle,Potsdam->Berlin,True
2026-08-18 07:02:00.053,person_ID_1899,person,Berlin (kein Wechsel),False
2026-08-18 07:02:00.117,person_ID_1897,person,Potsdam (kein Wechsel),False
2026-08-18 07:02:00.951,bicycle_ID_1507,bicycle,Berlin (kein Wechsel),False
2026-08-18 07:02:01.186,person_ID_1900,person,Berlin (kein Wechsel),False
2026-08-18 07:02:01.282,person_ID_1902,person,Potsdam (kein Wechsel),False
2026-08-18 07:02:01.619,bicycle_ID_1505,bicycle,Potsdam->Berlin,True
2026-08-18 07:02:01.820,person_ID_1901,person,Potsdam->Berlin,True
2026-08-18 07:02:02.550,bicycle_ID_1506,bicycle,Potsdam->Berlin,True
2026-08-18 07:02:02.750,bicycle_ID_1508,bicycle,Berlin (kein Wechsel),False
2026-08-18 07:02:04.216,person_ID_1903,person,Berlin (kein Wechsel),False
2026-08-18 07:02:04.251,bicycle_ID_1509,bicycle,Berlin (kein Wechsel),False
2026-08-18 07:02:13.783,person_ID_1904,person,Potsdam (kein Wechsel),False
2026-08-18 07:02:15.052,person_ID_1905,person,Potsdam (kein Wechsel),False
2026-08-18 07:02:21.752,bicycle_ID_1510,bicycle,Potsdam (kein Wechsel),False
2026-08-18 07:02:22.787,person_ID_1906,person,Potsdam->Berlin,True
2026-08-18 07:02:22.852,person_ID_1907,person,Potsdam (kein Wechsel),False
2026-08-18 07:02:24.322,bicycle_ID_1511,bicycle,Potsdam->Berlin,True
2026-08-18 07:02:24.453,person_ID_1908,person,Berlin (kein Wechsel),False
2026-08-18 07:02:25.148,person_ID_1909,person,Berlin (kein Wechsel),False
2026-08-18 07:02:26.851,person_ID_1910,person,Berlin (kein Wechsel),False
2026-08-18 07:02:34.287,person_ID_1911,person,Potsdam (kein Wechsel),False
2026-08-18 07:02:34.888,bicycle_ID_1512,bicycle,Potsdam (kein Wechsel),False
2026-08-18 07:02:35.889,bicycle_ID_1513,bicycle,Potsdam (kein Wechsel),False
2026-08-18 07:02:35.889,person_ID_1913,person,Potsdam (kein Wechsel),False
2026-08-18 07:02:36.490,bicycle_ID_1515,bicycle,Potsdam (kein Wechsel),False
2026-08-18 07:02:37.150,bicycle_ID_1514,bicycle,Potsdam->Berlin,True
2026-08-18 07:02:38.320,bicycle_ID_1516,bicycle,Potsdam->Berlin,True
2026-08-18 07:02:38.886,bicycle_ID_1517,bicycle,Berlin (kein Wechsel),False
2026-08-18 07:02:38.951,person_ID_1914,person,Potsdam->Berlin,True
2026-08-18 07:02:39.053,person_ID_1912,person,Potsdam->Berlin,True
2026-08-18 07:02:39.220,bicycle_ID_1518,bicycle,Potsdam (kein Wechsel),False
2026-08-18 07:02:39.888,person_ID_1915,person,Potsdam (kein Wechsel),False
2026-08-18 07:02:41.690,bicycle_ID_1519,bicycle,Potsdam->Berlin,True
2026-08-18 07:02:42.789,person_ID_1917,person,Berlin->Potsdam,True
2026-08-18 07:02:42.822,bicycle_ID_1520,bicycle,Berlin->Potsdam,True
2026-08-18 07:02:43.520,bicycle_ID_1521,bicycle,Berlin (kein Wechsel),False
2026-08-18 07:02:43.625,person_ID_1916,person,Potsdam->Berlin,True
2026-08-18 07:03:06.056,car_ID_1896,car,Berlin (kein Wechsel),False
2026-08-18 07:03:06.121,car_ID_1897,car,Berlin (kein Wechsel),False
2026-08-18 07:03:06.286,bus_ID_152,bus,Berlin (kein Wechsel),False
2026-08-18 07:03:13.188,car_ID_1898,car,Potsdam->Berlin,True
2026-08-18 07:03:15.019,car_ID_1899,car,Potsdam->Berlin,True
2026-08-18 07:03:27.957,person_ID_1918,person,Potsdam (kein Wechsel),False
2026-08-18 07:03:28.988,bicycle_ID_1523,bicycle,Potsdam (kein Wechsel),False
2026-08-18 07:03:30.021,bicycle_ID_1524,bicycle,Berlin (kein Wechsel),False
2026-08-18 07:03:30.086,person_ID_1919,person,Potsdam->Berlin,True
2026-08-18 07:03:31.557,bicycle_ID_1522,bicycle,Potsdam->Berlin,True
2026-08-18 07:03:32.358,car_ID_1900,car,Berlin (kein Wechsel),False
2026-08-18 07:03:41.757,person_ID_1920,person,Berlin (kein Wechsel),False
2026-08-18 07:03:44.789,bicycle_ID_1525,bicycle,Potsdam (kein Wechsel),False
2026-08-18 07:03:45.090,bicycle_ID_1526,bicycle,Potsdam (kein Wechsel),False
2026-08-18 07:03:45.790,car_ID_1901,car,Berlin->Potsdam,True
2026-08-18 07:03:47.393,bicycle_ID_1529,bicycle,Berlin (kein Wechsel),False
2026-08-18 07:03:47.892,bicycle_ID_1527,bicycle,Potsdam->Berlin,True
2026-08-18 07:03:48.855,person_ID_1921,person,Berlin->Potsdam,True
2026-08-18 07:03:49.222,bicycle_ID_1530,bicycle,Berlin (kein Wechsel),False
2026-08-18 07:03:49.523,bicycle_ID_1528,bicycle,Potsdam->Berlin,True
2026-08-18 07:03:49.725,person_ID_1922,person,Potsdam->Berlin,True
2026-08-18 07:03:50.760,car_ID_1903,car,Berlin (kein Wechsel),False
2026-08-18 07:03:51.824,bus_ID_153,bus,Berlin (kein Wechsel),False
2026-08-18 07:03:52.726,car_ID_1902,car,Potsdam->Berlin,True
2026-08-18 07:03:55.059,person_ID_1923,person,Potsdam (kein Wechsel),False
2026-08-18 07:04:09.123,car_ID_1904,car,Potsdam->Berlin,True
2026-08-18 07:04:11.325,person_ID_1924,person,Berlin (kein Wechsel),False
2026-08-18 07:04:11.963,person_ID_1926,person,Berlin (kein Wechsel),False
2026-08-18 07:04:12.027,bicycle_ID_1531,bicycle,Berlin (kein Wechsel),False
2026-08-18 07:04:12.320,person_ID_1925,person,Berlin (kein Wechsel),False
2026-08-18 07:04:12.623,bicycle_ID_1532,bicycle,Berlin->Potsdam,True
2026-08-18 07:04:12.623,person_ID_1927,person,Berlin->Potsdam,True
2026-08-18 07:04:31.925,car_ID_1905,car,Potsdam->Berlin,True
2026-08-18 07:04:47.924,person_ID_1928,person,Berlin->Potsdam,True
2026-08-18 07:04:48.395,bicycle_ID_1533,bicycle,Berlin->Potsdam,True
2026-08-18 07:05:03.896,bicycle_ID_1534,bicycle,Potsdam (kein Wechsel),False
2026-08-18 07:05:06.426,person_ID_1929,person,Berlin (kein Wechsel),False
2026-08-18 07:05:06.531,bicycle_ID_1536,bicycle,Berlin (kein Wechsel),False
2026-08-18 07:05:08.496,person_ID_1930,person,Berlin (kein Wechsel),False
2026-08-18 07:05:08.527,bicycle_ID_1535,bicycle,Potsdam->Berlin,True
2026-08-18 07:05:08.527,bicycle_ID_1537,bicycle,Berlin (kein Wechsel),False
2026-08-18 07:05:22.099,car_ID_1906,car,Berlin->Potsdam,True
2026-08-18 07:05:41.198,bus_ID_154,bus,Potsdam (kein Wechsel),False
2026-08-18 07:05:45.733,bus_ID_155,bus,Potsdam->Berlin,True
2026-08-18 07:05:45.898,car_ID_1907,car,Berlin (kein Wechsel),False
2026-08-18 07:06:32.502,bicycle_ID_1538,bicycle,Potsdam (kein Wechsel),False
2026-08-18 07:06:33.667,person_ID_1931,person,Potsdam (kein Wechsel),False
2026-08-18 07:06:35.367,person_ID_1932,person,Potsdam (kein Wechsel),False
2026-08-18 07:06:36.168,bicycle_ID_1540,bicycle,Potsdam->Berlin,True
2026-08-18 07:06:36.403,person_ID_1933,person,Berlin (kein Wechsel),False
2026-08-18 07:06:37.500,bicycle_ID_1539,bicycle,Potsdam->Berlin,True
2026-08-18 07:06:39.668,bicycle_ID_1541,bicycle,Berlin (kein Wechsel),False
2026-08-18 07:06:39.668,person_ID_1934,person,Berlin (kein Wechsel),False
2026-08-18 07:06:48.935,car_ID_1908,car,Berlin->Potsdam,True
2026-08-18 07:06:56.240,car_ID_1909,car,Berlin->Potsdam,True
2026-08-18 07:07:01.903,car_ID_1910,car,Potsdam->Berlin,True
2026-08-18 07:07:04.136,car_ID_1911,car,Potsdam->Berlin,True
2026-08-18 07:07:35.869,car_ID_1913,car,Berlin (kein Wechsel),False
2026-08-18 07:07:36.875,car_ID_1912,car,Potsdam->Berlin,True
2026-08-18 07:08:26.308,car_ID_1914,car,Potsdam->Berlin,True
2026-08-18 07:08:53.740,car_ID_1915,car,Potsdam->Berlin,True
2026-08-18 07:08:54.142,car_ID_1916,car,Potsdam->Berlin,True
2026-08-18 07:10:01.014,car_ID_1918,car,Potsdam->Berlin,True
2026-08-18 07:10:01.082,car_ID_1919,car,Berlin (kein Wechsel),False
2026-08-18 07:10:01.254,car_ID_1917,car,Potsdam->Berlin,True
2026-08-18 07:10:09.815,car_ID_1920,car,Potsdam->Berlin,True
2026-08-18 07:10:13.483,car_ID_1921,car,Potsdam->Berlin,True
2026-08-18 07:10:33.320,car_ID_1923,car,Potsdam (kein Wechsel),False
2026-08-18 07:10:33.683,car_ID_1922,car,Potsdam (kein Wechsel),False
2026-08-18 07:10:34.883,bus_ID_156,bus,Potsdam (kein Wechsel),False
2026-08-18 07:10:34.916,bus_ID_157,bus,Potsdam (kein Wechsel),False
2026-08-18 07:10:40.315,car_ID_1924,car,Potsdam->Berlin,True
2026-08-18 07:10:42.482,car_ID_1925,car,Berlin (kein Wechsel),False
2026-08-18 07:10:44.487,person_ID_1935,person,Potsdam (kein Wechsel),False
2026-08-18 07:10:47.521,person_ID_1936,person,Potsdam->Berlin,True
2026-08-18 07:10:47.851,person_ID_1937,person,Berlin (kein Wechsel),False
2026-08-18 07:10:47.884,person_ID_1938,person,Berlin (kein Wechsel),False
2026-08-18 07:10:47.985,bicycle_ID_1542,bicycle,Potsdam->Berlin,True
2026-08-18 07:10:47.985,bicycle_ID_1543,bicycle,Berlin (kein Wechsel),False
2026-08-18 07:11:01.483,car_ID_1926,car,Berlin (kein Wechsel),False
2026-08-18 07:11:11.052,car_ID_1927,car,Berlin->Potsdam,True
2026-08-18 07:11:19.085,bicycle_ID_1544,bicycle,Potsdam (kein Wechsel),False
2026-08-18 07:11:19.685,bicycle_ID_1545,bicycle,Potsdam (kein Wechsel),False
2026-08-18 07:11:20.118,person_ID_1939,person,Potsdam (kein Wechsel),False
2026-08-18 07:11:20.419,bicycle_ID_1546,bicycle,Potsdam (kein Wechsel),False
2026-08-18 07:11:24.154,bicycle_ID_1547,bicycle,Potsdam->Berlin,True
2026-08-18 07:11:24.719,person_ID_1941,person,Potsdam->Berlin,True
2026-08-18 07:11:25.287,person_ID_1940,person,Berlin (kein Wechsel),False
2026-08-18 07:11:28.021,bicycle_ID_1548,bicycle,Potsdam (kein Wechsel),False
2026-08-18 07:11:28.818,bicycle_ID_1549,bicycle,Potsdam (kein Wechsel),False
2026-08-18 07:11:29.652,car_ID_1928,car,Potsdam->Berlin,True
2026-08-18 07:11:29.716,person_ID_1942,person,Potsdam (kein Wechsel),False
2026-08-18 07:11:29.854,bicycle_ID_1550,bicycle,Potsdam (kein Wechsel),False
2026-08-18 07:11:31.723,bicycle_ID_1551,bicycle,Potsdam->Berlin,True
2026-08-18 07:11:33.652,bicycle_ID_1552,bicycle,Berlin (kein Wechsel),False
2026-08-18 07:11:33.688,person_ID_1943,person,Potsdam->Berlin,True
2026-08-18 07:11:43.558,bicycle_ID_1553,bicycle,Berlin->Potsdam,True
2026-08-18 07:11:43.558,person_ID_1944,person,Berlin->Potsdam,True
2026-08-18 07:11:43.985,bicycle_ID_1554,bicycle,Potsdam (kein Wechsel),False
2026-08-18 07:11:44.921,bicycle_ID_1555,bicycle,Potsdam (kein Wechsel),False
2026-08-18 07:11:45.258,car_ID_1929,car,Berlin->Potsdam,True
2026-08-18 07:11:45.389,person_ID_1945,person,Potsdam (kein Wechsel),False
2026-08-18 07:11:45.953,person_ID_1946,person,Potsdam (kein Wechsel),False
2026-08-18 07:11:46.017,bicycle_ID_1556,bicycle,Potsdam (kein Wechsel),False
2026-08-18 07:11:47.157,car_ID_1930,car,Potsdam (kein Wechsel),False
2026-08-18 07:11:48.487,bicycle_ID_1557,bicycle,Potsdam->Berlin,True
2026-08-18 07:11:50.353,bicycle_ID_1558,bicycle,Berlin (kein Wechsel),False
2026-08-18 07:11:51.086,person_ID_1947,person,Potsdam->Berlin,True
2026-08-18 07:11:52.123,car_ID_1931,car,Berlin->Potsdam,True
2026-08-18 07:12:03.954,person_ID_1949,person,Potsdam (kein Wechsel),False
2026-08-18 07:12:06.656,person_ID_1950,person,Potsdam (kein Wechsel),False
2026-08-18 07:12:07.823,person_ID_1948,person,Berlin->Potsdam,True
2026-08-18 07:12:08.790,person_ID_1951,person,Potsdam (kein Wechsel),False
2026-08-18 07:12:09.656,bicycle_ID_1559,bicycle,Potsdam (kein Wechsel),False
2026-08-18 07:12:09.990,car_ID_1933,car,Berlin (kein Wechsel),False
2026-08-18 07:12:11.388,car_ID_1932,car,Potsdam->Berlin,True
2026-08-18 07:12:11.989,person_ID_1953,person,Berlin->Potsdam,True
2026-08-18 07:12:14.054,person_ID_1952,person,Potsdam (kein Wechsel),False
2026-08-18 07:12:14.156,person_ID_1954,person,Potsdam (kein Wechsel),False
2026-08-18 07:12:44.791,car_ID_1934,car,Potsdam->Berlin,True
2026-08-18 07:12:52.621,bicycle_ID_1560,bicycle,Potsdam (kein Wechsel),False
2026-08-18 07:12:53.592,person_ID_1955,person,Potsdam (kein Wechsel),False
2026-08-18 07:12:53.822,person_ID_1956,person,Potsdam (kein Wechsel),False
2026-08-18 07:12:54.758,person_ID_1957,person,Berlin (kein Wechsel),False
2026-08-18 07:12:55.459,person_ID_1958,person,Berlin (kein Wechsel),False
2026-08-18 07:12:55.990,bicycle_ID_1561,bicycle,Potsdam->Berlin,True
2026-08-18 07:12:56.159,bicycle_ID_1562,bicycle,Berlin (kein Wechsel),False
2026-08-18 07:13:19.500,car_ID_1935,car,Potsdam (kein Wechsel),False
2026-08-18 07:13:21.461,car_ID_1936,car,Potsdam->Berlin,True
2026-08-18 07:13:29.495,car_ID_1937,car,Berlin->Potsdam,True
2026-08-18 07:13:40.363,bicycle_ID_1563,bicycle,Potsdam (kein Wechsel),False
2026-08-18 07:13:46.229,person_ID_1959,person,Potsdam->Berlin,True
2026-08-18 07:13:51.262,car_ID_1939,car,Berlin (kein Wechsel),False
2026-08-18 07:13:51.961,car_ID_1938,car,Potsdam->Berlin,True
2026-08-18 07:13:53.730,bicycle_ID_1564,bicycle,Berlin (kein Wechsel),False
2026-08-18 07:13:54.532,bicycle_ID_1565,bicycle,Berlin->Potsdam,True
2026-08-18 07:13:54.597,person_ID_1960,person,Berlin->Potsdam,True
2026-08-18 07:13:54.762,bicycle_ID_1566,bicycle,Berlin (kein Wechsel),False
2026-08-18 07:14:02.865,bicycle_ID_1567,bicycle,Berlin (kein Wechsel),False
2026-08-18 07:14:03.330,person_ID_1961,person,Berlin->Potsdam,True
2026-08-18 07:14:13.962,bicycle_ID_1568,bicycle,Berlin->Potsdam,True
2026-08-18 07:14:13.961,person_ID_1962,person,Berlin->Potsdam,True
2026-08-18 07:14:21.730,car_ID_1941,car,Potsdam (kein Wechsel),False
2026-08-18 07:14:23.638,car_ID_1942,car,Berlin (kein Wechsel),False
2026-08-18 07:14:26.330,car_ID_1940,car,Potsdam->Berlin,True
2026-08-18 07:14:35.831,bicycle_ID_1569,bicycle,Berlin->Potsdam,True
2026-08-18 07:14:36.064,person_ID_1963,person,Berlin->Potsdam,True
2026-08-18 07:14:36.197,bicycle_ID_1570,bicycle,Berlin->Potsdam,True
2026-08-18 07:14:40.165,person_ID_1964,person,Berlin (kein Wechsel),False
2026-08-18 07:14:40.333,bicycle_ID_1571,bicycle,Berlin (kein Wechsel),False
2026-08-18 07:14:40.499,person_ID_1965,person,Berlin (kein Wechsel),False
2026-08-18 07:14:50.503,bicycle_ID_1572,bicycle,Berlin (kein Wechsel),False
2026-08-18 07:14:52.333,person_ID_1966,person,Berlin->Potsdam,True
2026-08-18 07:14:52.865,bicycle_ID_1573,bicycle,Berlin->Potsdam,True
2026-08-18 07:14:53.232,car_ID_1943,car,Potsdam->Berlin,True
2026-08-18 07:15:07.765,person_ID_1967,person,Potsdam (kein Wechsel),False
2026-08-18 07:15:08.471,bicycle_ID_1575,bicycle,Potsdam (kein Wechsel),False
2026-08-18 07:15:10.005,bicycle_ID_1574,bicycle,Potsdam->Berlin,True
2026-08-18 07:15:11.663,person_ID_1968,person,Potsdam->Berlin,True
2026-08-18 07:15:12.168,car_ID_1944,car,Berlin (kein Wechsel),False
2026-08-18 07:15:33.466,person_ID_1969,person,Potsdam (kein Wechsel),False
2026-08-18 07:15:34.065,bicycle_ID_1576,bicycle,Potsdam (kein Wechsel),False
2026-08-18 07:15:34.233,car_ID_1945,car,Potsdam->Berlin,True
2026-08-18 07:15:34.702,person_ID_1970,person,Berlin (kein Wechsel),False
2026-08-18 07:15:35.502,person_ID_1971,person,Berlin (kein Wechsel),False
2026-08-18 07:15:36.503,bicycle_ID_1577,bicycle,Berlin (kein Wechsel),False
2026-08-18 07:15:36.566,person_ID_1972,person,Berlin (kein Wechsel),False
2026-08-18 07:16:33.769,car_ID_1947,car,Berlin (kein Wechsel),False
2026-08-18 07:16:35.004,car_ID_1946,car,Potsdam->Berlin,True
2026-08-18 07:16:43.077,car_ID_1948,car,Berlin->Potsdam,True
2026-08-18 07:16:58.371,person_ID_1973,person,Potsdam (kein Wechsel),False
2026-08-18 07:16:58.502,bicycle_ID_1578,bicycle,Potsdam (kein Wechsel),False
2026-08-18 07:16:58.871,bicycle_ID_1579,bicycle,Potsdam (kein Wechsel),False
2026-08-18 07:16:59.675,person_ID_1975,person,Potsdam (kein Wechsel),False
2026-08-18 07:16:59.706,person_ID_1974,person,Potsdam (kein Wechsel),False
2026-08-18 07:16:59.773,bicycle_ID_1580,bicycle,Potsdam (kein Wechsel),False
2026-08-18 07:17:00.639,person_ID_1976,person,Potsdam (kein Wechsel),False
2026-08-18 07:17:01.974,bicycle_ID_1581,bicycle,Potsdam->Berlin,True
2026-08-18 07:17:03.071,bicycle_ID_1582,bicycle,Berlin (kein Wechsel),False
2026-08-18 07:17:03.903,person_ID_1977,person,Potsdam->Berlin,True
2026-08-18 07:17:16.971,bicycle_ID_1583,bicycle,Potsdam (kein Wechsel),False
2026-08-18 07:17:21.173,bicycle_ID_1584,bicycle,Berlin (kein Wechsel),False
2026-08-18 07:17:21.406,person_ID_1979,person,Berlin (kein Wechsel),False
2026-08-18 07:17:21.910,person_ID_1978,person,Potsdam->Berlin,True
2026-08-18 07:17:22.272,bicycle_ID_1585,bicycle,Berlin (kein Wechsel),False
2026-08-18 07:17:29.639,car_ID_1949,car,Berlin->Potsdam,True
2026-08-18 07:17:40.642,bicycle_ID_1586,bicycle,Potsdam (kein Wechsel),False
2026-08-18 07:17:41.208,person_ID_1980,person,Potsdam (kein Wechsel),False
2026-08-18 07:17:43.503,bicycle_ID_1587,bicycle,Potsdam->Berlin,True
2026-08-18 07:17:45.245,bicycle_ID_1588,bicycle,Berlin (kein Wechsel),False
2026-08-18 07:17:45.311,person_ID_1981,person,Potsdam->Berlin,True
2026-08-18 07:17:57.408,bicycle_ID_1589,bicycle,Potsdam (kein Wechsel),False
2026-08-18 07:17:57.645,bicycle_ID_1590,bicycle,Potsdam (kein Wechsel),False
2026-08-18 07:17:58.975,bicycle_ID_1592,bicycle,Potsdam (kein Wechsel),False
2026-08-18 07:17:59.140,person_ID_1983,person,Potsdam (kein Wechsel),False
2026-08-18 07:17:59.243,bicycle_ID_1591,bicycle,Potsdam (kein Wechsel),False
2026-08-18 07:17:59.442,car_ID_1950,car,Potsdam (kein Wechsel),False
2026-08-18 07:17:59.442,person_ID_1982,person,Potsdam (kein Wechsel),False
2026-08-18 07:17:59.943,car_ID_1952,car,Berlin (kein Wechsel),False
2026-08-18 07:18:00.611,bicycle_ID_1593,bicycle,Potsdam->Berlin,True
2026-08-18 07:18:01.443,car_ID_1951,car,Potsdam->Berlin,True
2026-08-18 07:18:02.844,bicycle_ID_1594,bicycle,Potsdam->Berlin,True
2026-08-18 07:18:02.844,person_ID_1984,person,Potsdam->Berlin,True
2026-08-18 07:18:24.477,car_ID_1953,car,Potsdam->Berlin,True
2026-08-18 07:18:33.983,car_ID_1954,car,Potsdam (kein Wechsel),False
2026-08-18 07:18:36.010,person_ID_1985,person,Potsdam (kein Wechsel),False
2026-08-18 07:18:39.709,bicycle_ID_1595,bicycle,Potsdam->Berlin,True
2026-08-18 07:18:39.975,person_ID_1986,person,Potsdam->Berlin,True
2026-08-18 07:19:14.980,car_ID_1955,car,Berlin->Potsdam,True
2026-08-18 07:19:28.744,person_ID_1987,person,Berlin (kein Wechsel),False
2026-08-18 07:19:30.048,bicycle_ID_1597,bicycle,Berlin (kein Wechsel),False
2026-08-18 07:19:31.778,bicycle_ID_1596,bicycle,Berlin->Potsdam,True
2026-08-18 07:19:31.810,person_ID_1988,person,Berlin->Potsdam,True
2026-08-18 07:19:33.876,person_ID_1989,person,Berlin->Potsdam,True
2026-08-18 07:19:34.812,bicycle_ID_1598,bicycle,Potsdam (kein Wechsel),False
2026-08-18 07:19:35.478,person_ID_1990,person,Potsdam (kein Wechsel),False
2026-08-18 07:19:35.545,person_ID_1991,person,Potsdam (kein Wechsel),False
2026-08-18 07:19:37.547,bicycle_ID_1599,bicycle,Potsdam->Berlin,True
2026-08-18 07:19:37.618,person_ID_1992,person,Potsdam->Berlin,True
2026-08-18 07:19:39.014,person_ID_1993,person,Potsdam (kein Wechsel),False
2026-08-18 07:19:39.913,person_ID_1994,person,Berlin (kein Wechsel),False
2026-08-18 07:19:53.050,bicycle_ID_1601,bicycle,Berlin (kein Wechsel),False
2026-08-18 07:19:54.483,person_ID_1995,person,Berlin (kein Wechsel),False
2026-08-18 07:19:54.819,bicycle_ID_1602,bicycle,Potsdam (kein Wechsel),False
2026-08-18 07:19:54.981,bicycle_ID_1600,bicycle,Berlin->Potsdam,True
2026-08-18 07:19:59.083,person_ID_1996,person,Potsdam->Berlin,True
2026-08-18 07:19:59.383,bicycle_ID_1603,bicycle,Potsdam->Berlin,True
2026-08-18 07:20:18.348,bicycle_ID_1604,bicycle,Potsdam (kein Wechsel),False
2026-08-18 07:20:18.586,person_ID_1997,person,Potsdam (kein Wechsel),False
2026-08-18 07:20:21.351,person_ID_1999,person,Berlin (kein Wechsel),False
2026-08-18 07:20:21.481,person_ID_1998,person,Potsdam->Berlin,True
2026-08-18 07:20:21.613,bicycle_ID_1606,bicycle,Berlin (kein Wechsel),False
2026-08-18 07:20:22.016,bicycle_ID_1605,bicycle,Potsdam->Berlin,True
2026-08-18 07:20:48.217,car_ID_1956,car,Potsdam (kein Wechsel),False
2026-08-18 07:20:48.250,car_ID_1957,car,Potsdam (kein Wechsel),False
2026-08-18 07:20:51.984,car_ID_1958,car,Potsdam (kein Wechsel),False
2026-08-18 07:20:52.049,car_ID_1959,car,Potsdam (kein Wechsel),False
2026-08-18 07:20:52.350,bus_ID_159,bus,Berlin (kein Wechsel),False
2026-08-18 07:20:54.616,bus_ID_158,bus,Berlin->Potsdam,True
2026-08-18 07:20:55.017,car_ID_1960,car,Berlin (kein Wechsel),False
2026-08-18 07:20:55.253,bus_ID_160,bus,Potsdam (kein Wechsel),False
2026-08-18 07:20:57.016,car_ID_1961,car,Potsdam (kein Wechsel),False
2026-08-18 07:20:57.049,car_ID_1962,car,Potsdam (kein Wechsel),False
2026-08-18 07:20:58.485,person_ID_2001,person,Berlin (kein Wechsel),False
2026-08-18 07:20:59.082,car_ID_1963,car,Potsdam (kein Wechsel),False
2026-08-18 07:20:59.885,person_ID_2000,person,Berlin (kein Wechsel),False
2026-08-18 07:21:04.217,person_ID_2002,person,Berlin (kein Wechsel),False
2026-08-18 07:21:05.019,car_ID_1964,car,Berlin (kein Wechsel),False
2026-08-18 07:21:08.818,car_ID_1965,car,Berlin->Potsdam,True
2026-08-18 07:21:12.150,bicycle_ID_1607,bicycle,Potsdam (kein Wechsel),False
2026-08-18 07:21:12.150,person_ID_2003,person,Berlin->Potsdam,True
2026-08-18 07:21:12.386,person_ID_2004,person,Potsdam (kein Wechsel),False
2026-08-18 07:21:13.718,person_ID_2005,person,Potsdam (kein Wechsel),False
2026-08-18 07:21:14.454,bicycle_ID_1608,bicycle,Potsdam (kein Wechsel),False
2026-08-18 07:21:14.650,person_ID_2007,person,Potsdam (kein Wechsel),False
2026-08-18 07:21:18.858,bicycle_ID_1609,bicycle,Potsdam->Berlin,True
2026-08-18 07:21:20.085,bicycle_ID_1610,bicycle,Berlin (kein Wechsel),False
2026-08-18 07:21:21.588,person_ID_2006,person,Potsdam->Berlin,True
2026-08-18 07:21:29.386,person_ID_2008,person,Berlin->Potsdam,True
2026-08-18 07:21:34.518,bicycle_ID_1611,bicycle,Potsdam (kein Wechsel),False
2026-08-18 07:21:35.849,car_ID_1966,car,Berlin->Potsdam,True
2026-08-18 07:21:38.986,bicycle_ID_1612,bicycle,Potsdam (kein Wechsel),False
2026-08-18 07:21:39.056,person_ID_2009,person,Potsdam (kein Wechsel),False
2026-08-18 07:21:40.353,bicycle_ID_1613,bicycle,Potsdam (kein Wechsel),False
2026-08-18 07:21:41.621,person_ID_2010,person,Potsdam (kein Wechsel),False
2026-08-18 07:21:43.518,person_ID_2011,person,Potsdam->Berlin,True
2026-08-18 07:21:46.689,person_ID_2012,person,Berlin (kein Wechsel),False
2026-08-18 07:21:47.118,bicycle_ID_1614,bicycle,Berlin (kein Wechsel),False
2026-08-18 07:21:52.151,bicycle_ID_1615,bicycle,Berlin (kein Wechsel),False
2026-08-18 07:21:52.652,person_ID_2013,person,Berlin (kein Wechsel),False
2026-08-18 07:21:54.986,person_ID_2014,person,Berlin (kein Wechsel),False
2026-08-18 07:22:04.022,car_ID_1967,car,Potsdam (kein Wechsel),False
2026-08-18 07:22:04.088,car_ID_1968,car,Potsdam (kein Wechsel),False
2026-08-18 07:22:06.520,bicycle_ID_1616,bicycle,Potsdam (kein Wechsel),False
2026-08-18 07:22:07.119,car_ID_1969,car,Berlin (kein Wechsel),False
2026-08-18 07:22:07.458,bicycle_ID_1617,bicycle,Potsdam (kein Wechsel),False
2026-08-18 07:22:07.721,person_ID_2015,person,Potsdam (kein Wechsel),False
2026-08-18 07:22:09.822,bicycle_ID_1618,bicycle,Potsdam->Berlin,True
2026-08-18 07:22:12.290,person_ID_2016,person,Potsdam->Berlin,True
2026-08-18 07:22:47.393,car_ID_1972,car,Potsdam (kein Wechsel),False
2026-08-18 07:22:48.626,car_ID_1970,car,Potsdam->Berlin,True
2026-08-18 07:22:50.793,car_ID_1971,car,Potsdam->Berlin,True
2026-08-18 07:23:20.754,person_ID_2017,person,Potsdam (kein Wechsel),False
2026-08-18 07:23:20.921,bicycle_ID_1619,bicycle,Potsdam (kein Wechsel),False
2026-08-18 07:23:22.793,person_ID_2018,person,Potsdam->Berlin,True
2026-08-18 07:23:24.056,car_ID_1973,car,Berlin->Potsdam,True
2026-08-18 07:23:24.789,person_ID_2019,person,Berlin (kein Wechsel),False
2026-08-18 07:23:42.294,bicycle_ID_1620,bicycle,Berlin (kein Wechsel),False
2026-08-18 07:23:43.528,person_ID_2020,person,Berlin (kein Wechsel),False
2026-08-18 07:23:43.922,bicycle_ID_1621,bicycle,Berlin (kein Wechsel),False
2026-08-18 07:23:47.760,car_ID_1974,car,Berlin (kein Wechsel),False
2026-08-18 07:23:47.924,car_ID_1975,car,Potsdam (kein Wechsel),False
2026-08-18 07:23:51.427,car_ID_1976,car,Berlin (kein Wechsel),False
2026-08-18 07:23:54.385,car_ID_1977,car,Berlin->Potsdam,True
2026-08-18 07:24:06.762,car_ID_1978,car,Berlin->Potsdam,True
2026-08-18 07:24:28.931,bicycle_ID_1622,bicycle,Potsdam (kein Wechsel),False
2026-08-18 07:24:29.497,bicycle_ID_1623,bicycle,Potsdam (kein Wechsel),False
2026-08-18 07:24:30.099,person_ID_2022,person,Potsdam (kein Wechsel),False
2026-08-18 07:24:30.296,person_ID_2021,person,Potsdam (kein Wechsel),False
2026-08-18 07:24:30.694,person_ID_2023,person,Potsdam (kein Wechsel),False
2026-08-18 07:24:32.733,person_ID_2024,person,Potsdam->Berlin,True
2026-08-18 07:24:33.198,person_ID_2025,person,Potsdam->Berlin,True
2026-08-18 07:24:33.398,person_ID_2026,person,Berlin (kein Wechsel),False
2026-08-18 07:24:33.502,person_ID_2027,person,Berlin (kein Wechsel),False
2026-08-18 07:24:34.568,person_ID_2028,person,Berlin (kein Wechsel),False
2026-08-18 07:24:34.763,bicycle_ID_1624,bicycle,Berlin (kein Wechsel),False
2026-08-18 07:24:38.432,bus_ID_162,bus,Potsdam->Berlin,True
2026-08-18 07:24:39.898,bus_ID_161,bus,Potsdam->Berlin,True
2026-08-18 07:24:40.031,car_ID_1979,car,Berlin (kein Wechsel),False
2026-08-18 07:25:06.398,car_ID_1980,car,Berlin->Potsdam,True
2026-08-18 07:25:34.232,car_ID_1982,car,Potsdam (kein Wechsel),False
2026-08-18 07:25:35.335,car_ID_1981,car,Potsdam->Berlin,True
2026-08-18 07:25:37.167,car_ID_1983,car,Potsdam->Berlin,True
2026-08-18 07:25:46.464,car_ID_1984,car,Berlin->Potsdam,True
2026-08-18 07:25:52.696,car_ID_1985,car,Berlin->Potsdam,True
2026-08-18 07:26:22.102,car_ID_1986,car,Berlin->Potsdam,True
2026-08-18 07:26:26.934,bicycle_ID_1625,bicycle,Potsdam (kein Wechsel),False
2026-08-18 07:26:28.067,person_ID_2029,person,Potsdam (kein Wechsel),False
2026-08-18 07:26:28.845,bicycle_ID_1626,bicycle,Potsdam (kein Wechsel),False
2026-08-18 07:26:28.944,person_ID_2030,person,Potsdam (kein Wechsel),False
2026-08-18 07:26:30.336,person_ID_2031,person,Potsdam->Berlin,True
2026-08-18 07:26:30.670,car_ID_1988,car,Potsdam (kein Wechsel),False
2026-08-18 07:26:31.870,person_ID_2032,person,Berlin (kein Wechsel),False
2026-08-18 07:26:33.235,car_ID_1987,car,Potsdam->Berlin,True
2026-08-18 07:26:33.869,car_ID_1989,car,Potsdam->Berlin,True
2026-08-18 07:26:34.567,bus_ID_164,bus,Berlin (kein Wechsel),False
2026-08-18 07:26:34.637,bus_ID_163,bus,Berlin (kein Wechsel),False
2026-08-18 07:26:34.913,car_ID_1990,car,Berlin (kein Wechsel),False
2026-08-18 07:26:35.705,bicycle_ID_1628,bicycle,Berlin (kein Wechsel),False
2026-08-18 07:26:36.434,person_ID_2034,person,Berlin->Potsdam,True
2026-08-18 07:26:36.936,bicycle_ID_1629,bicycle,Potsdam (kein Wechsel),False
2026-08-18 07:26:37.070,bicycle_ID_1627,bicycle,Berlin->Potsdam,True
2026-08-18 07:26:43.869,bicycle_ID_1630,bicycle,Potsdam (kein Wechsel),False
2026-08-18 07:26:47.736,bicycle_ID_1631,bicycle,Potsdam->Berlin,True
2026-08-18 07:26:49.572,bicycle_ID_1632,bicycle,Berlin (kein Wechsel),False
2026-08-18 07:26:50.271,person_ID_2035,person,Potsdam->Berlin,True
2026-08-18 07:26:51.534,bicycle_ID_1633,bicycle,Potsdam (kein Wechsel),False
2026-08-18 07:26:53.504,bicycle_ID_1634,bicycle,Potsdam->Berlin,True
2026-08-18 07:26:53.938,bicycle_ID_1636,bicycle,Berlin (kein Wechsel),False
2026-08-18 07:26:53.969,person_ID_2036,person,Potsdam->Berlin,True
2026-08-18 07:26:54.107,bicycle_ID_1637,bicycle,Berlin (kein Wechsel),False
2026-08-18 07:26:54.705,person_ID_2037,person,Berlin (kein Wechsel),False
2026-08-18 07:26:54.936,bicycle_ID_1635,bicycle,Potsdam->Berlin,True
2026-08-18 07:26:55.537,bicycle_ID_1638,bicycle,Berlin (kein Wechsel),False
2026-08-18 07:26:55.668,person_ID_2038,person,Berlin (kein Wechsel),False
2026-08-18 07:26:58.638,person_ID_2033,person,Potsdam->Berlin,True
2026-08-18 07:26:59.805,person_ID_2039,person,Berlin (kein Wechsel),False
2026-08-18 07:27:00.104,person_ID_2040,person,Berlin (kein Wechsel),False
2026-08-18 07:27:16.307,bicycle_ID_1639,bicycle,Potsdam (kein Wechsel),False
2026-08-18 07:27:17.273,person_ID_2041,person,Potsdam (kein Wechsel),False
2026-08-18 07:27:18.469,bicycle_ID_1640,bicycle,Potsdam->Berlin,True
2026-08-18 07:27:19.371,person_ID_2042,person,Berlin (kein Wechsel),False
2026-08-18 07:27:19.471,bicycle_ID_1641,bicycle,Berlin (kein Wechsel),False
2026-08-18 07:27:19.539,bicycle_ID_1642,bicycle,Berlin (kein Wechsel),False
2026-08-18 07:27:21.439,car_ID_1991,car,Berlin->Potsdam,True
2026-08-18 07:27:29.641,car_ID_1992,car,Potsdam->Berlin,True
2026-08-18 07:27:34.972,bicycle_ID_1643,bicycle,Berlin->Potsdam,True
2026-08-18 07:27:34.971,person_ID_2043,person,Berlin->Potsdam,True
2026-08-18 07:27:36.742,bicycle_ID_1645,bicycle,Berlin->Potsdam,True
2026-08-18 07:27:36.909,bicycle_ID_1644,bicycle,Berlin (kein Wechsel),False
2026-08-18 07:27:37.239,person_ID_2044,person,Berlin->Potsdam,True
2026-08-18 07:28:00.813,car_ID_1994,car,Potsdam (kein Wechsel),False
2026-08-18 07:28:03.842,car_ID_1993,car,Potsdam->Berlin,True
2026-08-18 07:28:07.710,car_ID_1995,car,Berlin->Potsdam,True
2026-08-18 07:28:10.108,car_ID_1996,car,Potsdam->Berlin,True
2026-08-18 07:28:17.982,car_ID_1997,car,Potsdam->Berlin,True
2026-08-18 07:28:22.678,car_ID_1998,car,Berlin->Potsdam,True
2026-08-18 07:28:27.376,bicycle_ID_1646,bicycle,Potsdam (kein Wechsel),False
2026-08-18 07:28:27.977,person_ID_2045,person,Potsdam (kein Wechsel),False
2026-08-18 07:28:28.441,person_ID_2046,person,Potsdam (kein Wechsel),False
2026-08-18 07:28:28.641,bicycle_ID_1647,bicycle,Potsdam (kein Wechsel),False
2026-08-18 07:28:30.879,bicycle_ID_1648,bicycle,Potsdam->Berlin,True
2026-08-18 07:28:31.176,person_ID_2047,person,Potsdam->Berlin,True
2026-08-18 07:28:33.213,person_ID_2048,person,Berlin (kein Wechsel),False
2026-08-18 07:28:33.778,bicycle_ID_1649,bicycle,Berlin (kein Wechsel),False
2026-08-18 07:28:51.711,bicycle_ID_1650,bicycle,Berlin (kein Wechsel),False
2026-08-18 07:28:53.915,person_ID_2049,person,Berlin->Potsdam,True
2026-08-18 07:28:54.477,bicycle_ID_1651,bicycle,Berlin->Potsdam,True
2026-08-18 07:29:01.182,bicycle_ID_1653,bicycle,Berlin (kein Wechsel),False
2026-08-18 07:29:02.043,bicycle_ID_1652,bicycle,Berlin (kein Wechsel),False
2026-08-18 07:29:02.441,person_ID_2050,person,Berlin->Potsdam,True
2026-08-18 07:29:02.487,bicycle_ID_1654,bicycle,Berlin->Potsdam,True
2026-08-18 07:29:08.546,car_ID_1999,car,Berlin->Potsdam,True
2026-08-18 07:29:09.444,car_ID_2000,car,Potsdam (kein Wechsel),False
2026-08-18 07:29:16.680,car_ID_2001,car,Berlin->Potsdam,True
2026-08-18 07:29:27.918,car_ID_2002,car,Berlin->Potsdam,True
2026-08-18 07:29:31.981,person_ID_2051,person,Berlin (kein Wechsel),False
2026-08-18 07:29:32.380,bicycle_ID_1655,bicycle,Berlin->Potsdam,True
2026-08-18 07:30:15.312,bicycle_ID_1656,bicycle,Potsdam (kein Wechsel),False
2026-08-18 07:30:15.951,person_ID_2052,person,Potsdam (kein Wechsel),False
2026-08-18 07:30:17.719,bicycle_ID_1657,bicycle,Potsdam->Berlin,True
2026-08-18 07:30:18.249,person_ID_2054,person,Berlin (kein Wechsel),False
2026-08-18 07:30:18.351,person_ID_2053,person,Berlin (kein Wechsel),False
2026-08-18 07:30:18.418,bicycle_ID_1658,bicycle,Berlin->Potsdam,True
2026-08-18 07:30:19.391,bicycle_ID_1660,bicycle,Berlin (kein Wechsel),False
2026-08-18 07:30:19.619,person_ID_2055,person,Berlin (kein Wechsel),False
2026-08-18 07:30:20.181,bicycle_ID_1661,bicycle,Berlin (kein Wechsel),False
2026-08-18 07:30:20.617,bicycle_ID_1659,bicycle,Berlin (kein Wechsel),False
2026-08-18 07:30:21.616,bicycle_ID_1662,bicycle,Potsdam (kein Wechsel),False
2026-08-18 07:30:22.783,bicycle_ID_1663,bicycle,Potsdam (kein Wechsel),False
2026-08-18 07:30:23.116,person_ID_2056,person,Potsdam (kein Wechsel),False
2026-08-18 07:30:23.449,person_ID_2057,person,Potsdam (kein Wechsel),False
2026-08-18 07:30:24.351,bicycle_ID_1664,bicycle,Potsdam->Berlin,True
2026-08-18 07:30:24.451,person_ID_2058,person,Berlin (kein Wechsel),False
2026-08-18 07:30:26.087,person_ID_2059,person,Berlin (kein Wechsel),False
2026-08-18 07:30:45.920,car_ID_2003,car,Berlin->Potsdam,True
2026-08-18 07:30:50.220,car_ID_2004,car,Berlin->Potsdam,True
2026-08-18 07:30:52.651,car_ID_2005,car,Berlin->Potsdam,True
2026-08-18 07:31:04.052,car_ID_2006,car,Potsdam->Berlin,True
2026-08-18 07:31:07.220,car_ID_2007,car,Potsdam->Berlin,True
2026-08-18 07:31:22.722,person_ID_2060,person,Potsdam (kein Wechsel),False
2026-08-18 07:31:23.755,person_ID_2062,person,Potsdam (kein Wechsel),False
2026-08-18 07:31:23.787,bicycle_ID_1665,bicycle,Potsdam (kein Wechsel),False
2026-08-18 07:31:24.028,person_ID_2063,person,Potsdam (kein Wechsel),False
2026-08-18 07:31:24.155,bicycle_ID_1666,bicycle,Berlin (kein Wechsel),False
2026-08-18 07:31:25.852,person_ID_2064,person,Potsdam->Berlin,True
2026-08-18 07:31:25.955,bicycle_ID_1667,bicycle,Berlin->Potsdam,True
2026-08-18 07:31:26.095,bicycle_ID_1668,bicycle,Berlin->Potsdam,True
2026-08-18 07:31:26.095,person_ID_2061,person,Berlin->Potsdam,True
2026-08-18 07:31:27.523,person_ID_2065,person,Berlin (kein Wechsel),False
2026-08-18 07:31:28.454,person_ID_2066,person,Berlin (kein Wechsel),False
2026-08-18 07:31:28.554,bicycle_ID_1669,bicycle,Berlin (kein Wechsel),False
2026-08-18 07:31:29.083,bicycle_ID_1670,bicycle,Berlin (kein Wechsel),False
2026-08-18 07:31:29.555,car_ID_2008,car,Berlin (kein Wechsel),False
2026-08-18 07:31:39.787,car_ID_2009,car,Potsdam->Berlin,True
2026-08-18 07:31:47.854,bicycle_ID_1672,bicycle,Berlin (kein Wechsel),False
2026-08-18 07:31:48.387,bicycle_ID_1671,bicycle,Berlin->Potsdam,True
2026-08-18 07:31:48.387,person_ID_2068,person,Berlin (kein Wechsel),False
2026-08-18 07:31:51.155,bicycle_ID_1673,bicycle,Potsdam (kein Wechsel),False
2026-08-18 07:31:52.156,person_ID_2069,person,Potsdam (kein Wechsel),False
2026-08-18 07:31:53.664,person_ID_2070,person,Potsdam->Berlin,True
2026-08-18 07:31:53.925,bicycle_ID_1674,bicycle,Potsdam (kein Wechsel),False
2026-08-18 07:31:54.058,person_ID_2071,person,Berlin (kein Wechsel),False
2026-08-18 07:31:54.824,car_ID_2010,car,Berlin->Potsdam,True
2026-08-18 07:31:55.457,person_ID_2072,person,Berlin (kein Wechsel),False
2026-08-18 07:31:56.086,bicycle_ID_1675,bicycle,Berlin (kein Wechsel),False
2026-08-18 07:32:00.129,person_ID_2067,person,Berlin->Potsdam,True
2026-08-18 07:32:06.424,person_ID_2073,person,Potsdam (kein Wechsel),False
2026-08-18 07:32:20.923,car_ID_2011,car,Potsdam->Berlin,True
2026-08-18 07:32:27.159,bus_ID_165,bus,Berlin (kein Wechsel),False
2026-08-18 07:32:27.388,car_ID_2012,car,Potsdam->Berlin,True
2026-08-18 07:32:38.057,car_ID_2013,car,Potsdam->Berlin,True
2026-08-18 07:32:55.531,car_ID_2014,car,Potsdam->Berlin,True
2026-08-18 07:33:05.709,car_ID_2016,car,Potsdam (kein Wechsel),False
2026-08-18 07:33:08.562,car_ID_2015,car,Potsdam->Berlin,True
2026-08-18 07:33:38.128,bicycle_ID_1677,bicycle,Berlin (kein Wechsel),False
2026-08-18 07:33:40.097,bicycle_ID_1676,bicycle,Berlin->Potsdam,True
2026-08-18 07:33:40.097,person_ID_2074,person,Berlin->Potsdam,True
2026-08-18 07:34:12.564,person_ID_2075,person,Berlin (kein Wechsel),False
2026-08-18 07:34:14.034,person_ID_2076,person,Potsdam (kein Wechsel),False
2026-08-18 07:34:15.396,bicycle_ID_1678,bicycle,Potsdam (kein Wechsel),False
2026-08-18 07:34:16.229,person_ID_2077,person,Potsdam (kein Wechsel),False
2026-08-18 07:34:27.467,person_ID_2078,person,Potsdam (kein Wechsel),False
2026-08-18 07:34:27.699,bicycle_ID_1679,bicycle,Potsdam (kein Wechsel),False
2026-08-18 07:34:29.031,person_ID_2079,person,Potsdam (kein Wechsel),False
2026-08-18 07:34:30.260,person_ID_2080,person,Potsdam (kein Wechsel),False
2026-08-18 07:34:31.095,person_ID_2081,person,Berlin (kein Wechsel),False
2026-08-18 07:34:32.131,bicycle_ID_1680,bicycle,Potsdam->Berlin,True
2026-08-18 07:34:33.665,person_ID_2082,person,Berlin (kein Wechsel),False
2026-08-18 07:34:34.532,bicycle_ID_1682,bicycle,Berlin (kein Wechsel),False
2026-08-18 07:34:35.201,car_ID_2017,car,Berlin (kein Wechsel),False
2026-08-18 07:34:36.163,person_ID_2083,person,Berlin->Potsdam,True
2026-08-18 07:34:36.663,bicycle_ID_1681,bicycle,Berlin->Potsdam,True
2026-08-18 07:34:41.898,bicycle_ID_1683,bicycle,Potsdam (kein Wechsel),False
2026-08-18 07:34:44.232,bicycle_ID_1684,bicycle,Potsdam->Berlin,True
2026-08-18 07:34:45.361,bicycle_ID_1685,bicycle,Berlin (kein Wechsel),False
2026-08-18 07:34:46.103,person_ID_2084,person,Berlin (kein Wechsel),False
2026-08-18 07:34:54.034,bicycle_ID_1686,bicycle,Potsdam (kein Wechsel),False
2026-08-18 07:34:55.433,person_ID_2085,person,Potsdam (kein Wechsel),False
2026-08-18 07:34:55.999,person_ID_2086,person,Berlin (kein Wechsel),False
2026-08-18 07:34:56.701,bicycle_ID_1687,bicycle,Berlin (kein Wechsel),False
2026-08-18 07:34:56.971,person_ID_2087,person,Berlin (kein Wechsel),False
2026-08-18 07:34:57.499,car_ID_2018,car,Potsdam->Berlin,True
2026-08-18 07:34:57.830,bicycle_ID_1688,bicycle,Berlin (kein Wechsel),False
2026-08-18 07:34:58.069,person_ID_2088,person,Berlin (kein Wechsel),False
2026-08-18 07:35:09.634,car_ID_2019,car,Potsdam->Berlin,True
2026-08-18 07:35:15.199,car_ID_2020,car,Potsdam (kein Wechsel),False
2026-08-18 07:35:17.067,car_ID_2022,car,Potsdam->Berlin,True
2026-08-18 07:35:17.499,car_ID_2021,car,Potsdam->Berlin,True
2026-08-18 07:35:42.971,bicycle_ID_1690,bicycle,Berlin (kein Wechsel),False
2026-08-18 07:35:44.268,bicycle_ID_1693,bicycle,Potsdam (kein Wechsel),False
2026-08-18 07:35:44.471,bicycle_ID_1694,bicycle,Potsdam (kein Wechsel),False
2026-08-18 07:35:44.535,bicycle_ID_1689,bicycle,Berlin (kein Wechsel),False
2026-08-18 07:35:44.835,bicycle_ID_1691,bicycle,Potsdam (kein Wechsel),False
2026-08-18 07:35:44.900,person_ID_2090,person,Potsdam (kein Wechsel),False
2026-08-18 07:35:45.172,bicycle_ID_1692,bicycle,Berlin->Potsdam,True
2026-08-18 07:35:45.171,person_ID_2089,person,Berlin->Potsdam,True
2026-08-18 07:35:46.200,bicycle_ID_1696,bicycle,Potsdam (kein Wechsel),False
2026-08-18 07:35:46.339,person_ID_2091,person,Potsdam->Berlin,True
2026-08-18 07:35:46.934,bicycle_ID_1697,bicycle,Berlin (kein Wechsel),False
2026-08-18 07:35:46.935,person_ID_2092,person,Berlin (kein Wechsel),False
2026-08-18 07:35:47.770,person_ID_2093,person,Berlin (kein Wechsel),False
2026-08-18 07:35:48.402,bicycle_ID_1695,bicycle,Potsdam->Berlin,True
2026-08-18 07:35:48.607,bicycle_ID_1698,bicycle,Berlin (kein Wechsel),False
2026-08-18 07:35:48.834,person_ID_2094,person,Berlin (kein Wechsel),False
2026-08-18 07:35:49.138,bicycle_ID_1699,bicycle,Berlin (kein Wechsel),False
2026-08-18 07:36:05.003,person_ID_2095,person,Potsdam (kein Wechsel),False
2026-08-18 07:36:05.104,person_ID_2096,person,Potsdam (kein Wechsel),False
2026-08-18 07:36:05.504,person_ID_2098,person,Potsdam (kein Wechsel),False
2026-08-18 07:36:07.369,bicycle_ID_1700,bicycle,Berlin (kein Wechsel),False
2026-08-18 07:36:09.471,person_ID_2100,person,Berlin (kein Wechsel),False
2026-08-18 07:36:10.105,person_ID_2099,person,Potsdam->Berlin,True
2026-08-18 07:36:10.170,bicycle_ID_1701,bicycle,Berlin (kein Wechsel),False
2026-08-18 07:36:27.604,car_ID_2023,car,Potsdam (kein Wechsel),False
2026-08-18 07:36:27.873,car_ID_2025,car,Potsdam (kein Wechsel),False
2026-08-18 07:36:28.073,bus_ID_168,bus,Potsdam (kein Wechsel),False
2026-08-18 07:36:28.139,car_ID_2024,car,Potsdam (kein Wechsel),False
2026-08-18 07:36:29.073,bus_ID_167,bus,Potsdam (kein Wechsel),False
2026-08-18 07:36:29.240,bus_ID_166,bus,Potsdam (kein Wechsel),False
2026-08-18 07:36:29.671,person_ID_2097,person,Potsdam->Berlin,True
2026-08-18 07:36:51.072,person_ID_2101,person,Berlin->Potsdam,True
2026-08-18 07:36:52.139,person_ID_2102,person,Potsdam (kein Wechsel),False
2026-08-18 07:36:57.538,car_ID_2026,car,Berlin (kein Wechsel),False
2026-08-18 07:36:57.572,car_ID_2027,car,Berlin (kein Wechsel),False
2026-08-18 07:36:59.706,bus_ID_169,bus,Potsdam (kein Wechsel),False
2026-08-18 07:37:00.841,bicycle_ID_1702,bicycle,Potsdam (kein Wechsel),False
2026-08-18 07:37:00.904,person_ID_2103,person,Potsdam (kein Wechsel),False
2026-08-18 07:37:01.272,bicycle_ID_1703,bicycle,Potsdam (kein Wechsel),False
2026-08-18 07:37:01.272,bus_ID_171,bus,Potsdam (kein Wechsel),False
2026-08-18 07:37:01.573,bus_ID_170,bus,Potsdam (kein Wechsel),False
2026-08-18 07:37:03.105,bicycle_ID_1704,bicycle,Berlin (kein Wechsel),False
2026-08-18 07:37:03.975,person_ID_2104,person,Potsdam->Berlin,True
2026-08-18 07:37:05.104,person_ID_2105,person,Berlin (kein Wechsel),False
2026-08-18 07:37:07.274,bus_ID_172,bus,Potsdam (kein Wechsel),False
2026-08-18 07:37:07.840,person_ID_2106,person,Potsdam (kein Wechsel),False
2026-08-18 07:37:08.144,bus_ID_173,bus,Potsdam (kein Wechsel),False
2026-08-18 07:37:08.340,bicycle_ID_1705,bicycle,Potsdam (kein Wechsel),False
2026-08-18 07:37:08.907,person_ID_2108,person,Potsdam (kein Wechsel),False
2026-08-18 07:37:09.473,bicycle_ID_1709,bicycle,Potsdam (kein Wechsel),False
2026-08-18 07:37:09.573,bicycle_ID_1706,bicycle,Potsdam->Berlin,True
2026-08-18 07:37:09.977,bicycle_ID_1710,bicycle,Potsdam (kein Wechsel),False
2026-08-18 07:37:10.308,bicycle_ID_1708,bicycle,Potsdam (kein Wechsel),False
2026-08-18 07:37:10.407,bus_ID_174,bus,Potsdam (kein Wechsel),False
2026-08-18 07:37:10.440,bicycle_ID_1707,bicycle,Potsdam->Berlin,True
2026-08-18 07:37:11.678,bicycle_ID_1711,bicycle,Berlin (kein Wechsel),False
2026-08-18 07:37:12.277,person_ID_2107,person,Potsdam->Berlin,True
2026-08-18 07:37:13.444,car_ID_2028,car,Potsdam->Berlin,True
2026-08-18 07:37:13.811,person_ID_2109,person,Potsdam->Berlin,True
2026-08-18 07:37:21.675,bus_ID_176,bus,Potsdam (kein Wechsel),False
2026-08-18 07:37:21.844,bus_ID_175,bus,Potsdam (kein Wechsel),False
2026-08-18 07:37:24.374,bus_ID_177,bus,Potsdam (kein Wechsel),False
2026-08-18 07:37:25.344,car_ID_2029,car,Potsdam->Berlin,True
2026-08-18 07:37:27.605,car_ID_2030,car,Potsdam->Berlin,True
2026-08-18 07:37:35.905,bus_ID_179,bus,Potsdam (kein Wechsel),False
2026-08-18 07:37:35.977,bus_ID_178,bus,Potsdam (kein Wechsel),False
2026-08-18 07:37:39.811,car_ID_2031,car,Berlin (kein Wechsel),False
2026-08-18 07:37:39.911,car_ID_2032,car,Berlin (kein Wechsel),False
2026-08-18 07:37:43.844,car_ID_2033,car,Berlin->Potsdam,True
2026-08-18 07:37:44.976,car_ID_2034,car,Berlin (kein Wechsel),False
2026-08-18 07:37:46.143,car_ID_2035,car,Berlin (kein Wechsel),False
2026-08-18 07:37:57.540,bicycle_ID_1712,bicycle,Berlin (kein Wechsel),False
2026-08-18 07:37:58.109,person_ID_2110,person,Berlin (kein Wechsel),False
2026-08-18 07:37:59.478,bicycle_ID_1713,bicycle,Berlin (kein Wechsel),False
2026-08-18 07:38:04.709,car_ID_2036,car,Potsdam->Berlin,True
2026-08-18 07:38:08.976,bicycle_ID_1714,bicycle,Potsdam (kein Wechsel),False
2026-08-18 07:38:09.975,car_ID_2037,car,Potsdam->Berlin,True
2026-08-18 07:38:10.877,bicycle_ID_1715,bicycle,Potsdam (kein Wechsel),False
2026-08-18 07:38:11.114,person_ID_2111,person,Potsdam (kein Wechsel),False
2026-08-18 07:38:13.412,person_ID_2112,person,Potsdam->Berlin,True
2026-08-18 07:38:13.745,bicycle_ID_1717,bicycle,Berlin (kein Wechsel),False
2026-08-18 07:38:14.184,bicycle_ID_1716,bicycle,Berlin (kein Wechsel),False
2026-08-18 07:38:14.319,person_ID_2113,person,Berlin (kein Wechsel),False
2026-08-18 07:38:14.547,bicycle_ID_1718,bicycle,Berlin (kein Wechsel),False
2026-08-18 07:38:15.077,bicycle_ID_1719,bicycle,Berlin (kein Wechsel),False
2026-08-18 07:38:15.911,bicycle_ID_1720,bicycle,Berlin->Potsdam,True
2026-08-18 07:38:15.912,person_ID_2114,person,Berlin->Potsdam,True
2026-08-18 07:38:22.744,car_ID_2038,car,Berlin->Potsdam,True
2026-08-18 07:38:29.313,car_ID_2039,car,Berlin->Potsdam,True
2026-08-18 07:38:29.949,car_ID_2040,car,Berlin->Potsdam,True
2026-08-18 07:38:32.615,car_ID_2041,car,Berlin (kein Wechsel),False
2026-08-18 07:38:32.850,bus_ID_180,bus,Berlin (kein Wechsel),False
2026-08-18 07:38:35.879,bus_ID_181,bus,Potsdam (kein Wechsel),False
2026-08-18 07:39:26.684,bicycle_ID_1721,bicycle,Berlin (kein Wechsel),False
2026-08-18 07:39:26.882,person_ID_2115,person,Berlin (kein Wechsel),False
2026-08-18 07:39:27.681,person_ID_2116,person,Berlin->Potsdam,True
2026-08-18 07:39:28.217,bicycle_ID_1722,bicycle,Berlin->Potsdam,True
2026-08-18 07:39:42.316,car_ID_2042,car,Berlin->Potsdam,True
2026-08-18 07:40:02.389,bicycle_ID_1723,bicycle,Potsdam (kein Wechsel),False
2026-08-18 07:40:02.818,bicycle_ID_1724,bicycle,Potsdam (kein Wechsel),False
2026-08-18 07:40:03.549,bicycle_ID_1725,bicycle,Potsdam (kein Wechsel),False
2026-08-18 07:40:03.550,person_ID_2117,person,Potsdam (kein Wechsel),False
2026-08-18 07:40:04.354,bicycle_ID_1726,bicycle,Potsdam (kein Wechsel),False
2026-08-18 07:40:05.552,person_ID_2118,person,Potsdam->Berlin,True
2026-08-18 07:40:06.016,person_ID_2119,person,Berlin (kein Wechsel),False
2026-08-18 07:40:06.149,car_ID_2043,car,Berlin->Potsdam,True
2026-08-18 07:40:06.456,person_ID_2120,person,Berlin (kein Wechsel),False
2026-08-18 07:40:06.750,person_ID_2121,person,Berlin (kein Wechsel),False
2026-08-18 07:40:07.118,bicycle_ID_1727,bicycle,Berlin (kein Wechsel),False
2026-08-18 07:40:12.587,car_ID_2044,car,Berlin->Potsdam,True
2026-08-18 07:40:23.420,car_ID_2045,car,Potsdam->Berlin,True
2026-08-18 07:40:26.354,car_ID_2047,car,Potsdam->Berlin,True
2026-08-18 07:40:26.688,car_ID_2048,car,Potsdam->Berlin,True
2026-08-18 07:40:27.019,car_ID_2046,car,Potsdam->Berlin,True
2026-08-18 07:40:32.287,bicycle_ID_1728,bicycle,Berlin (kein Wechsel),False
2026-08-18 07:40:33.149,car_ID_2049,car,Potsdam->Berlin,True
2026-08-18 07:40:34.388,bicycle_ID_1729,bicycle,Berlin->Potsdam,True
2026-08-18 07:40:34.788,person_ID_2122,person,Berlin->Potsdam,True
2026-08-18 07:40:34.952,person_ID_2123,person,Potsdam (kein Wechsel),False
2026-08-18 07:40:47.587,car_ID_2050,car,Potsdam (kein Wechsel),False
2026-08-18 07:40:49.520,car_ID_2051,car,Potsdam->Berlin,True
2026-08-18 07:40:50.250,car_ID_2052,car,Berlin (kein Wechsel),False
2026-08-18 07:40:53.955,bicycle_ID_1730,bicycle,Potsdam (kein Wechsel),False
2026-08-18 07:40:54.422,bicycle_ID_1731,bicycle,Potsdam (kein Wechsel),False
2026-08-18 07:40:58.590,car_ID_2054,car,Berlin (kein Wechsel),False
2026-08-18 07:40:59.490,person_ID_2124,person,Potsdam->Berlin,True
2026-08-18 07:41:00.395,car_ID_2053,car,Potsdam->Berlin,True
2026-08-18 07:41:25.590,car_ID_2056,car,Berlin (kein Wechsel),False
2026-08-18 07:41:26.694,car_ID_2057,car,Potsdam (kein Wechsel),False
2026-08-18 07:41:26.726,car_ID_2055,car,Potsdam (kein Wechsel),False
2026-08-18 07:41:28.290,bus_ID_182,bus,Berlin->Potsdam,True
2026-08-18 07:41:28.486,car_ID_2059,car,Berlin (kein Wechsel),False
2026-08-18 07:41:28.821,car_ID_2058,car,Berlin (kein Wechsel),False
2026-08-18 07:41:29.555,bus_ID_183,bus,Potsdam (kein Wechsel),False
2026-08-18 07:41:32.223,car_ID_2060,car,Berlin->Potsdam,True
2026-08-18 07:41:37.891,bicycle_ID_1732,bicycle,Potsdam (kein Wechsel),False
2026-08-18 07:41:38.493,person_ID_2126,person,Potsdam (kein Wechsel),False
2026-08-18 07:41:38.758,person_ID_2125,person,Potsdam (kein Wechsel),False
2026-08-18 07:41:40.029,bicycle_ID_1734,bicycle,Potsdam->Berlin,True
2026-08-18 07:41:40.191,bicycle_ID_1733,bicycle,Potsdam->Berlin,True
2026-08-18 07:41:40.321,person_ID_2128,person,Berlin (kein Wechsel),False
2026-08-18 07:41:40.358,person_ID_2127,person,Potsdam (kein Wechsel),False
2026-08-18 07:41:41.724,bicycle_ID_1735,bicycle,Berlin (kein Wechsel),False
2026-08-18 07:41:42.291,person_ID_2129,person,Berlin (kein Wechsel),False
2026-08-18 07:41:42.828,car_ID_2061,car,Berlin->Potsdam,True
2026-08-18 07:41:46.060,car_ID_2062,car,Potsdam->Berlin,True
2026-08-18 07:42:12.493,bicycle_ID_1738,bicycle,Berlin (kein Wechsel),False
2026-08-18 07:42:12.634,bicycle_ID_1737,bicycle,Berlin (kein Wechsel),False
2026-08-18 07:42:13.556,person_ID_2130,person,Berlin (kein Wechsel),False
2026-08-18 07:42:13.891,bicycle_ID_1736,bicycle,Berlin->Potsdam,True
2026-08-18 07:42:13.891,person_ID_2131,person,Potsdam (kein Wechsel),False
2026-08-18 07:42:18.424,car_ID_2063,car,Berlin->Potsdam,True
2026-08-18 07:42:19.358,bicycle_ID_1739,bicycle,Potsdam (kein Wechsel),False
2026-08-18 07:42:20.023,bicycle_ID_1741,bicycle,Potsdam (kein Wechsel),False
2026-08-18 07:42:20.825,bicycle_ID_1740,bicycle,Potsdam->Berlin,True
2026-08-18 07:42:20.825,person_ID_2132,person,Potsdam->Berlin,True
2026-08-18 07:42:21.824,bicycle_ID_1742,bicycle,Berlin (kein Wechsel),False
2026-08-18 07:42:21.924,person_ID_2133,person,Berlin (kein Wechsel),False
2026-08-18 07:42:22.725,bicycle_ID_1743,bicycle,Berlin (kein Wechsel),False
2026-08-18 07:42:23.252,person_ID_2134,person,Berlin (kein Wechsel),False
2026-08-18 07:42:23.922,car_ID_2064,car,Berlin->Potsdam,True
2026-08-18 07:42:28.826,person_ID_2135,person,Berlin (kein Wechsel),False
2026-08-18 07:42:29.423,bicycle_ID_1744,bicycle,Berlin->Potsdam,True
2026-08-18 07:42:29.490,person_ID_2136,person,Berlin (kein Wechsel),False
2026-08-18 07:42:58.526,car_ID_2065,car,Berlin->Potsdam,True
2026-08-18 07:42:59.625,bicycle_ID_1745,bicycle,Potsdam (kein Wechsel),False
2026-08-18 07:43:00.398,bicycle_ID_1746,bicycle,Potsdam (kein Wechsel),False
2026-08-18 07:43:01.793,car_ID_2066,car,Berlin->Potsdam,True
2026-08-18 07:43:02.828,bicycle_ID_1747,bicycle,Potsdam->Berlin,True
2026-08-18 07:43:04.162,person_ID_2137,person,Potsdam->Berlin,True
2026-08-18 07:43:04.865,car_ID_2068,car,Berlin (kein Wechsel),False
2026-08-18 07:43:07.027,car_ID_2067,car,Potsdam->Berlin,True
2026-08-18 07:43:10.763,car_ID_2069,car,Berlin->Potsdam,True
2026-08-18 07:43:20.230,person_ID_2138,person,Potsdam (kein Wechsel),False
2026-08-18 07:43:20.864,person_ID_2140,person,Potsdam (kein Wechsel),False
2026-08-18 07:43:20.962,car_ID_2070,car,Potsdam->Berlin,True
2026-08-18 07:43:21.233,person_ID_2139,person,Potsdam (kein Wechsel),False
2026-08-18 07:43:22.263,person_ID_2141,person,Berlin (kein Wechsel),False
2026-08-18 07:43:22.296,car_ID_2071,car,Potsdam->Berlin,True
2026-08-18 07:43:22.763,bicycle_ID_1748,bicycle,Potsdam (kein Wechsel),False
2026-08-18 07:43:23.632,bicycle_ID_1749,bicycle,Potsdam (kein Wechsel),False
2026-08-18 07:43:23.733,person_ID_2142,person,Potsdam (kein Wechsel),False
2026-08-18 07:43:28.264,bicycle_ID_1750,bicycle,Potsdam->Berlin,True
2026-08-18 07:43:28.564,bicycle_ID_1751,bicycle,Berlin (kein Wechsel),False
2026-08-18 07:43:29.729,bicycle_ID_1752,bicycle,Berlin (kein Wechsel),False
2026-08-18 07:43:37.798,bicycle_ID_1753,bicycle,Berlin (kein Wechsel),False
2026-08-18 07:43:39.364,person_ID_2143,person,Berlin (kein Wechsel),False
2026-08-18 07:43:39.932,bicycle_ID_1754,bicycle,Berlin->Potsdam,True
2026-08-18 07:43:46.632,person_ID_2144,person,Berlin (kein Wechsel),False
2026-08-18 07:43:48.131,person_ID_2145,person,Berlin (kein Wechsel),False
2026-08-18 07:43:55.499,car_ID_2072,car,Potsdam->Berlin,True
2026-08-18 07:43:59.196,car_ID_2073,car,Potsdam->Berlin,True
2026-08-18 07:44:08.864,car_ID_2074,car,Potsdam->Berlin,True
2026-08-18 07:44:14.332,car_ID_2075,car,Berlin->Potsdam,True
2026-08-18 07:44:48.834,car_ID_2076,car,Potsdam->Berlin,True
2026-08-18 07:44:51.968,person_ID_2147,person,Berlin (kein Wechsel),False
2026-08-18 07:44:52.100,person_ID_2146,person,Berlin (kein Wechsel),False
2026-08-18 07:44:52.466,bicycle_ID_1755,bicycle,Berlin (kein Wechsel),False
2026-08-18 07:44:57.235,bus_ID_185,bus,Potsdam (kein Wechsel),False
2026-08-18 07:44:59.400,bus_ID_184,bus,Potsdam->Berlin,True
2026-08-18 07:45:01.633,bus_ID_186,bus,Potsdam->Berlin,True
2026-08-18 07:45:06.273,bicycle_ID_1756,bicycle,Potsdam (kein Wechsel),False
2026-08-18 07:45:06.443,person_ID_2148,person,Potsdam (kein Wechsel),False
2026-08-18 07:45:07.103,car_ID_2077,car,Potsdam->Berlin,True
2026-08-18 07:45:09.240,car_ID_2078,car,Potsdam->Berlin,True
2026-08-18 07:45:09.306,bicycle_ID_1757,bicycle,Potsdam->Berlin,True
2026-08-18 07:45:11.137,bicycle_ID_1758,bicycle,Berlin (kein Wechsel),False
2026-08-18 07:45:11.237,person_ID_2149,person,Potsdam->Berlin,True
2026-08-18 07:45:12.369,car_ID_2079,car,Potsdam->Berlin,True
2026-08-18 07:45:13.004,car_ID_2080,car,Potsdam (kein Wechsel),False
2026-08-18 07:45:15.136,bicycle_ID_1759,bicycle,Berlin (kein Wechsel),False
2026-08-18 07:45:15.307,car_ID_2082,car,Berlin (kein Wechsel),False
2026-08-18 07:45:15.604,car_ID_2081,car,Potsdam->Berlin,True
2026-08-18 07:45:16.271,person_ID_2150,person,Berlin (kein Wechsel),False
2026-08-18 07:45:16.437,bicycle_ID_1760,bicycle,Berlin (kein Wechsel),False
2026-08-18 07:45:17.170,person_ID_2151,person,Potsdam (kein Wechsel),False
2026-08-18 07:45:18.738,person_ID_2152,person,Potsdam (kein Wechsel),False
2026-08-18 07:45:21.171,person_ID_2153,person,Potsdam->Berlin,True
2026-08-18 07:45:21.202,bicycle_ID_1761,bicycle,Berlin (kein Wechsel),False
2026-08-18 07:45:21.403,person_ID_2154,person,Berlin (kein Wechsel),False
2026-08-18 07:45:42.670,bicycle_ID_1763,bicycle,Berlin (kein Wechsel),False
2026-08-18 07:45:42.772,bicycle_ID_1762,bicycle,Potsdam->Berlin,True
2026-08-18 07:45:45.171,bicycle_ID_1764,bicycle,Berlin (kein Wechsel),False
2026-08-18 07:45:45.637,person_ID_2155,person,Potsdam->Berlin,True
2026-08-18 07:45:52.706,car_ID_2083,car,Berlin (kein Wechsel),False
2026-08-18 07:45:53.808,car_ID_2084,car,Potsdam (kein Wechsel),False
2026-08-18 07:46:05.772,car_ID_2085,car,Berlin->Potsdam,True
2026-08-18 07:46:11.271,bicycle_ID_1765,bicycle,Berlin (kein Wechsel),False
2026-08-18 07:46:11.707,bicycle_ID_1766,bicycle,Berlin (kein Wechsel),False
2026-08-18 07:46:16.007,bicycle_ID_1767,bicycle,Berlin (kein Wechsel),False
2026-08-18 07:46:17.839,bicycle_ID_1768,bicycle,Berlin->Potsdam,True
2026-08-18 07:46:18.371,person_ID_2156,person,Berlin->Potsdam,True
2026-08-18 07:46:27.338,car_ID_2086,car,Potsdam->Berlin,True
2026-08-18 07:46:56.079,bicycle_ID_1769,bicycle,Potsdam (kein Wechsel),False
2026-08-18 07:46:57.146,bicycle_ID_1770,bicycle,Potsdam (kein Wechsel),False
2026-08-18 07:46:57.311,person_ID_2157,person,Potsdam (kein Wechsel),False
2026-08-18 07:46:57.576,person_ID_2158,person,Potsdam (kein Wechsel),False
2026-08-18 07:46:58.440,bicycle_ID_1771,bicycle,Potsdam->Berlin,True
2026-08-18 07:46:59.042,person_ID_2160,person,Berlin (kein Wechsel),False
2026-08-18 07:47:00.078,person_ID_2159,person,Potsdam->Berlin,True
2026-08-18 07:47:03.579,bicycle_ID_1772,bicycle,Berlin (kein Wechsel),False
2026-08-18 07:47:04.045,car_ID_2087,car,Potsdam (kein Wechsel),False
2026-08-18 07:47:04.945,bicycle_ID_1774,bicycle,Berlin->Potsdam,True
2026-08-18 07:47:05.344,bicycle_ID_1773,bicycle,Berlin->Potsdam,True
2026-08-18 07:47:05.475,person_ID_2161,person,Berlin->Potsdam,True
2026-08-18 07:47:10.977,car_ID_2088,car,Berlin->Potsdam,True
2026-08-18 07:47:48.942,bicycle_ID_1776,bicycle,Potsdam (kein Wechsel),False
2026-08-18 07:47:48.979,bicycle_ID_1775,bicycle,Potsdam (kein Wechsel),False
2026-08-18 07:47:49.311,bicycle_ID_1777,bicycle,Potsdam (kein Wechsel),False
2026-08-18 07:47:50.712,bicycle_ID_1778,bicycle,Potsdam (kein Wechsel),False
2026-08-18 07:47:51.146,person_ID_2162,person,Potsdam (kein Wechsel),False
2026-08-18 07:47:52.378,person_ID_2163,person,Berlin (kein Wechsel),False
2026-08-18 07:47:55.346,bicycle_ID_1779,bicycle,Potsdam->Berlin,True
2026-08-18 07:47:56.143,person_ID_2164,person,Berlin (kein Wechsel),False
2026-08-18 07:47:58.913,car_ID_2089,car,Berlin->Potsdam,True
2026-08-18 07:47:59.344,bicycle_ID_1780,bicycle,Potsdam (kein Wechsel),False
2026-08-18 07:48:00.079,bicycle_ID_1782,bicycle,Potsdam (kein Wechsel),False
2026-08-18 07:48:00.215,bicycle_ID_1781,bicycle,Potsdam (kein Wechsel),False
2026-08-18 07:48:00.478,person_ID_2166,person,Berlin (kein Wechsel),False
2026-08-18 07:48:00.879,bicycle_ID_1784,bicycle,Potsdam (kein Wechsel),False
2026-08-18 07:48:01.678,person_ID_2165,person,Potsdam (kein Wechsel),False
2026-08-18 07:48:02.615,bicycle_ID_1783,bicycle,Potsdam->Berlin,True
2026-08-18 07:48:02.749,bicycle_ID_1785,bicycle,Berlin (kein Wechsel),False
2026-08-18 07:48:03.481,car_ID_2090,car,Berlin->Potsdam,True
2026-08-18 07:48:03.650,person_ID_2167,person,Berlin (kein Wechsel),False
2026-08-18 07:48:04.542,bicycle_ID_1786,bicycle,Berlin (kein Wechsel),False
2026-08-18 07:48:09.346,bicycle_ID_1787,bicycle,Berlin (kein Wechsel),False
2026-08-18 07:48:10.148,person_ID_2168,person,Potsdam->Berlin,True
2026-08-18 07:48:49.815,car_ID_2092,car,Berlin (kein Wechsel),False
2026-08-18 07:48:49.849,car_ID_2091,car,Berlin (kein Wechsel),False
2026-08-18 07:48:55.084,car_ID_2093,car,Berlin->Potsdam,True
2026-08-18 07:48:59.819,bus_ID_187,bus,Berlin (kein Wechsel),False
2026-08-18 07:49:00.617,car_ID_2094,car,Potsdam->Berlin,True
2026-08-18 07:49:10.550,car_ID_2095,car,Berlin->Potsdam,True
2026-08-18 07:49:18.788,bicycle_ID_1788,bicycle,Berlin->Potsdam,True
2026-08-18 07:49:18.787,person_ID_2169,person,Berlin->Potsdam,True
2026-08-18 07:49:32.587,bicycle_ID_1789,bicycle,Potsdam (kein Wechsel),False
2026-08-18 07:49:33.186,person_ID_2171,person,Potsdam (kein Wechsel),False
2026-08-18 07:49:34.686,person_ID_2172,person,Potsdam (kein Wechsel),False
2026-08-18 07:49:35.587,bicycle_ID_1790,bicycle,Potsdam (kein Wechsel),False
2026-08-18 07:49:38.150,bicycle_ID_1791,bicycle,Potsdam->Berlin,True
2026-08-18 07:49:38.220,person_ID_2170,person,Potsdam->Berlin,True
2026-08-18 07:49:39.517,person_ID_2174,person,Potsdam->Berlin,True
2026-08-18 07:49:39.589,person_ID_2175,person,Berlin (kein Wechsel),False
2026-08-18 07:49:40.823,person_ID_2176,person,Berlin (kein Wechsel),False
2026-08-18 07:49:40.919,bicycle_ID_1792,bicycle,Berlin (kein Wechsel),False
2026-08-18 07:49:40.919,person_ID_2173,person,Berlin (kein Wechsel),False
2026-08-18 07:49:44.122,person_ID_2177,person,Berlin (kein Wechsel),False
2026-08-18 07:50:01.328,car_ID_2096,car,Berlin (kein Wechsel),False
2026-08-18 07:50:02.287,car_ID_2097,car,Berlin->Potsdam,True
2026-08-18 07:50:05.655,bicycle_ID_1793,bicycle,Potsdam (kein Wechsel),False
2026-08-18 07:50:06.423,person_ID_2178,person,Potsdam (kein Wechsel),False
2026-08-18 07:50:07.823,bicycle_ID_1794,bicycle,Potsdam->Berlin,True
2026-08-18 07:50:08.055,person_ID_2179,person,Potsdam->Berlin,True
2026-08-18 07:50:08.889,person_ID_2180,person,Berlin (kein Wechsel),False
2026-08-18 07:50:09.529,bicycle_ID_1795,bicycle,Berlin (kein Wechsel),False
2026-08-18 07:50:09.822,bicycle_ID_1796,bicycle,Berlin (kein Wechsel),False
2026-08-18 07:50:23.355,car_ID_2098,car,Potsdam->Berlin,True
2026-08-18 07:50:39.229,person_ID_2181,person,Potsdam (kein Wechsel),False
2026-08-18 07:50:41.258,bicycle_ID_1798,bicycle,Berlin (kein Wechsel),False
2026-08-18 07:50:41.724,bicycle_ID_1797,bicycle,Berlin (kein Wechsel),False
2026-08-18 07:50:41.957,person_ID_2182,person,Potsdam->Berlin,True
2026-08-18 07:50:43.791,bicycle_ID_1799,bicycle,Berlin (kein Wechsel),False
2026-08-18 07:50:43.856,person_ID_2183,person,Berlin (kein Wechsel),False
2026-08-18 07:50:48.625,car_ID_2100,car,Berlin (kein Wechsel),False
2026-08-18 07:50:50.024,car_ID_2099,car,Potsdam->Berlin,True
2026-08-18 07:50:57.421,car_ID_2102,car,Berlin (kein Wechsel),False
2026-08-18 07:50:58.790,car_ID_2101,car,Potsdam->Berlin,True
2026-08-18 07:50:59.358,person_ID_2184,person,Berlin (kein Wechsel),False
2026-08-18 07:51:22.362,car_ID_2103,car,Berlin->Potsdam,True
2026-08-18 07:51:27.263,car_ID_2104,car,Potsdam->Berlin,True
2026-08-18 07:51:27.895,car_ID_2105,car,Berlin->Potsdam,True
2026-08-18 07:51:32.362,car_ID_2106,car,Berlin->Potsdam,True
2026-08-18 07:51:34.393,car_ID_2107,car,Potsdam (kein Wechsel),False
2026-08-18 07:51:35.196,car_ID_2109,car,Berlin (kein Wechsel),False
2026-08-18 07:51:35.626,car_ID_2108,car,Potsdam->Berlin,True
2026-08-18 07:51:35.895,bicycle_ID_1800,bicycle,Berlin (kein Wechsel),False
2026-08-18 07:51:37.528,bicycle_ID_1801,bicycle,Berlin (kein Wechsel),False
2026-08-18 07:51:37.528,person_ID_2185,person,Berlin (kein Wechsel),False
2026-08-18 07:51:41.692,person_ID_2186,person,Berlin (kein Wechsel),False
2026-08-18 07:51:41.895,bicycle_ID_1802,bicycle,Berlin (kein Wechsel),False
2026-08-18 07:51:52.396,car_ID_2110,car,Berlin->Potsdam,True
2026-08-18 07:52:01.360,car_ID_2111,car,Berlin->Potsdam,True
2026-08-18 07:52:02.299,bicycle_ID_1803,bicycle,Berlin (kein Wechsel),False
2026-08-18 07:52:03.565,person_ID_2187,person,Berlin (kein Wechsel),False
2026-08-18 07:52:04.498,bicycle_ID_1804,bicycle,Berlin->Potsdam,True
2026-08-18 07:52:08.198,car_ID_2112,car,Berlin->Potsdam,True
2026-08-18 07:52:15.303,bicycle_ID_1805,bicycle,Berlin (kein Wechsel),False
2026-08-18 07:52:15.632,person_ID_2188,person,Berlin (kein Wechsel),False
2026-08-18 07:52:17.130,car_ID_2113,car,Potsdam->Berlin,True
2026-08-18 07:52:17.398,person_ID_2189,person,Berlin (kein Wechsel),False
2026-08-18 07:52:30.131,bicycle_ID_1806,bicycle,Potsdam (kein Wechsel),False
2026-08-18 07:52:30.161,bicycle_ID_1807,bicycle,Potsdam (kein Wechsel),False
2026-08-18 07:52:33.267,bicycle_ID_1808,bicycle,Berlin (kein Wechsel),False
2026-08-18 07:52:34.801,bicycle_ID_1811,bicycle,Berlin (kein Wechsel),False
2026-08-18 07:52:34.999,bicycle_ID_1810,bicycle,Berlin (kein Wechsel),False
2026-08-18 07:52:35.468,person_ID_2190,person,Potsdam->Berlin,True
2026-08-18 07:52:35.599,bicycle_ID_1813,bicycle,Berlin->Potsdam,True
2026-08-18 07:52:35.661,person_ID_2191,person,Berlin->Potsdam,True
2026-08-18 07:52:35.767,bicycle_ID_1812,bicycle,Potsdam (kein Wechsel),False
2026-08-18 07:52:36.032,bicycle_ID_1809,bicycle,Berlin->Potsdam,True
2026-08-18 07:52:36.666,bicycle_ID_1815,bicycle,Potsdam (kein Wechsel),False
2026-08-18 07:52:37.605,bicycle_ID_1814,bicycle,Potsdam->Berlin,True
2026-08-18 07:52:39.300,person_ID_2192,person,Potsdam->Berlin,True
2026-08-18 07:52:43.433,car_ID_2114,car,Potsdam->Berlin,True
2026-08-18 07:52:45.366,bicycle_ID_1817,bicycle,Potsdam (kein Wechsel),False
2026-08-18 07:52:45.398,bicycle_ID_1816,bicycle,Potsdam (kein Wechsel),False
2026-08-18 07:52:46.133,person_ID_2193,person,Potsdam (kein Wechsel),False
2026-08-18 07:52:48.732,bicycle_ID_1818,bicycle,Potsdam->Berlin,True
2026-08-18 07:52:50.401,bicycle_ID_1819,bicycle,Berlin (kein Wechsel),False
2026-08-18 07:52:51.000,person_ID_2194,person,Potsdam (kein Wechsel),False
2026-08-18 07:52:52.162,person_ID_2196,person,Potsdam (kein Wechsel),False
2026-08-18 07:52:52.400,person_ID_2195,person,Potsdam (kein Wechsel),False
2026-08-18 07:52:52.836,person_ID_2197,person,Potsdam->Berlin,True
2026-08-18 07:52:53.733,bicycle_ID_1821,bicycle,Potsdam->Berlin,True
2026-08-18 07:52:54.333,bicycle_ID_1820,bicycle,Potsdam->Berlin,True
2026-08-18 07:52:54.768,person_ID_2199,person,Berlin (kein Wechsel),False
2026-08-18 07:52:55.775,bicycle_ID_1822,bicycle,Berlin (kein Wechsel),False
2026-08-18 07:52:56.661,person_ID_2198,person,Potsdam->Berlin,True
2026-08-18 07:53:29.767,car_ID_2115,car,Berlin->Potsdam,True
2026-08-18 07:53:43.039,bicycle_ID_1823,bicycle,Potsdam (kein Wechsel),False
2026-08-18 07:53:45.336,person_ID_2200,person,Potsdam->Berlin,True
2026-08-18 07:53:45.774,car_ID_2116,car,Berlin->Potsdam,True
2026-08-18 07:53:45.938,bicycle_ID_1824,bicycle,Potsdam->Berlin,True
2026-08-18 07:53:47.305,bicycle_ID_1825,bicycle,Berlin (kein Wechsel),False
2026-08-18 07:53:47.305,person_ID_2201,person,Berlin (kein Wechsel),False
2026-08-18 07:53:50.639,car_ID_2117,car,Potsdam->Berlin,True
2026-08-18 07:53:51.273,car_ID_2118,car,Potsdam->Berlin,True
2026-08-18 07:53:52.074,bus_ID_188,bus,Berlin (kein Wechsel),False
2026-08-18 07:53:52.243,car_ID_2121,car,Berlin (kein Wechsel),False
2026-08-18 07:53:53.203,car_ID_2120,car,Berlin (kein Wechsel),False
2026-08-18 07:53:54.605,car_ID_2119,car,Potsdam->Berlin,True
2026-08-18 07:54:45.344,car_ID_2122,car,Potsdam->Berlin,True
2026-08-18 07:54:45.507,bicycle_ID_1826,bicycle,Potsdam (kein Wechsel),False
2026-08-18 07:54:46.238,bicycle_ID_1827,bicycle,Potsdam (kein Wechsel),False
2026-08-18 07:54:46.337,person_ID_2202,person,Potsdam (kein Wechsel),False
2026-08-18 07:54:47.636,bicycle_ID_1829,bicycle,Potsdam (kein Wechsel),False
2026-08-18 07:54:48.041,car_ID_2124,car,Berlin (kein Wechsel),False
2026-08-18 07:54:48.143,person_ID_2203,person,Potsdam->Berlin,True
2026-08-18 07:54:48.211,car_ID_2123,car,Potsdam->Berlin,True
2026-08-18 07:54:50.309,person_ID_2204,person,Berlin (kein Wechsel),False
2026-08-18 07:54:50.737,bicycle_ID_1828,bicycle,Potsdam->Berlin,True
2026-08-18 07:54:57.271,car_ID_2125,car,Berlin->Potsdam,True
2026-08-18 07:55:16.476,bicycle_ID_1831,bicycle,Berlin (kein Wechsel),False
2026-08-18 07:55:16.638,bicycle_ID_1830,bicycle,Berlin->Potsdam,True
2026-08-18 07:55:16.638,person_ID_2205,person,Berlin->Potsdam,True
2026-08-18 07:55:25.276,car_ID_2126,car,Potsdam->Berlin,True
2026-08-18 07:55:29.944,bicycle_ID_1832,bicycle,Berlin (kein Wechsel),False
2026-08-18 07:55:30.376,bicycle_ID_1833,bicycle,Berlin (kein Wechsel),False
2026-08-18 07:55:52.715,person_ID_2206,person,Potsdam (kein Wechsel),False
2026-08-18 07:55:53.144,bicycle_ID_1834,bicycle,Potsdam (kein Wechsel),False
2026-08-18 07:55:53.708,person_ID_2207,person,Potsdam (kein Wechsel),False
2026-08-18 07:55:55.080,person_ID_2208,person,Berlin (kein Wechsel),False
2026-08-18 07:56:02.315,car_ID_2127,car,Berlin->Potsdam,True
2026-08-18 07:56:04.610,car_ID_2128,car,Berlin->Potsdam,True
2026-08-18 07:56:16.685,car_ID_2129,car,Berlin->Potsdam,True
2026-08-18 07:56:25.687,bicycle_ID_1835,bicycle,Potsdam (kein Wechsel),False
2026-08-18 07:56:26.049,person_ID_2209,person,Potsdam (kein Wechsel),False
2026-08-18 07:56:26.214,bicycle_ID_1836,bicycle,Potsdam (kein Wechsel),False
2026-08-18 07:56:27.714,bicycle_ID_1838,bicycle,Potsdam->Berlin,True
2026-08-18 07:56:27.748,bicycle_ID_1837,bicycle,Potsdam->Berlin,True
2026-08-18 07:56:29.348,bicycle_ID_1839,bicycle,Berlin (kein Wechsel),False
2026-08-18 07:56:29.682,bicycle_ID_1840,bicycle,Berlin (kein Wechsel),False
2026-08-18 07:56:29.682,person_ID_2210,person,Potsdam->Berlin,True
2026-08-18 07:56:42.779,car_ID_2130,car,Berlin->Potsdam,True
2026-08-18 07:56:46.851,car_ID_2131,car,Berlin->Potsdam,True
2026-08-18 07:56:56.681,car_ID_2132,car,Berlin->Potsdam,True
2026-08-18 07:56:59.751,car_ID_2133,car,Berlin->Potsdam,True
2026-08-18 07:57:28.988,bicycle_ID_1841,bicycle,Potsdam (kein Wechsel),False
2026-08-18 07:57:29.283,bicycle_ID_1842,bicycle,Potsdam (kein Wechsel),False
2026-08-18 07:57:30.119,person_ID_2211,person,Potsdam (kein Wechsel),False
2026-08-18 07:57:30.551,person_ID_2212,person,Potsdam (kein Wechsel),False
2026-08-18 07:57:31.450,bicycle_ID_1843,bicycle,Potsdam->Berlin,True
2026-08-18 07:57:33.155,car_ID_2134,car,Potsdam->Berlin,True
2026-08-18 07:57:33.287,bicycle_ID_1844,bicycle,Berlin (kein Wechsel),False
2026-08-18 07:57:33.783,person_ID_2213,person,Potsdam->Berlin,True
2026-08-18 07:57:38.949,person_ID_2214,person,Potsdam (kein Wechsel),False
2026-08-18 07:57:41.151,bicycle_ID_1845,bicycle,Potsdam->Berlin,True
2026-08-18 07:57:41.654,bicycle_ID_1846,bicycle,Berlin (kein Wechsel),False
2026-08-18 07:57:41.689,person_ID_2215,person,Potsdam->Berlin,True
2026-08-18 07:57:41.927,bicycle_ID_1847,bicycle,Berlin (kein Wechsel),False
2026-08-18 07:57:43.183,bicycle_ID_1848,bicycle,Berlin (kein Wechsel),False
2026-08-18 07:57:43.988,person_ID_2216,person,Berlin (kein Wechsel),False
2026-08-18 07:58:08.452,person_ID_2218,person,Potsdam (kein Wechsel),False
2026-08-18 07:58:08.921,car_ID_2135,car,Potsdam->Berlin,True
2026-08-18 07:58:11.455,person_ID_2217,person,Berlin->Potsdam,True
2026-08-18 07:58:15.623,person_ID_2220,person,Potsdam (kein Wechsel),False
2026-08-18 07:58:15.885,bicycle_ID_1849,bicycle,Potsdam (kein Wechsel),False
2026-08-18 07:58:16.217,person_ID_2221,person,Potsdam (kein Wechsel),False
2026-08-18 07:58:17.286,person_ID_2223,person,Potsdam (kein Wechsel),False
2026-08-18 07:58:17.554,person_ID_2222,person,Potsdam (kein Wechsel),False
2026-08-18 07:58:18.287,bicycle_ID_1850,bicycle,Berlin (kein Wechsel),False
2026-08-18 07:58:18.320,person_ID_2224,person,Berlin (kein Wechsel),False
2026-08-18 07:58:18.921,person_ID_2219,person,Potsdam (kein Wechsel),False
2026-08-18 07:58:20.424,person_ID_2225,person,Berlin (kein Wechsel),False
2026-08-18 07:58:20.622,bicycle_ID_1851,bicycle,Berlin (kein Wechsel),False
2026-08-18 07:58:23.886,car_ID_2136,car,Potsdam->Berlin,True
2026-08-18 07:58:24.721,bicycle_ID_1852,bicycle,Potsdam (kein Wechsel),False
2026-08-18 07:58:24.821,bicycle_ID_1853,bicycle,Potsdam (kein Wechsel),False
2026-08-18 07:58:25.524,person_ID_2226,person,Potsdam (kein Wechsel),False
2026-08-18 07:58:26.922,bicycle_ID_1854,bicycle,Potsdam->Berlin,True
2026-08-18 07:58:28.926,bicycle_ID_1855,bicycle,Berlin (kein Wechsel),False
2026-08-18 07:58:28.926,person_ID_2227,person,Potsdam->Berlin,True
2026-08-18 07:58:35.088,bicycle_ID_1857,bicycle,Potsdam (kein Wechsel),False
2026-08-18 07:58:35.324,car_ID_2137,car,Berlin (kein Wechsel),False
2026-08-18 07:58:35.854,bicycle_ID_1856,bicycle,Potsdam (kein Wechsel),False
2026-08-18 07:58:37.524,person_ID_2228,person,Potsdam (kein Wechsel),False
2026-08-18 07:58:38.885,bus_ID_189,bus,Berlin->Potsdam,True
2026-08-18 07:58:40.956,person_ID_2229,person,Berlin (kein Wechsel),False
2026-08-18 07:58:44.923,bicycle_ID_1858,bicycle,Potsdam (kein Wechsel),False
2026-08-18 07:58:45.358,car_ID_2138,car,Potsdam (kein Wechsel),False
2026-08-18 07:58:45.787,person_ID_2230,person,Potsdam (kein Wechsel),False
2026-08-18 07:58:46.821,car_ID_2140,car,Berlin (kein Wechsel),False
2026-08-18 07:58:47.522,bicycle_ID_1859,bicycle,Berlin (kein Wechsel),False
2026-08-18 07:58:48.522,car_ID_2139,car,Potsdam->Berlin,True
2026-08-18 07:58:50.428,person_ID_2231,person,Potsdam->Berlin,True
2026-08-18 07:58:55.459,car_ID_2141,car,Berlin->Potsdam,True
2026-08-18 07:59:16.389,bicycle_ID_1860,bicycle,Potsdam (kein Wechsel),False
2026-08-18 07:59:18.088,person_ID_2232,person,Potsdam (kein Wechsel),False
2026-08-18 07:59:18.927,person_ID_2233,person,Berlin (kein Wechsel),False
2026-08-18 07:59:21.422,bicycle_ID_1861,bicycle,Berlin (kein Wechsel),False
2026-08-18 07:59:23.256,person_ID_2234,person,Berlin (kein Wechsel),False
2026-08-18 07:59:34.161,bicycle_ID_1863,bicycle,Berlin (kein Wechsel),False
2026-08-18 07:59:35.522,bicycle_ID_1862,bicycle,Berlin->Potsdam,True
2026-08-18 07:59:35.522,person_ID_2235,person,Berlin->Potsdam,True
2026-08-18 08:00:26.598,bicycle_ID_1865,bicycle,Berlin (kein Wechsel),False
2026-08-18 08:00:28.165,person_ID_2236,person,Berlin->Potsdam,True
2026-08-18 08:00:28.670,bicycle_ID_1864,bicycle,Berlin->Potsdam,True
2026-08-18 08:00:45.664,car_ID_2142,car,Berlin->Potsdam,True
2026-08-18 08:00:46.736,car_ID_2144,car,Potsdam (kein Wechsel),False
2026-08-18 08:00:46.767,car_ID_2143,car,Potsdam (kein Wechsel),False
2026-08-18 08:00:48.203,bus_ID_190,bus,Potsdam (kein Wechsel),False
2026-08-18 08:00:50.231,bus_ID_191,bus,Berlin (kein Wechsel),False
2026-08-18 08:00:50.497,car_ID_2145,car,Berlin (kein Wechsel),False
2026-08-18 08:00:50.697,car_ID_2146,car,Berlin (kein Wechsel),False
2026-08-18 08:01:10.968,bicycle_ID_1867,bicycle,Berlin (kein Wechsel),False
2026-08-18 08:01:12.234,bicycle_ID_1866,bicycle,Berlin (kein Wechsel),False
2026-08-18 08:01:12.570,person_ID_2237,person,Berlin (kein Wechsel),False
2026-08-18 08:01:12.834,car_ID_2148,car,Berlin (kein Wechsel),False
2026-08-18 08:01:13.169,car_ID_2147,car,Berlin (kein Wechsel),False
2026-08-18 08:01:14.199,car_ID_2149,car,Potsdam (kein Wechsel),False
2026-08-18 08:01:14.468,car_ID_2150,car,Potsdam (kein Wechsel),False
2026-08-18 08:01:31.069,bicycle_ID_1868,bicycle,Potsdam (kein Wechsel),False
2026-08-18 08:01:31.935,bicycle_ID_1869,bicycle,Potsdam (kein Wechsel),False
2026-08-18 08:01:32.332,person_ID_2238,person,Potsdam (kein Wechsel),False
2026-08-18 08:01:34.370,bicycle_ID_1870,bicycle,Berlin (kein Wechsel),False
2026-08-18 08:01:34.699,bicycle_ID_1871,bicycle,Berlin (kein Wechsel),False
2026-08-18 08:01:35.173,person_ID_2239,person,Berlin (kein Wechsel),False
2026-08-18 08:01:35.500,bicycle_ID_1872,bicycle,Berlin (kein Wechsel),False
2026-08-18 08:01:37.101,person_ID_2240,person,Berlin (kein Wechsel),False
2026-08-18 08:01:39.836,bicycle_ID_1873,bicycle,Berlin (kein Wechsel),False
2026-08-18 08:01:40.034,person_ID_2241,person,Berlin (kein Wechsel),False
2026-08-18 08:01:40.437,bicycle_ID_1874,bicycle,Berlin (kein Wechsel),False
2026-08-18 08:01:40.437,person_ID_2242,person,Berlin (kein Wechsel),False
2026-08-18 08:01:44.468,bicycle_ID_1875,bicycle,Potsdam (kein Wechsel),False
2026-08-18 08:01:44.632,person_ID_2243,person,Potsdam (kein Wechsel),False
2026-08-18 08:01:45.066,car_ID_2151,car,Berlin->Potsdam,True
2026-08-18 08:01:46.502,bicycle_ID_1876,bicycle,Potsdam->Berlin,True
2026-08-18 08:01:48.200,bicycle_ID_1877,bicycle,Berlin (kein Wechsel),False
2026-08-18 08:01:48.234,person_ID_2244,person,Potsdam->Berlin,True
2026-08-18 08:01:50.100,car_ID_2152,car,Potsdam->Berlin,True
2026-08-18 08:01:54.202,bicycle_ID_1878,bicycle,Potsdam (kein Wechsel),False
2026-08-18 08:01:54.703,bicycle_ID_1880,bicycle,Berlin (kein Wechsel),False
2026-08-18 08:01:55.870,bicycle_ID_1881,bicycle,Berlin (kein Wechsel),False
2026-08-18 08:01:56.169,bicycle_ID_1879,bicycle,Berlin->Potsdam,True
2026-08-18 08:01:56.338,bicycle_ID_1882,bicycle,Potsdam (kein Wechsel),False
2026-08-18 08:01:56.768,person_ID_2246,person,Berlin->Potsdam,True
2026-08-18 08:01:57.007,bicycle_ID_1883,bicycle,Potsdam->Berlin,True
2026-08-18 08:01:59.203,bicycle_ID_1884,bicycle,Berlin (kein Wechsel),False
2026-08-18 08:01:59.337,person_ID_2245,person,Potsdam->Berlin,True
2026-08-18 08:02:03.434,car_ID_2154,car,Berlin (kein Wechsel),False
2026-08-18 08:02:03.504,car_ID_2153,car,Berlin (kein Wechsel),False
2026-08-18 08:02:04.968,bus_ID_192,bus,Berlin->Potsdam,True
2026-08-18 08:02:05.031,bus_ID_193,bus,Berlin->Potsdam,True
2026-08-18 08:02:15.971,car_ID_2155,car,Berlin (kein Wechsel),False
2026-08-18 08:02:16.039,car_ID_2156,car,Berlin (kein Wechsel),False
2026-08-18 08:02:27.136,car_ID_2157,car,Berlin->Potsdam,True
2026-08-18 08:02:29.208,car_ID_2158,car,Berlin->Potsdam,True
2026-08-18 08:03:01.473,car_ID_2159,car,Potsdam (kein Wechsel),False
2026-08-18 08:03:04.106,car_ID_2160,car,Potsdam->Berlin,True
2026-08-18 08:03:33.773,person_ID_2247,person,Potsdam (kein Wechsel),False
2026-08-18 08:03:34.875,bicycle_ID_1885,bicycle,Potsdam (kein Wechsel),False
2026-08-18 08:03:38.142,person_ID_2248,person,Potsdam->Berlin,True
2026-08-18 08:04:03.844,car_ID_2161,car,Berlin->Potsdam,True
2026-08-18 08:04:24.312,bus_ID_194,bus,Potsdam (kein Wechsel),False
2026-08-18 08:04:29.013,bus_ID_195,bus,Potsdam->Berlin,True
2026-08-18 08:04:30.514,bicycle_ID_1886,bicycle,Potsdam (kein Wechsel),False
2026-08-18 08:04:31.247,bicycle_ID_1887,bicycle,Potsdam (kein Wechsel),False
2026-08-18 08:04:32.246,person_ID_2249,person,Potsdam (kein Wechsel),False
2026-08-18 08:04:32.280,bicycle_ID_1888,bicycle,Potsdam (kein Wechsel),False
2026-08-18 08:04:35.147,bicycle_ID_1889,bicycle,Potsdam->Berlin,True
2026-08-18 08:04:36.816,bicycle_ID_1890,bicycle,Berlin (kein Wechsel),False
2026-08-18 08:04:38.445,person_ID_2250,person,Potsdam->Berlin,True
2026-08-18 08:04:38.779,car_ID_2162,car,Potsdam->Berlin,True
2026-08-18 08:04:52.215,car_ID_2163,car,Potsdam->Berlin,True
2026-08-18 08:04:58.683,bus_ID_196,bus,Berlin (kein Wechsel),False
2026-08-18 08:04:59.346,car_ID_2164,car,Potsdam->Berlin,True
2026-08-18 08:05:22.552,car_ID_2165,car,Potsdam->Berlin,True
2026-08-18 08:05:29.782,car_ID_2166,car,Potsdam->Berlin,True
2026-08-18 08:06:01.155,car_ID_2167,car,Berlin->Potsdam,True
2026-08-18 08:06:38.451,car_ID_2168,car,Berlin->Potsdam,True
2026-08-18 08:06:56.390,bicycle_ID_1891,bicycle,Potsdam (kein Wechsel),False
2026-08-18 08:06:57.288,bicycle_ID_1892,bicycle,Potsdam (kein Wechsel),False
2026-08-18 08:06:57.526,bicycle_ID_1894,bicycle,Berlin (kein Wechsel),False
2026-08-18 08:06:57.725,person_ID_2251,person,Potsdam (kein Wechsel),False
2026-08-18 08:06:58.454,person_ID_2252,person,Berlin->Potsdam,True
2026-08-18 08:06:58.556,bicycle_ID_1893,bicycle,Berlin->Potsdam,True
2026-08-18 08:06:59.888,person_ID_2253,person,Potsdam->Berlin,True
2026-08-18 08:07:02.851,person_ID_2254,person,Berlin (kein Wechsel),False
2026-08-18 08:07:04.120,car_ID_2169,car,Berlin->Potsdam,True
2026-08-18 08:07:32.791,car_ID_2170,car,Potsdam->Berlin,True
2026-08-18 08:07:38.726,bicycle_ID_1895,bicycle,Potsdam (kein Wechsel),False
2026-08-18 08:07:40.695,bicycle_ID_1896,bicycle,Potsdam (kein Wechsel),False
2026-08-18 08:07:41.695,bicycle_ID_1897,bicycle,Berlin (kein Wechsel),False
2026-08-18 08:07:45.094,person_ID_2255,person,Potsdam->Berlin,True
2026-08-18 08:08:05.092,bicycle_ID_1898,bicycle,Potsdam (kein Wechsel),False
2026-08-18 08:08:05.731,bicycle_ID_1899,bicycle,Potsdam (kein Wechsel),False
2026-08-18 08:08:05.956,person_ID_2256,person,Potsdam (kein Wechsel),False
2026-08-18 08:08:08.819,person_ID_2257,person,Potsdam->Berlin,True
2026-08-18 08:08:09.523,bicycle_ID_1900,bicycle,Potsdam->Berlin,True
2026-08-18 08:08:22.595,person_ID_2258,person,Potsdam (kein Wechsel),False
2026-08-18 08:08:23.626,car_ID_2172,car,Potsdam (kein Wechsel),False
2026-08-18 08:08:24.197,car_ID_2173,car,Berlin (kein Wechsel),False
2026-08-18 08:08:24.426,bicycle_ID_1902,bicycle,Potsdam (kein Wechsel),False
2026-08-18 08:08:24.692,bicycle_ID_1901,bicycle,Potsdam->Berlin,True
2026-08-18 08:08:25.025,car_ID_2171,car,Potsdam->Berlin,True
2026-08-18 08:08:26.464,bicycle_ID_1903,bicycle,Potsdam (kein Wechsel),False
2026-08-18 08:08:28.030,bicycle_ID_1904,bicycle,Potsdam (kein Wechsel),False
2026-08-18 08:08:28.161,person_ID_2259,person,Potsdam->Berlin,True
2026-08-18 08:08:29.228,bicycle_ID_1906,bicycle,Potsdam (kein Wechsel),False
2026-08-18 08:08:30.894,bicycle_ID_1905,bicycle,Potsdam (kein Wechsel),False
2026-08-18 08:08:30.995,bicycle_ID_1907,bicycle,Potsdam (kein Wechsel),False
2026-08-18 08:08:33.863,bicycle_ID_1909,bicycle,Berlin (kein Wechsel),False
2026-08-18 08:08:35.665,person_ID_2260,person,Berlin (kein Wechsel),False
2026-08-18 08:08:35.862,bicycle_ID_1908,bicycle,Berlin (kein Wechsel),False
2026-08-18 08:08:44.461,bicycle_ID_1910,bicycle,Potsdam (kein Wechsel),False
2026-08-18 08:08:44.461,person_ID_2261,person,Potsdam (kein Wechsel),False
2026-08-18 08:08:44.862,bicycle_ID_1911,bicycle,Potsdam (kein Wechsel),False
2026-08-18 08:08:46.364,bicycle_ID_1913,bicycle,Berlin (kein Wechsel),False
2026-08-18 08:08:46.965,person_ID_2262,person,Potsdam->Berlin,True
2026-08-18 08:08:47.730,bicycle_ID_1912,bicycle,Potsdam->Berlin,True
2026-08-18 08:08:47.762,person_ID_2263,person,Berlin (kein Wechsel),False
2026-08-18 08:08:51.664,person_ID_2264,person,Potsdam->Berlin,True
2026-08-18 08:08:58.198,car_ID_2174,car,Berlin->Potsdam,True
2026-08-18 08:09:03.763,car_ID_2175,car,Berlin->Potsdam,True
2026-08-18 08:09:12.962,person_ID_2265,person,Potsdam (kein Wechsel),False
2026-08-18 08:09:13.431,person_ID_2266,person,Potsdam (kein Wechsel),False
2026-08-18 08:09:14.864,person_ID_2267,person,Berlin (kein Wechsel),False
2026-08-18 08:09:15.728,bicycle_ID_1915,bicycle,Berlin (kein Wechsel),False
2026-08-18 08:09:15.995,person_ID_2268,person,Berlin (kein Wechsel),False
2026-08-18 08:09:16.866,bicycle_ID_1914,bicycle,Potsdam->Berlin,True
2026-08-18 08:09:41.031,car_ID_2176,car,Berlin->Potsdam,True
2026-08-18 08:09:44.331,bicycle_ID_1916,bicycle,Potsdam (kein Wechsel),False
2026-08-18 08:09:44.563,person_ID_2269,person,Potsdam (kein Wechsel),False
2026-08-18 08:09:45.631,person_ID_2270,person,Potsdam (kein Wechsel),False
2026-08-18 08:09:46.100,car_ID_2177,car,Potsdam (kein Wechsel),False
2026-08-18 08:09:46.567,bicycle_ID_1917,bicycle,Potsdam (kein Wechsel),False
2026-08-18 08:09:46.800,person_ID_2271,person,Potsdam (kein Wechsel),False
2026-08-18 08:09:47.865,person_ID_2272,person,Berlin (kein Wechsel),False
2026-08-18 08:09:48.434,person_ID_2273,person,Berlin (kein Wechsel),False
2026-08-18 08:09:49.134,car_ID_2178,car,Potsdam->Berlin,True
2026-08-18 08:10:05.536,car_ID_2181,car,Berlin (kein Wechsel),False
2026-08-18 08:10:06.602,car_ID_2180,car,Berlin->Potsdam,True
2026-08-18 08:10:07.768,car_ID_2179,car,Potsdam->Berlin,True
2026-08-18 08:10:12.201,car_ID_2182,car,Berlin->Potsdam,True
2026-08-18 08:10:14.135,car_ID_2183,car,Berlin->Potsdam,True
2026-08-18 08:10:17.971,car_ID_2184,car,Berlin->Potsdam,True
2026-08-18 08:10:34.866,person_ID_2274,person,Potsdam (kein Wechsel),False
2026-08-18 08:11:04.937,bicycle_ID_1918,bicycle,Berlin (kein Wechsel),False
2026-08-18 08:11:05.069,bicycle_ID_1919,bicycle,Berlin (kein Wechsel),False
2026-08-18 08:11:06.303,bicycle_ID_1920,bicycle,Berlin (kein Wechsel),False
2026-08-18 08:11:06.635,bicycle_ID_1921,bicycle,Berlin (kein Wechsel),False
2026-08-18 08:11:06.738,person_ID_2275,person,Berlin (kein Wechsel),False
2026-08-18 08:11:07.168,person_ID_2276,person,Berlin (kein Wechsel),False
2026-08-18 08:11:12.605,bicycle_ID_1923,bicycle,Potsdam (kein Wechsel),False
2026-08-18 08:11:12.637,bicycle_ID_1922,bicycle,Potsdam (kein Wechsel),False
2026-08-18 08:11:13.903,bicycle_ID_1924,bicycle,Potsdam (kein Wechsel),False
2026-08-18 08:11:14.806,bicycle_ID_1925,bicycle,Potsdam (kein Wechsel),False
2026-08-18 08:11:15.173,bicycle_ID_1926,bicycle,Berlin (kein Wechsel),False
2026-08-18 08:11:15.439,person_ID_2277,person,Potsdam->Berlin,True
2026-08-18 08:11:16.367,person_ID_2278,person,Berlin (kein Wechsel),False
2026-08-18 08:11:16.639,bicycle_ID_1927,bicycle,Potsdam (kein Wechsel),False
2026-08-18 08:11:17.139,bicycle_ID_1928,bicycle,Berlin (kein Wechsel),False
2026-08-18 08:11:17.373,person_ID_2279,person,Berlin (kein Wechsel),False
2026-08-18 08:11:18.006,bicycle_ID_1930,bicycle,Potsdam (kein Wechsel),False
2026-08-18 08:11:18.907,bicycle_ID_1929,bicycle,Potsdam->Berlin,True
2026-08-18 08:11:20.106,bicycle_ID_1931,bicycle,Berlin (kein Wechsel),False
2026-08-18 08:11:20.539,person_ID_2280,person,Potsdam->Berlin,True
2026-08-18 08:11:24.571,person_ID_2281,person,Potsdam (kein Wechsel),False
2026-08-18 08:11:28.506,bicycle_ID_1932,bicycle,Potsdam (kein Wechsel),False
2026-08-18 08:11:29.107,bicycle_ID_1933,bicycle,Potsdam (kein Wechsel),False
2026-08-18 08:11:29.412,car_ID_2186,car,Berlin (kein Wechsel),False
2026-08-18 08:11:30.407,bicycle_ID_1934,bicycle,Potsdam (kein Wechsel),False
2026-08-18 08:11:31.144,bicycle_ID_1935,bicycle,Potsdam (kein Wechsel),False
2026-08-18 08:11:31.609,car_ID_2189,car,Potsdam (kein Wechsel),False
2026-08-18 08:11:34.043,person_ID_2283,person,Potsdam->Berlin,True
2026-08-18 08:11:34.871,person_ID_2282,person,Potsdam (kein Wechsel),False
2026-08-18 08:11:35.539,car_ID_2187,car,Potsdam->Berlin,True
2026-08-18 08:11:41.840,car_ID_2190,car,Potsdam->Berlin,True
2026-08-18 08:11:44.412,car_ID_2191,car,Potsdam->Berlin,True
2026-08-18 08:11:44.540,bicycle_ID_1936,bicycle,Potsdam (kein Wechsel),False
2026-08-18 08:11:45.338,person_ID_2285,person,Potsdam (kein Wechsel),False
2026-08-18 08:11:45.612,bicycle_ID_1937,bicycle,Potsdam (kein Wechsel),False
2026-08-18 08:11:46.911,bicycle_ID_1939,bicycle,Berlin (kein Wechsel),False
2026-08-18 08:11:46.910,person_ID_2286,person,Potsdam->Berlin,True
2026-08-18 08:11:47.108,bicycle_ID_1938,bicycle,Potsdam->Berlin,True
2026-08-18 08:11:47.642,bicycle_ID_1941,bicycle,Berlin (kein Wechsel),False
2026-08-18 08:11:47.951,person_ID_2284,person,Potsdam->Berlin,True
2026-08-18 08:11:47.983,bicycle_ID_1942,bicycle,Berlin (kein Wechsel),False
2026-08-18 08:11:48.049,bicycle_ID_1940,bicycle,Berlin (kein Wechsel),False
2026-08-18 08:11:49.441,person_ID_2287,person,Berlin (kein Wechsel),False
2026-08-18 08:11:49.543,car_ID_2192,car,Berlin (kein Wechsel),False
2026-08-18 08:11:53.376,car_ID_2193,car,Potsdam->Berlin,True
2026-08-18 08:12:00.107,person_ID_2288,person,Berlin (kein Wechsel),False
2026-08-18 08:12:00.174,car_ID_2195,car,Berlin (kein Wechsel),False
2026-08-18 08:12:01.543,car_ID_2196,car,Potsdam (kein Wechsel),False
2026-08-18 08:12:02.371,car_ID_2194,car,Potsdam->Berlin,True
2026-08-18 08:12:02.870,car_ID_2197,car,Berlin (kein Wechsel),False
2026-08-18 08:12:02.870,person_ID_2289,person,Berlin (kein Wechsel),False
2026-08-18 08:12:04.211,car_ID_2185,car,Berlin->Potsdam,True
2026-08-18 08:12:04.942,car_ID_2199,car,Potsdam (kein Wechsel),False
2026-08-18 08:12:05.110,car_ID_2188,car,Berlin->Potsdam,True
2026-08-18 08:12:05.642,person_ID_2290,person,Berlin (kein Wechsel),False
2026-08-18 08:12:06.910,car_ID_2201,car,Berlin (kein Wechsel),False
2026-08-18 08:12:07.406,person_ID_2291,person,Berlin (kein Wechsel),False
2026-08-18 08:12:09.144,car_ID_2198,car,Berlin->Potsdam,True
2026-08-18 08:12:11.077,car_ID_2200,car,Berlin->Potsdam,True
2026-08-18 08:12:13.243,bicycle_ID_1944,bicycle,Berlin (kein Wechsel),False
2026-08-18 08:12:13.471,bicycle_ID_1943,bicycle,Berlin (kein Wechsel),False
2026-08-18 08:12:13.677,car_ID_2202,car,Berlin->Potsdam,True
2026-08-18 08:12:13.971,bicycle_ID_1945,bicycle,Berlin (kein Wechsel),False
2026-08-18 08:12:14.275,bicycle_ID_1946,bicycle,Berlin (kein Wechsel),False
2026-08-18 08:12:14.473,person_ID_2293,person,Berlin (kein Wechsel),False
2026-08-18 08:12:14.641,person_ID_2292,person,Berlin->Potsdam,True
2026-08-18 08:12:15.107,bicycle_ID_1947,bicycle,Berlin->Potsdam,True
2026-08-18 08:12:15.742,person_ID_2294,person,Potsdam (kein Wechsel),False
2026-08-18 08:12:17.907,car_ID_2203,car,Berlin->Potsdam,True
2026-08-18 08:12:19.309,person_ID_2295,person,Berlin (kein Wechsel),False
2026-08-18 08:12:19.375,bicycle_ID_1948,bicycle,Berlin (kein Wechsel),False
2026-08-18 08:12:19.540,car_ID_2204,car,Potsdam (kein Wechsel),False
2026-08-18 08:12:20.909,person_ID_2296,person,Berlin->Potsdam,True
2026-08-18 08:12:21.007,bicycle_ID_1949,bicycle,Berlin->Potsdam,True
2026-08-18 08:12:24.341,car_ID_2205,car,Berlin (kein Wechsel),False
2026-08-18 08:12:24.510,bus_ID_197,bus,Berlin (kein Wechsel),False
2026-08-18 08:12:24.778,bus_ID_198,bus,Berlin (kein Wechsel),False
2026-08-18 08:12:31.072,bicycle_ID_1950,bicycle,Potsdam (kein Wechsel),False
2026-08-18 08:12:31.373,person_ID_2297,person,Potsdam (kein Wechsel),False
2026-08-18 08:12:32.610,bicycle_ID_1951,bicycle,Potsdam (kein Wechsel),False
2026-08-18 08:12:32.910,person_ID_2298,person,Potsdam (kein Wechsel),False
2026-08-18 08:12:33.511,person_ID_2299,person,Potsdam (kein Wechsel),False
2026-08-18 08:12:33.609,bicycle_ID_1954,bicycle,Potsdam (kein Wechsel),False
2026-08-18 08:12:34.180,bicycle_ID_1953,bicycle,Potsdam (kein Wechsel),False
2026-08-18 08:12:34.479,person_ID_2300,person,Potsdam (kein Wechsel),False
2026-08-18 08:12:34.875,bicycle_ID_1955,bicycle,Potsdam (kein Wechsel),False
2026-08-18 08:12:34.980,person_ID_2301,person,Potsdam (kein Wechsel),False
2026-08-18 08:12:35.307,person_ID_2302,person,Berlin (kein Wechsel),False
2026-08-18 08:12:35.679,bicycle_ID_1956,bicycle,Berlin (kein Wechsel),False
2026-08-18 08:12:36.044,bicycle_ID_1957,bicycle,Potsdam (kein Wechsel),False
2026-08-18 08:12:36.377,bicycle_ID_1952,bicycle,Berlin (kein Wechsel),False
2026-08-18 08:12:36.643,person_ID_2303,person,Potsdam->Berlin,True
2026-08-18 08:12:37.117,bicycle_ID_1958,bicycle,Berlin (kein Wechsel),False
2026-08-18 08:12:38.043,person_ID_2304,person,Berlin (kein Wechsel),False
2026-08-18 08:12:38.578,bicycle_ID_1959,bicycle,Berlin (kein Wechsel),False
2026-08-18 08:12:41.177,car_ID_2206,car,Berlin->Potsdam,True
2026-08-18 08:12:42.345,car_ID_2208,car,Potsdam (kein Wechsel),False
2026-08-18 08:12:45.078,car_ID_2207,car,Berlin->Potsdam,True
2026-08-18 08:12:53.440,bicycle_ID_1961,bicycle,Berlin (kein Wechsel),False
2026-08-18 08:12:55.511,bicycle_ID_1960,bicycle,Berlin->Potsdam,True
2026-08-18 08:12:55.511,bicycle_ID_1962,bicycle,Berlin->Potsdam,True
2026-08-18 08:12:55.711,person_ID_2305,person,Berlin->Potsdam,True
2026-08-18 08:13:03.441,car_ID_2209,car,Potsdam->Berlin,True
2026-08-18 08:13:10.781,car_ID_2210,car,Potsdam->Berlin,True
2026-08-18 08:13:33.746,car_ID_2211,car,Berlin (kein Wechsel),False
2026-08-18 08:13:46.481,bicycle_ID_1963,bicycle,Potsdam (kein Wechsel),False
2026-08-18 08:13:48.415,person_ID_2306,person,Potsdam->Berlin,True
2026-08-18 08:13:49.648,bicycle_ID_1964,bicycle,Potsdam->Berlin,True
2026-08-18 08:13:49.681,bicycle_ID_1965,bicycle,Berlin (kein Wechsel),False
2026-08-18 08:13:49.817,person_ID_2307,person,Potsdam->Berlin,True
2026-08-18 08:13:51.182,person_ID_2308,person,Berlin (kein Wechsel),False
2026-08-18 08:13:51.344,bicycle_ID_1966,bicycle,Berlin (kein Wechsel),False
2026-08-18 08:13:51.618,car_ID_2212,car,Potsdam (kein Wechsel),False
2026-08-18 08:14:06.387,car_ID_2213,car,Potsdam->Berlin,True
2026-08-18 08:14:07.686,bicycle_ID_1967,bicycle,Berlin->Potsdam,True
2026-08-18 08:14:08.251,person_ID_2309,person,Berlin->Potsdam,True
2026-08-18 08:14:09.483,bicycle_ID_1969,bicycle,Berlin (kein Wechsel),False
2026-08-18 08:14:09.853,bicycle_ID_1971,bicycle,Berlin (kein Wechsel),False
2026-08-18 08:14:10.184,person_ID_2310,person,Berlin->Potsdam,True
2026-08-18 08:14:10.449,bicycle_ID_1972,bicycle,Berlin (kein Wechsel),False
2026-08-18 08:14:10.513,person_ID_2311,person,Berlin (kein Wechsel),False
2026-08-18 08:14:10.650,bicycle_ID_1968,bicycle,Berlin->Potsdam,True
2026-08-18 08:14:10.745,bicycle_ID_1970,bicycle,Berlin (kein Wechsel),False
2026-08-18 08:14:10.851,person_ID_2312,person,Berlin (kein Wechsel),False
2026-08-18 08:14:12.915,car_ID_2214,car,Berlin->Potsdam,True
2026-08-18 08:14:14.047,car_ID_2216,car,Berlin (kein Wechsel),False
2026-08-18 08:14:14.389,car_ID_2215,car,Berlin->Potsdam,True
2026-08-18 08:14:15.484,car_ID_2217,car,Potsdam (kein Wechsel),False
2026-08-18 08:14:36.487,car_ID_2218,car,Berlin->Potsdam,True
2026-08-18 08:14:45.221,bicycle_ID_1974,bicycle,Berlin (kein Wechsel),False
2026-08-18 08:14:46.319,bicycle_ID_1973,bicycle,Berlin->Potsdam,True
2026-08-18 08:14:46.784,person_ID_2313,person,Berlin->Potsdam,True
2026-08-18 08:15:01.217,person_ID_2315,person,Potsdam (kein Wechsel),False
2026-08-18 08:15:01.320,person_ID_2314,person,Potsdam (kein Wechsel),False
2026-08-18 08:15:02.416,person_ID_2316,person,Potsdam (kein Wechsel),False
2026-08-18 08:15:04.716,person_ID_2317,person,Potsdam (kein Wechsel),False
2026-08-18 08:15:05.953,person_ID_2319,person,Potsdam (kein Wechsel),False
2026-08-18 08:15:06.624,person_ID_2318,person,Berlin (kein Wechsel),False
2026-08-18 08:15:11.055,person_ID_2320,person,Potsdam (kein Wechsel),False
2026-08-18 08:15:14.886,bicycle_ID_1975,bicycle,Berlin->Potsdam,True
2026-08-18 08:15:15.220,person_ID_2321,person,Berlin->Potsdam,True
2026-08-18 08:15:16.589,person_ID_2322,person,Potsdam->Berlin,True
2026-08-18 08:15:33.756,person_ID_2323,person,Berlin (kein Wechsel),False
2026-08-18 08:15:37.991,car_ID_2219,car,Potsdam->Berlin,True
2026-08-18 08:15:45.653,person_ID_2324,person,Potsdam->Berlin,True
2026-08-18 08:15:59.228,bicycle_ID_1976,bicycle,Potsdam (kein Wechsel),False
2026-08-18 08:16:02.159,car_ID_2221,car,Potsdam (kein Wechsel),False
2026-08-18 08:16:03.757,person_ID_2325,person,Potsdam->Berlin,True
2026-08-18 08:16:04.495,car_ID_2220,car,Potsdam->Berlin,True
2026-08-18 08:16:06.057,bicycle_ID_1977,bicycle,Berlin (kein Wechsel),False
2026-08-18 08:16:06.361,person_ID_2326,person,Berlin (kein Wechsel),False
2026-08-18 08:16:08.488,person_ID_2327,person,Berlin (kein Wechsel),False
2026-08-18 08:16:10.794,car_ID_2222,car,Berlin->Potsdam,True
2026-08-18 08:16:12.656,person_ID_2328,person,Berlin (kein Wechsel),False
2026-08-18 08:16:17.423,car_ID_2223,car,Berlin->Potsdam,True
2026-08-18 08:16:38.428,person_ID_2329,person,Berlin->Potsdam,True
2026-08-18 08:16:46.292,person_ID_2330,person,Potsdam (kein Wechsel),False
2026-08-18 08:17:02.625,car_ID_2225,car,Berlin->Potsdam,True
2026-08-18 08:17:04.223,car_ID_2224,car,Potsdam->Berlin,True
2026-08-18 08:17:22.665,person_ID_2331,person,Berlin (kein Wechsel),False
2026-08-18 08:17:22.995,bicycle_ID_1979,bicycle,Berlin (kein Wechsel),False
2026-08-18 08:17:23.025,bicycle_ID_1978,bicycle,Berlin (kein Wechsel),False
2026-08-18 08:17:23.700,bicycle_ID_1980,bicycle,Berlin (kein Wechsel),False
2026-08-18 08:17:27.961,car_ID_2227,car,Potsdam (kein Wechsel),False
2026-08-18 08:17:28.329,car_ID_2226,car,Potsdam (kein Wechsel),False
2026-08-18 08:17:29.234,car_ID_2228,car,Potsdam (kein Wechsel),False
2026-08-18 08:17:30.292,bus_ID_200,bus,Berlin (kein Wechsel),False
2026-08-18 08:17:30.395,bus_ID_199,bus,Berlin (kein Wechsel),False
2026-08-18 08:17:30.593,car_ID_2231,car,Berlin (kein Wechsel),False
2026-08-18 08:17:31.193,car_ID_2230,car,Berlin (kein Wechsel),False
2026-08-18 08:17:31.291,car_ID_2232,car,Potsdam (kein Wechsel),False
2026-08-18 08:17:32.327,car_ID_2229,car,Potsdam->Berlin,True
2026-08-18 08:17:35.369,car_ID_2233,car,Potsdam->Berlin,True
2026-08-18 08:17:44.130,car_ID_2234,car,Berlin->Potsdam,True
2026-08-18 08:17:47.762,car_ID_2235,car,Berlin->Potsdam,True
2026-08-18 08:18:03.601,car_ID_2236,car,Potsdam (kein Wechsel),False
2026-08-18 08:18:13.430,person_ID_2333,person,Berlin->Potsdam,True
2026-08-18 08:18:13.968,bicycle_ID_1981,bicycle,Berlin->Potsdam,True
2026-08-18 08:18:17.068,car_ID_2237,car,Potsdam (kein Wechsel),False
2026-08-18 08:18:18.029,car_ID_2238,car,Potsdam->Berlin,True
2026-08-18 08:18:18.361,car_ID_2239,car,Berlin (kein Wechsel),False
2026-08-18 08:18:18.900,bus_ID_201,bus,Berlin (kein Wechsel),False
2026-08-18 08:18:21.431,car_ID_2241,car,Potsdam (kein Wechsel),False
2026-08-18 08:18:21.733,car_ID_2240,car,Berlin (kein Wechsel),False
2026-08-18 08:18:21.799,car_ID_2242,car,Berlin (kein Wechsel),False
2026-08-18 08:18:28.860,car_ID_2243,car,Berlin (kein Wechsel),False
2026-08-18 08:18:28.965,person_ID_2332,person,Berlin->Potsdam,True
2026-08-18 08:18:31.335,person_ID_2334,person,Potsdam (kein Wechsel),False
2026-08-18 08:18:32.165,bicycle_ID_1982,bicycle,Potsdam (kein Wechsel),False
2026-08-18 08:18:34.537,person_ID_2335,person,Potsdam (kein Wechsel),False
2026-08-18 08:18:44.300,car_ID_2244,car,Berlin (kein Wechsel),False
2026-08-18 08:18:45.661,person_ID_2336,person,Berlin->Potsdam,True
2026-08-18 08:18:50.368,bus_ID_203,bus,Potsdam (kein Wechsel),False
2026-08-18 08:18:52.602,bus_ID_202,bus,Potsdam (kein Wechsel),False
2026-08-18 08:18:54.364,person_ID_2337,person,Potsdam (kein Wechsel),False
2026-08-18 08:18:58.701,car_ID_2245,car,Berlin->Potsdam,True
2026-08-18 08:18:59.600,person_ID_2338,person,Potsdam (kein Wechsel),False
2026-08-18 08:19:06.805,car_ID_2246,car,Potsdam->Berlin,True
2026-08-18 08:19:07.971,bicycle_ID_1983,bicycle,Potsdam->Berlin,True
2026-08-18 08:19:08.203,person_ID_2339,person,Potsdam->Berlin,True
2026-08-18 08:19:08.508,bicycle_ID_1984,bicycle,Berlin (kein Wechsel),False
2026-08-18 08:19:09.999,car_ID_2247,car,Potsdam->Berlin,True
2026-08-18 08:19:13.236,car_ID_2248,car,Berlin (kein Wechsel),False
2026-08-18 08:19:13.436,car_ID_2249,car,Berlin (kein Wechsel),False
2026-08-18 08:19:29.035,car_ID_2251,car,Potsdam (kein Wechsel),False
2026-08-18 08:19:31.636,car_ID_2250,car,Potsdam->Berlin,True
2026-08-18 08:19:52.436,bicycle_ID_1985,bicycle,Berlin->Potsdam,True
2026-08-18 08:19:52.503,person_ID_2340,person,Berlin->Potsdam,True
2026-08-18 08:20:13.275,bicycle_ID_1987,bicycle,Berlin (kein Wechsel),False
2026-08-18 08:20:13.671,person_ID_2341,person,Berlin (kein Wechsel),False
2026-08-18 08:20:13.702,bicycle_ID_1986,bicycle,Berlin->Potsdam,True
2026-08-18 08:20:26.574,car_ID_2252,car,Berlin->Potsdam,True
2026-08-18 08:20:35.975,person_ID_2343,person,Berlin (kein Wechsel),False
2026-08-18 08:20:37.703,person_ID_2342,person,Berlin (kein Wechsel),False
2026-08-18 08:20:44.839,bicycle_ID_1988,bicycle,Potsdam (kein Wechsel),False
2026-08-18 08:20:46.406,car_ID_2255,car,Potsdam (kein Wechsel),False
2026-08-18 08:20:46.674,car_ID_2254,car,Potsdam (kein Wechsel),False
2026-08-18 08:20:47.107,car_ID_2253,car,Berlin->Potsdam,True
2026-08-18 08:20:48.105,bicycle_ID_1989,bicycle,Potsdam->Berlin,True
2026-08-18 08:20:48.510,bicycle_ID_1990,bicycle,Potsdam->Berlin,True
2026-08-18 08:20:52.040,person_ID_2344,person,Potsdam->Berlin,True
2026-08-18 08:20:54.105,car_ID_2257,car,Potsdam (kein Wechsel),False
2026-08-18 08:20:54.440,car_ID_2256,car,Potsdam->Berlin,True
2026-08-18 08:20:54.740,car_ID_2258,car,Berlin->Potsdam,True
2026-08-18 08:20:55.305,car_ID_2260,car,Berlin (kein Wechsel),False
2026-08-18 08:20:56.306,car_ID_2259,car,Berlin (kein Wechsel),False
2026-08-18 08:20:57.843,car_ID_2261,car,Berlin->Potsdam,True
2026-08-18 08:21:03.574,bicycle_ID_1991,bicycle,Potsdam (kein Wechsel),False
2026-08-18 08:21:07.809,bicycle_ID_1992,bicycle,Potsdam->Berlin,True
2026-08-18 08:21:07.843,person_ID_2345,person,Potsdam->Berlin,True
2026-08-18 08:21:10.675,car_ID_2262,car,Berlin->Potsdam,True
2026-08-18 08:21:25.308,bicycle_ID_1994,bicycle,Berlin (kein Wechsel),False
2026-08-18 08:21:25.611,bicycle_ID_1995,bicycle,Potsdam (kein Wechsel),False
2026-08-18 08:21:26.106,bicycle_ID_1993,bicycle,Berlin->Potsdam,True
2026-08-18 08:21:26.175,person_ID_2346,person,Berlin->Potsdam,True
2026-08-18 08:21:30.910,bicycle_ID_1996,bicycle,Berlin (kein Wechsel),False
2026-08-18 08:21:32.177,bicycle_ID_1998,bicycle,Berlin (kein Wechsel),False
2026-08-18 08:21:32.378,bicycle_ID_1997,bicycle,Berlin (kein Wechsel),False
2026-08-18 08:21:32.544,person_ID_2347,person,Berlin->Potsdam,True
2026-08-18 08:21:33.044,bicycle_ID_1999,bicycle,Potsdam (kein Wechsel),False
2026-08-18 08:21:36.308,person_ID_2348,person,Berlin->Potsdam,True
2026-08-18 08:21:45.843,car_ID_2264,car,Potsdam (kein Wechsel),False
2026-08-18 08:21:46.247,car_ID_2265,car,Berlin (kein Wechsel),False
2026-08-18 08:21:48.645,car_ID_2263,car,Potsdam->Berlin,True
2026-08-18 08:21:49.811,car_ID_2266,car,Berlin (kein Wechsel),False
2026-08-18 08:21:50.811,bus_ID_204,bus,Berlin (kein Wechsel),False
2026-08-18 08:21:51.946,bus_ID_206,bus,Berlin (kein Wechsel),False
2026-08-18 08:21:52.080,car_ID_2267,car,Potsdam (kein Wechsel),False
2026-08-18 08:21:53.979,bus_ID_205,bus,Berlin->Potsdam,True
2026-08-18 08:21:54.877,car_ID_2268,car,Berlin (kein Wechsel),False
2026-08-18 08:22:02.413,car_ID_2269,car,Potsdam->Berlin,True
2026-08-18 08:22:26.848,bicycle_ID_2000,bicycle,Berlin->Potsdam,True
2026-08-18 08:22:26.912,person_ID_2349,person,Berlin->Potsdam,True
2026-08-18 08:22:28.582,car_ID_2270,car,Berlin->Potsdam,True
2026-08-18 08:22:30.779,bicycle_ID_2001,bicycle,Potsdam (kein Wechsel),False
2026-08-18 08:22:31.546,person_ID_2350,person,Potsdam (kein Wechsel),False
2026-08-18 08:22:33.079,bicycle_ID_2002,bicycle,Potsdam (kein Wechsel),False
2026-08-18 08:22:33.447,bicycle_ID_2003,bicycle,Potsdam->Berlin,True
2026-08-18 08:22:34.912,person_ID_2351,person,Potsdam->Berlin,True
2026-08-18 08:22:35.078,bicycle_ID_2004,bicycle,Berlin (kein Wechsel),False
2026-08-18 08:22:44.146,person_ID_2352,person,Potsdam (kein Wechsel),False
2026-08-18 08:22:44.382,car_ID_2271,car,Potsdam->Berlin,True
2026-08-18 08:22:46.279,bicycle_ID_2005,bicycle,Berlin (kein Wechsel),False
2026-08-18 08:22:46.685,car_ID_2273,car,Potsdam (kein Wechsel),False
2026-08-18 08:22:48.948,person_ID_2353,person,Potsdam->Berlin,True
2026-08-18 08:22:49.380,car_ID_2275,car,Berlin (kein Wechsel),False
2026-08-18 08:22:49.745,car_ID_2274,car,Berlin->Potsdam,True
2026-08-18 08:22:50.779,car_ID_2272,car,Potsdam->Berlin,True
2026-08-18 08:23:03.285,car_ID_2276,car,Potsdam->Berlin,True
2026-08-18 08:23:19.348,person_ID_2355,person,Potsdam (kein Wechsel),False
2026-08-18 08:23:19.386,person_ID_2356,person,Berlin (kein Wechsel),False
2026-08-18 08:23:20.554,person_ID_2354,person,Berlin (kein Wechsel),False
2026-08-18 08:23:20.850,bicycle_ID_2006,bicycle,Potsdam->Berlin,True
2026-08-18 08:23:21.021,bicycle_ID_2007,bicycle,Berlin (kein Wechsel),False
2026-08-18 08:23:21.286,person_ID_2357,person,Potsdam->Berlin,True
2026-08-18 08:23:21.948,bicycle_ID_2008,bicycle,Berlin (kein Wechsel),False
2026-08-18 08:23:22.149,person_ID_2359,person,Berlin (kein Wechsel),False
2026-08-18 08:23:22.448,bicycle_ID_2011,bicycle,Berlin (kein Wechsel),False
2026-08-18 08:23:22.651,bicycle_ID_2010,bicycle,Berlin (kein Wechsel),False
2026-08-18 08:23:22.949,bicycle_ID_2012,bicycle,Berlin (kein Wechsel),False
2026-08-18 08:23:23.618,bicycle_ID_2009,bicycle,Berlin (kein Wechsel),False
2026-08-18 08:23:23.781,bicycle_ID_2014,bicycle,Berlin (kein Wechsel),False
2026-08-18 08:23:23.948,bicycle_ID_2013,bicycle,Berlin->Potsdam,True
2026-08-18 08:23:23.982,person_ID_2358,person,Berlin (kein Wechsel),False
2026-08-18 08:23:24.383,person_ID_2360,person,Berlin->Potsdam,True
2026-08-18 08:23:34.481,person_ID_2361,person,Potsdam (kein Wechsel),False
2026-08-18 08:23:35.219,person_ID_2362,person,Potsdam (kein Wechsel),False
2026-08-18 08:23:37.084,person_ID_2364,person,Berlin (kein Wechsel),False
2026-08-18 08:23:37.186,bicycle_ID_2015,bicycle,Berlin (kein Wechsel),False
2026-08-18 08:23:37.186,person_ID_2363,person,Potsdam->Berlin,True
2026-08-18 08:23:37.555,bicycle_ID_2016,bicycle,Berlin (kein Wechsel),False
2026-08-18 08:23:38.181,bicycle_ID_2018,bicycle,Berlin (kein Wechsel),False
2026-08-18 08:23:39.016,bicycle_ID_2019,bicycle,Berlin (kein Wechsel),False
2026-08-18 08:23:39.716,bicycle_ID_2017,bicycle,Berlin->Potsdam,True
2026-08-18 08:23:39.950,bicycle_ID_2020,bicycle,Berlin->Potsdam,True
2026-08-18 08:23:40.488,person_ID_2365,person,Berlin->Potsdam,True
2026-08-18 08:24:05.353,car_ID_2277,car,Berlin->Potsdam,True
2026-08-18 08:24:08.487,car_ID_2278,car,Berlin->Potsdam,True
2026-08-18 08:24:09.949,car_ID_2280,car,Berlin (kein Wechsel),False
2026-08-18 08:24:11.753,car_ID_2279,car,Potsdam->Berlin,True
2026-08-18 08:24:14.618,person_ID_2366,person,Potsdam (kein Wechsel),False
2026-08-18 08:24:20.552,person_ID_2367,person,Potsdam (kein Wechsel),False
2026-08-18 08:24:30.484,car_ID_2281,car,Berlin->Potsdam,True
2026-08-18 08:24:31.116,person_ID_2368,person,Berlin (kein Wechsel),False
2026-08-18 08:24:33.786,person_ID_2369,person,Berlin (kein Wechsel),False
2026-08-18 08:24:35.355,car_ID_2282,car,Potsdam (kein Wechsel),False
2026-08-18 08:24:38.656,car_ID_2283,car,Berlin (kein Wechsel),False
2026-08-18 08:24:42.020,car_ID_2284,car,Potsdam->Berlin,True
2026-08-18 08:25:02.122,person_ID_2370,person,Potsdam (kein Wechsel),False
2026-08-18 08:25:07.121,person_ID_2371,person,Potsdam->Berlin,True
2026-08-18 08:25:14.560,bus_ID_207,bus,Potsdam (kein Wechsel),False
2026-08-18 08:25:14.757,bicycle_ID_2022,bicycle,Berlin (kein Wechsel),False
2026-08-18 08:25:14.821,person_ID_2372,person,Berlin (kein Wechsel),False
2026-08-18 08:25:15.522,bicycle_ID_2023,bicycle,Berlin (kein Wechsel),False
2026-08-18 08:25:16.722,bicycle_ID_2021,bicycle,Berlin->Potsdam,True
2026-08-18 08:25:16.723,person_ID_2373,person,Berlin->Potsdam,True
2026-08-18 08:25:18.353,bus_ID_208,bus,Potsdam->Berlin,True
2026-08-18 08:25:22.552,person_ID_2374,person,Potsdam (kein Wechsel),False
2026-08-18 08:25:24.855,car_ID_2285,car,Potsdam->Berlin,True
2026-08-18 08:25:26.922,person_ID_2375,person,Potsdam->Berlin,True
2026-08-18 08:25:28.720,car_ID_2287,car,Potsdam (kein Wechsel),False
2026-08-18 08:25:28.818,car_ID_2286,car,Potsdam->Berlin,True
2026-08-18 08:25:33.252,car_ID_2288,car,Potsdam->Berlin,True
2026-08-18 08:25:43.824,car_ID_2289,car,Potsdam->Berlin,True
2026-08-18 08:25:45.057,car_ID_2290,car,Berlin (kein Wechsel),False
2026-08-18 08:25:49.889,car_ID_2291,car,Berlin->Potsdam,True
2026-08-18 08:25:52.558,car_ID_2292,car,Berlin->Potsdam,True
2026-08-18 08:25:55.925,person_ID_2376,person,Berlin (kein Wechsel),False
2026-08-18 08:26:32.391,person_ID_2377,person,Berlin->Potsdam,True
2026-08-18 08:26:32.726,bicycle_ID_2024,bicycle,Berlin->Potsdam,True
2026-08-18 08:27:08.834,car_ID_2293,car,Potsdam->Berlin,True
2026-08-18 08:27:12.298,bicycle_ID_2025,bicycle,Berlin->Potsdam,True
2026-08-18 08:27:12.298,person_ID_2378,person,Berlin->Potsdam,True
2026-08-18 08:27:18.763,car_ID_2294,car,Berlin->Potsdam,True
2026-08-18 08:27:30.994,car_ID_2295,car,Berlin->Potsdam,True
2026-08-18 08:27:39.196,person_ID_2380,person,Potsdam (kein Wechsel),False
2026-08-18 08:27:39.425,person_ID_2379,person,Potsdam (kein Wechsel),False
2026-08-18 08:27:41.698,bicycle_ID_2026,bicycle,Potsdam->Berlin,True
2026-08-18 08:27:42.831,bicycle_ID_2027,bicycle,Berlin (kein Wechsel),False
2026-08-18 08:27:43.599,person_ID_2381,person,Potsdam->Berlin,True
2026-08-18 08:27:46.925,car_ID_2296,car,Berlin->Potsdam,True
2026-08-18 08:27:47.832,bicycle_ID_2028,bicycle,Berlin (kein Wechsel),False
2026-08-18 08:27:49.267,person_ID_2383,person,Berlin (kein Wechsel),False
2026-08-18 08:27:49.464,person_ID_2382,person,Berlin (kein Wechsel),False
2026-08-18 08:27:49.864,bicycle_ID_2029,bicycle,Berlin->Potsdam,True
2026-08-18 08:27:52.095,car_ID_2297,car,Potsdam->Berlin,True
2026-08-18 08:28:10.070,bicycle_ID_2030,bicycle,Berlin->Potsdam,True
2026-08-18 08:28:10.566,person_ID_2384,person,Berlin->Potsdam,True
2026-08-18 08:28:27.563,person_ID_2385,person,Berlin (kein Wechsel),False
2026-08-18 08:28:29.030,bicycle_ID_2031,bicycle,Berlin (kein Wechsel),False
2026-08-18 08:28:29.798,bicycle_ID_2032,bicycle,Potsdam (kein Wechsel),False
2026-08-18 08:28:29.798,person_ID_2386,person,Berlin->Potsdam,True
2026-08-18 08:28:35.041,car_ID_2299,car,Potsdam->Berlin,True
2026-08-18 08:28:35.332,bus_ID_209,bus,Berlin (kein Wechsel),False
2026-08-18 08:28:35.606,bus_ID_210,bus,Berlin (kein Wechsel),False
2026-08-18 08:28:36.566,car_ID_2298,car,Potsdam->Berlin,True
2026-08-18 08:28:38.366,car_ID_2300,car,Potsdam->Berlin,True
2026-08-18 08:28:40.964,car_ID_2301,car,Potsdam->Berlin,True
2026-08-18 08:28:49.301,person_ID_2387,person,Potsdam (kein Wechsel),False
2026-08-18 08:28:51.867,person_ID_2388,person,Potsdam (kein Wechsel),False
2026-08-18 08:28:54.534,person_ID_2389,person,Potsdam (kein Wechsel),False
2026-08-18 08:28:57.033,person_ID_2390,person,Potsdam (kein Wechsel),False
2026-08-18 08:28:58.537,person_ID_2391,person,Berlin (kein Wechsel),False
2026-08-18 08:28:58.733,car_ID_2302,car,Potsdam (kein Wechsel),False
2026-08-18 08:29:00.169,person_ID_2392,person,Berlin (kein Wechsel),False
2026-08-18 08:29:00.633,car_ID_2304,car,Potsdam (kein Wechsel),False
2026-08-18 08:29:01.438,bus_ID_211,bus,Potsdam (kein Wechsel),False
2026-08-18 08:29:01.635,person_ID_2393,person,Berlin (kein Wechsel),False
2026-08-18 08:29:01.937,car_ID_2303,car,Potsdam->Berlin,True
2026-08-18 08:29:02.700,person_ID_2394,person,Berlin (kein Wechsel),False
2026-08-18 08:29:02.898,car_ID_2305,car,Potsdam->Berlin,True
2026-08-18 08:29:03.235,bus_ID_212,bus,Berlin (kein Wechsel),False
2026-08-18 08:29:03.269,person_ID_2395,person,Berlin (kein Wechsel),False
2026-08-18 08:29:03.767,car_ID_2306,car,Berlin (kein Wechsel),False
2026-08-18 08:29:06.598,person_ID_2396,person,Berlin (kein Wechsel),False
2026-08-18 08:29:08.103,person_ID_2397,person,Berlin (kein Wechsel),False
2026-08-18 08:29:11.135,person_ID_2398,person,Berlin (kein Wechsel),False
2026-08-18 08:29:18.667,bicycle_ID_2033,bicycle,Berlin (kein Wechsel),False
2026-08-18 08:29:19.237,bicycle_ID_2034,bicycle,Berlin->Potsdam,True
2026-08-18 08:29:19.801,person_ID_2399,person,Berlin->Potsdam,True
2026-08-18 08:29:26.201,person_ID_2400,person,Potsdam->Berlin,True
2026-08-18 08:29:30.103,person_ID_2401,person,Berlin (kein Wechsel),False
2026-08-18 08:29:35.569,car_ID_2307,car,Potsdam->Berlin,True
2026-08-18 08:29:36.038,car_ID_2308,car,Potsdam (kein Wechsel),False
2026-08-18 08:29:36.070,car_ID_2309,car,Potsdam->Berlin,True
2026-08-18 08:29:38.303,car_ID_2310,car,Berlin (kein Wechsel),False
2026-08-18 08:29:54.439,car_ID_2311,car,Potsdam->Berlin,True
2026-08-18 08:29:56.173,car_ID_2312,car,Potsdam->Berlin,True
2026-08-18 08:30:17.039,bicycle_ID_2035,bicycle,Berlin->Potsdam,True
2026-08-18 08:30:17.071,person_ID_2402,person,Berlin->Potsdam,True
2026-08-18 08:30:19.572,car_ID_2313,car,Berlin->Potsdam,True
2026-08-18 08:30:22.804,car_ID_2314,car,Berlin->Potsdam,True
2026-08-18 08:30:27.869,person_ID_2403,person,Berlin (kein Wechsel),False
2026-08-18 08:30:34.372,car_ID_2315,car,Berlin->Potsdam,True
2026-08-18 08:30:36.906,person_ID_2404,person,Berlin->Potsdam,True
2026-08-18 08:30:37.841,car_ID_2316,car,Berlin->Potsdam,True
2026-08-18 08:30:41.372,person_ID_2405,person,Potsdam (kein Wechsel),False
2026-08-18 08:30:58.971,car_ID_2317,car,Potsdam->Berlin,True
2026-08-18 08:31:00.776,car_ID_2318,car,Berlin (kein Wechsel),False
2026-08-18 08:31:08.138,car_ID_2319,car,Potsdam (kein Wechsel),False
2026-08-18 08:31:11.507,car_ID_2320,car,Potsdam->Berlin,True
2026-08-18 08:31:14.872,bicycle_ID_2036,bicycle,Berlin (kein Wechsel),False
2026-08-18 08:31:15.541,person_ID_2406,person,Berlin->Potsdam,True
2026-08-18 08:31:15.608,bicycle_ID_2037,bicycle,Berlin->Potsdam,True
2026-08-18 08:31:34.943,person_ID_2407,person,Potsdam (kein Wechsel),False
2026-08-18 08:31:36.008,bicycle_ID_2038,bicycle,Potsdam (kein Wechsel),False
2026-08-18 08:31:36.742,bicycle_ID_2039,bicycle,Berlin (kein Wechsel),False
2026-08-18 08:31:37.078,bicycle_ID_2040,bicycle,Berlin (kein Wechsel),False
2026-08-18 08:31:37.540,bicycle_ID_2042,bicycle,Berlin (kein Wechsel),False
2026-08-18 08:31:37.578,bicycle_ID_2043,bicycle,Berlin (kein Wechsel),False
2026-08-18 08:31:37.744,person_ID_2409,person,Potsdam->Berlin,True
2026-08-18 08:31:38.578,bicycle_ID_2041,bicycle,Berlin (kein Wechsel),False
2026-08-18 08:31:38.911,bicycle_ID_2045,bicycle,Berlin (kein Wechsel),False
2026-08-18 08:31:39.009,person_ID_2408,person,Potsdam->Berlin,True
2026-08-18 08:31:39.409,bicycle_ID_2044,bicycle,Berlin->Potsdam,True
2026-08-18 08:31:39.579,person_ID_2410,person,Berlin->Potsdam,True
2026-08-18 08:31:43.143,car_ID_2321,car,Berlin->Potsdam,True
2026-08-18 08:31:43.644,bus_ID_213,bus,Potsdam (kein Wechsel),False
2026-08-18 08:32:12.714,car_ID_2322,car,Potsdam->Berlin,True
2026-08-18 08:32:19.943,bicycle_ID_2047,bicycle,Berlin (kein Wechsel),False
2026-08-18 08:32:21.214,bicycle_ID_2046,bicycle,Berlin->Potsdam,True
2026-08-18 08:32:21.214,person_ID_2411,person,Berlin->Potsdam,True
2026-08-18 08:32:26.411,bicycle_ID_2048,bicycle,Berlin->Potsdam,True
2026-08-18 08:32:26.845,person_ID_2412,person,Berlin->Potsdam,True
2026-08-18 08:32:57.345,person_ID_2413,person,Potsdam->Berlin,True
2026-08-18 08:32:57.380,bicycle_ID_2049,bicycle,Berlin (kein Wechsel),False
2026-08-18 08:33:04.582,car_ID_2323,car,Potsdam->Berlin,True
2026-08-18 08:33:06.847,car_ID_2324,car,Berlin->Potsdam,True
2026-08-18 08:33:15.248,car_ID_2326,car,Potsdam->Berlin,True
2026-08-18 08:33:16.150,car_ID_2325,car,Potsdam->Berlin,True
2026-08-18 08:33:18.415,bicycle_ID_2050,bicycle,Berlin->Potsdam,True
2026-08-18 08:33:18.981,person_ID_2414,person,Berlin->Potsdam,True
2026-08-18 08:33:21.548,bus_ID_214,bus,Berlin (kein Wechsel),False
2026-08-18 08:33:22.150,car_ID_2327,car,Berlin->Potsdam,True
2026-08-18 08:33:22.585,car_ID_2328,car,Berlin->Potsdam,True
2026-08-18 08:33:22.718,bus_ID_215,bus,Potsdam (kein Wechsel),False
2026-08-18 08:33:23.848,bus_ID_216,bus,Potsdam (kein Wechsel),False
2026-08-18 08:33:27.852,car_ID_2329,car,Berlin (kein Wechsel),False
2026-08-18 08:33:28.116,bicycle_ID_2052,bicycle,Berlin (kein Wechsel),False
2026-08-18 08:33:30.019,bicycle_ID_2051,bicycle,Berlin->Potsdam,True
2026-08-18 08:33:30.019,person_ID_2415,person,Berlin->Potsdam,True
2026-08-18 08:33:36.050,car_ID_2330,car,Berlin->Potsdam,True
2026-08-18 08:33:39.815,car_ID_2331,car,Berlin->Potsdam,True
2026-08-18 08:33:40.319,bus_ID_217,bus,Potsdam (kein Wechsel),False
2026-08-18 08:33:47.417,person_ID_2416,person,Berlin (kein Wechsel),False
2026-08-18 08:33:58.285,person_ID_2417,person,Berlin->Potsdam,True
2026-08-18 08:33:58.754,bicycle_ID_2053,bicycle,Berlin->Potsdam,True
2026-08-18 08:34:12.455,car_ID_2332,car,Berlin->Potsdam,True
2026-08-18 08:34:31.652,car_ID_2333,car,Potsdam->Berlin,True
2026-08-18 08:34:37.886,car_ID_2334,car,Berlin->Potsdam,True
2026-08-18 08:34:39.822,car_ID_2335,car,Potsdam->Berlin,True
2026-08-18 08:34:56.489,bicycle_ID_2054,bicycle,Berlin->Potsdam,True
2026-08-18 08:34:57.055,person_ID_2418,person,Berlin->Potsdam,True
2026-08-18 08:35:03.286,car_ID_2336,car,Potsdam->Berlin,True
2026-08-18 08:35:07.921,bicycle_ID_2055,bicycle,Berlin->Potsdam,True
2026-08-18 08:35:07.953,person_ID_2419,person,Berlin->Potsdam,True
2026-08-18 08:35:17.659,bicycle_ID_2057,bicycle,Berlin (kein Wechsel),False
2026-08-18 08:35:18.390,bicycle_ID_2056,bicycle,Berlin->Potsdam,True
2026-08-18 08:35:18.756,person_ID_2420,person,Berlin->Potsdam,True
2026-08-18 08:35:41.823,person_ID_2421,person,Berlin->Potsdam,True
2026-08-18 08:35:45.959,person_ID_2423,person,Potsdam (kein Wechsel),False
2026-08-18 08:35:47.225,person_ID_2422,person,Potsdam (kein Wechsel),False
2026-08-18 08:35:50.523,person_ID_2425,person,Potsdam (kein Wechsel),False
2026-08-18 08:35:50.725,person_ID_2424,person,Potsdam (kein Wechsel),False
2026-08-18 08:35:52.686,person_ID_2426,person,Potsdam (kein Wechsel),False
2026-08-18 08:36:00.887,car_ID_2337,car,Potsdam->Berlin,True
2026-08-18 08:36:00.991,car_ID_2338,car,Potsdam->Berlin,True
2026-08-18 08:36:01.357,bus_ID_218,bus,Berlin (kein Wechsel),False
2026-08-18 08:36:01.495,bus_ID_219,bus,Berlin (kein Wechsel),False
2026-08-18 08:36:10.126,person_ID_2427,person,Berlin->Potsdam,True
2026-08-18 08:36:11.089,person_ID_2428,person,Potsdam (kein Wechsel),False
2026-08-18 08:36:13.228,person_ID_2429,person,Potsdam (kein Wechsel),False
2026-08-18 08:36:16.227,person_ID_2430,person,Potsdam (kein Wechsel),False
2026-08-18 08:36:25.461,car_ID_2339,car,Potsdam->Berlin,True
2026-08-18 08:36:28.561,car_ID_2340,car,Potsdam->Berlin,True
2026-08-18 08:36:34.359,person_ID_2432,person,Berlin (kein Wechsel),False
2026-08-18 08:36:34.562,person_ID_2431,person,Potsdam->Berlin,True
2026-08-18 08:36:34.695,bicycle_ID_2059,bicycle,Berlin (kein Wechsel),False
2026-08-18 08:36:34.889,bicycle_ID_2058,bicycle,Berlin->Potsdam,True
2026-08-18 08:36:35.159,person_ID_2436,person,Berlin (kein Wechsel),False
2026-08-18 08:36:35.425,person_ID_2433,person,Berlin->Potsdam,True
2026-08-18 08:36:35.718,person_ID_2435,person,Berlin (kein Wechsel),False
2026-08-18 08:36:35.815,bicycle_ID_2061,bicycle,Berlin (kein Wechsel),False
2026-08-18 08:36:36.595,bicycle_ID_2062,bicycle,Berlin->Potsdam,True
2026-08-18 08:36:36.627,bicycle_ID_2060,bicycle,Berlin->Potsdam,True
2026-08-18 08:36:36.626,person_ID_2434,person,Berlin->Potsdam,True
2026-08-18 08:36:37.494,person_ID_2437,person,Potsdam (kein Wechsel),False
2026-08-18 08:36:39.461,person_ID_2438,person,Potsdam->Berlin,True
2026-08-18 08:36:39.995,bicycle_ID_2063,bicycle,Berlin (kein Wechsel),False
2026-08-18 08:36:51.559,person_ID_2439,person,Potsdam (kein Wechsel),False
2026-08-18 08:36:53.363,person_ID_2440,person,Potsdam (kein Wechsel),False
2026-08-18 08:36:54.397,bicycle_ID_2064,bicycle,Berlin (kein Wechsel),False
2026-08-18 08:36:54.763,person_ID_2441,person,Potsdam->Berlin,True
2026-08-18 08:36:54.933,bicycle_ID_2065,bicycle,Berlin (kein Wechsel),False
2026-08-18 08:36:55.330,person_ID_2442,person,Berlin (kein Wechsel),False
2026-08-18 08:36:57.067,person_ID_2443,person,Berlin (kein Wechsel),False
2026-08-18 08:37:11.699,bicycle_ID_2066,bicycle,Berlin (kein Wechsel),False
2026-08-18 08:37:13.368,bicycle_ID_2067,bicycle,Berlin->Potsdam,True
2026-08-18 08:37:13.861,car_ID_2341,car,Potsdam (kein Wechsel),False
2026-08-18 08:37:13.995,person_ID_2444,person,Berlin->Potsdam,True
2026-08-18 08:37:17.263,car_ID_2342,car,Potsdam->Berlin,True
2026-08-18 08:37:22.096,person_ID_2446,person,Potsdam (kein Wechsel),False
2026-08-18 08:37:23.863,person_ID_2447,person,Berlin (kein Wechsel),False
2026-08-18 08:37:24.760,person_ID_2448,person,Berlin (kein Wechsel),False
2026-08-18 08:37:25.561,person_ID_2445,person,Potsdam->Berlin,True
2026-08-18 08:37:26.496,person_ID_2450,person,Berlin (kein Wechsel),False
2026-08-18 08:37:27.897,person_ID_2451,person,Potsdam (kein Wechsel),False
2026-08-18 08:37:29.331,bicycle_ID_2068,bicycle,Potsdam (kein Wechsel),False
2026-08-18 08:37:29.565,person_ID_2449,person,Berlin (kein Wechsel),False
2026-08-18 08:37:30.728,person_ID_2452,person,Berlin (kein Wechsel),False
2026-08-18 08:37:49.161,car_ID_2343,car,Berlin->Potsdam,True
2026-08-18 08:37:56.132,person_ID_2453,person,Potsdam (kein Wechsel),False
2026-08-18 08:37:57.830,person_ID_2454,person,Potsdam (kein Wechsel),False
2026-08-18 08:38:00.999,person_ID_2455,person,Berlin (kein Wechsel),False
2026-08-18 08:38:12.169,car_ID_2344,car,Berlin->Potsdam,True
2026-08-18 08:38:12.698,person_ID_2456,person,Potsdam (kein Wechsel),False
2026-08-18 08:38:16.296,person_ID_2457,person,Potsdam->Berlin,True
2026-08-18 08:38:36.137,bicycle_ID_2070,bicycle,Berlin (kein Wechsel),False
2026-08-18 08:38:36.499,bicycle_ID_2069,bicycle,Berlin (kein Wechsel),False
2026-08-18 08:38:37.202,person_ID_2458,person,Berlin->Potsdam,True
2026-08-18 08:38:47.967,car_ID_2346,car,Potsdam->Berlin,True
2026-08-18 08:38:48.237,car_ID_2345,car,Potsdam->Berlin,True
2026-08-18 08:38:48.570,bus_ID_220,bus,Berlin (kein Wechsel),False
2026-08-18 08:39:20.468,bicycle_ID_2071,bicycle,Berlin (kein Wechsel),False
2026-08-18 08:39:21.103,bicycle_ID_2072,bicycle,Berlin (kein Wechsel),False
2026-08-18 08:39:23.671,bicycle_ID_2074,bicycle,Potsdam (kein Wechsel),False
2026-08-18 08:39:23.773,bicycle_ID_2073,bicycle,Berlin->Potsdam,True
2026-08-18 08:39:23.871,person_ID_2459,person,Berlin->Potsdam,True
2026-08-18 08:39:47.271,bicycle_ID_2075,bicycle,Berlin (kein Wechsel),False
2026-08-18 08:39:47.738,person_ID_2460,person,Potsdam->Berlin,True
2026-08-18 08:39:48.034,bicycle_ID_2076,bicycle,Berlin (kein Wechsel),False
2026-08-18 08:39:49.273,bicycle_ID_2077,bicycle,Berlin (kein Wechsel),False
2026-08-18 08:39:49.307,person_ID_2461,person,Berlin (kein Wechsel),False
2026-08-18 08:40:07.705,car_ID_2347,car,Berlin->Potsdam,True
2026-08-18 08:40:25.609,person_ID_2462,person,Potsdam (kein Wechsel),False
2026-08-18 08:40:27.973,person_ID_2463,person,Berlin (kein Wechsel),False
2026-08-18 08:40:31.673,car_ID_2349,car,Berlin (kein Wechsel),False
2026-08-18 08:40:32.307,car_ID_2348,car,Berlin->Potsdam,True
2026-08-18 08:40:49.443,person_ID_2465,person,Potsdam (kein Wechsel),False
2026-08-18 08:40:51.343,bicycle_ID_2078,bicycle,Potsdam->Berlin,True
2026-08-18 08:40:53.645,person_ID_2466,person,Potsdam->Berlin,True
2026-08-18 08:40:53.906,bicycle_ID_2079,bicycle,Berlin (kein Wechsel),False
2026-08-18 08:40:55.704,person_ID_2467,person,Berlin (kein Wechsel),False
2026-08-18 08:40:58.341,person_ID_2468,person,Berlin (kein Wechsel),False
2026-08-18 08:41:00.315,person_ID_2464,person,Berlin->Potsdam,True
2026-08-18 08:41:02.407,person_ID_2470,person,Berlin (kein Wechsel),False
2026-08-18 08:41:02.873,person_ID_2471,person,Potsdam (kein Wechsel),False
2026-08-18 08:41:03.205,person_ID_2469,person,Potsdam (kein Wechsel),False
2026-08-18 08:41:03.344,car_ID_2350,car,Berlin->Potsdam,True
2026-08-18 08:41:04.447,person_ID_2472,person,Potsdam (kein Wechsel),False
2026-08-18 08:41:04.909,car_ID_2351,car,Potsdam->Berlin,True
2026-08-18 08:41:05.176,car_ID_2352,car,Potsdam->Berlin,True
2026-08-18 08:41:05.211,bus_ID_223,bus,Berlin (kein Wechsel),False
2026-08-18 08:41:05.342,bus_ID_222,bus,Berlin (kein Wechsel),False
2026-08-18 08:41:05.676,person_ID_2473,person,Potsdam (kein Wechsel),False
2026-08-18 08:41:06.443,bus_ID_221,bus,Potsdam->Berlin,True
2026-08-18 08:41:06.675,car_ID_2353,car,Berlin (kein Wechsel),False
2026-08-18 08:41:07.644,person_ID_2474,person,Potsdam (kein Wechsel),False
2026-08-18 08:41:19.207,bicycle_ID_2081,bicycle,Berlin (kein Wechsel),False
2026-08-18 08:41:19.645,bicycle_ID_2080,bicycle,Berlin->Potsdam,True
2026-08-18 08:41:20.176,person_ID_2475,person,Berlin->Potsdam,True
2026-08-18 08:41:20.406,car_ID_2354,car,Potsdam->Berlin,True
2026-08-18 08:41:23.146,bus_ID_225,bus,Potsdam (kein Wechsel),False
2026-08-18 08:41:25.944,bus_ID_224,bus,Berlin->Potsdam,True
2026-08-18 08:41:28.577,car_ID_2355,car,Berlin->Potsdam,True
2026-08-18 08:41:33.241,car_ID_2356,car,Berlin->Potsdam,True
2026-08-18 08:41:33.607,car_ID_2357,car,Potsdam (kein Wechsel),False
2026-08-18 08:41:40.544,car_ID_2358,car,Berlin->Potsdam,True
2026-08-18 08:41:51.978,car_ID_2359,car,Berlin->Potsdam,True
2026-08-18 08:41:52.245,person_ID_2476,person,Potsdam (kein Wechsel),False
2026-08-18 08:41:55.073,person_ID_2477,person,Potsdam->Berlin,True
2026-08-18 08:41:55.245,bicycle_ID_2082,bicycle,Berlin (kein Wechsel),False
2026-08-18 08:41:56.917,bicycle_ID_2083,bicycle,Berlin (kein Wechsel),False
2026-08-18 08:41:56.984,person_ID_2478,person,Berlin (kein Wechsel),False
2026-08-18 08:41:57.344,person_ID_2479,person,Berlin->Potsdam,True
2026-08-18 08:41:59.846,car_ID_2360,car,Berlin->Potsdam,True
2026-08-18 08:42:10.947,car_ID_2361,car,Potsdam->Berlin,True
2026-08-18 08:42:14.310,car_ID_2362,car,Potsdam->Berlin,True
2026-08-18 08:42:33.682,bicycle_ID_2084,bicycle,Berlin->Potsdam,True
2026-08-18 08:42:34.290,person_ID_2480,person,Berlin->Potsdam,True
2026-08-18 08:42:35.516,car_ID_2364,car,Berlin (kein Wechsel),False
2026-08-18 08:42:35.847,car_ID_2365,car,Potsdam (kein Wechsel),False
2026-08-18 08:42:36.019,bus_ID_226,bus,Berlin (kein Wechsel),False
2026-08-18 08:42:36.182,car_ID_2363,car,Potsdam->Berlin,True
2026-08-18 08:42:38.448,car_ID_2366,car,Potsdam->Berlin,True
2026-08-18 08:42:51.880,car_ID_2367,car,Berlin->Potsdam,True
2026-08-18 08:43:27.621,bicycle_ID_2085,bicycle,Berlin (kein Wechsel),False
2026-08-18 08:43:29.055,car_ID_2368,car,Potsdam->Berlin,True
2026-08-18 08:43:29.351,bicycle_ID_2086,bicycle,Berlin->Potsdam,True
2026-08-18 08:43:29.916,person_ID_2481,person,Berlin->Potsdam,True
2026-08-18 08:43:32.484,person_ID_2482,person,Potsdam (kein Wechsel),False
2026-08-18 08:43:37.184,person_ID_2483,person,Potsdam->Berlin,True
2026-08-18 08:43:39.552,person_ID_2484,person,Potsdam (kein Wechsel),False
2026-08-18 08:43:41.785,person_ID_2485,person,Potsdam->Berlin,True
2026-08-18 08:43:42.118,bicycle_ID_2088,bicycle,Berlin (kein Wechsel),False
2026-08-18 08:43:43.083,bicycle_ID_2087,bicycle,Potsdam->Berlin,True
2026-08-18 08:43:43.553,person_ID_2486,person,Berlin (kein Wechsel),False
2026-08-18 08:43:50.854,person_ID_2487,person,Berlin->Potsdam,True
2026-08-18 08:43:50.886,bicycle_ID_2089,bicycle,Berlin->Potsdam,True
2026-08-18 08:44:01.857,person_ID_2488,person,Potsdam (kein Wechsel),False
2026-08-18 08:44:04.820,bicycle_ID_2090,bicycle,Berlin (kein Wechsel),False
2026-08-18 08:44:05.224,person_ID_2489,person,Potsdam->Berlin,True
2026-08-18 08:44:18.322,bicycle_ID_2091,bicycle,Potsdam (kein Wechsel),False
2026-08-18 08:44:19.253,person_ID_2490,person,Potsdam->Berlin,True
2026-08-18 08:44:20.023,person_ID_2492,person,Berlin (kein Wechsel),False
2026-08-18 08:44:20.286,person_ID_2491,person,Berlin (kein Wechsel),False
2026-08-18 08:44:21.089,bicycle_ID_2092,bicycle,Berlin (kein Wechsel),False
2026-08-18 08:44:22.751,person_ID_2493,person,Potsdam (kein Wechsel),False
2026-08-18 08:44:22.788,bicycle_ID_2093,bicycle,Potsdam (kein Wechsel),False
2026-08-18 08:44:23.586,person_ID_2494,person,Potsdam->Berlin,True
2026-08-18 08:44:23.722,bicycle_ID_2094,bicycle,Potsdam->Berlin,True
2026-08-18 08:44:25.654,person_ID_2495,person,Berlin (kein Wechsel),False
2026-08-18 08:44:37.155,car_ID_2369,car,Potsdam->Berlin,True
2026-08-18 08:44:48.589,person_ID_2496,person,Berlin (kein Wechsel),False
2026-08-18 08:44:49.056,bicycle_ID_2096,bicycle,Berlin (kein Wechsel),False
2026-08-18 08:44:49.990,bicycle_ID_2095,bicycle,Berlin->Potsdam,True
2026-08-18 08:44:50.488,person_ID_2497,person,Berlin->Potsdam,True
2026-08-18 08:44:51.254,person_ID_2498,person,Berlin (kein Wechsel),False
2026-08-18 08:44:52.088,car_ID_2370,car,Berlin (kein Wechsel),False
2026-08-18 08:44:52.852,car_ID_2371,car,Potsdam (kein Wechsel),False
2026-08-18 08:44:54.221,person_ID_2499,person,Berlin (kein Wechsel),False
2026-08-18 08:44:54.456,bicycle_ID_2098,bicycle,Berlin (kein Wechsel),False
2026-08-18 08:44:56.122,person_ID_2500,person,Berlin (kein Wechsel),False
2026-08-18 08:44:56.752,bicycle_ID_2097,bicycle,Berlin->Potsdam,True
2026-08-18 08:44:57.091,person_ID_2501,person,Berlin (kein Wechsel),False
2026-08-18 08:44:59.023,person_ID_2502,person,Berlin (kein Wechsel),False
2026-08-18 08:45:00.856,bicycle_ID_2099,bicycle,Berlin (kein Wechsel),False
2026-08-18 08:45:01.093,bicycle_ID_2100,bicycle,Berlin (kein Wechsel),False
2026-08-18 08:45:02.654,bicycle_ID_2101,bicycle,Berlin->Potsdam,True
2026-08-18 08:45:02.720,person_ID_2503,person,Berlin->Potsdam,True
2026-08-18 08:45:04.691,bicycle_ID_2103,bicycle,Berlin (kein Wechsel),False
2026-08-18 08:45:05.926,person_ID_2505,person,Berlin->Potsdam,True
2026-08-18 08:45:06.392,bicycle_ID_2102,bicycle,Berlin->Potsdam,True
2026-08-18 08:45:09.022,car_ID_2374,car,Berlin (kein Wechsel),False
2026-08-18 08:45:09.423,bus_ID_227,bus,Berlin (kein Wechsel),False
2026-08-18 08:45:09.423,bus_ID_228,bus,Berlin (kein Wechsel),False
2026-08-18 08:45:09.592,car_ID_2373,car,Berlin->Potsdam,True
2026-08-18 08:45:09.690,person_ID_2504,person,Berlin->Potsdam,True
2026-08-18 08:45:10.153,car_ID_2372,car,Potsdam->Berlin,True
2026-08-18 08:45:11.923,car_ID_2375,car,Potsdam->Berlin,True
2026-08-18 08:45:13.359,person_ID_2506,person,Potsdam (kein Wechsel),False
2026-08-18 08:45:14.488,person_ID_2507,person,Potsdam (kein Wechsel),False
2026-08-18 08:45:18.858,person_ID_2510,person,Potsdam (kein Wechsel),False
2026-08-18 08:45:18.990,person_ID_2509,person,Potsdam (kein Wechsel),False
2026-08-18 08:45:19.022,person_ID_2508,person,Potsdam (kein Wechsel),False
2026-08-18 08:45:24.059,car_ID_2376,car,Potsdam (kein Wechsel),False
2026-08-18 08:45:28.262,bicycle_ID_2104,bicycle,Berlin->Potsdam,True
2026-08-18 08:45:28.762,person_ID_2512,person,Berlin->Potsdam,True
2026-08-18 08:45:30.523,person_ID_2511,person,Potsdam (kein Wechsel),False
2026-08-18 08:45:40.724,person_ID_2514,person,Potsdam (kein Wechsel),False
2026-08-18 08:45:43.391,bicycle_ID_2105,bicycle,Potsdam->Berlin,True
2026-08-18 08:45:44.390,bicycle_ID_2106,bicycle,Berlin (kein Wechsel),False
2026-08-18 08:45:44.793,person_ID_2515,person,Potsdam->Berlin,True
2026-08-18 08:45:45.790,person_ID_2516,person,Berlin (kein Wechsel),False
2026-08-18 08:45:45.854,person_ID_2513,person,Potsdam->Berlin,True
2026-08-18 08:45:46.358,bicycle_ID_2107,bicycle,Berlin (kein Wechsel),False
2026-08-18 08:45:47.192,person_ID_2517,person,Berlin (kein Wechsel),False
2026-08-18 08:45:47.292,person_ID_2518,person,Berlin (kein Wechsel),False
2026-08-18 08:45:50.053,bicycle_ID_2108,bicycle,Berlin (kein Wechsel),False
2026-08-18 08:45:51.995,person_ID_2519,person,Berlin (kein Wechsel),False
2026-08-18 08:45:52.523,bicycle_ID_2109,bicycle,Berlin->Potsdam,True
2026-08-18 08:45:54.523,bus_ID_230,bus,Potsdam->Berlin,True
2026-08-18 08:45:57.125,car_ID_2378,car,Potsdam (kein Wechsel),False
2026-08-18 08:45:57.391,car_ID_2377,car,Potsdam (kein Wechsel),False
2026-08-18 08:45:57.554,bus_ID_229,bus,Potsdam->Berlin,True
2026-08-18 08:45:59.427,bus_ID_231,bus,Berlin (kein Wechsel),False
2026-08-18 08:46:00.154,bus_ID_232,bus,Berlin (kein Wechsel),False
2026-08-18 08:46:00.926,car_ID_2379,car,Berlin (kein Wechsel),False
2026-08-18 08:46:08.357,bicycle_ID_2110,bicycle,Berlin (kein Wechsel),False
2026-08-18 08:46:09.322,person_ID_2520,person,Berlin (kein Wechsel),False
2026-08-18 08:46:11.152,person_ID_2521,person,Berlin (kein Wechsel),False
2026-08-18 08:46:11.891,bicycle_ID_2111,bicycle,Berlin->Potsdam,True
2026-08-18 08:46:12.623,car_ID_2380,car,Berlin (kein Wechsel),False
2026-08-18 08:46:12.757,person_ID_2523,person,Berlin (kein Wechsel),False
2026-08-18 08:46:13.193,person_ID_2524,person,Potsdam (kein Wechsel),False
2026-08-18 08:46:13.548,person_ID_2522,person,Potsdam (kein Wechsel),False
2026-08-18 08:46:15.798,person_ID_2525,person,Potsdam (kein Wechsel),False
2026-08-18 08:46:21.395,car_ID_2381,car,Berlin->Potsdam,True
2026-08-18 08:46:29.593,car_ID_2382,car,Berlin (kein Wechsel),False
2026-08-18 08:46:30.394,person_ID_2526,person,Berlin (kein Wechsel),False
2026-08-18 08:46:30.492,person_ID_2528,person,Berlin (kein Wechsel),False
2026-08-18 08:46:30.528,person_ID_2527,person,Berlin (kein Wechsel),False
2026-08-18 08:46:32.963,car_ID_2383,car,Berlin->Potsdam,True
2026-08-18 08:46:49.026,car_ID_2384,car,Berlin->Potsdam,True
2026-08-18 08:46:57.335,bicycle_ID_2112,bicycle,Berlin->Potsdam,True
2026-08-18 08:46:57.734,person_ID_2529,person,Berlin->Potsdam,True
2026-08-18 08:47:05.932,car_ID_2385,car,Berlin->Potsdam,True
2026-08-18 08:47:08.731,car_ID_2386,car,Berlin->Potsdam,True
2026-08-18 08:47:10.301,bicycle_ID_2113,bicycle,Berlin (kein Wechsel),False
2026-08-18 08:47:10.594,person_ID_2530,person,Potsdam->Berlin,True
2026-08-18 08:47:12.165,bicycle_ID_2114,bicycle,Berlin (kein Wechsel),False
2026-08-18 08:47:12.930,bicycle_ID_2116,bicycle,Berlin (kein Wechsel),False
2026-08-18 08:47:12.993,bicycle_ID_2115,bicycle,Berlin (kein Wechsel),False
2026-08-18 08:47:14.431,person_ID_2531,person,Berlin->Potsdam,True
2026-08-18 08:47:14.531,car_ID_2387,car,Potsdam->Berlin,True
2026-08-18 08:47:14.963,bicycle_ID_2117,bicycle,Berlin->Potsdam,True
2026-08-18 08:47:16.864,person_ID_2532,person,Potsdam (kein Wechsel),False
2026-08-18 08:47:18.463,person_ID_2533,person,Potsdam (kein Wechsel),False
2026-08-18 08:47:19.667,person_ID_2534,person,Potsdam (kein Wechsel),False
2026-08-18 08:47:23.601,person_ID_2535,person,Potsdam->Berlin,True
2026-08-18 08:47:26.866,person_ID_2537,person,Potsdam (kein Wechsel),False
2026-08-18 08:47:28.199,person_ID_2538,person,Potsdam (kein Wechsel),False
2026-08-18 08:47:28.633,bicycle_ID_2118,bicycle,Berlin (kein Wechsel),False
2026-08-18 08:47:28.633,person_ID_2539,person,Potsdam->Berlin,True
2026-08-18 08:47:28.700,person_ID_2536,person,Berlin (kein Wechsel),False
2026-08-18 08:47:29.464,person_ID_2541,person,Berlin (kein Wechsel),False
2026-08-18 08:47:30.265,bicycle_ID_2120,bicycle,Berlin (kein Wechsel),False
2026-08-18 08:47:30.500,bicycle_ID_2119,bicycle,Berlin (kein Wechsel),False
2026-08-18 08:47:30.765,person_ID_2540,person,Berlin (kein Wechsel),False
2026-08-18 08:47:34.398,car_ID_2388,car,Berlin->Potsdam,True
2026-08-18 08:47:45.965,person_ID_2543,person,Berlin (kein Wechsel),False
2026-08-18 08:47:47.634,bicycle_ID_2121,bicycle,Berlin (kein Wechsel),False
2026-08-18 08:47:53.835,person_ID_2542,person,Berlin->Potsdam,True
2026-08-18 08:48:14.670,car_ID_2389,car,Berlin->Potsdam,True
2026-08-18 08:48:20.899,car_ID_2390,car,Berlin->Potsdam,True
2026-08-18 08:48:26.434,car_ID_2391,car,Potsdam->Berlin,True
2026-08-18 08:48:56.936,car_ID_2392,car,Berlin->Potsdam,True
2026-08-18 08:49:04.168,car_ID_2393,car,Potsdam->Berlin,True
2026-08-18 08:49:33.104,bicycle_ID_2123,bicycle,Berlin (kein Wechsel),False
2026-08-18 08:49:34.375,person_ID_2544,person,Berlin->Potsdam,True
2026-08-18 08:49:34.839,bicycle_ID_2122,bicycle,Berlin->Potsdam,True
2026-08-18 08:49:38.469,bicycle_ID_2127,bicycle,Berlin (kein Wechsel),False
2026-08-18 08:49:38.537,bicycle_ID_2125,bicycle,Berlin (kein Wechsel),False
2026-08-18 08:49:39.574,bicycle_ID_2124,bicycle,Berlin->Potsdam,True
2026-08-18 08:49:39.606,person_ID_2545,person,Berlin->Potsdam,True
2026-08-18 08:49:40.340,person_ID_2546,person,Berlin->Potsdam,True
2026-08-18 08:49:40.477,bicycle_ID_2126,bicycle,Berlin->Potsdam,True
2026-08-18 08:49:55.745,person_ID_2547,person,Berlin (kein Wechsel),False
2026-08-18 08:49:55.841,car_ID_2394,car,Potsdam->Berlin,True
2026-08-18 08:49:55.876,car_ID_2395,car,Potsdam->Berlin,True
2026-08-18 08:49:56.109,car_ID_2396,car,Berlin->Potsdam,True
2026-08-18 08:49:57.407,bus_ID_234,bus,Berlin (kein Wechsel),False
2026-08-18 08:49:57.640,bus_ID_233,bus,Berlin (kein Wechsel),False
2026-08-18 08:49:58.207,car_ID_2397,car,Berlin (kein Wechsel),False
2026-08-18 08:49:59.372,car_ID_2398,car,Berlin->Potsdam,True
2026-08-18 08:49:59.572,person_ID_2548,person,Berlin (kein Wechsel),False
2026-08-18 08:50:00.840,person_ID_2549,person,Potsdam (kein Wechsel),False
2026-08-18 08:50:05.243,bicycle_ID_2128,bicycle,Berlin (kein Wechsel),False
2026-08-18 08:50:06.370,bicycle_ID_2129,bicycle,Berlin->Potsdam,True
2026-08-18 08:50:06.370,person_ID_2550,person,Berlin->Potsdam,True
2026-08-18 08:50:09.872,person_ID_2551,person,Potsdam (kein Wechsel),False
2026-08-18 08:50:11.876,car_ID_2399,car,Berlin->Potsdam,True
2026-08-18 08:50:12.279,person_ID_2552,person,Potsdam (kein Wechsel),False
2026-08-18 08:50:14.010,person_ID_2553,person,Potsdam->Berlin,True
2026-08-18 08:50:14.542,bicycle_ID_2130,bicycle,Potsdam->Berlin,True
2026-08-18 08:50:19.008,person_ID_2555,person,Potsdam (kein Wechsel),False
2026-08-18 08:50:20.440,person_ID_2556,person,Potsdam (kein Wechsel),False
2026-08-18 08:50:21.208,person_ID_2554,person,Potsdam (kein Wechsel),False
2026-08-18 08:50:22.746,bicycle_ID_2131,bicycle,Berlin (kein Wechsel),False
2026-08-18 08:50:23.540,person_ID_2557,person,Berlin (kein Wechsel),False
2026-08-18 08:50:25.776,car_ID_2400,car,Potsdam->Berlin,True
2026-08-18 08:50:26.012,person_ID_2558,person,Potsdam (kein Wechsel),False
2026-08-18 08:50:29.476,bicycle_ID_2133,bicycle,Berlin (kein Wechsel),False
2026-08-18 08:50:29.507,person_ID_2559,person,Potsdam->Berlin,True
2026-08-18 08:50:30.177,bicycle_ID_2132,bicycle,Berlin (kein Wechsel),False
2026-08-18 08:50:40.643,person_ID_2560,person,Potsdam (kein Wechsel),False
2026-08-18 08:50:43.045,bicycle_ID_2134,bicycle,Potsdam->Berlin,True
2026-08-18 08:50:43.945,bicycle_ID_2135,bicycle,Berlin (kein Wechsel),False
2026-08-18 08:50:44.011,person_ID_2561,person,Potsdam->Berlin,True
2026-08-18 08:51:05.815,car_ID_2401,car,Berlin (kein Wechsel),False
2026-08-18 08:51:08.141,person_ID_2562,person,Potsdam (kein Wechsel),False
2026-08-18 08:51:09.142,person_ID_2564,person,Potsdam (kein Wechsel),False
2026-08-18 08:51:09.246,person_ID_2563,person,Potsdam (kein Wechsel),False
2026-08-18 08:51:10.777,person_ID_2565,person,Potsdam (kein Wechsel),False
2026-08-18 08:51:11.577,person_ID_2567,person,Potsdam (kein Wechsel),False
2026-08-18 08:51:12.611,person_ID_2566,person,Potsdam->Berlin,True
2026-08-18 08:51:13.476,person_ID_2569,person,Berlin (kein Wechsel),False
2026-08-18 08:51:14.443,person_ID_2570,person,Berlin (kein Wechsel),False
2026-08-18 08:51:15.185,person_ID_2571,person,Berlin (kein Wechsel),False
2026-08-18 08:51:15.878,bicycle_ID_2136,bicycle,Berlin (kein Wechsel),False
2026-08-18 08:51:16.413,person_ID_2572,person,Berlin (kein Wechsel),False
2026-08-18 08:51:18.676,person_ID_2568,person,Potsdam->Berlin,True
2026-08-18 08:51:20.515,car_ID_2402,car,Potsdam (kein Wechsel),False
2026-08-18 08:51:22.586,person_ID_2573,person,Potsdam->Berlin,True
2026-08-18 08:51:24.511,car_ID_2404,car,Berlin->Potsdam,True
2026-08-18 08:51:24.683,car_ID_2403,car,Potsdam->Berlin,True
2026-08-18 08:51:26.649,car_ID_2405,car,Potsdam->Berlin,True
2026-08-18 08:52:05.015,car_ID_2406,car,Potsdam->Berlin,True
2026-08-18 08:52:10.917,car_ID_2408,car,Berlin (kein Wechsel),False
2026-08-18 08:52:11.117,car_ID_2407,car,Berlin (kein Wechsel),False
2026-08-18 08:52:13.283,car_ID_2409,car,Potsdam (kein Wechsel),False
2026-08-18 08:52:17.250,car_ID_2410,car,Berlin (kein Wechsel),False
2026-08-18 08:52:17.812,car_ID_2411,car,Berlin->Potsdam,True
2026-08-18 08:52:39.518,bicycle_ID_2137,bicycle,Berlin (kein Wechsel),False
2026-08-18 08:52:40.349,person_ID_2574,person,Potsdam->Berlin,True
2026-08-18 08:52:56.922,person_ID_2575,person,Potsdam->Berlin,True
2026-08-18 08:52:58.285,person_ID_2576,person,Berlin (kein Wechsel),False
2026-08-18 08:53:07.853,car_ID_2412,car,Berlin->Potsdam,True
2026-08-18 08:53:11.686,car_ID_2413,car,Berlin->Potsdam,True
2026-08-18 08:53:13.983,car_ID_2414,car,Berlin->Potsdam,True
2026-08-18 08:53:16.019,car_ID_2416,car,Berlin (kein Wechsel),False
2026-08-18 08:53:16.052,car_ID_2415,car,Berlin (kein Wechsel),False
2026-08-18 08:53:21.153,car_ID_2417,car,Berlin->Potsdam,True
2026-08-18 08:53:23.387,car_ID_2418,car,Berlin->Potsdam,True
2026-08-18 08:53:25.518,car_ID_2419,car,Berlin (kein Wechsel),False
2026-08-18 08:53:28.286,car_ID_2420,car,Berlin->Potsdam,True
2026-08-18 08:53:28.716,car_ID_2421,car,Potsdam->Berlin,True
2026-08-18 08:53:29.686,person_ID_2577,person,Berlin (kein Wechsel),False
2026-08-18 08:53:32.554,car_ID_2422,car,Potsdam->Berlin,True
2026-08-18 08:53:39.185,car_ID_2423,car,Berlin->Potsdam,True
2026-08-18 08:53:41.518,person_ID_2578,person,Berlin->Potsdam,True
2026-08-18 08:53:42.485,person_ID_2579,person,Potsdam (kein Wechsel),False
2026-08-18 08:53:44.018,person_ID_2581,person,Potsdam->Berlin,True
2026-08-18 08:53:44.885,person_ID_2582,person,Berlin (kein Wechsel),False
2026-08-18 08:53:45.729,bicycle_ID_2138,bicycle,Berlin (kein Wechsel),False
2026-08-18 08:53:45.792,person_ID_2580,person,Potsdam (kein Wechsel),False
2026-08-18 08:53:47.555,person_ID_2583,person,Potsdam (kein Wechsel),False
2026-08-18 08:53:49.656,person_ID_2584,person,Potsdam (kein Wechsel),False
2026-08-18 08:53:52.290,bicycle_ID_2140,bicycle,Berlin (kein Wechsel),False
2026-08-18 08:53:52.387,person_ID_2585,person,Berlin->Potsdam,True
2026-08-18 08:53:52.620,bicycle_ID_2139,bicycle,Berlin (kein Wechsel),False
2026-08-18 08:53:56.091,bicycle_ID_2141,bicycle,Berlin->Potsdam,True
2026-08-18 08:53:56.091,person_ID_2586,person,Berlin->Potsdam,True
2026-08-18 08:53:56.422,bicycle_ID_2143,bicycle,Berlin (kein Wechsel),False
2026-08-18 08:53:58.021,bicycle_ID_2142,bicycle,Berlin->Potsdam,True
2026-08-18 08:53:58.054,person_ID_2587,person,Berlin->Potsdam,True
2026-08-18 08:54:06.723,bicycle_ID_2144,bicycle,Potsdam->Berlin,True
2026-08-18 08:54:06.954,person_ID_2588,person,Potsdam->Berlin,True
2026-08-18 08:54:07.095,car_ID_2424,car,Berlin (kein Wechsel),False
2026-08-18 08:54:23.195,person_ID_2589,person,Berlin->Potsdam,True
2026-08-18 08:54:23.228,bicycle_ID_2145,bicycle,Berlin->Potsdam,True
2026-08-18 08:54:23.826,bicycle_ID_2146,bicycle,Berlin->Potsdam,True
2026-08-18 08:54:24.355,person_ID_2590,person,Berlin->Potsdam,True
2026-08-18 08:54:27.957,car_ID_2425,car,Berlin->Potsdam,True
2026-08-18 08:54:28.923,car_ID_2426,car,Berlin->Potsdam,True
2026-08-18 08:54:33.656,car_ID_2427,car,Potsdam->Berlin,True
2026-08-18 08:54:35.556,car_ID_2428,car,Potsdam->Berlin,True
2026-08-18 08:54:37.155,bicycle_ID_2147,bicycle,Berlin->Potsdam,True
2026-08-18 08:54:37.155,person_ID_2591,person,Berlin->Potsdam,True
2026-08-18 08:54:59.425,car_ID_2429,car,Berlin->Potsdam,True
2026-08-18 08:55:11.558,car_ID_2430,car,Berlin->Potsdam,True
2026-08-18 08:55:35.358,person_ID_2592,person,Potsdam->Berlin,True
2026-08-18 08:55:36.596,person_ID_2593,person,Berlin->Potsdam,True
2026-08-18 08:55:42.195,bus_ID_235,bus,Berlin (kein Wechsel),False
2026-08-18 08:55:42.795,car_ID_2431,car,Potsdam->Berlin,True
2026-08-18 08:56:18.895,car_ID_2432,car,Potsdam (kein Wechsel),False
2026-08-18 08:56:19.862,car_ID_2434,car,Potsdam (kein Wechsel),False
2026-08-18 08:56:20.061,car_ID_2435,car,Potsdam (kein Wechsel),False
2026-08-18 08:56:20.436,car_ID_2433,car,Potsdam->Berlin,True
2026-08-18 08:56:21.798,car_ID_2436,car,Berlin (kein Wechsel),False
2026-08-18 08:56:23.664,car_ID_2437,car,Berlin (kein Wechsel),False
2026-08-18 08:56:23.793,car_ID_2438,car,Berlin (kein Wechsel),False
2026-08-18 08:56:23.929,bicycle_ID_2148,bicycle,Berlin->Potsdam,True
2026-08-18 08:56:23.959,person_ID_2594,person,Berlin->Potsdam,True
2026-08-18 08:56:28.529,car_ID_2439,car,Berlin (kein Wechsel),False
2026-08-18 08:57:04.132,person_ID_2595,person,Potsdam (kein Wechsel),False
2026-08-18 08:57:07.264,bicycle_ID_2149,bicycle,Potsdam (kein Wechsel),False
2026-08-18 08:57:09.297,person_ID_2596,person,Potsdam->Berlin,True
2026-08-18 08:57:10.269,person_ID_2597,person,Berlin (kein Wechsel),False
2026-08-18 08:57:11.300,person_ID_2598,person,Berlin (kein Wechsel),False
2026-08-18 08:57:21.369,person_ID_2599,person,Potsdam (kein Wechsel),False
2026-08-18 08:57:22.432,bicycle_ID_2150,bicycle,Potsdam->Berlin,True
2026-08-18 08:57:24.139,bicycle_ID_2152,bicycle,Berlin (kein Wechsel),False
2026-08-18 08:57:24.202,bicycle_ID_2151,bicycle,Berlin->Potsdam,True
2026-08-18 08:57:24.234,person_ID_2601,person,Berlin->Potsdam,True
2026-08-18 08:57:24.301,person_ID_2600,person,Potsdam->Berlin,True
2026-08-18 08:57:24.372,bicycle_ID_2153,bicycle,Berlin (kein Wechsel),False
2026-08-18 08:57:33.170,person_ID_2602,person,Potsdam (kein Wechsel),False
2026-08-18 08:57:34.368,bicycle_ID_2154,bicycle,Potsdam (kein Wechsel),False
2026-08-18 08:57:35.472,person_ID_2603,person,Potsdam->Berlin,True
2026-08-18 08:57:35.770,bicycle_ID_2155,bicycle,Berlin (kein Wechsel),False
2026-08-18 08:57:36.333,person_ID_2604,person,Berlin (kein Wechsel),False
2026-08-18 08:57:37.201,bicycle_ID_2156,bicycle,Berlin (kein Wechsel),False
2026-08-18 08:57:45.002,car_ID_2440,car,Potsdam->Berlin,True
2026-08-18 08:57:53.236,car_ID_2441,car,Berlin (kein Wechsel),False
2026-08-18 08:57:53.268,car_ID_2442,car,Berlin (kein Wechsel),False
2026-08-18 08:57:59.301,car_ID_2443,car,Berlin->Potsdam,True
2026-08-18 08:58:04.368,person_ID_2605,person,Potsdam (kein Wechsel),False
2026-08-18 08:58:06.903,person_ID_2606,person,Potsdam (kein Wechsel),False
2026-08-18 08:58:07.704,bicycle_ID_2158,bicycle,Berlin (kein Wechsel),False
2026-08-18 08:58:08.438,bicycle_ID_2157,bicycle,Berlin->Potsdam,True
2026-08-18 08:58:08.438,person_ID_2607,person,Berlin->Potsdam,True
2026-08-18 08:58:08.705,person_ID_2608,person,Potsdam (kein Wechsel),False
2026-08-18 08:58:09.605,person_ID_2609,person,Potsdam (kein Wechsel),False
2026-08-18 08:58:15.338,person_ID_2610,person,Potsdam->Berlin,True
2026-08-18 08:58:19.707,person_ID_2611,person,Berlin (kein Wechsel),False
2026-08-18 08:58:26.538,car_ID_2444,car,Potsdam (kein Wechsel),False
2026-08-18 08:58:29.138,car_ID_2445,car,Potsdam->Berlin,True
2026-08-18 08:58:32.142,car_ID_2446,car,Berlin->Potsdam,True
2026-08-18 08:58:35.011,car_ID_2447,car,Berlin->Potsdam,True
2026-08-18 08:58:44.572,car_ID_2448,car,Potsdam->Berlin,True
2026-08-18 08:58:44.703,bicycle_ID_2159,bicycle,Potsdam (kein Wechsel),False
2026-08-18 08:58:46.537,bicycle_ID_2160,bicycle,Berlin (kein Wechsel),False
2026-08-18 08:58:48.505,person_ID_2612,person,Potsdam->Berlin,True
2026-08-18 08:59:03.008,car_ID_2449,car,Berlin->Potsdam,True
2026-08-18 08:59:29.146,car_ID_2450,car,Potsdam (kein Wechsel),False
2026-08-18 08:59:30.244,car_ID_2451,car,Berlin (kein Wechsel),False
2026-08-18 08:59:31.107,car_ID_2452,car,Potsdam->Berlin,True
2026-08-18 08:59:57.907,person_ID_2613,person,Potsdam (kein Wechsel),False
2026-08-18 08:59:59.908,car_ID_2453,car,Potsdam->Berlin,True
2026-08-18 09:00:01.547,car_ID_2454,car,Potsdam->Berlin,True
2026-08-18 09:00:02.848,person_ID_2614,person,Potsdam->Berlin,True
2026-08-18 09:00:08.546,bicycle_ID_2161,bicycle,Berlin (kein Wechsel),False
2026-08-18 09:00:09.909,bicycle_ID_2162,bicycle,Berlin (kein Wechsel),False
2026-08-18 09:00:10.477,person_ID_2615,person,Berlin (kein Wechsel),False
2026-08-18 09:00:31.477,car_ID_2455,car,Berlin->Potsdam,True
2026-08-18 09:00:41.047,person_ID_2616,person,Berlin (kein Wechsel),False
2026-08-18 09:00:41.379,car_ID_2456,car,Potsdam->Berlin,True
2026-08-18 09:00:43.447,person_ID_2617,person,Berlin (kein Wechsel),False
2026-08-18 09:01:03.978,car_ID_2457,car,Berlin->Potsdam,True
2026-08-18 09:01:05.183,person_ID_2618,person,Berlin (kein Wechsel),False
2026-08-18 09:01:22.949,car_ID_2458,car,Berlin->Potsdam,True
2026-08-18 09:01:38.420,bus_ID_236,bus,Berlin->Potsdam,True
2026-08-18 09:01:39.087,bus_ID_237,bus,Potsdam (kein Wechsel),False
2026-08-18 09:01:56.751,car_ID_2459,car,Berlin (kein Wechsel),False
2026-08-18 09:01:56.851,car_ID_2460,car,Berlin (kein Wechsel),False
2026-08-18 09:02:16.655,car_ID_2461,car,Potsdam->Berlin,True
2026-08-18 09:02:23.221,car_ID_2462,car,Berlin->Potsdam,True
2026-08-18 09:02:33.956,bicycle_ID_2163,bicycle,Potsdam->Berlin,True
2026-08-18 09:02:34.351,bicycle_ID_2164,bicycle,Berlin (kein Wechsel),False
2026-08-18 09:02:34.552,person_ID_2619,person,Berlin (kein Wechsel),False
2026-08-18 09:02:35.053,person_ID_2620,person,Berlin (kein Wechsel),False
2026-08-18 09:02:35.387,bicycle_ID_2165,bicycle,Berlin (kein Wechsel),False
2026-08-18 09:02:51.256,person_ID_2621,person,Potsdam (kein Wechsel),False
2026-08-18 09:02:52.523,person_ID_2622,person,Potsdam->Berlin,True
2026-08-18 09:02:54.686,person_ID_2623,person,Berlin (kein Wechsel),False
2026-08-18 09:02:54.820,bicycle_ID_2166,bicycle,Berlin (kein Wechsel),False
2026-08-18 09:03:13.088,person_ID_2624,person,Berlin->Potsdam,True
2026-08-18 09:03:55.891,car_ID_2463,car,Berlin->Potsdam,True
2026-08-18 09:04:02.339,car_ID_2464,car,Berlin (kein Wechsel),False
2026-08-18 09:04:06.925,car_ID_2465,car,Berlin (kein Wechsel),False
2026-08-18 09:04:08.193,car_ID_2466,car,Berlin (kein Wechsel),False
2026-08-18 09:04:08.362,bus_ID_238,bus,Berlin->Potsdam,True
2026-08-18 09:04:08.861,bus_ID_239,bus,Potsdam (kein Wechsel),False
2026-08-18 09:04:10.630,car_ID_2467,car,Berlin (kein Wechsel),False
2026-08-18 09:04:10.794,person_ID_2625,person,Potsdam (kein Wechsel),False
2026-08-18 09:04:11.029,car_ID_2469,car,Potsdam (kein Wechsel),False
2026-08-18 09:04:12.794,car_ID_2468,car,Berlin->Potsdam,True
2026-08-18 09:04:12.963,person_ID_2626,person,Potsdam (kein Wechsel),False
2026-08-18 09:04:13.228,person_ID_2627,person,Potsdam (kein Wechsel),False
2026-08-18 09:04:15.862,person_ID_2630,person,Potsdam->Berlin,True
2026-08-18 09:04:16.263,bicycle_ID_2168,bicycle,Berlin (kein Wechsel),False
2026-08-18 09:04:16.563,bicycle_ID_2167,bicycle,Potsdam->Berlin,True
2026-08-18 09:04:16.834,person_ID_2628,person,Potsdam->Berlin,True
2026-08-18 09:04:17.063,bicycle_ID_2170,bicycle,Berlin (kein Wechsel),False
2026-08-18 09:04:17.831,bicycle_ID_2169,bicycle,Potsdam->Berlin,True
2026-08-18 09:04:18.359,person_ID_2631,person,Berlin (kein Wechsel),False
2026-08-18 09:04:18.764,person_ID_2632,person,Berlin (kein Wechsel),False
2026-08-18 09:04:19.095,bicycle_ID_2171,bicycle,Berlin (kein Wechsel),False
2026-08-18 09:04:19.495,person_ID_2633,person,Berlin (kein Wechsel),False
2026-08-18 09:04:23.763,person_ID_2629,person,Potsdam->Berlin,True
2026-08-18 09:04:30.793,person_ID_2634,person,Berlin (kein Wechsel),False
2026-08-18 09:05:22.227,bus_ID_240,bus,Potsdam->Berlin,True
2026-08-18 09:05:22.861,car_ID_2470,car,Berlin (kein Wechsel),False
2026-08-18 09:05:36.165,person_ID_2635,person,Berlin->Potsdam,True
2026-08-18 09:05:36.228,bicycle_ID_2172,bicycle,Berlin->Potsdam,True
2026-08-18 09:05:44.964,car_ID_2471,car,Berlin->Potsdam,True
2026-08-18 09:05:55.468,car_ID_2473,car,Berlin (kein Wechsel),False
2026-08-18 09:05:57.304,car_ID_2472,car,Berlin->Potsdam,True
2026-08-18 09:05:57.337,bicycle_ID_2173,bicycle,Berlin (kein Wechsel),False
2026-08-18 09:05:57.567,car_ID_2474,car,Potsdam (kein Wechsel),False
2026-08-18 09:05:57.901,person_ID_2636,person,Berlin->Potsdam,True
2026-08-18 09:06:24.335,bus_ID_241,bus,Berlin (kein Wechsel),False
2026-08-18 09:06:24.401,car_ID_2475,car,Potsdam->Berlin,True
2026-08-18 09:06:39.371,bicycle_ID_2174,bicycle,Berlin (kein Wechsel),False
2026-08-18 09:06:40.735,bicycle_ID_2176,bicycle,Berlin (kein Wechsel),False
2026-08-18 09:06:41.068,person_ID_2637,person,Berlin (kein Wechsel),False
2026-08-18 09:06:41.106,bicycle_ID_2175,bicycle,Berlin (kein Wechsel),False
2026-08-18 09:06:41.904,person_ID_2638,person,Berlin->Potsdam,True
2026-08-18 09:06:42.603,person_ID_2639,person,Potsdam (kein Wechsel),False
2026-08-18 09:06:45.338,car_ID_2476,car,Berlin->Potsdam,True
2026-08-18 09:06:48.603,car_ID_2477,car,Potsdam->Berlin,True
2026-08-18 09:06:49.168,car_ID_2478,car,Berlin->Potsdam,True
2026-08-18 09:06:52.037,bicycle_ID_2177,bicycle,Potsdam (kein Wechsel),False
2026-08-18 09:06:53.942,person_ID_2640,person,Potsdam->Berlin,True
2026-08-18 09:06:57.467,person_ID_2641,person,Berlin (kein Wechsel),False
2026-08-18 09:06:57.740,car_ID_2480,car,Berlin (kein Wechsel),False
2026-08-18 09:06:59.836,car_ID_2479,car,Potsdam->Berlin,True
2026-08-18 09:07:16.201,car_ID_2481,car,Berlin->Potsdam,True
2026-08-18 09:07:28.801,bicycle_ID_2178,bicycle,Berlin (kein Wechsel),False
2026-08-18 09:07:28.971,bicycle_ID_2179,bicycle,Potsdam (kein Wechsel),False
2026-08-18 09:07:29.471,person_ID_2642,person,Berlin->Potsdam,True
2026-08-18 09:07:38.944,car_ID_2482,car,Berlin->Potsdam,True
2026-08-18 09:07:42.714,person_ID_2643,person,Berlin (kein Wechsel),False
2026-08-18 09:07:44.207,person_ID_2644,person,Berlin (kein Wechsel),False
2026-08-18 09:07:46.572,person_ID_2645,person,Berlin (kein Wechsel),False
2026-08-18 09:07:53.274,person_ID_2646,person,Berlin (kein Wechsel),False
2026-08-18 09:07:56.140,person_ID_2647,person,Berlin (kein Wechsel),False
2026-08-18 09:07:57.040,car_ID_2483,car,Berlin->Potsdam,True
2026-08-18 09:07:57.708,person_ID_2648,person,Berlin (kein Wechsel),False
2026-08-18 09:08:00.140,person_ID_2650,person,Berlin (kein Wechsel),False
2026-08-18 09:08:01.611,person_ID_2649,person,Berlin->Potsdam,True
2026-08-18 09:08:01.873,bicycle_ID_2180,bicycle,Berlin->Potsdam,True
2026-08-18 09:08:12.841,car_ID_2484,car,Berlin->Potsdam,True
2026-08-18 09:08:14.875,person_ID_2651,person,Berlin->Potsdam,True
2026-08-18 09:08:17.275,person_ID_2652,person,Potsdam (kein Wechsel),False
2026-08-18 09:08:19.141,person_ID_2653,person,Potsdam (kein Wechsel),False
2026-08-18 09:08:26.109,person_ID_2654,person,Potsdam (kein Wechsel),False
2026-08-18 09:08:26.876,car_ID_2485,car,Berlin->Potsdam,True
2026-08-18 09:08:28.912,person_ID_2655,person,Potsdam (kein Wechsel),False
2026-08-18 09:08:30.643,person_ID_2656,person,Potsdam (kein Wechsel),False
2026-08-18 09:08:35.609,person_ID_2657,person,Berlin (kein Wechsel),False
2026-08-18 09:08:36.641,person_ID_2658,person,Berlin (kein Wechsel),False
2026-08-18 09:08:39.210,person_ID_2659,person,Berlin (kein Wechsel),False
2026-08-18 09:08:40.840,person_ID_2660,person,Potsdam (kein Wechsel),False
2026-08-18 09:08:41.073,person_ID_2661,person,Potsdam (kein Wechsel),False
2026-08-18 09:08:43.613,car_ID_2486,car,Berlin->Potsdam,True
2026-08-18 09:08:46.011,person_ID_2662,person,Berlin (kein Wechsel),False
2026-08-18 09:08:46.247,person_ID_2663,person,Berlin (kein Wechsel),False
2026-08-18 09:08:46.979,person_ID_2664,person,Potsdam (kein Wechsel),False
2026-08-18 09:08:57.373,person_ID_2666,person,Potsdam (kein Wechsel),False
2026-08-18 09:08:59.576,bicycle_ID_2181,bicycle,Potsdam->Berlin,True
2026-08-18 09:09:00.344,person_ID_2665,person,Berlin->Potsdam,True
2026-08-18 09:09:02.015,person_ID_2667,person,Potsdam->Berlin,True
2026-08-18 09:09:06.044,bicycle_ID_2183,bicycle,Berlin (kein Wechsel),False
2026-08-18 09:09:06.442,bicycle_ID_2182,bicycle,Berlin (kein Wechsel),False
2026-08-18 09:09:06.511,person_ID_2668,person,Berlin (kein Wechsel),False
2026-08-18 09:09:07.114,bicycle_ID_2184,bicycle,Berlin->Potsdam,True
2026-08-18 09:09:07.516,person_ID_2669,person,Berlin->Potsdam,True
2026-08-18 09:09:26.446,person_ID_2670,person,Potsdam (kein Wechsel),False
2026-08-18 09:09:28.817,car_ID_2488,car,Berlin (kein Wechsel),False
2026-08-18 09:09:30.613,car_ID_2487,car,Potsdam->Berlin,True
2026-08-18 09:09:31.585,person_ID_2671,person,Potsdam->Berlin,True
2026-08-18 09:09:39.282,car_ID_2489,car,Berlin->Potsdam,True
2026-08-18 09:09:43.882,person_ID_2672,person,Berlin (kein Wechsel),False
2026-08-18 09:09:44.545,bicycle_ID_2185,bicycle,Berlin->Potsdam,True
2026-08-18 09:09:54.011,bicycle_ID_2186,bicycle,Berlin->Potsdam,True
2026-08-18 09:09:54.219,person_ID_2673,person,Berlin->Potsdam,True
2026-08-18 09:10:03.050,person_ID_2674,person,Potsdam (kein Wechsel),False
2026-08-18 09:10:04.152,bicycle_ID_2187,bicycle,Potsdam->Berlin,True
2026-08-18 09:10:06.150,person_ID_2675,person,Potsdam->Berlin,True
2026-08-18 09:10:06.715,person_ID_2676,person,Berlin (kein Wechsel),False
2026-08-18 09:10:17.483,car_ID_2490,car,Berlin->Potsdam,True
2026-08-18 09:10:36.984,bicycle_ID_2189,bicycle,Berlin (kein Wechsel),False
2026-08-18 09:10:38.916,bicycle_ID_2188,bicycle,Berlin->Potsdam,True
2026-08-18 09:10:39.084,person_ID_2677,person,Berlin->Potsdam,True
2026-08-18 09:10:43.549,person_ID_2678,person,Potsdam (kein Wechsel),False
2026-08-18 09:10:44.018,person_ID_2679,person,Potsdam (kein Wechsel),False
2026-08-18 09:10:46.018,bicycle_ID_2190,bicycle,Berlin (kein Wechsel),False
2026-08-18 09:10:48.655,person_ID_2680,person,Potsdam->Berlin,True
2026-08-18 09:10:52.785,person_ID_2681,person,Potsdam (kein Wechsel),False
2026-08-18 09:10:54.520,person_ID_2682,person,Berlin (kein Wechsel),False
2026-08-18 09:10:57.851,person_ID_2683,person,Berlin (kein Wechsel),False
2026-08-18 09:10:59.253,car_ID_2492,car,Potsdam (kein Wechsel),False
2026-08-18 09:10:59.784,bus_ID_242,bus,Berlin (kein Wechsel),False
2026-08-18 09:11:00.753,car_ID_2493,car,Potsdam->Berlin,True
2026-08-18 09:11:01.385,bus_ID_243,bus,Berlin (kein Wechsel),False
2026-08-18 09:11:01.385,bus_ID_244,bus,Berlin (kein Wechsel),False
2026-08-18 09:11:01.556,car_ID_2491,car,Potsdam->Berlin,True
2026-08-18 09:11:03.386,car_ID_2494,car,Berlin->Potsdam,True
2026-08-18 09:11:19.054,person_ID_2684,person,Berlin (kein Wechsel),False
2026-08-18 09:11:20.390,bicycle_ID_2191,bicycle,Potsdam->Berlin,True
2026-08-18 09:11:20.820,person_ID_2685,person,Potsdam->Berlin,True
2026-08-18 09:11:21.018,person_ID_2686,person,Berlin (kein Wechsel),False
2026-08-18 09:11:22.690,person_ID_2687,person,Berlin (kein Wechsel),False
2026-08-18 09:11:27.917,car_ID_2495,car,Berlin->Potsdam,True
2026-08-18 09:11:37.086,car_ID_2496,car,Berlin (kein Wechsel),False
2026-08-18 09:11:59.918,person_ID_2688,person,Berlin (kein Wechsel),False
2026-08-18 09:11:59.963,bicycle_ID_2192,bicycle,Berlin->Potsdam,True
2026-08-18 09:12:08.453,person_ID_2689,person,Potsdam (kein Wechsel),False
2026-08-18 09:12:08.763,bicycle_ID_2193,bicycle,Berlin (kein Wechsel),False
2026-08-18 09:12:08.989,person_ID_2690,person,Berlin (kein Wechsel),False
2026-08-18 09:12:10.124,bicycle_ID_2194,bicycle,Berlin (kein Wechsel),False
2026-08-18 09:12:10.426,person_ID_2691,person,Berlin (kein Wechsel),False
2026-08-18 09:12:13.456,person_ID_2692,person,Potsdam (kein Wechsel),False
2026-08-18 09:12:15.191,car_ID_2497,car,Potsdam->Berlin,True
2026-08-18 09:12:17.323,bicycle_ID_2195,bicycle,Potsdam->Berlin,True
2026-08-18 09:12:17.787,bicycle_ID_2197,bicycle,Potsdam (kein Wechsel),False
2026-08-18 09:12:17.890,bicycle_ID_2196,bicycle,Berlin (kein Wechsel),False
2026-08-18 09:12:19.892,person_ID_2694,person,Berlin (kein Wechsel),False
2026-08-18 09:12:20.090,person_ID_2693,person,Potsdam->Berlin,True
2026-08-18 09:12:22.690,car_ID_2498,car,Potsdam->Berlin,True
2026-08-18 09:12:23.219,person_ID_2695,person,Berlin (kein Wechsel),False
2026-08-18 09:12:43.758,car_ID_2499,car,Berlin (kein Wechsel),False
2026-08-18 09:12:47.203,bicycle_ID_2199,bicycle,Berlin (kein Wechsel),False
2026-08-18 09:12:48.523,bicycle_ID_2198,bicycle,Berlin->Potsdam,True
2026-08-18 09:12:49.020,person_ID_2696,person,Berlin->Potsdam,True
2026-08-18 09:12:50.126,car_ID_2500,car,Berlin->Potsdam,True
2026-08-18 09:13:16.463,person_ID_2697,person,Berlin (kein Wechsel),False
2026-08-18 09:13:18.028,person_ID_2698,person,Berlin (kein Wechsel),False
2026-08-18 09:13:22.426,person_ID_2699,person,Berlin->Potsdam,True
2026-08-18 09:13:22.898,bicycle_ID_2200,bicycle,Berlin->Potsdam,True
2026-08-18 09:13:30.328,person_ID_2701,person,Berlin (kein Wechsel),False
2026-08-18 09:13:30.960,person_ID_2700,person,Berlin (kein Wechsel),False
2026-08-18 09:13:32.894,person_ID_2702,person,Berlin (kein Wechsel),False
2026-08-18 09:13:34.128,person_ID_2703,person,Berlin (kein Wechsel),False
2026-08-18 09:13:35.262,person_ID_2704,person,Berlin (kein Wechsel),False
2026-08-18 09:13:37.328,person_ID_2705,person,Berlin (kein Wechsel),False
2026-08-18 09:13:39.328,person_ID_2706,person,Berlin (kein Wechsel),False
2026-08-18 09:13:45.528,person_ID_2707,person,Potsdam (kein Wechsel),False
2026-08-18 09:13:45.995,person_ID_2708,person,Potsdam (kein Wechsel),False
2026-08-18 09:13:50.362,person_ID_2709,person,Potsdam->Berlin,True
2026-08-18 09:13:53.130,person_ID_2710,person,Berlin->Potsdam,True
2026-08-18 09:13:53.627,bicycle_ID_2201,bicycle,Berlin->Potsdam,True
2026-08-18 09:14:00.461,person_ID_2711,person,Potsdam->Berlin,True
2026-08-18 09:14:24.263,car_ID_2502,car,Berlin (kein Wechsel),False
2026-08-18 09:14:24.367,car_ID_2501,car,Berlin->Potsdam,True
2026-08-18 09:14:32.836,bicycle_ID_2202,bicycle,Berlin (kein Wechsel),False
2026-08-18 09:14:33.063,car_ID_2503,car,Potsdam->Berlin,True
2026-08-18 09:14:33.563,bicycle_ID_2203,bicycle,Berlin->Potsdam,True
2026-08-18 09:14:33.661,person_ID_2712,person,Berlin->Potsdam,True
2026-08-18 09:14:34.695,person_ID_2713,person,Berlin (kein Wechsel),False
2026-08-18 09:14:50.069,bicycle_ID_2204,bicycle,Potsdam->Berlin,True
2026-08-18 09:14:50.369,person_ID_2714,person,Potsdam->Berlin,True
2026-08-18 09:14:51.268,bicycle_ID_2205,bicycle,Berlin (kein Wechsel),False
2026-08-18 09:14:51.797,person_ID_2715,person,Berlin (kein Wechsel),False
2026-08-18 09:15:06.635,car_ID_2504,car,Berlin->Potsdam,True
2026-08-18 09:15:26.069,car_ID_2505,car,Potsdam->Berlin,True
2026-08-18 09:15:38.043,car_ID_2506,car,Berlin->Potsdam,True
2026-08-18 09:15:49.169,person_ID_2716,person,Berlin (kein Wechsel),False
2026-08-18 09:15:58.604,person_ID_2717,person,Berlin->Potsdam,True
2026-08-18 09:16:01.207,person_ID_2718,person,Potsdam (kein Wechsel),False
2026-08-18 09:16:04.737,person_ID_2719,person,Potsdam (kein Wechsel),False
2026-08-18 09:16:50.411,person_ID_2720,person,Potsdam (kein Wechsel),False
2026-08-18 09:16:55.542,car_ID_2507,car,Potsdam (kein Wechsel),False
2026-08-18 09:16:57.906,car_ID_2509,car,Berlin (kein Wechsel),False
2026-08-18 09:16:58.974,car_ID_2508,car,Potsdam->Berlin,True
2026-08-18 09:16:59.141,person_ID_2721,person,Berlin (kein Wechsel),False
2026-08-18 09:17:01.408,person_ID_2722,person,Berlin (kein Wechsel),False
2026-08-18 09:17:02.943,person_ID_2723,person,Berlin (kein Wechsel),False
2026-08-18 09:17:06.408,person_ID_2725,person,Berlin (kein Wechsel),False
2026-08-18 09:17:06.541,person_ID_2726,person,Berlin (kein Wechsel),False
2026-08-18 09:17:06.807,person_ID_2724,person,Potsdam->Berlin,True
2026-08-18 09:17:07.576,bicycle_ID_2206,bicycle,Potsdam->Berlin,True
2026-08-18 09:17:08.045,person_ID_2728,person,Berlin (kein Wechsel),False
2026-08-18 09:17:08.376,person_ID_2727,person,Berlin (kein Wechsel),False
2026-08-18 09:17:28.038,car_ID_2510,car,Potsdam->Berlin,True
2026-08-18 09:17:40.044,person_ID_2729,person,Potsdam (kein Wechsel),False
2026-08-18 09:17:41.079,person_ID_2730,person,Potsdam (kein Wechsel),False
2026-08-18 09:17:41.580,bicycle_ID_2207,bicycle,Potsdam->Berlin,True
2026-08-18 09:17:42.609,bicycle_ID_2208,bicycle,Berlin (kein Wechsel),False
2026-08-18 09:17:43.878,person_ID_2731,person,Potsdam->Berlin,True
2026-08-18 09:17:45.546,car_ID_2512,car,Berlin->Potsdam,True
2026-08-18 09:17:45.643,car_ID_2513,car,Berlin (kein Wechsel),False
2026-08-18 09:17:46.980,car_ID_2515,car,Berlin (kein Wechsel),False
2026-08-18 09:17:47.509,car_ID_2514,car,Berlin (kein Wechsel),False
2026-08-18 09:17:51.077,car_ID_2511,car,Potsdam (kein Wechsel),False
2026-08-18 09:17:51.679,car_ID_2516,car,Potsdam (kein Wechsel),False
2026-08-18 09:17:56.977,car_ID_2517,car,Berlin->Potsdam,True
2026-08-18 09:17:59.614,car_ID_2518,car,Potsdam->Berlin,True
2026-08-18 09:18:00.913,car_ID_2519,car,Berlin (kein Wechsel),False
2026-08-18 09:18:03.010,car_ID_2521,car,Berlin (kein Wechsel),False
2026-08-18 09:18:04.048,car_ID_2520,car,Potsdam->Berlin,True
2026-08-18 09:18:08.877,car_ID_2522,car,Potsdam->Berlin,True
2026-08-18 09:18:49.348,car_ID_2523,car,Potsdam (kein Wechsel),False
2026-08-18 09:18:51.912,car_ID_2524,car,Potsdam->Berlin,True
2026-08-18 09:19:04.746,person_ID_2732,person,Berlin (kein Wechsel),False
2026-08-18 09:19:09.915,car_ID_2525,car,Potsdam->Berlin,True
2026-08-18 09:19:11.182,person_ID_2733,person,Potsdam (kein Wechsel),False
2026-08-18 09:19:12.151,person_ID_2734,person,Potsdam (kein Wechsel),False
2026-08-18 09:19:13.516,person_ID_2735,person,Potsdam (kein Wechsel),False
2026-08-18 09:19:43.219,car_ID_2526,car,Potsdam (kein Wechsel),False
2026-08-18 09:19:43.752,car_ID_2528,car,Potsdam (kein Wechsel),False
2026-08-18 09:19:43.951,car_ID_2530,car,Potsdam (kein Wechsel),False
2026-08-18 09:19:44.984,car_ID_2529,car,Berlin->Potsdam,True
2026-08-18 09:19:46.687,car_ID_2527,car,Potsdam->Berlin,True
2026-08-18 09:19:58.455,car_ID_2531,car,Potsdam (kein Wechsel),False
2026-08-18 09:19:59.386,bus_ID_245,bus,Berlin (kein Wechsel),False
2026-08-18 09:19:59.719,car_ID_2533,car,Berlin (kein Wechsel),False
2026-08-18 09:20:00.656,bus_ID_246,bus,Berlin (kein Wechsel),False
2026-08-18 09:20:01.619,car_ID_2532,car,Potsdam->Berlin,True
2026-08-18 09:20:05.652,car_ID_2534,car,Potsdam->Berlin,True
2026-08-18 09:20:18.051,car_ID_2535,car,Potsdam->Berlin,True
2026-08-18 09:20:24.751,bicycle_ID_2209,bicycle,Berlin (kein Wechsel),False
2026-08-18 09:20:25.689,bicycle_ID_2211,bicycle,Berlin (kein Wechsel),False
2026-08-18 09:20:26.385,car_ID_2536,car,Berlin->Potsdam,True
2026-08-18 09:20:27.486,person_ID_2736,person,Berlin->Potsdam,True
2026-08-18 09:20:27.586,bicycle_ID_2210,bicycle,Berlin->Potsdam,True
2026-08-18 09:20:40.223,car_ID_2537,car,Potsdam (kein Wechsel),False
2026-08-18 09:20:40.783,bus_ID_247,bus,Berlin->Potsdam,True
2026-08-18 09:20:41.182,bus_ID_248,bus,Potsdam (kein Wechsel),False
2026-08-18 09:20:42.087,car_ID_2539,car,Potsdam (kein Wechsel),False
2026-08-18 09:20:42.223,bus_ID_249,bus,Potsdam (kein Wechsel),False
2026-08-18 09:20:44.021,car_ID_2538,car,Berlin->Potsdam,True
2026-08-18 09:20:48.787,car_ID_2540,car,Berlin->Potsdam,True
2026-08-18 09:21:02.556,car_ID_2541,car,Potsdam->Berlin,True
2026-08-18 09:21:14.026,car_ID_2543,car,Potsdam (kein Wechsel),False
2026-08-18 09:21:16.157,car_ID_2542,car,Potsdam->Berlin,True
2026-08-18 09:21:41.223,car_ID_2544,car,Berlin->Potsdam,True
2026-08-18 09:21:44.025,car_ID_2545,car,Potsdam->Berlin,True
2026-08-18 09:21:45.157,car_ID_2546,car,Berlin (kein Wechsel),False
2026-08-18 09:21:45.396,car_ID_2547,car,Potsdam (kein Wechsel),False
2026-08-18 09:21:59.088,car_ID_2548,car,Berlin->Potsdam,True
2026-08-18 09:22:03.557,car_ID_2549,car,Berlin->Potsdam,True
2026-08-18 09:22:10.388,person_ID_2737,person,Potsdam (kein Wechsel),False
2026-08-18 09:22:14.727,person_ID_2738,person,Potsdam (kein Wechsel),False
2026-08-18 09:22:15.388,person_ID_2739,person,Potsdam (kein Wechsel),False
2026-08-18 09:22:21.030,person_ID_2740,person,Berlin (kein Wechsel),False
2026-08-18 09:22:24.627,person_ID_2741,person,Berlin (kein Wechsel),False
2026-08-18 09:22:30.158,car_ID_2550,car,Berlin->Potsdam,True
2026-08-18 09:22:33.463,car_ID_2551,car,Berlin->Potsdam,True
2026-08-18 09:22:44.130,person_ID_2742,person,Potsdam (kein Wechsel),False
2026-08-18 09:22:46.196,bicycle_ID_2212,bicycle,Potsdam->Berlin,True
2026-08-18 09:22:46.496,person_ID_2743,person,Potsdam->Berlin,True
2026-08-18 09:22:47.431,person_ID_2744,person,Berlin (kein Wechsel),False
2026-08-18 09:22:50.527,person_ID_2746,person,Berlin (kein Wechsel),False
2026-08-18 09:22:51.029,person_ID_2745,person,Berlin (kein Wechsel),False
2026-08-18 09:22:51.729,person_ID_2747,person,Berlin (kein Wechsel),False
2026-08-18 09:22:53.631,person_ID_2748,person,Berlin (kein Wechsel),False
2026-08-18 09:22:53.761,car_ID_2552,car,Potsdam (kein Wechsel),False
2026-08-18 09:22:55.658,car_ID_2553,car,Potsdam->Berlin,True
2026-08-18 09:22:55.995,person_ID_2749,person,Berlin->Potsdam,True
2026-08-18 09:22:56.127,person_ID_2750,person,Berlin (kein Wechsel),False
2026-08-18 09:22:58.565,person_ID_2751,person,Potsdam (kein Wechsel),False
2026-08-18 09:22:59.995,person_ID_2752,person,Potsdam (kein Wechsel),False
2026-08-18 09:23:00.064,bicycle_ID_2213,bicycle,Potsdam (kein Wechsel),False
2026-08-18 09:23:00.596,person_ID_2753,person,Potsdam (kein Wechsel),False
2026-08-18 09:23:03.964,bicycle_ID_2214,bicycle,Berlin (kein Wechsel),False
2026-08-18 09:23:04.132,person_ID_2754,person,Berlin->Potsdam,True
2026-08-18 09:23:04.262,bicycle_ID_2215,bicycle,Berlin->Potsdam,True
2026-08-18 09:23:07.497,car_ID_2554,car,Berlin->Potsdam,True
2026-08-18 09:23:08.564,car_ID_2555,car,Potsdam (kein Wechsel),False
2026-08-18 09:23:41.400,person_ID_2755,person,Potsdam->Berlin,True
2026-08-18 09:23:47.128,person_ID_2756,person,Berlin (kein Wechsel),False
2026-08-18 09:24:00.565,car_ID_2556,car,Berlin->Potsdam,True
2026-08-18 09:24:12.801,car_ID_2558,car,Potsdam (kein Wechsel),False
2026-08-18 09:24:14.634,car_ID_2557,car,Potsdam->Berlin,True
2026-08-18 09:24:15.566,car_ID_2559,car,Potsdam->Berlin,True
2026-08-18 09:24:25.735,car_ID_2560,car,Berlin->Potsdam,True
2026-08-18 09:24:28.606,person_ID_2757,person,Berlin (kein Wechsel),False
2026-08-18 09:24:33.335,car_ID_2562,car,Berlin (kein Wechsel),False
2026-08-18 09:24:33.567,car_ID_2561,car,Berlin (kein Wechsel),False
2026-08-18 09:24:33.938,bus_ID_250,bus,Potsdam (kein Wechsel),False
2026-08-18 09:24:42.005,person_ID_2758,person,Potsdam (kein Wechsel),False
2026-08-18 09:24:42.603,person_ID_2759,person,Potsdam (kein Wechsel),False
2026-08-18 09:24:44.271,person_ID_2760,person,Potsdam->Berlin,True
2026-08-18 09:24:44.975,bicycle_ID_2216,bicycle,Potsdam->Berlin,True
2026-08-18 09:24:45.971,bicycle_ID_2217,bicycle,Berlin (kein Wechsel),False
2026-08-18 09:24:47.037,person_ID_2761,person,Berlin (kein Wechsel),False
2026-08-18 09:24:55.300,bus_ID_251,bus,Potsdam->Berlin,True
2026-08-18 09:24:58.304,person_ID_2762,person,Potsdam (kein Wechsel),False
2026-08-18 09:25:02.036,person_ID_2763,person,Potsdam->Berlin,True
2026-08-18 09:25:02.069,car_ID_2563,car,Potsdam->Berlin,True
2026-08-18 09:25:04.701,car_ID_2564,car,Potsdam->Berlin,True
2026-08-18 09:25:35.105,bicycle_ID_2219,bicycle,Berlin (kein Wechsel),False
2026-08-18 09:25:35.442,person_ID_2765,person,Berlin->Potsdam,True
2026-08-18 09:25:35.907,bicycle_ID_2218,bicycle,Berlin->Potsdam,True
2026-08-18 09:25:35.970,person_ID_2766,person,Potsdam (kein Wechsel),False
2026-08-18 09:25:38.340,person_ID_2768,person,Potsdam (kein Wechsel),False
2026-08-18 09:25:39.072,person_ID_2769,person,Berlin (kein Wechsel),False
2026-08-18 09:25:39.974,person_ID_2764,person,Potsdam->Berlin,True
2026-08-18 09:25:40.338,bicycle_ID_2220,bicycle,Berlin (kein Wechsel),False
2026-08-18 09:25:41.474,bicycle_ID_2221,bicycle,Berlin (kein Wechsel),False
2026-08-18 09:25:41.676,person_ID_2770,person,Berlin (kein Wechsel),False
2026-08-18 09:25:42.439,person_ID_2767,person,Potsdam->Berlin,True
2026-08-18 09:25:46.771,car_ID_2565,car,Potsdam->Berlin,True
2026-08-18 09:25:47.772,car_ID_2566,car,Berlin (kein Wechsel),False
2026-08-18 09:25:47.971,bus_ID_252,bus,Berlin (kein Wechsel),False
2026-08-18 09:25:48.108,bus_ID_253,bus,Berlin (kein Wechsel),False
2026-08-18 09:25:49.041,car_ID_2567,car,Berlin (kein Wechsel),False
2026-08-18 09:25:50.739,car_ID_2568,car,Berlin->Potsdam,True
2026-08-18 09:25:53.371,car_ID_2569,car,Berlin->Potsdam,True
2026-08-18 09:26:01.640,bicycle_ID_2222,bicycle,Berlin (kein Wechsel),False
2026-08-18 09:26:02.473,bicycle_ID_2223,bicycle,Berlin (kein Wechsel),False
2026-08-18 09:26:03.109,car_ID_2570,car,Potsdam->Berlin,True
2026-08-18 09:26:03.273,bicycle_ID_2224,bicycle,Berlin->Potsdam,True
2026-08-18 09:26:03.775,person_ID_2771,person,Berlin->Potsdam,True
2026-08-18 09:27:03.076,bicycle_ID_2225,bicycle,Berlin (kein Wechsel),False
2026-08-18 09:27:05.044,person_ID_2772,person,Berlin (kein Wechsel),False
2026-08-18 09:27:07.713,bicycle_ID_2226,bicycle,Potsdam (kein Wechsel),False
2026-08-18 09:27:10.476,bicycle_ID_2227,bicycle,Potsdam (kein Wechsel),False
2026-08-18 09:27:15.344,car_ID_2572,car,Potsdam->Berlin,True
2026-08-18 09:27:15.411,car_ID_2571,car,Potsdam->Berlin,True
2026-08-18 09:27:15.679,person_ID_2773,person,Berlin->Potsdam,True
2026-08-18 09:27:15.814,bicycle_ID_2228,bicycle,Berlin->Potsdam,True
2026-08-18 09:27:16.780,bus_ID_254,bus,Berlin (kein Wechsel),False
2026-08-18 09:27:16.845,bus_ID_255,bus,Berlin (kein Wechsel),False
2026-08-18 09:27:23.714,bicycle_ID_2230,bicycle,Berlin (kein Wechsel),False
2026-08-18 09:27:24.780,bicycle_ID_2231,bicycle,Berlin (kein Wechsel),False
2026-08-18 09:27:25.346,bicycle_ID_2229,bicycle,Berlin->Potsdam,True
2026-08-18 09:27:25.345,person_ID_2774,person,Berlin->Potsdam,True
2026-08-18 09:27:35.576,car_ID_2573,car,Potsdam (kein Wechsel),False
2026-08-18 09:27:39.215,car_ID_2574,car,Potsdam->Berlin,True
2026-08-18 09:27:40.147,car_ID_2575,car,Berlin (kein Wechsel),False
2026-08-18 09:28:04.344,person_ID_2775,person,Potsdam (kein Wechsel),False
2026-08-18 09:28:05.115,person_ID_2776,person,Potsdam (kein Wechsel),False
2026-08-18 09:28:06.015,car_ID_2576,car,Potsdam->Berlin,True
2026-08-18 09:28:06.216,person_ID_2777,person,Potsdam->Berlin,True
2026-08-18 09:28:06.256,bicycle_ID_2232,bicycle,Potsdam->Berlin,True
2026-08-18 09:28:07.618,person_ID_2778,person,Berlin (kein Wechsel),False
2026-08-18 09:28:12.148,car_ID_2577,car,Potsdam->Berlin,True
2026-08-18 09:28:21.014,car_ID_2579,car,Berlin (kein Wechsel),False
2026-08-18 09:28:21.685,car_ID_2578,car,Berlin->Potsdam,True
2026-08-18 09:28:26.855,car_ID_2581,car,Potsdam (kein Wechsel),False
2026-08-18 09:28:28.217,car_ID_2580,car,Potsdam->Berlin,True
2026-08-18 09:28:33.384,person_ID_2779,person,Berlin (kein Wechsel),False
2026-08-18 09:28:59.853,car_ID_2582,car,Potsdam->Berlin,True
2026-08-18 09:29:00.418,bicycle_ID_2233,bicycle,Berlin (kein Wechsel),False
2026-08-18 09:29:01.153,bicycle_ID_2234,bicycle,Berlin (kein Wechsel),False
2026-08-18 09:29:02.456,bicycle_ID_2235,bicycle,Berlin->Potsdam,True
2026-08-18 09:29:02.489,person_ID_2781,person,Berlin->Potsdam,True
2026-08-18 09:29:13.186,car_ID_2584,car,Berlin->Potsdam,True
2026-08-18 09:29:13.385,car_ID_2583,car,Potsdam->Berlin,True
2026-08-18 09:29:17.820,car_ID_2585,car,Potsdam->Berlin,True
2026-08-18 09:29:18.952,person_ID_2780,person,Potsdam->Berlin,True
2026-08-18 09:29:21.585,person_ID_2783,person,Potsdam (kein Wechsel),False
2026-08-18 09:29:22.055,person_ID_2784,person,Potsdam (kein Wechsel),False
2026-08-18 09:29:23.825,person_ID_2782,person,Berlin (kein Wechsel),False
2026-08-18 09:29:23.987,car_ID_2586,car,Potsdam->Berlin,True
2026-08-18 09:29:25.985,person_ID_2786,person,Berlin (kein Wechsel),False
2026-08-18 09:29:32.050,person_ID_2785,person,Berlin (kein Wechsel),False
2026-08-18 09:29:37.024,car_ID_2587,car,Berlin->Potsdam,True
2026-08-18 09:29:44.821,person_ID_2787,person,Potsdam (kein Wechsel),False
2026-08-18 09:29:46.254,bicycle_ID_2236,bicycle,Potsdam (kein Wechsel),False
2026-08-18 09:29:50.087,car_ID_2589,car,Berlin (kein Wechsel),False
2026-08-18 09:29:50.427,car_ID_2588,car,Potsdam->Berlin,True
2026-08-18 09:29:50.490,person_ID_2788,person,Potsdam->Berlin,True
2026-08-18 09:29:52.454,car_ID_2590,car,Berlin (kein Wechsel),False
2026-08-18 09:29:53.128,car_ID_2591,car,Berlin (kein Wechsel),False
2026-08-18 09:29:53.489,car_ID_2592,car,Berlin (kein Wechsel),False
2026-08-18 09:29:57.189,car_ID_2593,car,Berlin->Potsdam,True
2026-08-18 09:30:01.488,bicycle_ID_2237,bicycle,Berlin (kein Wechsel),False
2026-08-18 09:30:03.222,person_ID_2789,person,Berlin->Potsdam,True
2026-08-18 09:30:03.756,bicycle_ID_2238,bicycle,Berlin->Potsdam,True
2026-08-18 09:30:08.724,car_ID_2594,car,Berlin->Potsdam,True
2026-08-18 09:30:15.558,bus_ID_256,bus,Berlin (kein Wechsel),False
2026-08-18 09:30:15.688,car_ID_2596,car,Berlin (kein Wechsel),False
2026-08-18 09:30:15.955,car_ID_2595,car,Potsdam->Berlin,True
2026-08-18 09:30:46.391,person_ID_2790,person,Berlin->Potsdam,True
2026-08-18 09:30:46.422,bicycle_ID_2239,bicycle,Berlin->Potsdam,True
2026-08-18 09:31:15.722,person_ID_2791,person,Potsdam (kein Wechsel),False
2026-08-18 09:31:16.893,person_ID_2792,person,Potsdam->Berlin,True
2026-08-18 09:31:16.958,bicycle_ID_2240,bicycle,Potsdam->Berlin,True
2026-08-18 09:31:17.360,person_ID_2793,person,Berlin (kein Wechsel),False
2026-08-18 09:31:18.560,bicycle_ID_2241,bicycle,Berlin (kein Wechsel),False
2026-08-18 09:31:18.922,person_ID_2794,person,Berlin (kein Wechsel),False
2026-08-18 09:31:20.023,person_ID_2795,person,Berlin (kein Wechsel),False
2026-08-18 09:31:33.732,car_ID_2598,car,Potsdam (kein Wechsel),False
2026-08-18 09:31:33.827,car_ID_2597,car,Potsdam->Berlin,True
2026-08-18 09:31:36.696,car_ID_2599,car,Potsdam->Berlin,True
2026-08-18 09:31:37.296,car_ID_2600,car,Berlin (kein Wechsel),False
2026-08-18 09:31:55.730,car_ID_2601,car,Potsdam->Berlin,True
2026-08-18 09:32:01.130,person_ID_2796,person,Potsdam (kein Wechsel),False
2026-08-18 09:32:05.092,bicycle_ID_2242,bicycle,Potsdam->Berlin,True
2026-08-18 09:32:05.729,person_ID_2797,person,Potsdam->Berlin,True
2026-08-18 09:32:17.465,car_ID_2602,car,Berlin->Potsdam,True
2026-08-18 09:32:26.532,car_ID_2603,car,Potsdam->Berlin,True
2026-08-18 09:32:27.364,car_ID_2604,car,Berlin->Potsdam,True
2026-08-18 09:32:32.500,car_ID_2605,car,Potsdam (kein Wechsel),False
2026-08-18 09:32:34.563,car_ID_2606,car,Potsdam (kein Wechsel),False
2026-08-18 09:32:39.902,car_ID_2607,car,Potsdam (kein Wechsel),False
2026-08-18 09:32:40.168,car_ID_2608,car,Potsdam (kein Wechsel),False
2026-08-18 09:32:41.496,bus_ID_258,bus,Berlin (kein Wechsel),False
2026-08-18 09:32:41.598,bus_ID_257,bus,Berlin (kein Wechsel),False
2026-08-18 09:32:41.769,car_ID_2609,car,Berlin (kein Wechsel),False
2026-08-18 09:33:01.795,car_ID_2610,car,Berlin (kein Wechsel),False
2026-08-18 09:33:27.371,car_ID_2611,car,Potsdam->Berlin,True
2026-08-18 09:33:36.764,bicycle_ID_2243,bicycle,Berlin->Potsdam,True
2026-08-18 09:33:36.935,person_ID_2798,person,Berlin->Potsdam,True
2026-08-18 09:33:49.803,car_ID_2612,car,Berlin (kein Wechsel),False
2026-08-18 09:33:51.539,bus_ID_259,bus,Potsdam (kein Wechsel),False
2026-08-18 09:34:00.704,person_ID_2799,person,Potsdam (kein Wechsel),False
2026-08-18 09:34:01.305,person_ID_2800,person,Potsdam (kein Wechsel),False
2026-08-18 09:34:02.338,person_ID_2802,person,Berlin (kein Wechsel),False
2026-08-18 09:34:02.638,person_ID_2801,person,Potsdam->Berlin,True
2026-08-18 09:34:02.971,car_ID_2613,car,Potsdam->Berlin,True
2026-08-18 09:34:03.371,bicycle_ID_2244,bicycle,Potsdam->Berlin,True
2026-08-18 09:34:03.570,person_ID_2803,person,Berlin (kein Wechsel),False
2026-08-18 09:34:10.505,car_ID_2614,car,Potsdam->Berlin,True
2026-08-18 09:34:13.401,car_ID_2615,car,Potsdam->Berlin,True
2026-08-18 09:34:18.437,person_ID_2804,person,Potsdam (kein Wechsel),False
2026-08-18 09:34:22.206,bicycle_ID_2245,bicycle,Berlin (kein Wechsel),False
2026-08-18 09:34:24.205,person_ID_2805,person,Potsdam->Berlin,True
2026-08-18 09:34:33.503,car_ID_2616,car,Berlin->Potsdam,True
2026-08-18 09:34:35.574,car_ID_2617,car,Berlin->Potsdam,True
2026-08-18 09:34:43.938,car_ID_2619,car,Potsdam (kein Wechsel),False
2026-08-18 09:34:46.704,car_ID_2618,car,Potsdam->Berlin,True
2026-08-18 09:34:53.842,car_ID_2620,car,Berlin->Potsdam,True
2026-08-18 09:35:02.075,car_ID_2621,car,Potsdam->Berlin,True
2026-08-18 09:35:02.242,car_ID_2622,car,Berlin (kein Wechsel),False
2026-08-18 09:35:02.673,bus_ID_261,bus,Berlin (kein Wechsel),False
2026-08-18 09:35:02.737,bus_ID_260,bus,Berlin (kein Wechsel),False
2026-08-18 09:35:03.274,bicycle_ID_2247,bicycle,Berlin->Potsdam,True
2026-08-18 09:35:03.273,person_ID_2806,person,Berlin->Potsdam,True
2026-08-18 09:35:03.340,bicycle_ID_2246,bicycle,Berlin (kein Wechsel),False
2026-08-18 09:35:08.208,person_ID_2807,person,Potsdam (kein Wechsel),False
2026-08-18 09:35:10.708,car_ID_2623,car,Berlin->Potsdam,True
2026-08-18 09:35:10.909,person_ID_2808,person,Potsdam->Berlin,True
2026-08-18 09:35:12.173,bicycle_ID_2248,bicycle,Berlin (kein Wechsel),False
2026-08-18 09:35:12.411,person_ID_2809,person,Berlin (kein Wechsel),False
2026-08-18 09:35:18.714,car_ID_2624,car,Potsdam->Berlin,True
2026-08-18 09:35:26.709,person_ID_2810,person,Potsdam->Berlin,True
2026-08-18 09:35:30.112,person_ID_2811,person,Berlin (kein Wechsel),False
2026-08-18 09:35:32.010,person_ID_2812,person,Berlin (kein Wechsel),False
2026-08-18 09:35:42.874,person_ID_2813,person,Potsdam (kein Wechsel),False
2026-08-18 09:35:44.044,person_ID_2815,person,Berlin (kein Wechsel),False
2026-08-18 09:35:44.839,bicycle_ID_2250,bicycle,Berlin (kein Wechsel),False
2026-08-18 09:35:45.311,person_ID_2816,person,Berlin (kein Wechsel),False
2026-08-18 09:35:45.977,bicycle_ID_2249,bicycle,Potsdam->Berlin,True
2026-08-18 09:35:46.080,person_ID_2817,person,Potsdam (kein Wechsel),False
2026-08-18 09:35:46.310,person_ID_2814,person,Potsdam->Berlin,True
2026-08-18 09:35:49.011,person_ID_2819,person,Berlin (kein Wechsel),False
2026-08-18 09:35:57.612,person_ID_2818,person,Potsdam->Berlin,True
2026-08-18 09:35:57.746,person_ID_2820,person,Berlin (kein Wechsel),False
2026-08-18 09:36:02.283,person_ID_2822,person,Berlin (kein Wechsel),False
2026-08-18 09:36:03.244,person_ID_2821,person,Berlin->Potsdam,True
2026-08-18 09:36:07.576,person_ID_2823,person,Berlin (kein Wechsel),False
2026-08-18 09:36:07.879,bicycle_ID_2251,bicycle,Berlin (kein Wechsel),False
2026-08-18 09:36:09.346,person_ID_2824,person,Potsdam->Berlin,True
2026-08-18 09:36:12.878,person_ID_2825,person,Berlin (kein Wechsel),False
2026-08-18 09:36:15.643,person_ID_2826,person,Berlin (kein Wechsel),False
2026-08-18 09:36:26.812,bicycle_ID_2252,bicycle,Berlin (kein Wechsel),False
2026-08-18 09:36:28.781,bicycle_ID_2253,bicycle,Berlin->Potsdam,True
2026-08-18 09:36:29.479,person_ID_2827,person,Berlin->Potsdam,True
2026-08-18 09:36:39.983,car_ID_2625,car,Berlin->Potsdam,True
2026-08-18 09:36:48.880,person_ID_2828,person,Potsdam->Berlin,True
2026-08-18 09:36:49.653,person_ID_2829,person,Berlin (kein Wechsel),False
2026-08-18 09:36:50.680,person_ID_2831,person,Berlin (kein Wechsel),False
2026-08-18 09:36:51.515,person_ID_2832,person,Berlin (kein Wechsel),False
2026-08-18 09:36:51.879,person_ID_2830,person,Berlin (kein Wechsel),False
2026-08-18 09:36:52.017,person_ID_2833,person,Berlin (kein Wechsel),False
2026-08-18 09:37:05.412,car_ID_2626,car,Berlin (kein Wechsel),False
2026-08-18 09:37:06.148,person_ID_2834,person,Berlin (kein Wechsel),False
2026-08-18 09:37:07.711,person_ID_2835,person,Berlin->Potsdam,True
2026-08-18 09:37:27.382,car_ID_2627,car,Berlin->Potsdam,True
2026-08-18 09:37:51.718,car_ID_2628,car,Berlin (kein Wechsel),False
2026-08-18 09:37:52.419,car_ID_2629,car,Berlin->Potsdam,True
2026-08-18 09:38:04.251,car_ID_2630,car,Berlin->Potsdam,True
2026-08-18 09:38:19.317,person_ID_2836,person,Potsdam (kein Wechsel),False
2026-08-18 09:38:19.953,person_ID_2837,person,Potsdam (kein Wechsel),False
2026-08-18 09:38:20.284,bicycle_ID_2254,bicycle,Potsdam (kein Wechsel),False
2026-08-18 09:38:20.718,bicycle_ID_2255,bicycle,Berlin (kein Wechsel),False
2026-08-18 09:38:21.014,person_ID_2838,person,Potsdam->Berlin,True
2026-08-18 09:38:22.051,car_ID_2631,car,Berlin->Potsdam,True
2026-08-18 09:38:22.450,bicycle_ID_2256,bicycle,Berlin (kein Wechsel),False
2026-08-18 09:38:22.650,person_ID_2839,person,Berlin (kein Wechsel),False
2026-08-18 09:38:23.519,bicycle_ID_2257,bicycle,Berlin (kein Wechsel),False
2026-08-18 09:38:24.353,person_ID_2840,person,Potsdam->Berlin,True
2026-08-18 09:38:24.587,person_ID_2841,person,Berlin (kein Wechsel),False
2026-08-18 09:38:25.054,person_ID_2842,person,Berlin (kein Wechsel),False
2026-08-18 09:38:25.655,person_ID_2843,person,Berlin (kein Wechsel),False
2026-08-18 09:38:26.292,car_ID_2632,car,Berlin (kein Wechsel),False
2026-08-18 09:38:42.158,person_ID_2844,person,Berlin (kein Wechsel),False
2026-08-18 09:38:42.223,bicycle_ID_2258,bicycle,Berlin->Potsdam,True
2026-08-18 09:38:44.452,bicycle_ID_2259,bicycle,Berlin (kein Wechsel),False
2026-08-18 09:38:45.954,bicycle_ID_2261,bicycle,Berlin (kein Wechsel),False
2026-08-18 09:38:46.755,bicycle_ID_2260,bicycle,Berlin->Potsdam,True
2026-08-18 09:38:46.822,person_ID_2845,person,Berlin->Potsdam,True
2026-08-18 09:38:50.190,bicycle_ID_2262,bicycle,Berlin (kein Wechsel),False
2026-08-18 09:38:52.020,bicycle_ID_2263,bicycle,Berlin->Potsdam,True
2026-08-18 09:38:52.453,person_ID_2846,person,Berlin->Potsdam,True
2026-08-18 09:39:22.992,person_ID_2848,person,Potsdam (kein Wechsel),False
2026-08-18 09:39:23.690,bicycle_ID_2264,bicycle,Berlin (kein Wechsel),False
2026-08-18 09:39:23.955,person_ID_2849,person,Potsdam (kein Wechsel),False
2026-08-18 09:39:24.123,person_ID_2847,person,Berlin->Potsdam,True
2026-08-18 09:39:24.827,person_ID_2850,person,Potsdam (kein Wechsel),False
2026-08-18 09:39:25.293,bicycle_ID_2265,bicycle,Potsdam (kein Wechsel),False
2026-08-18 09:39:27.291,bicycle_ID_2266,bicycle,Berlin (kein Wechsel),False
2026-08-18 09:39:27.421,bicycle_ID_2267,bicycle,Berlin (kein Wechsel),False
2026-08-18 09:39:29.323,person_ID_2851,person,Potsdam->Berlin,True
2026-08-18 09:39:50.791,person_ID_2852,person,Potsdam (kein Wechsel),False
2026-08-18 09:39:52.360,bicycle_ID_2268,bicycle,Potsdam->Berlin,True
2026-08-18 09:39:52.892,person_ID_2853,person,Berlin (kein Wechsel),False
2026-08-18 09:39:53.396,bicycle_ID_2269,bicycle,Berlin (kein Wechsel),False
2026-08-18 09:39:53.657,person_ID_2854,person,Berlin (kein Wechsel),False
2026-08-18 09:40:32.295,bicycle_ID_2270,bicycle,Berlin->Potsdam,True
2026-08-18 09:40:32.758,person_ID_2855,person,Berlin->Potsdam,True
2026-08-18 09:40:36.834,car_ID_2633,car,Berlin (kein Wechsel),False
2026-08-18 09:40:38.792,bus_ID_262,bus,Berlin->Potsdam,True
2026-08-18 09:40:39.829,bus_ID_263,bus,Potsdam (kein Wechsel),False
2026-08-18 09:40:41.731,car_ID_2634,car,Potsdam (kein Wechsel),False
2026-08-18 09:41:06.697,bicycle_ID_2271,bicycle,Berlin->Potsdam,True
2026-08-18 09:41:06.697,person_ID_2856,person,Berlin->Potsdam,True
2026-08-18 09:41:14.296,car_ID_2635,car,Potsdam->Berlin,True
2026-08-18 09:41:19.262,car_ID_2636,car,Berlin->Potsdam,True
2026-08-18 09:41:21.657,car_ID_2637,car,Berlin->Potsdam,True
2026-08-18 09:41:24.229,car_ID_2638,car,Berlin (kein Wechsel),False
2026-08-18 09:41:37.531,bicycle_ID_2272,bicycle,Berlin->Potsdam,True
2026-08-18 09:41:37.564,bicycle_ID_2273,bicycle,Berlin (kein Wechsel),False
2026-08-18 09:41:37.563,person_ID_2857,person,Berlin (kein Wechsel),False
2026-08-18 09:41:44.363,car_ID_2641,car,Potsdam (kein Wechsel),False
2026-08-18 09:41:45.463,car_ID_2640,car,Berlin->Potsdam,True
2026-08-18 09:41:46.261,car_ID_2639,car,Potsdam->Berlin,True
2026-08-18 09:41:46.760,bus_ID_264,bus,Berlin (kein Wechsel),False
2026-08-18 09:41:47.429,car_ID_2642,car,Berlin (kein Wechsel),False
2026-08-18 09:41:49.503,car_ID_2643,car,Berlin->Potsdam,True
2026-08-18 09:42:07.002,car_ID_2644,car,Berlin (kein Wechsel),False
2026-08-18 09:42:22.966,car_ID_2645,car,Potsdam (kein Wechsel),False
2026-08-18 09:42:25.596,car_ID_2646,car,Potsdam->Berlin,True
2026-08-18 09:42:31.370,car_ID_2648,car,Potsdam (kein Wechsel),False
2026-08-18 09:42:32.467,car_ID_2647,car,Potsdam->Berlin,True
2026-08-18 09:42:33.671,bus_ID_265,bus,Berlin (kein Wechsel),False
2026-08-18 09:42:33.867,car_ID_2649,car,Berlin (kein Wechsel),False
2026-08-18 09:42:48.501,car_ID_2650,car,Berlin->Potsdam,True
2026-08-18 09:42:54.702,bicycle_ID_2274,bicycle,Berlin (kein Wechsel),False
2026-08-18 09:42:54.899,bicycle_ID_2276,bicycle,Berlin (kein Wechsel),False
2026-08-18 09:42:55.031,person_ID_2858,person,Berlin->Potsdam,True
2026-08-18 09:42:55.102,bicycle_ID_2275,bicycle,Berlin->Potsdam,True
2026-08-18 09:43:15.471,car_ID_2651,car,Berlin->Potsdam,True
2026-08-18 09:43:28.233,car_ID_2652,car,Berlin->Potsdam,True
2026-08-18 09:43:36.770,car_ID_2653,car,Berlin->Potsdam,True
2026-08-18 09:43:43.904,car_ID_2654,car,Berlin->Potsdam,True
2026-08-18 09:44:20.209,car_ID_2655,car,Berlin->Potsdam,True
2026-08-18 09:44:34.302,car_ID_2656,car,Potsdam->Berlin,True
2026-08-18 09:44:39.975,car_ID_2657,car,Berlin->Potsdam,True
2026-08-18 09:45:18.074,car_ID_2658,car,Berlin->Potsdam,True
2026-08-18 09:45:20.210,bus_ID_266,bus,Potsdam (kein Wechsel),False
2026-08-18 09:45:22.014,bus_ID_267,bus,Potsdam->Berlin,True
2026-08-18 09:45:24.878,bus_ID_268,bus,Potsdam->Berlin,True
2026-08-18 09:45:34.211,bicycle_ID_2277,bicycle,Berlin (kein Wechsel),False
2026-08-18 09:45:36.345,car_ID_2659,car,Berlin->Potsdam,True
2026-08-18 09:45:44.212,bicycle_ID_2278,bicycle,Potsdam (kein Wechsel),False
2026-08-18 09:45:44.213,bicycle_ID_2279,bicycle,Potsdam (kein Wechsel),False
2026-08-18 09:45:45.511,person_ID_2859,person,Potsdam (kein Wechsel),False
2026-08-18 09:45:49.213,bicycle_ID_2280,bicycle,Berlin (kein Wechsel),False
2026-08-18 09:45:49.676,person_ID_2860,person,Potsdam->Berlin,True
2026-08-18 09:45:50.212,car_ID_2660,car,Berlin (kein Wechsel),False
2026-08-18 09:45:53.080,bicycle_ID_2281,bicycle,Potsdam (kein Wechsel),False
2026-08-18 09:45:53.713,person_ID_2861,person,Potsdam (kein Wechsel),False
2026-08-18 09:45:55.384,bicycle_ID_2282,bicycle,Potsdam (kein Wechsel),False
2026-08-18 09:45:55.678,bicycle_ID_2283,bicycle,Potsdam (kein Wechsel),False
2026-08-18 09:45:59.546,person_ID_2862,person,Potsdam->Berlin,True
2026-08-18 09:46:00.180,person_ID_2863,person,Berlin (kein Wechsel),False
2026-08-18 09:46:00.513,bicycle_ID_2284,bicycle,Potsdam->Berlin,True
2026-08-18 09:46:00.680,bicycle_ID_2285,bicycle,Berlin (kein Wechsel),False
2026-08-18 09:46:21.351,person_ID_2864,person,Potsdam (kein Wechsel),False
2026-08-18 09:46:21.452,car_ID_2661,car,Berlin->Potsdam,True
2026-08-18 09:46:22.078,bicycle_ID_2286,bicycle,Potsdam (kein Wechsel),False
2026-08-18 09:46:22.577,person_ID_2865,person,Potsdam (kein Wechsel),False
2026-08-18 09:46:23.583,person_ID_2866,person,Potsdam->Berlin,True
2026-08-18 09:46:24.048,car_ID_2662,car,Berlin->Potsdam,True
2026-08-18 09:46:24.546,bicycle_ID_2287,bicycle,Berlin (kein Wechsel),False
2026-08-18 09:46:26.176,person_ID_2867,person,Berlin (kein Wechsel),False
2026-08-18 09:46:26.512,person_ID_2868,person,Berlin (kein Wechsel),False
2026-08-18 09:46:28.056,bicycle_ID_2288,bicycle,Berlin->Potsdam,True
2026-08-18 09:46:28.121,person_ID_2869,person,Berlin->Potsdam,True
2026-08-18 09:46:29.917,car_ID_2663,car,Berlin->Potsdam,True
2026-08-18 09:46:33.118,bicycle_ID_2289,bicycle,Potsdam (kein Wechsel),False
2026-08-18 09:46:33.184,person_ID_2870,person,Potsdam (kein Wechsel),False
2026-08-18 09:46:34.117,person_ID_2871,person,Potsdam (kein Wechsel),False
2026-08-18 09:46:34.547,bicycle_ID_2291,bicycle,Berlin (kein Wechsel),False
2026-08-18 09:46:34.746,person_ID_2872,person,Berlin (kein Wechsel),False
2026-08-18 09:46:35.977,person_ID_2873,person,Berlin (kein Wechsel),False
2026-08-18 09:46:36.146,bicycle_ID_2292,bicycle,Berlin (kein Wechsel),False
2026-08-18 09:46:36.581,bicycle_ID_2290,bicycle,Potsdam->Berlin,True
2026-08-18 09:46:51.384,person_ID_2874,person,Potsdam (kein Wechsel),False
2026-08-18 09:46:53.383,bicycle_ID_2293,bicycle,Berlin (kein Wechsel),False
2026-08-18 09:46:55.083,person_ID_2875,person,Potsdam->Berlin,True
2026-08-18 09:47:15.854,car_ID_2664,car,Berlin->Potsdam,True
2026-08-18 09:47:27.487,car_ID_2665,car,Berlin->Potsdam,True
2026-08-18 09:47:53.855,car_ID_2666,car,Potsdam->Berlin,True
2026-08-18 09:48:04.552,car_ID_2667,car,Berlin->Potsdam,True
2026-08-18 09:48:08.719,car_ID_2668,car,Berlin->Potsdam,True
2026-08-18 09:48:13.218,car_ID_2669,car,Potsdam->Berlin,True
2026-08-18 09:48:36.189,car_ID_2670,car,Berlin->Potsdam,True
2026-08-18 09:48:59.888,car_ID_2671,car,Potsdam->Berlin,True
2026-08-18 09:49:26.823,car_ID_2672,car,Potsdam->Berlin,True
2026-08-18 09:49:38.260,car_ID_2673,car,Potsdam->Berlin,True
2026-08-18 09:49:44.024,bicycle_ID_2295,bicycle,Berlin (kein Wechsel),False
2026-08-18 09:49:44.963,bicycle_ID_2296,bicycle,Berlin (kein Wechsel),False
2026-08-18 09:49:45.292,bicycle_ID_2294,bicycle,Berlin->Potsdam,True
2026-08-18 09:49:45.461,car_ID_2674,car,Berlin->Potsdam,True
2026-08-18 09:49:45.693,person_ID_2876,person,Berlin->Potsdam,True
2026-08-18 09:49:46.658,car_ID_2675,car,Potsdam (kein Wechsel),False
2026-08-18 09:49:54.792,car_ID_2677,car,Potsdam (kein Wechsel),False
2026-08-18 09:49:56.429,car_ID_2678,car,Berlin (kein Wechsel),False
2026-08-18 09:49:57.125,car_ID_2676,car,Potsdam->Berlin,True
2026-08-18 09:50:20.230,car_ID_2679,car,Potsdam->Berlin,True
2026-08-18 09:50:23.859,car_ID_2680,car,Potsdam->Berlin,True
2026-08-18 09:50:45.199,car_ID_2681,car,Potsdam->Berlin,True
2026-08-18 09:50:46.894,car_ID_2682,car,Berlin->Potsdam,True
2026-08-18 09:51:30.496,bicycle_ID_2298,bicycle,Berlin (kein Wechsel),False
2026-08-18 09:51:31.532,person_ID_2877,person,Berlin->Potsdam,True
2026-08-18 09:51:31.834,bicycle_ID_2299,bicycle,Berlin (kein Wechsel),False
2026-08-18 09:51:32.037,bicycle_ID_2297,bicycle,Berlin->Potsdam,True
2026-08-18 09:51:34.104,bicycle_ID_2300,bicycle,Berlin->Potsdam,True
2026-08-18 09:51:34.599,person_ID_2878,person,Berlin->Potsdam,True
2026-08-18 09:51:35.435,car_ID_2683,car,Berlin->Potsdam,True
2026-08-18 09:51:46.535,car_ID_2684,car,Berlin->Potsdam,True
2026-08-18 09:52:03.501,person_ID_2879,person,Potsdam (kein Wechsel),False
2026-08-18 09:52:03.838,person_ID_2880,person,Potsdam (kein Wechsel),False
2026-08-18 09:52:05.301,person_ID_2881,person,Potsdam->Berlin,True
2026-08-18 09:52:41.970,bicycle_ID_2301,bicycle,Berlin->Potsdam,True
2026-08-18 09:52:42.471,person_ID_2882,person,Berlin->Potsdam,True
2026-08-18 09:53:03.305,car_ID_2685,car,Potsdam->Berlin,True
2026-08-18 09:53:19.006,car_ID_2687,car,Berlin (kein Wechsel),False
2026-08-18 09:53:21.539,car_ID_2686,car,Potsdam->Berlin,True
2026-08-18 09:53:28.543,car_ID_2688,car,Berlin->Potsdam,True
2026-08-18 09:53:54.641,car_ID_2690,car,Berlin (kein Wechsel),False
2026-08-18 09:53:55.911,car_ID_2689,car,Berlin->Potsdam,True
2026-08-18 09:54:01.510,bicycle_ID_2302,bicycle,Potsdam (kein Wechsel),False
2026-08-18 09:54:01.873,person_ID_2883,person,Potsdam (kein Wechsel),False
2026-08-18 09:54:03.541,bicycle_ID_2304,bicycle,Berlin (kein Wechsel),False
2026-08-18 09:54:04.808,bicycle_ID_2303,bicycle,Potsdam->Berlin,True
2026-08-18 09:54:05.178,person_ID_2884,person,Potsdam->Berlin,True
2026-08-18 09:54:05.211,bicycle_ID_2305,bicycle,Berlin (kein Wechsel),False
2026-08-18 09:54:05.478,person_ID_2885,person,Berlin (kein Wechsel),False
2026-08-18 09:54:14.410,bicycle_ID_2307,bicycle,Potsdam (kein Wechsel),False
2026-08-18 09:54:14.609,bicycle_ID_2306,bicycle,Potsdam (kein Wechsel),False
2026-08-18 09:54:15.412,person_ID_2886,person,Potsdam (kein Wechsel),False
2026-08-18 09:54:17.609,person_ID_2887,person,Potsdam (kein Wechsel),False
2026-08-18 09:54:17.741,bicycle_ID_2309,bicycle,Potsdam (kein Wechsel),False
2026-08-18 09:54:18.276,bicycle_ID_2308,bicycle,Potsdam->Berlin,True
2026-08-18 09:54:19.577,bicycle_ID_2310,bicycle,Berlin (kein Wechsel),False
2026-08-18 09:54:21.911,bicycle_ID_2311,bicycle,Berlin (kein Wechsel),False
2026-08-18 09:54:22.209,person_ID_2888,person,Berlin (kein Wechsel),False
2026-08-18 09:54:42.545,car_ID_2691,car,Potsdam (kein Wechsel),False
2026-08-18 09:54:44.546,person_ID_2889,person,Berlin (kein Wechsel),False
2026-08-18 09:54:45.446,car_ID_2692,car,Berlin (kein Wechsel),False
2026-08-18 09:54:53.547,person_ID_2890,person,Berlin->Potsdam,True
2026-08-18 09:54:54.313,car_ID_2693,car,Berlin->Potsdam,True
2026-08-18 09:54:54.846,car_ID_2694,car,Potsdam (kein Wechsel),False
2026-08-18 09:55:25.247,person_ID_2891,person,Berlin->Potsdam,True
2026-08-18 09:55:34.782,car_ID_2695,car,Berlin (kein Wechsel),False
2026-08-18 09:55:35.715,person_ID_2892,person,Berlin (kein Wechsel),False
2026-08-18 09:55:45.550,bicycle_ID_2312,bicycle,Potsdam (kein Wechsel),False
2026-08-18 09:55:45.718,bicycle_ID_2313,bicycle,Potsdam (kein Wechsel),False
2026-08-18 09:55:45.911,person_ID_2893,person,Potsdam (kein Wechsel),False
2026-08-18 09:55:47.381,bicycle_ID_2314,bicycle,Potsdam (kein Wechsel),False
2026-08-18 09:55:47.411,car_ID_2696,car,Berlin->Potsdam,True
2026-08-18 09:55:49.049,bicycle_ID_2315,bicycle,Berlin (kein Wechsel),False
2026-08-18 09:55:50.447,bicycle_ID_2316,bicycle,Berlin (kein Wechsel),False
2026-08-18 09:55:51.415,person_ID_2894,person,Potsdam->Berlin,True
2026-08-18 09:56:09.017,car_ID_2697,car,Potsdam->Berlin,True
2026-08-18 09:56:10.151,bicycle_ID_2317,bicycle,Potsdam (kein Wechsel),False
2026-08-18 09:56:11.017,person_ID_2895,person,Potsdam (kein Wechsel),False
2026-08-18 09:56:13.954,bicycle_ID_2318,bicycle,Potsdam->Berlin,True
2026-08-18 09:56:13.954,person_ID_2896,person,Potsdam->Berlin,True
2026-08-18 09:56:23.352,bicycle_ID_2319,bicycle,Berlin (kein Wechsel),False
2026-08-18 09:56:24.289,person_ID_2897,person,Berlin (kein Wechsel),False
2026-08-18 09:56:24.986,bicycle_ID_2320,bicycle,Berlin (kein Wechsel),False
2026-08-18 09:56:25.286,bicycle_ID_2321,bicycle,Berlin->Potsdam,True
2026-08-18 09:56:25.784,person_ID_2898,person,Berlin->Potsdam,True
2026-08-18 09:57:00.855,bicycle_ID_2323,bicycle,Berlin (kein Wechsel),False
2026-08-18 09:57:01.689,bicycle_ID_2322,bicycle,Berlin->Potsdam,True
2026-08-18 09:57:01.789,bicycle_ID_2324,bicycle,Berlin->Potsdam,True
2026-08-18 09:57:01.789,person_ID_2899,person,Berlin->Potsdam,True
2026-08-18 09:57:19.426,car_ID_2698,car,Berlin (kein Wechsel),False
2026-08-18 09:57:21.887,person_ID_2900,person,Potsdam (kein Wechsel),False
2026-08-18 09:57:32.285,car_ID_2699,car,Berlin->Potsdam,True
2026-08-18 09:58:06.456,car_ID_2700,car,Berlin->Potsdam,True
2026-08-18 09:58:34.419,car_ID_2701,car,Berlin (kein Wechsel),False
2026-08-18 09:58:48.387,car_ID_2702,car,Potsdam->Berlin,True
2026-08-18 09:59:28.028,car_ID_2704,car,Berlin (kein Wechsel),False
2026-08-18 09:59:28.262,car_ID_2703,car,Potsdam->Berlin,True
2026-08-18 09:59:28.764,person_ID_2901,person,Potsdam (kein Wechsel),False
2026-08-18 09:59:53.863,car_ID_2705,car,Potsdam->Berlin,True
2026-08-18 09:59:56.530,car_ID_2706,car,Berlin->Potsdam,True
2026-08-18 09:59:59.363,car_ID_2707,car,Berlin->Potsdam,True
2026-08-18 10:00:00.130,car_ID_2708,car,Potsdam (kein Wechsel),False
2026-08-18 10:00:12.697,car_ID_2709,car,Berlin->Potsdam,True
2026-08-18 10:00:16.299,person_ID_2903,person,Potsdam (kein Wechsel),False
2026-08-18 10:00:16.562,person_ID_2902,person,Potsdam (kein Wechsel),False
2026-08-18 10:00:17.096,person_ID_2904,person,Potsdam (kein Wechsel),False
2026-08-18 10:00:17.497,bicycle_ID_2325,bicycle,Potsdam (kein Wechsel),False
2026-08-18 10:00:18.031,person_ID_2905,person,Berlin (kein Wechsel),False
2026-08-18 10:00:19.130,bicycle_ID_2326,bicycle,Potsdam->Berlin,True
2026-08-18 10:00:19.197,person_ID_2906,person,Berlin (kein Wechsel),False
2026-08-18 10:00:20.230,bicycle_ID_2327,bicycle,Berlin (kein Wechsel),False
2026-08-18 10:01:26.302,car_ID_2710,car,Berlin (kein Wechsel),False
2026-08-18 10:01:27.341,bus_ID_269,bus,Berlin (kein Wechsel),False
2026-08-18 10:01:28.537,bus_ID_270,bus,Berlin->Potsdam,True
2026-08-18 10:01:29.035,bus_ID_271,bus,Potsdam (kein Wechsel),False
2026-08-18 10:01:57.069,car_ID_2711,car,Berlin (kein Wechsel),False
2026-08-18 10:03:04.078,bicycle_ID_2329,bicycle,Berlin (kein Wechsel),False
2026-08-18 10:03:04.308,car_ID_2712,car,Berlin (kein Wechsel),False
2026-08-18 10:03:05.073,bicycle_ID_2328,bicycle,Potsdam->Berlin,True
2026-08-18 10:03:06.042,bicycle_ID_2330,bicycle,Berlin->Potsdam,True
2026-08-18 10:03:06.042,person_ID_2907,person,Potsdam->Berlin,True
2026-08-18 10:03:06.042,person_ID_2908,person,Berlin->Potsdam,True
2026-08-18 10:03:11.876,bicycle_ID_2332,bicycle,Berlin (kein Wechsel),False
2026-08-18 10:03:13.011,bicycle_ID_2331,bicycle,Berlin->Potsdam,True
2026-08-18 10:03:13.043,person_ID_2909,person,Berlin->Potsdam,True
2026-08-18 10:03:42.580,person_ID_2910,person,Potsdam (kein Wechsel),False
2026-08-18 10:03:43.678,person_ID_2911,person,Berlin (kein Wechsel),False
2026-08-18 10:03:43.810,person_ID_2912,person,Berlin (kein Wechsel),False
2026-08-18 10:03:44.910,bicycle_ID_2333,bicycle,Berlin (kein Wechsel),False
2026-08-18 10:03:45.881,bicycle_ID_2335,bicycle,Berlin (kein Wechsel),False
2026-08-18 10:03:45.951,bicycle_ID_2336,bicycle,Berlin (kein Wechsel),False
2026-08-18 10:03:46.313,person_ID_2913,person,Berlin (kein Wechsel),False
2026-08-18 10:03:46.443,person_ID_2915,person,Berlin (kein Wechsel),False
2026-08-18 10:03:46.611,bicycle_ID_2334,bicycle,Berlin->Potsdam,True
2026-08-18 10:03:46.643,person_ID_2914,person,Berlin->Potsdam,True
2026-08-18 10:03:59.113,bicycle_ID_2337,bicycle,Potsdam (kein Wechsel),False
2026-08-18 10:03:59.145,person_ID_2918,person,Potsdam (kein Wechsel),False
2026-08-18 10:03:59.513,car_ID_2713,car,Berlin (kein Wechsel),False
2026-08-18 10:03:59.678,person_ID_2919,person,Potsdam (kein Wechsel),False
2026-08-18 10:03:59.945,car_ID_2714,car,Berlin->Potsdam,True
2026-08-18 10:03:59.977,person_ID_2917,person,Potsdam (kein Wechsel),False
2026-08-18 10:04:00.745,person_ID_2916,person,Potsdam (kein Wechsel),False
2026-08-18 10:04:00.814,bicycle_ID_2338,bicycle,Potsdam (kein Wechsel),False
2026-08-18 10:04:01.812,person_ID_2921,person,Potsdam (kein Wechsel),False
2026-08-18 10:04:03.515,person_ID_2920,person,Potsdam->Berlin,True
2026-08-18 10:04:06.913,person_ID_2923,person,Potsdam (kein Wechsel),False
2026-08-18 10:04:08.945,person_ID_2924,person,Potsdam (kein Wechsel),False
2026-08-18 10:04:12.887,person_ID_2926,person,Potsdam (kein Wechsel),False
2026-08-18 10:04:14.377,person_ID_2922,person,Potsdam->Berlin,True
2026-08-18 10:04:14.516,person_ID_2925,person,Berlin (kein Wechsel),False
2026-08-18 10:04:16.078,person_ID_2927,person,Berlin (kein Wechsel),False
2026-08-18 10:04:18.216,person_ID_2929,person,Berlin (kein Wechsel),False
2026-08-18 10:04:18.614,car_ID_2715,car,Potsdam->Berlin,True
2026-08-18 10:04:27.677,person_ID_2928,person,Berlin (kein Wechsel),False
2026-08-18 10:04:28.048,person_ID_2930,person,Berlin (kein Wechsel),False
2026-08-18 10:04:28.744,car_ID_2717,car,Berlin (kein Wechsel),False
2026-08-18 10:04:29.347,car_ID_2716,car,Potsdam->Berlin,True
2026-08-18 10:04:58.715,car_ID_2718,car,Potsdam->Berlin,True
2026-08-18 10:05:17.650,bus_ID_272,bus,Potsdam->Berlin,True
2026-08-18 10:05:19.350,car_ID_2719,car,Berlin->Potsdam,True
2026-08-18 10:05:20.017,bus_ID_273,bus,Potsdam->Berlin,True
2026-08-18 10:05:32.681,car_ID_2720,car,Berlin->Potsdam,True
2026-08-18 10:05:36.021,car_ID_2722,car,Berlin (kein Wechsel),False
2026-08-18 10:05:36.552,car_ID_2721,car,Berlin->Potsdam,True
2026-08-18 10:05:45.220,car_ID_2723,car,Potsdam->Berlin,True
2026-08-18 10:05:53.652,car_ID_2725,car,Potsdam (kein Wechsel),False
2026-08-18 10:05:54.055,car_ID_2724,car,Potsdam (kein Wechsel),False
2026-08-18 10:05:54.988,bus_ID_274,bus,Potsdam (kein Wechsel),False
2026-08-18 10:05:55.122,bus_ID_275,bus,Potsdam (kein Wechsel),False
2026-08-18 10:05:56.854,bus_ID_277,bus,Berlin (kein Wechsel),False
2026-08-18 10:05:57.288,bus_ID_276,bus,Berlin (kein Wechsel),False
2026-08-18 10:06:09.054,person_ID_2931,person,Berlin->Potsdam,True
2026-08-18 10:06:28.593,person_ID_2932,person,Potsdam (kein Wechsel),False
2026-08-18 10:06:29.054,person_ID_2933,person,Potsdam (kein Wechsel),False
2026-08-18 10:06:29.255,person_ID_2934,person,Potsdam (kein Wechsel),False
2026-08-18 10:06:30.620,person_ID_2936,person,Potsdam (kein Wechsel),False
2026-08-18 10:06:32.625,bicycle_ID_2339,bicycle,Potsdam (kein Wechsel),False
2026-08-18 10:06:34.394,person_ID_2935,person,Potsdam->Berlin,True
2026-08-18 10:06:34.822,person_ID_2937,person,Potsdam (kein Wechsel),False
2026-08-18 10:06:39.795,person_ID_2938,person,Potsdam (kein Wechsel),False
2026-08-18 10:06:41.991,person_ID_2939,person,Berlin (kein Wechsel),False
2026-08-18 10:06:45.823,person_ID_2940,person,Berlin (kein Wechsel),False
2026-08-18 10:06:47.852,person_ID_2941,person,Berlin (kein Wechsel),False
2026-08-18 10:06:52.927,person_ID_2942,person,Berlin (kein Wechsel),False
2026-08-18 10:06:59.357,car_ID_2726,car,Potsdam->Berlin,True
2026-08-18 10:06:59.423,person_ID_2943,person,Berlin (kein Wechsel),False
2026-08-18 10:08:18.062,car_ID_2727,car,Berlin->Potsdam,True
2026-08-18 10:08:23.629,car_ID_2728,car,Berlin->Potsdam,True
2026-08-18 10:08:50.628,car_ID_2729,car,Potsdam->Berlin,True
2026-08-18 10:08:51.663,car_ID_2730,car,Berlin->Potsdam,True
2026-08-18 10:09:09.766,bus_ID_278,bus,Potsdam (kein Wechsel),False
2026-08-18 10:09:09.828,car_ID_2731,car,Potsdam (kein Wechsel),False
2026-08-18 10:09:10.200,car_ID_2733,car,Potsdam->Berlin,True
2026-08-18 10:09:10.267,car_ID_2734,car,Potsdam (kein Wechsel),False
2026-08-18 10:09:10.399,car_ID_2732,car,Berlin->Potsdam,True
2026-08-18 10:09:11.397,car_ID_2735,car,Berlin (kein Wechsel),False
2026-08-18 10:09:12.501,car_ID_2736,car,Berlin (kein Wechsel),False
2026-08-18 10:09:19.832,car_ID_2737,car,Berlin->Potsdam,True
2026-08-18 10:09:25.635,car_ID_2738,car,Berlin->Potsdam,True
2026-08-18 10:09:27.871,car_ID_2740,car,Potsdam (kein Wechsel),False
2026-08-18 10:09:28.370,car_ID_2739,car,Berlin->Potsdam,True
2026-08-18 10:10:01.739,bicycle_ID_2340,bicycle,Potsdam (kein Wechsel),False
2026-08-18 10:10:02.238,bicycle_ID_2341,bicycle,Potsdam->Berlin,True
2026-08-18 10:10:02.434,person_ID_2946,person,Potsdam (kein Wechsel),False
2026-08-18 10:10:02.637,person_ID_2945,person,Potsdam (kein Wechsel),False
2026-08-18 10:10:02.806,bicycle_ID_2342,bicycle,Potsdam (kein Wechsel),False
2026-08-18 10:10:03.269,person_ID_2947,person,Potsdam (kein Wechsel),False
2026-08-18 10:10:03.470,bicycle_ID_2345,bicycle,Berlin (kein Wechsel),False
2026-08-18 10:10:04.134,bicycle_ID_2344,bicycle,Potsdam (kein Wechsel),False
2026-08-18 10:10:04.770,bicycle_ID_2343,bicycle,Berlin (kein Wechsel),False
2026-08-18 10:10:04.940,bicycle_ID_2346,bicycle,Berlin (kein Wechsel),False
2026-08-18 10:10:05.069,person_ID_2944,person,Potsdam->Berlin,True
2026-08-18 10:10:05.539,bicycle_ID_2347,bicycle,Berlin (kein Wechsel),False
2026-08-18 10:10:06.306,bicycle_ID_2348,bicycle,Berlin (kein Wechsel),False
2026-08-18 10:10:06.768,person_ID_2948,person,Potsdam->Berlin,True
2026-08-18 10:10:33.999,car_ID_2742,car,Potsdam->Berlin,True
2026-08-18 10:10:34.107,bus_ID_279,bus,Berlin (kein Wechsel),False
2026-08-18 10:10:34.403,bus_ID_280,bus,Berlin (kein Wechsel),False
2026-08-18 10:10:35.140,car_ID_2741,car,Potsdam->Berlin,True
2026-08-18 10:10:43.974,car_ID_2743,car,Potsdam->Berlin,True
2026-08-18 10:10:48.672,car_ID_2744,car,Potsdam->Berlin,True
2026-08-18 10:11:01.505,person_ID_2949,person,Berlin (kein Wechsel),False
2026-08-18 10:11:02.873,person_ID_2950,person,Berlin (kein Wechsel),False
2026-08-18 10:11:07.841,person_ID_2951,person,Berlin->Potsdam,True
2026-08-18 10:11:09.279,person_ID_2952,person,Potsdam (kein Wechsel),False
2026-08-18 10:11:11.643,person_ID_2953,person,Potsdam (kein Wechsel),False
2026-08-18 10:11:14.242,person_ID_2954,person,Potsdam (kein Wechsel),False
2026-08-18 10:11:17.109,person_ID_2956,person,Potsdam (kein Wechsel),False
2026-08-18 10:11:19.307,person_ID_2955,person,Potsdam (kein Wechsel),False
2026-08-18 10:11:33.510,car_ID_2745,car,Potsdam->Berlin,True
2026-08-18 10:12:21.079,car_ID_2746,car,Berlin->Potsdam,True
2026-08-18 10:12:29.275,car_ID_2747,car,Potsdam->Berlin,True
2026-08-18 10:12:59.715,person_ID_2958,person,Potsdam (kein Wechsel),False
2026-08-18 10:13:00.414,bicycle_ID_2349,bicycle,Potsdam (kein Wechsel),False
2026-08-18 10:13:02.420,person_ID_2957,person,Berlin->Potsdam,True
2026-08-18 10:13:02.651,car_ID_2750,car,Potsdam (kein Wechsel),False
2026-08-18 10:13:02.917,car_ID_2748,car,Potsdam (kein Wechsel),False
2026-08-18 10:13:03.619,person_ID_2959,person,Potsdam (kein Wechsel),False
2026-08-18 10:13:04.251,person_ID_2961,person,Potsdam (kein Wechsel),False
2026-08-18 10:13:04.546,person_ID_2960,person,Potsdam (kein Wechsel),False
2026-08-18 10:13:04.918,person_ID_2962,person,Potsdam (kein Wechsel),False
2026-08-18 10:13:05.416,car_ID_2749,car,Potsdam->Berlin,True
2026-08-18 10:13:06.049,person_ID_2963,person,Berlin (kein Wechsel),False
2026-08-18 10:13:07.182,person_ID_2964,person,Potsdam (kein Wechsel),False
2026-08-18 10:13:08.785,bicycle_ID_2350,bicycle,Berlin (kein Wechsel),False
2026-08-18 10:13:09.382,person_ID_2966,person,Potsdam (kein Wechsel),False
2026-08-18 10:13:10.384,person_ID_2965,person,Potsdam (kein Wechsel),False
2026-08-18 10:13:11.182,person_ID_2967,person,Berlin (kein Wechsel),False
2026-08-18 10:13:11.817,person_ID_2968,person,Potsdam (kein Wechsel),False
2026-08-18 10:13:15.918,car_ID_2752,car,Berlin (kein Wechsel),False
2026-08-18 10:13:16.150,bus_ID_281,bus,Berlin (kein Wechsel),False
2026-08-18 10:13:16.952,car_ID_2751,car,Potsdam->Berlin,True
2026-08-18 10:13:25.786,car_ID_2754,car,Potsdam (kein Wechsel),False
2026-08-18 10:13:27.815,car_ID_2756,car,Potsdam (kein Wechsel),False
2026-08-18 10:13:27.986,car_ID_2753,car,Potsdam->Berlin,True
2026-08-18 10:13:28.116,car_ID_2755,car,Potsdam->Berlin,True
2026-08-18 10:13:28.148,car_ID_2757,car,Potsdam->Berlin,True
2026-08-18 10:13:29.251,bus_ID_282,bus,Berlin (kein Wechsel),False
2026-08-18 10:13:29.720,car_ID_2758,car,Berlin (kein Wechsel),False
2026-08-18 10:13:33.450,bicycle_ID_2351,bicycle,Berlin->Potsdam,True
2026-08-18 10:13:33.451,person_ID_2969,person,Berlin->Potsdam,True
2026-08-18 10:14:07.987,bicycle_ID_2352,bicycle,Potsdam (kein Wechsel),False
2026-08-18 10:14:08.050,bicycle_ID_2353,bicycle,Potsdam (kein Wechsel),False
2026-08-18 10:14:08.688,person_ID_2971,person,Potsdam (kein Wechsel),False
2026-08-18 10:14:09.450,person_ID_2970,person,Berlin->Potsdam,True
2026-08-18 10:14:10.487,bicycle_ID_2354,bicycle,Potsdam->Berlin,True
2026-08-18 10:14:10.817,person_ID_2972,person,Potsdam->Berlin,True
2026-08-18 10:14:11.349,person_ID_2973,person,Berlin (kein Wechsel),False
2026-08-18 10:14:11.550,bicycle_ID_2355,bicycle,Berlin (kein Wechsel),False
2026-08-18 10:14:19.789,person_ID_2974,person,Potsdam (kein Wechsel),False
2026-08-18 10:14:33.756,person_ID_2975,person,Berlin->Potsdam,True
2026-08-18 10:14:36.989,bicycle_ID_2356,bicycle,Potsdam (kein Wechsel),False
2026-08-18 10:14:38.352,person_ID_2976,person,Potsdam (kein Wechsel),False
2026-08-18 10:14:38.491,bicycle_ID_2357,bicycle,Potsdam (kein Wechsel),False
2026-08-18 10:14:41.187,car_ID_2759,car,Potsdam (kein Wechsel),False
2026-08-18 10:14:50.586,car_ID_2760,car,Potsdam->Berlin,True
2026-08-18 10:14:56.654,car_ID_2761,car,Berlin->Potsdam,True
2026-08-18 10:15:13.825,person_ID_2977,person,Potsdam (kein Wechsel),False
2026-08-18 10:15:16.624,person_ID_2978,person,Potsdam->Berlin,True
2026-08-18 10:15:16.959,person_ID_2979,person,Berlin (kein Wechsel),False
2026-08-18 10:15:17.388,person_ID_2980,person,Berlin (kein Wechsel),False
2026-08-18 10:15:18.121,person_ID_2981,person,Berlin (kein Wechsel),False
2026-08-18 10:15:21.158,car_ID_2762,car,Berlin->Potsdam,True
2026-08-18 10:15:21.257,person_ID_2982,person,Berlin (kein Wechsel),False
2026-08-18 10:15:22.593,car_ID_2764,car,Potsdam (kein Wechsel),False
2026-08-18 10:15:24.129,car_ID_2763,car,Berlin->Potsdam,True
2026-08-18 10:15:32.422,car_ID_2766,car,Potsdam (kein Wechsel),False
2026-08-18 10:15:34.655,car_ID_2765,car,Potsdam->Berlin,True
2026-08-18 10:16:24.097,bicycle_ID_2358,bicycle,Potsdam (kein Wechsel),False
2026-08-18 10:16:24.127,bicycle_ID_2359,bicycle,Potsdam (kein Wechsel),False
2026-08-18 10:16:25.194,person_ID_2983,person,Potsdam (kein Wechsel),False
2026-08-18 10:16:26.795,bicycle_ID_2360,bicycle,Potsdam (kein Wechsel),False
2026-08-18 10:16:27.863,bicycle_ID_2361,bicycle,Berlin (kein Wechsel),False
2026-08-18 10:16:28.531,bicycle_ID_2362,bicycle,Berlin (kein Wechsel),False
2026-08-18 10:16:29.893,bicycle_ID_2364,bicycle,Berlin (kein Wechsel),False
2026-08-18 10:16:30.597,person_ID_2984,person,Potsdam->Berlin,True
2026-08-18 10:16:30.663,bicycle_ID_2363,bicycle,Berlin (kein Wechsel),False
2026-08-18 10:16:31.599,car_ID_2767,car,Berlin->Potsdam,True
2026-08-18 10:16:44.230,bicycle_ID_2365,bicycle,Berlin (kein Wechsel),False
2026-08-18 10:16:46.430,bicycle_ID_2367,bicycle,Berlin (kein Wechsel),False
2026-08-18 10:16:47.063,person_ID_2985,person,Berlin (kein Wechsel),False
2026-08-18 10:16:47.329,bicycle_ID_2366,bicycle,Berlin->Potsdam,True
2026-08-18 10:16:47.361,person_ID_2986,person,Berlin->Potsdam,True
2026-08-18 10:16:47.429,bicycle_ID_2368,bicycle,Potsdam (kein Wechsel),False
2026-08-18 10:17:01.700,person_ID_2987,person,Berlin->Potsdam,True
2026-08-18 10:17:01.799,bicycle_ID_2369,bicycle,Berlin->Potsdam,True
2026-08-18 10:17:21.593,car_ID_2768,car,Potsdam (kein Wechsel),False
2026-08-18 10:17:22.864,car_ID_2770,car,Potsdam (kein Wechsel),False
2026-08-18 10:17:24.165,car_ID_2769,car,Potsdam->Berlin,True
2026-08-18 10:17:35.605,bicycle_ID_2370,bicycle,Potsdam (kein Wechsel),False
2026-08-18 10:17:35.668,bicycle_ID_2371,bicycle,Potsdam (kein Wechsel),False
2026-08-18 10:17:36.832,person_ID_2988,person,Potsdam (kein Wechsel),False
2026-08-18 10:17:37.568,bicycle_ID_2372,bicycle,Potsdam (kein Wechsel),False
2026-08-18 10:17:40.201,person_ID_2989,person,Potsdam->Berlin,True
2026-08-18 10:17:41.168,bicycle_ID_2373,bicycle,Berlin (kein Wechsel),False
2026-08-18 10:17:42.912,bicycle_ID_2374,bicycle,Berlin->Potsdam,True
2026-08-18 10:17:43.442,person_ID_2990,person,Berlin->Potsdam,True
2026-08-18 10:17:47.640,car_ID_2771,car,Berlin->Potsdam,True
2026-08-18 10:17:49.276,car_ID_2772,car,Potsdam (kein Wechsel),False
2026-08-18 10:18:05.501,person_ID_2991,person,Potsdam (kein Wechsel),False
2026-08-18 10:18:06.705,bicycle_ID_2375,bicycle,Potsdam (kein Wechsel),False
2026-08-18 10:18:10.968,person_ID_2992,person,Berlin (kein Wechsel),False
2026-08-18 10:18:18.969,person_ID_2993,person,Berlin (kein Wechsel),False
2026-08-18 10:18:24.240,car_ID_2774,car,Potsdam (kein Wechsel),False
2026-08-18 10:18:25.036,person_ID_2994,person,Berlin (kein Wechsel),False
2026-08-18 10:18:26.238,bus_ID_283,bus,Berlin (kein Wechsel),False
2026-08-18 10:18:26.906,car_ID_2773,car,Potsdam->Berlin,True
2026-08-18 10:18:33.076,bicycle_ID_2376,bicycle,Berlin (kein Wechsel),False
2026-08-18 10:18:34.066,person_ID_2995,person,Berlin->Potsdam,True
2026-08-18 10:18:34.470,bicycle_ID_2377,bicycle,Berlin->Potsdam,True
2026-08-18 10:19:02.037,car_ID_2775,car,Berlin (kein Wechsel),False
2026-08-18 10:19:02.306,bicycle_ID_2379,bicycle,Berlin (kein Wechsel),False
2026-08-18 10:19:02.672,person_ID_2996,person,Berlin->Potsdam,True
2026-08-18 10:19:03.038,bicycle_ID_2378,bicycle,Berlin->Potsdam,True
2026-08-18 10:19:07.274,bus_ID_284,bus,Berlin->Potsdam,True
2026-08-18 10:19:15.239,car_ID_2776,car,Berlin->Potsdam,True
2026-08-18 10:19:16.368,person_ID_2997,person,Potsdam->Berlin,True
2026-08-18 10:19:17.038,car_ID_2777,car,Potsdam (kein Wechsel),False
2026-08-18 10:19:30.607,person_ID_2998,person,Berlin->Potsdam,True
2026-08-18 10:20:25.341,car_ID_2778,car,Berlin->Potsdam,True
2026-08-18 10:20:34.380,person_ID_2999,person,Potsdam (kein Wechsel),False
2026-08-18 10:20:35.979,bicycle_ID_2380,bicycle,Berlin (kein Wechsel),False
2026-08-18 10:20:36.112,car_ID_2779,car,Potsdam (kein Wechsel),False
2026-08-18 10:20:36.808,bicycle_ID_2382,bicycle,Berlin (kein Wechsel),False
2026-08-18 10:20:37.379,bicycle_ID_2381,bicycle,Berlin->Potsdam,True
2026-08-18 10:20:37.379,person_ID_3000,person,Berlin->Potsdam,True
2026-08-18 10:20:53.214,person_ID_3001,person,Potsdam->Berlin,True
2026-08-18 10:20:58.544,car_ID_2780,car,Potsdam->Berlin,True
2026-08-18 10:21:08.315,car_ID_2781,car,Berlin (kein Wechsel),False
2026-08-18 10:21:08.681,car_ID_2782,car,Berlin->Potsdam,True
2026-08-18 10:21:10.179,car_ID_2783,car,Potsdam (kein Wechsel),False
2026-08-18 10:21:17.285,car_ID_2784,car,Potsdam->Berlin,True
2026-08-18 10:22:26.651,car_ID_2785,car,Potsdam (kein Wechsel),False
2026-08-18 10:22:29.351,car_ID_2786,car,Potsdam->Berlin,True
2026-08-18 10:22:29.848,bicycle_ID_2383,bicycle,Potsdam (kein Wechsel),False
2026-08-18 10:22:34.585,person_ID_3002,person,Potsdam->Berlin,True
2026-08-18 10:22:34.884,bicycle_ID_2384,bicycle,Potsdam->Berlin,True
2026-08-18 10:23:00.555,car_ID_2789,car,Potsdam (kein Wechsel),False
2026-08-18 10:23:01.986,car_ID_2788,car,Berlin->Potsdam,True
2026-08-18 10:23:02.520,car_ID_2787,car,Potsdam->Berlin,True
2026-08-18 10:23:06.584,car_ID_2790,car,Berlin->Potsdam,True
2026-08-18 10:23:16.224,person_ID_3003,person,Potsdam->Berlin,True
2026-08-18 10:23:19.919,car_ID_2792,car,Potsdam (kein Wechsel),False
2026-08-18 10:23:22.058,car_ID_2793,car,Berlin (kein Wechsel),False
2026-08-18 10:23:22.789,car_ID_2791,car,Potsdam->Berlin,True
2026-08-18 10:24:33.986,car_ID_2795,car,Potsdam (kein Wechsel),False
2026-08-18 10:24:36.791,car_ID_2794,car,Potsdam->Berlin,True
2026-08-18 10:24:52.856,person_ID_3004,person,Potsdam (kein Wechsel),False
2026-08-18 10:24:58.898,bicycle_ID_2386,bicycle,Berlin (kein Wechsel),False
2026-08-18 10:24:59.163,bicycle_ID_2385,bicycle,Berlin->Potsdam,True
2026-08-18 10:24:59.199,person_ID_3006,person,Berlin->Potsdam,True
2026-08-18 10:24:59.264,person_ID_3005,person,Potsdam->Berlin,True
2026-08-18 10:24:59.699,bus_ID_285,bus,Potsdam (kein Wechsel),False
2026-08-18 10:25:02.097,bus_ID_286,bus,Potsdam->Berlin,True
2026-08-18 10:25:02.194,car_ID_2796,car,Berlin (kein Wechsel),False
2026-08-18 10:25:09.562,person_ID_3007,person,Berlin (kein Wechsel),False
2026-08-18 10:25:12.661,bicycle_ID_2387,bicycle,Berlin (kein Wechsel),False
2026-08-18 10:25:12.995,bicycle_ID_2388,bicycle,Berlin (kein Wechsel),False
2026-08-18 10:25:13.102,car_ID_2798,car,Potsdam (kein Wechsel),False
2026-08-18 10:25:13.295,bicycle_ID_2389,bicycle,Berlin (kein Wechsel),False
2026-08-18 10:25:13.462,bicycle_ID_2390,bicycle,Berlin (kein Wechsel),False
2026-08-18 10:25:13.695,person_ID_3009,person,Berlin->Potsdam,True
2026-08-18 10:25:13.831,person_ID_3008,person,Berlin (kein Wechsel),False
2026-08-18 10:25:15.527,car_ID_2797,car,Potsdam->Berlin,True
2026-08-18 10:25:21.258,car_ID_2800,car,Berlin (kein Wechsel),False
2026-08-18 10:25:21.795,car_ID_2799,car,Berlin (kein Wechsel),False
2026-08-18 10:25:28.299,car_ID_2802,car,Berlin (kein Wechsel),False
2026-08-18 10:25:28.365,car_ID_2801,car,Berlin (kein Wechsel),False
2026-08-18 10:25:33.229,bicycle_ID_2391,bicycle,Potsdam (kein Wechsel),False
2026-08-18 10:25:33.431,person_ID_3010,person,Potsdam (kein Wechsel),False
2026-08-18 10:25:33.830,person_ID_3011,person,Potsdam (kein Wechsel),False
2026-08-18 10:25:34.802,person_ID_3012,person,Potsdam->Berlin,True
2026-08-18 10:25:35.299,bicycle_ID_2392,bicycle,Berlin (kein Wechsel),False
2026-08-18 10:25:36.563,bicycle_ID_2393,bicycle,Berlin (kein Wechsel),False
2026-08-18 10:25:37.229,person_ID_3013,person,Berlin (kein Wechsel),False
2026-08-18 10:25:39.167,bicycle_ID_2394,bicycle,Berlin (kein Wechsel),False
2026-08-18 10:25:40.132,person_ID_3014,person,Berlin->Potsdam,True
2026-08-18 10:25:40.627,bicycle_ID_2395,bicycle,Berlin->Potsdam,True
2026-08-18 10:25:50.267,car_ID_2803,car,Berlin->Potsdam,True
2026-08-18 10:25:52.797,car_ID_2804,car,Berlin->Potsdam,True
2026-08-18 10:25:54.197,car_ID_2805,car,Potsdam (kein Wechsel),False
2026-08-18 10:26:09.129,person_ID_3015,person,Potsdam (kein Wechsel),False
2026-08-18 10:26:11.166,person_ID_3016,person,Potsdam->Berlin,True
2026-08-18 10:26:12.332,person_ID_3017,person,Berlin (kein Wechsel),False
2026-08-18 10:26:12.632,bicycle_ID_2396,bicycle,Potsdam->Berlin,True
2026-08-18 10:26:23.830,car_ID_2806,car,Potsdam->Berlin,True
2026-08-18 10:26:49.631,car_ID_2807,car,Potsdam->Berlin,True
2026-08-18 10:27:13.170,car_ID_2808,car,Potsdam (kein Wechsel),False
2026-08-18 10:27:30.436,bicycle_ID_2397,bicycle,Potsdam (kein Wechsel),False
2026-08-18 10:27:31.539,car_ID_2809,car,Berlin (kein Wechsel),False
2026-08-18 10:27:33.904,person_ID_3018,person,Potsdam->Berlin,True
2026-08-18 10:27:40.737,bicycle_ID_2398,bicycle,Potsdam (kein Wechsel),False
2026-08-18 10:27:41.435,person_ID_3019,person,Potsdam (kein Wechsel),False
2026-08-18 10:27:42.767,bicycle_ID_2399,bicycle,Berlin (kein Wechsel),False
2026-08-18 10:27:42.806,person_ID_3020,person,Potsdam->Berlin,True
2026-08-18 10:27:43.637,bicycle_ID_2400,bicycle,Berlin (kein Wechsel),False
2026-08-18 10:27:43.637,bicycle_ID_2401,bicycle,Berlin (kein Wechsel),False
2026-08-18 10:27:44.572,person_ID_3021,person,Berlin (kein Wechsel),False
2026-08-18 10:27:44.608,bicycle_ID_2402,bicycle,Berlin (kein Wechsel),False
2026-08-18 10:28:07.309,car_ID_2810,car,Potsdam->Berlin,True
2026-08-18 10:28:51.607,car_ID_2811,car,Potsdam->Berlin,True
2026-08-18 10:29:11.975,bicycle_ID_2404,bicycle,Potsdam (kein Wechsel),False
2026-08-18 10:29:12.350,car_ID_2812,car,Berlin->Potsdam,True
2026-08-18 10:29:13.779,person_ID_3022,person,Potsdam (kein Wechsel),False
2026-08-18 10:29:16.945,car_ID_2813,car,Potsdam->Berlin,True
2026-08-18 10:29:16.945,person_ID_3023,person,Berlin (kein Wechsel),False
2026-08-18 10:29:18.408,bicycle_ID_2403,bicycle,Potsdam->Berlin,True
2026-08-18 10:29:18.480,person_ID_3024,person,Berlin (kein Wechsel),False
2026-08-18 10:29:49.313,car_ID_2814,car,Potsdam->Berlin,True
2026-08-18 10:30:03.513,car_ID_2815,car,Berlin->Potsdam,True
2026-08-18 10:30:17.578,car_ID_2816,car,Berlin->Potsdam,True
2026-08-18 10:30:50.086,car_ID_2817,car,Berlin->Potsdam,True
2026-08-18 10:30:52.849,car_ID_2818,car,Potsdam->Berlin,True
2026-08-18 10:30:54.051,car_ID_2819,car,Berlin->Potsdam,True
2026-08-18 10:31:22.621,car_ID_2820,car,Berlin->Potsdam,True
2026-08-18 10:32:22.791,car_ID_2821,car,Potsdam->Berlin,True
2026-08-18 10:32:31.694,bicycle_ID_2406,bicycle,Berlin (kein Wechsel),False
2026-08-18 10:32:32.788,bicycle_ID_2407,bicycle,Berlin (kein Wechsel),False
2026-08-18 10:32:33.689,bicycle_ID_2408,bicycle,Berlin->Potsdam,True
2026-08-18 10:32:33.828,bicycle_ID_2405,bicycle,Berlin->Potsdam,True
2026-08-18 10:32:34.421,person_ID_3025,person,Berlin->Potsdam,True
2026-08-18 10:32:48.892,car_ID_2822,car,Berlin->Potsdam,True
2026-08-18 10:32:48.892,car_ID_2824,car,Potsdam (kein Wechsel),False
2026-08-18 10:32:52.193,car_ID_2823,car,Potsdam->Berlin,True
2026-08-18 10:32:53.091,car_ID_2826,car,Berlin (kein Wechsel),False
2026-08-18 10:32:54.092,car_ID_2825,car,Berlin->Potsdam,True
2026-08-18 10:33:05.126,car_ID_2827,car,Berlin->Potsdam,True
2026-08-18 10:33:06.024,car_ID_2828,car,Potsdam (kein Wechsel),False
2026-08-18 10:33:12.321,car_ID_2829,car,Berlin (kein Wechsel),False
2026-08-18 10:33:38.794,car_ID_2830,car,Berlin->Potsdam,True
2026-08-18 10:33:49.193,car_ID_2831,car,Potsdam->Berlin,True
2026-08-18 10:33:55.524,car_ID_2832,car,Berlin->Potsdam,True
2026-08-18 10:34:10.662,car_ID_2835,car,Potsdam (kein Wechsel),False
2026-08-18 10:34:11.564,car_ID_2834,car,Berlin->Potsdam,True
2026-08-18 10:34:12.595,car_ID_2833,car,Potsdam->Berlin,True
2026-08-18 10:34:57.327,car_ID_2837,car,Potsdam (kein Wechsel),False
2026-08-18 10:34:58.397,car_ID_2838,car,Potsdam->Berlin,True
2026-08-18 10:35:00.397,car_ID_2836,car,Potsdam->Berlin,True
2026-08-18 10:35:00.566,car_ID_2839,car,Berlin (kein Wechsel),False
2026-08-18 10:35:00.598,car_ID_2840,car,Berlin (kein Wechsel),False
2026-08-18 10:35:02.764,car_ID_2841,car,Potsdam (kein Wechsel),False
2026-08-18 10:35:04.529,car_ID_2843,car,Berlin->Potsdam,True
2026-08-18 10:35:06.297,car_ID_2842,car,Potsdam->Berlin,True
2026-08-18 10:35:07.566,car_ID_2844,car,Berlin->Potsdam,True
2026-08-18 10:35:19.100,car_ID_2845,car,Potsdam->Berlin,True
2026-08-18 10:35:43.502,bicycle_ID_2409,bicycle,Potsdam (kein Wechsel),False
2026-08-18 10:35:44.138,person_ID_3026,person,Potsdam (kein Wechsel),False
2026-08-18 10:35:44.467,bicycle_ID_2410,bicycle,Potsdam (kein Wechsel),False
2026-08-18 10:35:45.435,person_ID_3027,person,Potsdam->Berlin,True
2026-08-18 10:35:46.770,person_ID_3028,person,Berlin (kein Wechsel),False
2026-08-18 10:35:47.035,bicycle_ID_2411,bicycle,Potsdam->Berlin,True
2026-08-18 10:36:36.707,car_ID_2847,car,Potsdam (kein Wechsel),False
2026-08-18 10:36:39.901,car_ID_2846,car,Potsdam->Berlin,True
2026-08-18 10:36:45.535,car_ID_2848,car,Potsdam->Berlin,True
2026-08-18 10:36:53.109,car_ID_2849,car,Potsdam->Berlin,True
2026-08-18 10:36:56.414,car_ID_2850,car,Potsdam->Berlin,True
2026-08-18 10:37:13.074,car_ID_2851,car,Berlin->Potsdam,True
2026-08-18 10:38:06.879,person_ID_3029,person,Potsdam (kein Wechsel),False
2026-08-18 10:38:08.209,car_ID_2852,car,Berlin->Potsdam,True
2026-08-18 10:38:08.845,bicycle_ID_2412,bicycle,Berlin (kein Wechsel),False
2026-08-18 10:38:09.042,person_ID_3030,person,Berlin (kein Wechsel),False
2026-08-18 10:38:10.309,person_ID_3031,person,Berlin (kein Wechsel),False
2026-08-18 10:38:10.443,bicycle_ID_2413,bicycle,Berlin (kein Wechsel),False
2026-08-18 10:38:19.011,car_ID_2853,car,Potsdam->Berlin,True
2026-08-18 10:38:42.683,car_ID_2855,car,Berlin->Potsdam,True
2026-08-18 10:38:43.942,car_ID_2854,car,Potsdam->Berlin,True
2026-08-18 10:38:47.612,bicycle_ID_2414,bicycle,Potsdam->Berlin,True
2026-08-18 10:38:48.016,bicycle_ID_2416,bicycle,Berlin (kein Wechsel),False
2026-08-18 10:38:49.212,bicycle_ID_2415,bicycle,Potsdam->Berlin,True
2026-08-18 10:38:49.781,person_ID_3032,person,Potsdam->Berlin,True
2026-08-18 10:39:14.781,car_ID_2856,car,Berlin->Potsdam,True
2026-08-18 10:39:16.981,car_ID_2857,car,Potsdam->Berlin,True
2026-08-18 10:39:23.246,car_ID_2858,car,Berlin->Potsdam,True
2026-08-18 10:39:24.583,person_ID_3034,person,Berlin (kein Wechsel),False
2026-08-18 10:39:29.614,person_ID_3035,person,Berlin (kein Wechsel),False
2026-08-18 10:39:33.944,person_ID_3036,person,Berlin (kein Wechsel),False
2026-08-18 10:39:37.178,person_ID_3037,person,Berlin->Potsdam,True
2026-08-18 10:39:38.452,person_ID_3038,person,Potsdam (kein Wechsel),False
2026-08-18 10:39:38.816,person_ID_3033,person,Berlin->Potsdam,True
2026-08-18 10:39:39.914,person_ID_3039,person,Potsdam (kein Wechsel),False
2026-08-18 10:39:41.244,car_ID_2859,car,Potsdam->Berlin,True
2026-08-18 10:39:41.914,person_ID_3040,person,Potsdam (kein Wechsel),False
2026-08-18 10:39:45.743,person_ID_3041,person,Potsdam (kein Wechsel),False
2026-08-18 10:39:53.845,person_ID_3043,person,Berlin (kein Wechsel),False
2026-08-18 10:39:56.482,person_ID_3044,person,Berlin (kein Wechsel),False
2026-08-18 10:39:59.250,person_ID_3045,person,Berlin (kein Wechsel),False
2026-08-18 10:40:07.016,person_ID_3042,person,Potsdam (kein Wechsel),False
2026-08-18 10:40:08.719,person_ID_3046,person,Berlin (kein Wechsel),False
2026-08-18 10:40:09.049,car_ID_2860,car,Berlin (kein Wechsel),False
2026-08-18 10:40:09.750,person_ID_3047,person,Berlin (kein Wechsel),False
2026-08-18 10:40:11.282,bus_ID_287,bus,Berlin (kein Wechsel),False
2026-08-18 10:40:11.814,person_ID_3048,person,Potsdam (kein Wechsel),False
2026-08-18 10:40:12.217,bus_ID_288,bus,Berlin->Potsdam,True
2026-08-18 10:40:15.085,person_ID_3049,person,Berlin (kein Wechsel),False
2026-08-18 10:40:18.218,person_ID_3050,person,Berlin (kein Wechsel),False
2026-08-18 10:40:22.383,bicycle_ID_2417,bicycle,Berlin->Potsdam,True
2026-08-18 10:40:22.383,person_ID_3051,person,Berlin->Potsdam,True
2026-08-18 10:40:25.218,car_ID_2861,car,Berlin->Potsdam,True
2026-08-18 10:40:48.921,bicycle_ID_2418,bicycle,Berlin->Potsdam,True
2026-08-18 10:40:49.386,person_ID_3052,person,Berlin->Potsdam,True
2026-08-18 10:41:40.020,car_ID_2862,car,Potsdam->Berlin,True
2026-08-18 10:41:43.059,car_ID_2863,car,Berlin->Potsdam,True
2026-08-18 10:41:59.887,car_ID_2864,car,Potsdam->Berlin,True
2026-08-18 10:42:01.625,car_ID_2866,car,Berlin (kein Wechsel),False
2026-08-18 10:42:02.154,car_ID_2865,car,Berlin->Potsdam,True
2026-08-18 10:42:04.724,car_ID_2867,car,Potsdam->Berlin,True
2026-08-18 10:42:13.958,car_ID_2868,car,Potsdam (kein Wechsel),False
2026-08-18 10:42:13.993,car_ID_2869,car,Potsdam->Berlin,True
2026-08-18 10:42:15.054,car_ID_2871,car,Berlin (kein Wechsel),False
2026-08-18 10:42:16.323,car_ID_2870,car,Berlin (kein Wechsel),False
2026-08-18 10:42:19.454,car_ID_2872,car,Berlin (kein Wechsel),False
2026-08-18 10:42:19.622,car_ID_2873,car,Berlin (kein Wechsel),False
2026-08-18 10:42:30.762,car_ID_2875,car,Potsdam (kein Wechsel),False
2026-08-18 10:42:38.125,car_ID_2876,car,Potsdam (kein Wechsel),False
2026-08-18 10:42:40.590,car_ID_2877,car,Potsdam (kein Wechsel),False
2026-08-18 10:42:47.401,car_ID_2878,car,Potsdam (kein Wechsel),False
2026-08-18 10:42:47.957,person_ID_3053,person,Potsdam (kein Wechsel),False
2026-08-18 10:42:49.023,car_ID_2879,car,Potsdam (kein Wechsel),False
2026-08-18 10:42:57.757,car_ID_2874,car,Potsdam->Berlin,True
2026-08-18 10:43:38.464,car_ID_2880,car,Berlin->Potsdam,True
2026-08-18 10:43:44.029,car_ID_2881,car,Potsdam->Berlin,True
2026-08-18 10:44:07.760,bicycle_ID_2419,bicycle,Berlin->Potsdam,True
2026-08-18 10:44:07.797,person_ID_3054,person,Berlin->Potsdam,True
2026-08-18 10:44:12.830,bicycle_ID_2420,bicycle,Potsdam (kein Wechsel),False
2026-08-18 10:44:13.301,person_ID_3055,person,Potsdam (kein Wechsel),False
2026-08-18 10:44:15.165,bicycle_ID_2422,bicycle,Potsdam (kein Wechsel),False
2026-08-18 10:44:15.198,bicycle_ID_2421,bicycle,Potsdam (kein Wechsel),False
2026-08-18 10:44:17.800,bicycle_ID_2423,bicycle,Berlin (kein Wechsel),False
2026-08-18 10:44:19.003,bicycle_ID_2424,bicycle,Berlin (kein Wechsel),False
2026-08-18 10:44:19.098,person_ID_3056,person,Potsdam->Berlin,True
2026-08-18 10:44:22.362,person_ID_3057,person,Potsdam->Berlin,True
2026-08-18 10:44:30.862,bicycle_ID_2425,bicycle,Potsdam (kein Wechsel),False
2026-08-18 10:44:31.397,bicycle_ID_2426,bicycle,Potsdam (kein Wechsel),False
2026-08-18 10:44:33.128,bicycle_ID_2428,bicycle,Potsdam (kein Wechsel),False
2026-08-18 10:44:33.598,bicycle_ID_2429,bicycle,Potsdam (kein Wechsel),False
2026-08-18 10:44:34.230,person_ID_3058,person,Potsdam->Berlin,True
2026-08-18 10:44:34.730,bicycle_ID_2427,bicycle,Potsdam->Berlin,True
2026-08-18 10:44:36.097,car_ID_2883,car,Potsdam (kein Wechsel),False
2026-08-18 10:44:37.030,bicycle_ID_2430,bicycle,Berlin (kein Wechsel),False
2026-08-18 10:44:37.064,person_ID_3059,person,Berlin (kein Wechsel),False
2026-08-18 10:44:39.565,car_ID_2882,car,Potsdam->Berlin,True
2026-08-18 10:44:49.931,car_ID_2884,car,Berlin->Potsdam,True
2026-08-18 10:44:50.965,person_ID_3060,person,Berlin->Potsdam,True
2026-08-18 10:45:10.796,bicycle_ID_2431,bicycle,Potsdam (kein Wechsel),False
2026-08-18 10:45:11.166,bicycle_ID_2432,bicycle,Potsdam (kein Wechsel),False
2026-08-18 10:45:11.928,person_ID_3061,person,Potsdam (kein Wechsel),False
2026-08-18 10:45:13.136,person_ID_3062,person,Potsdam (kein Wechsel),False
2026-08-18 10:45:13.899,person_ID_3063,person,Berlin (kein Wechsel),False
2026-08-18 10:45:16.233,bicycle_ID_2433,bicycle,Berlin (kein Wechsel),False
2026-08-18 10:45:18.136,person_ID_3064,person,Berlin (kein Wechsel),False
2026-08-18 10:45:18.366,bus_ID_289,bus,Potsdam (kein Wechsel),False
2026-08-18 10:45:21.266,bus_ID_290,bus,Potsdam->Berlin,True
2026-08-18 10:45:21.932,car_ID_2885,car,Berlin (kein Wechsel),False
2026-08-18 10:45:42.068,car_ID_2886,car,Berlin->Potsdam,True
2026-08-18 10:45:47.837,car_ID_2887,car,Potsdam->Berlin,True
2026-08-18 10:46:03.404,person_ID_3065,person,Berlin (kein Wechsel),False
2026-08-18 10:46:10.368,person_ID_3066,person,Berlin->Potsdam,True
2026-08-18 10:46:19.103,bicycle_ID_2434,bicycle,Potsdam (kein Wechsel),False
2026-08-18 10:46:19.569,person_ID_3067,person,Potsdam (kein Wechsel),False
2026-08-18 10:46:20.137,bicycle_ID_2435,bicycle,Potsdam (kein Wechsel),False
2026-08-18 10:46:20.637,person_ID_3068,person,Berlin (kein Wechsel),False
2026-08-18 10:46:21.674,person_ID_3070,person,Berlin (kein Wechsel),False
2026-08-18 10:46:21.802,person_ID_3069,person,Berlin (kein Wechsel),False
2026-08-18 10:46:23.370,bicycle_ID_2436,bicycle,Berlin (kein Wechsel),False
2026-08-18 10:46:23.701,person_ID_3071,person,Berlin (kein Wechsel),False
2026-08-18 10:46:25.236,bicycle_ID_2437,bicycle,Berlin (kein Wechsel),False
2026-08-18 10:46:26.303,bicycle_ID_2438,bicycle,Berlin (kein Wechsel),False
2026-08-18 10:46:26.773,bicycle_ID_2439,bicycle,Berlin->Potsdam,True
2026-08-18 10:46:27.337,person_ID_3072,person,Berlin->Potsdam,True
2026-08-18 10:47:21.172,car_ID_2888,car,Berlin->Potsdam,True
2026-08-18 10:47:22.972,car_ID_2889,car,Berlin->Potsdam,True
2026-08-18 10:47:38.111,person_ID_3073,person,Potsdam (kein Wechsel),False
2026-08-18 10:47:38.804,bicycle_ID_2440,bicycle,Potsdam (kein Wechsel),False
2026-08-18 10:47:41.808,person_ID_3074,person,Potsdam->Berlin,True
2026-08-18 10:47:49.377,car_ID_2890,car,Berlin (kein Wechsel),False
2026-08-18 10:48:03.410,bicycle_ID_2441,bicycle,Berlin (kein Wechsel),False
2026-08-18 10:48:03.843,person_ID_3075,person,Berlin (kein Wechsel),False
2026-08-18 10:48:32.812,bicycle_ID_2443,bicycle,Berlin (kein Wechsel),False
2026-08-18 10:48:34.008,bicycle_ID_2442,bicycle,Berlin (kein Wechsel),False
2026-08-18 10:48:34.276,bicycle_ID_2444,bicycle,Berlin (kein Wechsel),False
2026-08-18 10:48:34.309,person_ID_3076,person,Berlin (kein Wechsel),False
2026-08-18 10:49:04.145,car_ID_2891,car,Berlin->Potsdam,True
2026-08-18 10:49:31.347,person_ID_3079,person,Berlin (kein Wechsel),False
2026-08-18 10:49:32.481,person_ID_3080,person,Berlin (kein Wechsel),False
2026-08-18 10:49:36.248,person_ID_3078,person,Berlin (kein Wechsel),False
2026-08-18 10:49:36.280,person_ID_3081,person,Berlin (kein Wechsel),False
2026-08-18 10:49:36.445,person_ID_3082,person,Berlin (kein Wechsel),False
2026-08-18 10:49:37.613,person_ID_3077,person,Berlin (kein Wechsel),False
2026-08-18 10:49:39.313,person_ID_3083,person,Berlin (kein Wechsel),False
2026-08-18 10:49:39.978,car_ID_2892,car,Berlin->Potsdam,True
2026-08-18 10:49:40.982,person_ID_3084,person,Berlin (kein Wechsel),False
2026-08-18 10:49:42.614,person_ID_3086,person,Berlin (kein Wechsel),False
2026-08-18 10:49:45.683,person_ID_3085,person,Berlin->Potsdam,True
2026-08-18 10:49:46.547,person_ID_3087,person,Berlin->Potsdam,True
2026-08-18 10:49:47.646,person_ID_3088,person,Potsdam (kein Wechsel),False
2026-08-18 10:49:53.348,car_ID_2893,car,Potsdam->Berlin,True
2026-08-18 10:49:55.848,person_ID_3089,person,Potsdam (kein Wechsel),False
2026-08-18 10:49:56.284,person_ID_3090,person,Potsdam (kein Wechsel),False
2026-08-18 10:49:56.747,person_ID_3091,person,Potsdam (kein Wechsel),False
2026-08-18 10:50:01.613,car_ID_2895,car,Berlin (kein Wechsel),False
2026-08-18 10:50:02.212,car_ID_2894,car,Berlin->Potsdam,True
2026-08-18 10:50:15.317,person_ID_3092,person,Potsdam (kein Wechsel),False
2026-08-18 10:50:21.986,person_ID_3095,person,Berlin->Potsdam,True
2026-08-18 10:50:22.083,bicycle_ID_2445,bicycle,Berlin (kein Wechsel),False
2026-08-18 10:50:22.383,person_ID_3094,person,Berlin (kein Wechsel),False
2026-08-18 10:50:22.549,bicycle_ID_2446,bicycle,Berlin->Potsdam,True
2026-08-18 10:50:24.050,car_ID_2896,car,Potsdam (kein Wechsel),False
2026-08-18 10:50:25.550,person_ID_3093,person,Potsdam->Berlin,True
2026-08-18 10:50:26.581,car_ID_2897,car,Potsdam->Berlin,True
2026-08-18 10:51:08.722,car_ID_2899,car,Berlin (kein Wechsel),False
2026-08-18 10:51:09.222,car_ID_2898,car,Berlin->Potsdam,True
2026-08-18 10:51:14.153,bicycle_ID_2447,bicycle,Potsdam (kein Wechsel),False
2026-08-18 10:51:14.318,person_ID_3096,person,Potsdam (kein Wechsel),False
2026-08-18 10:51:15.548,person_ID_3097,person,Potsdam (kein Wechsel),False
2026-08-18 10:51:16.189,bicycle_ID_2448,bicycle,Potsdam (kein Wechsel),False
2026-08-18 10:51:18.386,person_ID_3099,person,Berlin (kein Wechsel),False
2026-08-18 10:51:19.918,person_ID_3098,person,Potsdam->Berlin,True
2026-08-18 10:51:19.951,bicycle_ID_2449,bicycle,Berlin (kein Wechsel),False
2026-08-18 10:51:21.419,car_ID_2900,car,Berlin (kein Wechsel),False
2026-08-18 10:51:39.655,car_ID_2901,car,Potsdam->Berlin,True
2026-08-18 10:51:45.087,bicycle_ID_2451,bicycle,Potsdam (kein Wechsel),False
2026-08-18 10:51:46.018,bicycle_ID_2450,bicycle,Potsdam (kein Wechsel),False
2026-08-18 10:51:46.189,person_ID_3100,person,Potsdam (kein Wechsel),False
2026-08-18 10:51:50.187,bicycle_ID_2452,bicycle,Potsdam->Berlin,True
2026-08-18 10:51:52.554,person_ID_3101,person,Potsdam->Berlin,True
2026-08-18 10:51:52.786,bicycle_ID_2453,bicycle,Berlin (kein Wechsel),False
2026-08-18 10:52:02.255,car_ID_2902,car,Potsdam->Berlin,True
2026-08-18 10:52:04.261,car_ID_2903,car,Berlin->Potsdam,True
2026-08-18 10:52:28.558,car_ID_2904,car,Berlin->Potsdam,True
2026-08-18 10:52:30.524,car_ID_2905,car,Berlin->Potsdam,True
2026-08-18 10:52:34.022,car_ID_2906,car,Potsdam->Berlin,True
2026-08-18 10:52:36.855,person_ID_3103,person,Potsdam (kein Wechsel),False
2026-08-18 10:52:37.557,person_ID_3104,person,Potsdam (kein Wechsel),False
2026-08-18 10:52:38.657,person_ID_3105,person,Potsdam->Berlin,True
2026-08-18 10:52:39.922,person_ID_3106,person,Berlin (kein Wechsel),False
2026-08-18 10:52:39.958,bicycle_ID_2454,bicycle,Potsdam->Berlin,True
2026-08-18 10:52:41.852,person_ID_3102,person,Potsdam->Berlin,True
2026-08-18 10:52:43.120,person_ID_3107,person,Berlin (kein Wechsel),False
2026-08-18 10:52:46.389,bicycle_ID_2455,bicycle,Potsdam (kein Wechsel),False
2026-08-18 10:52:46.595,person_ID_3108,person,Potsdam (kein Wechsel),False
2026-08-18 10:52:47.755,person_ID_3110,person,Potsdam (kein Wechsel),False
2026-08-18 10:52:48.023,person_ID_3109,person,Potsdam (kein Wechsel),False
2026-08-18 10:52:48.622,bicycle_ID_2456,bicycle,Potsdam (kein Wechsel),False
2026-08-18 10:52:51.292,person_ID_3111,person,Potsdam->Berlin,True
2026-08-18 10:52:59.819,person_ID_3112,person,Potsdam->Berlin,True
2026-08-18 10:53:18.130,car_ID_2907,car,Berlin (kein Wechsel),False
2026-08-18 10:53:19.058,car_ID_2908,car,Berlin->Potsdam,True
2026-08-18 10:53:32.327,car_ID_2909,car,Berlin->Potsdam,True
2026-08-18 10:53:35.693,person_ID_3113,person,Potsdam (kein Wechsel),False
2026-08-18 10:53:36.094,bicycle_ID_2457,bicycle,Potsdam (kein Wechsel),False
2026-08-18 10:53:36.825,person_ID_3114,person,Potsdam (kein Wechsel),False
2026-08-18 10:53:37.360,person_ID_3115,person,Berlin (kein Wechsel),False
2026-08-18 10:53:39.192,person_ID_3116,person,Berlin (kein Wechsel),False
2026-08-18 10:53:39.724,bicycle_ID_2458,bicycle,Potsdam->Berlin,True
2026-08-18 10:53:41.763,car_ID_2910,car,Berlin->Potsdam,True
2026-08-18 10:53:47.392,car_ID_2911,car,Potsdam (kein Wechsel),False
2026-08-18 10:53:55.566,person_ID_3117,person,Potsdam (kein Wechsel),False
2026-08-18 10:53:57.630,car_ID_2913,car,Potsdam (kein Wechsel),False
2026-08-18 10:53:58.799,car_ID_2912,car,Potsdam->Berlin,True
2026-08-18 10:54:00.929,person_ID_3118,person,Potsdam (kein Wechsel),False
2026-08-18 10:54:01.396,car_ID_2914,car,Berlin (kein Wechsel),False
2026-08-18 10:54:05.230,person_ID_3119,person,Berlin (kein Wechsel),False
2026-08-18 10:54:12.794,person_ID_3120,person,Berlin (kein Wechsel),False
2026-08-18 10:54:14.560,person_ID_3121,person,Berlin (kein Wechsel),False
2026-08-18 10:54:25.535,car_ID_2916,car,Berlin->Potsdam,True
2026-08-18 10:54:26.234,car_ID_2915,car,Potsdam->Berlin,True
2026-08-18 10:54:26.730,bus_ID_291,bus,Berlin (kein Wechsel),False
2026-08-18 10:54:27.030,bus_ID_292,bus,Berlin (kein Wechsel),False
2026-08-18 10:54:27.698,car_ID_2917,car,Berlin (kein Wechsel),False
2026-08-18 10:54:39.693,bicycle_ID_2460,bicycle,Potsdam (kein Wechsel),False
2026-08-18 10:54:40.433,car_ID_2918,car,Potsdam->Berlin,True
2026-08-18 10:54:41.333,person_ID_3122,person,Potsdam (kein Wechsel),False
2026-08-18 10:54:45.034,bicycle_ID_2459,bicycle,Potsdam->Berlin,True
2026-08-18 10:54:45.331,person_ID_3123,person,Potsdam->Berlin,True
2026-08-18 10:54:57.433,car_ID_2919,car,Potsdam->Berlin,True
2026-08-18 10:55:05.600,bicycle_ID_2461,bicycle,Berlin (kein Wechsel),False
2026-08-18 10:55:08.100,bicycle_ID_2462,bicycle,Berlin->Potsdam,True
2026-08-18 10:55:08.665,person_ID_3124,person,Berlin->Potsdam,True
2026-08-18 10:55:09.499,car_ID_2920,car,Potsdam->Berlin,True
2026-08-18 10:55:12.596,car_ID_2922,car,Berlin->Potsdam,True
2026-08-18 10:55:12.700,car_ID_2921,car,Potsdam->Berlin,True
2026-08-18 10:55:16.132,car_ID_2923,car,Berlin->Potsdam,True
2026-08-18 10:55:16.900,car_ID_2924,car,Potsdam (kein Wechsel),False
2026-08-18 10:55:30.200,bicycle_ID_2464,bicycle,Berlin (kein Wechsel),False
2026-08-18 10:55:31.407,bicycle_ID_2463,bicycle,Berlin->Potsdam,True
2026-08-18 10:55:31.867,person_ID_3125,person,Berlin->Potsdam,True
2026-08-18 10:55:32.297,car_ID_2926,car,Berlin (kein Wechsel),False
2026-08-18 10:55:32.334,car_ID_2925,car,Berlin->Potsdam,True
2026-08-18 10:55:33.802,car_ID_2927,car,Potsdam (kein Wechsel),False
2026-08-18 10:55:46.201,car_ID_2928,car,Berlin (kein Wechsel),False
2026-08-18 10:55:52.037,car_ID_2929,car,Potsdam->Berlin,True
2026-08-18 10:56:10.836,car_ID_2931,car,Berlin (kein Wechsel),False
2026-08-18 10:56:11.670,car_ID_2930,car,Potsdam->Berlin,True
2026-08-18 10:56:14.375,bicycle_ID_2465,bicycle,Potsdam (kein Wechsel),False
2026-08-18 10:56:17.402,person_ID_3126,person,Potsdam->Berlin,True
2026-08-18 10:56:17.706,bicycle_ID_2466,bicycle,Potsdam->Berlin,True
2026-08-18 10:56:18.969,bicycle_ID_2467,bicycle,Berlin (kein Wechsel),False
2026-08-18 10:56:19.037,person_ID_3127,person,Berlin (kein Wechsel),False
2026-08-18 10:56:20.104,person_ID_3128,person,Berlin (kein Wechsel),False
2026-08-18 10:56:20.233,car_ID_2932,car,Berlin->Potsdam,True
2026-08-18 10:56:20.670,bicycle_ID_2468,bicycle,Berlin (kein Wechsel),False
2026-08-18 10:57:14.938,bicycle_ID_2469,bicycle,Potsdam (kein Wechsel),False
2026-08-18 10:57:16.040,bicycle_ID_2470,bicycle,Potsdam (kein Wechsel),False
2026-08-18 10:57:16.208,person_ID_3129,person,Potsdam (kein Wechsel),False
2026-08-18 10:57:17.942,bicycle_ID_2472,bicycle,Berlin (kein Wechsel),False
2026-08-18 10:57:18.078,bicycle_ID_2471,bicycle,Potsdam (kein Wechsel),False
2026-08-18 10:57:18.375,person_ID_3131,person,Potsdam (kein Wechsel),False
2026-08-18 10:57:19.273,person_ID_3130,person,Berlin->Potsdam,True
2026-08-18 10:57:19.312,bicycle_ID_2473,bicycle,Berlin->Potsdam,True
2026-08-18 10:57:19.671,bicycle_ID_2474,bicycle,Potsdam->Berlin,True
2026-08-18 10:57:19.941,bicycle_ID_2475,bicycle,Potsdam->Berlin,True
2026-08-18 10:57:20.544,bicycle_ID_2476,bicycle,Berlin (kein Wechsel),False
2026-08-18 10:57:21.173,bicycle_ID_2477,bicycle,Berlin (kein Wechsel),False
2026-08-18 10:57:21.871,bicycle_ID_2480,bicycle,Berlin->Potsdam,True
2026-08-18 10:57:22.008,bicycle_ID_2478,bicycle,Berlin (kein Wechsel),False
2026-08-18 10:57:22.437,person_ID_3133,person,Berlin->Potsdam,True
2026-08-18 10:57:23.770,bicycle_ID_2479,bicycle,Berlin (kein Wechsel),False
2026-08-18 10:57:23.908,person_ID_3132,person,Berlin (kein Wechsel),False
2026-08-18 10:57:24.207,bicycle_ID_2481,bicycle,Berlin (kein Wechsel),False
2026-08-18 10:57:24.806,car_ID_2933,car,Berlin (kein Wechsel),False
2026-08-18 10:57:29.110,person_ID_3134,person,Potsdam (kein Wechsel),False
2026-08-18 10:57:29.139,bicycle_ID_2482,bicycle,Potsdam (kein Wechsel),False
2026-08-18 10:57:29.139,person_ID_3135,person,Potsdam (kein Wechsel),False
2026-08-18 10:57:31.844,person_ID_3136,person,Potsdam->Berlin,True
2026-08-18 10:57:32.376,bicycle_ID_2483,bicycle,Potsdam->Berlin,True
2026-08-18 10:57:34.645,bicycle_ID_2484,bicycle,Berlin (kein Wechsel),False
2026-08-18 10:57:34.645,person_ID_3137,person,Berlin (kein Wechsel),False
2026-08-18 10:57:37.940,person_ID_3138,person,Potsdam (kein Wechsel),False
2026-08-18 10:57:37.976,bicycle_ID_2485,bicycle,Potsdam (kein Wechsel),False
2026-08-18 10:57:38.840,person_ID_3139,person,Potsdam (kein Wechsel),False
2026-08-18 10:57:40.510,bicycle_ID_2487,bicycle,Potsdam (kein Wechsel),False
2026-08-18 10:57:44.009,bicycle_ID_2486,bicycle,Potsdam->Berlin,True
2026-08-18 10:57:44.009,person_ID_3140,person,Potsdam->Berlin,True
2026-08-18 10:57:44.175,bicycle_ID_2488,bicycle,Berlin (kein Wechsel),False
2026-08-18 10:58:03.042,car_ID_2934,car,Potsdam (kein Wechsel),False
2026-08-18 10:58:04.744,car_ID_2936,car,Potsdam (kein Wechsel),False
2026-08-18 10:58:06.480,car_ID_2935,car,Potsdam->Berlin,True
2026-08-18 10:58:30.445,bicycle_ID_2489,bicycle,Berlin->Potsdam,True
2026-08-18 10:58:30.478,person_ID_3141,person,Berlin->Potsdam,True
2026-08-18 10:58:38.544,car_ID_2937,car,Berlin->Potsdam,True
2026-08-18 10:58:39.610,car_ID_2938,car,Potsdam (kein Wechsel),False
2026-08-18 10:58:54.275,car_ID_2939,car,Berlin->Potsdam,True
2026-08-18 10:59:02.679,car_ID_2940,car,Berlin->Potsdam,True
2026-08-18 10:59:06.777,person_ID_3142,person,Potsdam (kein Wechsel),False
2026-08-18 10:59:09.979,person_ID_3143,person,Potsdam->Berlin,True
2026-08-18 10:59:10.880,person_ID_3144,person,Berlin (kein Wechsel),False
2026-08-18 10:59:11.111,person_ID_3145,person,Berlin (kein Wechsel),False
2026-08-18 10:59:15.252,person_ID_3146,person,Berlin (kein Wechsel),False
2026-08-18 10:59:15.381,person_ID_3147,person,Berlin (kein Wechsel),False
2026-08-18 10:59:17.379,car_ID_2941,car,Potsdam->Berlin,True
2026-08-18 10:59:44.248,car_ID_2942,car,Berlin->Potsdam,True
2026-08-18 10:59:52.550,bicycle_ID_2491,bicycle,Berlin (kein Wechsel),False
2026-08-18 10:59:53.615,person_ID_3148,person,Berlin->Potsdam,True
2026-08-18 10:59:54.048,bicycle_ID_2490,bicycle,Berlin->Potsdam,True
2026-08-18 10:59:58.483,car_ID_2944,car,Potsdam (kein Wechsel),False
2026-08-18 10:59:59.717,car_ID_2943,car,Potsdam->Berlin,True
2026-08-18 11:00:16.454,car_ID_2946,car,Berlin (kein Wechsel),False
2026-08-18 11:00:16.714,car_ID_2945,car,Berlin (kein Wechsel),False
2026-08-18 11:00:43.719,bicycle_ID_2492,bicycle,Berlin (kein Wechsel),False
2026-08-18 11:00:43.821,bicycle_ID_2493,bicycle,Berlin (kein Wechsel),False
2026-08-18 11:00:44.387,bicycle_ID_2495,bicycle,Berlin (kein Wechsel),False
2026-08-18 11:00:45.020,person_ID_3149,person,Berlin->Potsdam,True
2026-08-18 11:00:45.117,bicycle_ID_2494,bicycle,Berlin->Potsdam,True
2026-08-18 11:00:49.985,car_ID_2948,car,Berlin (kein Wechsel),False
2026-08-18 11:00:50.018,car_ID_2947,car,Berlin (kein Wechsel),False
2026-08-18 11:01:06.959,car_ID_2949,car,Berlin->Potsdam,True
2026-08-18 11:01:51.121,car_ID_2950,car,Berlin (kein Wechsel),False
2026-08-18 11:01:53.760,bus_ID_293,bus,Berlin->Potsdam,True
2026-08-18 11:01:54.326,bus_ID_294,bus,Berlin->Potsdam,True
2026-08-18 11:02:04.120,car_ID_2951,car,Potsdam (kein Wechsel),False
2026-08-18 11:02:15.390,car_ID_2952,car,Potsdam->Berlin,True
2026-08-18 11:02:27.989,car_ID_2953,car,Berlin (kein Wechsel),False
2026-08-18 11:02:34.024,car_ID_2954,car,Berlin->Potsdam,True
2026-08-18 11:03:10.031,car_ID_2955,car,Berlin->Potsdam,True
2026-08-18 11:03:32.028,car_ID_2956,car,Potsdam->Berlin,True
2026-08-18 11:03:53.901,person_ID_3150,person,Berlin (kein Wechsel),False
2026-08-18 11:03:59.364,person_ID_3151,person,Berlin->Potsdam,True
2026-08-18 11:04:03.900,person_ID_3152,person,Potsdam (kein Wechsel),False
2026-08-18 11:04:05.430,car_ID_2957,car,Berlin->Potsdam,True
2026-08-18 11:04:44.964,car_ID_2958,car,Potsdam (kein Wechsel),False
2026-08-18 11:04:47.666,car_ID_2959,car,Potsdam->Berlin,True
2026-08-18 11:04:47.898,car_ID_2960,car,Berlin (kein Wechsel),False
2026-08-18 11:05:03.269,car_ID_2962,car,Berlin (kein Wechsel),False
2026-08-18 11:05:03.335,car_ID_2961,car,Berlin (kein Wechsel),False
2026-08-18 11:05:05.699,bicycle_ID_2496,bicycle,Berlin (kein Wechsel),False
2026-08-18 11:05:07.970,bicycle_ID_2497,bicycle,Berlin->Potsdam,True
2026-08-18 11:05:08.435,person_ID_3153,person,Berlin->Potsdam,True
2026-08-18 11:05:09.334,bicycle_ID_2498,bicycle,Berlin->Potsdam,True
2026-08-18 11:05:09.804,person_ID_3154,person,Berlin->Potsdam,True
2026-08-18 11:05:26.068,bus_ID_296,bus,Potsdam (kein Wechsel),False
2026-08-18 11:05:26.804,person_ID_3155,person,Berlin (kein Wechsel),False
2026-08-18 11:05:29.470,bus_ID_295,bus,Potsdam->Berlin,True
2026-08-18 11:05:29.571,bus_ID_297,bus,Berlin (kein Wechsel),False
2026-08-18 11:05:30.139,car_ID_2963,car,Berlin (kein Wechsel),False
2026-08-18 11:05:38.703,person_ID_3156,person,Berlin->Potsdam,True
2026-08-18 11:05:45.174,bicycle_ID_2499,bicycle,Potsdam (kein Wechsel),False
2026-08-18 11:05:45.435,person_ID_3158,person,Potsdam (kein Wechsel),False
2026-08-18 11:05:46.804,person_ID_3159,person,Berlin (kein Wechsel),False
2026-08-18 11:05:47.503,person_ID_3157,person,Potsdam (kein Wechsel),False
2026-08-18 11:05:48.572,person_ID_3160,person,Berlin (kein Wechsel),False
2026-08-18 11:05:48.835,bicycle_ID_2500,bicycle,Potsdam->Berlin,True
2026-08-18 11:06:04.974,car_ID_2965,car,Potsdam (kein Wechsel),False
2026-08-18 11:06:07.007,car_ID_2964,car,Potsdam->Berlin,True
2026-08-18 11:06:12.239,bicycle_ID_2502,bicycle,Berlin (kein Wechsel),False
2026-08-18 11:06:12.974,bicycle_ID_2501,bicycle,Berlin->Potsdam,True
2026-08-18 11:06:12.974,person_ID_3161,person,Berlin->Potsdam,True
2026-08-18 11:06:13.374,bicycle_ID_2503,bicycle,Potsdam (kein Wechsel),False
2026-08-18 11:06:14.740,person_ID_3162,person,Potsdam (kein Wechsel),False
2026-08-18 11:06:17.946,person_ID_3163,person,Berlin (kein Wechsel),False
2026-08-18 11:06:18.542,car_ID_2966,car,Berlin->Potsdam,True
2026-08-18 11:06:33.641,car_ID_2968,car,Potsdam (kein Wechsel),False
2026-08-18 11:06:35.872,car_ID_2967,car,Potsdam->Berlin,True
2026-08-18 11:06:40.605,bicycle_ID_2504,bicycle,Berlin->Potsdam,True
2026-08-18 11:06:40.605,person_ID_3164,person,Berlin->Potsdam,True
2026-08-18 11:06:42.608,person_ID_3167,person,Berlin (kein Wechsel),False
2026-08-18 11:06:43.308,person_ID_3166,person,Potsdam (kein Wechsel),False
2026-08-18 11:06:43.374,bicycle_ID_2506,bicycle,Berlin (kein Wechsel),False
2026-08-18 11:06:43.375,person_ID_3168,person,Berlin (kein Wechsel),False
2026-08-18 11:06:44.115,bicycle_ID_2505,bicycle,Berlin->Potsdam,True
2026-08-18 11:06:44.609,person_ID_3165,person,Berlin->Potsdam,True
2026-08-18 11:06:45.111,bicycle_ID_2507,bicycle,Berlin (kein Wechsel),False
2026-08-18 11:06:45.504,person_ID_3169,person,Potsdam->Berlin,True
2026-08-18 11:06:45.844,person_ID_3170,person,Berlin (kein Wechsel),False
2026-08-18 11:06:48.106,bicycle_ID_2508,bicycle,Potsdam (kein Wechsel),False
2026-08-18 11:06:49.107,person_ID_3171,person,Berlin (kein Wechsel),False
2026-08-18 11:07:03.304,car_ID_2969,car,Potsdam->Berlin,True
2026-08-18 11:07:17.606,car_ID_2971,car,Berlin->Potsdam,True
2026-08-18 11:07:18.107,car_ID_2970,car,Berlin->Potsdam,True
2026-08-18 11:07:27.078,bicycle_ID_2509,bicycle,Berlin (kein Wechsel),False
2026-08-18 11:07:27.845,bicycle_ID_2511,bicycle,Berlin (kein Wechsel),False
2026-08-18 11:07:29.114,bicycle_ID_2510,bicycle,Berlin->Potsdam,True
2026-08-18 11:07:29.114,person_ID_3172,person,Berlin->Potsdam,True
2026-08-18 11:07:51.276,person_ID_3173,person,Berlin (kein Wechsel),False
2026-08-18 11:07:55.414,bicycle_ID_2512,bicycle,Berlin (kein Wechsel),False
2026-08-18 11:07:55.516,person_ID_3174,person,Berlin (kein Wechsel),False
2026-08-18 11:07:56.214,person_ID_3175,person,Berlin (kein Wechsel),False
2026-08-18 11:07:56.548,person_ID_3176,person,Berlin (kein Wechsel),False
2026-08-18 11:07:56.777,bicycle_ID_2513,bicycle,Berlin->Potsdam,True
2026-08-18 11:07:57.282,person_ID_3177,person,Berlin->Potsdam,True
2026-08-18 11:07:58.011,person_ID_3178,person,Berlin->Potsdam,True
2026-08-18 11:07:58.477,person_ID_3179,person,Potsdam (kein Wechsel),False
2026-08-18 11:08:00.018,person_ID_3180,person,Potsdam (kein Wechsel),False
2026-08-18 11:08:06.281,person_ID_3181,person,Potsdam (kein Wechsel),False
2026-08-18 11:08:08.213,person_ID_3182,person,Potsdam (kein Wechsel),False
2026-08-18 11:08:29.982,bicycle_ID_2514,bicycle,Potsdam (kein Wechsel),False
2026-08-18 11:08:30.518,bicycle_ID_2515,bicycle,Potsdam (kein Wechsel),False
2026-08-18 11:08:30.981,person_ID_3183,person,Potsdam (kein Wechsel),False
2026-08-18 11:08:32.715,person_ID_3184,person,Potsdam->Berlin,True
2026-08-18 11:08:33.647,bicycle_ID_2516,bicycle,Potsdam->Berlin,True
2026-08-18 11:08:34.245,person_ID_3185,person,Berlin (kein Wechsel),False
2026-08-18 11:08:35.414,person_ID_3186,person,Berlin (kein Wechsel),False
2026-08-18 11:09:10.815,person_ID_3188,person,Berlin (kein Wechsel),False
2026-08-18 11:09:24.952,person_ID_3190,person,Berlin (kein Wechsel),False
2026-08-18 11:09:33.617,person_ID_3187,person,Berlin->Potsdam,True
2026-08-18 11:09:38.117,person_ID_3191,person,Berlin (kein Wechsel),False
2026-08-18 11:09:42.047,person_ID_3192,person,Potsdam (kein Wechsel),False
2026-08-18 11:09:44.718,person_ID_3189,person,Berlin->Potsdam,True
2026-08-18 11:09:46.187,car_ID_2972,car,Potsdam->Berlin,True
2026-08-18 11:09:51.317,person_ID_3194,person,Potsdam (kein Wechsel),False
2026-08-18 11:09:53.252,car_ID_2973,car,Berlin->Potsdam,True
2026-08-18 11:09:54.386,person_ID_3193,person,Potsdam (kein Wechsel),False
2026-08-18 11:09:54.520,person_ID_3195,person,Potsdam (kein Wechsel),False
2026-08-18 11:10:06.086,car_ID_2974,car,Berlin->Potsdam,True
2026-08-18 11:10:06.518,car_ID_2976,car,Berlin (kein Wechsel),False
2026-08-18 11:10:06.958,car_ID_2977,car,Potsdam (kein Wechsel),False
2026-08-18 11:10:07.851,car_ID_2975,car,Berlin (kein Wechsel),False
2026-08-18 11:10:19.691,bicycle_ID_2518,bicycle,Berlin (kein Wechsel),False
2026-08-18 11:10:21.053,person_ID_3196,person,Berlin (kein Wechsel),False
2026-08-18 11:10:21.187,bicycle_ID_2517,bicycle,Berlin->Potsdam,True
2026-08-18 11:10:45.387,car_ID_2978,car,Berlin (kein Wechsel),False
2026-08-18 11:11:04.420,car_ID_2979,car,Berlin (kein Wechsel),False
2026-08-18 11:11:04.490,car_ID_2980,car,Berlin (kein Wechsel),False
2026-08-18 11:11:10.094,person_ID_3197,person,Potsdam (kein Wechsel),False
2026-08-18 11:11:10.456,person_ID_3198,person,Potsdam (kein Wechsel),False
2026-08-18 11:11:11.189,person_ID_3200,person,Potsdam (kein Wechsel),False
2026-08-18 11:11:11.492,bicycle_ID_2519,bicycle,Berlin (kein Wechsel),False
2026-08-18 11:11:11.792,bicycle_ID_2520,bicycle,Berlin (kein Wechsel),False
2026-08-18 11:11:12.092,person_ID_3199,person,Berlin (kein Wechsel),False
2026-08-18 11:11:12.558,bicycle_ID_2521,bicycle,Potsdam (kein Wechsel),False
2026-08-18 11:11:12.925,person_ID_3201,person,Potsdam (kein Wechsel),False
2026-08-18 11:11:15.926,person_ID_3202,person,Potsdam (kein Wechsel),False
2026-08-18 11:11:16.088,person_ID_3203,person,Berlin (kein Wechsel),False
2026-08-18 11:11:17.922,person_ID_3204,person,Berlin (kein Wechsel),False
2026-08-18 11:11:24.789,person_ID_3205,person,Berlin (kein Wechsel),False
2026-08-18 11:11:25.654,person_ID_3206,person,Berlin (kein Wechsel),False
2026-08-18 11:11:26.523,person_ID_3207,person,Berlin (kein Wechsel),False
2026-08-18 11:11:32.829,car_ID_2981,car,Berlin->Potsdam,True
2026-08-18 11:11:56.697,bicycle_ID_2522,bicycle,Berlin (kein Wechsel),False
2026-08-18 11:11:57.893,person_ID_3208,person,Berlin (kein Wechsel),False
2026-08-18 11:11:58.062,person_ID_3209,person,Berlin->Potsdam,True
2026-08-18 11:11:58.562,bicycle_ID_2523,bicycle,Berlin->Potsdam,True
2026-08-18 11:12:14.095,car_ID_2983,car,Berlin (kein Wechsel),False
2026-08-18 11:12:14.324,bus_ID_298,bus,Berlin (kein Wechsel),False
2026-08-18 11:12:14.395,bus_ID_299,bus,Berlin (kein Wechsel),False
2026-08-18 11:12:14.661,car_ID_2982,car,Potsdam->Berlin,True
2026-08-18 11:12:15.597,car_ID_2984,car,Berlin->Potsdam,True
2026-08-18 11:12:18.564,car_ID_2985,car,Potsdam->Berlin,True
2026-08-18 11:12:51.897,car_ID_2986,car,Potsdam->Berlin,True
2026-08-18 11:12:53.033,car_ID_2987,car,Berlin (kein Wechsel),False
2026-08-18 11:12:54.532,bicycle_ID_2524,bicycle,Potsdam (kein Wechsel),False
2026-08-18 11:12:54.733,person_ID_3210,person,Potsdam (kein Wechsel),False
2026-08-18 11:12:56.094,person_ID_3211,person,Potsdam (kein Wechsel),False
2026-08-18 11:12:59.263,bicycle_ID_2525,bicycle,Berlin (kein Wechsel),False
2026-08-18 11:12:59.263,person_ID_3212,person,Berlin (kein Wechsel),False
2026-08-18 11:13:17.831,person_ID_3213,person,Potsdam (kein Wechsel),False
2026-08-18 11:13:19.233,bicycle_ID_2526,bicycle,Potsdam (kein Wechsel),False
2026-08-18 11:13:20.698,person_ID_3214,person,Berlin (kein Wechsel),False
2026-08-18 11:13:21.097,bicycle_ID_2527,bicycle,Potsdam->Berlin,True
2026-08-18 11:13:22.203,bicycle_ID_2528,bicycle,Berlin (kein Wechsel),False
2026-08-18 11:13:24.367,person_ID_3215,person,Berlin->Potsdam,True
2026-08-18 11:13:24.896,bicycle_ID_2529,bicycle,Berlin->Potsdam,True
2026-08-18 11:13:29.472,bicycle_ID_2531,bicycle,Berlin (kein Wechsel),False
2026-08-18 11:13:29.766,bicycle_ID_2532,bicycle,Berlin (kein Wechsel),False
2026-08-18 11:13:30.298,bicycle_ID_2530,bicycle,Berlin->Potsdam,True
2026-08-18 11:13:30.298,bicycle_ID_2533,bicycle,Berlin (kein Wechsel),False
2026-08-18 11:13:30.865,person_ID_3216,person,Berlin->Potsdam,True
2026-08-18 11:13:32.496,car_ID_2989,car,Potsdam (kein Wechsel),False
2026-08-18 11:13:35.665,car_ID_2988,car,Potsdam->Berlin,True
2026-08-18 11:13:50.202,car_ID_2990,car,Berlin (kein Wechsel),False
2026-08-18 11:14:06.371,bicycle_ID_2534,bicycle,Berlin (kein Wechsel),False
2026-08-18 11:14:07.168,bicycle_ID_2535,bicycle,Berlin (kein Wechsel),False
2026-08-18 11:14:07.168,person_ID_3217,person,Berlin (kein Wechsel),False
2026-08-18 11:14:13.337,person_ID_3218,person,Berlin (kein Wechsel),False
2026-08-18 11:14:29.436,car_ID_2992,car,Berlin (kein Wechsel),False
2026-08-18 11:14:29.604,car_ID_2991,car,Berlin (kein Wechsel),False
2026-08-18 11:14:31.736,car_ID_2993,car,Potsdam (kein Wechsel),False
2026-08-18 11:14:34.800,car_ID_2994,car,Berlin (kein Wechsel),False
2026-08-18 11:14:59.344,car_ID_2995,car,Potsdam->Berlin,True
2026-08-18 11:15:09.341,person_ID_3219,person,Potsdam (kein Wechsel),False
2026-08-18 11:15:14.105,person_ID_3220,person,Potsdam (kein Wechsel),False
2026-08-18 11:15:14.410,person_ID_3222,person,Potsdam (kein Wechsel),False
2026-08-18 11:15:14.638,person_ID_3221,person,Potsdam (kein Wechsel),False
2026-08-18 11:15:14.975,person_ID_3223,person,Berlin (kein Wechsel),False
2026-08-18 11:15:15.172,person_ID_3224,person,Berlin (kein Wechsel),False
2026-08-18 11:15:16.708,person_ID_3226,person,Berlin (kein Wechsel),False
2026-08-18 11:15:17.669,person_ID_3225,person,Berlin (kein Wechsel),False
2026-08-18 11:15:19.238,person_ID_3228,person,Berlin (kein Wechsel),False
2026-08-18 11:15:20.304,person_ID_3227,person,Potsdam->Berlin,True
2026-08-18 11:15:24.939,car_ID_2996,car,Berlin->Potsdam,True
2026-08-18 11:15:27.744,bicycle_ID_2536,bicycle,Potsdam (kein Wechsel),False
2026-08-18 11:15:28.506,person_ID_3229,person,Berlin (kein Wechsel),False
2026-08-18 11:15:30.372,car_ID_2997,car,Potsdam->Berlin,True
2026-08-18 11:15:40.242,person_ID_3230,person,Berlin (kein Wechsel),False
2026-08-18 11:15:53.342,car_ID_2998,car,Berlin->Potsdam,True
2026-08-18 11:16:36.445,car_ID_2999,car,Potsdam->Berlin,True
2026-08-18 11:16:57.947,bus_ID_300,bus,Berlin (kein Wechsel),False
2026-08-18 11:16:58.220,car_ID_3000,car,Potsdam->Berlin,True
2026-08-18 11:17:13.249,person_ID_3231,person,Potsdam (kein Wechsel),False
2026-08-18 11:17:16.485,person_ID_3232,person,Potsdam (kein Wechsel),False
2026-08-18 11:17:19.581,person_ID_3233,person,Potsdam->Berlin,True
2026-08-18 11:17:27.915,person_ID_3234,person,Berlin (kein Wechsel),False
2026-08-18 11:17:28.850,person_ID_3235,person,Berlin (kein Wechsel),False
2026-08-18 11:18:13.851,car_ID_3001,car,Berlin (kein Wechsel),False
2026-08-18 11:18:13.951,car_ID_3002,car,Berlin (kein Wechsel),False
2026-08-18 11:18:41.991,car_ID_3003,car,Potsdam (kein Wechsel),False
2026-08-18 11:18:44.119,car_ID_3004,car,Potsdam->Berlin,True
2026-08-18 11:18:55.825,person_ID_3236,person,Berlin (kein Wechsel),False
2026-08-18 11:19:03.620,person_ID_3237,person,Berlin (kein Wechsel),False
2026-08-18 11:19:12.956,person_ID_3238,person,Berlin->Potsdam,True
2026-08-18 11:19:17.424,car_ID_3005,car,Berlin->Potsdam,True
2026-08-18 11:19:20.989,person_ID_3239,person,Potsdam (kein Wechsel),False
2026-08-18 11:19:28.291,person_ID_3240,person,Berlin->Potsdam,True
2026-08-18 11:19:28.791,bicycle_ID_2537,bicycle,Berlin->Potsdam,True
2026-08-18 11:20:09.360,car_ID_3007,car,Berlin->Potsdam,True
2026-08-18 11:20:09.491,car_ID_3006,car,Berlin->Potsdam,True
2026-08-18 11:20:11.092,car_ID_3008,car,Berlin->Potsdam,True
2026-08-18 11:20:32.797,car_ID_3009,car,Potsdam->Berlin,True
2026-08-18 11:20:47.198,car_ID_3010,car,Potsdam->Berlin,True
2026-08-18 11:21:03.696,person_ID_3241,person,Potsdam (kein Wechsel),False
2026-08-18 11:21:05.431,bicycle_ID_2538,bicycle,Potsdam (kein Wechsel),False
2026-08-18 11:21:07.430,person_ID_3242,person,Berlin (kein Wechsel),False
2026-08-18 11:21:23.628,car_ID_3011,car,Berlin (kein Wechsel),False
2026-08-18 11:21:24.696,bus_ID_302,bus,Berlin (kein Wechsel),False
2026-08-18 11:21:25.697,bus_ID_303,bus,Berlin->Potsdam,True
2026-08-18 11:21:25.930,bus_ID_301,bus,Berlin (kein Wechsel),False
2026-08-18 11:21:27.465,bus_ID_304,bus,Potsdam (kein Wechsel),False
2026-08-18 11:21:32.900,car_ID_3012,car,Berlin->Potsdam,True
2026-08-18 11:21:35.400,car_ID_3013,car,Berlin->Potsdam,True
2026-08-18 11:21:37.002,car_ID_3014,car,Berlin (kein Wechsel),False
2026-08-18 11:21:37.304,car_ID_3015,car,Berlin->Potsdam,True
2026-08-18 11:21:43.533,person_ID_3243,person,Potsdam (kein Wechsel),False
2026-08-18 11:21:49.101,person_ID_3244,person,Potsdam (kein Wechsel),False
2026-08-18 11:21:49.998,car_ID_3016,car,Potsdam->Berlin,True
2026-08-18 11:22:01.603,person_ID_3245,person,Potsdam->Berlin,True
2026-08-18 11:22:11.932,person_ID_3246,person,Berlin (kein Wechsel),False
2026-08-18 11:22:14.733,car_ID_3017,car,Potsdam (kein Wechsel),False
2026-08-18 11:22:15.035,car_ID_3018,car,Potsdam (kein Wechsel),False
2026-08-18 11:22:16.968,car_ID_3019,car,Potsdam->Berlin,True
2026-08-18 11:23:14.775,car_ID_3020,car,Potsdam (kein Wechsel),False
2026-08-18 11:23:15.872,car_ID_3022,car,Potsdam (kein Wechsel),False
2026-08-18 11:23:17.772,car_ID_3021,car,Potsdam->Berlin,True
2026-08-18 11:23:36.673,person_ID_3247,person,Potsdam (kein Wechsel),False
2026-08-18 11:23:38.040,person_ID_3248,person,Potsdam (kein Wechsel),False
2026-08-18 11:23:38.339,bicycle_ID_2539,bicycle,Potsdam->Berlin,True
2026-08-18 11:23:39.905,bicycle_ID_2540,bicycle,Berlin (kein Wechsel),False
2026-08-18 11:23:40.674,person_ID_3249,person,Berlin (kein Wechsel),False
2026-08-18 11:23:40.844,bicycle_ID_2541,bicycle,Berlin (kein Wechsel),False
2026-08-18 11:23:41.075,person_ID_3250,person,Berlin (kein Wechsel),False
2026-08-18 11:24:45.478,car_ID_3023,car,Potsdam->Berlin,True
2026-08-18 11:25:08.881,car_ID_3025,car,Berlin (kein Wechsel),False
2026-08-18 11:25:10.187,car_ID_3024,car,Berlin->Potsdam,True
2026-08-18 11:25:29.448,person_ID_3251,person,Potsdam (kein Wechsel),False
2026-08-18 11:25:30.650,bicycle_ID_2542,bicycle,Potsdam (kein Wechsel),False
2026-08-18 11:25:33.614,bicycle_ID_2543,bicycle,Berlin (kein Wechsel),False
2026-08-18 11:25:33.680,person_ID_3252,person,Potsdam->Berlin,True
2026-08-18 11:25:34.681,person_ID_3253,person,Berlin (kein Wechsel),False
2026-08-18 11:25:34.880,bicycle_ID_2544,bicycle,Berlin (kein Wechsel),False
2026-08-18 11:25:35.915,person_ID_3254,person,Potsdam (kein Wechsel),False
2026-08-18 11:25:37.780,bus_ID_305,bus,Potsdam->Berlin,True
2026-08-18 11:25:38.051,car_ID_3027,car,Berlin (kein Wechsel),False
2026-08-18 11:25:38.082,bicycle_ID_2545,bicycle,Berlin (kein Wechsel),False
2026-08-18 11:25:38.912,person_ID_3255,person,Berlin (kein Wechsel),False
2026-08-18 11:25:39.347,person_ID_3256,person,Berlin (kein Wechsel),False
2026-08-18 11:25:41.985,car_ID_3026,car,Potsdam->Berlin,True
2026-08-18 11:25:45.317,car_ID_3028,car,Berlin->Potsdam,True
2026-08-18 11:25:56.250,car_ID_3029,car,Potsdam->Berlin,True
2026-08-18 11:25:59.283,car_ID_3030,car,Berlin->Potsdam,True
2026-08-18 11:26:14.754,car_ID_3031,car,Potsdam->Berlin,True
2026-08-18 11:26:15.818,person_ID_3257,person,Berlin (kein Wechsel),False
2026-08-18 11:26:16.083,bicycle_ID_2546,bicycle,Berlin (kein Wechsel),False
2026-08-18 11:26:16.387,bicycle_ID_2547,bicycle,Berlin->Potsdam,True
2026-08-18 11:26:16.815,person_ID_3258,person,Potsdam (kein Wechsel),False
2026-08-18 11:26:43.786,bicycle_ID_2548,bicycle,Berlin (kein Wechsel),False
2026-08-18 11:26:44.588,bicycle_ID_2550,bicycle,Berlin (kein Wechsel),False
2026-08-18 11:26:44.786,person_ID_3259,person,Berlin (kein Wechsel),False
2026-08-18 11:26:45.154,bicycle_ID_2549,bicycle,Berlin (kein Wechsel),False
2026-08-18 11:26:53.622,car_ID_3032,car,Berlin->Potsdam,True
2026-08-18 11:26:55.190,car_ID_3033,car,Potsdam (kein Wechsel),False
2026-08-18 11:27:23.355,car_ID_3035,car,Potsdam (kein Wechsel),False
2026-08-18 11:27:24.060,car_ID_3034,car,Berlin->Potsdam,True
2026-08-18 11:27:26.323,bicycle_ID_2551,bicycle,Potsdam (kein Wechsel),False
2026-08-18 11:27:27.622,person_ID_3260,person,Potsdam (kein Wechsel),False
2026-08-18 11:27:30.026,person_ID_3261,person,Potsdam->Berlin,True
2026-08-18 11:27:30.386,person_ID_3262,person,Berlin (kein Wechsel),False
2026-08-18 11:27:33.425,person_ID_3263,person,Berlin (kein Wechsel),False
2026-08-18 11:27:39.255,bicycle_ID_2552,bicycle,Berlin (kein Wechsel),False
2026-08-18 11:27:40.292,person_ID_3264,person,Berlin->Potsdam,True
2026-08-18 11:28:23.860,car_ID_3037,car,Potsdam (kein Wechsel),False
2026-08-18 11:28:25.725,car_ID_3036,car,Potsdam->Berlin,True
2026-08-18 11:28:34.895,bicycle_ID_2553,bicycle,Berlin->Potsdam,True
2026-08-18 11:28:35.355,person_ID_3265,person,Berlin->Potsdam,True
2026-08-18 11:28:40.394,car_ID_3038,car,Berlin->Potsdam,True
2026-08-18 11:29:31.430,car_ID_3039,car,Potsdam->Berlin,True
2026-08-18 11:29:34.865,car_ID_3040,car,Berlin->Potsdam,True
2026-08-18 11:29:49.062,person_ID_3266,person,Berlin (kein Wechsel),False
2026-08-18 11:29:54.400,car_ID_3041,car,Berlin->Potsdam,True
2026-08-18 11:29:55.433,person_ID_3267,person,Berlin (kein Wechsel),False
2026-08-18 11:30:07.166,person_ID_3268,person,Berlin->Potsdam,True
2026-08-18 11:30:14.134,person_ID_3269,person,Potsdam (kein Wechsel),False
2026-08-18 11:30:18.066,car_ID_3042,car,Berlin->Potsdam,True
2026-08-18 11:30:22.499,bicycle_ID_2554,bicycle,Potsdam (kein Wechsel),False
2026-08-18 11:30:25.567,bicycle_ID_2555,bicycle,Potsdam (kein Wechsel),False
2026-08-18 11:30:26.000,person_ID_3270,person,Potsdam->Berlin,True
2026-08-18 11:30:27.501,bicycle_ID_2556,bicycle,Berlin (kein Wechsel),False
2026-08-18 11:30:28.200,car_ID_3043,car,Berlin->Potsdam,True
2026-08-18 11:30:29.565,bicycle_ID_2557,bicycle,Berlin (kein Wechsel),False
2026-08-18 11:30:30.134,person_ID_3271,person,Berlin (kein Wechsel),False
2026-08-18 11:30:48.033,car_ID_3044,car,Potsdam->Berlin,True
2026-08-18 11:30:48.368,bicycle_ID_2558,bicycle,Potsdam (kein Wechsel),False
2026-08-18 11:30:49.475,bicycle_ID_2559,bicycle,Potsdam (kein Wechsel),False
2026-08-18 11:30:50.535,person_ID_3272,person,Potsdam (kein Wechsel),False
2026-08-18 11:30:50.672,bicycle_ID_2560,bicycle,Potsdam (kein Wechsel),False
2026-08-18 11:30:51.869,bicycle_ID_2561,bicycle,Potsdam->Berlin,True
2026-08-18 11:30:52.906,bicycle_ID_2562,bicycle,Berlin (kein Wechsel),False
2026-08-18 11:30:54.834,bicycle_ID_2563,bicycle,Berlin (kein Wechsel),False
2026-08-18 11:30:55.204,bicycle_ID_2564,bicycle,Berlin (kein Wechsel),False
2026-08-18 11:30:55.637,person_ID_3273,person,Potsdam->Berlin,True
2026-08-18 11:31:17.101,bicycle_ID_2565,bicycle,Berlin->Potsdam,True
2026-08-18 11:31:17.772,bicycle_ID_2566,bicycle,Berlin->Potsdam,True
2026-08-18 11:31:17.872,person_ID_3275,person,Berlin->Potsdam,True
2026-08-18 11:31:21.134,bicycle_ID_2567,bicycle,Berlin->Potsdam,True
2026-08-18 11:31:21.134,person_ID_3276,person,Berlin->Potsdam,True
2026-08-18 11:31:29.141,person_ID_3274,person,Berlin->Potsdam,True
2026-08-18 11:31:35.043,car_ID_3045,car,Berlin (kein Wechsel),False
2026-08-18 11:31:35.173,car_ID_3046,car,Berlin (kein Wechsel),False
2026-08-18 11:31:36.805,car_ID_3047,car,Potsdam (kein Wechsel),False
2026-08-18 11:31:41.474,bicycle_ID_2569,bicycle,Berlin (kein Wechsel),False
2026-08-18 11:31:42.803,bicycle_ID_2568,bicycle,Berlin->Potsdam,True
2026-08-18 11:31:42.871,person_ID_3277,person,Berlin->Potsdam,True
2026-08-18 11:32:09.904,person_ID_3278,person,Berlin->Potsdam,True
2026-08-18 11:32:11.206,person_ID_3279,person,Potsdam (kein Wechsel),False
2026-08-18 11:32:17.373,person_ID_3280,person,Potsdam (kein Wechsel),False
2026-08-18 11:32:18.842,person_ID_3281,person,Potsdam (kein Wechsel),False
2026-08-18 11:32:21.905,car_ID_3048,car,Potsdam (kein Wechsel),False
2026-08-18 11:32:21.974,car_ID_3049,car,Potsdam (kein Wechsel),False
2026-08-18 11:32:23.745,car_ID_3051,car,Potsdam->Berlin,True
2026-08-18 11:32:23.842,car_ID_3050,car,Potsdam->Berlin,True
2026-08-18 11:32:25.578,car_ID_3053,car,Berlin (kein Wechsel),False
2026-08-18 11:32:26.942,car_ID_3052,car,Berlin (kein Wechsel),False
2026-08-18 11:32:28.640,car_ID_3054,car,Berlin->Potsdam,True
2026-08-18 11:33:17.247,car_ID_3055,car,Potsdam (kein Wechsel),False
2026-08-18 11:33:20.717,car_ID_3056,car,Potsdam->Berlin,True
2026-08-18 11:33:26.009,person_ID_3282,person,Berlin->Potsdam,True
2026-08-18 11:33:30.720,person_ID_3284,person,Potsdam (kein Wechsel),False
2026-08-18 11:33:35.579,person_ID_3283,person,Berlin->Potsdam,True
2026-08-18 11:33:35.982,person_ID_3285,person,Berlin->Potsdam,True
2026-08-18 11:33:39.814,person_ID_3287,person,Potsdam (kein Wechsel),False
2026-08-18 11:33:40.412,person_ID_3286,person,Potsdam (kein Wechsel),False
2026-08-18 11:33:47.847,bicycle_ID_2570,bicycle,Berlin (kein Wechsel),False
2026-08-18 11:33:48.147,bicycle_ID_2571,bicycle,Berlin->Potsdam,True
2026-08-18 11:33:48.146,person_ID_3288,person,Berlin->Potsdam,True
2026-08-18 11:34:00.048,person_ID_3289,person,Berlin->Potsdam,True
2026-08-18 11:34:30.416,car_ID_3057,car,Potsdam (kein Wechsel),False
2026-08-18 11:34:30.917,bus_ID_306,bus,Potsdam (kein Wechsel),False
2026-08-18 11:35:26.220,car_ID_3058,car,Potsdam->Berlin,True
2026-08-18 11:35:50.721,bicycle_ID_2572,bicycle,Potsdam (kein Wechsel),False
2026-08-18 11:35:50.955,person_ID_3290,person,Potsdam (kein Wechsel),False
2026-08-18 11:35:51.352,person_ID_3291,person,Potsdam (kein Wechsel),False
2026-08-18 11:35:56.222,bicycle_ID_2574,bicycle,Potsdam->Berlin,True
2026-08-18 11:35:57.387,person_ID_3292,person,Potsdam->Berlin,True
2026-08-18 11:35:57.721,bicycle_ID_2573,bicycle,Potsdam->Berlin,True
2026-08-18 11:36:45.724,car_ID_3059,car,Potsdam (kein Wechsel),False
2026-08-18 11:36:47.651,car_ID_3061,car,Berlin (kein Wechsel),False
2026-08-18 11:36:47.820,bus_ID_307,bus,Berlin (kein Wechsel),False
2026-08-18 11:36:48.051,car_ID_3060,car,Potsdam->Berlin,True
2026-08-18 11:36:52.221,car_ID_3062,car,Potsdam->Berlin,True
2026-08-18 11:37:26.225,car_ID_3063,car,Potsdam->Berlin,True
2026-08-18 11:37:50.595,bicycle_ID_2575,bicycle,Berlin (kein Wechsel),False
2026-08-18 11:37:53.426,bicycle_ID_2577,bicycle,Berlin (kein Wechsel),False
2026-08-18 11:37:54.232,bicycle_ID_2576,bicycle,Berlin->Potsdam,True
2026-08-18 11:37:54.464,person_ID_3293,person,Berlin->Potsdam,True
2026-08-18 11:38:15.226,car_ID_3064,car,Potsdam->Berlin,True
2026-08-18 11:38:21.968,car_ID_3065,car,Berlin->Potsdam,True
2026-08-18 11:38:35.565,car_ID_3066,car,Berlin->Potsdam,True
2026-08-18 11:38:37.132,bicycle_ID_2578,bicycle,Potsdam (kein Wechsel),False
2026-08-18 11:38:37.797,person_ID_3294,person,Potsdam (kein Wechsel),False
2026-08-18 11:38:39.133,bicycle_ID_2579,bicycle,Potsdam->Berlin,True
2026-08-18 11:38:39.368,person_ID_3295,person,Potsdam->Berlin,True
2026-08-18 11:38:40.265,person_ID_3296,person,Berlin (kein Wechsel),False
2026-08-18 11:38:41.103,bicycle_ID_2580,bicycle,Berlin (kein Wechsel),False
2026-08-18 11:38:41.364,car_ID_3068,car,Berlin (kein Wechsel),False
2026-08-18 11:38:42.564,car_ID_3067,car,Berlin->Potsdam,True
2026-08-18 11:38:43.805,car_ID_3069,car,Potsdam (kein Wechsel),False
2026-08-18 11:39:20.269,bicycle_ID_2582,bicycle,Berlin (kein Wechsel),False
2026-08-18 11:39:22.168,bicycle_ID_2583,bicycle,Berlin->Potsdam,True
2026-08-18 11:39:22.398,person_ID_3297,person,Berlin->Potsdam,True
2026-08-18 11:39:22.836,bicycle_ID_2581,bicycle,Berlin->Potsdam,True
2026-08-18 11:39:30.768,car_ID_3071,car,Potsdam (kein Wechsel),False
2026-08-18 11:39:31.203,car_ID_3070,car,Potsdam (kein Wechsel),False
2026-08-18 11:39:31.367,bus_ID_308,bus,Potsdam (kein Wechsel),False
2026-08-18 11:39:33.568,car_ID_3072,car,Berlin (kein Wechsel),False
2026-08-18 11:39:34.070,car_ID_3074,car,Berlin (kein Wechsel),False
2026-08-18 11:39:34.168,car_ID_3073,car,Berlin (kein Wechsel),False
2026-08-18 11:39:37.497,person_ID_3298,person,Berlin (kein Wechsel),False
2026-08-18 11:39:44.505,person_ID_3300,person,Berlin (kein Wechsel),False
2026-08-18 11:39:49.300,person_ID_3299,person,Berlin (kein Wechsel),False
2026-08-18 11:40:13.242,car_ID_3076,car,Berlin->Potsdam,True
2026-08-18 11:40:13.637,car_ID_3075,car,Berlin->Potsdam,True
2026-08-18 11:40:14.538,car_ID_3077,car,Potsdam (kein Wechsel),False
2026-08-18 11:40:27.372,car_ID_3078,car,Berlin (kein Wechsel),False
2026-08-18 11:40:30.610,bus_ID_309,bus,Berlin->Potsdam,True
2026-08-18 11:40:35.409,bicycle_ID_2585,bicycle,Berlin (kein Wechsel),False
2026-08-18 11:40:36.408,bicycle_ID_2586,bicycle,Berlin (kein Wechsel),False
2026-08-18 11:40:36.539,person_ID_3301,person,Berlin->Potsdam,True
2026-08-18 11:40:37.008,bicycle_ID_2584,bicycle,Berlin->Potsdam,True
2026-08-18 11:40:37.306,car_ID_3079,car,Berlin->Potsdam,True
2026-08-18 11:40:47.771,bicycle_ID_2587,bicycle,Potsdam (kein Wechsel),False
2026-08-18 11:40:47.870,person_ID_3302,person,Potsdam (kein Wechsel),False
2026-08-18 11:40:51.306,person_ID_3303,person,Potsdam->Berlin,True
2026-08-18 11:40:51.338,bicycle_ID_2588,bicycle,Potsdam->Berlin,True
2026-08-18 11:40:51.870,bicycle_ID_2589,bicycle,Potsdam->Berlin,True
2026-08-18 11:40:51.911,person_ID_3304,person,Berlin (kein Wechsel),False
2026-08-18 11:40:52.108,bicycle_ID_2590,bicycle,Berlin (kein Wechsel),False
2026-08-18 11:40:53.408,bicycle_ID_2591,bicycle,Berlin (kein Wechsel),False
2026-08-18 11:40:54.275,person_ID_3305,person,Berlin (kein Wechsel),False
2026-08-18 11:40:54.809,car_ID_3080,car,Berlin (kein Wechsel),False
2026-08-18 11:40:58.343,bicycle_ID_2592,bicycle,Potsdam (kein Wechsel),False
2026-08-18 11:41:01.239,bicycle_ID_2594,bicycle,Potsdam->Berlin,True
2026-08-18 11:41:02.342,bicycle_ID_2593,bicycle,Potsdam->Berlin,True
2026-08-18 11:41:02.510,car_ID_3082,car,Berlin (kein Wechsel),False
2026-08-18 11:41:02.872,person_ID_3306,person,Potsdam->Berlin,True
2026-08-18 11:41:03.941,car_ID_3081,car,Potsdam (kein Wechsel),False
2026-08-18 11:41:04.007,bus_ID_310,bus,Potsdam (kein Wechsel),False
2026-08-18 11:41:04.545,bicycle_ID_2595,bicycle,Berlin (kein Wechsel),False
2026-08-18 11:41:05.043,car_ID_3084,car,Potsdam (kein Wechsel),False
2026-08-18 11:41:05.509,person_ID_3307,person,Berlin (kein Wechsel),False
2026-08-18 11:41:06.141,car_ID_3085,car,Berlin (kein Wechsel),False
2026-08-18 11:41:06.904,car_ID_3083,car,Berlin (kein Wechsel),False
2026-08-18 11:41:16.874,car_ID_3086,car,Potsdam->Berlin,True
2026-08-18 11:41:54.244,car_ID_3087,car,Berlin->Potsdam,True
2026-08-18 11:42:12.743,car_ID_3088,car,Berlin (kein Wechsel),False
2026-08-18 11:42:12.979,car_ID_3089,car,Berlin (kein Wechsel),False
2026-08-18 11:42:15.015,person_ID_3308,person,Potsdam (kein Wechsel),False
2026-08-18 11:42:21.084,car_ID_3090,car,Berlin->Potsdam,True
2026-08-18 11:42:21.981,car_ID_3091,car,Potsdam (kein Wechsel),False
2026-08-18 11:42:31.946,person_ID_3309,person,Potsdam->Berlin,True
2026-08-18 11:42:33.244,person_ID_3310,person,Berlin (kein Wechsel),False
2026-08-18 11:42:44.279,person_ID_3311,person,Berlin (kein Wechsel),False
2026-08-18 11:42:52.812,car_ID_3092,car,Berlin->Potsdam,True
2026-08-18 11:43:33.250,car_ID_3094,car,Berlin (kein Wechsel),False
2026-08-18 11:43:34.583,car_ID_3093,car,Berlin->Potsdam,True
2026-08-18 11:43:35.552,person_ID_3313,person,Potsdam (kein Wechsel),False
2026-08-18 11:43:35.817,person_ID_3314,person,Potsdam (kein Wechsel),False
2026-08-18 11:43:36.516,person_ID_3312,person,Potsdam (kein Wechsel),False
2026-08-18 11:43:37.186,person_ID_3315,person,Potsdam (kein Wechsel),False
2026-08-18 11:43:37.656,person_ID_3316,person,Potsdam (kein Wechsel),False
2026-08-18 11:43:40.417,car_ID_3095,car,Berlin->Potsdam,True
2026-08-18 11:43:41.916,car_ID_3096,car,Potsdam (kein Wechsel),False
2026-08-18 11:43:45.785,person_ID_3317,person,Potsdam->Berlin,True
2026-08-18 11:43:46.752,person_ID_3318,person,Berlin (kein Wechsel),False
2026-08-18 11:43:47.521,person_ID_3319,person,Berlin (kein Wechsel),False
2026-08-18 11:43:47.920,car_ID_3098,car,Berlin (kein Wechsel),False
2026-08-18 11:43:48.891,car_ID_3097,car,Berlin (kein Wechsel),False
2026-08-18 11:43:49.116,car_ID_3099,car,Berlin->Potsdam,True
2026-08-18 11:43:49.686,car_ID_3100,car,Potsdam (kein Wechsel),False
2026-08-18 11:44:21.619,car_ID_3101,car,Berlin (kein Wechsel),False
2026-08-18 11:44:28.487,car_ID_3102,car,Berlin->Potsdam,True
2026-08-18 11:44:45.056,car_ID_3103,car,Berlin (kein Wechsel),False
2026-08-18 11:44:46.253,person_ID_3320,person,Berlin (kein Wechsel),False
2026-08-18 11:44:46.789,person_ID_3321,person,Berlin->Potsdam,True
2026-08-18 11:45:11.254,person_ID_3322,person,Berlin (kein Wechsel),False
2026-08-18 11:45:45.718,person_ID_3323,person,Potsdam->Berlin,True
2026-08-18 11:45:49.790,person_ID_3324,person,Potsdam (kein Wechsel),False
2026-08-18 11:45:50.690,person_ID_3326,person,Potsdam (kein Wechsel),False
2026-08-18 11:45:50.958,person_ID_3325,person,Potsdam (kein Wechsel),False
2026-08-18 11:45:51.192,car_ID_3104,car,Potsdam->Berlin,True
2026-08-18 11:45:52.893,bicycle_ID_2596,bicycle,Berlin (kein Wechsel),False
2026-08-18 11:45:52.927,person_ID_3327,person,Berlin (kein Wechsel),False
2026-08-18 11:45:53.127,person_ID_3328,person,Berlin (kein Wechsel),False
2026-08-18 11:46:08.632,car_ID_3105,car,Potsdam->Berlin,True
2026-08-18 11:46:28.660,car_ID_3106,car,Berlin->Potsdam,True
2026-08-18 11:46:28.726,car_ID_3107,car,Berlin->Potsdam,True
2026-08-18 11:46:31.563,bicycle_ID_2597,bicycle,Berlin (kein Wechsel),False
2026-08-18 11:46:31.962,bicycle_ID_2598,bicycle,Berlin->Potsdam,True
2026-08-18 11:46:32.397,person_ID_3329,person,Berlin->Potsdam,True
2026-08-18 11:46:32.462,bicycle_ID_2599,bicycle,Potsdam (kein Wechsel),False
2026-08-18 11:46:33.260,person_ID_3330,person,Potsdam (kein Wechsel),False
2026-08-18 11:46:35.325,bicycle_ID_2600,bicycle,Potsdam->Berlin,True
2026-08-18 11:46:36.233,bicycle_ID_2602,bicycle,Berlin (kein Wechsel),False
2026-08-18 11:46:37.029,person_ID_3332,person,Berlin (kein Wechsel),False
2026-08-18 11:46:37.161,bicycle_ID_2603,bicycle,Berlin (kein Wechsel),False
2026-08-18 11:46:37.192,bicycle_ID_2601,bicycle,Berlin (kein Wechsel),False
2026-08-18 11:46:37.228,person_ID_3333,person,Berlin (kein Wechsel),False
2026-08-18 11:46:37.262,person_ID_3331,person,Potsdam->Berlin,True
2026-08-18 11:46:37.430,person_ID_3334,person,Potsdam (kein Wechsel),False
2026-08-18 11:46:37.497,bicycle_ID_2605,bicycle,Berlin->Potsdam,True
2026-08-18 11:46:37.928,bicycle_ID_2604,bicycle,Berlin (kein Wechsel),False
2026-08-18 11:46:41.661,car_ID_3108,car,Potsdam (kein Wechsel),False
2026-08-18 11:46:42.896,car_ID_3109,car,Potsdam (kein Wechsel),False
2026-08-18 11:46:43.095,car_ID_3110,car,Potsdam (kein Wechsel),False
2026-08-18 11:47:00.864,car_ID_3111,car,Berlin->Potsdam,True
2026-08-18 11:47:16.997,person_ID_3335,person,Potsdam->Berlin,True
2026-08-18 11:47:18.596,bicycle_ID_2606,bicycle,Potsdam->Berlin,True
2026-08-18 11:47:19.700,person_ID_3336,person,Berlin (kein Wechsel),False
2026-08-18 11:47:20.931,person_ID_3337,person,Berlin (kein Wechsel),False
2026-08-18 11:47:21.729,bicycle_ID_2607,bicycle,Berlin (kein Wechsel),False
2026-08-18 11:47:29.100,car_ID_3112,car,Potsdam->Berlin,True
2026-08-18 11:47:44.602,car_ID_3113,car,Berlin->Potsdam,True
2026-08-18 11:47:45.266,car_ID_3114,car,Berlin->Potsdam,True
2026-08-18 11:47:47.932,car_ID_3115,car,Berlin->Potsdam,True
2026-08-18 11:47:50.764,car_ID_3116,car,Berlin->Potsdam,True
2026-08-18 11:48:11.132,bicycle_ID_2608,bicycle,Potsdam (kein Wechsel),False
2026-08-18 11:48:11.239,car_ID_3117,car,Berlin->Potsdam,True
2026-08-18 11:48:11.566,bicycle_ID_2609,bicycle,Potsdam (kein Wechsel),False
2026-08-18 11:48:12.436,car_ID_3118,car,Potsdam (kein Wechsel),False
2026-08-18 11:48:12.572,person_ID_3338,person,Potsdam (kein Wechsel),False
2026-08-18 11:48:12.765,bicycle_ID_2610,bicycle,Potsdam (kein Wechsel),False
2026-08-18 11:48:13.138,bicycle_ID_2611,bicycle,Potsdam (kein Wechsel),False
2026-08-18 11:48:14.534,bicycle_ID_2613,bicycle,Berlin (kein Wechsel),False
2026-08-18 11:48:16.864,person_ID_3339,person,Potsdam->Berlin,True
2026-08-18 11:48:17.168,bicycle_ID_2612,bicycle,Potsdam->Berlin,True
2026-08-18 11:48:18.102,car_ID_3119,car,Berlin (kein Wechsel),False
2026-08-18 11:48:58.172,bicycle_ID_2614,bicycle,Berlin->Potsdam,True
2026-08-18 11:48:58.335,bicycle_ID_2615,bicycle,Berlin->Potsdam,True
2026-08-18 11:48:59.235,person_ID_3340,person,Berlin->Potsdam,True
2026-08-18 11:49:02.503,bicycle_ID_2616,bicycle,Berlin->Potsdam,True
2026-08-18 11:49:02.872,bicycle_ID_2617,bicycle,Berlin->Potsdam,True
2026-08-18 11:49:03.205,person_ID_3341,person,Berlin->Potsdam,True
2026-08-18 11:49:03.536,person_ID_3342,person,Potsdam (kein Wechsel),False
2026-08-18 11:49:10.204,car_ID_3120,car,Berlin->Potsdam,True
2026-08-18 11:49:29.474,bicycle_ID_2618,bicycle,Potsdam (kein Wechsel),False
2026-08-18 11:49:31.372,bicycle_ID_2619,bicycle,Potsdam (kein Wechsel),False
2026-08-18 11:49:31.403,bicycle_ID_2620,bicycle,Potsdam (kein Wechsel),False
2026-08-18 11:49:32.273,bicycle_ID_2621,bicycle,Berlin (kein Wechsel),False
2026-08-18 11:49:34.107,bicycle_ID_2622,bicycle,Berlin (kein Wechsel),False
2026-08-18 11:49:34.736,person_ID_3343,person,Potsdam->Berlin,True
2026-08-18 11:49:56.073,car_ID_3121,car,Potsdam->Berlin,True
2026-08-18 11:50:00.108,person_ID_3344,person,Berlin->Potsdam,True
2026-08-18 11:50:38.376,car_ID_3122,car,Potsdam->Berlin,True
2026-08-18 11:50:50.810,bus_ID_311,bus,Potsdam (kein Wechsel),False
2026-08-18 11:50:53.276,bus_ID_312,bus,Potsdam->Berlin,True
2026-08-18 11:50:55.080,bus_ID_313,bus,Potsdam->Berlin,True
2026-08-18 11:51:15.179,car_ID_3123,car,Potsdam->Berlin,True
2026-08-18 11:51:15.212,bus_ID_314,bus,Berlin (kein Wechsel),False
2026-08-18 11:51:16.577,car_ID_3124,car,Potsdam->Berlin,True
2026-08-18 11:51:20.009,car_ID_3126,car,Berlin (kein Wechsel),False
2026-08-18 11:51:20.577,car_ID_3125,car,Berlin (kein Wechsel),False
2026-08-18 11:51:23.547,car_ID_3127,car,Berlin (kein Wechsel),False
2026-08-18 11:51:43.145,person_ID_3345,person,Potsdam (kein Wechsel),False
2026-08-18 11:51:49.547,car_ID_3128,car,Potsdam->Berlin,True
2026-08-18 11:52:01.978,person_ID_3346,person,Potsdam->Berlin,True
2026-08-18 11:52:27.818,person_ID_3347,person,Potsdam (kein Wechsel),False
2026-08-18 11:52:29.083,person_ID_3348,person,Potsdam (kein Wechsel),False
2026-08-18 11:52:31.949,bicycle_ID_2623,bicycle,Potsdam->Berlin,True
2026-08-18 11:52:32.717,person_ID_3349,person,Potsdam->Berlin,True
2026-08-18 11:53:11.751,person_ID_3350,person,Berlin->Potsdam,True
2026-08-18 11:53:15.018,person_ID_3351,person,Potsdam (kein Wechsel),False
2026-08-18 11:53:26.185,person_ID_3352,person,Potsdam (kein Wechsel),False
2026-08-18 11:53:26.382,car_ID_3129,car,Potsdam (kein Wechsel),False
2026-08-18 11:53:26.485,car_ID_3130,car,Potsdam (kein Wechsel),False
2026-08-18 11:53:27.952,car_ID_3131,car,Potsdam (kein Wechsel),False
2026-08-18 11:53:29.255,bus_ID_315,bus,Berlin (kein Wechsel),False
2026-08-18 11:53:29.685,bus_ID_316,bus,Berlin (kein Wechsel),False
2026-08-18 11:53:54.151,car_ID_3132,car,Potsdam->Berlin,True
2026-08-18 11:54:28.556,car_ID_3133,car,Berlin->Potsdam,True
2026-08-18 11:54:57.891,person_ID_3355,person,Berlin (kein Wechsel),False
2026-08-18 11:54:58.061,person_ID_3353,person,Berlin (kein Wechsel),False
2026-08-18 11:54:59.393,person_ID_3354,person,Berlin->Potsdam,True
2026-08-18 11:54:59.927,bicycle_ID_2624,bicycle,Berlin->Potsdam,True
2026-08-18 11:55:02.361,car_ID_3135,car,Berlin (kein Wechsel),False
2026-08-18 11:55:03.723,car_ID_3137,car,Potsdam (kein Wechsel),False
2026-08-18 11:55:04.220,car_ID_3134,car,Berlin->Potsdam,True
2026-08-18 11:55:06.154,car_ID_3136,car,Potsdam->Berlin,True
2026-08-18 11:55:27.956,car_ID_3138,car,Potsdam->Berlin,True
2026-08-18 11:55:41.361,car_ID_3139,car,Potsdam->Berlin,True
2026-08-18 11:56:35.834,person_ID_3356,person,Berlin (kein Wechsel),False
2026-08-18 11:56:39.599,person_ID_3357,person,Berlin (kein Wechsel),False
2026-08-18 11:56:40.199,bicycle_ID_2625,bicycle,Potsdam (kein Wechsel),False
2026-08-18 11:56:40.330,person_ID_3358,person,Potsdam (kein Wechsel),False
2026-08-18 11:56:42.328,bicycle_ID_2626,bicycle,Potsdam->Berlin,True
2026-08-18 11:56:42.498,person_ID_3359,person,Potsdam->Berlin,True
2026-08-18 11:56:44.532,person_ID_3361,person,Berlin (kein Wechsel),False
2026-08-18 11:56:44.697,bicycle_ID_2627,bicycle,Berlin (kein Wechsel),False
2026-08-18 11:56:44.697,bicycle_ID_2628,bicycle,Berlin (kein Wechsel),False
2026-08-18 11:56:44.733,person_ID_3360,person,Potsdam (kein Wechsel),False
2026-08-18 11:56:45.936,person_ID_3362,person,Potsdam (kein Wechsel),False
2026-08-18 11:56:47.097,person_ID_3363,person,Potsdam (kein Wechsel),False
2026-08-18 11:56:48.895,car_ID_3140,car,Berlin (kein Wechsel),False
2026-08-18 11:56:51.067,person_ID_3364,person,Potsdam (kein Wechsel),False
2026-08-18 11:56:56.532,person_ID_3365,person,Potsdam (kein Wechsel),False
2026-08-18 11:57:18.933,car_ID_3141,car,Berlin->Potsdam,True
2026-08-18 11:57:19.428,car_ID_3142,car,Berlin->Potsdam,True
2026-08-18 11:57:32.102,car_ID_3143,car,Potsdam (kein Wechsel),False
2026-08-18 11:57:36.470,person_ID_3366,person,Berlin (kein Wechsel),False
2026-08-18 11:57:36.897,car_ID_3144,car,Berlin->Potsdam,True
2026-08-18 11:58:18.737,car_ID_3146,car,Potsdam (kein Wechsel),False
2026-08-18 11:58:20.369,car_ID_3147,car,Berlin (kein Wechsel),False
2026-08-18 11:58:21.404,car_ID_3145,car,Potsdam->Berlin,True
2026-08-18 11:58:53.602,car_ID_3148,car,Potsdam->Berlin,True
2026-08-18 11:59:12.373,bicycle_ID_2629,bicycle,Potsdam (kein Wechsel),False
2026-08-18 11:59:12.941,person_ID_3367,person,Potsdam (kein Wechsel),False
2026-08-18 11:59:13.843,bicycle_ID_2630,bicycle,Potsdam (kein Wechsel),False
2026-08-18 11:59:13.907,person_ID_3368,person,Potsdam (kein Wechsel),False
2026-08-18 11:59:14.840,person_ID_3369,person,Berlin (kein Wechsel),False
2026-08-18 11:59:14.973,bicycle_ID_2631,bicycle,Berlin (kein Wechsel),False
2026-08-18 11:59:17.345,person_ID_3370,person,Berlin (kein Wechsel),False
2026-08-18 11:59:17.440,bicycle_ID_2632,bicycle,Berlin (kein Wechsel),False
2026-08-18 11:59:58.042,person_ID_3371,person,Potsdam (kein Wechsel),False
2026-08-18 11:59:58.110,bicycle_ID_2633,bicycle,Potsdam (kein Wechsel),False
2026-08-18 11:59:59.210,bicycle_ID_2634,bicycle,Potsdam (kein Wechsel),False
2026-08-18 12:00:00.110,bicycle_ID_2635,bicycle,Potsdam (kein Wechsel),False
2026-08-18 12:00:00.143,bicycle_ID_2636,bicycle,Potsdam (kein Wechsel),False
2026-08-18 12:00:00.841,person_ID_3372,person,Potsdam->Berlin,True
2026-08-18 12:00:02.174,bicycle_ID_2637,bicycle,Berlin (kein Wechsel),False
2026-08-18 12:00:02.209,bicycle_ID_2638,bicycle,Berlin (kein Wechsel),False
2026-08-18 12:00:02.573,person_ID_3373,person,Berlin (kein Wechsel),False
2026-08-18 12:00:09.541,bicycle_ID_2639,bicycle,Berlin (kein Wechsel),False
2026-08-18 12:00:10.346,bicycle_ID_2641,bicycle,Berlin (kein Wechsel),False
2026-08-18 12:00:10.779,bicycle_ID_2642,bicycle,Berlin (kein Wechsel),False
2026-08-18 12:00:10.972,bicycle_ID_2640,bicycle,Berlin (kein Wechsel),False
2026-08-18 12:00:11.742,person_ID_3374,person,Berlin->Potsdam,True
2026-08-18 12:00:13.542,bicycle_ID_2643,bicycle,Potsdam (kein Wechsel),False
2026-08-18 12:00:15.579,car_ID_3149,car,Berlin (kein Wechsel),False
2026-08-18 12:00:15.675,person_ID_3375,person,Potsdam->Berlin,True
2026-08-18 12:00:15.711,bus_ID_317,bus,Berlin (kein Wechsel),False
2026-08-18 12:00:16.273,person_ID_3376,person,Berlin (kein Wechsel),False
2026-08-18 12:00:16.611,bicycle_ID_2644,bicycle,Berlin (kein Wechsel),False
2026-08-18 12:00:18.110,bus_ID_318,bus,Berlin->Potsdam,True
2026-08-18 12:00:39.210,car_ID_3150,car,Potsdam->Berlin,True
2026-08-18 12:01:02.912,car_ID_3151,car,Berlin->Potsdam,True
2026-08-18 12:01:06.446,car_ID_3152,car,Berlin (kein Wechsel),False
2026-08-18 12:01:15.981,car_ID_3153,car,Berlin->Potsdam,True
2026-08-18 12:01:52.015,car_ID_3154,car,Berlin (kein Wechsel),False
2026-08-18 12:02:21.383,person_ID_3378,person,Berlin (kein Wechsel),False
2026-08-18 12:02:21.486,bicycle_ID_2645,bicycle,Berlin->Potsdam,True
2026-08-18 12:02:21.517,person_ID_3377,person,Berlin (kein Wechsel),False
2026-08-18 12:03:01.219,bicycle_ID_2646,bicycle,Potsdam (kein Wechsel),False
2026-08-18 12:03:02.289,bicycle_ID_2647,bicycle,Potsdam (kein Wechsel),False
2026-08-18 12:03:02.756,person_ID_3379,person,Potsdam (kein Wechsel),False
2026-08-18 12:03:04.786,person_ID_3380,person,Berlin (kein Wechsel),False
2026-08-18 12:03:04.918,bicycle_ID_2648,bicycle,Potsdam->Berlin,True
2026-08-18 12:03:06.320,bicycle_ID_2650,bicycle,Berlin (kein Wechsel),False
2026-08-18 12:03:06.687,bicycle_ID_2649,bicycle,Berlin (kein Wechsel),False
2026-08-18 12:03:07.956,person_ID_3381,person,Berlin (kein Wechsel),False
2026-08-18 12:03:08.056,bicycle_ID_2651,bicycle,Berlin (kein Wechsel),False
2026-08-18 12:03:37.222,car_ID_3155,car,Potsdam->Berlin,True
2026-08-18 12:04:16.090,car_ID_3156,car,Berlin (kein Wechsel),False
2026-08-18 12:04:16.387,car_ID_3157,car,Berlin (kein Wechsel),False
2026-08-18 12:05:01.493,car_ID_3158,car,Potsdam (kein Wechsel),False
2026-08-18 12:05:03.428,car_ID_3159,car,Potsdam->Berlin,True
2026-08-18 12:05:05.528,bicycle_ID_2652,bicycle,Potsdam (kein Wechsel),False
2026-08-18 12:05:05.595,car_ID_3160,car,Potsdam->Berlin,True
2026-08-18 12:05:06.292,bicycle_ID_2653,bicycle,Potsdam (kein Wechsel),False
2026-08-18 12:05:06.927,person_ID_3382,person,Potsdam (kein Wechsel),False
2026-08-18 12:05:08.959,person_ID_3383,person,Berlin (kein Wechsel),False
2026-08-18 12:05:11.992,person_ID_3384,person,Berlin (kein Wechsel),False
2026-08-18 12:05:22.533,bus_ID_320,bus,Berlin (kein Wechsel),False
2026-08-18 12:05:24.061,bus_ID_319,bus,Potsdam->Berlin,True
2026-08-18 12:05:33.862,car_ID_3162,car,Potsdam (kein Wechsel),False
2026-08-18 12:05:35.628,car_ID_3161,car,Potsdam->Berlin,True
2026-08-18 12:05:35.865,car_ID_3163,car,Berlin (kein Wechsel),False
2026-08-18 12:05:43.563,car_ID_3165,car,Potsdam (kein Wechsel),False
2026-08-18 12:05:44.196,car_ID_3166,car,Berlin (kein Wechsel),False
2026-08-18 12:05:45.959,car_ID_3164,car,Potsdam->Berlin,True
2026-08-18 12:05:57.834,bicycle_ID_2654,bicycle,Berlin (kein Wechsel),False
2026-08-18 12:05:58.696,bicycle_ID_2655,bicycle,Berlin->Potsdam,True
2026-08-18 12:05:59.163,person_ID_3386,person,Berlin->Potsdam,True
2026-08-18 12:06:21.999,person_ID_3385,person,Berlin->Potsdam,True
2026-08-18 12:07:38.108,car_ID_3167,car,Potsdam (kein Wechsel),False
2026-08-18 12:07:40.336,car_ID_3168,car,Potsdam->Berlin,True
2026-08-18 12:07:40.702,car_ID_3169,car,Berlin->Potsdam,True
2026-08-18 12:08:11.009,car_ID_3170,car,Berlin->Potsdam,True
2026-08-18 12:08:13.740,car_ID_3171,car,Berlin->Potsdam,True
2026-08-18 12:08:22.005,car_ID_3172,car,Berlin->Potsdam,True
2026-08-18 12:08:51.076,car_ID_3173,car,Berlin->Potsdam,True
2026-08-18 12:08:58.241,car_ID_3174,car,Berlin->Potsdam,True
2026-08-18 12:08:59.740,car_ID_3175,car,Potsdam (kein Wechsel),False
2026-08-18 12:09:13.338,car_ID_3176,car,Potsdam->Berlin,True
2026-08-18 12:09:17.040,car_ID_3177,car,Potsdam->Berlin,True
2026-08-18 12:09:49.213,car_ID_3179,car,Potsdam->Berlin,True
2026-08-18 12:09:50.044,bus_ID_321,bus,Berlin (kein Wechsel),False
2026-08-18 12:09:50.045,bus_ID_322,bus,Berlin (kein Wechsel),False
2026-08-18 12:09:50.748,car_ID_3178,car,Potsdam->Berlin,True
2026-08-18 12:10:56.452,car_ID_3180,car,Berlin->Potsdam,True
2026-08-18 12:11:33.885,bicycle_ID_2656,bicycle,Berlin (kein Wechsel),False
2026-08-18 12:11:35.285,bicycle_ID_2657,bicycle,Berlin->Potsdam,True
2026-08-18 12:11:35.319,bicycle_ID_2660,bicycle,Berlin (kein Wechsel),False
2026-08-18 12:11:35.355,bicycle_ID_2658,bicycle,Berlin (kein Wechsel),False
2026-08-18 12:11:35.592,person_ID_3387,person,Berlin->Potsdam,True
2026-08-18 12:11:36.386,bicycle_ID_2659,bicycle,Berlin (kein Wechsel),False
2026-08-18 12:11:36.585,bicycle_ID_2662,bicycle,Berlin (kein Wechsel),False
2026-08-18 12:11:36.989,person_ID_3388,person,Berlin->Potsdam,True
2026-08-18 12:11:37.751,bicycle_ID_2663,bicycle,Berlin (kein Wechsel),False
2026-08-18 12:11:38.350,bicycle_ID_2661,bicycle,Berlin->Potsdam,True
2026-08-18 12:11:38.350,person_ID_3389,person,Berlin->Potsdam,True
2026-08-18 12:11:38.453,person_ID_3390,person,Berlin (kein Wechsel),False
2026-08-18 12:11:39.282,person_ID_3391,person,Berlin->Potsdam,True
2026-08-18 12:11:39.684,bicycle_ID_2664,bicycle,Berlin->Potsdam,True
2026-08-18 12:12:11.119,car_ID_3181,car,Potsdam->Berlin,True
2026-08-18 12:12:34.356,car_ID_3182,car,Berlin->Potsdam,True
2026-08-18 12:12:37.226,car_ID_3183,car,Berlin->Potsdam,True
2026-08-18 12:13:02.928,car_ID_3184,car,Berlin->Potsdam,True
2026-08-18 12:13:28.154,car_ID_3185,car,Berlin->Potsdam,True
2026-08-18 12:13:29.389,person_ID_3392,person,Potsdam (kein Wechsel),False
2026-08-18 12:13:30.857,person_ID_3393,person,Potsdam (kein Wechsel),False
2026-08-18 12:13:34.728,car_ID_3187,car,Berlin (kein Wechsel),False
2026-08-18 12:13:35.655,person_ID_3394,person,Potsdam (kein Wechsel),False
2026-08-18 12:13:36.156,car_ID_3186,car,Berlin->Potsdam,True
2026-08-18 12:13:43.860,person_ID_3395,person,Berlin (kein Wechsel),False
2026-08-18 12:14:14.159,car_ID_3188,car,Berlin->Potsdam,True
2026-08-18 12:14:27.965,bicycle_ID_2665,bicycle,Potsdam (kein Wechsel),False
2026-08-18 12:14:28.961,person_ID_3396,person,Potsdam (kein Wechsel),False
2026-08-18 12:14:29.434,person_ID_3397,person,Berlin (kein Wechsel),False
2026-08-18 12:14:29.503,bicycle_ID_2667,bicycle,Berlin (kein Wechsel),False
2026-08-18 12:14:29.564,bicycle_ID_2666,bicycle,Berlin (kein Wechsel),False
2026-08-18 12:14:29.794,person_ID_3398,person,Berlin (kein Wechsel),False
2026-08-18 12:14:30.926,person_ID_3399,person,Potsdam (kein Wechsel),False
2026-08-18 12:14:33.025,car_ID_3189,car,Berlin (kein Wechsel),False
2026-08-18 12:14:33.293,person_ID_3400,person,Berlin (kein Wechsel),False
2026-08-18 12:14:43.065,person_ID_3401,person,Berlin (kein Wechsel),False
2026-08-18 12:14:43.330,bicycle_ID_2668,bicycle,Berlin (kein Wechsel),False
2026-08-18 12:14:43.330,bicycle_ID_2669,bicycle,Berlin (kein Wechsel),False
2026-08-18 12:14:59.896,bicycle_ID_2670,bicycle,Potsdam (kein Wechsel),False
2026-08-18 12:15:01.132,bicycle_ID_2671,bicycle,Potsdam (kein Wechsel),False
2026-08-18 12:15:01.527,person_ID_3402,person,Potsdam (kein Wechsel),False
2026-08-18 12:15:07.367,person_ID_3403,person,Berlin (kein Wechsel),False
2026-08-18 12:15:08.797,person_ID_3404,person,Berlin (kein Wechsel),False
2026-08-18 12:15:09.864,person_ID_3405,person,Berlin (kein Wechsel),False
2026-08-18 12:15:14.768,bicycle_ID_2672,bicycle,Berlin (kein Wechsel),False
2026-08-18 12:15:15.967,person_ID_3406,person,Berlin (kein Wechsel),False
2026-08-18 12:15:16.066,bicycle_ID_2674,bicycle,Berlin (kein Wechsel),False
2026-08-18 12:15:16.130,bicycle_ID_2673,bicycle,Berlin (kein Wechsel),False
2026-08-18 12:15:59.569,person_ID_3408,person,Potsdam (kein Wechsel),False
2026-08-18 12:16:00.835,person_ID_3407,person,Potsdam (kein Wechsel),False
2026-08-18 12:16:01.433,person_ID_3409,person,Berlin (kein Wechsel),False
2026-08-18 12:16:01.966,bicycle_ID_2675,bicycle,Berlin (kein Wechsel),False
2026-08-18 12:16:05.702,person_ID_3410,person,Potsdam (kein Wechsel),False
2026-08-18 12:16:18.402,person_ID_3413,person,Berlin (kein Wechsel),False
2026-08-18 12:16:21.410,person_ID_3415,person,Berlin (kein Wechsel),False
2026-08-18 12:16:21.867,person_ID_3414,person,Berlin (kein Wechsel),False
2026-08-18 12:16:26.969,person_ID_3416,person,Berlin (kein Wechsel),False
2026-08-18 12:16:27.437,person_ID_3412,person,Berlin (kein Wechsel),False
2026-08-18 12:16:27.572,person_ID_3417,person,Berlin (kein Wechsel),False
2026-08-18 12:16:27.906,car_ID_3191,car,Berlin (kein Wechsel),False
2026-08-18 12:16:28.602,person_ID_3418,person,Berlin (kein Wechsel),False
2026-08-18 12:16:29.106,car_ID_3190,car,Berlin->Potsdam,True
2026-08-18 12:16:30.105,person_ID_3411,person,Potsdam->Berlin,True
2026-08-18 12:16:32.503,bicycle_ID_2676,bicycle,Berlin (kein Wechsel),False
2026-08-18 12:16:33.300,bicycle_ID_2678,bicycle,Berlin (kein Wechsel),False
2026-08-18 12:16:33.408,bicycle_ID_2677,bicycle,Berlin->Potsdam,True
2026-08-18 12:16:33.470,person_ID_3420,person,Berlin->Potsdam,True
2026-08-18 12:16:35.007,person_ID_3419,person,Berlin (kein Wechsel),False
2026-08-18 12:16:40.999,car_ID_3192,car,Berlin->Potsdam,True
2026-08-18 12:16:42.472,person_ID_3421,person,Berlin->Potsdam,True
2026-08-18 12:16:44.006,person_ID_3422,person,Potsdam (kein Wechsel),False
2026-08-18 12:16:48.005,person_ID_3423,person,Potsdam (kein Wechsel),False
2026-08-18 12:16:48.269,car_ID_3193,car,Potsdam->Berlin,True
2026-08-18 12:16:50.806,person_ID_3425,person,Potsdam (kein Wechsel),False
2026-08-18 12:16:51.704,person_ID_3424,person,Potsdam (kein Wechsel),False
2026-08-18 12:16:56.639,bicycle_ID_2680,bicycle,Berlin (kein Wechsel),False
2026-08-18 12:16:57.505,bicycle_ID_2679,bicycle,Berlin->Potsdam,True
2026-08-18 12:16:57.938,person_ID_3426,person,Berlin->Potsdam,True
2026-08-18 12:17:01.702,person_ID_3427,person,Potsdam (kein Wechsel),False
2026-08-18 12:17:02.504,person_ID_3428,person,Potsdam (kein Wechsel),False
2026-08-18 12:17:03.974,person_ID_3429,person,Potsdam (kein Wechsel),False
2026-08-18 12:17:06.373,person_ID_3430,person,Berlin (kein Wechsel),False
2026-08-18 12:18:06.411,car_ID_3194,car,Berlin (kein Wechsel),False
2026-08-18 12:18:08.083,person_ID_3431,person,Berlin (kein Wechsel),False
2026-08-18 12:18:08.342,person_ID_3432,person,Berlin->Potsdam,True
2026-08-18 12:18:13.611,bicycle_ID_2683,bicycle,Berlin (kein Wechsel),False
2026-08-18 12:18:13.945,person_ID_3433,person,Berlin (kein Wechsel),False
2026-08-18 12:18:14.111,car_ID_3195,car,Potsdam->Berlin,True
2026-08-18 12:18:14.281,bicycle_ID_2681,bicycle,Berlin (kein Wechsel),False
2026-08-18 12:18:14.478,bicycle_ID_2682,bicycle,Berlin (kein Wechsel),False
2026-08-18 12:18:14.911,bicycle_ID_2684,bicycle,Berlin (kein Wechsel),False
2026-08-18 12:18:14.912,person_ID_3434,person,Berlin (kein Wechsel),False
2026-08-18 12:18:15.272,person_ID_3435,person,Berlin->Potsdam,True
2026-08-18 12:18:15.342,bicycle_ID_2685,bicycle,Berlin (kein Wechsel),False
2026-08-18 12:18:16.409,person_ID_3436,person,Berlin->Potsdam,True
2026-08-18 12:18:29.176,car_ID_3196,car,Potsdam (kein Wechsel),False
2026-08-18 12:18:31.745,car_ID_3197,car,Potsdam->Berlin,True
2026-08-18 12:19:00.478,car_ID_3199,car,Berlin->Potsdam,True
2026-08-18 12:19:00.610,car_ID_3198,car,Berlin->Potsdam,True
2026-08-18 12:19:05.912,bicycle_ID_2686,bicycle,Potsdam (kein Wechsel),False
2026-08-18 12:19:06.712,bicycle_ID_2687,bicycle,Potsdam (kein Wechsel),False
2026-08-18 12:19:07.148,person_ID_3437,person,Potsdam (kein Wechsel),False
2026-08-18 12:19:08.175,person_ID_3438,person,Potsdam (kein Wechsel),False
2026-08-18 12:19:10.313,person_ID_3439,person,Berlin (kein Wechsel),False
2026-08-18 12:19:16.977,car_ID_3200,car,Berlin->Potsdam,True
2026-08-18 12:19:22.145,car_ID_3201,car,Berlin->Potsdam,True
2026-08-18 12:19:34.645,person_ID_3440,person,Berlin (kein Wechsel),False
2026-08-18 12:19:34.814,bicycle_ID_2689,bicycle,Potsdam (kein Wechsel),False
2026-08-18 12:19:35.314,bicycle_ID_2688,bicycle,Berlin->Potsdam,True
2026-08-18 12:19:36.916,car_ID_3202,car,Potsdam (kein Wechsel),False
2026-08-18 12:19:39.382,car_ID_3203,car,Potsdam->Berlin,True
2026-08-18 12:19:39.416,bicycle_ID_2690,bicycle,Potsdam (kein Wechsel),False
2026-08-18 12:19:40.381,person_ID_3441,person,Potsdam (kein Wechsel),False
2026-08-18 12:19:42.249,person_ID_3442,person,Potsdam->Berlin,True
2026-08-18 12:19:44.216,person_ID_3443,person,Berlin (kein Wechsel),False
2026-08-18 12:20:04.117,car_ID_3205,car,Potsdam (kein Wechsel),False
2026-08-18 12:20:04.316,car_ID_3204,car,Berlin->Potsdam,True
2026-08-18 12:20:18.417,person_ID_3445,person,Potsdam (kein Wechsel),False
2026-08-18 12:20:23.117,person_ID_3444,person,Potsdam (kein Wechsel),False
2026-08-18 12:20:24.285,person_ID_3446,person,Potsdam (kein Wechsel),False
2026-08-18 12:20:24.786,person_ID_3447,person,Potsdam (kein Wechsel),False
2026-08-18 12:20:27.252,bicycle_ID_2691,bicycle,Berlin (kein Wechsel),False
2026-08-18 12:20:27.347,person_ID_3448,person,Potsdam (kein Wechsel),False
2026-08-18 12:20:27.953,bicycle_ID_2693,bicycle,Berlin (kein Wechsel),False
2026-08-18 12:20:28.788,bicycle_ID_2692,bicycle,Berlin->Potsdam,True
2026-08-18 12:20:28.788,person_ID_3449,person,Potsdam (kein Wechsel),False
2026-08-18 12:20:29.320,person_ID_3450,person,Berlin->Potsdam,True
2026-08-18 12:20:31.516,car_ID_3206,car,Berlin->Potsdam,True
2026-08-18 12:20:41.617,person_ID_3451,person,Potsdam->Berlin,True
2026-08-18 12:20:43.184,person_ID_3452,person,Berlin (kein Wechsel),False
2026-08-18 12:20:49.453,car_ID_3207,car,Potsdam (kein Wechsel),False
2026-08-18 12:20:51.487,car_ID_3208,car,Potsdam->Berlin,True
2026-08-18 12:21:29.660,bicycle_ID_2695,bicycle,Potsdam (kein Wechsel),False
2026-08-18 12:21:30.588,bicycle_ID_2694,bicycle,Potsdam (kein Wechsel),False
2026-08-18 12:21:35.256,person_ID_3455,person,Potsdam->Berlin,True
2026-08-18 12:21:35.589,bicycle_ID_2696,bicycle,Berlin (kein Wechsel),False
2026-08-18 12:21:40.388,person_ID_3453,person,Potsdam (kein Wechsel),False
2026-08-18 12:21:45.325,person_ID_3456,person,Potsdam (kein Wechsel),False
2026-08-18 12:21:47.120,person_ID_3454,person,Berlin (kein Wechsel),False
2026-08-18 12:21:53.493,bicycle_ID_2697,bicycle,Berlin (kein Wechsel),False
2026-08-18 12:21:54.257,bicycle_ID_2698,bicycle,Berlin->Potsdam,True
2026-08-18 12:21:54.761,person_ID_3457,person,Berlin->Potsdam,True
2026-08-18 12:21:59.829,car_ID_3209,car,Berlin (kein Wechsel),False
2026-08-18 12:21:59.861,car_ID_3210,car,Berlin (kein Wechsel),False
2026-08-18 12:22:05.056,car_ID_3212,car,Potsdam (kein Wechsel),False
2026-08-18 12:22:06.392,car_ID_3211,car,Potsdam->Berlin,True
2026-08-18 12:22:06.491,car_ID_3215,car,Berlin (kein Wechsel),False
2026-08-18 12:22:06.759,car_ID_3214,car,Berlin (kein Wechsel),False
2026-08-18 12:22:07.527,car_ID_3213,car,Berlin->Potsdam,True
2026-08-18 12:22:08.789,car_ID_3216,car,Berlin (kein Wechsel),False
2026-08-18 12:22:15.125,car_ID_3217,car,Potsdam->Berlin,True
2026-08-18 12:22:50.892,bicycle_ID_2699,bicycle,Potsdam (kein Wechsel),False
2026-08-18 12:22:51.358,bicycle_ID_2700,bicycle,Potsdam (kein Wechsel),False
2026-08-18 12:22:51.621,person_ID_3458,person,Potsdam (kein Wechsel),False
2026-08-18 12:22:51.792,bicycle_ID_2701,bicycle,Potsdam (kein Wechsel),False
2026-08-18 12:22:51.826,person_ID_3459,person,Potsdam (kein Wechsel),False
2026-08-18 12:22:51.825,person_ID_3460,person,Potsdam (kein Wechsel),False
2026-08-18 12:22:52.558,bicycle_ID_2703,bicycle,Berlin (kein Wechsel),False
2026-08-18 12:22:52.657,bicycle_ID_2702,bicycle,Potsdam->Berlin,True
2026-08-18 12:22:53.023,bicycle_ID_2704,bicycle,Berlin (kein Wechsel),False
2026-08-18 12:22:53.126,person_ID_3462,person,Berlin (kein Wechsel),False
2026-08-18 12:22:53.154,person_ID_3461,person,Potsdam->Berlin,True
2026-08-18 12:22:53.224,person_ID_3463,person,Berlin (kein Wechsel),False
2026-08-18 12:22:53.420,person_ID_3464,person,Berlin (kein Wechsel),False
2026-08-18 12:22:53.755,bicycle_ID_2705,bicycle,Berlin (kein Wechsel),False
2026-08-18 12:22:53.827,person_ID_3465,person,Berlin (kein Wechsel),False
2026-08-18 12:22:54.057,person_ID_3466,person,Berlin (kein Wechsel),False
2026-08-18 12:23:06.582,bus_ID_323,bus,Potsdam (kein Wechsel),False
2026-08-18 12:23:07.099,car_ID_3219,car,Potsdam (kein Wechsel),False
2026-08-18 12:23:07.627,car_ID_3220,car,Berlin (kein Wechsel),False
2026-08-18 12:23:08.590,car_ID_3218,car,Potsdam->Berlin,True
2026-08-18 12:23:33.896,car_ID_3221,car,Berlin (kein Wechsel),False
2026-08-18 12:23:35.929,person_ID_3467,person,Berlin->Potsdam,True
2026-08-18 12:23:35.928,bus_ID_324,bus,Berlin (kein Wechsel),False
2026-08-18 12:23:36.558,bus_ID_325,bus,Berlin->Potsdam,True
2026-08-18 12:23:36.963,person_ID_3468,person,Potsdam (kein Wechsel),False
2026-08-18 12:23:37.363,bus_ID_326,bus,Potsdam (kein Wechsel),False
2026-08-18 12:23:38.496,person_ID_3469,person,Potsdam (kein Wechsel),False
2026-08-18 12:23:38.865,bus_ID_327,bus,Potsdam (kein Wechsel),False
2026-08-18 12:23:39.729,person_ID_3470,person,Potsdam (kein Wechsel),False
2026-08-18 12:24:31.897,car_ID_3223,car,Potsdam (kein Wechsel),False
2026-08-18 12:24:33.564,car_ID_3226,car,Potsdam (kein Wechsel),False
2026-08-18 12:24:34.034,car_ID_3222,car,Potsdam->Berlin,True
2026-08-18 12:24:34.599,car_ID_3225,car,Berlin (kein Wechsel),False
2026-08-18 12:24:35.630,car_ID_3227,car,Potsdam->Berlin,True
2026-08-18 12:24:36.728,car_ID_3224,car,Potsdam->Berlin,True
2026-08-18 12:24:40.169,bicycle_ID_2706,bicycle,Potsdam (kein Wechsel),False
2026-08-18 12:24:40.235,car_ID_3229,car,Berlin (kein Wechsel),False
2026-08-18 12:24:40.499,person_ID_3471,person,Potsdam (kein Wechsel),False
2026-08-18 12:24:41.496,car_ID_3228,car,Potsdam->Berlin,True
2026-08-18 12:24:43.296,person_ID_3472,person,Potsdam->Berlin,True
2026-08-18 12:24:44.894,bicycle_ID_2707,bicycle,Berlin (kein Wechsel),False
2026-08-18 12:24:45.432,person_ID_3473,person,Berlin (kein Wechsel),False
2026-08-18 12:25:14.469,person_ID_3474,person,Berlin->Potsdam,True
2026-08-18 12:25:17.266,person_ID_3475,person,Potsdam (kein Wechsel),False
2026-08-18 12:25:22.940,person_ID_3477,person,Potsdam (kein Wechsel),False
2026-08-18 12:25:23.103,person_ID_3476,person,Potsdam (kein Wechsel),False
2026-08-18 12:25:24.533,bicycle_ID_2708,bicycle,Potsdam (kein Wechsel),False
2026-08-18 12:25:25.062,bicycle_ID_2709,bicycle,Potsdam (kein Wechsel),False
2026-08-18 12:25:25.667,person_ID_3478,person,Potsdam (kein Wechsel),False
2026-08-18 12:25:29.333,bicycle_ID_2710,bicycle,Berlin (kein Wechsel),False
2026-08-18 12:25:30.133,bicycle_ID_2711,bicycle,Berlin (kein Wechsel),False
2026-08-18 12:25:31.165,person_ID_3479,person,Berlin (kein Wechsel),False
2026-08-18 12:25:37.134,car_ID_3230,car,Berlin (kein Wechsel),False
2026-08-18 12:26:01.168,person_ID_3481,person,Potsdam (kein Wechsel),False
2026-08-18 12:26:01.368,person_ID_3480,person,Potsdam (kein Wechsel),False
2026-08-18 12:26:03.002,person_ID_3483,person,Potsdam (kein Wechsel),False
2026-08-18 12:26:03.836,person_ID_3482,person,Berlin (kein Wechsel),False
2026-08-18 12:26:04.067,bicycle_ID_2712,bicycle,Berlin->Potsdam,True
2026-08-18 12:26:10.540,car_ID_3231,car,Potsdam->Berlin,True
2026-08-18 12:26:13.469,car_ID_3233,car,Berlin (kein Wechsel),False
2026-08-18 12:26:14.203,car_ID_3234,car,Berlin (kein Wechsel),False
2026-08-18 12:26:14.303,bus_ID_328,bus,Berlin (kein Wechsel),False
2026-08-18 12:26:15.035,car_ID_3232,car,Potsdam->Berlin,True
2026-08-18 12:26:19.333,person_ID_3484,person,Potsdam->Berlin,True
2026-08-18 12:26:19.935,person_ID_3485,person,Berlin (kein Wechsel),False
2026-08-18 12:26:36.606,bicycle_ID_2713,bicycle,Berlin->Potsdam,True
2026-08-18 12:26:36.734,person_ID_3486,person,Berlin->Potsdam,True
2026-08-18 12:26:37.271,bicycle_ID_2714,bicycle,Berlin->Potsdam,True
2026-08-18 12:27:01.207,car_ID_3236,car,Berlin->Potsdam,True
2026-08-18 12:27:01.405,car_ID_3235,car,Berlin->Potsdam,True
2026-08-18 12:27:38.911,bicycle_ID_2715,bicycle,Berlin (kein Wechsel),False
2026-08-18 12:27:39.272,person_ID_3487,person,Berlin (kein Wechsel),False
2026-08-18 12:27:39.741,bicycle_ID_2717,bicycle,Berlin (kein Wechsel),False
2026-08-18 12:27:40.241,person_ID_3488,person,Berlin (kein Wechsel),False
2026-08-18 12:27:40.574,bicycle_ID_2716,bicycle,Berlin->Potsdam,True
2026-08-18 12:27:58.641,bicycle_ID_2718,bicycle,Berlin (kein Wechsel),False
2026-08-18 12:28:00.007,bicycle_ID_2720,bicycle,Berlin (kein Wechsel),False
2026-08-18 12:28:00.311,person_ID_3489,person,Berlin (kein Wechsel),False
2026-08-18 12:28:00.343,bicycle_ID_2719,bicycle,Berlin->Potsdam,True
2026-08-18 12:28:22.342,car_ID_3238,car,Berlin (kein Wechsel),False
2026-08-18 12:28:22.845,car_ID_3239,car,Berlin (kein Wechsel),False
2026-08-18 12:28:22.877,bus_ID_329,bus,Berlin (kein Wechsel),False
2026-08-18 12:28:23.577,car_ID_3237,car,Potsdam->Berlin,True
2026-08-18 12:28:33.046,car_ID_3240,car,Berlin->Potsdam,True
2026-08-18 12:29:11.080,bicycle_ID_2722,bicycle,Potsdam (kein Wechsel),False
2026-08-18 12:29:11.615,bicycle_ID_2721,bicycle,Potsdam (kein Wechsel),False
2026-08-18 12:29:11.876,bicycle_ID_2723,bicycle,Potsdam (kein Wechsel),False
2026-08-18 12:29:12.014,person_ID_3491,person,Potsdam (kein Wechsel),False
2026-08-18 12:29:13.045,bicycle_ID_2724,bicycle,Potsdam (kein Wechsel),False
2026-08-18 12:29:19.247,person_ID_3490,person,Potsdam->Berlin,True
2026-08-18 12:29:20.879,bicycle_ID_2725,bicycle,Potsdam (kein Wechsel),False
2026-08-18 12:29:21.215,person_ID_3492,person,Potsdam (kein Wechsel),False
2026-08-18 12:29:21.879,bicycle_ID_2726,bicycle,Potsdam (kein Wechsel),False
2026-08-18 12:29:22.287,person_ID_3493,person,Potsdam (kein Wechsel),False
2026-08-18 12:29:24.210,person_ID_3494,person,Potsdam->Berlin,True
2026-08-18 12:29:25.680,person_ID_3495,person,Berlin (kein Wechsel),False
2026-08-18 12:29:26.911,person_ID_3496,person,Berlin (kein Wechsel),False
2026-08-18 12:29:28.384,car_ID_3241,car,Berlin (kein Wechsel),False
2026-08-18 12:29:35.147,bicycle_ID_2727,bicycle,Berlin (kein Wechsel),False
2026-08-18 12:29:35.380,car_ID_3243,car,Potsdam (kein Wechsel),False
2026-08-18 12:29:37.547,car_ID_3242,car,Potsdam->Berlin,True
2026-08-18 12:29:40.082,car_ID_3244,car,Potsdam->Berlin,True
2026-08-18 12:29:40.480,person_ID_3497,person,Berlin (kein Wechsel),False
2026-08-18 12:29:43.282,person_ID_3498,person,Potsdam (kein Wechsel),False
2026-08-18 12:29:48.585,bicycle_ID_2728,bicycle,Potsdam (kein Wechsel),False
2026-08-18 12:29:49.615,person_ID_3499,person,Potsdam (kein Wechsel),False
2026-08-18 12:29:50.547,bicycle_ID_2729,bicycle,Potsdam (kein Wechsel),False
2026-08-18 12:29:50.918,person_ID_3500,person,Potsdam (kein Wechsel),False
2026-08-18 12:29:51.380,person_ID_3501,person,Potsdam (kein Wechsel),False
2026-08-18 12:29:51.813,person_ID_3502,person,Potsdam (kein Wechsel),False
2026-08-18 12:29:54.446,person_ID_3503,person,Potsdam (kein Wechsel),False
2026-08-18 12:30:05.083,car_ID_3245,car,Berlin->Potsdam,True
2026-08-18 12:30:39.819,car_ID_3246,car,Berlin->Potsdam,True
2026-08-18 12:30:41.185,car_ID_3247,car,Potsdam (kein Wechsel),False
2026-08-18 12:30:46.086,car_ID_3248,car,Berlin->Potsdam,True
2026-08-18 12:30:55.920,bicycle_ID_2731,bicycle,Berlin (kein Wechsel),False
2026-08-18 12:30:55.952,bicycle_ID_2730,bicycle,Berlin (kein Wechsel),False
2026-08-18 12:30:56.253,person_ID_3505,person,Berlin (kein Wechsel),False
2026-08-18 12:30:56.386,bicycle_ID_2733,bicycle,Potsdam (kein Wechsel),False
2026-08-18 12:30:56.387,person_ID_3504,person,Berlin (kein Wechsel),False
2026-08-18 12:30:58.784,bicycle_ID_2732,bicycle,Berlin (kein Wechsel),False
2026-08-18 12:30:58.818,person_ID_3506,person,Berlin->Potsdam,True
2026-08-18 12:31:35.687,car_ID_3249,car,Potsdam (kein Wechsel),False
2026-08-18 12:31:38.720,car_ID_3251,car,Potsdam (kein Wechsel),False
2026-08-18 12:31:39.021,car_ID_3250,car,Potsdam->Berlin,True
2026-08-18 12:31:42.055,car_ID_3252,car,Potsdam->Berlin,True
2026-08-18 12:31:43.484,person_ID_3508,person,Potsdam (kein Wechsel),False
2026-08-18 12:31:46.185,person_ID_3507,person,Potsdam (kein Wechsel),False
2026-08-18 12:31:47.655,person_ID_3510,person,Potsdam (kein Wechsel),False
2026-08-18 12:31:53.058,car_ID_3253,car,Berlin->Potsdam,True
2026-08-18 12:31:57.127,person_ID_3509,person,Potsdam->Berlin,True
2026-08-18 12:32:02.297,car_ID_3255,car,Berlin (kein Wechsel),False
2026-08-18 12:32:02.955,car_ID_3254,car,Potsdam->Berlin,True
2026-08-18 12:32:06.724,car_ID_3257,car,Berlin->Potsdam,True
2026-08-18 12:32:06.992,car_ID_3256,car,Potsdam->Berlin,True
2026-08-18 12:32:07.425,person_ID_3512,person,Berlin (kein Wechsel),False
2026-08-18 12:32:09.193,person_ID_3511,person,Berlin (kein Wechsel),False
2026-08-18 12:32:30.590,person_ID_3513,person,Potsdam (kein Wechsel),False
2026-08-18 12:32:32.090,person_ID_3514,person,Berlin (kein Wechsel),False
2026-08-18 12:32:34.891,person_ID_3515,person,Berlin (kein Wechsel),False
2026-08-18 12:32:37.892,person_ID_3516,person,Potsdam (kein Wechsel),False
2026-08-18 12:32:40.894,person_ID_3517,person,Berlin (kein Wechsel),False
2026-08-18 12:32:45.293,bicycle_ID_2735,bicycle,Berlin (kein Wechsel),False
2026-08-18 12:32:45.369,bicycle_ID_2734,bicycle,Berlin (kein Wechsel),False
2026-08-18 12:32:45.369,person_ID_3519,person,Berlin (kein Wechsel),False
2026-08-18 12:32:45.724,person_ID_3520,person,Berlin (kein Wechsel),False
2026-08-18 12:32:45.756,person_ID_3518,person,Berlin (kein Wechsel),False
2026-08-18 12:33:05.672,bicycle_ID_2736,bicycle,Berlin (kein Wechsel),False
2026-08-18 12:33:07.491,bicycle_ID_2738,bicycle,Berlin (kein Wechsel),False
2026-08-18 12:33:07.490,person_ID_3521,person,Berlin->Potsdam,True
2026-08-18 12:33:08.025,bicycle_ID_2737,bicycle,Berlin->Potsdam,True
2026-08-18 12:33:33.425,person_ID_3522,person,Berlin (kein Wechsel),False
2026-08-18 12:33:35.894,person_ID_3523,person,Berlin->Potsdam,True
2026-08-18 12:33:36.562,person_ID_3524,person,Potsdam (kein Wechsel),False
2026-08-18 12:33:40.633,person_ID_3525,person,Potsdam (kein Wechsel),False
2026-08-18 12:33:41.732,car_ID_3258,car,Potsdam->Berlin,True
2026-08-18 12:33:53.629,bicycle_ID_2739,bicycle,Potsdam (kein Wechsel),False
2026-08-18 12:33:54.394,person_ID_3526,person,Potsdam (kein Wechsel),False
2026-08-18 12:33:55.203,car_ID_3259,car,Berlin->Potsdam,True
2026-08-18 12:33:56.301,person_ID_3527,person,Potsdam (kein Wechsel),False
2026-08-18 12:33:56.792,person_ID_3528,person,Berlin (kein Wechsel),False
2026-08-18 12:33:59.295,bicycle_ID_2740,bicycle,Berlin (kein Wechsel),False
2026-08-18 12:33:59.965,person_ID_3529,person,Berlin (kein Wechsel),False
2026-08-18 12:34:37.800,car_ID_3260,car,Berlin->Potsdam,True
2026-08-18 12:34:42.398,car_ID_3261,car,Potsdam->Berlin,True
2026-08-18 12:35:09.867,bicycle_ID_2742,bicycle,Berlin (kein Wechsel),False
2026-08-18 12:35:09.931,bicycle_ID_2741,bicycle,Berlin->Potsdam,True
2026-08-18 12:35:10.034,person_ID_3530,person,Berlin->Potsdam,True
2026-08-18 12:35:39.268,person_ID_3531,person,Potsdam (kein Wechsel),False
2026-08-18 12:35:40.571,person_ID_3532,person,Potsdam (kein Wechsel),False
2026-08-18 12:36:04.669,car_ID_3262,car,Berlin->Potsdam,True
2026-08-18 12:36:06.047,car_ID_3263,car,Potsdam (kein Wechsel),False
2026-08-18 12:36:07.034,person_ID_3533,person,Potsdam->Berlin,True
2026-08-18 12:36:15.936,car_ID_3265,car,Potsdam (kein Wechsel),False
2026-08-18 12:36:17.602,car_ID_3267,car,Potsdam->Berlin,True
2026-08-18 12:36:17.634,car_ID_3264,car,Potsdam->Berlin,True
2026-08-18 12:36:17.969,car_ID_3268,car,Berlin->Potsdam,True
2026-08-18 12:36:18.102,car_ID_3266,car,Berlin->Potsdam,True
2026-08-18 12:36:19.540,car_ID_3270,car,Berlin (kein Wechsel),False
2026-08-18 12:36:22.605,bicycle_ID_2743,bicycle,Potsdam (kein Wechsel),False
2026-08-18 12:36:23.438,car_ID_3269,car,Potsdam->Berlin,True
2026-08-18 12:36:23.704,person_ID_3534,person,Potsdam (kein Wechsel),False
2026-08-18 12:36:24.305,bicycle_ID_2744,bicycle,Potsdam (kein Wechsel),False
2026-08-18 12:36:27.206,person_ID_3535,person,Potsdam->Berlin,True
2026-08-18 12:36:30.104,person_ID_3536,person,Berlin (kein Wechsel),False
2026-08-18 12:36:35.772,person_ID_3537,person,Berlin (kein Wechsel),False
2026-08-18 12:36:37.108,bicycle_ID_2746,bicycle,Berlin->Potsdam,True
2026-08-18 12:36:37.206,bicycle_ID_2745,bicycle,Berlin->Potsdam,True
2026-08-18 12:36:37.237,person_ID_3538,person,Berlin->Potsdam,True
2026-08-18 12:36:45.073,car_ID_3271,car,Berlin->Potsdam,True
2026-08-18 12:36:48.037,car_ID_3272,car,Berlin->Potsdam,True
2026-08-18 12:36:54.604,car_ID_3273,car,Potsdam->Berlin,True
2026-08-18 12:37:03.674,bicycle_ID_2747,bicycle,Potsdam (kein Wechsel),False
2026-08-18 12:37:04.841,person_ID_3540,person,Potsdam (kein Wechsel),False
2026-08-18 12:37:04.939,person_ID_3539,person,Potsdam (kein Wechsel),False
2026-08-18 12:37:05.336,person_ID_3544,person,Potsdam (kein Wechsel),False
2026-08-18 12:37:05.610,person_ID_3541,person,Potsdam (kein Wechsel),False
2026-08-18 12:37:05.674,person_ID_3542,person,Potsdam (kein Wechsel),False
2026-08-18 12:37:05.739,person_ID_3543,person,Potsdam (kein Wechsel),False
2026-08-18 12:37:05.807,bicycle_ID_2748,bicycle,Potsdam->Berlin,True
2026-08-18 12:37:05.872,person_ID_3546,person,Berlin (kein Wechsel),False
2026-08-18 12:37:05.908,person_ID_3547,person,Berlin (kein Wechsel),False
2026-08-18 12:37:05.972,person_ID_3545,person,Potsdam (kein Wechsel),False
2026-08-18 12:37:06.109,person_ID_3548,person,Berlin (kein Wechsel),False
2026-08-18 12:37:06.977,person_ID_3549,person,Berlin (kein Wechsel),False
2026-08-18 12:37:07.808,person_ID_3550,person,Berlin (kein Wechsel),False
2026-08-18 12:37:08.075,bicycle_ID_2749,bicycle,Berlin (kein Wechsel),False
2026-08-18 12:37:11.008,bicycle_ID_2750,bicycle,Berlin (kein Wechsel),False
2026-08-18 12:37:12.374,bicycle_ID_2751,bicycle,Berlin (kein Wechsel),False
2026-08-18 12:37:12.408,bicycle_ID_2753,bicycle,Berlin (kein Wechsel),False
2026-08-18 12:37:13.276,person_ID_3551,person,Berlin->Potsdam,True
2026-08-18 12:37:14.442,bicycle_ID_2752,bicycle,Berlin->Potsdam,True
2026-08-18 12:37:14.906,person_ID_3552,person,Berlin->Potsdam,True
2026-08-18 12:37:17.543,bicycle_ID_2754,bicycle,Berlin->Potsdam,True
2026-08-18 12:37:17.577,person_ID_3553,person,Berlin->Potsdam,True
2026-08-18 12:37:28.475,car_ID_3274,car,Potsdam->Berlin,True
2026-08-18 12:38:06.908,bicycle_ID_2756,bicycle,Berlin (kein Wechsel),False
2026-08-18 12:38:07.543,bicycle_ID_2755,bicycle,Berlin->Potsdam,True
2026-08-18 12:38:07.543,person_ID_3554,person,Berlin->Potsdam,True
2026-08-18 12:38:10.209,car_ID_3275,car,Potsdam->Berlin,True
2026-08-18 12:38:25.811,car_ID_3276,car,Potsdam->Berlin,True
2026-08-18 12:38:32.943,bicycle_ID_2757,bicycle,Berlin->Potsdam,True
2026-08-18 12:38:33.042,person_ID_3555,person,Berlin->Potsdam,True
2026-08-18 12:40:07.912,person_ID_3556,person,Potsdam (kein Wechsel),False
2026-08-18 12:40:09.503,person_ID_3557,person,Potsdam (kein Wechsel),False
2026-08-18 12:40:10.932,person_ID_3558,person,Potsdam (kein Wechsel),False
2026-08-18 12:40:13.207,person_ID_3559,person,Berlin (kein Wechsel),False
2026-08-18 12:40:13.941,person_ID_3560,person,Berlin (kein Wechsel),False
2026-08-18 12:40:15.197,person_ID_3561,person,Berlin (kein Wechsel),False
2026-08-18 12:40:18.020,car_ID_3277,car,Berlin (kein Wechsel),False
2026-08-18 12:40:20.932,car_ID_3278,car,Berlin (kein Wechsel),False
2026-08-18 12:40:20.760,car_ID_3279,car,Potsdam (kein Wechsel),False
2026-08-18 12:40:21.629,bus_ID_330,bus,Berlin->Potsdam,True
