timestamp,display_id,label,direction,is_transition
2026-08-05 08:59:46.101,car_ID_1,car,Potsdam (kein Wechsel),False
2026-08-05 08:59:49.237,car_ID_2,car,Potsdam->Berlin,True
2026-08-05 08:59:58.680,person_ID_1,person,Berlin->Potsdam,True
2026-08-05 08:59:59.282,bicycle_ID_1,bicycle,Berlin->Potsdam,True
2026-08-05 09:00:17.326,car_ID_3,car,Berlin (kein Wechsel),False
2026-08-05 09:00:17.326,car_ID_4,car,Berlin (kein Wechsel),False
2026-08-05 09:00:17.825,truck_ID_1,truck,Berlin (kein Wechsel),False
2026-08-05 09:00:19.259,truck_ID_2,truck,Berlin->Potsdam,True
2026-08-05 09:01:12.402,motorcycle_ID_1,motorcycle,Berlin (kein Wechsel),False
2026-08-05 09:01:13.267,motorcycle_ID_2,motorcycle,Potsdam (kein Wechsel),False
2026-08-05 09:01:13.801,bicycle_ID_2,bicycle,Berlin->Potsdam,True
2026-08-05 09:01:13.834,person_ID_2,person,Berlin->Potsdam,True
2026-08-05 09:01:19.602,car_ID_5,car,Berlin->Potsdam,True
2026-08-05 09:01:49.168,bicycle_ID_4,bicycle,Berlin (kein Wechsel),False
2026-08-05 09:01:49.204,motorcycle_ID_4,motorcycle,Berlin (kein Wechsel),False
2026-08-05 09:01:49.669,person_ID_3,person,Berlin (kein Wechsel),False
2026-08-05 09:01:50.604,bicycle_ID_5,bicycle,Berlin (kein Wechsel),False
2026-08-05 09:01:50.737,motorcycle_ID_3,motorcycle,Berlin->Potsdam,True
2026-08-05 09:01:50.737,motorcycle_ID_5,motorcycle,Berlin->Potsdam,True
2026-08-05 09:01:50.835,bicycle_ID_3,bicycle,Berlin->Potsdam,True
2026-08-05 09:01:51.569,person_ID_4,person,Berlin->Potsdam,True
2026-08-05 09:02:12.275,motorcycle_ID_6,motorcycle,Potsdam (kein Wechsel),False
2026-08-05 09:02:14.108,bicycle_ID_6,bicycle,Potsdam (kein Wechsel),False
2026-08-05 09:02:15.639,motorcycle_ID_7,motorcycle,Potsdam->Berlin,True
2026-08-05 09:02:15.910,person_ID_5,person,Potsdam->Berlin,True
2026-08-05 09:02:16.441,person_ID_6,person,Berlin (kein Wechsel),False
2026-08-05 09:02:16.806,bicycle_ID_7,bicycle,Berlin (kein Wechsel),False
2026-08-05 09:02:22.874,person_ID_7,person,Potsdam (kein Wechsel),False
2026-08-05 09:02:24.808,person_ID_8,person,Potsdam (kein Wechsel),False
2026-08-05 09:02:24.839,person_ID_9,person,Potsdam (kein Wechsel),False
2026-08-05 09:02:24.876,person_ID_10,person,Potsdam (kein Wechsel),False
2026-08-05 09:02:25.639,person_ID_11,person,Berlin (kein Wechsel),False
2026-08-05 09:02:25.976,bicycle_ID_8,bicycle,Berlin (kein Wechsel),False
2026-08-05 09:02:26.742,motorcycle_ID_9,motorcycle,Berlin (kein Wechsel),False
2026-08-05 09:02:26.810,motorcycle_ID_10,motorcycle,Potsdam (kein Wechsel),False
2026-08-05 09:02:26.942,person_ID_14,person,Berlin (kein Wechsel),False
2026-08-05 09:02:27.107,motorcycle_ID_12,motorcycle,Potsdam (kein Wechsel),False
2026-08-05 09:02:27.177,motorcycle_ID_11,motorcycle,Berlin (kein Wechsel),False
2026-08-05 09:02:27.208,bicycle_ID_9,bicycle,Potsdam (kein Wechsel),False
2026-08-05 09:02:27.243,car_ID_6,car,Berlin->Potsdam,True
2026-08-05 09:02:27.677,bicycle_ID_10,bicycle,Berlin (kein Wechsel),False
2026-08-05 09:02:27.677,bicycle_ID_11,bicycle,Berlin (kein Wechsel),False
2026-08-05 09:02:28.139,person_ID_15,person,Berlin (kein Wechsel),False
2026-08-05 09:02:28.241,person_ID_13,person,Potsdam->Berlin,True
2026-08-05 09:02:28.908,person_ID_16,person,Berlin (kein Wechsel),False
2026-08-05 09:02:29.276,person_ID_17,person,Berlin (kein Wechsel),False
2026-08-05 09:02:29.376,motorcycle_ID_14,motorcycle,Berlin (kein Wechsel),False
2026-08-05 09:02:29.776,person_ID_12,person,Potsdam->Berlin,True
2026-08-05 09:02:29.808,motorcycle_ID_13,motorcycle,Berlin (kein Wechsel),False
2026-08-05 09:02:29.973,motorcycle_ID_8,motorcycle,Potsdam->Berlin,True
2026-08-05 09:02:30.174,bicycle_ID_12,bicycle,Berlin (kein Wechsel),False
2026-08-05 09:02:30.307,person_ID_19,person,Berlin (kein Wechsel),False
2026-08-05 09:02:30.577,person_ID_20,person,Berlin (kein Wechsel),False
2026-08-05 09:02:30.675,bicycle_ID_13,bicycle,Berlin (kein Wechsel),False
2026-08-05 09:02:30.939,person_ID_18,person,Berlin (kein Wechsel),False
2026-08-05 09:02:31.339,motorcycle_ID_15,motorcycle,Berlin (kein Wechsel),False
2026-08-05 09:02:31.439,motorcycle_ID_16,motorcycle,Berlin (kein Wechsel),False
2026-08-05 09:02:57.514,car_ID_7,car,Berlin->Potsdam,True
2026-08-05 09:03:24.911,person_ID_21,person,Berlin->Potsdam,True
2026-08-05 09:03:25.842,person_ID_22,person,Berlin->Potsdam,True
2026-08-05 09:03:26.979,car_ID_8,car,Potsdam->Berlin,True
2026-08-05 09:03:36.544,bicycle_ID_14,bicycle,Potsdam (kein Wechsel),False
2026-08-05 09:03:38.414,person_ID_23,person,Potsdam (kein Wechsel),False
2026-08-05 09:03:38.879,bicycle_ID_15,bicycle,Potsdam (kein Wechsel),False
2026-08-05 09:03:39.843,person_ID_24,person,Potsdam (kein Wechsel),False
2026-08-05 09:03:43.379,motorcycle_ID_17,motorcycle,Berlin (kein Wechsel),False
2026-08-05 09:03:47.048,person_ID_25,person,Potsdam->Berlin,True
2026-08-05 09:04:05.318,car_ID_9,car,Berlin->Potsdam,True
2026-08-05 09:04:25.482,bicycle_ID_16,bicycle,Berlin->Potsdam,True
2026-08-05 09:04:26.052,person_ID_26,person,Berlin->Potsdam,True
2026-08-05 09:04:30.848,person_ID_27,person,Potsdam (kein Wechsel),False
2026-08-05 09:04:31.814,truck_ID_3,truck,Potsdam (kein Wechsel),False
2026-08-05 09:04:32.181,car_ID_10,car,Potsdam (kein Wechsel),False
2026-08-05 09:04:34.381,truck_ID_4,truck,Potsdam->Berlin,True
2026-08-05 09:04:34.750,car_ID_11,car,Berlin (kein Wechsel),False
2026-08-05 09:04:46.382,person_ID_28,person,Potsdam->Berlin,True
2026-08-05 09:04:47.851,person_ID_29,person,Berlin (kein Wechsel),False
2026-08-05 09:04:50.151,person_ID_30,person,Berlin (kein Wechsel),False
2026-08-05 09:05:06.052,car_ID_12,car,Berlin->Potsdam,True
2026-08-05 09:05:30.324,motorcycle_ID_18,motorcycle,Berlin (kein Wechsel),False
2026-08-05 09:05:30.691,bicycle_ID_17,bicycle,Berlin (kein Wechsel),False
2026-08-05 09:05:32.355,bicycle_ID_18,bicycle,Berlin->Potsdam,True
2026-08-05 09:05:32.386,person_ID_31,person,Berlin->Potsdam,True
2026-08-05 09:05:41.223,person_ID_32,person,Berlin->Potsdam,True
2026-08-05 09:05:41.587,bicycle_ID_19,bicycle,Berlin->Potsdam,True
2026-08-05 09:05:42.424,person_ID_33,person,Potsdam (kein Wechsel),False
2026-08-05 09:05:42.622,person_ID_34,person,Potsdam (kein Wechsel),False
2026-08-05 09:05:50.889,bicycle_ID_20,bicycle,Berlin (kein Wechsel),False
2026-08-05 09:05:51.059,motorcycle_ID_19,motorcycle,Berlin (kein Wechsel),False
2026-08-05 09:05:51.224,bicycle_ID_21,bicycle,Potsdam (kein Wechsel),False
2026-08-05 09:05:51.319,bicycle_ID_22,bicycle,Berlin (kein Wechsel),False
2026-08-05 09:05:51.455,person_ID_35,person,Potsdam (kein Wechsel),False
2026-08-05 09:05:51.819,motorcycle_ID_20,motorcycle,Berlin (kein Wechsel),False
2026-08-05 09:05:52.757,bicycle_ID_24,bicycle,Berlin (kein Wechsel),False
2026-08-05 09:05:53.121,motorcycle_ID_21,motorcycle,Berlin (kein Wechsel),False
2026-08-05 09:05:53.626,motorcycle_ID_22,motorcycle,Berlin (kein Wechsel),False
2026-08-05 09:05:53.792,person_ID_36,person,Berlin->Potsdam,True
2026-08-05 09:05:53.792,bicycle_ID_23,bicycle,Berlin->Potsdam,True
2026-08-05 09:05:54.298,bicycle_ID_25,bicycle,Berlin (kein Wechsel),False
2026-08-05 09:05:54.859,bus_ID_2,bus,Berlin (kein Wechsel),False
2026-08-05 09:05:55.223,bicycle_ID_27,bicycle,Berlin (kein Wechsel),False
2026-08-05 09:05:55.388,bus_ID_1,bus,Potsdam->Berlin,True
2026-08-05 09:05:55.388,motorcycle_ID_23,motorcycle,Potsdam (kein Wechsel),False
2026-08-05 09:05:55.420,motorcycle_ID_24,motorcycle,Potsdam (kein Wechsel),False
2026-08-05 09:05:55.489,truck_ID_5,truck,Berlin (kein Wechsel),False
2026-08-05 09:05:55.621,bicycle_ID_26,bicycle,Berlin->Potsdam,True
2026-08-05 09:05:56.158,person_ID_37,person,Berlin->Potsdam,True
2026-08-05 09:05:56.922,motorcycle_ID_25,motorcycle,Berlin (kein Wechsel),False
2026-08-05 09:05:57.811,bicycle_ID_28,bicycle,Berlin (kein Wechsel),False
2026-08-05 09:05:57.902,person_ID_38,person,Berlin (kein Wechsel),False
2026-08-05 09:05:58.488,motorcycle_ID_26,motorcycle,Berlin (kein Wechsel),False
2026-08-05 09:05:58.574,car_ID_14,car,Berlin->Potsdam,True
2026-08-05 09:06:00.326,car_ID_13,car,Potsdam->Berlin,True
2026-08-05 09:06:03.426,car_ID_15,car,Potsdam->Berlin,True
2026-08-05 09:06:25.228,car_ID_16,car,Berlin->Potsdam,True
2026-08-05 09:06:25.360,car_ID_17,car,Berlin (kein Wechsel),False
2026-08-05 09:06:54.798,car_ID_18,car,Potsdam->Berlin,True
2026-08-05 09:07:00.496,car_ID_19,car,Potsdam->Berlin,True
2026-08-05 09:07:40.466,car_ID_20,car,Berlin->Potsdam,True
2026-08-05 09:07:44.800,car_ID_21,car,Berlin->Potsdam,True
2026-08-05 09:07:51.065,car_ID_22,car,Berlin->Potsdam,True
2026-08-05 09:08:12.635,car_ID_23,car,Berlin->Potsdam,True
2026-08-05 09:08:17.201,truck_ID_6,truck,Berlin (kein Wechsel),False
2026-08-05 09:08:17.464,car_ID_25,car,Berlin (kein Wechsel),False
2026-08-05 09:08:18.004,car_ID_24,car,Potsdam->Berlin,True
2026-08-05 09:08:18.164,truck_ID_7,truck,Berlin (kein Wechsel),False
2026-08-05 09:08:38.003,car_ID_26,car,Potsdam (kein Wechsel),False
2026-08-05 09:08:41.503,car_ID_27,car,Potsdam->Berlin,True
2026-08-05 09:08:49.069,bicycle_ID_29,bicycle,Berlin (kein Wechsel),False
2026-08-05 09:08:49.271,motorcycle_ID_27,motorcycle,Berlin (kein Wechsel),False
2026-08-05 09:08:50.367,bicycle_ID_30,bicycle,Berlin (kein Wechsel),False
2026-08-05 09:08:50.635,person_ID_39,person,Berlin (kein Wechsel),False
2026-08-05 09:08:50.703,motorcycle_ID_28,motorcycle,Berlin (kein Wechsel),False
2026-08-05 09:08:50.903,motorcycle_ID_29,motorcycle,Berlin->Potsdam,True
2026-08-05 09:08:51.504,person_ID_40,person,Potsdam (kein Wechsel),False
2026-08-05 09:08:51.504,bicycle_ID_31,bicycle,Berlin->Potsdam,True
2026-08-05 09:08:53.103,car_ID_28,car,Potsdam->Berlin,True
2026-08-05 09:09:03.703,car_ID_29,car,Berlin->Potsdam,True
2026-08-05 09:09:04.104,bicycle_ID_32,bicycle,Potsdam (kein Wechsel),False
2026-08-05 09:09:04.802,bicycle_ID_33,bicycle,Potsdam (kein Wechsel),False
2026-08-05 09:09:05.833,bicycle_ID_34,bicycle,Potsdam (kein Wechsel),False
2026-08-05 09:09:06.205,motorcycle_ID_30,motorcycle,Berlin (kein Wechsel),False
2026-08-05 09:09:06.705,bicycle_ID_35,bicycle,Berlin (kein Wechsel),False
2026-08-05 09:09:07.305,motorcycle_ID_31,motorcycle,Berlin (kein Wechsel),False
2026-08-05 09:09:08.970,bicycle_ID_36,bicycle,Berlin (kein Wechsel),False
2026-08-05 09:09:09.038,person_ID_41,person,Potsdam->Berlin,True
2026-08-05 09:09:39.936,bus_ID_3,bus,Berlin (kein Wechsel),False
2026-08-05 09:09:40.103,truck_ID_8,truck,Berlin (kein Wechsel),False
2026-08-05 09:09:40.505,truck_ID_9,truck,Berlin (kein Wechsel),False
2026-08-05 09:09:40.736,car_ID_30,car,Potsdam->Berlin,True
2026-08-05 09:10:21.842,car_ID_31,car,Potsdam->Berlin,True
2026-08-05 09:10:33.508,motorcycle_ID_32,motorcycle,Berlin (kein Wechsel),False
2026-08-05 09:10:33.808,bicycle_ID_38,bicycle,Berlin (kein Wechsel),False
2026-08-05 09:10:34.846,car_ID_33,car,Potsdam (kein Wechsel),False
2026-08-05 09:10:35.742,person_ID_42,person,Berlin->Potsdam,True
2026-08-05 09:10:35.813,bicycle_ID_37,bicycle,Berlin->Potsdam,True
2026-08-05 09:10:36.339,car_ID_34,car,Berlin (kein Wechsel),False
2026-08-05 09:10:36.845,truck_ID_11,truck,Potsdam->Berlin,True
2026-08-05 09:10:36.910,bus_ID_4,bus,Berlin (kein Wechsel),False
2026-08-05 09:10:36.980,bus_ID_5,bus,Berlin (kein Wechsel),False
2026-08-05 09:10:37.175,truck_ID_10,truck,Potsdam->Berlin,True
2026-08-05 09:10:37.978,car_ID_32,car,Potsdam->Berlin,True
2026-08-05 09:11:11.779,car_ID_35,car,Potsdam->Berlin,True
2026-08-05 09:11:22.848,person_ID_43,person,Potsdam (kein Wechsel),False
2026-08-05 09:11:25.315,bicycle_ID_39,bicycle,Berlin (kein Wechsel),False
2026-08-05 09:11:25.412,motorcycle_ID_34,motorcycle,Potsdam (kein Wechsel),False
2026-08-05 09:11:25.482,bicycle_ID_40,bicycle,Berlin->Potsdam,True
2026-08-05 09:11:25.981,motorcycle_ID_33,motorcycle,Berlin->Potsdam,True
2026-08-05 09:11:26.115,person_ID_45,person,Berlin->Potsdam,True
2026-08-05 09:11:34.250,truck_ID_12,truck,Berlin (kein Wechsel),False
2026-08-05 09:11:35.014,car_ID_36,car,Berlin->Potsdam,True
2026-08-05 09:11:40.015,person_ID_44,person,Potsdam->Berlin,True
2026-08-05 09:11:45.249,person_ID_46,person,Berlin (kein Wechsel),False
2026-08-05 09:12:00.514,person_ID_47,person,Berlin->Potsdam,True
2026-08-05 09:12:00.514,bicycle_ID_41,bicycle,Berlin->Potsdam,True
2026-08-05 09:12:12.084,car_ID_37,car,Berlin->Potsdam,True
2026-08-05 09:12:20.985,car_ID_38,car,Berlin->Potsdam,True
2026-08-05 09:12:33.785,car_ID_39,car,Berlin->Potsdam,True
2026-08-05 09:12:35.121,bicycle_ID_43,bicycle,Potsdam (kein Wechsel),False
2026-08-05 09:12:35.286,bicycle_ID_42,bicycle,Potsdam (kein Wechsel),False
2026-08-05 09:12:35.522,person_ID_48,person,Potsdam (kein Wechsel),False
2026-08-05 09:12:35.787,person_ID_49,person,Potsdam (kein Wechsel),False
2026-08-05 09:12:37.954,bicycle_ID_44,bicycle,Berlin (kein Wechsel),False
2026-08-05 09:12:39.919,person_ID_50,person,Potsdam->Berlin,True
2026-08-05 09:12:40.085,bicycle_ID_45,bicycle,Berlin (kein Wechsel),False
2026-08-05 09:12:48.556,car_ID_40,car,Berlin->Potsdam,True
2026-08-05 09:13:12.187,car_ID_41,car,Potsdam->Berlin,True
2026-08-05 09:13:15.558,bicycle_ID_46,bicycle,Potsdam (kein Wechsel),False
2026-08-05 09:13:16.157,bicycle_ID_47,bicycle,Potsdam (kein Wechsel),False
2026-08-05 09:13:16.624,person_ID_51,person,Potsdam (kein Wechsel),False
2026-08-05 09:13:17.688,person_ID_53,person,Potsdam (kein Wechsel),False
2026-08-05 09:13:18.820,person_ID_52,person,Berlin (kein Wechsel),False
2026-08-05 09:13:19.125,motorcycle_ID_35,motorcycle,Potsdam (kein Wechsel),False
2026-08-05 09:13:19.356,bicycle_ID_48,bicycle,Potsdam->Berlin,True
2026-08-05 09:13:19.420,motorcycle_ID_36,motorcycle,Potsdam->Berlin,True
2026-08-05 09:13:19.856,bicycle_ID_49,bicycle,Berlin (kein Wechsel),False
2026-08-05 09:13:21.420,person_ID_54,person,Potsdam->Berlin,True
2026-08-05 09:13:22.419,motorcycle_ID_37,motorcycle,Berlin (kein Wechsel),False
2026-08-05 09:13:23.590,car_ID_42,car,Potsdam->Berlin,True
2026-08-05 09:13:34.459,person_ID_55,person,Berlin->Potsdam,True
2026-08-05 09:13:38.693,person_ID_56,person,Potsdam (kein Wechsel),False
2026-08-05 09:13:39.126,person_ID_57,person,Potsdam (kein Wechsel),False
2026-08-05 09:13:40.827,motorcycle_ID_39,motorcycle,Berlin (kein Wechsel),False
2026-08-05 09:13:41.389,person_ID_58,person,Potsdam (kein Wechsel),False
2026-08-05 09:13:42.227,motorcycle_ID_38,motorcycle,Potsdam->Berlin,True
2026-08-05 09:14:08.232,car_ID_43,car,Potsdam (kein Wechsel),False
2026-08-05 09:14:10.128,truck_ID_14,truck,Berlin (kein Wechsel),False
2026-08-05 09:14:10.230,truck_ID_13,truck,Berlin (kein Wechsel),False
2026-08-05 09:14:10.930,car_ID_44,car,Potsdam->Berlin,True
2026-08-05 09:14:11.199,bus_ID_6,bus,Berlin (kein Wechsel),False
2026-08-05 09:14:11.931,car_ID_45,car,Potsdam->Berlin,True
2026-08-05 09:14:21.461,bicycle_ID_50,bicycle,Potsdam (kein Wechsel),False
2026-08-05 09:14:22.331,person_ID_59,person,Potsdam (kein Wechsel),False
2026-08-05 09:14:23.600,bicycle_ID_52,bicycle,Potsdam (kein Wechsel),False
2026-08-05 09:14:23.697,motorcycle_ID_40,motorcycle,Potsdam (kein Wechsel),False
2026-08-05 09:14:24.762,person_ID_60,person,Potsdam->Berlin,True
2026-08-05 09:14:25.167,motorcycle_ID_41,motorcycle,Berlin (kein Wechsel),False
2026-08-05 09:14:25.664,bicycle_ID_51,bicycle,Potsdam->Berlin,True
2026-08-05 09:14:27.499,bicycle_ID_53,bicycle,Berlin (kein Wechsel),False
2026-08-05 09:14:27.601,person_ID_61,person,Berlin (kein Wechsel),False
2026-08-05 09:14:38.332,car_ID_46,car,Berlin->Potsdam,True
2026-08-05 09:14:58.602,truck_ID_15,truck,Potsdam (kein Wechsel),False
2026-08-05 09:14:59.135,car_ID_48,car,Potsdam (kein Wechsel),False
2026-08-05 09:15:00.502,truck_ID_16,truck,Berlin (kein Wechsel),False
2026-08-05 09:15:00.534,truck_ID_17,truck,Berlin (kein Wechsel),False
2026-08-05 09:15:00.834,car_ID_47,car,Potsdam->Berlin,True
2026-08-05 09:15:01.735,car_ID_49,car,Berlin (kein Wechsel),False
2026-08-05 09:15:01.802,truck_ID_18,truck,Berlin (kein Wechsel),False
2026-08-05 09:15:02.002,car_ID_50,car,Berlin (kein Wechsel),False
2026-08-05 09:15:02.034,bus_ID_7,bus,Berlin (kein Wechsel),False
2026-08-05 09:15:13.372,car_ID_51,car,Berlin->Potsdam,True
2026-08-05 09:15:35.535,motorcycle_ID_42,motorcycle,Berlin (kein Wechsel),False
2026-08-05 09:15:36.072,person_ID_62,person,Berlin (kein Wechsel),False
2026-08-05 09:15:37.071,motorcycle_ID_43,motorcycle,Berlin->Potsdam,True
2026-08-05 09:15:43.271,car_ID_52,car,Berlin->Potsdam,True
2026-08-05 09:15:45.068,person_ID_63,person,Potsdam (kein Wechsel),False
2026-08-05 09:15:45.405,motorcycle_ID_44,motorcycle,Potsdam (kein Wechsel),False
2026-08-05 09:15:50.774,person_ID_64,person,Berlin (kein Wechsel),False
2026-08-05 09:15:52.674,motorcycle_ID_45,motorcycle,Potsdam->Berlin,True
2026-08-05 09:15:52.775,bicycle_ID_54,bicycle,Berlin (kein Wechsel),False
2026-08-05 09:15:52.907,bicycle_ID_55,bicycle,Berlin (kein Wechsel),False
2026-08-05 09:15:53.840,person_ID_65,person,Berlin (kein Wechsel),False
2026-08-05 09:15:53.905,motorcycle_ID_46,motorcycle,Berlin (kein Wechsel),False
2026-08-05 09:16:02.007,car_ID_53,car,Berlin (kein Wechsel),False
2026-08-05 09:16:15.275,person_ID_66,person,Potsdam (kein Wechsel),False
2026-08-05 09:16:15.676,motorcycle_ID_47,motorcycle,Potsdam (kein Wechsel),False
2026-08-05 09:16:15.775,bicycle_ID_56,bicycle,Potsdam (kein Wechsel),False
2026-08-05 09:16:17.408,person_ID_67,person,Potsdam (kein Wechsel),False
2026-08-05 09:16:17.937,bicycle_ID_57,bicycle,Berlin (kein Wechsel),False
2026-08-05 09:16:17.974,person_ID_68,person,Berlin (kein Wechsel),False
2026-08-05 09:16:19.506,motorcycle_ID_48,motorcycle,Berlin (kein Wechsel),False
2026-08-05 09:16:20.138,car_ID_54,car,Potsdam->Berlin,True
2026-08-05 09:16:28.439,bicycle_ID_59,bicycle,Berlin (kein Wechsel),False
2026-08-05 09:16:28.975,bicycle_ID_58,bicycle,Berlin->Potsdam,True
2026-08-05 09:16:29.474,person_ID_69,person,Berlin->Potsdam,True
2026-08-05 09:16:34.576,car_ID_55,car,Berlin->Potsdam,True
2026-08-05 09:16:46.106,car_ID_56,car,Berlin->Potsdam,True
2026-08-05 09:16:46.908,car_ID_57,car,Potsdam (kein Wechsel),False
2026-08-05 09:17:26.837,car_ID_58,car,Berlin->Potsdam,True
2026-08-05 09:18:04.145,car_ID_59,car,Potsdam->Berlin,True
2026-08-05 09:18:18.806,car_ID_60,car,Potsdam->Berlin,True
2026-08-05 09:18:21.976,car_ID_61,car,Potsdam->Berlin,True
2026-08-05 09:18:52.377,car_ID_62,car,Berlin->Potsdam,True
2026-08-05 09:19:17.547,truck_ID_19,truck,Berlin (kein Wechsel),False
2026-08-05 09:19:18.415,bus_ID_9,bus,Berlin (kein Wechsel),False
2026-08-05 09:19:18.815,truck_ID_20,truck,Berlin (kein Wechsel),False
2026-08-05 09:19:19.348,bus_ID_8,bus,Berlin (kein Wechsel),False
2026-08-05 09:19:20.947,bus_ID_11,bus,Potsdam (kein Wechsel),False
2026-08-05 09:19:21.313,bus_ID_10,bus,Berlin->Potsdam,True
2026-08-05 09:19:24.379,bicycle_ID_60,bicycle,Berlin (kein Wechsel),False
2026-08-05 09:19:25.047,motorcycle_ID_50,motorcycle,Berlin->Potsdam,True
2026-08-05 09:19:25.214,motorcycle_ID_49,motorcycle,Berlin (kein Wechsel),False
2026-08-05 09:19:25.414,person_ID_70,person,Berlin->Potsdam,True
2026-08-05 09:19:25.877,bicycle_ID_61,bicycle,Berlin->Potsdam,True
2026-08-05 09:19:29.278,bicycle_ID_63,bicycle,Berlin (kein Wechsel),False
2026-08-05 09:19:29.278,motorcycle_ID_51,motorcycle,Berlin (kein Wechsel),False
2026-08-05 09:19:29.416,motorcycle_ID_52,motorcycle,Berlin->Potsdam,True
2026-08-05 09:19:29.783,bicycle_ID_62,bicycle,Berlin->Potsdam,True
2026-08-05 09:19:29.878,person_ID_71,person,Berlin->Potsdam,True
2026-08-05 09:19:31.946,car_ID_63,car,Berlin->Potsdam,True
2026-08-05 09:19:38.746,motorcycle_ID_53,motorcycle,Berlin (kein Wechsel),False
2026-08-05 09:19:39.048,bicycle_ID_64,bicycle,Berlin (kein Wechsel),False
2026-08-05 09:19:39.079,motorcycle_ID_54,motorcycle,Berlin (kein Wechsel),False
2026-08-05 09:19:40.416,person_ID_72,person,Berlin->Potsdam,True
2026-08-05 09:19:40.482,bicycle_ID_65,bicycle,Berlin->Potsdam,True
2026-08-05 09:19:45.750,truck_ID_21,truck,Berlin (kein Wechsel),False
2026-08-05 09:19:46.815,car_ID_64,car,Berlin->Potsdam,True
2026-08-05 09:19:51.549,truck_ID_22,truck,Potsdam (kein Wechsel),False
2026-08-05 09:19:51.549,truck_ID_23,truck,Potsdam (kein Wechsel),False
2026-08-05 09:19:52.880,car_ID_65,car,Potsdam->Berlin,True
2026-08-05 09:19:53.185,truck_ID_25,truck,Berlin (kein Wechsel),False
2026-08-05 09:19:53.219,truck_ID_24,truck,Berlin (kein Wechsel),False
2026-08-05 09:19:54.548,bus_ID_12,bus,Berlin (kein Wechsel),False
2026-08-05 09:19:54.981,car_ID_66,car,Potsdam->Berlin,True
2026-08-05 09:19:58.119,car_ID_67,car,Berlin->Potsdam,True
2026-08-05 09:20:03.814,car_ID_68,car,Berlin->Potsdam,True
2026-08-05 09:20:35.418,car_ID_69,car,Potsdam->Berlin,True
2026-08-05 09:20:42.483,car_ID_70,car,Berlin (kein Wechsel),False
2026-08-05 09:20:58.950,motorcycle_ID_55,motorcycle,Berlin->Potsdam,True
2026-08-05 09:20:59.222,bicycle_ID_66,bicycle,Berlin->Potsdam,True
2026-08-05 09:20:59.519,bicycle_ID_67,bicycle,Berlin->Potsdam,True
2026-08-05 09:20:59.587,person_ID_73,person,Berlin->Potsdam,True
2026-08-05 09:21:11.254,person_ID_74,person,Potsdam (kein Wechsel),False
2026-08-05 09:21:18.989,car_ID_71,car,Potsdam->Berlin,True
2026-08-05 09:21:23.290,person_ID_76,person,Potsdam (kein Wechsel),False
2026-08-05 09:21:27.422,person_ID_77,person,Potsdam (kein Wechsel),False
2026-08-05 09:21:29.922,person_ID_78,person,Potsdam (kein Wechsel),False
2026-08-05 09:21:34.155,person_ID_79,person,Potsdam (kein Wechsel),False
2026-08-05 09:21:36.321,person_ID_75,person,Potsdam->Berlin,True
2026-08-05 09:21:36.393,person_ID_80,person,Potsdam (kein Wechsel),False
2026-08-05 09:21:40.356,person_ID_81,person,Potsdam (kein Wechsel),False
2026-08-05 09:21:41.789,car_ID_72,car,Berlin->Potsdam,True
2026-08-05 09:21:44.192,bicycle_ID_68,bicycle,Potsdam (kein Wechsel),False
2026-08-05 09:21:44.754,person_ID_82,person,Potsdam (kein Wechsel),False
2026-08-05 09:21:45.122,person_ID_83,person,Berlin (kein Wechsel),False
2026-08-05 09:21:45.656,bicycle_ID_69,bicycle,Potsdam (kein Wechsel),False
2026-08-05 09:21:45.690,motorcycle_ID_56,motorcycle,Potsdam (kein Wechsel),False
2026-08-05 09:21:46.453,bicycle_ID_71,bicycle,Berlin (kein Wechsel),False
2026-08-05 09:21:46.824,motorcycle_ID_57,motorcycle,Berlin (kein Wechsel),False
2026-08-05 09:21:46.990,person_ID_84,person,Potsdam->Berlin,True
2026-08-05 09:21:47.323,motorcycle_ID_58,motorcycle,Berlin (kein Wechsel),False
2026-08-05 09:21:48.288,bicycle_ID_70,bicycle,Potsdam->Berlin,True
2026-08-05 09:21:48.392,person_ID_85,person,Berlin (kein Wechsel),False
2026-08-05 09:21:55.723,person_ID_86,person,Berlin (kein Wechsel),False
2026-08-05 09:21:57.952,person_ID_87,person,Berlin (kein Wechsel),False
2026-08-05 09:22:00.485,car_ID_73,car,Berlin->Potsdam,True
2026-08-05 09:22:01.125,person_ID_89,person,Berlin (kein Wechsel),False
2026-08-05 09:22:02.393,bicycle_ID_72,bicycle,Potsdam (kein Wechsel),False
2026-08-05 09:22:02.427,person_ID_88,person,Berlin (kein Wechsel),False
2026-08-05 09:22:02.988,bicycle_ID_73,bicycle,Potsdam (kein Wechsel),False
2026-08-05 09:22:03.022,person_ID_91,person,Potsdam (kein Wechsel),False
2026-08-05 09:22:03.754,bicycle_ID_74,bicycle,Potsdam (kein Wechsel),False
2026-08-05 09:22:03.922,person_ID_92,person,Potsdam (kein Wechsel),False
2026-08-05 09:22:04.489,person_ID_90,person,Berlin (kein Wechsel),False
2026-08-05 09:22:05.088,person_ID_93,person,Berlin (kein Wechsel),False
2026-08-05 09:22:05.823,bicycle_ID_75,bicycle,Potsdam->Berlin,True
2026-08-05 09:22:05.991,person_ID_94,person,Potsdam->Berlin,True
2026-08-05 09:22:06.922,person_ID_95,person,Berlin (kein Wechsel),False
2026-08-05 09:22:06.954,bicycle_ID_76,bicycle,Berlin (kein Wechsel),False
2026-08-05 09:22:07.527,motorcycle_ID_59,motorcycle,Berlin (kein Wechsel),False
2026-08-05 09:22:08.022,person_ID_96,person,Berlin (kein Wechsel),False
2026-08-05 09:22:08.127,bicycle_ID_77,bicycle,Berlin (kein Wechsel),False
2026-08-05 09:22:08.258,bicycle_ID_79,bicycle,Berlin (kein Wechsel),False
2026-08-05 09:22:10.155,person_ID_97,person,Berlin->Potsdam,True
2026-08-05 09:22:10.154,bicycle_ID_78,bicycle,Berlin->Potsdam,True
2026-08-05 09:22:29.958,motorcycle_ID_60,motorcycle,Potsdam (kein Wechsel),False
2026-08-05 09:22:30.857,person_ID_98,person,Potsdam (kein Wechsel),False
2026-08-05 09:22:32.056,motorcycle_ID_61,motorcycle,Potsdam->Berlin,True
2026-08-05 09:22:32.260,person_ID_99,person,Berlin (kein Wechsel),False
2026-08-05 09:22:33.924,motorcycle_ID_62,motorcycle,Berlin (kein Wechsel),False
2026-08-05 09:22:33.956,person_ID_100,person,Berlin (kein Wechsel),False
2026-08-05 09:22:34.255,bicycle_ID_80,bicycle,Berlin (kein Wechsel),False
2026-08-05 09:22:34.325,motorcycle_ID_63,motorcycle,Berlin (kein Wechsel),False
2026-08-05 09:22:36.124,car_ID_75,car,Berlin (kein Wechsel),False
2026-08-05 09:22:38.328,car_ID_74,car,Potsdam->Berlin,True
2026-08-05 09:22:44.096,car_ID_76,car,Berlin->Potsdam,True
2026-08-05 09:24:08.967,car_ID_77,car,Potsdam->Berlin,True
2026-08-05 09:24:18.535,car_ID_78,car,Berlin->Potsdam,True
2026-08-05 09:24:19.634,bicycle_ID_81,bicycle,Potsdam (kein Wechsel),False
2026-08-05 09:24:19.800,bicycle_ID_82,bicycle,Potsdam (kein Wechsel),False
2026-08-05 09:24:20.169,motorcycle_ID_64,motorcycle,Potsdam (kein Wechsel),False
2026-08-05 09:24:20.470,car_ID_79,car,Berlin->Potsdam,True
2026-08-05 09:24:22.835,person_ID_101,person,Potsdam->Berlin,True
2026-08-05 09:24:23.536,bicycle_ID_83,bicycle,Berlin (kein Wechsel),False
2026-08-05 09:24:24.769,bicycle_ID_84,bicycle,Berlin (kein Wechsel),False
2026-08-05 09:24:25.840,motorcycle_ID_65,motorcycle,Potsdam->Berlin,True
2026-08-05 09:24:40.701,bus_ID_13,bus,Potsdam (kein Wechsel),False
2026-08-05 09:24:41.601,truck_ID_26,truck,Potsdam (kein Wechsel),False
2026-08-05 09:24:46.005,bus_ID_14,bus,Potsdam->Berlin,True
2026-08-05 09:24:46.239,truck_ID_27,truck,Berlin (kein Wechsel),False
2026-08-05 09:25:12.604,bicycle_ID_85,bicycle,Potsdam (kein Wechsel),False
2026-08-05 09:25:12.972,person_ID_102,person,Potsdam (kein Wechsel),False
2026-08-05 09:25:14.440,motorcycle_ID_66,motorcycle,Potsdam->Berlin,True
2026-08-05 09:25:14.704,person_ID_103,person,Potsdam->Berlin,True
2026-08-05 09:25:16.304,bicycle_ID_87,bicycle,Berlin (kein Wechsel),False
2026-08-05 09:25:16.672,bicycle_ID_86,bicycle,Potsdam->Berlin,True
2026-08-05 09:25:16.840,person_ID_104,person,Berlin (kein Wechsel),False
2026-08-05 09:25:16.940,motorcycle_ID_67,motorcycle,Berlin (kein Wechsel),False
2026-08-05 09:25:17.304,motorcycle_ID_68,motorcycle,Berlin (kein Wechsel),False
2026-08-05 09:25:38.743,motorcycle_ID_69,motorcycle,Berlin (kein Wechsel),False
2026-08-05 09:25:39.004,bicycle_ID_89,bicycle,Berlin (kein Wechsel),False
2026-08-05 09:25:39.542,motorcycle_ID_70,motorcycle,Berlin (kein Wechsel),False
2026-08-05 09:25:40.006,motorcycle_ID_71,motorcycle,Potsdam (kein Wechsel),False
2026-08-05 09:25:40.305,person_ID_105,person,Berlin->Potsdam,True
2026-08-05 09:25:40.704,bicycle_ID_88,bicycle,Berlin->Potsdam,True
2026-08-05 09:25:50.845,car_ID_80,car,Berlin (kein Wechsel),False
2026-08-05 09:25:50.909,bus_ID_15,bus,Berlin (kein Wechsel),False
2026-08-05 09:25:51.444,truck_ID_28,truck,Berlin (kein Wechsel),False
2026-08-05 09:25:52.041,truck_ID_29,truck,Berlin->Potsdam,True
2026-08-05 09:25:52.142,car_ID_82,car,Berlin->Potsdam,True
2026-08-05 09:25:52.206,car_ID_81,car,Berlin->Potsdam,True
2026-08-05 09:25:55.907,car_ID_83,car,Berlin->Potsdam,True
2026-08-05 09:26:04.112,car_ID_84,car,Berlin->Potsdam,True
2026-08-05 09:26:06.914,car_ID_85,car,Berlin (kein Wechsel),False
2026-08-05 09:26:07.112,truck_ID_30,truck,Berlin->Potsdam,True
2026-08-05 09:26:07.475,truck_ID_31,truck,Berlin (kein Wechsel),False
2026-08-05 09:26:07.678,car_ID_86,car,Potsdam (kein Wechsel),False
2026-08-05 09:26:27.776,car_ID_87,car,Berlin->Potsdam,True
2026-08-05 09:26:31.347,motorcycle_ID_72,motorcycle,Berlin (kein Wechsel),False
2026-08-05 09:26:31.546,person_ID_106,person,Berlin (kein Wechsel),False
2026-08-05 09:27:13.187,car_ID_88,car,Potsdam->Berlin,True
2026-08-05 09:27:30.219,bicycle_ID_90,bicycle,Berlin (kein Wechsel),False
2026-08-05 09:27:30.981,motorcycle_ID_73,motorcycle,Berlin (kein Wechsel),False
2026-08-05 09:27:31.351,bicycle_ID_92,bicycle,Berlin (kein Wechsel),False
2026-08-05 09:27:31.381,motorcycle_ID_74,motorcycle,Berlin (kein Wechsel),False
2026-08-05 09:27:31.485,motorcycle_ID_75,motorcycle,Berlin (kein Wechsel),False
2026-08-05 09:27:31.954,person_ID_107,person,Berlin->Potsdam,True
2026-08-05 09:27:32.450,bicycle_ID_91,bicycle,Berlin->Potsdam,True
2026-08-05 09:28:04.721,car_ID_89,car,Potsdam->Berlin,True
2026-08-05 09:28:12.421,car_ID_90,car,Potsdam->Berlin,True
2026-08-05 09:28:26.155,person_ID_109,person,Potsdam (kein Wechsel),False
2026-08-05 09:28:27.027,person_ID_108,person,Potsdam (kein Wechsel),False
2026-08-05 09:28:30.222,person_ID_110,person,Potsdam (kein Wechsel),False
2026-08-05 09:28:36.523,person_ID_111,person,Potsdam->Berlin,True
2026-08-05 09:28:41.786,person_ID_113,person,Berlin (kein Wechsel),False
2026-08-05 09:28:42.593,person_ID_112,person,Berlin (kein Wechsel),False
2026-08-05 09:29:00.627,person_ID_114,person,Berlin (kein Wechsel),False
2026-08-05 09:29:02.093,person_ID_115,person,Berlin (kein Wechsel),False
2026-08-05 09:29:05.357,person_ID_116,person,Berlin (kein Wechsel),False
2026-08-05 09:29:12.861,person_ID_117,person,Berlin (kein Wechsel),False
2026-08-05 09:29:16.295,person_ID_118,person,Berlin (kein Wechsel),False
2026-08-05 09:29:19.761,person_ID_119,person,Berlin (kein Wechsel),False
2026-08-05 09:29:20.696,car_ID_91,car,Potsdam->Berlin,True
2026-08-05 09:29:20.728,bus_ID_16,bus,Berlin (kein Wechsel),False
2026-08-05 09:29:21.060,bus_ID_17,bus,Berlin (kein Wechsel),False
2026-08-05 09:29:21.795,car_ID_92,car,Berlin (kein Wechsel),False
2026-08-05 09:29:26.062,person_ID_120,person,Berlin (kein Wechsel),False
2026-08-05 09:29:33.728,person_ID_121,person,Berlin (kein Wechsel),False
2026-08-05 09:29:43.597,person_ID_122,person,Berlin->Potsdam,True
2026-08-05 09:29:45.496,person_ID_123,person,Potsdam (kein Wechsel),False
2026-08-05 09:29:52.198,person_ID_124,person,Potsdam (kein Wechsel),False
2026-08-05 09:30:09.168,car_ID_93,car,Potsdam->Berlin,True
2026-08-05 09:30:09.864,car_ID_94,car,Potsdam->Berlin,True
2026-08-05 09:30:10.299,truck_ID_33,truck,Potsdam->Berlin,True
2026-08-05 09:30:10.368,truck_ID_32,truck,Potsdam->Berlin,True
2026-08-05 09:30:10.431,bus_ID_19,bus,Berlin (kein Wechsel),False
2026-08-05 09:30:10.700,bus_ID_18,bus,Berlin (kein Wechsel),False
2026-08-05 09:30:10.899,car_ID_95,car,Berlin (kein Wechsel),False
2026-08-05 09:30:11.066,car_ID_96,car,Berlin (kein Wechsel),False
2026-08-05 09:30:13.601,car_ID_97,car,Berlin->Potsdam,True
2026-08-05 09:30:18.698,car_ID_98,car,Berlin->Potsdam,True
2026-08-05 09:30:20.568,car_ID_100,car,Berlin (kein Wechsel),False
2026-08-05 09:30:21.066,car_ID_101,car,Potsdam (kein Wechsel),False
2026-08-05 09:30:21.230,car_ID_99,car,Berlin->Potsdam,True
2026-08-05 09:30:21.568,truck_ID_34,truck,Potsdam (kein Wechsel),False
2026-08-05 09:30:33.836,person_ID_125,person,Potsdam (kein Wechsel),False
2026-08-05 09:30:34.533,car_ID_102,car,Potsdam (kein Wechsel),False
2026-08-05 09:30:34.702,car_ID_103,car,Potsdam (kein Wechsel),False
2026-08-05 09:30:35.137,truck_ID_36,truck,Potsdam (kein Wechsel),False
2026-08-05 09:30:35.701,truck_ID_35,truck,Potsdam (kein Wechsel),False
2026-08-05 09:30:36.702,bus_ID_20,bus,Potsdam (kein Wechsel),False
2026-08-05 09:30:39.068,truck_ID_37,truck,Potsdam->Berlin,True
2026-08-05 09:30:39.867,truck_ID_38,truck,Berlin (kein Wechsel),False
2026-08-05 09:30:55.070,car_ID_105,car,Potsdam (kein Wechsel),False
2026-08-05 09:30:57.003,car_ID_104,car,Potsdam->Berlin,True
2026-08-05 09:31:05.140,person_ID_126,person,Berlin (kein Wechsel),False
2026-08-05 09:31:07.135,person_ID_127,person,Berlin->Potsdam,True
2026-08-05 09:31:07.135,person_ID_128,person,Potsdam (kein Wechsel),False
2026-08-05 09:31:07.273,bicycle_ID_93,bicycle,Potsdam (kein Wechsel),False
2026-08-05 09:31:07.503,person_ID_129,person,Potsdam (kein Wechsel),False
2026-08-05 09:31:07.940,person_ID_130,person,Potsdam (kein Wechsel),False
2026-08-05 09:31:08.638,person_ID_131,person,Potsdam (kein Wechsel),False
2026-08-05 09:31:09.105,person_ID_132,person,Potsdam (kein Wechsel),False
2026-08-05 09:31:10.837,person_ID_133,person,Berlin (kein Wechsel),False
2026-08-05 09:31:12.604,bicycle_ID_94,bicycle,Potsdam->Berlin,True
2026-08-05 09:31:15.372,person_ID_134,person,Potsdam->Berlin,True
2026-08-05 09:31:15.806,bicycle_ID_97,bicycle,Berlin (kein Wechsel),False
2026-08-05 09:31:15.973,bicycle_ID_95,bicycle,Potsdam->Berlin,True
2026-08-05 09:31:16.338,bicycle_ID_96,bicycle,Berlin (kein Wechsel),False
2026-08-05 09:31:16.509,bicycle_ID_98,bicycle,Berlin (kein Wechsel),False
2026-08-05 09:31:16.542,motorcycle_ID_76,motorcycle,Berlin (kein Wechsel),False
2026-08-05 09:31:32.909,car_ID_107,car,Berlin (kein Wechsel),False
2026-08-05 09:31:33.008,car_ID_106,car,Berlin (kein Wechsel),False
2026-08-05 09:31:33.308,truck_ID_39,truck,Berlin->Potsdam,True
2026-08-05 09:31:33.309,truck_ID_40,truck,Potsdam (kein Wechsel),False
2026-08-05 09:32:06.808,car_ID_108,car,Potsdam->Berlin,True
2026-08-05 09:32:12.076,car_ID_109,car,Potsdam (kein Wechsel),False
2026-08-05 09:32:15.579,truck_ID_41,truck,Potsdam->Berlin,True
2026-08-05 09:32:27.545,car_ID_110,car,Berlin->Potsdam,True
2026-08-05 09:33:28.050,person_ID_136,person,Potsdam (kein Wechsel),False
2026-08-05 09:33:36.117,person_ID_135,person,Berlin->Potsdam,True
2026-08-05 09:33:37.349,person_ID_137,person,Potsdam (kein Wechsel),False
2026-08-05 09:33:40.182,person_ID_138,person,Potsdam (kein Wechsel),False
2026-08-05 09:33:44.715,person_ID_139,person,Potsdam (kein Wechsel),False
2026-08-05 09:33:48.349,car_ID_111,car,Berlin->Potsdam,True
2026-08-05 09:33:48.716,car_ID_112,car,Potsdam (kein Wechsel),False
2026-08-05 09:33:57.115,car_ID_113,car,Berlin->Potsdam,True
2026-08-05 09:34:04.416,motorcycle_ID_77,motorcycle,Berlin (kein Wechsel),False
2026-08-05 09:34:05.014,bicycle_ID_99,bicycle,Berlin->Potsdam,True
2026-08-05 09:34:05.118,person_ID_140,person,Berlin->Potsdam,True
2026-08-05 09:34:40.386,person_ID_141,person,Potsdam (kein Wechsel),False
2026-08-05 09:34:41.818,person_ID_142,person,Potsdam (kein Wechsel),False
2026-08-05 09:34:42.684,car_ID_114,car,Berlin->Potsdam,True
2026-08-05 09:34:43.550,car_ID_115,car,Potsdam (kein Wechsel),False
2026-08-05 09:34:47.885,motorcycle_ID_78,motorcycle,Berlin (kein Wechsel),False
2026-08-05 09:34:48.287,person_ID_143,person,Potsdam->Berlin,True
2026-08-05 09:34:48.353,bicycle_ID_100,bicycle,Berlin (kein Wechsel),False
2026-08-05 09:34:48.618,person_ID_144,person,Berlin (kein Wechsel),False
2026-08-05 09:34:58.249,car_ID_116,car,Berlin->Potsdam,True
2026-08-05 09:35:00.052,car_ID_117,car,Potsdam (kein Wechsel),False
2026-08-05 09:35:04.086,car_ID_118,car,Berlin->Potsdam,True
2026-08-05 09:35:05.018,car_ID_119,car,Potsdam (kein Wechsel),False
2026-08-05 09:35:12.152,car_ID_120,car,Berlin (kein Wechsel),False
2026-08-05 09:35:20.785,car_ID_121,car,Berlin->Potsdam,True
2026-08-05 09:35:31.188,motorcycle_ID_79,motorcycle,Berlin (kein Wechsel),False
2026-08-05 09:35:33.090,bicycle_ID_101,bicycle,Berlin->Potsdam,True
2026-08-05 09:35:33.554,person_ID_145,person,Berlin->Potsdam,True
2026-08-05 09:36:03.019,car_ID_122,car,Potsdam->Berlin,True
2026-08-05 09:36:11.054,car_ID_123,car,Potsdam->Berlin,True
2026-08-05 09:36:33.557,car_ID_124,car,Berlin->Potsdam,True
2026-08-05 09:36:40.655,car_ID_125,car,Potsdam (kein Wechsel),False
2026-08-05 09:36:41.525,car_ID_126,car,Potsdam (kein Wechsel),False
2026-08-05 09:36:42.055,truck_ID_42,truck,Potsdam (kein Wechsel),False
2026-08-05 09:36:42.356,truck_ID_43,truck,Potsdam (kein Wechsel),False
2026-08-05 09:36:42.620,car_ID_127,car,Potsdam (kein Wechsel),False
2026-08-05 09:36:53.521,person_ID_146,person,Potsdam (kein Wechsel),False
2026-08-05 09:37:03.357,car_ID_130,car,Potsdam (kein Wechsel),False
2026-08-05 09:37:06.290,car_ID_129,car,Potsdam->Berlin,True
2026-08-05 09:37:07.157,person_ID_147,person,Potsdam (kein Wechsel),False
2026-08-05 09:37:07.888,car_ID_128,car,Potsdam (kein Wechsel),False
2026-08-05 09:37:10.020,person_ID_148,person,Potsdam (kein Wechsel),False
2026-08-05 09:37:10.256,car_ID_132,car,Berlin->Potsdam,True
2026-08-05 09:37:12.357,person_ID_149,person,Potsdam (kein Wechsel),False
2026-08-05 09:37:13.323,car_ID_133,car,Berlin->Potsdam,True
2026-08-05 09:37:13.561,person_ID_150,person,Potsdam (kein Wechsel),False
2026-08-05 09:37:28.024,bicycle_ID_103,bicycle,Berlin (kein Wechsel),False
2026-08-05 09:37:28.488,bicycle_ID_102,bicycle,Potsdam->Berlin,True
2026-08-05 09:37:28.822,person_ID_151,person,Potsdam->Berlin,True
2026-08-05 09:37:28.856,motorcycle_ID_80,motorcycle,Berlin (kein Wechsel),False
2026-08-05 09:37:29.725,person_ID_152,person,Berlin (kein Wechsel),False
2026-08-05 09:37:30.390,bicycle_ID_104,bicycle,Berlin (kein Wechsel),False
2026-08-05 09:37:32.890,bicycle_ID_105,bicycle,Berlin (kein Wechsel),False
2026-08-05 09:37:33.425,motorcycle_ID_81,motorcycle,Berlin (kein Wechsel),False
2026-08-05 09:37:33.653,motorcycle_ID_82,motorcycle,Potsdam (kein Wechsel),False
2026-08-05 09:37:33.858,bicycle_ID_106,bicycle,Berlin->Potsdam,True
2026-08-05 09:37:34.222,person_ID_153,person,Berlin->Potsdam,True
2026-08-05 09:37:34.222,bicycle_ID_107,bicycle,Potsdam (kein Wechsel),False
2026-08-05 09:37:35.058,truck_ID_45,truck,Potsdam (kein Wechsel),False
2026-08-05 09:37:36.291,car_ID_135,car,Potsdam (kein Wechsel),False
2026-08-05 09:37:36.354,car_ID_134,car,Berlin->Potsdam,True
2026-08-05 09:37:42.336,person_ID_154,person,Potsdam (kein Wechsel),False
2026-08-05 09:37:44.256,person_ID_155,person,Potsdam (kein Wechsel),False
2026-08-05 09:37:45.292,person_ID_156,person,Potsdam (kein Wechsel),False
2026-08-05 09:37:55.291,car_ID_136,car,Berlin (kein Wechsel),False
2026-08-05 09:38:04.593,person_ID_157,person,Berlin (kein Wechsel),False
2026-08-05 09:38:05.690,person_ID_158,person,Berlin (kein Wechsel),False
2026-08-05 09:38:06.195,car_ID_137,car,Berlin->Potsdam,True
2026-08-05 09:38:08.426,person_ID_159,person,Potsdam (kein Wechsel),False
2026-08-05 09:38:14.629,truck_ID_44,truck,Potsdam (kein Wechsel),False
2026-08-05 09:38:16.391,car_ID_138,car,Potsdam->Berlin,True
2026-08-05 09:38:17.191,car_ID_139,car,Potsdam->Berlin,True
2026-08-05 09:38:51.059,car_ID_140,car,Berlin (kein Wechsel),False
2026-08-05 09:38:52.894,bus_ID_22,bus,Berlin (kein Wechsel),False
2026-08-05 09:38:52.999,truck_ID_48,truck,Berlin (kein Wechsel),False
2026-08-05 09:38:53.095,truck_ID_47,truck,Berlin (kein Wechsel),False
2026-08-05 09:38:53.392,truck_ID_46,truck,Potsdam (kein Wechsel),False
2026-08-05 09:38:53.728,car_ID_141,car,Berlin (kein Wechsel),False
2026-08-05 09:38:54.333,car_ID_142,car,Potsdam (kein Wechsel),False
2026-08-05 09:38:54.566,car_ID_131,car,Potsdam (kein Wechsel),False
2026-08-05 09:38:55.461,bus_ID_21,bus,Berlin->Potsdam,True
2026-08-05 09:38:56.360,car_ID_143,car,Potsdam (kein Wechsel),False
2026-08-05 09:38:56.493,truck_ID_50,truck,Potsdam (kein Wechsel),False
2026-08-05 09:38:57.427,bus_ID_23,bus,Potsdam (kein Wechsel),False
2026-08-05 09:38:57.761,car_ID_145,car,Potsdam (kein Wechsel),False
2026-08-05 09:38:58.995,person_ID_160,person,Potsdam (kein Wechsel),False
2026-08-05 09:38:59.396,car_ID_144,car,Berlin->Potsdam,True
2026-08-05 09:38:59.493,truck_ID_51,truck,Berlin->Potsdam,True
2026-08-05 09:38:59.628,car_ID_147,car,Potsdam (kein Wechsel),False
2026-08-05 09:38:59.661,truck_ID_52,truck,Potsdam (kein Wechsel),False
2026-08-05 09:39:00.362,person_ID_161,person,Potsdam (kein Wechsel),False
2026-08-05 09:39:35.731,car_ID_148,car,Berlin->Potsdam,True
2026-08-05 09:39:42.832,car_ID_149,car,Potsdam->Berlin,True
2026-08-05 09:40:17.572,motorcycle_ID_83,motorcycle,Berlin (kein Wechsel),False
2026-08-05 09:40:17.734,motorcycle_ID_84,motorcycle,Berlin (kein Wechsel),False
2026-08-05 09:40:19.565,bicycle_ID_108,bicycle,Berlin->Potsdam,True
2026-08-05 09:40:19.600,person_ID_162,person,Berlin->Potsdam,True
2026-08-05 09:40:21.167,car_ID_150,car,Berlin->Potsdam,True
2026-08-05 09:40:38.733,truck_ID_49,truck,Potsdam (kein Wechsel),False
2026-08-05 09:40:38.901,car_ID_151,car,Berlin (kein Wechsel),False
2026-08-05 09:40:39.469,truck_ID_53,truck,Berlin (kein Wechsel),False
2026-08-05 09:40:41.003,car_ID_152,car,Potsdam->Berlin,True
2026-08-05 09:40:42.136,truck_ID_54,truck,Potsdam (kein Wechsel),False
2026-08-05 09:40:45.271,car_ID_153,car,Potsdam->Berlin,True
2026-08-05 09:40:49.800,car_ID_154,car,Berlin->Potsdam,True
2026-08-05 09:40:50.733,car_ID_155,car,Berlin->Potsdam,True
2026-08-05 09:41:02.802,car_ID_156,car,Berlin->Potsdam,True
2026-08-05 09:41:30.170,car_ID_157,car,Potsdam->Berlin,True
2026-08-05 09:42:19.605,motorcycle_ID_85,motorcycle,Berlin (kein Wechsel),False
2026-08-05 09:42:20.406,motorcycle_ID_87,motorcycle,Berlin (kein Wechsel),False
2026-08-05 09:42:20.474,motorcycle_ID_86,motorcycle,Berlin (kein Wechsel),False
2026-08-05 09:42:21.542,person_ID_163,person,Berlin->Potsdam,True
2026-08-05 09:42:21.574,bicycle_ID_109,bicycle,Berlin->Potsdam,True
2026-08-05 09:42:29.174,car_ID_158,car,Potsdam (kein Wechsel),False
2026-08-05 09:42:31.509,car_ID_159,car,Potsdam->Berlin,True
2026-08-05 09:42:37.608,person_ID_164,person,Potsdam (kein Wechsel),False
2026-08-05 09:42:47.642,motorcycle_ID_88,motorcycle,Berlin (kein Wechsel),False
2026-08-05 09:42:49.076,bicycle_ID_111,bicycle,Berlin (kein Wechsel),False
2026-08-05 09:42:49.476,person_ID_165,person,Berlin->Potsdam,True
2026-08-05 09:42:49.939,bicycle_ID_110,bicycle,Berlin->Potsdam,True
2026-08-05 09:43:04.344,car_ID_160,car,Potsdam->Berlin,True
2026-08-05 09:43:14.844,person_ID_166,person,Potsdam (kein Wechsel),False
2026-08-05 09:43:24.378,motorcycle_ID_89,motorcycle,Berlin (kein Wechsel),False
2026-08-05 09:43:25.546,bicycle_ID_113,bicycle,Berlin (kein Wechsel),False
2026-08-05 09:43:25.579,bicycle_ID_112,bicycle,Berlin (kein Wechsel),False
2026-08-05 09:43:26.145,motorcycle_ID_90,motorcycle,Berlin->Potsdam,True
2026-08-05 09:43:26.145,motorcycle_ID_91,motorcycle,Berlin (kein Wechsel),False
2026-08-05 09:43:26.747,person_ID_167,person,Berlin->Potsdam,True
2026-08-05 09:43:48.047,truck_ID_55,truck,Potsdam (kein Wechsel),False
2026-08-05 09:43:49.549,bicycle_ID_115,bicycle,Berlin (kein Wechsel),False
2026-08-05 09:43:49.678,motorcycle_ID_93,motorcycle,Berlin (kein Wechsel),False
2026-08-05 09:43:49.846,bicycle_ID_114,bicycle,Berlin (kein Wechsel),False
2026-08-05 09:43:50.779,motorcycle_ID_92,motorcycle,Berlin (kein Wechsel),False
2026-08-05 09:43:51.279,person_ID_168,person,Berlin (kein Wechsel),False
2026-08-05 09:44:04.815,car_ID_161,car,Potsdam->Berlin,True
2026-08-05 09:44:18.450,motorcycle_ID_94,motorcycle,Berlin (kein Wechsel),False
2026-08-05 09:44:19.048,bicycle_ID_117,bicycle,Berlin (kein Wechsel),False
2026-08-05 09:44:19.981,bicycle_ID_116,bicycle,Berlin->Potsdam,True
2026-08-05 09:44:20.447,person_ID_169,person,Berlin->Potsdam,True
2026-08-05 09:44:41.650,truck_ID_56,truck,Potsdam (kein Wechsel),False
2026-08-05 09:44:42.649,person_ID_170,person,Potsdam (kein Wechsel),False
2026-08-05 09:44:43.219,bicycle_ID_119,bicycle,Berlin (kein Wechsel),False
2026-08-05 09:44:43.551,bicycle_ID_120,bicycle,Berlin (kein Wechsel),False
2026-08-05 09:44:43.551,bicycle_ID_121,bicycle,Berlin (kein Wechsel),False
2026-08-05 09:44:43.685,bicycle_ID_118,bicycle,Berlin (kein Wechsel),False
2026-08-05 09:44:43.684,motorcycle_ID_96,motorcycle,Berlin (kein Wechsel),False
2026-08-05 09:44:44.751,motorcycle_ID_95,motorcycle,Berlin (kein Wechsel),False
2026-08-05 09:44:44.851,person_ID_172,person,Berlin (kein Wechsel),False
2026-08-05 09:44:45.051,person_ID_171,person,Berlin (kein Wechsel),False
2026-08-05 09:44:45.051,motorcycle_ID_97,motorcycle,Berlin (kein Wechsel),False
2026-08-05 09:44:45.513,truck_ID_57,truck,Potsdam (kein Wechsel),False
2026-08-05 09:44:47.513,bicycle_ID_123,bicycle,Berlin (kein Wechsel),False
2026-08-05 09:44:48.082,bicycle_ID_122,bicycle,Berlin (kein Wechsel),False
2026-08-05 09:44:48.650,person_ID_173,person,Berlin (kein Wechsel),False
2026-08-05 09:44:48.682,motorcycle_ID_98,motorcycle,Berlin (kein Wechsel),False
2026-08-05 09:44:56.183,truck_ID_58,truck,Potsdam (kein Wechsel),False
2026-08-05 09:44:56.282,bus_ID_24,bus,Potsdam (kein Wechsel),False
2026-08-05 09:44:56.618,car_ID_146,car,Potsdam (kein Wechsel),False
2026-08-05 09:44:56.782,car_ID_162,car,Potsdam (kein Wechsel),False
2026-08-05 09:44:57.420,truck_ID_59,truck,Potsdam (kein Wechsel),False
2026-08-05 09:45:01.651,bus_ID_25,bus,Potsdam->Berlin,True
2026-08-05 09:45:01.985,truck_ID_61,truck,Berlin (kein Wechsel),False
2026-08-05 09:45:05.719,person_ID_174,person,Potsdam (kein Wechsel),False
2026-08-05 09:45:06.352,person_ID_175,person,Potsdam (kein Wechsel),False
2026-08-05 09:45:11.984,person_ID_176,person,Berlin (kein Wechsel),False
2026-08-05 09:45:12.622,car_ID_165,car,Potsdam (kein Wechsel),False
2026-08-05 09:45:13.219,car_ID_164,car,Berlin->Potsdam,True
2026-08-05 09:45:16.588,person_ID_177,person,Berlin (kein Wechsel),False
2026-08-05 09:45:40.922,person_ID_178,person,Potsdam (kein Wechsel),False
2026-08-05 09:45:56.924,person_ID_179,person,Potsdam (kein Wechsel),False
2026-08-05 09:45:58.656,person_ID_181,person,Potsdam (kein Wechsel),False
2026-08-05 09:45:59.185,person_ID_180,person,Potsdam (kein Wechsel),False
2026-08-05 09:46:00.623,person_ID_182,person,Potsdam (kein Wechsel),False
2026-08-05 09:46:03.890,person_ID_183,person,Potsdam (kein Wechsel),False
2026-08-05 09:46:04.155,truck_ID_60,truck,Potsdam (kein Wechsel),False
2026-08-05 09:46:07.387,car_ID_166,car,Potsdam (kein Wechsel),False
2026-08-05 09:46:16.487,truck_ID_62,truck,Potsdam->Berlin,True
2026-08-05 09:46:21.956,person_ID_184,person,Potsdam (kein Wechsel),False
2026-08-05 09:46:23.388,car_ID_167,car,Potsdam (kein Wechsel),False
2026-08-05 09:46:25.824,person_ID_185,person,Potsdam (kein Wechsel),False
2026-08-05 09:46:27.628,car_ID_168,car,Berlin->Potsdam,True
2026-08-05 09:46:34.488,person_ID_186,person,Berlin (kein Wechsel),False
2026-08-05 09:46:38.770,car_ID_169,car,Berlin->Potsdam,True
2026-08-05 09:46:39.324,car_ID_170,car,Potsdam (kein Wechsel),False
2026-08-05 09:46:40.158,person_ID_187,person,Berlin (kein Wechsel),False
2026-08-05 09:46:42.093,person_ID_188,person,Berlin (kein Wechsel),False
2026-08-05 09:46:50.025,bus_ID_26,bus,Potsdam (kein Wechsel),False
2026-08-05 09:46:50.226,bus_ID_27,bus,Potsdam (kein Wechsel),False
2026-08-05 09:46:50.326,person_ID_189,person,Potsdam (kein Wechsel),False
2026-08-05 09:46:52.458,bus_ID_29,bus,Potsdam->Berlin,True
2026-08-05 09:46:52.961,person_ID_190,person,Potsdam (kein Wechsel),False
2026-08-05 09:46:53.061,bus_ID_28,bus,Potsdam->Berlin,True
2026-08-05 09:46:53.325,car_ID_173,car,Berlin (kein Wechsel),False
2026-08-05 09:46:53.593,truck_ID_64,truck,Berlin (kein Wechsel),False
2026-08-05 09:46:53.828,truck_ID_63,truck,Berlin (kein Wechsel),False
2026-08-05 09:46:54.792,truck_ID_65,truck,Berlin (kein Wechsel),False
2026-08-05 09:46:54.959,truck_ID_66,truck,Berlin (kein Wechsel),False
2026-08-05 09:46:55.625,bus_ID_30,bus,Berlin (kein Wechsel),False
2026-08-05 09:46:56.093,car_ID_171,car,Potsdam->Berlin,True
2026-08-05 09:46:56.458,person_ID_191,person,Potsdam (kein Wechsel),False
2026-08-05 09:46:57.556,bus_ID_31,bus,Berlin (kein Wechsel),False
2026-08-05 09:46:57.693,car_ID_163,car,Potsdam->Berlin,True
2026-08-05 09:46:57.693,car_ID_174,car,Berlin (kein Wechsel),False
2026-08-05 09:46:59.198,car_ID_172,car,Potsdam->Berlin,True
2026-08-05 09:47:01.993,person_ID_192,person,Potsdam (kein Wechsel),False
2026-08-05 09:47:04.961,bus_ID_32,bus,Berlin (kein Wechsel),False
2026-08-05 09:47:07.194,person_ID_193,person,Berlin (kein Wechsel),False
2026-08-05 09:47:10.193,person_ID_194,person,Berlin (kein Wechsel),False
2026-08-05 09:47:13.027,bus_ID_33,bus,Berlin (kein Wechsel),False
2026-08-05 09:47:13.295,car_ID_178,car,Berlin (kein Wechsel),False
2026-08-05 09:47:13.426,car_ID_177,car,Berlin (kein Wechsel),False
2026-08-05 09:47:15.028,car_ID_176,car,Berlin->Potsdam,True
2026-08-05 09:47:16.594,car_ID_180,car,Berlin (kein Wechsel),False
2026-08-05 09:47:16.627,bus_ID_34,bus,Berlin (kein Wechsel),False
2026-08-05 09:47:16.793,car_ID_181,car,Berlin (kein Wechsel),False
2026-08-05 09:47:17.695,car_ID_179,car,Berlin->Potsdam,True
2026-08-05 09:47:17.928,bus_ID_36,bus,Berlin (kein Wechsel),False
2026-08-05 09:47:19.431,car_ID_182,car,Berlin (kein Wechsel),False
2026-08-05 09:47:20.094,car_ID_183,car,Berlin (kein Wechsel),False
2026-08-05 09:47:20.094,bus_ID_35,bus,Berlin (kein Wechsel),False
2026-08-05 09:47:20.495,car_ID_184,car,Berlin (kein Wechsel),False
2026-08-05 09:47:21.726,car_ID_175,car,Potsdam->Berlin,True
2026-08-05 09:47:27.961,car_ID_185,car,Berlin (kein Wechsel),False
2026-08-05 09:47:28.595,bus_ID_37,bus,Berlin (kein Wechsel),False
2026-08-05 09:47:34.329,motorcycle_ID_99,motorcycle,Berlin (kein Wechsel),False
2026-08-05 09:47:35.128,bicycle_ID_124,bicycle,Berlin (kein Wechsel),False
2026-08-05 09:47:35.196,person_ID_195,person,Berlin (kein Wechsel),False
2026-08-05 09:47:35.797,bicycle_ID_125,bicycle,Berlin->Potsdam,True
2026-08-05 09:47:43.696,car_ID_186,car,Berlin (kein Wechsel),False
2026-08-05 09:47:43.961,truck_ID_68,truck,Berlin (kein Wechsel),False
2026-08-05 09:47:44.029,car_ID_187,car,Berlin (kein Wechsel),False
2026-08-05 09:47:44.060,car_ID_188,car,Berlin (kein Wechsel),False
2026-08-05 09:47:44.296,truck_ID_67,truck,Berlin->Potsdam,True
2026-08-05 09:48:05.331,bus_ID_38,bus,Berlin (kein Wechsel),False
2026-08-05 09:48:06.631,car_ID_189,car,Berlin->Potsdam,True
2026-08-05 09:48:09.562,bus_ID_39,bus,Berlin (kein Wechsel),False
2026-08-05 09:48:09.731,car_ID_191,car,Berlin (kein Wechsel),False
2026-08-05 09:48:11.297,car_ID_190,car,Berlin->Potsdam,True
2026-08-05 09:48:18.832,person_ID_196,person,Berlin (kein Wechsel),False
2026-08-05 09:48:19.100,bus_ID_40,bus,Berlin (kein Wechsel),False
2026-08-05 09:48:28.730,person_ID_197,person,Berlin->Potsdam,True
2026-08-05 09:48:30.131,person_ID_198,person,Potsdam (kein Wechsel),False
2026-08-05 09:48:31.367,person_ID_199,person,Potsdam (kein Wechsel),False
2026-08-05 09:48:37.467,person_ID_200,person,Potsdam (kein Wechsel),False
2026-08-05 09:48:48.733,bus_ID_42,bus,Berlin (kein Wechsel),False
2026-08-05 09:48:52.701,bus_ID_41,bus,Berlin (kein Wechsel),False
2026-08-05 09:48:52.736,car_ID_194,car,Berlin (kein Wechsel),False
2026-08-05 09:48:52.969,car_ID_193,car,Berlin (kein Wechsel),False
2026-08-05 09:48:53.635,car_ID_192,car,Berlin->Potsdam,True
2026-08-05 09:48:54.734,car_ID_195,car,Potsdam (kein Wechsel),False
2026-08-05 09:48:55.969,bus_ID_43,bus,Berlin (kein Wechsel),False
2026-08-05 09:48:58.268,bus_ID_44,bus,Berlin (kein Wechsel),False
2026-08-05 09:49:01.373,bus_ID_45,bus,Berlin (kein Wechsel),False
2026-08-05 09:49:03.070,bus_ID_47,bus,Berlin (kein Wechsel),False
2026-08-05 09:49:04.569,bus_ID_48,bus,Berlin (kein Wechsel),False
2026-08-05 09:49:12.333,bus_ID_46,bus,Berlin (kein Wechsel),False
2026-08-05 09:49:16.403,bus_ID_49,bus,Berlin (kein Wechsel),False
2026-08-05 09:49:17.702,car_ID_196,car,Potsdam->Berlin,True
2026-08-05 09:49:22.970,car_ID_197,car,Berlin (kein Wechsel),False
2026-08-05 09:49:30.437,car_ID_199,car,Berlin (kein Wechsel),False
2026-08-05 09:49:31.204,bus_ID_50,bus,Berlin (kein Wechsel),False
2026-08-05 09:49:31.671,car_ID_198,car,Potsdam->Berlin,True
2026-08-05 09:49:44.603,bus_ID_52,bus,Berlin (kein Wechsel),False
2026-08-05 09:49:45.507,car_ID_200,car,Berlin->Potsdam,True
2026-08-05 09:49:45.936,bus_ID_51,bus,Berlin (kein Wechsel),False
2026-08-05 09:49:46.272,motorcycle_ID_100,motorcycle,Berlin (kein Wechsel),False
2026-08-05 09:49:46.338,motorcycle_ID_101,motorcycle,Berlin (kein Wechsel),False
2026-08-05 09:49:46.536,bicycle_ID_127,bicycle,Berlin (kein Wechsel),False
2026-08-05 09:49:47.536,bicycle_ID_126,bicycle,Berlin->Potsdam,True
2026-08-05 09:49:48.034,person_ID_202,person,Berlin->Potsdam,True
2026-08-05 09:49:54.872,person_ID_203,person,Berlin->Potsdam,True
2026-08-05 09:49:55.208,person_ID_201,person,Berlin->Potsdam,True
2026-08-05 09:50:09.540,bus_ID_53,bus,Berlin (kein Wechsel),False
2026-08-05 09:50:10.807,car_ID_201,car,Potsdam->Berlin,True
2026-08-05 09:50:19.006,car_ID_202,car,Berlin (kein Wechsel),False
2026-08-05 09:50:21.173,bus_ID_54,bus,Berlin (kein Wechsel),False
2026-08-05 09:50:39.776,bus_ID_55,bus,Berlin (kein Wechsel),False
2026-08-05 09:50:40.945,car_ID_203,car,Berlin (kein Wechsel),False
2026-08-05 09:50:42.275,bus_ID_57,bus,Berlin (kein Wechsel),False
2026-08-05 09:50:42.276,bus_ID_58,bus,Berlin (kein Wechsel),False
2026-08-05 09:50:42.806,car_ID_206,car,Berlin (kein Wechsel),False
2026-08-05 09:50:42.912,car_ID_208,car,Berlin (kein Wechsel),False
2026-08-05 09:50:43.008,car_ID_207,car,Berlin (kein Wechsel),False
2026-08-05 09:50:44.478,car_ID_205,car,Berlin->Potsdam,True
2026-08-05 09:50:47.611,car_ID_210,car,Berlin (kein Wechsel),False
2026-08-05 09:50:48.206,car_ID_212,car,Berlin (kein Wechsel),False
2026-08-05 09:50:48.277,car_ID_213,car,Berlin (kein Wechsel),False
2026-08-05 09:50:49.309,car_ID_211,car,Berlin (kein Wechsel),False
2026-08-05 09:50:49.377,car_ID_209,car,Berlin->Potsdam,True
2026-08-05 09:50:51.015,bus_ID_56,bus,Berlin (kein Wechsel),False
2026-08-05 09:50:51.113,bus_ID_60,bus,Berlin (kein Wechsel),False
2026-08-05 09:50:51.345,truck_ID_69,truck,Berlin (kein Wechsel),False
2026-08-05 09:50:51.445,bus_ID_59,bus,Berlin (kein Wechsel),False
2026-08-05 09:50:52.545,car_ID_216,car,Berlin (kein Wechsel),False
2026-08-05 09:50:52.609,car_ID_215,car,Berlin (kein Wechsel),False
2026-08-05 09:50:52.775,car_ID_214,car,Berlin (kein Wechsel),False
2026-08-05 09:50:54.244,car_ID_204,car,Potsdam->Berlin,True
2026-08-05 09:50:58.744,bus_ID_63,bus,Berlin (kein Wechsel),False
2026-08-05 09:51:00.078,bus_ID_61,bus,Berlin (kein Wechsel),False
2026-08-05 09:51:06.479,bus_ID_62,bus,Berlin (kein Wechsel),False
2026-08-05 09:51:11.045,truck_ID_70,truck,Berlin (kein Wechsel),False
2026-08-05 09:51:11.178,motorcycle_ID_103,motorcycle,Berlin (kein Wechsel),False
2026-08-05 09:51:11.647,motorcycle_ID_102,motorcycle,Berlin (kein Wechsel),False
2026-08-05 09:51:11.747,bicycle_ID_128,bicycle,Berlin (kein Wechsel),False
2026-08-05 09:51:12.113,bicycle_ID_129,bicycle,Berlin->Potsdam,True
2026-08-05 09:51:12.509,bus_ID_65,bus,Berlin (kein Wechsel),False
2026-08-05 09:51:12.607,person_ID_204,person,Berlin->Potsdam,True
2026-08-05 09:51:14.512,bus_ID_64,bus,Berlin (kein Wechsel),False
2026-08-05 09:51:21.347,bus_ID_66,bus,Berlin (kein Wechsel),False
2026-08-05 09:51:23.108,person_ID_205,person,Berlin (kein Wechsel),False
2026-08-05 09:51:23.911,bus_ID_67,bus,Berlin (kein Wechsel),False
2026-08-05 09:51:27.410,bus_ID_68,bus,Berlin (kein Wechsel),False
2026-08-05 09:51:28.211,person_ID_207,person,Berlin (kein Wechsel),False
2026-08-05 09:51:29.247,person_ID_206,person,Berlin->Potsdam,True
2026-08-05 09:51:29.749,person_ID_208,person,Berlin (kein Wechsel),False
2026-08-05 09:51:30.716,person_ID_210,person,Potsdam (kein Wechsel),False
2026-08-05 09:51:30.878,bus_ID_69,bus,Berlin (kein Wechsel),False
2026-08-05 09:51:33.482,person_ID_211,person,Berlin->Potsdam,True
2026-08-05 09:51:34.312,person_ID_212,person,Potsdam (kein Wechsel),False
2026-08-05 09:51:35.079,person_ID_209,person,Berlin->Potsdam,True
2026-08-05 09:51:35.111,person_ID_213,person,Potsdam (kein Wechsel),False
2026-08-05 09:51:35.512,person_ID_214,person,Potsdam (kein Wechsel),False
2026-08-05 09:51:36.980,bus_ID_71,bus,Berlin (kein Wechsel),False
2026-08-05 09:51:38.049,person_ID_215,person,Potsdam (kein Wechsel),False
2026-08-05 09:51:39.149,person_ID_216,person,Potsdam (kein Wechsel),False
2026-08-05 09:51:40.348,person_ID_217,person,Potsdam (kein Wechsel),False
2026-08-05 09:51:41.647,bus_ID_70,bus,Berlin (kein Wechsel),False
2026-08-05 09:51:45.279,car_ID_217,car,Berlin (kein Wechsel),False
2026-08-05 09:51:50.650,bus_ID_72,bus,Berlin (kein Wechsel),False
2026-08-05 09:51:55.449,car_ID_218,car,Berlin (kein Wechsel),False
2026-08-05 09:51:56.918,bus_ID_74,bus,Berlin (kein Wechsel),False
2026-08-05 09:51:57.116,bus_ID_75,bus,Berlin (kein Wechsel),False
2026-08-05 09:51:57.581,car_ID_220,car,Berlin (kein Wechsel),False
2026-08-05 09:51:58.116,car_ID_221,car,Berlin (kein Wechsel),False
2026-08-05 09:51:58.249,car_ID_222,car,Berlin (kein Wechsel),False
2026-08-05 09:51:58.382,car_ID_219,car,Potsdam->Berlin,True
2026-08-05 09:51:59.080,bus_ID_73,bus,Berlin (kein Wechsel),False
2026-08-05 09:51:59.817,car_ID_223,car,Berlin (kein Wechsel),False
2026-08-05 09:52:00.015,car_ID_224,car,Berlin (kein Wechsel),False
2026-08-05 09:52:00.481,bus_ID_77,bus,Berlin (kein Wechsel),False
2026-08-05 09:52:01.316,car_ID_225,car,Berlin (kein Wechsel),False
2026-08-05 09:52:01.848,bus_ID_79,bus,Berlin (kein Wechsel),False
2026-08-05 09:52:02.679,car_ID_226,car,Berlin (kein Wechsel),False
2026-08-05 09:52:03.350,car_ID_227,car,Berlin (kein Wechsel),False
2026-08-05 09:52:03.950,bus_ID_78,bus,Berlin (kein Wechsel),False
2026-08-05 09:52:05.416,car_ID_228,car,Berlin (kein Wechsel),False
2026-08-05 09:52:06.051,car_ID_229,car,Berlin (kein Wechsel),False
2026-08-05 09:52:06.848,bus_ID_81,bus,Berlin (kein Wechsel),False
2026-08-05 09:52:07.649,car_ID_230,car,Berlin (kein Wechsel),False
2026-08-05 09:52:09.317,bus_ID_80,bus,Berlin (kein Wechsel),False
2026-08-05 09:52:09.718,car_ID_231,car,Berlin (kein Wechsel),False
2026-08-05 09:52:09.985,bus_ID_82,bus,Berlin (kein Wechsel),False
2026-08-05 09:52:12.321,bus_ID_84,bus,Berlin (kein Wechsel),False
2026-08-05 09:52:13.017,car_ID_232,car,Berlin (kein Wechsel),False
2026-08-05 09:52:13.683,bus_ID_76,bus,Berlin (kein Wechsel),False
2026-08-05 09:52:15.423,motorcycle_ID_104,motorcycle,Berlin (kein Wechsel),False
2026-08-05 09:52:15.882,car_ID_234,car,Berlin (kein Wechsel),False
2026-08-05 09:52:16.019,truck_ID_71,truck,Berlin (kein Wechsel),False
2026-08-05 09:52:16.380,person_ID_218,person,Berlin (kein Wechsel),False
2026-08-05 09:52:16.380,car_ID_233,car,Potsdam->Berlin,True
2026-08-05 09:52:16.380,bicycle_ID_131,bicycle,Berlin (kein Wechsel),False
2026-08-05 09:52:16.380,motorcycle_ID_105,motorcycle,Berlin (kein Wechsel),False
2026-08-05 09:52:16.450,car_ID_235,car,Berlin (kein Wechsel),False
2026-08-05 09:52:16.719,bus_ID_85,bus,Berlin (kein Wechsel),False
2026-08-05 09:52:16.783,person_ID_219,person,Berlin (kein Wechsel),False
2026-08-05 09:52:16.881,bicycle_ID_130,bicycle,Berlin->Potsdam,True
2026-08-05 09:52:17.020,bus_ID_83,bus,Berlin (kein Wechsel),False
2026-08-05 09:52:17.284,truck_ID_73,truck,Berlin (kein Wechsel),False
2026-08-05 09:52:17.351,truck_ID_72,truck,Berlin (kein Wechsel),False
2026-08-05 09:52:17.683,truck_ID_76,truck,Berlin (kein Wechsel),False
2026-08-05 09:52:17.817,car_ID_237,car,Berlin (kein Wechsel),False
2026-08-05 09:52:18.017,bus_ID_87,bus,Berlin (kein Wechsel),False
2026-08-05 09:52:18.287,truck_ID_74,truck,Berlin (kein Wechsel),False
2026-08-05 09:52:18.517,truck_ID_75,truck,Berlin (kein Wechsel),False
2026-08-05 09:52:19.157,car_ID_236,car,Berlin (kein Wechsel),False
2026-08-05 09:52:21.716,bus_ID_88,bus,Berlin (kein Wechsel),False
2026-08-05 09:52:24.549,bus_ID_86,bus,Berlin (kein Wechsel),False
2026-08-05 09:52:28.618,car_ID_238,car,Berlin (kein Wechsel),False
2026-08-05 09:52:28.852,car_ID_239,car,Berlin (kein Wechsel),False
2026-08-05 09:52:30.651,car_ID_240,car,Berlin (kein Wechsel),False
2026-08-05 09:52:31.118,bus_ID_89,bus,Berlin (kein Wechsel),False
2026-08-05 09:52:31.419,bus_ID_91,bus,Berlin (kein Wechsel),False
2026-08-05 09:52:49.255,car_ID_242,car,Berlin (kein Wechsel),False
2026-08-05 09:52:49.452,car_ID_243,car,Berlin (kein Wechsel),False
2026-08-05 09:52:50.420,car_ID_241,car,Berlin->Potsdam,True
2026-08-05 09:52:50.757,bus_ID_93,bus,Berlin (kein Wechsel),False
2026-08-05 09:52:51.418,car_ID_244,car,Berlin (kein Wechsel),False
2026-08-05 09:52:52.987,car_ID_245,car,Berlin (kein Wechsel),False
2026-08-05 09:52:54.920,bus_ID_94,bus,Berlin (kein Wechsel),False
2026-08-05 09:53:01.486,bus_ID_90,bus,Berlin (kein Wechsel),False
2026-08-05 09:53:01.719,car_ID_247,car,Berlin (kein Wechsel),False
2026-08-05 09:53:02.754,car_ID_246,car,Potsdam->Berlin,True
2026-08-05 09:53:09.889,bus_ID_92,bus,Berlin (kein Wechsel),False
2026-08-05 09:53:18.286,car_ID_249,car,Berlin (kein Wechsel),False
2026-08-05 09:53:18.923,bus_ID_95,bus,Berlin (kein Wechsel),False
2026-08-05 09:53:19.490,car_ID_248,car,Potsdam->Berlin,True
2026-08-05 09:53:25.491,bus_ID_97,bus,Berlin (kein Wechsel),False
2026-08-05 09:53:33.057,car_ID_252,car,Berlin (kein Wechsel),False
2026-08-05 09:53:33.124,bus_ID_99,bus,Berlin (kein Wechsel),False
2026-08-05 09:53:33.888,car_ID_251,car,Berlin->Potsdam,True
2026-08-05 09:53:35.189,bus_ID_98,bus,Berlin (kein Wechsel),False
2026-08-05 09:53:35.624,truck_ID_78,truck,Berlin (kein Wechsel),False
2026-08-05 09:53:35.689,truck_ID_77,truck,Berlin (kein Wechsel),False
2026-08-05 09:53:35.985,car_ID_254,car,Berlin (kein Wechsel),False
2026-08-05 09:53:36.090,bus_ID_100,bus,Berlin (kein Wechsel),False
2026-08-05 09:53:36.389,car_ID_253,car,Berlin (kein Wechsel),False
2026-08-05 09:53:37.860,car_ID_250,car,Potsdam->Berlin,True
2026-08-05 09:53:40.591,person_ID_220,person,Berlin (kein Wechsel),False
2026-08-05 09:53:41.027,bicycle_ID_132,bicycle,Berlin (kein Wechsel),False
2026-08-05 09:53:41.230,motorcycle_ID_106,motorcycle,Berlin (kein Wechsel),False
2026-08-05 09:53:41.524,bus_ID_96,bus,Berlin (kein Wechsel),False
2026-08-05 09:53:44.859,car_ID_255,car,Potsdam (kein Wechsel),False
2026-08-05 09:53:47.186,bus_ID_101,bus,Berlin (kein Wechsel),False
2026-08-05 09:53:47.257,car_ID_257,car,Berlin (kein Wechsel),False
2026-08-05 09:53:48.754,car_ID_256,car,Potsdam->Berlin,True
2026-08-05 09:53:50.789,bicycle_ID_133,bicycle,Berlin (kein Wechsel),False
2026-08-05 09:53:51.854,motorcycle_ID_107,motorcycle,Berlin (kein Wechsel),False
2026-08-05 09:53:52.454,bicycle_ID_134,bicycle,Berlin->Potsdam,True
2026-08-05 09:53:52.931,person_ID_221,person,Berlin->Potsdam,True
2026-08-05 09:53:56.026,motorcycle_ID_108,motorcycle,Potsdam->Berlin,True
2026-08-05 09:53:56.392,bicycle_ID_135,bicycle,Potsdam->Berlin,True
2026-08-05 09:53:56.424,motorcycle_ID_109,motorcycle,Potsdam->Berlin,True
2026-08-05 09:53:57.392,bicycle_ID_136,bicycle,Potsdam->Berlin,True
2026-08-05 09:53:57.492,person_ID_222,person,Potsdam->Berlin,True
2026-08-05 09:53:57.659,motorcycle_ID_111,motorcycle,Berlin (kein Wechsel),False
2026-08-05 09:53:57.794,motorcycle_ID_110,motorcycle,Berlin (kein Wechsel),False
2026-08-05 09:53:58.325,car_ID_258,car,Berlin (kein Wechsel),False
2026-08-05 09:54:02.294,bus_ID_102,bus,Berlin (kein Wechsel),False
2026-08-05 09:54:05.425,car_ID_259,car,Potsdam->Berlin,True
2026-08-05 09:54:05.827,bus_ID_104,bus,Berlin (kein Wechsel),False
2026-08-05 09:54:05.926,bus_ID_103,bus,Berlin (kein Wechsel),False
2026-08-05 09:54:06.393,truck_ID_80,truck,Berlin (kein Wechsel),False
2026-08-05 09:54:06.393,truck_ID_81,truck,Berlin (kein Wechsel),False
2026-08-05 09:54:07.294,truck_ID_79,truck,Potsdam->Berlin,True
2026-08-05 09:54:08.829,car_ID_260,car,Berlin (kein Wechsel),False
2026-08-05 09:54:21.195,car_ID_263,car,Berlin (kein Wechsel),False
2026-08-05 09:54:21.326,car_ID_262,car,Berlin (kein Wechsel),False
2026-08-05 09:54:22.427,car_ID_261,car,Berlin->Potsdam,True
2026-08-05 09:54:23.397,bus_ID_106,bus,Berlin (kein Wechsel),False
2026-08-05 09:54:24.195,bus_ID_105,bus,Berlin (kein Wechsel),False
2026-08-05 09:54:29.161,car_ID_265,car,Berlin (kein Wechsel),False
2026-08-05 09:54:29.326,bus_ID_107,bus,Berlin (kein Wechsel),False
2026-08-05 09:54:30.660,bus_ID_109,bus,Berlin (kein Wechsel),False
2026-08-05 09:54:30.960,car_ID_264,car,Berlin->Potsdam,True
2026-08-05 09:54:37.460,truck_ID_82,truck,Berlin (kein Wechsel),False
2026-08-05 09:54:37.958,truck_ID_83,truck,Berlin (kein Wechsel),False
2026-08-05 09:54:37.994,car_ID_267,car,Potsdam (kein Wechsel),False
2026-08-05 09:54:39.761,car_ID_266,car,Berlin->Potsdam,True
2026-08-05 09:54:39.863,bus_ID_110,bus,Berlin (kein Wechsel),False
2026-08-05 09:54:58.168,bicycle_ID_137,bicycle,Berlin->Potsdam,True
2026-08-05 09:54:58.529,person_ID_223,person,Berlin->Potsdam,True
2026-08-05 09:55:00.331,car_ID_268,car,Berlin->Potsdam,True
2026-08-05 09:55:02.964,bus_ID_111,bus,Berlin (kein Wechsel),False
2026-08-05 09:55:05.065,bus_ID_112,bus,Berlin (kein Wechsel),False
2026-08-05 09:55:16.531,bus_ID_113,bus,Berlin (kein Wechsel),False
2026-08-05 09:55:18.501,motorcycle_ID_112,motorcycle,Berlin (kein Wechsel),False
2026-08-05 09:55:19.028,bicycle_ID_139,bicycle,Berlin (kein Wechsel),False
2026-08-05 09:55:19.229,person_ID_224,person,Berlin->Potsdam,True
2026-08-05 09:55:19.300,bicycle_ID_138,bicycle,Berlin->Potsdam,True
2026-08-05 09:55:23.730,motorcycle_ID_113,motorcycle,Berlin (kein Wechsel),False
2026-08-05 09:55:24.067,person_ID_225,person,Berlin->Potsdam,True
2026-08-05 09:55:28.936,person_ID_226,person,Potsdam (kein Wechsel),False
2026-08-05 09:55:30.098,car_ID_270,car,Berlin (kein Wechsel),False
2026-08-05 09:55:30.131,truck_ID_84,truck,Berlin (kein Wechsel),False
2026-08-05 09:55:31.131,car_ID_269,car,Berlin->Potsdam,True
2026-08-05 09:55:31.501,bicycle_ID_140,bicycle,Berlin (kein Wechsel),False
2026-08-05 09:55:31.601,motorcycle_ID_115,motorcycle,Berlin (kein Wechsel),False
2026-08-05 09:55:31.635,motorcycle_ID_114,motorcycle,Berlin (kein Wechsel),False
2026-08-05 09:55:31.668,bus_ID_114,bus,Berlin (kein Wechsel),False
2026-08-05 09:55:31.866,person_ID_227,person,Potsdam->Berlin,True
2026-08-05 09:55:31.866,truck_ID_85,truck,Berlin (kein Wechsel),False
2026-08-05 09:55:32.101,truck_ID_86,truck,Berlin (kein Wechsel),False
2026-08-05 09:55:32.231,person_ID_229,person,Berlin (kein Wechsel),False
2026-08-05 09:55:32.231,bicycle_ID_141,bicycle,Berlin (kein Wechsel),False
2026-08-05 09:55:32.335,truck_ID_87,truck,Berlin (kein Wechsel),False
2026-08-05 09:55:32.530,bicycle_ID_142,bicycle,Berlin (kein Wechsel),False
2026-08-05 09:55:32.999,motorcycle_ID_116,motorcycle,Berlin->Potsdam,True
2026-08-05 09:55:33.099,person_ID_230,person,Berlin->Potsdam,True
2026-08-05 09:55:33.369,person_ID_228,person,Berlin (kein Wechsel),False
2026-08-05 09:55:40.535,bus_ID_108,bus,Berlin (kein Wechsel),False
2026-08-05 09:55:45.400,bus_ID_116,bus,Berlin (kein Wechsel),False
2026-08-05 09:55:48.233,bus_ID_117,bus,Berlin (kein Wechsel),False
2026-08-05 09:55:48.436,car_ID_271,car,Berlin (kein Wechsel),False
2026-08-05 09:55:50.568,bus_ID_118,bus,Berlin (kein Wechsel),False
2026-08-05 09:55:52.931,bus_ID_119,bus,Berlin (kein Wechsel),False
2026-08-05 09:55:53.531,car_ID_272,car,Berlin (kein Wechsel),False
2026-08-05 09:55:54.869,bus_ID_120,bus,Berlin (kein Wechsel),False
2026-08-05 09:55:56.470,bus_ID_115,bus,Berlin (kein Wechsel),False
2026-08-05 09:55:57.802,car_ID_273,car,Berlin (kein Wechsel),False
2026-08-05 09:55:59.632,car_ID_274,car,Berlin (kein Wechsel),False
2026-08-05 09:56:01.169,car_ID_275,car,Berlin (kein Wechsel),False
2026-08-05 09:56:02.271,car_ID_276,car,Berlin (kein Wechsel),False
2026-08-05 09:56:03.234,bus_ID_122,bus,Berlin (kein Wechsel),False
2026-08-05 09:56:04.000,car_ID_277,car,Berlin (kein Wechsel),False
2026-08-05 09:56:05.869,bus_ID_123,bus,Berlin (kein Wechsel),False
2026-08-05 09:56:06.271,car_ID_278,car,Berlin (kein Wechsel),False
2026-08-05 09:56:07.270,bus_ID_124,bus,Berlin (kein Wechsel),False
2026-08-05 09:56:08.002,car_ID_279,car,Berlin (kein Wechsel),False
2026-08-05 09:56:08.402,bus_ID_125,bus,Berlin (kein Wechsel),False
2026-08-05 09:56:09.471,car_ID_280,car,Berlin (kein Wechsel),False
2026-08-05 09:56:11.132,car_ID_281,car,Berlin (kein Wechsel),False
2026-08-05 09:56:14.170,car_ID_282,car,Berlin (kein Wechsel),False
2026-08-05 09:56:17.803,car_ID_283,car,Berlin (kein Wechsel),False
2026-08-05 09:56:18.302,bus_ID_121,bus,Berlin (kein Wechsel),False
2026-08-05 09:56:20.803,truck_ID_88,truck,Berlin (kein Wechsel),False
2026-08-05 09:56:20.869,truck_ID_89,truck,Berlin (kein Wechsel),False
2026-08-05 09:56:21.173,car_ID_287,car,Berlin (kein Wechsel),False
2026-08-05 09:56:21.204,car_ID_286,car,Berlin (kein Wechsel),False
2026-08-05 09:56:21.239,car_ID_288,car,Berlin (kein Wechsel),False
2026-08-05 09:56:21.669,bus_ID_127,bus,Potsdam->Berlin,True
2026-08-05 09:56:21.668,bus_ID_130,bus,Berlin (kein Wechsel),False
2026-08-05 09:56:21.871,bus_ID_128,bus,Berlin (kein Wechsel),False
2026-08-05 09:56:22.438,bus_ID_129,bus,Berlin (kein Wechsel),False
2026-08-05 09:56:22.503,car_ID_285,car,Potsdam->Berlin,True
2026-08-05 09:56:23.070,car_ID_284,car,Berlin (kein Wechsel),False
2026-08-05 09:56:27.572,car_ID_289,car,Berlin (kein Wechsel),False
2026-08-05 09:56:29.803,car_ID_290,car,Berlin (kein Wechsel),False
2026-08-05 09:56:29.933,car_ID_291,car,Berlin (kein Wechsel),False
2026-08-05 09:56:30.703,bus_ID_126,bus,Berlin (kein Wechsel),False
2026-08-05 09:56:31.607,car_ID_293,car,Berlin (kein Wechsel),False
2026-08-05 09:56:32.269,car_ID_294,car,Berlin (kein Wechsel),False
2026-08-05 09:56:32.804,car_ID_292,car,Berlin->Potsdam,True
2026-08-05 09:56:33.137,bus_ID_131,bus,Berlin (kein Wechsel),False
2026-08-05 09:56:33.636,car_ID_295,car,Potsdam (kein Wechsel),False
2026-08-05 09:56:34.605,bus_ID_133,bus,Berlin (kein Wechsel),False
2026-08-05 09:56:36.804,bus_ID_134,bus,Berlin (kein Wechsel),False
2026-08-05 09:56:40.872,bus_ID_135,bus,Berlin (kein Wechsel),False
2026-08-05 09:56:48.104,bus_ID_136,bus,Berlin (kein Wechsel),False
2026-08-05 09:56:49.172,bus_ID_137,bus,Berlin (kein Wechsel),False
2026-08-05 09:56:50.036,car_ID_296,car,Berlin (kein Wechsel),False
2026-08-05 09:56:50.837,bus_ID_132,bus,Berlin (kein Wechsel),False
2026-08-05 09:56:51.405,car_ID_297,car,Berlin (kein Wechsel),False
2026-08-05 09:56:53.236,bus_ID_140,bus,Berlin (kein Wechsel),False
2026-08-05 09:56:53.504,bicycle_ID_143,bicycle,Berlin->Potsdam,True
2026-08-05 09:56:53.535,person_ID_232,person,Berlin->Potsdam,True
2026-08-05 09:56:54.175,car_ID_299,car,Berlin (kein Wechsel),False
2026-08-05 09:56:55.306,bus_ID_139,bus,Berlin (kein Wechsel),False
2026-08-05 09:56:56.703,car_ID_300,car,Berlin (kein Wechsel),False
2026-08-05 09:56:57.307,car_ID_298,car,Berlin (kein Wechsel),False
2026-08-05 09:56:57.338,bus_ID_138,bus,Berlin (kein Wechsel),False
2026-08-05 09:56:57.840,person_ID_231,person,Berlin->Potsdam,True
2026-08-05 09:56:59.504,bus_ID_142,bus,Berlin (kein Wechsel),False
2026-08-05 09:57:00.208,bus_ID_143,bus,Berlin (kein Wechsel),False
2026-08-05 09:57:01.406,bus_ID_144,bus,Berlin (kein Wechsel),False
2026-08-05 09:57:03.775,car_ID_301,car,Berlin (kein Wechsel),False
2026-08-05 09:57:04.711,car_ID_302,car,Berlin (kein Wechsel),False
2026-08-05 09:57:05.176,bus_ID_146,bus,Berlin (kein Wechsel),False
2026-08-05 09:57:06.743,car_ID_303,car,Berlin (kein Wechsel),False
2026-08-05 09:57:07.041,person_ID_233,person,Potsdam (kein Wechsel),False
2026-08-05 09:57:07.640,bus_ID_145,bus,Berlin (kein Wechsel),False
2026-08-05 09:57:07.904,car_ID_304,car,Berlin (kein Wechsel),False
2026-08-05 09:57:08.009,bus_ID_141,bus,Berlin (kein Wechsel),False
2026-08-05 09:57:09.243,bus_ID_148,bus,Berlin (kein Wechsel),False
2026-08-05 09:57:15.306,car_ID_308,car,Berlin (kein Wechsel),False
2026-08-05 09:57:15.443,bus_ID_147,bus,Berlin (kein Wechsel),False
2026-08-05 09:57:15.775,car_ID_306,car,Berlin->Potsdam,True
2026-08-05 09:57:18.274,bus_ID_150,bus,Berlin (kein Wechsel),False
2026-08-05 09:57:19.541,bus_ID_151,bus,Berlin (kein Wechsel),False
2026-08-05 09:57:21.077,bus_ID_152,bus,Berlin (kein Wechsel),False
2026-08-05 09:57:21.476,car_ID_307,car,Berlin (kein Wechsel),False
2026-08-05 09:57:23.176,bus_ID_153,bus,Berlin (kein Wechsel),False
2026-08-05 09:57:23.875,bus_ID_154,bus,Berlin (kein Wechsel),False
2026-08-05 09:57:25.408,bus_ID_155,bus,Berlin (kein Wechsel),False
2026-08-05 09:57:26.276,car_ID_305,car,Berlin (kein Wechsel),False
2026-08-05 09:57:26.676,bus_ID_149,bus,Berlin (kein Wechsel),False
2026-08-05 09:57:27.741,bus_ID_157,bus,Berlin (kein Wechsel),False
2026-08-05 09:57:28.476,car_ID_309,car,Berlin (kein Wechsel),False
2026-08-05 09:57:28.609,car_ID_310,car,Berlin (kein Wechsel),False
2026-08-05 09:57:29.876,person_ID_234,person,Berlin (kein Wechsel),False
2026-08-05 09:57:30.977,person_ID_235,person,Berlin (kein Wechsel),False
2026-08-05 09:57:30.977,bus_ID_158,bus,Berlin (kein Wechsel),False
2026-08-05 09:57:31.177,car_ID_311,car,Berlin (kein Wechsel),False
2026-08-05 09:57:31.708,bus_ID_159,bus,Berlin (kein Wechsel),False
2026-08-05 09:57:34.806,bus_ID_160,bus,Berlin (kein Wechsel),False
2026-08-05 09:57:36.877,car_ID_312,car,Berlin (kein Wechsel),False
2026-08-05 09:57:37.775,bicycle_ID_145,bicycle,Berlin (kein Wechsel),False
2026-08-05 09:57:38.276,bus_ID_161,bus,Berlin (kein Wechsel),False
2026-08-05 09:57:38.978,car_ID_313,car,Berlin (kein Wechsel),False
2026-08-05 09:57:39.046,motorcycle_ID_117,motorcycle,Berlin (kein Wechsel),False
2026-08-05 09:57:39.844,bus_ID_163,bus,Berlin (kein Wechsel),False
2026-08-05 09:57:40.010,car_ID_314,car,Berlin (kein Wechsel),False
2026-08-05 09:57:40.576,person_ID_237,person,Berlin->Potsdam,True
2026-08-05 09:57:40.576,bicycle_ID_144,bicycle,Berlin->Potsdam,True
2026-08-05 09:57:41.245,person_ID_236,person,Berlin->Potsdam,True
2026-08-05 09:57:41.777,car_ID_316,car,Berlin (kein Wechsel),False
2026-08-05 09:57:41.979,bus_ID_162,bus,Berlin (kein Wechsel),False
2026-08-05 09:57:43.010,car_ID_317,car,Berlin (kein Wechsel),False
2026-08-05 09:57:43.976,bus_ID_156,bus,Berlin (kein Wechsel),False
2026-08-05 09:57:44.110,car_ID_318,car,Berlin (kein Wechsel),False
2026-08-05 09:57:44.507,car_ID_319,car,Berlin (kein Wechsel),False
2026-08-05 09:57:45.775,car_ID_315,car,Potsdam->Berlin,True
2026-08-05 09:57:46.478,person_ID_238,person,Potsdam (kein Wechsel),False
2026-08-05 09:57:47.476,bus_ID_164,bus,Berlin (kein Wechsel),False
2026-08-05 09:57:50.407,car_ID_320,car,Berlin (kein Wechsel),False
2026-08-05 09:57:56.143,bus_ID_166,bus,Berlin (kein Wechsel),False
2026-08-05 09:57:56.510,car_ID_321,car,Berlin (kein Wechsel),False
2026-08-05 09:57:58.308,bus_ID_167,bus,Berlin (kein Wechsel),False
2026-08-05 09:57:59.446,bus_ID_165,bus,Berlin (kein Wechsel),False
2026-08-05 09:58:01.980,bus_ID_169,bus,Berlin (kein Wechsel),False
2026-08-05 09:58:02.009,car_ID_322,car,Berlin (kein Wechsel),False
2026-08-05 09:58:03.777,bus_ID_168,bus,Berlin (kein Wechsel),False
2026-08-05 09:58:08.446,bus_ID_170,bus,Berlin (kein Wechsel),False
2026-08-05 09:58:10.878,bus_ID_172,bus,Berlin (kein Wechsel),False
2026-08-05 09:58:11.145,car_ID_323,car,Berlin (kein Wechsel),False
2026-08-05 09:58:13.109,bus_ID_173,bus,Berlin (kein Wechsel),False
2026-08-05 09:58:13.379,car_ID_324,car,Berlin (kein Wechsel),False
2026-08-05 09:58:19.880,car_ID_325,car,Berlin (kein Wechsel),False
2026-08-05 09:58:20.310,bus_ID_171,bus,Berlin (kein Wechsel),False
2026-08-05 09:58:22.711,car_ID_326,car,Berlin (kein Wechsel),False
2026-08-05 09:58:23.814,bus_ID_175,bus,Berlin (kein Wechsel),False
2026-08-05 09:58:24.981,car_ID_327,car,Berlin (kein Wechsel),False
2026-08-05 09:58:25.711,bus_ID_174,bus,Berlin (kein Wechsel),False
2026-08-05 09:58:26.011,truck_ID_90,truck,Berlin (kein Wechsel),False
2026-08-05 09:58:26.348,bus_ID_177,bus,Berlin (kein Wechsel),False
2026-08-05 09:58:26.485,truck_ID_91,truck,Berlin (kein Wechsel),False
2026-08-05 09:58:28.184,car_ID_328,car,Berlin (kein Wechsel),False
2026-08-05 09:58:28.448,car_ID_330,car,Potsdam (kein Wechsel),False
2026-08-05 09:58:28.911,car_ID_329,car,Potsdam (kein Wechsel),False
2026-08-05 09:58:30.048,bus_ID_176,bus,Berlin->Potsdam,True
2026-08-05 09:58:30.849,bus_ID_180,bus,Potsdam (kein Wechsel),False
2026-08-05 09:58:31.509,bus_ID_178,bus,Berlin (kein Wechsel),False
2026-08-05 09:58:34.182,bus_ID_181,bus,Berlin (kein Wechsel),False
2026-08-05 09:58:34.378,car_ID_332,car,Berlin (kein Wechsel),False
2026-08-05 09:58:34.449,car_ID_333,car,Berlin (kein Wechsel),False
2026-08-05 09:58:34.549,bus_ID_179,bus,Berlin (kein Wechsel),False
2026-08-05 09:58:35.611,truck_ID_93,truck,Berlin (kein Wechsel),False
2026-08-05 09:58:35.778,truck_ID_94,truck,Berlin (kein Wechsel),False
2026-08-05 09:58:36.110,truck_ID_92,truck,Berlin->Potsdam,True
2026-08-05 09:58:36.248,car_ID_334,car,Berlin (kein Wechsel),False
2026-08-05 09:58:36.511,car_ID_331,car,Potsdam (kein Wechsel),False
2026-08-05 09:58:37.281,person_ID_239,person,Potsdam (kein Wechsel),False
2026-08-05 09:58:37.548,car_ID_336,car,Berlin (kein Wechsel),False
2026-08-05 09:58:38.715,bus_ID_184,bus,Berlin (kein Wechsel),False
2026-08-05 09:58:38.752,person_ID_240,person,Potsdam (kein Wechsel),False
2026-08-05 09:58:39.280,person_ID_241,person,Potsdam (kein Wechsel),False
2026-08-05 09:58:39.346,person_ID_242,person,Potsdam (kein Wechsel),False
2026-08-05 09:58:39.415,bicycle_ID_146,bicycle,Potsdam (kein Wechsel),False
2026-08-05 09:58:39.448,motorcycle_ID_119,motorcycle,Potsdam (kein Wechsel),False
2026-08-05 09:58:39.649,bicycle_ID_147,bicycle,Potsdam (kein Wechsel),False
2026-08-05 09:58:39.947,motorcycle_ID_118,motorcycle,Potsdam (kein Wechsel),False
2026-08-05 09:58:40.048,bicycle_ID_148,bicycle,Potsdam (kein Wechsel),False
2026-08-05 09:58:40.880,bicycle_ID_149,bicycle,Potsdam (kein Wechsel),False
2026-08-05 09:58:40.912,car_ID_339,car,Berlin (kein Wechsel),False
2026-08-05 09:58:41.049,car_ID_338,car,Berlin (kein Wechsel),False
2026-08-05 09:58:41.048,car_ID_340,car,Berlin (kein Wechsel),False
2026-08-05 09:58:41.317,person_ID_244,person,Potsdam (kein Wechsel),False
2026-08-05 09:58:41.781,car_ID_337,car,Berlin->Potsdam,True
2026-08-05 09:58:42.154,motorcycle_ID_120,motorcycle,Potsdam (kein Wechsel),False
2026-08-05 09:58:42.548,person_ID_243,person,Potsdam->Berlin,True
2026-08-05 09:58:43.117,bicycle_ID_150,bicycle,Berlin (kein Wechsel),False
2026-08-05 09:58:43.258,truck_ID_95,truck,Berlin (kein Wechsel),False
2026-08-05 09:58:43.354,bus_ID_185,bus,Berlin (kein Wechsel),False
2026-08-05 09:58:43.684,motorcycle_ID_121,motorcycle,Berlin (kein Wechsel),False
2026-08-05 09:58:43.717,bus_ID_182,bus,Berlin (kein Wechsel),False
2026-08-05 09:58:43.887,truck_ID_96,truck,Berlin (kein Wechsel),False
2026-08-05 09:58:43.920,person_ID_246,person,Berlin (kein Wechsel),False
2026-08-05 09:58:44.185,person_ID_245,person,Potsdam->Berlin,True
2026-08-05 09:58:44.185,car_ID_342,car,Berlin (kein Wechsel),False
2026-08-05 09:58:44.549,car_ID_343,car,Berlin (kein Wechsel),False
2026-08-05 09:58:44.853,bicycle_ID_151,bicycle,Berlin (kein Wechsel),False
2026-08-05 09:58:44.917,car_ID_341,car,Berlin (kein Wechsel),False
2026-08-05 09:58:45.783,car_ID_335,car,Potsdam->Berlin,True
2026-08-05 09:58:46.015,person_ID_247,person,Berlin (kein Wechsel),False
2026-08-05 09:58:48.518,bus_ID_187,bus,Berlin (kein Wechsel),False
2026-08-05 09:58:50.187,bus_ID_186,bus,Berlin (kein Wechsel),False
2026-08-05 09:59:01.081,car_ID_344,car,Potsdam (kein Wechsel),False
2026-08-05 09:59:03.086,bus_ID_183,bus,Berlin (kein Wechsel),False
2026-08-05 09:59:03.251,car_ID_347,car,Berlin (kein Wechsel),False
2026-08-05 09:59:03.951,car_ID_346,car,Berlin (kein Wechsel),False
2026-08-05 09:59:04.986,car_ID_345,car,Potsdam->Berlin,True
2026-08-05 09:59:12.549,car_ID_348,car,Berlin (kein Wechsel),False
2026-08-05 09:59:13.820,person_ID_248,person,Potsdam (kein Wechsel),False
2026-08-05 09:59:15.751,person_ID_249,person,Potsdam (kein Wechsel),False
2026-08-05 09:59:16.418,motorcycle_ID_123,motorcycle,Potsdam (kein Wechsel),False
2026-08-05 09:59:17.486,person_ID_251,person,Berlin (kein Wechsel),False
2026-08-05 09:59:17.917,motorcycle_ID_122,motorcycle,Potsdam->Berlin,True
2026-08-05 09:59:18.121,motorcycle_ID_124,motorcycle,Berlin (kein Wechsel),False
2026-08-05 09:59:18.352,bus_ID_189,bus,Berlin (kein Wechsel),False
2026-08-05 09:59:18.684,bicycle_ID_153,bicycle,Berlin (kein Wechsel),False
2026-08-05 09:59:19.155,person_ID_250,person,Potsdam->Berlin,True
2026-08-05 09:59:19.483,bicycle_ID_152,bicycle,Potsdam->Berlin,True
2026-08-05 09:59:19.584,bus_ID_190,bus,Berlin (kein Wechsel),False
2026-08-05 09:59:19.754,person_ID_252,person,Berlin (kein Wechsel),False
2026-08-05 09:59:19.788,bicycle_ID_154,bicycle,Berlin (kein Wechsel),False
2026-08-05 09:59:19.886,motorcycle_ID_125,motorcycle,Berlin (kein Wechsel),False
2026-08-05 09:59:36.451,bus_ID_188,bus,Berlin (kein Wechsel),False
2026-08-05 09:59:37.855,car_ID_349,car,Berlin (kein Wechsel),False
2026-08-05 09:59:39.653,bus_ID_192,bus,Berlin (kein Wechsel),False
2026-08-05 09:59:45.254,motorcycle_ID_127,motorcycle,Berlin (kein Wechsel),False
2026-08-05 09:59:45.355,motorcycle_ID_126,motorcycle,Potsdam (kein Wechsel),False
2026-08-05 09:59:46.123,person_ID_254,person,Potsdam (kein Wechsel),False
2026-08-05 09:59:46.653,person_ID_255,person,Potsdam (kein Wechsel),False
2026-08-05 09:59:47.020,motorcycle_ID_128,motorcycle,Potsdam (kein Wechsel),False
2026-08-05 09:59:47.483,bicycle_ID_157,bicycle,Potsdam (kein Wechsel),False
2026-08-05 09:59:47.754,person_ID_253,person,Berlin->Potsdam,True
2026-08-05 09:59:47.754,bicycle_ID_155,bicycle,Berlin->Potsdam,True
2026-08-05 09:59:48.620,person_ID_256,person,Potsdam->Berlin,True
2026-08-05 09:59:48.886,car_ID_350,car,Berlin (kein Wechsel),False
2026-08-05 09:59:48.922,bus_ID_193,bus,Berlin (kein Wechsel),False
2026-08-05 09:59:49.685,bicycle_ID_156,bicycle,Potsdam->Berlin,True
2026-08-05 09:59:49.753,motorcycle_ID_129,motorcycle,Berlin (kein Wechsel),False
2026-08-05 09:59:49.787,bus_ID_191,bus,Berlin (kein Wechsel),False
2026-08-05 09:59:58.021,bus_ID_195,bus,Berlin (kein Wechsel),False
2026-08-05 10:00:02.755,bus_ID_196,bus,Berlin (kein Wechsel),False
2026-08-05 10:00:11.089,bus_ID_197,bus,Berlin (kein Wechsel),False
2026-08-05 10:00:15.685,bus_ID_198,bus,Berlin (kein Wechsel),False
2026-08-05 10:00:17.588,bus_ID_199,bus,Berlin (kein Wechsel),False
2026-08-05 10:00:21.992,bus_ID_194,bus,Berlin (kein Wechsel),False
2026-08-05 10:00:24.092,person_ID_257,person,Berlin->Potsdam,True
2026-08-05 10:00:25.988,bus_ID_201,bus,Berlin (kein Wechsel),False
2026-08-05 10:00:28.857,bus_ID_202,bus,Berlin (kein Wechsel),False
2026-08-05 10:00:33.690,bus_ID_203,bus,Berlin (kein Wechsel),False
2026-08-05 10:00:38.426,car_ID_353,car,Berlin (kein Wechsel),False
2026-08-05 10:00:38.692,car_ID_352,car,Berlin (kein Wechsel),False
2026-08-05 10:00:39.693,bus_ID_200,bus,Berlin (kein Wechsel),False
2026-08-05 10:00:39.925,car_ID_351,car,Berlin->Potsdam,True
2026-08-05 10:00:51.926,bus_ID_205,bus,Berlin (kein Wechsel),False
2026-08-05 10:01:04.331,bus_ID_204,bus,Berlin (kein Wechsel),False
2026-08-05 10:01:05.828,car_ID_354,car,Berlin->Potsdam,True
2026-08-05 10:01:19.760,person_ID_258,person,Potsdam (kein Wechsel),False
2026-08-05 10:01:20.659,person_ID_259,person,Potsdam (kein Wechsel),False
2026-08-05 10:01:22.263,person_ID_260,person,Potsdam (kein Wechsel),False
2026-08-05 10:01:23.096,person_ID_261,person,Potsdam (kein Wechsel),False
2026-08-05 10:01:24.727,person_ID_262,person,Potsdam (kein Wechsel),False
2026-08-05 10:01:30.697,person_ID_263,person,Potsdam (kein Wechsel),False
2026-08-05 10:01:31.296,car_ID_355,car,Potsdam (kein Wechsel),False
2026-08-05 10:01:32.430,motorcycle_ID_130,motorcycle,Berlin (kein Wechsel),False
2026-08-05 10:01:32.630,bicycle_ID_160,bicycle,Berlin (kein Wechsel),False
2026-08-05 10:01:33.130,motorcycle_ID_131,motorcycle,Berlin (kein Wechsel),False
2026-08-05 10:01:33.428,bicycle_ID_158,bicycle,Berlin->Potsdam,True
2026-08-05 10:01:33.498,person_ID_264,person,Berlin->Potsdam,True
2026-08-05 10:01:33.963,bicycle_ID_159,bicycle,Berlin->Potsdam,True
2026-08-05 10:01:34.028,person_ID_265,person,Berlin->Potsdam,True
2026-08-05 10:01:34.930,car_ID_357,car,Berlin (kein Wechsel),False
2026-08-05 10:01:34.999,truck_ID_97,truck,Berlin (kein Wechsel),False
2026-08-05 10:01:35.031,truck_ID_98,truck,Berlin (kein Wechsel),False
2026-08-05 10:01:35.196,person_ID_266,person,Berlin (kein Wechsel),False
2026-08-05 10:01:36.029,bus_ID_207,bus,Berlin (kein Wechsel),False
2026-08-05 10:01:36.597,car_ID_358,car,Berlin->Potsdam,True
2026-08-05 10:01:37.198,person_ID_267,person,Berlin (kein Wechsel),False
2026-08-05 10:01:38.629,bus_ID_206,bus,Berlin (kein Wechsel),False
2026-08-05 10:01:38.898,car_ID_356,car,Potsdam->Berlin,True
2026-08-05 10:01:41.398,car_ID_359,car,Berlin (kein Wechsel),False
2026-08-05 10:01:44.830,bus_ID_208,bus,Berlin (kein Wechsel),False
2026-08-05 10:01:46.697,car_ID_360,car,Berlin (kein Wechsel),False
2026-08-05 10:01:46.897,bus_ID_210,bus,Berlin (kein Wechsel),False
2026-08-05 10:01:52.161,bus_ID_211,bus,Berlin (kein Wechsel),False
2026-08-05 10:01:59.562,bus_ID_209,bus,Berlin (kein Wechsel),False
2026-08-05 10:01:59.901,car_ID_362,car,Berlin (kein Wechsel),False
2026-08-05 10:02:00.334,car_ID_363,car,Berlin (kein Wechsel),False
2026-08-05 10:02:00.498,car_ID_361,car,Potsdam->Berlin,True
2026-08-05 10:02:07.431,bus_ID_213,bus,Berlin (kein Wechsel),False
2026-08-05 10:02:12.568,bus_ID_214,bus,Berlin (kein Wechsel),False
2026-08-05 10:02:13.102,car_ID_364,car,Potsdam (kein Wechsel),False
2026-08-05 10:02:14.666,truck_ID_99,truck,Berlin (kein Wechsel),False
2026-08-05 10:02:14.729,bus_ID_212,bus,Berlin (kein Wechsel),False
2026-08-05 10:02:15.367,car_ID_365,car,Potsdam->Berlin,True
2026-08-05 10:02:18.566,bus_ID_215,bus,Berlin (kein Wechsel),False
2026-08-05 10:02:20.102,bus_ID_217,bus,Berlin (kein Wechsel),False
2026-08-05 10:02:20.632,car_ID_366,car,Berlin (kein Wechsel),False
2026-08-05 10:02:22.569,bus_ID_218,bus,Berlin (kein Wechsel),False
2026-08-05 10:02:24.601,car_ID_367,car,Berlin->Potsdam,True
2026-08-05 10:02:26.001,bus_ID_219,bus,Berlin (kein Wechsel),False
2026-08-05 10:02:36.002,person_ID_268,person,Potsdam (kein Wechsel),False
2026-08-05 10:02:38.401,bus_ID_216,bus,Berlin (kein Wechsel),False
2026-08-05 10:02:39.570,motorcycle_ID_132,motorcycle,Potsdam->Berlin,True
2026-08-05 10:02:40.104,bus_ID_221,bus,Berlin (kein Wechsel),False
2026-08-05 10:02:41.101,bicycle_ID_161,bicycle,Potsdam->Berlin,True
2026-08-05 10:02:41.503,person_ID_269,person,Potsdam->Berlin,True
2026-08-05 10:02:42.704,person_ID_270,person,Berlin (kein Wechsel),False
2026-08-05 10:02:43.702,bus_ID_220,bus,Berlin (kein Wechsel),False
2026-08-05 10:02:47.703,bus_ID_222,bus,Berlin (kein Wechsel),False
2026-08-05 10:02:47.871,truck_ID_100,truck,Berlin (kein Wechsel),False
2026-08-05 10:02:48.107,car_ID_369,car,Berlin (kein Wechsel),False
2026-08-05 10:02:48.139,bus_ID_224,bus,Berlin (kein Wechsel),False
2026-08-05 10:02:48.901,car_ID_368,car,Potsdam->Berlin,True
2026-08-05 10:02:55.103,person_ID_271,person,Potsdam (kein Wechsel),False
2026-08-05 10:02:55.871,motorcycle_ID_133,motorcycle,Potsdam (kein Wechsel),False
2026-08-05 10:02:56.836,bicycle_ID_163,bicycle,Potsdam (kein Wechsel),False
2026-08-05 10:02:57.437,bicycle_ID_162,bicycle,Potsdam->Berlin,True
2026-08-05 10:02:57.438,bicycle_ID_164,bicycle,Berlin (kein Wechsel),False
2026-08-05 10:02:57.469,motorcycle_ID_134,motorcycle,Berlin (kein Wechsel),False
2026-08-05 10:02:57.770,motorcycle_ID_135,motorcycle,Potsdam->Berlin,True
2026-08-05 10:02:58.134,bus_ID_226,bus,Berlin (kein Wechsel),False
2026-08-05 10:02:58.670,bicycle_ID_166,bicycle,Berlin (kein Wechsel),False
2026-08-05 10:02:59.237,bus_ID_225,bus,Berlin (kein Wechsel),False
2026-08-05 10:02:59.403,person_ID_272,person,Potsdam->Berlin,True
2026-08-05 10:02:59.403,car_ID_370,car,Berlin (kein Wechsel),False
2026-08-05 10:02:59.673,motorcycle_ID_136,motorcycle,Potsdam (kein Wechsel),False
2026-08-05 10:03:00.234,person_ID_274,person,Potsdam (kein Wechsel),False
2026-08-05 10:03:00.368,person_ID_273,person,Potsdam->Berlin,True
2026-08-05 10:03:00.733,bicycle_ID_165,bicycle,Berlin (kein Wechsel),False
2026-08-05 10:03:00.937,bus_ID_227,bus,Berlin (kein Wechsel),False
2026-08-05 10:03:00.970,motorcycle_ID_137,motorcycle,Berlin (kein Wechsel),False
2026-08-05 10:03:03.670,bus_ID_223,bus,Berlin (kein Wechsel),False
2026-08-05 10:03:04.235,bicycle_ID_167,bicycle,Potsdam->Berlin,True
2026-08-05 10:03:04.272,person_ID_275,person,Potsdam->Berlin,True
2026-08-05 10:03:04.304,motorcycle_ID_138,motorcycle,Berlin (kein Wechsel),False
2026-08-05 10:03:04.604,car_ID_373,car,Berlin (kein Wechsel),False
2026-08-05 10:03:04.639,car_ID_372,car,Berlin (kein Wechsel),False
2026-08-05 10:03:04.971,car_ID_371,car,Berlin (kein Wechsel),False
2026-08-05 10:03:05.072,truck_ID_101,truck,Berlin (kein Wechsel),False
2026-08-05 10:03:05.104,person_ID_277,person,Berlin (kein Wechsel),False
2026-08-05 10:03:05.570,bicycle_ID_168,bicycle,Berlin (kein Wechsel),False
2026-08-05 10:03:06.001,person_ID_276,person,Berlin (kein Wechsel),False
2026-08-05 10:03:06.135,motorcycle_ID_139,motorcycle,Berlin (kein Wechsel),False
2026-08-05 10:03:06.174,bicycle_ID_169,bicycle,Berlin (kein Wechsel),False
2026-08-05 10:03:06.372,bicycle_ID_170,bicycle,Berlin (kein Wechsel),False
2026-08-05 10:03:06.372,bus_ID_229,bus,Berlin (kein Wechsel),False
2026-08-05 10:03:06.437,bus_ID_228,bus,Berlin (kein Wechsel),False
2026-08-05 10:03:06.642,person_ID_278,person,Berlin (kein Wechsel),False
2026-08-05 10:03:07.672,car_ID_374,car,Berlin (kein Wechsel),False
2026-08-05 10:03:10.372,car_ID_376,car,Berlin (kein Wechsel),False
2026-08-05 10:03:10.635,car_ID_377,car,Berlin (kein Wechsel),False
2026-08-05 10:03:10.771,bus_ID_231,bus,Berlin (kein Wechsel),False
2026-08-05 10:03:11.503,car_ID_375,car,Potsdam->Berlin,True
2026-08-05 10:03:12.005,bus_ID_232,bus,Berlin (kein Wechsel),False
2026-08-05 10:03:13.336,car_ID_378,car,Berlin (kein Wechsel),False
2026-08-05 10:03:15.705,bus_ID_230,bus,Berlin (kein Wechsel),False
2026-08-05 10:03:16.235,car_ID_381,car,Berlin (kein Wechsel),False
2026-08-05 10:03:16.772,car_ID_380,car,Berlin (kein Wechsel),False
2026-08-05 10:03:16.872,bus_ID_234,bus,Berlin (kein Wechsel),False
2026-08-05 10:03:17.041,car_ID_379,car,Potsdam->Berlin,True
2026-08-05 10:03:17.405,bus_ID_233,bus,Berlin (kein Wechsel),False
2026-08-05 10:03:17.836,car_ID_382,car,Berlin (kein Wechsel),False
2026-08-05 10:03:19.039,bus_ID_236,bus,Berlin (kein Wechsel),False
2026-08-05 10:03:20.205,bus_ID_237,bus,Berlin (kein Wechsel),False
2026-08-05 10:03:20.804,car_ID_383,car,Berlin (kein Wechsel),False
2026-08-05 10:03:22.371,bus_ID_238,bus,Berlin (kein Wechsel),False
2026-08-05 10:03:24.904,car_ID_384,car,Berlin (kein Wechsel),False
2026-08-05 10:03:26.237,car_ID_388,car,Berlin (kein Wechsel),False
2026-08-05 10:03:26.606,car_ID_389,car,Berlin (kein Wechsel),False
2026-08-05 10:03:27.073,car_ID_386,car,Berlin (kein Wechsel),False
2026-08-05 10:03:27.505,bus_ID_235,bus,Berlin (kein Wechsel),False
2026-08-05 10:03:27.936,car_ID_385,car,Berlin->Potsdam,True
2026-08-05 10:03:29.342,bus_ID_239,bus,Berlin (kein Wechsel),False
2026-08-05 10:03:30.074,car_ID_391,car,Berlin (kein Wechsel),False
2026-08-05 10:03:31.037,bus_ID_241,bus,Berlin (kein Wechsel),False
2026-08-05 10:03:31.305,car_ID_387,car,Potsdam->Berlin,True
2026-08-05 10:03:32.735,car_ID_390,car,Berlin (kein Wechsel),False
2026-08-05 10:03:34.673,car_ID_392,car,Berlin (kein Wechsel),False
2026-08-05 10:03:36.436,car_ID_393,car,Berlin (kein Wechsel),False
2026-08-05 10:03:37.105,bus_ID_242,bus,Berlin (kein Wechsel),False
2026-08-05 10:03:38.138,car_ID_394,car,Berlin (kein Wechsel),False
2026-08-05 10:03:40.338,bus_ID_243,bus,Berlin (kein Wechsel),False
2026-08-05 10:03:44.974,bus_ID_244,bus,Berlin (kein Wechsel),False
2026-08-05 10:03:45.406,car_ID_395,car,Berlin (kein Wechsel),False
2026-08-05 10:03:48.043,car_ID_396,car,Berlin (kein Wechsel),False
2026-08-05 10:03:48.439,bus_ID_245,bus,Berlin (kein Wechsel),False
2026-08-05 10:03:49.474,bus_ID_240,bus,Berlin (kein Wechsel),False
2026-08-05 10:03:51.475,bus_ID_247,bus,Berlin (kein Wechsel),False
2026-08-05 10:03:54.541,bus_ID_248,bus,Berlin (kein Wechsel),False
2026-08-05 10:03:55.208,car_ID_397,car,Berlin (kein Wechsel),False
2026-08-05 10:03:56.309,bus_ID_249,bus,Berlin (kein Wechsel),False
2026-08-05 10:03:56.807,car_ID_398,car,Berlin (kein Wechsel),False
2026-08-05 10:04:01.243,bus_ID_251,bus,Berlin (kein Wechsel),False
2026-08-05 10:04:01.406,car_ID_402,car,Berlin (kein Wechsel),False
2026-08-05 10:04:01.444,truck_ID_103,truck,Berlin (kein Wechsel),False
2026-08-05 10:04:01.875,truck_ID_102,truck,Berlin (kein Wechsel),False
2026-08-05 10:04:02.005,truck_ID_104,truck,Berlin (kein Wechsel),False
2026-08-05 10:04:02.115,car_ID_400,car,Berlin->Potsdam,True
2026-08-05 10:04:02.146,car_ID_401,car,Berlin (kein Wechsel),False
2026-08-05 10:04:02.677,car_ID_403,car,Berlin->Potsdam,True
2026-08-05 10:04:03.777,bus_ID_246,bus,Berlin (kein Wechsel),False
2026-08-05 10:04:05.276,car_ID_404,car,Berlin (kein Wechsel),False
2026-08-05 10:04:05.344,bus_ID_250,bus,Berlin (kein Wechsel),False
2026-08-05 10:04:05.609,car_ID_405,car,Berlin (kein Wechsel),False
2026-08-05 10:04:06.476,car_ID_399,car,Potsdam->Berlin,True
2026-08-05 10:04:06.576,bus_ID_253,bus,Berlin (kein Wechsel),False
2026-08-05 10:04:10.812,car_ID_406,car,Berlin (kein Wechsel),False
2026-08-05 10:04:11.145,bus_ID_252,bus,Berlin (kein Wechsel),False
2026-08-05 10:04:14.311,bus_ID_255,bus,Berlin (kein Wechsel),False
2026-08-05 10:04:18.544,bus_ID_256,bus,Berlin (kein Wechsel),False
2026-08-05 10:04:23.476,bus_ID_257,bus,Berlin (kein Wechsel),False
2026-08-05 10:04:27.181,bus_ID_254,bus,Berlin (kein Wechsel),False
2026-08-05 10:04:28.379,bus_ID_259,bus,Berlin (kein Wechsel),False
2026-08-05 10:04:30.909,bus_ID_260,bus,Berlin (kein Wechsel),False
2026-08-05 10:04:33.609,bus_ID_261,bus,Berlin (kein Wechsel),False
2026-08-05 10:04:38.848,bus_ID_262,bus,Berlin (kein Wechsel),False
2026-08-05 10:04:43.509,motorcycle_ID_140,motorcycle,Berlin (kein Wechsel),False
2026-08-05 10:04:43.579,bicycle_ID_171,bicycle,Berlin (kein Wechsel),False
2026-08-05 10:04:45.449,person_ID_279,person,Berlin->Potsdam,True
2026-08-05 10:04:45.949,bicycle_ID_172,bicycle,Berlin->Potsdam,True
2026-08-05 10:04:50.248,bus_ID_258,bus,Berlin (kein Wechsel),False
2026-08-05 10:04:50.546,car_ID_407,car,Berlin->Potsdam,True
2026-08-05 10:04:51.079,bus_ID_263,bus,Berlin (kein Wechsel),False
2026-08-05 10:05:08.411,truck_ID_105,truck,Berlin (kein Wechsel),False
2026-08-05 10:05:08.549,bus_ID_266,bus,Berlin (kein Wechsel),False
2026-08-05 10:05:09.219,bus_ID_264,bus,Berlin (kein Wechsel),False
2026-08-05 10:05:09.480,bus_ID_267,bus,Berlin (kein Wechsel),False
2026-08-05 10:05:10.081,bus_ID_268,bus,Berlin (kein Wechsel),False
2026-08-05 10:05:10.949,bus_ID_265,bus,Potsdam->Berlin,True
2026-08-05 10:05:11.111,car_ID_409,car,Berlin (kein Wechsel),False
2026-08-05 10:05:11.249,bus_ID_269,bus,Berlin (kein Wechsel),False
2026-08-05 10:05:12.280,bus_ID_271,bus,Berlin (kein Wechsel),False
2026-08-05 10:05:12.482,car_ID_410,car,Berlin (kein Wechsel),False
2026-08-05 10:05:12.580,truck_ID_108,truck,Berlin (kein Wechsel),False
2026-08-05 10:05:12.650,car_ID_412,car,Berlin (kein Wechsel),False
2026-08-05 10:05:12.749,car_ID_408,car,Potsdam->Berlin,True
2026-08-05 10:05:13.181,truck_ID_106,truck,Berlin (kein Wechsel),False
2026-08-05 10:05:13.680,truck_ID_107,truck,Berlin (kein Wechsel),False
2026-08-05 10:05:13.848,car_ID_411,car,Berlin (kein Wechsel),False
2026-08-05 10:05:22.914,bus_ID_272,bus,Berlin (kein Wechsel),False
2026-08-05 10:05:24.382,bus_ID_270,bus,Berlin (kein Wechsel),False
2026-08-05 10:05:24.748,car_ID_414,car,Berlin (kein Wechsel),False
2026-08-05 10:05:25.916,car_ID_413,car,Berlin->Potsdam,True
2026-08-05 10:05:27.881,bus_ID_274,bus,Berlin (kein Wechsel),False
2026-08-05 10:05:50.951,car_ID_415,car,Berlin (kein Wechsel),False
2026-08-05 10:05:51.185,bus_ID_275,bus,Berlin (kein Wechsel),False
2026-08-05 10:06:02.188,bus_ID_273,bus,Berlin (kein Wechsel),False
2026-08-05 10:06:04.254,bus_ID_277,bus,Berlin (kein Wechsel),False
2026-08-05 10:06:13.953,bus_ID_276,bus,Berlin (kein Wechsel),False
2026-08-05 10:06:35.358,person_ID_280,person,Potsdam (kein Wechsel),False
2026-08-05 10:06:35.855,person_ID_281,person,Potsdam (kein Wechsel),False
2026-08-05 10:06:39.690,bus_ID_278,bus,Berlin (kein Wechsel),False
2026-08-05 10:06:40.287,bicycle_ID_173,bicycle,Berlin (kein Wechsel),False
2026-08-05 10:06:40.623,person_ID_282,person,Potsdam->Berlin,True
2026-08-05 10:06:40.623,motorcycle_ID_141,motorcycle,Berlin (kein Wechsel),False
2026-08-05 10:06:48.057,car_ID_417,car,Berlin (kein Wechsel),False
2026-08-05 10:06:48.560,car_ID_418,car,Berlin (kein Wechsel),False
2026-08-05 10:06:48.855,car_ID_416,car,Potsdam->Berlin,True
2026-08-05 10:06:50.224,bus_ID_279,bus,Berlin (kein Wechsel),False
2026-08-05 10:06:52.424,bus_ID_282,bus,Berlin (kein Wechsel),False
2026-08-05 10:06:55.292,bus_ID_283,bus,Berlin (kein Wechsel),False
2026-08-05 10:06:56.993,bus_ID_280,bus,Berlin (kein Wechsel),False
2026-08-05 10:06:57.225,truck_ID_109,truck,Potsdam (kein Wechsel),False
2026-08-05 10:06:57.290,truck_ID_110,truck,Potsdam (kein Wechsel),False
2026-08-05 10:06:57.324,car_ID_419,car,Potsdam (kein Wechsel),False
2026-08-05 10:06:58.056,bus_ID_284,bus,Berlin (kein Wechsel),False
2026-08-05 10:07:00.187,truck_ID_111,truck,Berlin (kein Wechsel),False
2026-08-05 10:07:00.387,car_ID_421,car,Potsdam (kein Wechsel),False
2026-08-05 10:07:00.524,car_ID_424,car,Berlin (kein Wechsel),False
2026-08-05 10:07:00.591,car_ID_423,car,Berlin (kein Wechsel),False
2026-08-05 10:07:01.323,bus_ID_285,bus,Berlin (kein Wechsel),False
2026-08-05 10:07:01.419,car_ID_422,car,Berlin->Potsdam,True
2026-08-05 10:07:01.721,car_ID_426,car,Berlin (kein Wechsel),False
2026-08-05 10:07:02.255,car_ID_425,car,Potsdam->Berlin,True
2026-08-05 10:07:02.893,bus_ID_281,bus,Berlin (kein Wechsel),False
2026-08-05 10:07:03.260,bus_ID_287,bus,Berlin (kein Wechsel),False
2026-08-05 10:07:03.325,truck_ID_112,truck,Potsdam->Berlin,True
2026-08-05 10:07:03.753,truck_ID_114,truck,Berlin (kein Wechsel),False
2026-08-05 10:07:03.959,car_ID_428,car,Berlin (kein Wechsel),False
2026-08-05 10:07:04.322,car_ID_420,car,Potsdam->Berlin,True
2026-08-05 10:07:04.720,truck_ID_113,truck,Potsdam->Berlin,True
2026-08-05 10:07:04.924,car_ID_427,car,Berlin (kein Wechsel),False
2026-08-05 10:07:05.023,bus_ID_288,bus,Berlin (kein Wechsel),False
2026-08-05 10:07:07.376,car_ID_429,car,Berlin (kein Wechsel),False
2026-08-05 10:07:09.189,bus_ID_289,bus,Berlin (kein Wechsel),False
2026-08-05 10:07:10.725,bus_ID_290,bus,Berlin (kein Wechsel),False
2026-08-05 10:07:12.056,bus_ID_291,bus,Berlin (kein Wechsel),False
2026-08-05 10:07:12.489,car_ID_430,car,Berlin (kein Wechsel),False
2026-08-05 10:07:15.023,bus_ID_292,bus,Berlin (kein Wechsel),False
2026-08-05 10:07:18.654,bus_ID_293,bus,Berlin (kein Wechsel),False
2026-08-05 10:07:27.957,car_ID_431,car,Berlin (kein Wechsel),False
2026-08-05 10:07:28.086,bus_ID_294,bus,Berlin (kein Wechsel),False
2026-08-05 10:07:30.789,bus_ID_295,bus,Berlin (kein Wechsel),False
2026-08-05 10:07:32.087,bus_ID_296,bus,Berlin (kein Wechsel),False
2026-08-05 10:07:32.987,car_ID_432,car,Berlin (kein Wechsel),False
2026-08-05 10:07:34.122,car_ID_433,car,Berlin (kein Wechsel),False
2026-08-05 10:07:34.426,bus_ID_297,bus,Berlin (kein Wechsel),False
2026-08-05 10:07:35.168,car_ID_434,car,Berlin (kein Wechsel),False
2026-08-05 10:07:37.924,bus_ID_298,bus,Berlin (kein Wechsel),False
2026-08-05 10:07:38.725,bus_ID_299,bus,Berlin (kein Wechsel),False
2026-08-05 10:07:39.891,car_ID_435,car,Berlin (kein Wechsel),False
2026-08-05 10:07:41.823,bus_ID_300,bus,Berlin (kein Wechsel),False
2026-08-05 10:07:44.385,bus_ID_301,bus,Berlin (kein Wechsel),False
2026-08-05 10:07:48.186,person_ID_283,person,Potsdam (kein Wechsel),False
2026-08-05 10:07:48.589,bus_ID_302,bus,Berlin (kein Wechsel),False
2026-08-05 10:07:49.586,car_ID_436,car,Berlin (kein Wechsel),False
2026-08-05 10:07:49.785,person_ID_284,person,Potsdam (kein Wechsel),False
2026-08-05 10:07:49.885,bus_ID_303,bus,Berlin (kein Wechsel),False
2026-08-05 10:07:51.125,car_ID_437,car,Berlin (kein Wechsel),False
2026-08-05 10:07:52.658,bus_ID_304,bus,Berlin (kein Wechsel),False
2026-08-05 10:07:55.889,car_ID_438,car,Berlin (kein Wechsel),False
2026-08-05 10:07:56.555,bus_ID_305,bus,Berlin (kein Wechsel),False
2026-08-05 10:07:58.327,car_ID_439,car,Berlin (kein Wechsel),False
2026-08-05 10:07:59.124,bus_ID_286,bus,Berlin (kein Wechsel),False
2026-08-05 10:08:00.324,bus_ID_307,bus,Berlin (kein Wechsel),False
2026-08-05 10:08:00.460,car_ID_440,car,Berlin (kein Wechsel),False
2026-08-05 10:08:02.322,car_ID_441,car,Berlin (kein Wechsel),False
2026-08-05 10:08:02.622,person_ID_285,person,Potsdam->Berlin,True
2026-08-05 10:08:05.923,car_ID_442,car,Berlin (kein Wechsel),False
2026-08-05 10:08:05.959,bus_ID_306,bus,Berlin (kein Wechsel),False
2026-08-05 10:08:11.658,bus_ID_309,bus,Berlin (kein Wechsel),False
2026-08-05 10:08:11.890,motorcycle_ID_142,motorcycle,Berlin (kein Wechsel),False
2026-08-05 10:08:11.923,person_ID_287,person,Berlin (kein Wechsel),False
2026-08-05 10:08:12.459,car_ID_443,car,Berlin (kein Wechsel),False
2026-08-05 10:08:12.522,person_ID_286,person,Berlin (kein Wechsel),False
2026-08-05 10:08:12.589,bus_ID_308,bus,Berlin (kein Wechsel),False
2026-08-05 10:08:12.822,person_ID_288,person,Berlin (kein Wechsel),False
2026-08-05 10:08:12.822,motorcycle_ID_144,motorcycle,Berlin (kein Wechsel),False
2026-08-05 10:08:12.926,motorcycle_ID_143,motorcycle,Berlin (kein Wechsel),False
2026-08-05 10:08:13.057,bicycle_ID_175,bicycle,Berlin (kein Wechsel),False
2026-08-05 10:08:13.324,person_ID_290,person,Berlin->Potsdam,True
2026-08-05 10:08:13.324,car_ID_445,car,Berlin (kein Wechsel),False
2026-08-05 10:08:13.355,bicycle_ID_174,bicycle,Berlin->Potsdam,True
2026-08-05 10:08:14.022,person_ID_289,person,Berlin->Potsdam,True
2026-08-05 10:08:14.921,bus_ID_311,bus,Berlin (kein Wechsel),False
2026-08-05 10:08:15.457,car_ID_447,car,Berlin (kein Wechsel),False
2026-08-05 10:08:15.623,car_ID_446,car,Berlin (kein Wechsel),False
2026-08-05 10:08:16.890,car_ID_444,car,Potsdam->Berlin,True
2026-08-05 10:08:17.356,car_ID_448,car,Berlin (kein Wechsel),False
2026-08-05 10:08:17.523,bus_ID_310,bus,Berlin (kein Wechsel),False
2026-08-05 10:08:19.622,car_ID_449,car,Berlin (kein Wechsel),False
2026-08-05 10:08:20.190,bus_ID_312,bus,Berlin (kein Wechsel),False
2026-08-05 10:08:21.158,car_ID_450,car,Berlin (kein Wechsel),False
2026-08-05 10:08:23.422,bus_ID_314,bus,Berlin (kein Wechsel),False
2026-08-05 10:08:24.424,car_ID_451,car,Berlin (kein Wechsel),False
2026-08-05 10:08:26.853,car_ID_452,car,Berlin (kein Wechsel),False
2026-08-05 10:08:28.590,car_ID_453,car,Berlin (kein Wechsel),False
2026-08-05 10:08:30.822,car_ID_454,car,Berlin (kein Wechsel),False
2026-08-05 10:08:31.728,bus_ID_313,bus,Berlin (kein Wechsel),False
2026-08-05 10:08:32.187,car_ID_457,car,Berlin (kein Wechsel),False
2026-08-05 10:08:32.856,car_ID_456,car,Berlin (kein Wechsel),False
2026-08-05 10:08:33.222,car_ID_455,car,Berlin->Potsdam,True
2026-08-05 10:08:33.754,bus_ID_316,bus,Berlin (kein Wechsel),False
2026-08-05 10:08:35.423,bus_ID_317,bus,Berlin (kein Wechsel),False
2026-08-05 10:08:36.091,motorcycle_ID_145,motorcycle,Potsdam (kein Wechsel),False
2026-08-05 10:08:36.123,bicycle_ID_176,bicycle,Potsdam (kein Wechsel),False
2026-08-05 10:08:36.355,motorcycle_ID_146,motorcycle,Potsdam (kein Wechsel),False
2026-08-05 10:08:36.790,bus_ID_318,bus,Berlin (kein Wechsel),False
2026-08-05 10:08:36.822,person_ID_291,person,Potsdam (kein Wechsel),False
2026-08-05 10:08:39.122,motorcycle_ID_147,motorcycle,Potsdam->Berlin,True
2026-08-05 10:08:40.025,person_ID_292,person,Berlin (kein Wechsel),False
2026-08-05 10:08:40.059,car_ID_458,car,Berlin (kein Wechsel),False
2026-08-05 10:08:40.255,car_ID_459,car,Berlin (kein Wechsel),False
2026-08-05 10:08:40.652,bicycle_ID_177,bicycle,Potsdam->Berlin,True
2026-08-05 10:08:40.790,motorcycle_ID_148,motorcycle,Berlin (kein Wechsel),False
2026-08-05 10:08:40.888,bus_ID_319,bus,Berlin (kein Wechsel),False
2026-08-05 10:08:40.990,motorcycle_ID_149,motorcycle,Berlin (kein Wechsel),False
2026-08-05 10:08:42.389,bus_ID_320,bus,Berlin (kein Wechsel),False
2026-08-05 10:08:42.489,car_ID_460,car,Berlin (kein Wechsel),False
2026-08-05 10:08:45.457,car_ID_461,car,Berlin (kein Wechsel),False
2026-08-05 10:08:46.952,bus_ID_321,bus,Berlin (kein Wechsel),False
2026-08-05 10:08:49.190,car_ID_462,car,Berlin (kein Wechsel),False
2026-08-05 10:08:51.190,car_ID_463,car,Berlin (kein Wechsel),False
2026-08-05 10:08:53.452,car_ID_464,car,Berlin (kein Wechsel),False
2026-08-05 10:08:53.721,bus_ID_322,bus,Berlin (kein Wechsel),False
2026-08-05 10:08:55.791,person_ID_293,person,Berlin (kein Wechsel),False
2026-08-05 10:08:56.121,motorcycle_ID_150,motorcycle,Berlin->Potsdam,True
2026-08-05 10:08:56.151,person_ID_295,person,Potsdam (kein Wechsel),False
2026-08-05 10:08:56.152,car_ID_465,car,Berlin (kein Wechsel),False
2026-08-05 10:08:56.223,bus_ID_323,bus,Berlin (kein Wechsel),False
2026-08-05 10:08:56.552,person_ID_294,person,Berlin (kein Wechsel),False
2026-08-05 10:08:57.121,car_ID_466,car,Berlin (kein Wechsel),False
2026-08-05 10:08:57.921,bus_ID_324,bus,Berlin (kein Wechsel),False
2026-08-05 10:08:59.521,car_ID_467,car,Berlin (kein Wechsel),False
2026-08-05 10:09:00.121,bus_ID_315,bus,Berlin (kein Wechsel),False
2026-08-05 10:09:01.057,car_ID_468,car,Berlin (kein Wechsel),False
2026-08-05 10:09:01.355,bus_ID_326,bus,Berlin (kein Wechsel),False
2026-08-05 10:09:03.025,car_ID_469,car,Berlin (kein Wechsel),False
2026-08-05 10:09:08.488,bus_ID_327,bus,Berlin (kein Wechsel),False
2026-08-05 10:09:08.958,bus_ID_325,bus,Berlin (kein Wechsel),False
2026-08-05 10:09:09.554,car_ID_470,car,Berlin (kein Wechsel),False
2026-08-05 10:09:10.157,car_ID_472,car,Berlin (kein Wechsel),False
2026-08-05 10:09:10.920,car_ID_471,car,Potsdam->Berlin,True
2026-08-05 10:09:11.622,bus_ID_329,bus,Berlin (kein Wechsel),False
2026-08-05 10:09:12.518,car_ID_473,car,Berlin (kein Wechsel),False
2026-08-05 10:09:16.388,bus_ID_330,bus,Berlin (kein Wechsel),False
2026-08-05 10:09:18.159,bus_ID_331,bus,Berlin (kein Wechsel),False
2026-08-05 10:09:19.388,car_ID_474,car,Berlin (kein Wechsel),False
2026-08-05 10:09:20.323,bus_ID_328,bus,Berlin (kein Wechsel),False
2026-08-05 10:09:21.455,bus_ID_333,bus,Berlin (kein Wechsel),False
2026-08-05 10:09:21.856,car_ID_475,car,Berlin (kein Wechsel),False
2026-08-05 10:09:22.586,bus_ID_334,bus,Berlin (kein Wechsel),False
2026-08-05 10:09:23.757,bus_ID_335,bus,Berlin (kein Wechsel),False
2026-08-05 10:09:24.918,car_ID_476,car,Berlin (kein Wechsel),False
2026-08-05 10:09:26.856,bus_ID_336,bus,Berlin (kein Wechsel),False
2026-08-05 10:09:28.421,bus_ID_337,bus,Berlin (kein Wechsel),False
2026-08-05 10:09:30.322,bus_ID_338,bus,Berlin (kein Wechsel),False
2026-08-05 10:09:36.454,bus_ID_339,bus,Berlin (kein Wechsel),False
2026-08-05 10:09:38.056,truck_ID_115,truck,Berlin (kein Wechsel),False
2026-08-05 10:09:38.622,car_ID_479,car,Berlin (kein Wechsel),False
2026-08-05 10:09:38.657,car_ID_478,car,Berlin (kein Wechsel),False
2026-08-05 10:09:38.657,car_ID_480,car,Berlin (kein Wechsel),False
2026-08-05 10:09:39.123,bus_ID_340,bus,Berlin (kein Wechsel),False
2026-08-05 10:09:39.856,car_ID_477,car,Berlin->Potsdam,True
2026-08-05 10:09:40.288,bus_ID_332,bus,Berlin (kein Wechsel),False
2026-08-05 10:09:42.255,bus_ID_342,bus,Berlin (kein Wechsel),False
2026-08-05 10:09:42.757,car_ID_482,car,Berlin (kein Wechsel),False
2026-08-05 10:09:43.221,bus_ID_343,bus,Berlin (kein Wechsel),False
2026-08-05 10:09:43.724,car_ID_481,car,Berlin->Potsdam,True
2026-08-05 10:09:45.356,bus_ID_344,bus,Berlin (kein Wechsel),False
2026-08-05 10:09:46.758,bus_ID_345,bus,Berlin (kein Wechsel),False
2026-08-05 10:09:46.825,motorcycle_ID_152,motorcycle,Berlin (kein Wechsel),False
2026-08-05 10:09:46.989,motorcycle_ID_151,motorcycle,Berlin (kein Wechsel),False
2026-08-05 10:09:47.519,person_ID_296,person,Berlin (kein Wechsel),False
2026-08-05 10:09:47.788,bicycle_ID_178,bicycle,Berlin->Potsdam,True
2026-08-05 10:09:47.917,person_ID_297,person,Berlin->Potsdam,True
2026-08-05 10:09:48.792,bus_ID_346,bus,Berlin (kein Wechsel),False
2026-08-05 10:09:50.788,bus_ID_347,bus,Berlin (kein Wechsel),False
2026-08-05 10:09:52.087,bus_ID_348,bus,Berlin (kein Wechsel),False
2026-08-05 10:10:01.796,bus_ID_349,bus,Berlin (kein Wechsel),False
2026-08-05 10:10:02.456,bus_ID_341,bus,Berlin (kein Wechsel),False
2026-08-05 10:10:02.822,truck_ID_118,truck,Berlin (kein Wechsel),False
2026-08-05 10:10:02.888,car_ID_484,car,Berlin (kein Wechsel),False
2026-08-05 10:10:02.987,car_ID_485,car,Berlin (kein Wechsel),False
2026-08-05 10:10:03.456,truck_ID_117,truck,Berlin (kein Wechsel),False
2026-08-05 10:10:03.556,truck_ID_116,truck,Berlin (kein Wechsel),False
2026-08-05 10:10:04.256,car_ID_483,car,Potsdam->Berlin,True
2026-08-05 10:10:11.120,person_ID_298,person,Potsdam (kein Wechsel),False
2026-08-05 10:10:11.420,bus_ID_350,bus,Berlin (kein Wechsel),False
2026-08-05 10:10:11.689,person_ID_299,person,Potsdam (kein Wechsel),False
2026-08-05 10:10:13.056,bus_ID_352,bus,Berlin (kein Wechsel),False
2026-08-05 10:10:13.818,motorcycle_ID_153,motorcycle,Potsdam->Berlin,True
2026-08-05 10:10:13.889,bicycle_ID_179,bicycle,Potsdam->Berlin,True
2026-08-05 10:10:14.021,motorcycle_ID_154,motorcycle,Berlin (kein Wechsel),False
2026-08-05 10:10:14.187,bus_ID_351,bus,Berlin (kein Wechsel),False
2026-08-05 10:10:15.527,bus_ID_354,bus,Berlin (kein Wechsel),False
2026-08-05 10:10:16.088,bicycle_ID_180,bicycle,Berlin (kein Wechsel),False
2026-08-05 10:10:16.156,person_ID_300,person,Potsdam->Berlin,True
2026-08-05 10:10:18.419,person_ID_301,person,Potsdam (kein Wechsel),False
2026-08-05 10:10:18.790,person_ID_302,person,Potsdam (kein Wechsel),False
2026-08-05 10:10:20.223,car_ID_487,car,Berlin (kein Wechsel),False
2026-08-05 10:10:20.288,car_ID_488,car,Berlin (kein Wechsel),False
2026-08-05 10:10:20.620,motorcycle_ID_155,motorcycle,Berlin (kein Wechsel),False
2026-08-05 10:10:20.918,car_ID_486,car,Potsdam->Berlin,True
2026-08-05 10:10:21.122,bicycle_ID_181,bicycle,Potsdam->Berlin,True
2026-08-05 10:10:21.188,bus_ID_356,bus,Berlin (kein Wechsel),False
2026-08-05 10:10:21.257,motorcycle_ID_156,motorcycle,Berlin (kein Wechsel),False
2026-08-05 10:10:21.289,person_ID_303,person,Potsdam->Berlin,True
2026-08-05 10:10:21.289,bicycle_ID_182,bicycle,Berlin (kein Wechsel),False
2026-08-05 10:10:21.488,car_ID_489,car,Berlin (kein Wechsel),False
2026-08-05 10:10:21.855,truck_ID_119,truck,Berlin (kein Wechsel),False
2026-08-05 10:10:21.955,person_ID_304,person,Berlin (kein Wechsel),False
2026-08-05 10:10:21.955,bicycle_ID_183,bicycle,Berlin (kein Wechsel),False
2026-08-05 10:10:21.954,bus_ID_355,bus,Berlin (kein Wechsel),False
2026-08-05 10:10:22.256,motorcycle_ID_157,motorcycle,Berlin (kein Wechsel),False
2026-08-05 10:10:22.291,bicycle_ID_184,bicycle,Berlin (kein Wechsel),False
2026-08-05 10:10:22.556,car_ID_490,car,Berlin (kein Wechsel),False
2026-08-05 10:10:26.258,bus_ID_357,bus,Berlin (kein Wechsel),False
2026-08-05 10:10:28.492,bus_ID_358,bus,Berlin (kein Wechsel),False
2026-08-05 10:10:33.488,bus_ID_353,bus,Berlin (kein Wechsel),False
2026-08-05 10:10:35.988,bus_ID_360,bus,Berlin (kein Wechsel),False
2026-08-05 10:10:37.518,bus_ID_361,bus,Berlin (kein Wechsel),False
2026-08-05 10:10:45.587,bus_ID_362,bus,Berlin (kein Wechsel),False
2026-08-05 10:10:45.887,car_ID_493,car,Berlin (kein Wechsel),False
2026-08-05 10:10:45.954,car_ID_491,car,Berlin (kein Wechsel),False
2026-08-05 10:10:46.024,car_ID_492,car,Berlin (kein Wechsel),False
2026-08-05 10:10:46.056,truck_ID_122,truck,Berlin (kein Wechsel),False
2026-08-05 10:10:46.228,truck_ID_123,truck,Berlin (kein Wechsel),False
2026-08-05 10:10:46.260,truck_ID_121,truck,Berlin (kein Wechsel),False
2026-08-05 10:10:46.922,truck_ID_120,truck,Berlin->Potsdam,True
2026-08-05 10:10:47.088,truck_ID_124,truck,Berlin->Potsdam,True
2026-08-05 10:10:49.225,bus_ID_363,bus,Berlin (kein Wechsel),False
2026-08-05 10:10:54.187,bus_ID_364,bus,Berlin (kein Wechsel),False
2026-08-05 10:11:01.687,car_ID_495,car,Berlin (kein Wechsel),False
2026-08-05 10:11:01.857,bus_ID_366,bus,Berlin (kein Wechsel),False
2026-08-05 10:11:01.857,truck_ID_125,truck,Berlin (kein Wechsel),False
2026-08-05 10:11:02.088,car_ID_496,car,Berlin (kein Wechsel),False
2026-08-05 10:11:02.990,car_ID_494,car,Potsdam->Berlin,True
2026-08-05 10:11:03.223,bus_ID_365,bus,Berlin (kein Wechsel),False
2026-08-05 10:11:06.724,bus_ID_359,bus,Berlin (kein Wechsel),False
2026-08-05 10:11:07.789,car_ID_498,car,Berlin (kein Wechsel),False
2026-08-05 10:11:08.024,car_ID_499,car,Berlin (kein Wechsel),False
2026-08-05 10:11:08.556,person_ID_305,person,Potsdam (kein Wechsel),False
2026-08-05 10:11:08.688,car_ID_497,car,Potsdam->Berlin,True
2026-08-05 10:11:09.757,person_ID_306,person,Potsdam (kein Wechsel),False
2026-08-05 10:11:11.255,person_ID_307,person,Potsdam (kein Wechsel),False
2026-08-05 10:11:12.323,person_ID_308,person,Potsdam (kein Wechsel),False
2026-08-05 10:11:12.488,person_ID_309,person,Potsdam->Berlin,True
2026-08-05 10:11:13.757,person_ID_310,person,Berlin (kein Wechsel),False
2026-08-05 10:11:14.787,bus_ID_367,bus,Berlin (kein Wechsel),False
2026-08-05 10:11:16.789,bus_ID_369,bus,Berlin (kein Wechsel),False
2026-08-05 10:11:17.058,car_ID_500,car,Berlin (kein Wechsel),False
2026-08-05 10:11:17.224,car_ID_501,car,Berlin (kein Wechsel),False
2026-08-05 10:11:18.822,truck_ID_126,truck,Berlin (kein Wechsel),False
2026-08-05 10:11:19.556,car_ID_504,car,Berlin (kein Wechsel),False
2026-08-05 10:11:19.856,car_ID_503,car,Berlin (kein Wechsel),False
2026-08-05 10:11:20.423,car_ID_502,car,Berlin->Potsdam,True
2026-08-05 10:11:20.856,bus_ID_371,bus,Berlin (kein Wechsel),False
2026-08-05 10:11:21.224,bus_ID_368,bus,Berlin (kein Wechsel),False
2026-08-05 10:11:33.956,car_ID_505,car,Berlin (kein Wechsel),False
2026-08-05 10:11:34.026,car_ID_506,car,Berlin (kein Wechsel),False
2026-08-05 10:11:35.053,truck_ID_127,truck,Berlin (kein Wechsel),False
2026-08-05 10:11:35.053,truck_ID_129,truck,Berlin (kein Wechsel),False
2026-08-05 10:11:35.456,truck_ID_128,truck,Berlin->Potsdam,True
2026-08-05 10:11:37.187,person_ID_311,person,Potsdam (kein Wechsel),False
2026-08-05 10:11:37.355,bicycle_ID_185,bicycle,Potsdam (kein Wechsel),False
2026-08-05 10:11:40.255,person_ID_312,person,Potsdam (kein Wechsel),False
2026-08-05 10:11:41.656,person_ID_313,person,Potsdam (kein Wechsel),False
2026-08-05 10:11:46.926,bus_ID_370,bus,Berlin (kein Wechsel),False
2026-08-05 10:11:47.388,person_ID_314,person,Potsdam->Berlin,True
2026-08-05 10:11:47.657,car_ID_507,car,Potsdam->Berlin,True
2026-08-05 10:11:59.153,bus_ID_372,bus,Berlin (kein Wechsel),False
2026-08-05 10:11:59.722,car_ID_508,car,Potsdam->Berlin,True
2026-08-05 10:12:06.486,bicycle_ID_186,bicycle,Potsdam->Berlin,True
2026-08-05 10:12:06.825,person_ID_315,person,Potsdam->Berlin,True
2026-08-05 10:12:06.857,car_ID_509,car,Potsdam (kein Wechsel),False
2026-08-05 10:12:06.890,motorcycle_ID_158,motorcycle,Berlin (kein Wechsel),False
2026-08-05 10:12:07.386,motorcycle_ID_159,motorcycle,Berlin (kein Wechsel),False
2026-08-05 10:12:07.724,bus_ID_374,bus,Berlin (kein Wechsel),False
2026-08-05 10:12:08.422,bus_ID_373,bus,Berlin (kein Wechsel),False
2026-08-05 10:12:09.188,car_ID_510,car,Potsdam (kein Wechsel),False
2026-08-05 10:12:13.587,bus_ID_375,bus,Berlin (kein Wechsel),False
2026-08-05 10:12:15.086,car_ID_512,car,Berlin->Potsdam,True
2026-08-05 10:12:15.255,car_ID_511,car,Potsdam->Berlin,True
2026-08-05 10:12:16.692,car_ID_513,car,Berlin (kein Wechsel),False
2026-08-05 10:12:16.929,bus_ID_377,bus,Berlin (kein Wechsel),False
2026-08-05 10:12:17.124,bus_ID_378,bus,Berlin (kein Wechsel),False
2026-08-05 10:12:17.857,car_ID_514,car,Berlin (kein Wechsel),False
2026-08-05 10:12:27.457,bus_ID_376,bus,Berlin (kein Wechsel),False
2026-08-05 10:12:27.962,car_ID_515,car,Potsdam->Berlin,True
2026-08-05 10:13:23.090,bus_ID_380,bus,Berlin (kein Wechsel),False
2026-08-05 10:13:24.695,car_ID_516,car,Berlin->Potsdam,True
2026-08-05 10:13:26.171,bus_ID_381,bus,Berlin (kein Wechsel),False
2026-08-05 10:13:26.426,car_ID_517,car,Berlin->Potsdam,True
2026-08-05 10:13:26.959,person_ID_316,person,Berlin (kein Wechsel),False
2026-08-05 10:13:27.687,bicycle_ID_187,bicycle,Berlin (kein Wechsel),False
2026-08-05 10:13:28.189,motorcycle_ID_160,motorcycle,Berlin (kein Wechsel),False
2026-08-05 10:13:29.457,person_ID_317,person,Berlin->Potsdam,True
2026-08-05 10:13:29.458,bicycle_ID_188,bicycle,Berlin->Potsdam,True
2026-08-05 10:13:42.692,person_ID_319,person,Potsdam (kein Wechsel),False
2026-08-05 10:13:44.254,person_ID_320,person,Potsdam (kein Wechsel),False
2026-08-05 10:13:44.988,person_ID_318,person,Potsdam (kein Wechsel),False
2026-08-05 10:13:49.688,car_ID_519,car,Berlin (kein Wechsel),False
2026-08-05 10:13:50.358,bus_ID_382,bus,Berlin (kein Wechsel),False
2026-08-05 10:13:51.055,car_ID_518,car,Potsdam->Berlin,True
2026-08-05 10:13:54.853,car_ID_521,car,Potsdam (kein Wechsel),False
2026-08-05 10:13:55.560,truck_ID_130,truck,Berlin (kein Wechsel),False
2026-08-05 10:13:56.488,car_ID_522,car,Berlin (kein Wechsel),False
2026-08-05 10:13:56.658,truck_ID_131,truck,Berlin (kein Wechsel),False
2026-08-05 10:13:56.861,bus_ID_383,bus,Berlin (kein Wechsel),False
2026-08-05 10:13:57.187,person_ID_321,person,Potsdam->Berlin,True
2026-08-05 10:13:57.458,car_ID_520,car,Potsdam->Berlin,True
2026-08-05 10:13:58.825,bus_ID_384,bus,Berlin (kein Wechsel),False
2026-08-05 10:13:59.347,car_ID_523,car,Potsdam->Berlin,True
2026-08-05 10:14:01.756,person_ID_322,person,Berlin (kein Wechsel),False
2026-08-05 10:14:02.555,bus_ID_386,bus,Berlin (kein Wechsel),False
2026-08-05 10:14:07.196,bus_ID_379,bus,Berlin (kein Wechsel),False
2026-08-05 10:14:08.291,bus_ID_387,bus,Berlin (kein Wechsel),False
2026-08-05 10:14:08.592,car_ID_524,car,Berlin->Potsdam,True
2026-08-05 10:14:14.428,truck_ID_132,truck,Berlin (kein Wechsel),False
2026-08-05 10:14:14.691,bus_ID_385,bus,Berlin (kein Wechsel),False
2026-08-05 10:14:15.093,car_ID_525,car,Berlin (kein Wechsel),False
2026-08-05 10:14:15.261,car_ID_526,car,Berlin->Potsdam,True
2026-08-05 10:14:27.525,person_ID_323,person,Berlin (kein Wechsel),False
2026-08-05 10:14:31.526,person_ID_324,person,Berlin (kein Wechsel),False
2026-08-05 10:14:40.561,bus_ID_389,bus,Berlin (kein Wechsel),False
2026-08-05 10:14:53.724,bus_ID_390,bus,Berlin (kein Wechsel),False
2026-08-05 10:15:10.324,bus_ID_391,bus,Berlin (kein Wechsel),False
2026-08-05 10:15:19.594,bus_ID_392,bus,Berlin (kein Wechsel),False
2026-08-05 10:15:22.661,car_ID_527,car,Berlin (kein Wechsel),False
2026-08-05 10:15:25.793,car_ID_528,car,Berlin (kein Wechsel),False
2026-08-05 10:15:27.794,car_ID_529,car,Berlin (kein Wechsel),False
2026-08-05 10:15:29.663,bus_ID_393,bus,Berlin (kein Wechsel),False
2026-08-05 10:15:30.493,car_ID_530,car,Berlin (kein Wechsel),False
2026-08-05 10:15:31.493,bus_ID_394,bus,Berlin (kein Wechsel),False
2026-08-05 10:15:31.723,car_ID_531,car,Berlin (kein Wechsel),False
2026-08-05 10:15:32.962,bicycle_ID_189,bicycle,Potsdam (kein Wechsel),False
2026-08-05 10:15:33.594,bus_ID_395,bus,Berlin (kein Wechsel),False
2026-08-05 10:15:34.394,person_ID_325,person,Potsdam (kein Wechsel),False
2026-08-05 10:15:34.893,car_ID_532,car,Berlin (kein Wechsel),False
2026-08-05 10:15:35.127,bus_ID_396,bus,Berlin (kein Wechsel),False
2026-08-05 10:15:35.260,bicycle_ID_191,bicycle,Potsdam (kein Wechsel),False
2026-08-05 10:15:35.493,motorcycle_ID_161,motorcycle,Potsdam->Berlin,True
2026-08-05 10:15:35.894,person_ID_326,person,Potsdam->Berlin,True
2026-08-05 10:15:37.028,person_ID_327,person,Berlin (kein Wechsel),False
2026-08-05 10:15:37.028,bicycle_ID_190,bicycle,Potsdam->Berlin,True
2026-08-05 10:15:37.123,car_ID_533,car,Berlin (kein Wechsel),False
2026-08-05 10:15:37.123,bus_ID_388,bus,Berlin (kein Wechsel),False
2026-08-05 10:15:37.863,car_ID_535,car,Berlin (kein Wechsel),False
2026-08-05 10:15:38.159,truck_ID_133,truck,Berlin (kein Wechsel),False
2026-08-05 10:15:38.194,truck_ID_134,truck,Berlin (kein Wechsel),False
2026-08-05 10:15:38.593,bicycle_ID_192,bicycle,Berlin (kein Wechsel),False
2026-08-05 10:15:39.161,motorcycle_ID_162,motorcycle,Berlin (kein Wechsel),False
2026-08-05 10:15:39.327,car_ID_534,car,Berlin->Potsdam,True
2026-08-05 10:15:39.695,bus_ID_397,bus,Berlin (kein Wechsel),False
2026-08-05 10:15:41.227,bus_ID_399,bus,Berlin (kein Wechsel),False
2026-08-05 10:15:42.994,car_ID_536,car,Berlin (kein Wechsel),False
2026-08-05 10:15:43.029,bus_ID_400,bus,Berlin (kein Wechsel),False
2026-08-05 10:15:44.426,bus_ID_401,bus,Berlin (kein Wechsel),False
2026-08-05 10:15:45.394,car_ID_537,car,Berlin (kein Wechsel),False
2026-08-05 10:15:47.227,bus_ID_402,bus,Berlin (kein Wechsel),False
2026-08-05 10:15:48.329,car_ID_538,car,Berlin (kein Wechsel),False
2026-08-05 10:15:49.696,car_ID_539,car,Berlin (kein Wechsel),False
2026-08-05 10:15:49.696,bus_ID_403,bus,Berlin (kein Wechsel),False
2026-08-05 10:15:50.795,truck_ID_136,truck,Berlin (kein Wechsel),False
2026-08-05 10:15:50.995,truck_ID_135,truck,Berlin (kein Wechsel),False
2026-08-05 10:15:53.297,bus_ID_404,bus,Berlin (kein Wechsel),False
2026-08-05 10:15:54.196,car_ID_540,car,Berlin (kein Wechsel),False
2026-08-05 10:15:54.692,bus_ID_405,bus,Berlin (kein Wechsel),False
2026-08-05 10:15:56.893,bus_ID_398,bus,Berlin (kein Wechsel),False
2026-08-05 10:15:56.994,car_ID_541,car,Berlin (kein Wechsel),False
2026-08-05 10:15:57.328,car_ID_543,car,Berlin (kein Wechsel),False
2026-08-05 10:15:57.996,car_ID_542,car,Berlin->Potsdam,True
2026-08-05 10:15:58.094,bus_ID_406,bus,Berlin (kein Wechsel),False
2026-08-05 10:15:58.893,bus_ID_407,bus,Berlin (kein Wechsel),False
2026-08-05 10:15:59.394,car_ID_544,car,Berlin (kein Wechsel),False
2026-08-05 10:16:02.398,person_ID_328,person,Berlin (kein Wechsel),False
2026-08-05 10:16:07.029,bus_ID_409,bus,Berlin (kein Wechsel),False
2026-08-05 10:16:08.763,bus_ID_410,bus,Berlin (kein Wechsel),False
2026-08-05 10:16:08.798,person_ID_329,person,Potsdam (kein Wechsel),False
2026-08-05 10:16:09.495,person_ID_330,person,Potsdam (kein Wechsel),False
2026-08-05 10:16:10.231,bus_ID_411,bus,Berlin (kein Wechsel),False
2026-08-05 10:16:10.330,car_ID_545,car,Berlin (kein Wechsel),False
2026-08-05 10:16:12.162,car_ID_547,car,Berlin (kein Wechsel),False
2026-08-05 10:16:12.490,bus_ID_408,bus,Berlin (kein Wechsel),False
2026-08-05 10:16:12.848,car_ID_549,car,Berlin (kein Wechsel),False
2026-08-05 10:16:12.918,car_ID_548,car,Berlin (kein Wechsel),False
2026-08-05 10:16:13.448,bus_ID_413,bus,Berlin (kein Wechsel),False
2026-08-05 10:16:13.709,car_ID_546,car,Berlin->Potsdam,True
2026-08-05 10:16:16.417,bus_ID_412,bus,Berlin (kein Wechsel),False
2026-08-05 10:16:17.202,car_ID_550,car,Berlin (kein Wechsel),False
2026-08-05 10:16:24.750,car_ID_552,car,Berlin (kein Wechsel),False
2026-08-05 10:16:24.851,car_ID_551,car,Berlin (kein Wechsel),False
2026-08-05 10:16:24.947,truck_ID_138,truck,Berlin (kein Wechsel),False
2026-08-05 10:16:26.313,truck_ID_137,truck,Berlin->Potsdam,True
2026-08-05 10:16:35.520,motorcycle_ID_163,motorcycle,Berlin (kein Wechsel),False
2026-08-05 10:16:35.586,bicycle_ID_194,bicycle,Berlin (kein Wechsel),False
2026-08-05 10:16:36.085,motorcycle_ID_164,motorcycle,Berlin (kein Wechsel),False
2026-08-05 10:16:37.228,person_ID_331,person,Berlin->Potsdam,True
2026-08-05 10:16:37.760,bicycle_ID_193,bicycle,Berlin->Potsdam,True
2026-08-05 10:16:42.622,car_ID_553,car,Potsdam->Berlin,True
2026-08-05 10:16:47.637,person_ID_332,person,Berlin->Potsdam,True
2026-08-05 10:16:47.636,bicycle_ID_195,bicycle,Berlin->Potsdam,True
2026-08-05 10:16:59.241,car_ID_554,car,Berlin->Potsdam,True
