display_id,kind,track_id,label,start_x,start_y,end_x,end_y,avg_confidence,first_timestamp,last_timestamp
car_ID_3,FLUSH,3,car,342,381,342,381,0.3066,2026-07-19 12:10:44.322,2026-07-19 12:10:44.788
car_ID_2,FLUSH,2,car,1022,481,410,552,0.8412,2026-07-19 12:10:42.887,2026-07-19 12:10:45.087
car_ID_1,FLUSH,1,car,307,401,307,401,0.3640,2026-07-19 12:10:34.690,2026-07-19 12:11:11.891
bicycle_ID_2,FLUSH,6,bicycle,53,489,123,491,0.5143,2026-07-19 12:11:12.192,2026-07-19 12:11:13.058
car_ID_4,FLUSH,7,car,308,402,308,402,0.3273,2026-07-19 12:11:12.225,2026-07-19 12:11:13.092
bicycle_ID_1,FLUSH,5,bicycle,50,489,174,492,0.4447,2026-07-19 12:11:12.156,2026-07-19 12:11:13.324
car_ID_5,FLUSH,9,car,307,401,308,402,0.3378,2026-07-19 12:11:13.292,2026-07-19 12:11:14.889
bicycle_ID_4,FLUSH,10,bicycle,681,469,681,469,0.3137,2026-07-19 12:11:15.288,2026-07-19 12:11:15.763
bicycle_ID_3,FLUSH,8,bicycle,244,492,893,457,0.6081,2026-07-19 12:11:13.224,2026-07-19 12:11:16.889
bicycle_ID_5,FLUSH,11,bicycle,829,461,994,453,0.4832,2026-07-19 12:11:16.088,2026-07-19 12:11:17.024
person_ID_1,FLUSH,4,person,46,475,1024,436,0.5735,2026-07-19 12:11:12.156,2026-07-19 12:11:17.288
bicycle_ID_6,FLUSH,12,bicycle,1000,453,1000,453,0.4064,2026-07-19 12:11:17.088,2026-07-19 12:11:17.556
car_ID_6,FLUSH,4,car,1031,441,1034,442,0.5760,2026-07-19 12:11:17.324,2026-07-19 12:11:17.856
car_ID_7,FLUSH,14,car,307,402,307,402,0.3030,2026-07-19 12:12:34.064,2026-07-19 12:12:34.533
person_ID_2,FLUSH,13,person,979,399,752,410,0.4789,2026-07-19 12:12:26.734,2026-07-19 12:12:34.564
person_ID_4,FLUSH,16,person,727,417,727,417,0.3743,2026-07-19 12:12:34.737,2026-07-19 12:12:35.199
person_ID_5,FLUSH,17,person,676,420,676,420,0.3743,2026-07-19 12:12:36.134,2026-07-19 12:12:36.597
person_ID_6,FLUSH,18,person,653,422,653,422,0.6274,2026-07-19 12:12:36.730,2026-07-19 12:12:37.196
car_ID_9,FLUSH,21,car,307,402,307,402,0.3839,2026-07-19 12:12:41.401,2026-07-19 12:12:42.035
person_ID_3,FLUSH,15,person,33,422,280,414,0.5242,2026-07-19 12:12:34.333,2026-07-19 12:12:42.797
truck_ID_1,FLUSH,22,truck,715,482,873,468,0.5022,2026-07-19 12:12:43.096,2026-07-19 12:12:43.530
car_ID_10,FLUSH,22,car,760,478,979,454,0.6095,2026-07-19 12:12:43.197,2026-07-19 12:12:43.961
truck_ID_2,FLUSH,20,truck,763,478,894,466,0.4986,2026-07-19 12:12:43.197,2026-07-19 12:12:43.962
bus_ID_2,FLUSH,20,bus,989,452,1004,449,0.4919,2026-07-19 12:12:44.031,2026-07-19 12:12:44.133
person_ID_8,FLUSH,23,person,331,415,332,414,0.3739,2026-07-19 12:12:43.962,2026-07-19 12:12:44.229
bus_ID_1,FLUSH,22,bus,985,453,985,453,0.3039,2026-07-19 12:12:44.006,2026-07-19 12:12:44.462
person_ID_7,FLUSH,19,person,582,426,363,431,0.4106,2026-07-19 12:12:38.528,2026-07-19 12:12:44.529
car_ID_11,FLUSH,23,car,309,402,308,402,0.3124,2026-07-19 12:12:44.261,2026-07-19 12:12:44.797
car_ID_8,FLUSH,20,car,51,503,1032,436,0.7617,2026-07-19 12:12:41.196,2026-07-19 12:12:44.831
person_ID_10,FLUSH,25,person,326,433,313,439,0.3697,2026-07-19 12:12:44.999,2026-07-19 12:12:45.796
person_ID_11,FLUSH,26,person,280,429,36,433,0.4679,2026-07-19 12:12:46.163,2026-07-19 12:12:53.361
person_ID_9,FLUSH,24,person,361,422,646,409,0.4709,2026-07-19 12:12:44.961,2026-07-19 12:12:54.661
person_ID_13,FLUSH,28,person,680,408,687,405,0.3292,2026-07-19 12:12:55.364,2026-07-19 12:12:55.972
person_ID_14,FLUSH,29,person,745,403,1026,385,0.4954,2026-07-19 12:12:57.601,2026-07-19 12:13:10.834
person_ID_12,FLUSH,27,person,1032,393,355,424,0.6040,2026-07-19 12:12:47.965,2026-07-19 12:13:11.434
car_ID_12,FLUSH,31,car,308,403,308,403,0.3424,2026-07-19 12:13:11.669,2026-07-19 12:13:12.201
person_ID_15,FLUSH,30,person,353,423,28,428,0.5919,2026-07-19 12:13:11.002,2026-07-19 12:13:21.830
truck_ID_3,FLUSH,32,truck,151,500,151,500,0.3602,2026-07-19 12:13:31.170,2026-07-19 12:13:31.170
car_ID_15,FLUSH,34,car,270,494,270,494,0.8104,2026-07-19 12:13:31.570,2026-07-19 12:13:31.570
car_ID_16,FLUSH,35,car,343,380,343,381,0.3164,2026-07-19 12:13:31.670,2026-07-19 12:13:32.699
car_ID_14,FLUSH,33,car,308,403,308,403,0.3282,2026-07-19 12:13:30.905,2026-07-19 12:13:32.869
truck_ID_5,FLUSH,36,truck,535,486,971,448,0.4479,2026-07-19 12:13:32.271,2026-07-19 12:13:33.666
truck_ID_4,FLUSH,32,truck,546,485,1006,440,0.4880,2026-07-19 12:13:32.271,2026-07-19 12:13:33.935
car_ID_17,FLUSH,36,car,556,484,994,443,0.5360,2026-07-19 12:13:32.301,2026-07-19 12:13:34.303
car_ID_13,FLUSH,32,car,55,505,1033,429,0.7092,2026-07-19 12:13:30.605,2026-07-19 12:13:34.631
car_ID_18,FLUSH,37,car,59,497,182,498,0.5741,2026-07-19 12:13:34.099,2026-07-19 12:13:35.199
car_ID_21,FLUSH,40,car,342,381,343,381,0.3402,2026-07-19 12:13:35.631,2026-07-19 12:13:36.299
car_ID_19,FLUSH,38,car,308,403,308,402,0.3525,2026-07-19 12:13:34.966,2026-07-19 12:13:37.037
bus_ID_3,FLUSH,39,bus,991,442,991,442,0.5133,2026-07-19 12:13:37.372,2026-07-19 12:13:37.372
truck_ID_7,FLUSH,42,truck,977,446,988,442,0.4292,2026-07-19 12:13:37.305,2026-07-19 12:13:37.472
truck_ID_6,FLUSH,39,truck,982,445,1006,438,0.4060,2026-07-19 12:13:37.305,2026-07-19 12:13:37.505
car_ID_22,FLUSH,41,car,309,402,307,402,0.3542,2026-07-19 12:13:37.272,2026-07-19 12:13:37.873
car_ID_23,FLUSH,42,car,1005,438,1005,438,0.4848,2026-07-19 12:13:37.505,2026-07-19 12:13:37.972
car_ID_20,FLUSH,39,car,422,489,1035,425,0.7430,2026-07-19 12:13:35.431,2026-07-19 12:13:38.235
car_ID_24,FLUSH,43,car,307,402,308,402,0.3601,2026-07-19 12:13:39.435,2026-07-19 12:13:44.899
car_ID_25,FLUSH,44,car,307,403,307,403,0.3226,2026-07-19 12:13:45.267,2026-07-19 12:13:45.904
car_ID_28,FLUSH,47,car,342,381,342,381,0.3402,2026-07-19 12:14:08.405,2026-07-19 12:14:09.601
car_ID_27,FLUSH,46,car,307,403,308,402,0.3699,2026-07-19 12:14:07.972,2026-07-19 12:14:11.703
car_ID_26,FLUSH,45,car,66,505,1032,437,0.8004,2026-07-19 12:14:07.936,2026-07-19 12:14:11.968
car_ID_29,FLUSH,48,car,1029,481,340,544,0.8626,2026-07-19 12:14:28.304,2026-07-19 12:14:30.339
car_ID_30,FLUSH,49,car,307,403,308,402,0.3590,2026-07-19 12:14:29.807,2026-07-19 12:14:30.673
car_ID_31,FLUSH,50,car,104,532,55,535,0.4151,2026-07-19 12:14:31.005,2026-07-19 12:14:31.704
car_ID_32,FLUSH,51,car,308,403,307,402,0.3201,2026-07-19 12:15:14.372,2026-07-19 12:15:15.705
person_ID_16,FLUSH,53,person,1021,498,454,568,0.6986,2026-07-19 12:15:21.208,2026-07-19 12:15:24.272
bicycle_ID_7,FLUSH,52,bicycle,1019,522,437,590,0.6813,2026-07-19 12:15:21.143,2026-07-19 12:15:24.373
bicycle_ID_8,FLUSH,54,bicycle,1028,502,428,584,0.6813,2026-07-19 12:15:21.543,2026-07-19 12:15:25.440
person_ID_17,FLUSH,55,person,1021,485,367,558,0.6672,2026-07-19 12:15:21.744,2026-07-19 12:15:25.640
bicycle_ID_10,FLUSH,60,bicycle,54,486,54,486,0.3957,2026-07-19 12:15:25.573,2026-07-19 12:15:26.040
person_ID_18,FLUSH,59,person,159,484,229,477,0.4777,2026-07-19 12:15:25.940,2026-07-19 12:15:26.240
bicycle_ID_11,FLUSH,61,bicycle,106,492,106,492,0.3351,2026-07-19 12:15:25.773,2026-07-19 12:15:26.240
bicycle_ID_12,FLUSH,62,bicycle,159,501,159,501,0.5204,2026-07-19 12:15:26.005,2026-07-19 12:15:26.473
person_ID_19,FLUSH,63,person,497,472,518,471,0.4053,2026-07-19 12:15:27.144,2026-07-19 12:15:27.640
person_ID_20,FLUSH,64,person,545,467,589,467,0.4959,2026-07-19 12:15:27.278,2026-07-19 12:15:27.873
person_ID_21,FLUSH,65,person,622,467,645,463,0.3709,2026-07-19 12:15:27.542,2026-07-19 12:15:28.073
person_ID_22,FLUSH,66,person,750,457,750,457,0.3707,2026-07-19 12:15:28.040,2026-07-19 12:15:28.505
person_ID_23,FLUSH,67,person,801,457,801,457,0.5632,2026-07-19 12:15:28.205,2026-07-19 12:15:28.673
person_ID_25,FLUSH,59,person,929,450,929,450,0.3066,2026-07-19 12:15:28.705,2026-07-19 12:15:28.740
person_ID_24,FLUSH,68,person,840,453,840,453,0.3208,2026-07-19 12:15:28.373,2026-07-19 12:15:28.840
bicycle_ID_9,FLUSH,59,bicycle,50,486,1010,446,0.5207,2026-07-19 12:15:25.540,2026-07-19 12:15:29.073
car_ID_33,FLUSH,58,car,307,402,307,402,0.3387,2026-07-19 12:15:24.873,2026-07-19 12:15:30.773
car_ID_34,FLUSH,69,car,307,402,307,402,0.3679,2026-07-19 12:16:00.110,2026-07-19 12:16:18.980
car_ID_35,FLUSH,70,car,308,402,308,403,0.3213,2026-07-19 12:16:19.248,2026-07-19 12:16:20.752
car_ID_38,FLUSH,73,car,343,380,343,380,0.3386,2026-07-19 12:16:26.977,2026-07-19 12:16:27.444
car_ID_39,FLUSH,74,car,547,459,599,457,0.3117,2026-07-19 12:16:27.645,2026-07-19 12:16:28.276
car_ID_36,FLUSH,71,car,308,401,307,403,0.3644,2026-07-19 12:16:22.975,2026-07-19 12:16:28.676
car_ID_37,FLUSH,72,car,56,494,1034,430,0.7970,2026-07-19 12:16:25.676,2026-07-19 12:16:30.576
person_ID_26,FLUSH,76,person,197,480,206,479,0.3868,2026-07-19 12:16:54.380,2026-07-19 12:16:54.416
person_ID_27,FLUSH,78,person,553,462,579,460,0.5873,2026-07-19 12:16:55.616,2026-07-19 12:16:56.145
bicycle_ID_13,FLUSH,76,bicycle,51,480,887,453,0.5543,2026-07-19 12:16:53.849,2026-07-19 12:16:56.845
bicycle_ID_14,FLUSH,79,bicycle,773,462,773,462,0.3779,2026-07-19 12:16:56.412,2026-07-19 12:16:56.877
person_ID_28,FLUSH,81,person,855,440,895,441,0.3689,2026-07-19 12:16:56.745,2026-07-19 12:16:56.912
bicycle_ID_15,FLUSH,81,bicycle,916,448,973,442,0.4140,2026-07-19 12:16:56.977,2026-07-19 12:16:57.246
person_ID_29,FLUSH,76,person,941,440,941,440,0.3885,2026-07-19 12:16:57.077,2026-07-19 12:16:57.545
car_ID_41,FLUSH,77,car,1022,490,427,564,0.7505,2026-07-19 12:16:55.316,2026-07-19 12:16:58.012
car_ID_42,FLUSH,80,car,343,382,343,381,0.3290,2026-07-19 12:16:56.512,2026-07-19 12:17:00.177
car_ID_43,FLUSH,82,car,1027,486,89,537,0.7073,2026-07-19 12:16:57.177,2026-07-19 12:17:01.147
car_ID_44,FLUSH,83,car,1027,483,304,550,0.7720,2026-07-19 12:17:00.513,2026-07-19 12:17:03.516
car_ID_46,FLUSH,85,car,343,382,343,381,0.3106,2026-07-19 12:17:02.814,2026-07-19 12:17:03.978
car_ID_47,FLUSH,86,car,99,550,99,550,0.4652,2026-07-19 12:17:03.814,2026-07-19 12:17:04.079
car_ID_45,FLUSH,84,car,1022,489,440,554,0.8267,2026-07-19 12:17:02.778,2026-07-19 12:17:05.345
car_ID_48,FLUSH,87,car,344,382,344,382,0.3173,2026-07-19 12:17:14.378,2026-07-19 12:17:14.848
car_ID_50,FLUSH,89,car,344,382,343,381,0.3315,2026-07-19 12:17:27.817,2026-07-19 12:17:28.679
bicycle_ID_16,FLUSH,92,bicycle,1022,508,993,515,0.4071,2026-07-19 12:17:30.048,2026-07-19 12:17:30.780
car_ID_49,FLUSH,88,car,61,487,1033,429,0.7871,2026-07-19 12:17:26.782,2026-07-19 12:17:31.079
car_ID_52,FLUSH,91,car,343,381,343,381,0.3311,2026-07-19 12:17:29.350,2026-07-19 12:17:31.247
person_ID_31,FLUSH,95,person,706,560,484,583,0.4511,2026-07-19 12:17:31.914,2026-07-19 12:17:33.251
bicycle_ID_17,FLUSH,94,bicycle,1019,538,434,590,0.6176,2026-07-19 12:17:30.151,2026-07-19 12:17:33.486
car_ID_51,FLUSH,90,car,67,491,1027,431,0.8424,2026-07-19 12:17:29.215,2026-07-19 12:17:33.518
person_ID_30,FLUSH,93,person,1020,491,432,556,0.5564,2026-07-19 12:17:30.151,2026-07-19 12:17:33.617
bicycle_ID_18,FLUSH,96,bicycle,721,547,426,570,0.4610,2026-07-19 12:17:31.914,2026-07-19 12:17:33.618
person_ID_34,FLUSH,102,person,1011,515,1011,515,0.7628,2026-07-19 12:17:36.747,2026-07-19 12:17:36.747
bicycle_ID_19,FLUSH,98,bicycle,50,504,178,505,0.5736,2026-07-19 12:17:35.980,2026-07-19 12:17:37.717
person_ID_32,FLUSH,99,person,47,491,241,485,0.5484,2026-07-19 12:17:36.147,2026-07-19 12:17:38.252
bicycle_ID_23,FLUSH,99,bicycle,261,498,265,498,0.3166,2026-07-19 12:17:38.315,2026-07-19 12:17:38.818
person_ID_33,FLUSH,101,person,43,465,268,481,0.4941,2026-07-19 12:17:36.583,2026-07-19 12:17:38.853
bicycle_ID_21,FLUSH,102,bicycle,1019,524,450,597,0.7162,2026-07-19 12:17:36.680,2026-07-19 12:17:38.984
person_ID_35,FLUSH,103,person,1016,509,436,568,0.6129,2026-07-19 12:17:36.747,2026-07-19 12:17:39.018
bicycle_ID_24,FLUSH,106,bicycle,315,494,366,488,0.4853,2026-07-19 12:17:38.753,2026-07-19 12:17:39.157
person_ID_38,FLUSH,107,person,323,470,323,470,0.4705,2026-07-19 12:17:38.853,2026-07-19 12:17:39.317
person_ID_36,FLUSH,105,person,1020,493,461,567,0.7212,2026-07-19 12:17:37.315,2026-07-19 12:17:39.648
bicycle_ID_22,FLUSH,104,bicycle,1002,527,418,575,0.6423,2026-07-19 12:17:36.847,2026-07-19 12:17:39.780
bicycle_ID_26,FLUSH,109,bicycle,475,498,444,486,0.5434,2026-07-19 12:17:39.348,2026-07-19 12:17:40.148
bicycle_ID_27,FLUSH,111,bicycle,501,495,744,462,0.4030,2026-07-19 12:17:39.547,2026-07-19 12:17:42.047
bicycle_ID_25,FLUSH,110,bicycle,371,483,815,461,0.4874,2026-07-19 12:17:39.122,2026-07-19 12:17:42.679
bicycle_ID_29,FLUSH,113,bicycle,874,458,994,447,0.5041,2026-07-19 12:17:42.547,2026-07-19 12:17:43.615
bicycle_ID_28,FLUSH,112,bicycle,557,487,997,448,0.4784,2026-07-19 12:17:39.947,2026-07-19 12:17:44.115
person_ID_39,FLUSH,108,person,387,488,1016,426,0.5204,2026-07-19 12:17:38.853,2026-07-19 12:17:44.284
car_ID_53,FLUSH,113,car,1032,445,1032,445,0.3636,2026-07-19 12:17:44.147,2026-07-19 12:17:44.622
person_ID_37,FLUSH,106,person,300,497,972,435,0.5163,2026-07-19 12:17:38.283,2026-07-19 12:17:44.688
person_ID_40,FLUSH,114,person,996,433,1011,432,0.5456,2026-07-19 12:17:44.521,2026-07-19 12:17:45.118
car_ID_40,FLUSH,75,car,308,402,308,402,0.4154,2026-07-19 12:16:29.876,2026-07-19 12:17:45.347
bicycle_ID_20,FLUSH,100,bicycle,51,494,1030,439,0.5411,2026-07-19 12:17:36.521,2026-07-19 12:17:45.414
car_ID_54,FLUSH,115,car,308,402,308,402,0.3513,2026-07-19 12:17:46.780,2026-07-19 12:18:14.254
car_ID_55,FLUSH,116,car,308,403,307,402,0.3289,2026-07-19 12:18:14.720,2026-07-19 12:18:15.987
car_ID_56,FLUSH,117,car,308,402,308,403,0.3329,2026-07-19 12:18:16.387,2026-07-19 12:18:20.684
car_ID_57,FLUSH,118,car,307,401,308,402,0.3396,2026-07-19 12:18:22.184,2026-07-19 12:18:23.149
car_ID_59,FLUSH,120,car,1029,438,1029,438,0.4670,2026-07-19 12:18:25.849,2026-07-19 12:18:25.849
truck_ID_8,FLUSH,120,truck,1020,442,1007,450,0.4060,2026-07-19 12:18:25.884,2026-07-19 12:18:25.984
bus_ID_5,FLUSH,121,bus,448,500,448,500,0.6289,2026-07-19 12:18:28.686,2026-07-19 12:18:28.751
bus_ID_4,FLUSH,120,bus,1003,451,294,512,0.7571,2026-07-19 12:18:26.017,2026-07-19 12:18:30.088
bus_ID_6,FLUSH,122,bus,103,498,103,498,0.3039,2026-07-19 12:18:30.551,2026-07-19 12:18:31.019
truck_ID_9,FLUSH,123,truck,504,546,504,546,0.3001,2026-07-19 12:18:54.690,2026-07-19 12:18:54.690
car_ID_60,FLUSH,123,car,1026,485,403,549,0.7378,2026-07-19 12:18:53.255,2026-07-19 12:18:55.389
car_ID_61,FLUSH,124,car,1017,476,283,541,0.8359,2026-07-19 12:19:09.952,2026-07-19 12:19:11.723
car_ID_62,FLUSH,125,car,111,534,48,524,0.4249,2026-07-19 12:19:11.594,2026-07-19 12:19:12.225
bicycle_ID_30,FLUSH,126,bicycle,945,395,942,396,0.3262,2026-07-19 12:20:04.423,2026-07-19 12:20:04.558
person_ID_42,FLUSH,127,person,984,396,969,395,0.4041,2026-07-19 12:20:03.523,2026-07-19 12:20:04.591
person_ID_43,FLUSH,128,person,947,392,947,392,0.3565,2026-07-19 12:20:04.991,2026-07-19 12:20:05.462
person_ID_44,FLUSH,129,person,919,392,916,392,0.3194,2026-07-19 12:20:06.191,2026-07-19 12:20:06.757
person_ID_45,FLUSH,130,person,892,399,835,403,0.4267,2026-07-19 12:20:07.091,2026-07-19 12:20:09.623
bicycle_ID_31,FLUSH,131,bicycle,828,406,797,407,0.3857,2026-07-19 12:20:08.823,2026-07-19 12:20:10.291
car_ID_64,FLUSH,133,car,344,381,344,380,0.3308,2026-07-19 12:20:12.323,2026-07-19 12:20:13.158
person_ID_46,FLUSH,131,person,821,404,731,408,0.4056,2026-07-19 12:20:09.591,2026-07-19 12:20:13.158
bicycle_ID_32,FLUSH,134,bicycle,696,412,696,412,0.3885,2026-07-19 12:20:13.223,2026-07-19 12:20:13.297
person_ID_41,FLUSH,126,person,1019,393,680,408,0.4229,2026-07-19 12:20:01.557,2026-07-19 12:20:14.691
car_ID_63,FLUSH,132,car,56,510,1030,442,0.7651,2026-07-19 12:20:11.327,2026-07-19 12:20:14.991
person_ID_48,FLUSH,135,person,668,410,666,410,0.3939,2026-07-19 12:20:14.624,2026-07-19 12:20:15.123
person_ID_47,FLUSH,134,person,694,400,627,405,0.3966,2026-07-19 12:20:13.158,2026-07-19 12:20:15.391
bicycle_ID_34,FLUSH,136,bicycle,598,422,585,422,0.4011,2026-07-19 12:20:16.358,2026-07-19 12:20:17.223
bicycle_ID_33,FLUSH,134,bicycle,613,419,521,422,0.3985,2026-07-19 12:20:15.758,2026-07-19 12:20:19.127
person_ID_49,FLUSH,137,person,582,406,470,407,0.4004,2026-07-19 12:20:16.658,2026-07-19 12:20:20.391
bicycle_ID_35,FLUSH,139,bicycle,403,424,403,424,0.3636,2026-07-19 12:20:22.558,2026-07-19 12:20:23.023
person_ID_50,FLUSH,138,person,413,410,401,405,0.4133,2026-07-19 12:20:22.165,2026-07-19 12:20:23.091
bicycle_ID_36,FLUSH,140,bicycle,373,426,373,422,0.3445,2026-07-19 12:20:23.358,2026-07-19 12:20:23.991
car_ID_58,FLUSH,119,car,308,402,309,402,0.3630,2026-07-19 12:18:23.817,2026-07-19 12:20:24.655
bicycle_ID_37,FLUSH,141,bicycle,312,420,255,423,0.4487,2026-07-19 12:20:25.357,2026-07-19 12:20:27.560
bicycle_ID_38,FLUSH,142,bicycle,281,422,203,424,0.5244,2026-07-19 12:20:26.323,2026-07-19 12:20:28.893
person_ID_51,FLUSH,144,person,232,413,199,412,0.3565,2026-07-19 12:20:27.826,2026-07-19 12:20:29.733
person_ID_52,FLUSH,146,person,140,410,128,415,0.4343,2026-07-19 12:20:30.655,2026-07-19 12:20:31.191
bicycle_ID_40,FLUSH,146,bicycle,125,423,111,427,0.4446,2026-07-19 12:20:31.223,2026-07-19 12:20:32.123
person_ID_53,FLUSH,145,person,83,418,74,414,0.3725,2026-07-19 12:20:32.594,2026-07-19 12:20:32.956
bicycle_ID_41,FLUSH,147,bicycle,92,426,64,427,0.4397,2026-07-19 12:20:32.255,2026-07-19 12:20:33.256
bicycle_ID_39,FLUSH,145,bicycle,229,426,35,425,0.4353,2026-07-19 12:20:27.959,2026-07-19 12:20:34.356
car_ID_67,FLUSH,150,car,343,382,343,380,0.3246,2026-07-19 12:20:39.827,2026-07-19 12:20:40.431
car_ID_65,FLUSH,143,car,307,402,307,402,0.3648,2026-07-19 12:20:27.123,2026-07-19 12:20:42.823
car_ID_66,FLUSH,149,car,80,499,1029,437,0.8136,2026-07-19 12:20:38.893,2026-07-19 12:20:43.700
bicycle_ID_42,FLUSH,151,bicycle,1019,515,1019,515,0.3636,2026-07-19 12:20:55.965,2026-07-19 12:20:55.965
bicycle_ID_43,FLUSH,152,bicycle,1009,522,1009,522,0.4349,2026-07-19 12:20:56.028,2026-07-19 12:20:56.497
person_ID_54,FLUSH,151,person,1016,506,427,565,0.6334,2026-07-19 12:20:55.998,2026-07-19 12:20:58.760
bicycle_ID_44,FLUSH,153,bicycle,1002,526,436,588,0.7560,2026-07-19 12:20:56.067,2026-07-19 12:20:58.760
car_ID_68,FLUSH,154,car,307,402,307,401,0.3180,2026-07-19 12:20:58.192,2026-07-19 12:20:59.563
car_ID_69,FLUSH,155,car,308,402,308,402,0.3529,2026-07-19 12:21:01.525,2026-07-19 12:21:01.999
car_ID_70,FLUSH,156,car,308,402,308,402,0.3385,2026-07-19 12:21:02.996,2026-07-19 12:21:19.361
person_ID_55,FLUSH,159,person,60,468,256,469,0.5436,2026-07-19 12:21:23.361,2026-07-19 12:21:24.426
bicycle_ID_46,FLUSH,161,bicycle,110,483,183,482,0.3944,2026-07-19 12:21:23.594,2026-07-19 12:21:24.461
bicycle_ID_45,FLUSH,157,bicycle,93,481,297,486,0.4218,2026-07-19 12:21:23.494,2026-07-19 12:21:24.597
person_ID_59,FLUSH,163,person,294,472,294,472,0.3173,2026-07-19 12:21:24.664,2026-07-19 12:21:24.664
person_ID_57,FLUSH,162,person,44,432,58,430,0.4287,2026-07-19 12:21:24.526,2026-07-19 12:21:25.332
bicycle_ID_50,FLUSH,166,bicycle,193,487,216,488,0.3271,2026-07-19 12:21:25.701,2026-07-19 12:21:26.262
person_ID_60,FLUSH,165,person,57,477,256,477,0.4677,2026-07-19 12:21:24.995,2026-07-19 12:21:26.497
bicycle_ID_48,FLUSH,163,bicycle,313,487,661,471,0.4592,2026-07-19 12:21:24.697,2026-07-19 12:21:26.862
bicycle_ID_49,FLUSH,164,bicycle,55,488,505,479,0.5948,2026-07-19 12:21:24.897,2026-07-19 12:21:27.194
bicycle_ID_47,FLUSH,159,bicycle,268,483,828,456,0.5075,2026-07-19 12:21:24.461,2026-07-19 12:21:27.365
bicycle_ID_53,FLUSH,173,bicycle,790,461,896,450,0.5853,2026-07-19 12:21:27.127,2026-07-19 12:21:27.795
person_ID_62,FLUSH,168,person,89,431,189,429,0.4466,2026-07-19 12:21:25.666,2026-07-19 12:21:28.162
bicycle_ID_54,FLUSH,174,bicycle,886,452,970,444,0.4973,2026-07-19 12:21:27.762,2026-07-19 12:21:28.296
person_ID_65,FLUSH,175,person,215,426,215,426,0.5632,2026-07-19 12:21:28.195,2026-07-19 12:21:28.662
car_ID_71,FLUSH,158,car,308,402,307,402,0.3380,2026-07-19 12:21:23.326,2026-07-19 12:21:28.762
person_ID_56,FLUSH,160,person,41,418,251,423,0.5068,2026-07-19 12:21:23.394,2026-07-19 12:21:28.795
bicycle_ID_55,FLUSH,176,bicycle,705,466,728,464,0.5011,2026-07-19 12:21:28.263,2026-07-19 12:21:28.827
person_ID_58,FLUSH,157,person,301,477,1029,427,0.5639,2026-07-19 12:21:24.628,2026-07-19 12:21:29.163
car_ID_72,FLUSH,174,car,1030,432,1030,432,0.4349,2026-07-19 12:21:28.762,2026-07-19 12:21:29.228
person_ID_61,FLUSH,167,person,51,442,201,440,0.4357,2026-07-19 12:21:25.466,2026-07-19 12:21:29.228
bicycle_ID_56,FLUSH,178,bicycle,815,458,827,458,0.3643,2026-07-19 12:21:28.864,2026-07-19 12:21:29.397
person_ID_66,FLUSH,177,person,271,425,297,413,0.4428,2026-07-19 12:21:28.695,2026-07-19 12:21:29.594
person_ID_64,FLUSH,171,person,1022,503,452,564,0.6777,2026-07-19 12:21:26.462,2026-07-19 12:21:29.694
person_ID_67,FLUSH,179,person,215,439,224,439,0.4285,2026-07-19 12:21:29.063,2026-07-19 12:21:29.694
bicycle_ID_51,FLUSH,170,bicycle,1017,525,453,588,0.7920,2026-07-19 12:21:26.394,2026-07-19 12:21:29.694
person_ID_63,FLUSH,169,person,293,477,1010,438,0.5842,2026-07-19 12:21:26.227,2026-07-19 12:21:30.026
person_ID_68,FLUSH,180,person,339,413,339,413,0.3030,2026-07-19 12:21:29.862,2026-07-19 12:21:30.331
bicycle_ID_52,FLUSH,172,bicycle,423,483,998,449,0.5432,2026-07-19 12:21:26.862,2026-07-19 12:21:30.429
person_ID_69,FLUSH,181,person,369,420,379,416,0.3449,2026-07-19 12:21:30.396,2026-07-19 12:21:31.033
person_ID_70,FLUSH,183,person,309,443,309,443,0.3707,2026-07-19 12:21:30.595,2026-07-19 12:21:31.068
car_ID_73,FLUSH,182,car,308,403,309,402,0.3351,2026-07-19 12:21:30.530,2026-07-19 12:21:31.368
person_ID_71,FLUSH,184,person,403,415,409,420,0.4041,2026-07-19 12:21:30.998,2026-07-19 12:21:31.598
person_ID_72,FLUSH,185,person,349,434,378,440,0.4030,2026-07-19 12:21:31.098,2026-07-19 12:21:31.936
person_ID_73,FLUSH,186,person,431,413,442,437,0.3373,2026-07-19 12:21:31.535,2026-07-19 12:21:32.662
person_ID_74,FLUSH,187,person,512,420,512,420,0.3707,2026-07-19 12:21:32.962,2026-07-19 12:21:33.430
person_ID_76,FLUSH,189,person,582,417,582,417,0.3743,2026-07-19 12:21:34.163,2026-07-19 12:21:34.630
person_ID_75,FLUSH,188,person,502,422,520,429,0.4464,2026-07-19 12:21:34.030,2026-07-19 12:21:34.894
person_ID_77,FLUSH,190,person,612,411,616,412,0.3404,2026-07-19 12:21:34.763,2026-07-19 12:21:35.265
person_ID_79,FLUSH,192,person,684,414,688,413,0.3074,2026-07-19 12:21:37.598,2026-07-19 12:21:38.134
person_ID_80,FLUSH,193,person,719,409,723,408,0.4419,2026-07-19 12:21:38.335,2026-07-19 12:21:38.834
person_ID_81,FLUSH,194,person,752,406,757,405,0.5856,2026-07-19 12:21:38.998,2026-07-19 12:21:39.533
person_ID_78,FLUSH,191,person,747,410,852,406,0.4604,2026-07-19 12:21:37.398,2026-07-19 12:21:40.198
person_ID_82,FLUSH,195,person,802,403,820,403,0.4217,2026-07-19 12:21:39.998,2026-07-19 12:21:40.838
person_ID_83,FLUSH,196,person,900,398,904,399,0.3563,2026-07-19 12:21:40.766,2026-07-19 12:21:41.330
person_ID_84,FLUSH,197,person,921,393,932,396,0.3554,2026-07-19 12:21:41.295,2026-07-19 12:21:41.996
person_ID_85,FLUSH,198,person,869,399,881,400,0.3876,2026-07-19 12:21:41.363,2026-07-19 12:21:42.030
person_ID_86,FLUSH,200,person,949,395,962,395,0.4278,2026-07-19 12:21:41.965,2026-07-19 12:21:42.395
person_ID_87,FLUSH,201,person,908,398,911,398,0.4392,2026-07-19 12:21:42.230,2026-07-19 12:21:42.763
bicycle_ID_57,FLUSH,199,bicycle,45,472,201,474,0.5703,2026-07-19 12:21:41.863,2026-07-19 12:21:42.830
person_ID_88,FLUSH,199,person,223,470,223,470,0.5169,2026-07-19 12:21:42.963,2026-07-19 12:21:43.430
bicycle_ID_58,FLUSH,202,bicycle,305,475,441,478,0.5230,2026-07-19 12:21:43.430,2026-07-19 12:21:44.196
person_ID_89,FLUSH,203,person,1019,393,1021,393,0.3682,2026-07-19 12:21:43.863,2026-07-19 12:21:44.395
person_ID_90,FLUSH,204,person,975,402,975,402,0.4014,2026-07-19 12:21:43.930,2026-07-19 12:21:44.395
person_ID_91,FLUSH,202,person,443,476,447,474,0.5340,2026-07-19 12:21:44.231,2026-07-19 12:21:44.730
person_ID_92,FLUSH,206,person,524,469,524,469,0.3779,2026-07-19 12:21:44.695,2026-07-19 12:21:45.163
person_ID_93,FLUSH,207,person,554,463,617,458,0.4163,2026-07-19 12:21:44.863,2026-07-19 12:21:45.630
bicycle_ID_60,FLUSH,208,bicycle,714,457,771,451,0.4748,2026-07-19 12:21:45.730,2026-07-19 12:21:46.098
bicycle_ID_59,FLUSH,205,bicycle,446,490,986,431,0.5728,2026-07-19 12:21:44.265,2026-07-19 12:21:47.669
person_ID_94,FLUSH,208,person,778,444,983,425,0.4831,2026-07-19 12:21:46.134,2026-07-19 12:21:48.102
bicycle_ID_61,FLUSH,209,bicycle,1017,525,433,577,0.7617,2026-07-19 12:22:03.998,2026-07-19 12:22:06.997
person_ID_95,FLUSH,210,person,1019,503,377,555,0.7212,2026-07-19 12:22:04.032,2026-07-19 12:22:07.164
car_ID_74,FLUSH,211,car,1010,371,1020,376,0.4840,2026-07-19 12:22:16.637,2026-07-19 12:22:18.065
car_ID_75,FLUSH,212,car,1027,377,1028,377,0.3445,2026-07-19 12:22:18.565,2026-07-19 12:22:19.098
car_ID_76,FLUSH,213,car,1027,487,372,542,0.7605,2026-07-19 12:22:20.664,2026-07-19 12:22:22.674
car_ID_78,FLUSH,215,car,114,532,114,532,0.3030,2026-07-19 12:22:22.741,2026-07-19 12:22:22.933
car_ID_77,FLUSH,214,car,308,402,308,401,0.3347,2026-07-19 12:22:21.732,2026-07-19 12:22:23.165
car_ID_79,FLUSH,216,car,308,401,308,401,0.3066,2026-07-19 12:22:29.335,2026-07-19 12:22:29.801
car_ID_80,FLUSH,217,car,308,401,307,401,0.3227,2026-07-19 12:22:30.300,2026-07-19 12:22:33.232
car_ID_81,FLUSH,218,car,308,401,308,401,0.3279,2026-07-19 12:22:33.597,2026-07-19 12:22:34.065
car_ID_82,FLUSH,219,car,308,401,307,401,0.3379,2026-07-19 12:22:34.398,2026-07-19 12:22:44.001
car_ID_83,FLUSH,220,car,308,402,307,401,0.3098,2026-07-19 12:22:44.636,2026-07-19 12:22:45.337
car_ID_84,FLUSH,221,car,308,402,308,402,0.3315,2026-07-19 12:23:17.935,2026-07-19 12:23:18.402
car_ID_85,FLUSH,222,car,1039,382,998,367,0.5519,2026-07-19 12:23:31.768,2026-07-19 12:23:32.939
person_ID_96,FLUSH,224,person,1021,509,451,567,0.6855,2026-07-19 12:23:33.407,2026-07-19 12:23:37.104
bicycle_ID_62,FLUSH,223,bicycle,1019,527,450,593,0.7675,2026-07-19 12:23:33.340,2026-07-19 12:23:37.136
car_ID_86,FLUSH,225,car,54,508,1033,439,0.7696,2026-07-19 12:23:51.504,2026-07-19 12:23:55.543
person_ID_98,FLUSH,228,person,766,515,766,515,0.3672,2026-07-19 12:24:17.574,2026-07-19 12:24:17.574
person_ID_97,FLUSH,226,person,1013,491,817,502,0.4085,2026-07-19 12:24:16.811,2026-07-19 12:24:17.875
car_ID_87,FLUSH,230,car,56,502,1034,429,0.7391,2026-07-19 12:24:45.875,2026-07-19 12:24:50.040
person_ID_99,FLUSH,232,person,1012,494,890,496,0.3578,2026-07-19 12:24:51.911,2026-07-19 12:24:53.240
person_ID_102,FLUSH,236,person,917,513,867,519,0.3893,2026-07-19 12:24:52.775,2026-07-19 12:24:53.541
car_ID_88,FLUSH,239,car,44,459,44,459,0.3137,2026-07-19 12:24:53.541,2026-07-19 12:24:53.573
bicycle_ID_63,FLUSH,233,bicycle,1001,523,966,530,0.5632,2026-07-19 12:24:52.873,2026-07-19 12:24:53.573
person_ID_101,FLUSH,235,person,894,508,847,522,0.3658,2026-07-19 12:24:52.745,2026-07-19 12:24:53.640
bus_ID_8,FLUSH,240,bus,85,474,85,474,0.3001,2026-07-19 12:24:53.875,2026-07-19 12:24:54.011
truck_ID_10,FLUSH,239,truck,63,467,136,476,0.5006,2026-07-19 12:24:53.640,2026-07-19 12:24:54.240
truck_ID_11,FLUSH,240,truck,75,495,74,496,0.3656,2026-07-19 12:24:54.041,2026-07-19 12:24:54.709
person_ID_103,FLUSH,238,person,827,505,467,551,0.3895,2026-07-19 12:24:53.208,2026-07-19 12:24:55.508
bicycle_ID_64,FLUSH,237,bicycle,1003,524,530,580,0.4899,2026-07-19 12:24:52.908,2026-07-19 12:24:55.773
person_ID_100,FLUSH,234,person,1019,502,459,562,0.5819,2026-07-19 12:24:52.745,2026-07-19 12:24:56.108
bicycle_ID_65,FLUSH,236,bicycle,885,544,445,587,0.5216,2026-07-19 12:24:53.572,2026-07-19 12:24:56.176
bus_ID_9,FLUSH,241,bus,319,468,278,469,0.4678,2026-07-19 12:24:55.574,2026-07-19 12:24:56.375
person_ID_104,FLUSH,243,person,74,522,60,519,0.3489,2026-07-19 12:24:57.677,2026-07-19 12:24:58.212
car_ID_89,FLUSH,242,car,309,402,307,402,0.3252,2026-07-19 12:24:57.011,2026-07-19 12:24:58.481
bicycle_ID_67,FLUSH,245,bicycle,1021,511,1021,511,0.3066,2026-07-19 12:24:59.244,2026-07-19 12:24:59.244
bus_ID_7,FLUSH,239,bus,54,465,1033,411,0.7863,2026-07-19 12:24:53.608,2026-07-19 12:25:00.141
person_ID_105,FLUSH,245,person,1016,503,364,540,0.6758,2026-07-19 12:24:59.279,2026-07-19 12:25:02.142
bicycle_ID_66,FLUSH,244,bicycle,1020,527,366,559,0.6749,2026-07-19 12:24:59.212,2026-07-19 12:25:02.142
car_ID_90,FLUSH,246,car,307,402,308,402,0.3212,2026-07-19 12:25:06.679,2026-07-19 12:25:09.512
car_ID_91,FLUSH,247,car,307,401,308,402,0.3390,2026-07-19 12:25:10.141,2026-07-19 12:25:15.044
car_ID_92,FLUSH,248,car,308,402,308,402,0.3707,2026-07-19 12:25:16.451,2026-07-19 12:25:16.913
car_ID_94,FLUSH,250,car,1005,366,1037,376,0.3868,2026-07-19 12:25:18.914,2026-07-19 12:25:20.911
bicycle_ID_69,FLUSH,253,bicycle,982,519,934,526,0.6586,2026-07-19 12:25:29.743,2026-07-19 12:25:29.977
bicycle_ID_68,FLUSH,252,bicycle,1017,503,605,565,0.5823,2026-07-19 12:25:29.510,2026-07-19 12:25:31.344
person_ID_106,FLUSH,251,person,1019,497,459,556,0.7100,2026-07-19 12:25:29.510,2026-07-19 12:25:32.342
bicycle_ID_70,FLUSH,254,bicycle,737,550,446,581,0.5203,2026-07-19 12:25:30.843,2026-07-19 12:25:32.377
bicycle_ID_71,FLUSH,255,bicycle,1022,506,1022,506,0.3173,2026-07-19 12:25:33.884,2026-07-19 12:25:33.884
bicycle_ID_72,FLUSH,257,bicycle,1009,519,956,529,0.4415,2026-07-19 12:25:33.983,2026-07-19 12:25:34.678
person_ID_107,FLUSH,255,person,1019,500,440,557,0.6504,2026-07-19 12:25:33.916,2026-07-19 12:25:36.443
bicycle_ID_73,FLUSH,256,bicycle,1001,522,441,578,0.6883,2026-07-19 12:25:34.016,2026-07-19 12:25:36.443
bicycle_ID_74,FLUSH,258,bicycle,45,474,126,486,0.4637,2026-07-19 12:25:42.642,2026-07-19 12:25:43.478
bicycle_ID_75,FLUSH,259,bicycle,112,478,196,480,0.3835,2026-07-19 12:25:43.478,2026-07-19 12:25:44.113
person_ID_109,FLUSH,258,person,138,476,173,463,0.3855,2026-07-19 12:25:43.510,2026-07-19 12:25:44.547
person_ID_108,FLUSH,259,person,72,464,242,464,0.3783,2026-07-19 12:25:42.978,2026-07-19 12:25:45.046
bicycle_ID_77,FLUSH,262,bicycle,229,487,533,476,0.4057,2026-07-19 12:25:44.382,2026-07-19 12:25:46.643
person_ID_111,FLUSH,263,person,258,480,583,456,0.4589,2026-07-19 12:25:44.515,2026-07-19 12:25:46.911
person_ID_110,FLUSH,261,person,1015,505,427,564,0.6673,2026-07-19 12:25:44.247,2026-07-19 12:25:47.211
bicycle_ID_76,FLUSH,260,bicycle,1021,525,430,589,0.7096,2026-07-19 12:25:44.146,2026-07-19 12:25:47.211
bicycle_ID_79,FLUSH,263,bicycle,651,473,651,473,0.3422,2026-07-19 12:25:47.243,2026-07-19 12:25:47.713
bicycle_ID_80,FLUSH,266,bicycle,709,469,709,469,0.4171,2026-07-19 12:25:47.713,2026-07-19 12:25:48.178
bicycle_ID_78,FLUSH,264,bicycle,453,482,1008,437,0.5685,2026-07-19 12:25:45.912,2026-07-19 12:25:50.316
person_ID_112,FLUSH,262,person,594,469,999,421,0.5134,2026-07-19 12:25:46.811,2026-07-19 12:25:50.747
car_ID_95,FLUSH,267,car,1024,478,411,546,0.7910,2026-07-19 12:26:05.111,2026-07-19 12:26:07.449
car_ID_96,FLUSH,268,car,59,493,207,496,0.6939,2026-07-19 12:26:16.880,2026-07-19 12:26:18.012
person_ID_113,FLUSH,271,person,70,475,240,472,0.4794,2026-07-19 12:26:18.314,2026-07-19 12:26:19.517
person_ID_114,FLUSH,272,person,305,471,305,471,0.3315,2026-07-19 12:26:19.350,2026-07-19 12:26:19.822
car_ID_97,FLUSH,269,car,385,488,1034,429,0.7581,2026-07-19 12:26:18.080,2026-07-19 12:26:20.813
person_ID_115,FLUSH,274,person,437,467,680,447,0.4187,2026-07-19 12:26:19.854,2026-07-19 12:26:20.913
bicycle_ID_83,FLUSH,276,bicycle,582,470,582,470,0.3921,2026-07-19 12:26:20.445,2026-07-19 12:26:20.913
bicycle_ID_84,FLUSH,277,bicycle,648,464,648,464,0.4563,2026-07-19 12:26:20.780,2026-07-19 12:26:21.244
person_ID_116,FLUSH,278,person,710,445,710,445,0.4634,2026-07-19 12:26:21.046,2026-07-19 12:26:21.513
bicycle_ID_81,FLUSH,270,bicycle,47,479,752,458,0.5200,2026-07-19 12:26:18.113,2026-07-19 12:26:21.681
bicycle_ID_82,FLUSH,274,bicycle,457,473,992,440,0.4686,2026-07-19 12:26:19.918,2026-07-19 12:26:22.514
car_ID_98,FLUSH,275,car,1026,491,385,555,0.7397,2026-07-19 12:26:19.854,2026-07-19 12:26:22.580
person_ID_117,FLUSH,279,person,742,442,1022,425,0.4675,2026-07-19 12:26:21.212,2026-07-19 12:26:23.145
car_ID_93,FLUSH,249,car,307,402,308,401,0.3646,2026-07-19 12:25:18.013,2026-07-19 12:26:28.745
car_ID_99,FLUSH,280,car,308,402,307,401,0.3163,2026-07-19 12:26:38.249,2026-07-19 12:26:39.390
person_ID_118,FLUSH,281,person,37,424,76,420,0.4645,2026-07-19 12:26:40.788,2026-07-19 12:26:42.549
car_ID_100,FLUSH,283,car,1015,490,488,560,0.7761,2026-07-19 12:26:41.352,2026-07-19 12:26:43.213
person_ID_119,FLUSH,282,person,34,427,120,430,0.4460,2026-07-19 12:26:41.352,2026-07-19 12:26:44.550
person_ID_121,FLUSH,285,person,141,430,188,428,0.4509,2026-07-19 12:26:44.681,2026-07-19 12:26:46.482
bicycle_ID_85,FLUSH,286,bicycle,49,481,119,485,0.4391,2026-07-19 12:26:45.882,2026-07-19 12:26:46.749
person_ID_120,FLUSH,284,person,97,425,202,423,0.4076,2026-07-19 12:26:42.682,2026-07-19 12:26:46.987
person_ID_122,FLUSH,287,person,54,468,236,471,0.4787,2026-07-19 12:26:45.949,2026-07-19 12:26:47.420
person_ID_124,FLUSH,289,person,310,472,310,472,0.3351,2026-07-19 12:26:47.317,2026-07-19 12:26:47.787
person_ID_123,FLUSH,288,person,210,419,233,424,0.3704,2026-07-19 12:26:46.249,2026-07-19 12:26:47.855
person_ID_125,FLUSH,290,person,559,456,666,452,0.4074,2026-07-19 12:26:48.483,2026-07-19 12:26:49.449
person_ID_126,FLUSH,291,person,270,428,297,424,0.3361,2026-07-19 12:26:48.515,2026-07-19 12:26:49.814
bicycle_ID_86,FLUSH,293,bicycle,821,459,821,459,0.3173,2026-07-19 12:26:49.849,2026-07-19 12:26:50.314
bicycle_ID_87,FLUSH,294,bicycle,874,458,893,456,0.3512,2026-07-19 12:26:50.214,2026-07-19 12:26:50.749
bicycle_ID_88,FLUSH,292,bicycle,969,436,969,436,0.3066,2026-07-19 12:26:50.782,2026-07-19 12:26:50.782
person_ID_127,FLUSH,292,person,750,446,1016,421,0.4849,2026-07-19 12:26:49.449,2026-07-19 12:26:51.613
person_ID_128,FLUSH,295,person,429,421,443,424,0.4283,2026-07-19 12:26:52.982,2026-07-19 12:26:53.887
person_ID_129,FLUSH,296,person,494,423,566,425,0.4401,2026-07-19 12:26:54.785,2026-07-19 12:26:57.283
person_ID_130,FLUSH,297,person,655,417,678,417,0.5347,2026-07-19 12:26:59.414,2026-07-19 12:27:00.515
person_ID_131,FLUSH,298,person,726,411,779,408,0.4016,2026-07-19 12:27:01.415,2026-07-19 12:27:03.915
person_ID_132,FLUSH,299,person,788,412,794,408,0.4377,2026-07-19 12:27:03.383,2026-07-19 12:27:04.415
person_ID_133,FLUSH,300,person,803,409,818,405,0.4457,2026-07-19 12:27:03.882,2026-07-19 12:27:05.218
person_ID_134,FLUSH,301,person,825,406,849,405,0.3768,2026-07-19 12:27:04.614,2026-07-19 12:27:06.250
person_ID_136,FLUSH,303,person,870,405,894,400,0.3611,2026-07-19 12:27:06.083,2026-07-19 12:27:07.882
person_ID_135,FLUSH,302,person,836,406,946,394,0.3723,2026-07-19 12:27:04.984,2026-07-19 12:27:09.715
person_ID_137,FLUSH,304,person,933,397,983,399,0.4083,2026-07-19 12:27:08.319,2026-07-19 12:27:11.115
person_ID_139,FLUSH,307,person,1012,398,1031,395,0.3470,2026-07-19 12:27:11.150,2026-07-19 12:27:12.315
person_ID_138,FLUSH,305,person,979,399,1034,392,0.3735,2026-07-19 12:27:09.915,2026-07-19 12:27:13.215
car_ID_101,FLUSH,306,car,308,401,307,401,0.3355,2026-07-19 12:27:10.915,2026-07-19 12:27:19.387
car_ID_103,FLUSH,309,car,81,509,1030,431,0.7536,2026-07-19 12:28:17.887,2026-07-19 12:28:22.654
car_ID_104,FLUSH,310,car,1028,464,991,464,0.7751,2026-07-19 12:28:32.559,2026-07-19 12:28:32.793
bus_ID_10,FLUSH,310,bus,957,468,957,468,0.3564,2026-07-19 12:28:32.990,2026-07-19 12:28:32.990
truck_ID_13,FLUSH,311,truck,989,465,957,468,0.4812,2026-07-19 12:28:32.826,2026-07-19 12:28:33.455
truck_ID_14,FLUSH,312,truck,527,507,527,507,0.4465,2026-07-19 12:28:34.155,2026-07-19 12:28:34.222
truck_ID_12,FLUSH,310,truck,986,465,423,512,0.7858,2026-07-19 12:28:32.826,2026-07-19 12:28:34.355
truck_ID_15,FLUSH,313,truck,62,505,62,505,0.4502,2026-07-19 12:28:35.455,2026-07-19 12:28:35.487
car_ID_105,FLUSH,313,car,51,499,51,499,0.3066,2026-07-19 12:28:35.522,2026-07-19 12:28:35.987
car_ID_107,FLUSH,315,car,343,380,343,382,0.3141,2026-07-19 12:28:45.628,2026-07-19 12:28:46.893
car_ID_102,FLUSH,308,car,308,401,308,402,0.3856,2026-07-19 12:27:40.222,2026-07-19 12:28:48.622
car_ID_106,FLUSH,314,car,63,505,1033,437,0.8217,2026-07-19 12:28:44.962,2026-07-19 12:28:48.855
car_ID_108,FLUSH,316,car,307,401,308,403,0.3447,2026-07-19 12:28:48.988,2026-07-19 12:28:59.024
bicycle_ID_89,FLUSH,317,bicycle,1023,512,1013,513,0.5204,2026-07-19 12:29:14.128,2026-07-19 12:29:14.257
bicycle_ID_90,FLUSH,318,bicycle,1008,519,942,533,0.6056,2026-07-19 12:29:14.356,2026-07-19 12:29:15.357
bicycle_ID_93,FLUSH,322,bicycle,813,548,479,579,0.5257,2026-07-19 12:29:15.725,2026-07-19 12:29:17.389
bicycle_ID_91,FLUSH,319,bicycle,1001,523,426,579,0.5913,2026-07-19 12:29:14.457,2026-07-19 12:29:18.157
person_ID_140,FLUSH,317,person,1012,506,399,552,0.5876,2026-07-19 12:29:14.324,2026-07-19 12:29:18.224
bicycle_ID_94,FLUSH,324,bicycle,471,578,471,578,0.4491,2026-07-19 12:29:18.524,2026-07-19 12:29:18.989
bicycle_ID_92,FLUSH,320,bicycle,1025,507,444,579,0.6613,2026-07-19 12:29:14.989,2026-07-19 12:29:19.128
person_ID_141,FLUSH,321,person,1022,483,395,548,0.6166,2026-07-19 12:29:15.157,2026-07-19 12:29:19.366
car_ID_109,FLUSH,326,car,991,365,1001,369,0.4725,2026-07-19 12:29:29.628,2026-07-19 12:29:30.658
car_ID_110,FLUSH,329,car,1030,376,1036,378,0.4074,2026-07-19 12:29:31.158,2026-07-19 12:29:31.825
bicycle_ID_95,FLUSH,327,bicycle,47,478,219,487,0.4612,2026-07-19 12:29:30.394,2026-07-19 12:29:32.158
car_ID_111,FLUSH,331,car,307,402,308,402,0.3628,2026-07-19 12:29:32.058,2026-07-19 12:29:32.659
car_ID_112,FLUSH,332,car,308,403,307,402,0.3698,2026-07-19 12:29:33.161,2026-07-19 12:29:33.890
car_ID_113,FLUSH,334,car,308,403,308,402,0.3369,2026-07-19 12:29:34.458,2026-07-19 12:29:35.457
bicycle_ID_97,FLUSH,335,bicycle,869,445,869,445,0.3707,2026-07-19 12:29:35.826,2026-07-19 12:29:36.294
bicycle_ID_96,FLUSH,330,bicycle,261,488,1000,435,0.5556,2026-07-19 12:29:31.990,2026-07-19 12:29:36.858
person_ID_142,FLUSH,328,person,40,460,1030,423,0.5758,2026-07-19 12:29:30.428,2026-07-19 12:29:37.157
car_ID_115,FLUSH,328,car,1034,427,1034,428,0.4527,2026-07-19 12:29:37.190,2026-07-19 12:29:37.690
car_ID_114,FLUSH,336,car,996,366,1038,378,0.5439,2026-07-19 12:29:37.089,2026-07-19 12:29:39.322
car_ID_116,FLUSH,337,car,308,401,308,402,0.3043,2026-07-19 12:29:41.322,2026-07-19 12:29:41.823
car_ID_117,FLUSH,338,car,308,401,308,400,0.3429,2026-07-19 12:29:59.626,2026-07-19 12:30:00.662
car_ID_118,FLUSH,339,car,307,400,307,402,0.3358,2026-07-19 12:30:00.830,2026-07-19 12:30:02.865
car_ID_119,FLUSH,340,car,308,401,308,401,0.3351,2026-07-19 12:30:03.296,2026-07-19 12:30:03.759
car_ID_120,FLUSH,341,car,60,516,1032,445,0.7315,2026-07-19 12:30:12.563,2026-07-19 12:30:15.998
car_ID_121,FLUSH,342,car,1012,490,365,563,0.7705,2026-07-19 12:30:31.665,2026-07-19 12:30:33.762
car_ID_123,FLUSH,344,car,344,380,343,380,0.3357,2026-07-19 12:30:33.268,2026-07-19 12:30:33.797
car_ID_122,FLUSH,343,car,308,401,308,402,0.3447,2026-07-19 12:30:32.465,2026-07-19 12:30:33.929
car_ID_125,FLUSH,346,car,79,514,1032,437,0.7795,2026-07-19 12:30:44.765,2026-07-19 12:30:48.998
person_ID_143,FLUSH,347,person,1012,509,456,572,0.6482,2026-07-19 12:30:50.362,2026-07-19 12:30:52.532
bicycle_ID_98,FLUSH,348,bicycle,1001,528,457,598,0.7781,2026-07-19 12:30:50.400,2026-07-19 12:30:52.532
car_ID_124,FLUSH,345,car,308,401,308,401,0.3456,2026-07-19 12:30:37.161,2026-07-19 12:31:03.400
car_ID_126,FLUSH,349,car,307,401,308,400,0.3389,2026-07-19 12:31:04.531,2026-07-19 12:31:07.362
car_ID_127,FLUSH,350,car,308,401,308,401,0.3361,2026-07-19 12:31:10.866,2026-07-19 12:31:11.501
car_ID_128,FLUSH,351,car,308,401,308,401,0.3516,2026-07-19 12:31:12.134,2026-07-19 12:31:17.062
car_ID_129,FLUSH,352,car,308,401,308,400,0.3357,2026-07-19 12:31:17.262,2026-07-19 12:31:17.830
car_ID_130,FLUSH,353,car,308,402,308,402,0.3422,2026-07-19 12:31:18.698,2026-07-19 12:31:19.163
car_ID_131,FLUSH,356,car,307,402,307,402,0.3279,2026-07-19 12:31:24.068,2026-07-19 12:31:24.534
person_ID_144,FLUSH,354,person,1019,520,467,593,0.7839,2026-07-19 12:31:21.031,2026-07-19 12:31:25.101
car_ID_132,FLUSH,357,car,307,401,307,401,0.3030,2026-07-19 12:31:26.398,2026-07-19 12:31:26.863
car_ID_133,FLUSH,358,car,307,401,308,401,0.3298,2026-07-19 12:31:27.032,2026-07-19 12:31:29.664
car_ID_134,FLUSH,359,car,308,401,308,402,0.3354,2026-07-19 12:31:29.832,2026-07-19 12:31:32.398
car_ID_135,FLUSH,360,car,308,401,308,401,0.4062,2026-07-19 12:31:32.899,2026-07-19 12:31:33.731
person_ID_145,FLUSH,362,person,53,466,124,460,0.4005,2026-07-19 12:31:51.467,2026-07-19 12:31:52.371
person_ID_146,FLUSH,363,person,201,469,234,471,0.3620,2026-07-19 12:31:52.436,2026-07-19 12:31:53.106
person_ID_147,FLUSH,365,person,515,463,515,463,0.4064,2026-07-19 12:31:54.374,2026-07-19 12:31:54.836
person_ID_149,FLUSH,366,person,638,453,647,457,0.3170,2026-07-19 12:31:55.111,2026-07-19 12:31:55.600
person_ID_148,FLUSH,364,person,587,464,692,447,0.3448,2026-07-19 12:31:54.737,2026-07-19 12:31:55.868
person_ID_150,FLUSH,368,person,727,454,738,452,0.3803,2026-07-19 12:31:55.668,2026-07-19 12:31:56.168
person_ID_151,FLUSH,369,person,772,445,999,438,0.4499,2026-07-19 12:31:55.933,2026-07-19 12:31:57.932
car_ID_136,FLUSH,370,car,46,506,1030,442,0.6688,2026-07-19 12:32:04.334,2026-07-19 12:32:08.133
bicycle_ID_100,FLUSH,373,bicycle,799,551,781,552,0.5846,2026-07-19 12:32:37.002,2026-07-19 12:32:37.034
person_ID_152,FLUSH,372,person,1009,508,550,552,0.5330,2026-07-19 12:32:36.270,2026-07-19 12:32:38.170
bicycle_ID_99,FLUSH,371,bicycle,1010,526,464,586,0.5954,2026-07-19 12:32:36.202,2026-07-19 12:32:38.402
bicycle_ID_101,FLUSH,375,bicycle,48,488,94,482,0.4474,2026-07-19 12:33:11.640,2026-07-19 12:33:12.444
person_ID_153,FLUSH,376,person,49,477,245,474,0.4823,2026-07-19 12:33:11.675,2026-07-19 12:33:13.440
bicycle_ID_102,FLUSH,378,bicycle,419,493,488,497,0.3951,2026-07-19 12:33:13.937,2026-07-19 12:33:14.805
person_ID_154,FLUSH,377,person,312,472,685,455,0.5272,2026-07-19 12:33:13.342,2026-07-19 12:33:16.036
bicycle_ID_103,FLUSH,379,bicycle,46,471,138,477,0.4942,2026-07-19 12:33:15.972,2026-07-19 12:33:17.173
bicycle_ID_106,FLUSH,384,bicycle,188,483,217,482,0.3648,2026-07-19 12:33:17.109,2026-07-19 12:33:17.773
person_ID_155,FLUSH,380,person,55,464,240,469,0.4370,2026-07-19 12:33:16.104,2026-07-19 12:33:17.908
bicycle_ID_104,FLUSH,382,bicycle,40,490,203,483,0.5562,2026-07-19 12:33:16.776,2026-07-19 12:33:18.005
person_ID_156,FLUSH,381,person,768,441,1029,427,0.6242,2026-07-19 12:33:16.173,2026-07-19 12:33:18.204
bicycle_ID_107,FLUSH,386,bicycle,56,518,135,513,0.3672,2026-07-19 12:33:17.908,2026-07-19 12:33:18.204
bicycle_ID_105,FLUSH,383,bicycle,881,460,995,451,0.4403,2026-07-19 12:33:16.976,2026-07-19 12:33:18.272
person_ID_158,FLUSH,387,person,124,501,124,501,0.4812,2026-07-19 12:33:18.204,2026-07-19 12:33:18.677
car_ID_137,FLUSH,381,car,1035,427,1035,427,0.3992,2026-07-19 12:33:18.237,2026-07-19 12:33:18.710
person_ID_157,FLUSH,385,person,74,471,239,471,0.4979,2026-07-19 12:33:17.141,2026-07-19 12:33:18.741
person_ID_159,FLUSH,386,person,172,502,172,502,0.3244,2026-07-19 12:33:18.372,2026-07-19 12:33:18.841
person_ID_160,FLUSH,388,person,333,466,333,466,0.4239,2026-07-19 12:33:18.912,2026-07-19 12:33:19.377
person_ID_161,FLUSH,389,person,306,491,306,491,0.5204,2026-07-19 12:33:18.912,2026-07-19 12:33:19.377
bicycle_ID_109,FLUSH,392,bicycle,604,492,604,492,0.4028,2026-07-19 12:33:20.042,2026-07-19 12:33:20.505
bicycle_ID_108,FLUSH,391,bicycle,575,494,637,493,0.3233,2026-07-19 12:33:19.916,2026-07-19 12:33:20.604
person_ID_162,FLUSH,390,person,397,452,547,455,0.3942,2026-07-19 12:33:19.240,2026-07-19 12:33:20.672
person_ID_163,FLUSH,394,person,605,441,605,441,0.3315,2026-07-19 12:33:20.672,2026-07-19 12:33:21.137
person_ID_166,FLUSH,393,person,941,460,941,460,0.3677,2026-07-19 12:33:21.472,2026-07-19 12:33:21.537
bicycle_ID_111,FLUSH,397,bicycle,793,458,793,458,0.3030,2026-07-19 12:33:21.137,2026-07-19 12:33:21.605
bicycle_ID_110,FLUSH,393,bicycle,742,482,1004,468,0.3626,2026-07-19 12:33:20.604,2026-07-19 12:33:22.273
person_ID_165,FLUSH,396,person,774,442,1024,422,0.6024,2026-07-19 12:33:20.972,2026-07-19 12:33:23.039
bicycle_ID_112,FLUSH,398,bicycle,836,462,1029,438,0.4610,2026-07-19 12:33:21.437,2026-07-19 12:33:23.637
bicycle_ID_114,FLUSH,396,bicycle,1026,426,1033,427,0.4071,2026-07-19 12:33:23.074,2026-07-19 12:33:23.706
person_ID_164,FLUSH,395,person,655,440,1029,423,0.5472,2026-07-19 12:33:20.972,2026-07-19 12:33:24.073
bicycle_ID_113,FLUSH,399,bicycle,781,455,1027,434,0.4283,2026-07-19 12:33:21.837,2026-07-19 12:33:24.438
car_ID_138,FLUSH,395,car,1034,424,1035,424,0.3718,2026-07-19 12:33:24.105,2026-07-19 12:33:24.605
bicycle_ID_115,FLUSH,400,bicycle,45,470,127,480,0.4546,2026-07-19 12:33:33.780,2026-07-19 12:33:34.409
bicycle_ID_117,FLUSH,403,bicycle,50,478,50,478,0.5561,2026-07-19 12:33:34.810,2026-07-19 12:33:34.810
bicycle_ID_116,FLUSH,402,bicycle,44,473,126,481,0.5864,2026-07-19 12:33:34.747,2026-07-19 12:33:35.408
person_ID_167,FLUSH,401,person,51,461,231,472,0.4438,2026-07-19 12:33:33.945,2026-07-19 12:33:35.673
person_ID_168,FLUSH,403,person,48,464,219,467,0.5082,2026-07-19 12:33:34.847,2026-07-19 12:33:36.541
person_ID_169,FLUSH,405,person,403,463,417,461,0.3681,2026-07-19 12:33:37.206,2026-07-19 12:33:37.307
person_ID_170,FLUSH,406,person,585,454,608,454,0.4717,2026-07-19 12:33:37.307,2026-07-19 12:33:37.873
bicycle_ID_118,FLUSH,405,bicycle,439,467,450,478,0.3328,2026-07-19 12:33:37.342,2026-07-19 12:33:37.873
bicycle_ID_119,FLUSH,408,bicycle,781,454,1012,440,0.4051,2026-07-19 12:33:38.606,2026-07-19 12:33:40.411
person_ID_171,FLUSH,407,person,756,444,1030,421,0.5826,2026-07-19 12:33:38.442,2026-07-19 12:33:40.609
car_ID_139,FLUSH,407,car,1033,425,1034,427,0.4429,2026-07-19 12:33:40.710,2026-07-19 12:33:41.209
bicycle_ID_120,FLUSH,410,bicycle,792,453,1014,437,0.4395,2026-07-19 12:33:39.707,2026-07-19 12:33:41.545
person_ID_172,FLUSH,409,person,779,436,1025,413,0.5447,2026-07-19 12:33:39.642,2026-07-19 12:33:41.774
car_ID_140,FLUSH,409,car,1032,423,1034,422,0.6739,2026-07-19 12:33:41.806,2026-07-19 12:33:42.307
car_ID_141,FLUSH,411,car,53,501,1034,434,0.7752,2026-07-19 12:33:55.007,2026-07-19 12:33:59.207
car_ID_142,FLUSH,412,car,984,362,1038,379,0.5134,2026-07-19 12:33:56.478,2026-07-19 12:34:00.042
bicycle_ID_121,FLUSH,413,bicycle,47,473,176,486,0.4597,2026-07-19 12:34:31.576,2026-07-19 12:34:33.076
person_ID_174,FLUSH,415,person,219,469,219,469,0.3672,2026-07-19 12:34:32.943,2026-07-19 12:34:33.408
person_ID_173,FLUSH,414,person,112,469,231,470,0.4652,2026-07-19 12:34:32.143,2026-07-19 12:34:33.476
bicycle_ID_122,FLUSH,416,bicycle,48,493,101,497,0.5040,2026-07-19 12:34:33.343,2026-07-19 12:34:33.743
bicycle_ID_123,FLUSH,418,bicycle,64,497,130,493,0.4736,2026-07-19 12:34:33.508,2026-07-19 12:34:33.944
bicycle_ID_124,FLUSH,419,bicycle,334,477,334,477,0.3137,2026-07-19 12:34:33.744,2026-07-19 12:34:34.212
bicycle_ID_125,FLUSH,417,bicycle,140,498,154,494,0.4621,2026-07-19 12:34:33.977,2026-07-19 12:34:34.246
person_ID_176,FLUSH,416,person,104,486,112,482,0.4366,2026-07-19 12:34:33.776,2026-07-19 12:34:34.314
person_ID_177,FLUSH,418,person,134,486,154,477,0.4608,2026-07-19 12:34:33.977,2026-07-19 12:34:34.585
bicycle_ID_126,FLUSH,420,bicycle,388,483,452,474,0.3709,2026-07-19 12:34:34.110,2026-07-19 12:34:34.983
person_ID_175,FLUSH,417,person,50,484,232,477,0.4666,2026-07-19 12:34:33.476,2026-07-19 12:34:35.080
person_ID_178,FLUSH,422,person,538,466,538,466,0.3315,2026-07-19 12:34:35.049,2026-07-19 12:34:35.080
person_ID_180,FLUSH,424,person,629,451,679,455,0.3757,2026-07-19 12:34:35.711,2026-07-19 12:34:36.509
bicycle_ID_129,FLUSH,426,bicycle,784,458,784,458,0.4634,2026-07-19 12:34:36.909,2026-07-19 12:34:37.377
bicycle_ID_128,FLUSH,422,bicycle,526,475,1023,441,0.4375,2026-07-19 12:34:35.012,2026-07-19 12:34:38.909
person_ID_181,FLUSH,425,person,749,446,1029,426,0.5039,2026-07-19 12:34:36.577,2026-07-19 12:34:39.408
bicycle_ID_127,FLUSH,421,bicycle,285,488,1018,448,0.5471,2026-07-19 12:34:34.950,2026-07-19 12:34:40.109
person_ID_179,FLUSH,423,person,301,479,1007,436,0.4961,2026-07-19 12:34:35.049,2026-07-19 12:34:40.408
car_ID_143,FLUSH,421,car,1031,436,1031,436,0.4028,2026-07-19 12:34:40.309,2026-07-19 12:34:40.785
car_ID_144,FLUSH,427,car,306,401,306,401,0.3279,2026-07-19 12:34:58.545,2026-07-19 12:34:59.013
truck_ID_16,FLUSH,429,truck,996,366,998,366,0.4131,2026-07-19 12:35:07.978,2026-07-19 12:35:08.478
car_ID_145,FLUSH,428,car,988,362,1037,373,0.5199,2026-07-19 12:35:07.746,2026-07-19 12:35:11.110
person_ID_182,FLUSH,431,person,39,460,258,463,0.5827,2026-07-19 12:35:39.253,2026-07-19 12:35:40.579
bicycle_ID_130,FLUSH,430,bicycle,43,477,232,483,0.6523,2026-07-19 12:35:39.220,2026-07-19 12:35:40.849
bicycle_ID_132,FLUSH,432,bicycle,294,473,350,473,0.4135,2026-07-19 12:35:40.747,2026-07-19 12:35:41.079
bicycle_ID_133,FLUSH,432,bicycle,721,450,721,450,0.3743,2026-07-19 12:35:43.116,2026-07-19 12:35:43.149
person_ID_183,FLUSH,432,person,281,472,1016,423,0.5156,2026-07-19 12:35:40.680,2026-07-19 12:35:45.582
bicycle_ID_131,FLUSH,431,bicycle,274,481,1011,439,0.5365,2026-07-19 12:35:40.615,2026-07-19 12:35:45.582
car_ID_146,FLUSH,434,car,1020,489,365,546,0.7397,2026-07-19 12:35:52.721,2026-07-19 12:35:55.415
car_ID_147,FLUSH,435,car,1017,485,468,551,0.8327,2026-07-19 12:36:22.220,2026-07-19 12:36:24.020
bicycle_ID_134,FLUSH,436,bicycle,1022,516,913,546,0.6101,2026-07-19 12:36:27.582,2026-07-19 12:36:28.951
bicycle_ID_135,FLUSH,438,bicycle,918,545,492,582,0.6350,2026-07-19 12:36:28.451,2026-07-19 12:36:30.983
person_ID_184,FLUSH,437,person,1018,495,454,561,0.6372,2026-07-19 12:36:27.718,2026-07-19 12:36:31.151
bicycle_ID_137,FLUSH,439,bicycle,603,579,421,582,0.5583,2026-07-19 12:36:30.052,2026-07-19 12:36:31.287
bicycle_ID_138,FLUSH,442,bicycle,833,529,777,539,0.5439,2026-07-19 12:36:31.287,2026-07-19 12:36:31.586
bicycle_ID_139,FLUSH,443,bicycle,691,555,691,555,0.4527,2026-07-19 12:36:32.050,2026-07-19 12:36:32.082
bicycle_ID_136,FLUSH,440,bicycle,1026,484,437,576,0.7024,2026-07-19 12:36:29.919,2026-07-19 12:36:33.617
person_ID_185,FLUSH,441,person,1020,475,403,539,0.6342,2026-07-19 12:36:30.083,2026-07-19 12:36:33.782
car_ID_148,FLUSH,444,car,306,402,307,402,0.3133,2026-07-19 12:36:43.086,2026-07-19 12:36:44.421
car_ID_149,FLUSH,445,car,307,401,307,401,0.3146,2026-07-19 12:37:03.652,2026-07-19 12:37:04.490
car_ID_150,FLUSH,446,car,307,401,307,401,0.3208,2026-07-19 12:37:05.055,2026-07-19 12:37:05.528
car_ID_151,FLUSH,447,car,307,401,307,401,0.3400,2026-07-19 12:37:09.528,2026-07-19 12:37:12.787
bicycle_ID_140,FLUSH,449,bicycle,1020,493,1020,493,0.3850,2026-07-19 12:37:17.952,2026-07-19 12:37:17.952
person_ID_186,FLUSH,449,person,1015,490,727,511,0.6982,2026-07-19 12:37:17.987,2026-07-19 12:37:19.620
person_ID_187,FLUSH,451,person,681,511,438,530,0.4967,2026-07-19 12:37:19.353,2026-07-19 12:37:20.589
bicycle_ID_141,FLUSH,450,bicycle,1014,506,435,537,0.6884,2026-07-19 12:37:17.987,2026-07-19 12:37:20.621
car_ID_152,FLUSH,448,car,307,401,307,401,0.3561,2026-07-19 12:37:13.852,2026-07-19 12:37:47.761
car_ID_153,FLUSH,453,car,307,401,307,401,0.3725,2026-07-19 12:37:47.891,2026-07-19 12:37:51.189
car_ID_154,FLUSH,454,car,72,500,1032,432,0.7862,2026-07-19 12:37:48.259,2026-07-19 12:37:54.027
car_ID_156,FLUSH,456,car,307,401,307,401,0.3423,2026-07-19 12:37:54.258,2026-07-19 12:37:56.122
car_ID_155,FLUSH,455,car,53,504,1033,442,0.7775,2026-07-19 12:37:54.192,2026-07-19 12:37:58.354
car_ID_157,FLUSH,457,car,1020,484,440,545,0.8074,2026-07-19 12:38:08.526,2026-07-19 12:38:10.655
car_ID_158,FLUSH,458,car,307,401,307,401,0.3653,2026-07-19 12:38:09.493,2026-07-19 12:38:10.655
car_ID_159,FLUSH,459,car,103,534,103,534,0.5846,2026-07-19 12:38:10.990,2026-07-19 12:38:11.190
car_ID_160,FLUSH,460,car,1032,438,1022,442,0.3683,2026-07-19 12:38:28.727,2026-07-19 12:38:28.794
truck_ID_17,FLUSH,460,truck,1019,444,935,474,0.4007,2026-07-19 12:38:28.827,2026-07-19 12:38:29.494
car_ID_161,FLUSH,461,car,307,402,307,402,0.3422,2026-07-19 12:38:30.656,2026-07-19 12:38:31.124
person_ID_188,FLUSH,462,person,1017,508,1017,508,0.4812,2026-07-19 12:38:30.724,2026-07-19 12:38:31.191
bus_ID_12,FLUSH,463,bus,613,502,374,511,0.5282,2026-07-19 12:38:31.156,2026-07-19 12:38:32.492
truck_ID_18,FLUSH,460,truck,220,510,220,510,0.3001,2026-07-19 12:38:32.856,2026-07-19 12:38:33.155
bus_ID_11,FLUSH,460,bus,1007,451,118,495,0.7177,2026-07-19 12:38:28.927,2026-07-19 12:38:33.891
car_ID_162,FLUSH,464,car,1018,490,395,560,0.8492,2026-07-19 12:38:34.624,2026-07-19 12:38:37.327
car_ID_163,FLUSH,465,car,307,402,307,402,0.4017,2026-07-19 12:38:35.898,2026-07-19 12:38:37.498
car_ID_164,FLUSH,466,car,307,402,308,403,0.3364,2026-07-19 12:38:39.003,2026-07-19 12:38:39.524
car_ID_165,FLUSH,467,car,307,402,307,402,0.3244,2026-07-19 12:38:44.027,2026-07-19 12:38:44.497
car_ID_166,FLUSH,468,car,308,402,308,402,0.3066,2026-07-19 12:38:45.127,2026-07-19 12:38:45.595
car_ID_167,FLUSH,469,car,307,402,307,402,0.3550,2026-07-19 12:39:04.094,2026-07-19 12:39:05.267
car_ID_168,FLUSH,470,car,307,401,308,402,0.3363,2026-07-19 12:39:11.030,2026-07-19 12:39:14.125
car_ID_169,FLUSH,471,car,307,402,307,402,0.3292,2026-07-19 12:39:14.761,2026-07-19 12:39:15.894
car_ID_170,FLUSH,472,car,308,402,308,402,0.3493,2026-07-19 12:39:16.827,2026-07-19 12:39:17.297
car_ID_171,FLUSH,473,car,307,402,307,402,0.3317,2026-07-19 12:39:17.826,2026-07-19 12:39:23.299
person_ID_189,FLUSH,474,person,1032,385,1032,385,0.3066,2026-07-19 12:40:09.132,2026-07-19 12:40:09.600
person_ID_190,FLUSH,475,person,1036,388,997,395,0.4067,2026-07-19 12:40:10.067,2026-07-19 12:40:14.830
person_ID_192,FLUSH,477,person,994,395,982,392,0.3277,2026-07-19 12:40:16.832,2026-07-19 12:40:18.697
person_ID_193,FLUSH,478,person,893,399,882,400,0.3428,2026-07-19 12:40:21.830,2026-07-19 12:40:23.001
person_ID_191,FLUSH,476,person,1022,395,861,407,0.4153,2026-07-19 12:40:11.764,2026-07-19 12:40:24.035
person_ID_194,FLUSH,479,person,876,406,747,405,0.5063,2026-07-19 12:40:23.235,2026-07-19 12:40:28.597
person_ID_195,FLUSH,480,person,728,408,728,409,0.3588,2026-07-19 12:40:31.536,2026-07-19 12:40:34.998
person_ID_196,FLUSH,481,person,728,408,729,406,0.3248,2026-07-19 12:40:35.598,2026-07-19 12:40:36.933
person_ID_197,FLUSH,482,person,647,417,644,412,0.3711,2026-07-19 12:40:41.201,2026-07-19 12:40:41.870
person_ID_199,FLUSH,484,person,636,416,624,417,0.4741,2026-07-19 12:40:42.498,2026-07-19 12:40:47.067
person_ID_198,FLUSH,483,person,620,417,597,411,0.4699,2026-07-19 12:40:42.433,2026-07-19 12:40:48.102
bicycle_ID_143,FLUSH,488,bicycle,873,543,873,543,0.3101,2026-07-19 12:40:48.102,2026-07-19 12:40:48.575
car_ID_172,FLUSH,485,car,54,507,1028,436,0.7459,2026-07-19 12:40:45.034,2026-07-19 12:40:48.673
bicycle_ID_142,FLUSH,486,bicycle,1019,525,528,578,0.6990,2026-07-19 12:40:47.267,2026-07-19 12:40:49.335
bicycle_ID_144,FLUSH,490,bicycle,604,571,436,585,0.5880,2026-07-19 12:40:49.099,2026-07-19 12:40:50.166
person_ID_200,FLUSH,487,person,1021,497,381,554,0.7243,2026-07-19 12:40:47.337,2026-07-19 12:40:50.298
person_ID_202,FLUSH,491,person,511,422,499,415,0.4090,2026-07-19 12:40:57.067,2026-07-19 12:40:58.234
person_ID_203,FLUSH,492,person,481,413,471,413,0.3992,2026-07-19 12:40:58.599,2026-07-19 12:41:00.240
person_ID_204,FLUSH,493,person,471,413,471,413,0.3084,2026-07-19 12:41:03.667,2026-07-19 12:41:04.199
person_ID_201,FLUSH,489,person,582,414,271,432,0.5011,2026-07-19 12:40:48.272,2026-07-19 12:41:23.237
person_ID_206,FLUSH,495,person,219,420,218,421,0.3536,2026-07-19 12:41:24.739,2026-07-19 12:41:25.239
person_ID_207,FLUSH,496,person,199,420,197,423,0.3508,2026-07-19 12:41:25.403,2026-07-19 12:41:25.939
person_ID_208,FLUSH,497,person,168,425,134,425,0.3941,2026-07-19 12:41:26.340,2026-07-19 12:41:28.069
person_ID_205,FLUSH,494,person,234,431,63,426,0.4343,2026-07-19 12:41:23.868,2026-07-19 12:41:30.468
person_ID_209,FLUSH,498,person,79,432,39,431,0.4113,2026-07-19 12:41:28.768,2026-07-19 12:41:31.036
car_ID_173,FLUSH,499,car,1019,482,420,544,0.7777,2026-07-19 12:41:30.468,2026-07-19 12:41:33.004
car_ID_174,FLUSH,500,car,83,535,58,534,0.3784,2026-07-19 12:41:33.573,2026-07-19 12:41:34.170
car_ID_175,FLUSH,501,car,1020,498,474,565,0.7463,2026-07-19 12:41:42.205,2026-07-19 12:41:44.641
bicycle_ID_146,FLUSH,504,bicycle,39,490,59,486,0.5977,2026-07-19 12:41:47.601,2026-07-19 12:41:47.837
bicycle_ID_145,FLUSH,502,bicycle,54,476,184,475,0.5106,2026-07-19 12:41:47.069,2026-07-19 12:41:48.069
bicycle_ID_147,FLUSH,506,bicycle,54,486,161,494,0.5347,2026-07-19 12:41:47.802,2026-07-19 12:41:49.002
person_ID_210,FLUSH,503,person,55,454,256,458,0.4421,2026-07-19 12:41:47.137,2026-07-19 12:41:49.071
person_ID_211,FLUSH,505,person,45,466,226,468,0.5341,2026-07-19 12:41:47.736,2026-07-19 12:41:49.437
person_ID_212,FLUSH,507,person,363,478,372,464,0.3593,2026-07-19 12:41:49.771,2026-07-19 12:41:50.272
person_ID_213,FLUSH,508,person,400,465,439,458,0.3320,2026-07-19 12:41:49.970,2026-07-19 12:41:50.639
person_ID_214,FLUSH,509,person,614,450,614,450,0.4634,2026-07-19 12:41:50.869,2026-07-19 12:41:50.869
person_ID_215,FLUSH,510,person,563,454,587,456,0.3786,2026-07-19 12:41:50.869,2026-07-19 12:41:51.443
bicycle_ID_148,FLUSH,509,bicycle,612,469,612,469,0.3565,2026-07-19 12:41:51.001,2026-07-19 12:41:51.476
person_ID_217,FLUSH,512,person,748,453,748,453,0.3743,2026-07-19 12:41:51.802,2026-07-19 12:41:51.802
person_ID_216,FLUSH,511,person,714,460,722,459,0.3161,2026-07-19 12:41:51.702,2026-07-19 12:41:52.202
bicycle_ID_149,FLUSH,512,bicycle,716,473,893,467,0.5189,2026-07-19 12:41:51.737,2026-07-19 12:41:52.769
bicycle_ID_150,FLUSH,514,bicycle,810,466,820,470,0.4009,2026-07-19 12:41:52.237,2026-07-19 12:41:52.769
bicycle_ID_151,FLUSH,515,bicycle,922,469,1009,455,0.4110,2026-07-19 12:41:53.002,2026-07-19 12:41:53.602
person_ID_218,FLUSH,513,person,750,451,1028,434,0.5758,2026-07-19 12:41:51.838,2026-07-19 12:41:53.806
bicycle_ID_152,FLUSH,513,bicycle,1015,435,1015,435,0.3493,2026-07-19 12:41:53.840,2026-07-19 12:41:54.301
person_ID_219,FLUSH,512,person,961,435,1028,420,0.4234,2026-07-19 12:41:53.370,2026-07-19 12:41:54.501
person_ID_221,FLUSH,517,person,1036,388,952,388,0.3998,2026-07-19 12:42:30.209,2026-07-19 12:42:35.045
person_ID_225,FLUSH,522,person,935,390,935,390,0.3529,2026-07-19 12:42:35.672,2026-07-19 12:42:36.140
person_ID_224,FLUSH,521,person,1015,491,475,548,0.5474,2026-07-19 12:42:33.875,2026-07-19 12:42:36.208
person_ID_223,FLUSH,519,person,922,393,799,404,0.3978,2026-07-19 12:42:32.173,2026-07-19 12:42:37.742
bicycle_ID_153,FLUSH,519,bicycle,804,415,807,414,0.3807,2026-07-19 12:42:37.775,2026-07-19 12:42:38.272
bicycle_ID_154,FLUSH,526,bicycle,772,417,772,417,0.3244,2026-07-19 12:42:39.172,2026-07-19 12:42:39.209
person_ID_220,FLUSH,516,person,1033,395,769,411,0.5222,2026-07-19 12:42:26.911,2026-07-19 12:42:39.909
car_ID_176,FLUSH,524,car,1020,487,429,569,0.8538,2026-07-19 12:42:37.942,2026-07-19 12:42:40.913
person_ID_226,FLUSH,523,person,922,390,752,406,0.3881,2026-07-19 12:42:36.372,2026-07-19 12:42:45.109
bicycle_ID_155,FLUSH,527,bicycle,47,482,101,474,0.3918,2026-07-19 12:42:45.273,2026-07-19 12:42:45.908
bicycle_ID_156,FLUSH,528,bicycle,86,482,132,475,0.3743,2026-07-19 12:42:45.673,2026-07-19 12:42:46.108
person_ID_222,FLUSH,518,person,1033,396,738,417,0.4495,2026-07-19 12:42:31.371,2026-07-19 12:42:46.210
person_ID_228,FLUSH,527,person,53,468,109,467,0.3844,2026-07-19 12:42:45.541,2026-07-19 12:42:46.413
person_ID_229,FLUSH,528,person,154,468,238,464,0.4174,2026-07-19 12:42:46.173,2026-07-19 12:42:47.173
person_ID_231,FLUSH,531,person,418,458,500,452,0.4075,2026-07-19 12:42:47.709,2026-07-19 12:42:48.608
person_ID_232,FLUSH,532,person,563,452,612,444,0.4992,2026-07-19 12:42:48.544,2026-07-19 12:42:49.240
bicycle_ID_157,FLUSH,533,bicycle,647,460,662,453,0.4384,2026-07-19 12:42:48.740,2026-07-19 12:42:49.572
person_ID_235,FLUSH,534,person,821,451,821,451,0.4502,2026-07-19 12:42:49.775,2026-07-19 12:42:49.775
person_ID_233,FLUSH,535,person,696,445,696,445,0.3672,2026-07-19 12:42:49.340,2026-07-19 12:42:49.808
person_ID_236,FLUSH,537,person,866,442,881,444,0.4121,2026-07-19 12:42:50.111,2026-07-19 12:42:50.408
person_ID_237,FLUSH,538,person,936,439,951,443,0.3725,2026-07-19 12:42:50.641,2026-07-19 12:42:50.940
bicycle_ID_159,FLUSH,537,bicycle,870,452,925,439,0.3408,2026-07-19 12:42:50.441,2026-07-19 12:42:51.341
bicycle_ID_160,FLUSH,538,bicycle,940,440,975,434,0.3767,2026-07-19 12:42:50.973,2026-07-19 12:42:51.744
person_ID_234,FLUSH,536,person,753,441,1006,420,0.4624,2026-07-19 12:42:49.708,2026-07-19 12:42:51.972
bicycle_ID_158,FLUSH,534,bicycle,741,459,1031,422,0.4061,2026-07-19 12:42:49.340,2026-07-19 12:42:52.311
bicycle_ID_161,FLUSH,530,bicycle,559,439,559,439,0.3315,2026-07-19 12:42:53.008,2026-07-19 12:42:53.073
person_ID_230,FLUSH,530,person,724,418,545,430,0.4215,2026-07-19 12:42:46.347,2026-07-19 12:42:54.142
person_ID_238,FLUSH,539,person,538,425,500,423,0.3592,2026-07-19 12:42:53.541,2026-07-19 12:42:55.609
person_ID_227,FLUSH,526,person,783,408,314,420,0.4703,2026-07-19 12:42:38.407,2026-07-19 12:42:56.573
person_ID_239,FLUSH,540,person,484,429,484,429,0.3458,2026-07-19 12:42:56.210,2026-07-19 12:42:56.673
person_ID_241,FLUSH,542,person,454,429,448,429,0.4300,2026-07-19 12:42:57.273,2026-07-19 12:42:58.045
person_ID_242,FLUSH,543,person,423,429,403,416,0.4480,2026-07-19 12:42:58.574,2026-07-19 12:43:00.142
person_ID_243,FLUSH,544,person,392,429,371,423,0.3610,2026-07-19 12:42:59.642,2026-07-19 12:43:01.109
person_ID_240,FLUSH,541,person,296,423,194,420,0.4513,2026-07-19 12:42:56.609,2026-07-19 12:43:01.441
person_ID_245,FLUSH,546,person,166,422,164,423,0.3569,2026-07-19 12:43:02.109,2026-07-19 12:43:02.612
person_ID_247,FLUSH,548,person,274,429,278,429,0.3434,2026-07-19 12:43:03.881,2026-07-19 12:43:04.109
person_ID_246,FLUSH,547,person,140,414,106,418,0.3501,2026-07-19 12:43:02.873,2026-07-19 12:43:04.873
bicycle_ID_162,FLUSH,550,bicycle,215,429,215,429,0.3279,2026-07-19 12:43:06.712,2026-07-19 12:43:06.774
person_ID_244,FLUSH,545,person,204,413,29,427,0.5360,2026-07-19 12:43:00.543,2026-07-19 12:43:07.073
person_ID_248,FLUSH,549,person,91,418,59,421,0.4766,2026-07-19 12:43:05.041,2026-07-19 12:43:07.073
person_ID_251,FLUSH,552,person,32,419,27,414,0.3587,2026-07-19 12:43:07.874,2026-07-19 12:43:08.573
person_ID_252,FLUSH,553,person,174,420,169,420,0.4100,2026-07-19 12:43:08.878,2026-07-19 12:43:09.645
person_ID_249,FLUSH,550,person,250,420,74,414,0.4256,2026-07-19 12:43:05.609,2026-07-19 12:43:13.710
person_ID_253,FLUSH,554,person,125,428,56,426,0.3738,2026-07-19 12:43:10.308,2026-07-19 12:43:13.743
person_ID_250,FLUSH,551,person,211,432,27,417,0.4044,2026-07-19 12:43:06.442,2026-07-19 12:43:15.545
truck_ID_19,FLUSH,555,truck,68,480,137,490,0.4209,2026-07-19 12:43:44.815,2026-07-19 12:43:45.249
person_ID_254,FLUSH,557,person,106,497,106,497,0.3315,2026-07-19 12:43:45.179,2026-07-19 12:43:45.646
bus_ID_14,FLUSH,558,bus,121,489,121,489,0.4652,2026-07-19 12:43:45.216,2026-07-19 12:43:45.677
truck_ID_20,FLUSH,556,truck,65,480,75,504,0.3493,2026-07-19 12:43:44.815,2026-07-19 12:43:45.745
bus_ID_13,FLUSH,555,bus,59,479,529,467,0.6517,2026-07-19 12:43:44.749,2026-07-19 12:43:47.243
person_ID_255,FLUSH,560,person,795,482,795,482,0.3458,2026-07-19 12:43:47.775,2026-07-19 12:43:48.243
bus_ID_16,FLUSH,561,bus,976,436,1009,429,0.6052,2026-07-19 12:43:48.543,2026-07-19 12:43:49.244
bus_ID_15,FLUSH,559,bus,311,475,1012,420,0.7913,2026-07-19 12:43:46.343,2026-07-19 12:43:49.913
car_ID_177,FLUSH,559,car,1027,412,1029,411,0.3275,2026-07-19 12:43:49.944,2026-07-19 12:43:50.444
bicycle_ID_165,FLUSH,566,bicycle,890,543,890,543,0.4349,2026-07-19 12:43:51.518,2026-07-19 12:43:51.985
car_ID_178,FLUSH,567,car,307,402,307,401,0.3228,2026-07-19 12:43:51.784,2026-07-19 12:43:53.047
bicycle_ID_167,FLUSH,568,bicycle,328,464,328,464,0.3636,2026-07-19 12:43:53.982,2026-07-19 12:43:53.982
bicycle_ID_163,FLUSH,563,bicycle,1005,523,431,569,0.6808,2026-07-19 12:43:50.617,2026-07-19 12:43:54.046
person_ID_256,FLUSH,562,person,1011,501,440,555,0.6632,2026-07-19 12:43:50.580,2026-07-19 12:43:54.447
person_ID_259,FLUSH,563,person,417,554,378,548,0.4597,2026-07-19 12:43:54.086,2026-07-19 12:43:54.745
person_ID_257,FLUSH,565,person,1021,509,462,554,0.6832,2026-07-19 12:43:51.247,2026-07-19 12:43:54.914
bicycle_ID_164,FLUSH,564,bicycle,1020,536,450,584,0.7858,2026-07-19 12:43:51.047,2026-07-19 12:43:54.913
car_ID_179,FLUSH,571,car,307,402,308,401,0.3145,2026-07-19 12:43:54.149,2026-07-19 12:43:55.512
car_ID_180,FLUSH,572,car,308,401,308,401,0.3244,2026-07-19 12:43:56.144,2026-07-19 12:43:56.611
person_ID_260,FLUSH,573,person,71,533,56,521,0.3846,2026-07-19 12:43:56.279,2026-07-19 12:43:56.880
bicycle_ID_166,FLUSH,569,bicycle,46,473,1025,430,0.5458,2026-07-19 12:43:52.080,2026-07-19 12:43:58.914
person_ID_258,FLUSH,568,person,36,458,1032,419,0.5940,2026-07-19 12:43:52.080,2026-07-19 12:43:58.980
car_ID_181,FLUSH,568,car,1033,421,1034,423,0.4137,2026-07-19 12:43:59.013,2026-07-19 12:43:59.511
truck_ID_21,FLUSH,574,truck,500,542,428,545,0.6866,2026-07-19 12:45:06.415,2026-07-19 12:45:06.582
car_ID_182,FLUSH,574,car,1023,486,402,546,0.7536,2026-07-19 12:45:04.547,2026-07-19 12:45:06.715
car_ID_183,FLUSH,576,car,1027,488,372,549,0.7998,2026-07-19 12:45:09.650,2026-07-19 12:45:12.083
car_ID_184,FLUSH,577,car,110,538,86,543,0.3553,2026-07-19 12:45:12.347,2026-07-19 12:45:12.916
car_ID_185,FLUSH,578,car,1025,487,467,536,0.6989,2026-07-19 12:45:13.615,2026-07-19 12:45:15.947
person_ID_261,FLUSH,579,person,48,426,177,427,0.4510,2026-07-19 12:45:36.420,2026-07-19 12:45:38.718
person_ID_262,FLUSH,580,person,214,424,214,424,0.4135,2026-07-19 12:45:38.752,2026-07-19 12:45:39.217
person_ID_263,FLUSH,581,person,535,425,535,425,0.4028,2026-07-19 12:45:42.952,2026-07-19 12:45:43.417
person_ID_264,FLUSH,582,person,797,408,918,398,0.4498,2026-07-19 12:45:46.489,2026-07-19 12:45:48.752
car_ID_187,FLUSH,584,car,307,403,307,403,0.3319,2026-07-19 12:46:01.753,2026-07-19 12:46:03.787
car_ID_186,FLUSH,583,car,58,510,1030,445,0.8232,2026-07-19 12:46:01.317,2026-07-19 12:46:05.186
person_ID_266,FLUSH,587,person,974,510,451,568,0.5759,2026-07-19 12:47:10.389,2026-07-19 12:47:12.959
bicycle_ID_168,FLUSH,585,bicycle,1022,511,446,597,0.6422,2026-07-19 12:47:09.959,2026-07-19 12:47:12.991
bicycle_ID_170,FLUSH,591,bicycle,582,528,582,528,0.5561,2026-07-19 12:47:12.557,2026-07-19 12:47:13.023
bicycle_ID_171,FLUSH,592,bicycle,509,535,509,535,0.5311,2026-07-19 12:47:12.891,2026-07-19 12:47:13.364
car_ID_188,FLUSH,590,car,307,402,307,402,0.3336,2026-07-19 12:47:12.057,2026-07-19 12:47:13.592
person_ID_265,FLUSH,586,person,1024,454,388,526,0.6693,2026-07-19 12:47:10.091,2026-07-19 12:47:13.860
bicycle_ID_169,FLUSH,588,bicycle,915,496,378,551,0.6713,2026-07-19 12:47:10.821,2026-07-19 12:47:13.892
person_ID_267,FLUSH,593,person,117,521,61,532,0.7096,2026-07-19 12:47:14.625,2026-07-19 12:47:15.295
car_ID_189,FLUSH,594,car,307,402,307,402,0.3420,2026-07-19 12:47:16.358,2026-07-19 12:47:20.324
car_ID_190,FLUSH,595,car,307,402,307,402,0.3458,2026-07-19 12:47:30.326,2026-07-19 12:47:30.794
car_ID_191,FLUSH,596,car,307,402,307,400,0.3465,2026-07-19 12:47:31.829,2026-07-19 12:47:56.630
car_ID_192,FLUSH,597,car,307,400,307,401,0.3483,2026-07-19 12:48:00.830,2026-07-19 12:48:05.392
car_ID_193,FLUSH,598,car,307,400,307,400,0.3383,2026-07-19 12:48:10.268,2026-07-19 12:48:12.794
car_ID_194,FLUSH,599,car,307,401,307,401,0.3066,2026-07-19 12:48:13.992,2026-07-19 12:48:14.460
car_ID_195,FLUSH,600,car,62,499,1028,432,0.8082,2026-07-19 12:48:20.128,2026-07-19 12:48:24.392
bicycle_ID_172,FLUSH,601,bicycle,1013,518,1013,518,0.5133,2026-07-19 12:48:30.931,2026-07-19 12:48:30.931
person_ID_268,FLUSH,601,person,1008,507,453,563,0.5530,2026-07-19 12:48:30.964,2026-07-19 12:48:33.093
bicycle_ID_173,FLUSH,602,bicycle,1003,530,451,587,0.6269,2026-07-19 12:48:30.996,2026-07-19 12:48:33.093
truck_ID_22,FLUSH,604,truck,968,457,968,457,0.3030,2026-07-19 12:48:33.528,2026-07-19 12:48:33.528
car_ID_196,FLUSH,604,car,1031,446,464,514,0.7014,2026-07-19 12:48:33.028,2026-07-19 12:48:35.728
person_ID_269,FLUSH,606,person,1014,509,714,542,0.5996,2026-07-19 12:48:34.193,2026-07-19 12:48:35.928
bicycle_ID_174,FLUSH,605,bicycle,1019,516,714,567,0.5363,2026-07-19 12:48:34.093,2026-07-19 12:48:35.928
person_ID_270,FLUSH,608,person,642,557,642,557,0.4563,2026-07-19 12:48:35.793,2026-07-19 12:48:36.261
person_ID_271,FLUSH,609,person,592,557,520,569,0.5281,2026-07-19 12:48:35.928,2026-07-19 12:48:36.593
bicycle_ID_175,FLUSH,607,bicycle,915,545,486,597,0.5966,2026-07-19 12:48:34.661,2026-07-19 12:48:36.693
bicycle_ID_176,FLUSH,612,bicycle,48,488,137,488,0.5177,2026-07-19 12:49:05.801,2026-07-19 12:49:06.730
person_ID_272,FLUSH,611,person,40,464,230,471,0.4277,2026-07-19 12:49:05.801,2026-07-19 12:49:07.163
car_ID_197,FLUSH,613,car,1035,381,976,353,0.4417,2026-07-19 12:49:06.398,2026-07-19 12:49:07.930
person_ID_273,FLUSH,614,person,405,471,405,471,0.3921,2026-07-19 12:49:07.463,2026-07-19 12:49:07.930
person_ID_274,FLUSH,615,person,758,458,764,456,0.3796,2026-07-19 12:49:08.998,2026-07-19 12:49:09.031
bicycle_ID_177,FLUSH,615,bicycle,745,468,1012,453,0.5194,2026-07-19 12:49:08.963,2026-07-19 12:49:10.299
bicycle_ID_178,FLUSH,616,bicycle,1023,451,1023,451,0.3066,2026-07-19 12:49:10.398,2026-07-19 12:49:10.398
person_ID_275,FLUSH,616,person,774,448,1029,436,0.5467,2026-07-19 12:49:09.098,2026-07-19 12:49:10.431
car_ID_199,FLUSH,618,car,154,521,154,521,0.6190,2026-07-19 12:49:14.505,2026-07-19 12:49:14.967
car_ID_198,FLUSH,617,car,68,507,1031,437,0.8117,2026-07-19 12:49:13.966,2026-07-19 12:49:17.898
bicycle_ID_179,FLUSH,619,bicycle,48,488,109,490,0.6520,2026-07-19 12:50:00.637,2026-07-19 12:50:00.969
person_ID_276,FLUSH,620,person,47,473,256,465,0.5043,2026-07-19 12:50:00.705,2026-07-19 12:50:02.133
person_ID_277,FLUSH,621,person,407,460,407,460,0.3743,2026-07-19 12:50:02.335,2026-07-19 12:50:02.800
person_ID_278,FLUSH,622,person,611,444,611,444,0.3422,2026-07-19 12:50:03.266,2026-07-19 12:50:03.734
person_ID_279,FLUSH,623,person,746,442,1032,421,0.6097,2026-07-19 12:50:03.965,2026-07-19 12:50:05.733
bicycle_ID_180,FLUSH,624,bicycle,809,456,983,439,0.4538,2026-07-19 12:50:04.333,2026-07-19 12:50:05.801
car_ID_200,FLUSH,623,car,1035,423,1035,423,0.4848,2026-07-19 12:50:05.765,2026-07-19 12:50:06.233
bicycle_ID_181,FLUSH,626,bicycle,50,483,115,489,0.4564,2026-07-19 12:50:11.070,2026-07-19 12:50:11.871
person_ID_280,FLUSH,625,person,45,463,232,467,0.5067,2026-07-19 12:50:11.070,2026-07-19 12:50:12.575
person_ID_281,FLUSH,627,person,311,468,311,468,0.4919,2026-07-19 12:50:12.540,2026-07-19 12:50:13.002
person_ID_282,FLUSH,628,person,365,469,465,471,0.3938,2026-07-19 12:50:12.802,2026-07-19 12:50:13.703
person_ID_283,FLUSH,629,person,532,460,532,460,0.3957,2026-07-19 12:50:13.635,2026-07-19 12:50:14.102
person_ID_284,FLUSH,630,person,565,453,565,453,0.4099,2026-07-19 12:50:13.801,2026-07-19 12:50:14.267
person_ID_285,FLUSH,631,person,604,455,623,450,0.3921,2026-07-19 12:50:13.966,2026-07-19 12:50:14.502
person_ID_286,FLUSH,632,person,669,452,684,449,0.3251,2026-07-19 12:50:14.336,2026-07-19 12:50:14.835
person_ID_287,FLUSH,633,person,759,442,1011,419,0.5758,2026-07-19 12:50:14.835,2026-07-19 12:50:16.966
bicycle_ID_182,FLUSH,635,bicycle,1019,517,1019,517,0.3779,2026-07-19 12:50:47.904,2026-07-19 12:50:47.904
bicycle_ID_185,FLUSH,639,bicycle,1008,531,983,536,0.5195,2026-07-19 12:50:49.805,2026-07-19 12:50:50.405
person_ID_288,FLUSH,635,person,1019,509,476,570,0.7345,2026-07-19 12:50:47.936,2026-07-19 12:50:50.636
bicycle_ID_183,FLUSH,636,bicycle,1004,531,475,598,0.7204,2026-07-19 12:50:48.005,2026-07-19 12:50:50.636
person_ID_289,FLUSH,638,person,1014,510,453,567,0.6946,2026-07-19 12:50:49.773,2026-07-19 12:50:52.606
bicycle_ID_184,FLUSH,637,bicycle,1019,523,452,595,0.7446,2026-07-19 12:50:49.636,2026-07-19 12:50:52.606
car_ID_202,FLUSH,640,car,446,525,1030,453,0.7310,2026-07-19 12:51:28.076,2026-07-19 12:51:30.105
bicycle_ID_186,FLUSH,641,bicycle,44,472,129,480,0.4014,2026-07-19 12:51:38.474,2026-07-19 12:51:39.175
person_ID_290,FLUSH,642,person,54,458,94,464,0.3862,2026-07-19 12:51:38.679,2026-07-19 12:51:39.406
bicycle_ID_188,FLUSH,644,bicycle,167,482,190,478,0.3880,2026-07-19 12:51:39.506,2026-07-19 12:51:40.106
person_ID_291,FLUSH,641,person,140,471,263,459,0.4631,2026-07-19 12:51:39.275,2026-07-19 12:51:40.638
person_ID_292,FLUSH,645,person,451,459,451,459,0.4349,2026-07-19 12:51:41.411,2026-07-19 12:51:41.880
person_ID_293,FLUSH,646,person,482,453,482,453,0.3101,2026-07-19 12:51:41.679,2026-07-19 12:51:42.139
bicycle_ID_189,FLUSH,647,bicycle,608,462,658,457,0.4468,2026-07-19 12:51:42.475,2026-07-19 12:51:42.840
bicycle_ID_190,FLUSH,648,bicycle,667,459,698,457,0.4692,2026-07-19 12:51:42.974,2026-07-19 12:51:43.373
person_ID_294,FLUSH,647,person,513,457,684,441,0.4261,2026-07-19 12:51:41.880,2026-07-19 12:51:43.507
bicycle_ID_191,FLUSH,649,bicycle,830,445,862,443,0.3560,2026-07-19 12:51:44.238,2026-07-19 12:51:44.975
car_ID_201,FLUSH,634,car,307,402,306,399,0.3453,2026-07-19 12:50:42.536,2026-07-19 12:51:45.075
bicycle_ID_187,FLUSH,643,bicycle,132,481,1021,422,0.5289,2026-07-19 12:51:39.207,2026-07-19 12:51:46.039
person_ID_295,FLUSH,648,person,742,445,1024,420,0.4963,2026-07-19 12:51:43.507,2026-07-19 12:51:46.109
car_ID_203,FLUSH,650,car,306,399,306,399,0.3885,2026-07-19 12:51:48.777,2026-07-19 12:51:49.242
car_ID_204,FLUSH,651,car,307,399,307,400,0.3366,2026-07-19 12:51:53.175,2026-07-19 12:51:55.306
car_ID_205,FLUSH,652,car,307,399,307,399,0.3173,2026-07-19 12:51:56.574,2026-07-19 12:51:57.039
car_ID_206,FLUSH,653,car,307,399,307,399,0.3581,2026-07-19 12:52:02.507,2026-07-19 12:52:04.407
car_ID_207,FLUSH,654,car,307,399,307,399,0.3160,2026-07-19 12:52:05.239,2026-07-19 12:52:05.978
car_ID_208,FLUSH,655,car,307,399,306,398,0.3343,2026-07-19 12:52:08.410,2026-07-19 12:52:11.107
bicycle_ID_193,FLUSH,659,bicycle,50,482,57,484,0.4402,2026-07-19 12:52:13.440,2026-07-19 12:52:13.476
person_ID_296,FLUSH,658,person,53,464,255,469,0.4959,2026-07-19 12:52:12.108,2026-07-19 12:52:13.979
person_ID_298,FLUSH,656,person,305,475,339,470,0.3941,2026-07-19 12:52:13.778,2026-07-19 12:52:14.217
bicycle_ID_195,FLUSH,661,bicycle,308,476,367,482,0.5564,2026-07-19 12:52:13.811,2026-07-19 12:52:14.217
person_ID_297,FLUSH,659,person,65,479,240,479,0.4177,2026-07-19 12:52:13.581,2026-07-19 12:52:15.140
bicycle_ID_196,FLUSH,662,bicycle,405,481,445,479,0.4882,2026-07-19 12:52:14.475,2026-07-19 12:52:15.175
person_ID_300,FLUSH,663,person,293,474,333,474,0.4106,2026-07-19 12:52:14.975,2026-07-19 12:52:15.275
bicycle_ID_194,FLUSH,660,bicycle,70,490,344,478,0.5283,2026-07-19 12:52:13.614,2026-07-19 12:52:15.275
bicycle_ID_198,FLUSH,664,bicycle,449,480,449,480,0.4884,2026-07-19 12:52:15.975,2026-07-19 12:52:16.441
person_ID_302,FLUSH,663,person,698,456,698,456,0.3244,2026-07-19 12:52:17.478,2026-07-19 12:52:17.478
person_ID_301,FLUSH,660,person,363,475,687,452,0.4920,2026-07-19 12:52:15.380,2026-07-19 12:52:17.841
car_ID_209,FLUSH,657,car,306,399,306,399,0.3680,2026-07-19 12:52:12.040,2026-07-19 12:52:19.116
person_ID_299,FLUSH,661,person,293,470,1020,420,0.5314,2026-07-19 12:52:13.779,2026-07-19 12:52:19.116
bicycle_ID_192,FLUSH,656,bicycle,47,478,1021,429,0.5967,2026-07-19 12:52:11.908,2026-07-19 12:52:19.115
bicycle_ID_199,FLUSH,661,bicycle,1022,424,1022,424,0.3208,2026-07-19 12:52:19.142,2026-07-19 12:52:19.142
person_ID_303,FLUSH,665,person,717,450,949,434,0.5234,2026-07-19 12:52:17.608,2026-07-19 12:52:19.313
person_ID_304,FLUSH,656,person,1026,421,1029,419,0.3934,2026-07-19 12:52:19.176,2026-07-19 12:52:19.684
bicycle_ID_197,FLUSH,663,bicycle,350,475,979,431,0.4857,2026-07-19 12:52:15.310,2026-07-19 12:52:19.713
person_ID_305,FLUSH,663,person,954,432,1006,427,0.3565,2026-07-19 12:52:19.346,2026-07-19 12:52:19.813
car_ID_211,FLUSH,663,car,1032,424,1032,424,0.3173,2026-07-19 12:52:20.144,2026-07-19 12:52:20.613
car_ID_210,FLUSH,666,car,307,399,307,399,0.3206,2026-07-19 12:52:19.346,2026-07-19 12:52:22.108
car_ID_212,FLUSH,667,car,307,400,307,400,0.3099,2026-07-19 12:52:25.508,2026-07-19 12:52:26.043
car_ID_213,FLUSH,668,car,307,399,307,399,0.3411,2026-07-19 12:52:26.247,2026-07-19 12:52:27.447
car_ID_214,FLUSH,669,car,307,399,307,400,0.3536,2026-07-19 12:52:28.049,2026-07-19 12:52:30.676
car_ID_215,FLUSH,670,car,307,399,307,399,0.3411,2026-07-19 12:52:30.844,2026-07-19 12:52:42.378
person_ID_306,FLUSH,672,person,1014,378,1019,375,0.3261,2026-07-19 12:52:44.281,2026-07-19 12:52:45.013
bicycle_ID_200,FLUSH,673,bicycle,1025,382,1026,382,0.3809,2026-07-19 12:52:48.209,2026-07-19 12:52:49.045
bicycle_ID_202,FLUSH,677,bicycle,504,545,504,545,0.5953,2026-07-19 12:52:53.745,2026-07-19 12:52:54.211
person_ID_307,FLUSH,675,person,1022,482,371,535,0.6837,2026-07-19 12:52:50.778,2026-07-19 12:52:54.848
bicycle_ID_201,FLUSH,674,bicycle,1023,500,374,552,0.7423,2026-07-19 12:52:50.745,2026-07-19 12:52:54.848
person_ID_309,FLUSH,679,person,981,395,976,395,0.4344,2026-07-19 12:52:58.514,2026-07-19 12:52:59.081
person_ID_311,FLUSH,681,person,977,397,977,397,0.3489,2026-07-19 12:53:00.510,2026-07-19 12:53:00.978
person_ID_312,FLUSH,682,person,1006,403,1007,403,0.3258,2026-07-19 12:53:00.510,2026-07-19 12:53:01.611
person_ID_313,FLUSH,683,person,1007,403,1007,403,0.3249,2026-07-19 12:53:02.210,2026-07-19 12:53:04.748
person_ID_308,FLUSH,678,person,1035,393,986,393,0.3809,2026-07-19 12:52:56.278,2026-07-19 12:53:06.446
person_ID_315,FLUSH,685,person,888,397,888,397,0.3956,2026-07-19 12:53:10.111,2026-07-19 12:53:17.279
person_ID_310,FLUSH,680,person,965,393,888,397,0.4603,2026-07-19 12:52:59.451,2026-07-19 12:53:17.311
person_ID_316,FLUSH,685,person,889,397,900,396,0.4080,2026-07-19 12:53:19.846,2026-07-19 12:53:25.979
bicycle_ID_203,FLUSH,687,bicycle,51,479,51,479,0.4527,2026-07-19 12:53:26.211,2026-07-19 12:53:26.211
person_ID_319,FLUSH,689,person,59,492,73,488,0.3696,2026-07-19 12:53:26.611,2026-07-19 12:53:26.779
person_ID_317,FLUSH,686,person,901,396,907,396,0.4041,2026-07-19 12:53:26.079,2026-07-19 12:53:26.912
bicycle_ID_204,FLUSH,688,bicycle,49,479,137,482,0.4968,2026-07-19 12:53:26.211,2026-07-19 12:53:26.912
person_ID_320,FLUSH,688,person,116,486,116,486,0.4741,2026-07-19 12:53:26.947,2026-07-19 12:53:27.412
bicycle_ID_206,FLUSH,690,bicycle,67,502,329,492,0.4507,2026-07-19 12:53:26.647,2026-07-19 12:53:28.548
person_ID_318,FLUSH,687,person,47,471,325,470,0.5494,2026-07-19 12:53:26.279,2026-07-19 12:53:28.880
bicycle_ID_207,FLUSH,692,bicycle,382,488,482,484,0.4036,2026-07-19 12:53:28.812,2026-07-19 12:53:29.480
person_ID_323,FLUSH,693,person,1015,396,1015,396,0.3081,2026-07-19 12:53:30.012,2026-07-19 12:53:30.584
bicycle_ID_208,FLUSH,694,bicycle,590,479,658,478,0.3700,2026-07-19 12:53:30.219,2026-07-19 12:53:30.750
person_ID_324,FLUSH,694,person,679,464,679,464,0.3279,2026-07-19 12:53:30.850,2026-07-19 12:53:30.984
bicycle_ID_209,FLUSH,696,bicycle,761,468,800,455,0.3621,2026-07-19 12:53:31.483,2026-07-19 12:53:32.514
person_ID_325,FLUSH,695,person,738,461,952,444,0.4209,2026-07-19 12:53:31.315,2026-07-19 12:53:33.079
person_ID_321,FLUSH,691,person,917,395,974,395,0.4970,2026-07-19 12:53:27.083,2026-07-19 12:53:33.147
bicycle_ID_210,FLUSH,697,bicycle,893,445,898,444,0.3571,2026-07-19 12:53:32.880,2026-07-19 12:53:33.380
person_ID_326,FLUSH,689,person,968,446,975,444,0.3485,2026-07-19 12:53:33.179,2026-07-19 12:53:33.450
bicycle_ID_205,FLUSH,689,bicycle,46,502,975,437,0.4765,2026-07-19 12:53:26.411,2026-07-19 12:53:34.047
bicycle_ID_211,FLUSH,695,bicycle,963,450,1024,425,0.3718,2026-07-19 12:53:33.147,2026-07-19 12:53:34.147
person_ID_322,FLUSH,690,person,349,468,1011,412,0.5016,2026-07-19 12:53:28.581,2026-07-19 12:53:34.480
person_ID_314,FLUSH,684,person,992,394,891,406,0.4207,2026-07-19 12:53:06.746,2026-07-19 12:53:41.480
person_ID_328,FLUSH,699,person,885,400,884,408,0.4020,2026-07-19 12:53:41.012,2026-07-19 12:53:41.854
person_ID_329,FLUSH,700,person,874,399,867,411,0.4369,2026-07-19 12:53:41.313,2026-07-19 12:53:42.680
person_ID_330,FLUSH,701,person,840,398,737,394,0.4522,2026-07-19 12:53:42.180,2026-07-19 12:53:47.650
person_ID_331,FLUSH,702,person,722,397,713,403,0.4659,2026-07-19 12:53:47.813,2026-07-19 12:53:48.851
person_ID_332,FLUSH,703,person,657,409,657,409,0.3789,2026-07-19 12:53:51.013,2026-07-19 12:53:51.483
person_ID_333,FLUSH,704,person,602,409,584,414,0.3439,2026-07-19 12:53:53.413,2026-07-19 12:53:54.754
person_ID_334,FLUSH,705,person,571,413,559,424,0.3986,2026-07-19 12:53:54.785,2026-07-19 12:53:56.459
person_ID_335,FLUSH,706,person,541,416,540,416,0.4576,2026-07-19 12:53:56.186,2026-07-19 12:53:56.685
person_ID_336,FLUSH,707,person,525,416,520,428,0.4021,2026-07-19 12:53:56.748,2026-07-19 12:53:58.181
person_ID_337,FLUSH,708,person,509,415,503,413,0.3535,2026-07-19 12:53:57.650,2026-07-19 12:53:58.450
person_ID_338,FLUSH,709,person,507,422,463,427,0.3764,2026-07-19 12:53:58.682,2026-07-19 12:54:00.748
person_ID_327,FLUSH,698,person,956,390,451,425,0.4770,2026-07-19 12:53:34.147,2026-07-19 12:54:01.413
person_ID_339,FLUSH,710,person,440,433,436,425,0.4164,2026-07-19 12:54:00.913,2026-07-19 12:54:02.016
person_ID_341,FLUSH,712,person,392,418,391,421,0.3187,2026-07-19 12:54:02.850,2026-07-19 12:54:03.384
person_ID_342,FLUSH,713,person,357,419,362,433,0.3306,2026-07-19 12:54:04.320,2026-07-19 12:54:05.049
bicycle_ID_212,FLUSH,714,bicycle,45,481,179,488,0.4756,2026-07-19 12:54:04.648,2026-07-19 12:54:05.850
car_ID_216,FLUSH,671,car,307,399,307,400,0.3718,2026-07-19 12:52:42.583,2026-07-19 12:54:05.949
bicycle_ID_214,FLUSH,718,bicycle,247,487,272,488,0.3908,2026-07-19 12:54:05.949,2026-07-19 12:54:06.182
person_ID_344,FLUSH,717,person,55,487,181,477,0.4467,2026-07-19 12:54:05.149,2026-07-19 12:54:06.315
person_ID_346,FLUSH,671,person,317,407,317,407,0.3066,2026-07-19 12:54:05.982,2026-07-19 12:54:06.450
person_ID_345,FLUSH,714,person,192,489,233,477,0.4734,2026-07-19 12:54:05.883,2026-07-19 12:54:06.615
person_ID_347,FLUSH,718,person,295,476,306,482,0.5486,2026-07-19 12:54:06.215,2026-07-19 12:54:06.953
person_ID_340,FLUSH,711,person,427,428,324,432,0.3964,2026-07-19 12:54:01.381,2026-07-19 12:54:07.018
bicycle_ID_216,FLUSH,719,bicycle,476,488,476,488,0.3422,2026-07-19 12:54:07.287,2026-07-19 12:54:07.317
person_ID_343,FLUSH,715,person,47,473,542,477,0.4330,2026-07-19 12:54:04.749,2026-07-19 12:54:07.752
bicycle_ID_217,FLUSH,721,bicycle,299,432,280,427,0.4073,2026-07-19 12:54:07.854,2026-07-19 12:54:08.818
bicycle_ID_213,FLUSH,716,bicycle,56,489,823,472,0.4812,2026-07-19 12:54:04.781,2026-07-19 12:54:09.218
person_ID_348,FLUSH,719,person,469,468,870,439,0.4433,2026-07-19 12:54:07.217,2026-07-19 12:54:10.150
bicycle_ID_215,FLUSH,715,bicycle,314,485,971,456,0.4057,2026-07-19 12:54:06.315,2026-07-19 12:54:10.217
bicycle_ID_219,FLUSH,721,bicycle,253,423,253,423,0.3208,2026-07-19 12:54:10.317,2026-07-19 12:54:10.317
person_ID_351,FLUSH,724,person,942,448,942,448,0.3493,2026-07-19 12:54:10.082,2026-07-19 12:54:10.549
bicycle_ID_218,FLUSH,723,bicycle,261,433,256,434,0.3423,2026-07-19 12:54:09.781,2026-07-19 12:54:10.582
person_ID_352,FLUSH,715,person,1024,443,1024,443,0.3244,2026-07-19 12:54:10.682,2026-07-19 12:54:10.682
person_ID_350,FLUSH,716,person,850,454,1007,430,0.3690,2026-07-19 12:54:09.417,2026-07-19 12:54:11.218
person_ID_353,FLUSH,725,person,994,432,1027,428,0.3157,2026-07-19 12:54:10.682,2026-07-19 12:54:11.417
car_ID_218,FLUSH,715,car,1032,427,1032,427,0.4670,2026-07-19 12:54:11.049,2026-07-19 12:54:11.517
person_ID_349,FLUSH,721,person,302,417,168,438,0.3940,2026-07-19 12:54:07.618,2026-07-19 12:54:14.617
person_ID_355,FLUSH,727,person,106,439,47,437,0.3955,2026-07-19 12:54:16.951,2026-07-19 12:54:19.821
person_ID_354,FLUSH,726,person,171,419,30,425,0.4597,2026-07-19 12:54:14.150,2026-07-19 12:54:21.317
car_ID_219,FLUSH,728,car,978,364,1039,378,0.6232,2026-07-19 12:54:20.753,2026-07-19 12:54:22.886
bicycle_ID_220,FLUSH,729,bicycle,1022,473,1022,473,0.3458,2026-07-19 12:54:29.618,2026-07-19 12:54:29.618
person_ID_358,FLUSH,730,person,844,513,779,502,0.4575,2026-07-19 12:54:30.782,2026-07-19 12:54:31.050
person_ID_357,FLUSH,732,person,1020,497,849,537,0.5372,2026-07-19 12:54:29.983,2026-07-19 12:54:31.350
bicycle_ID_221,FLUSH,730,bicycle,1013,482,763,510,0.5124,2026-07-19 12:54:29.683,2026-07-19 12:54:31.550
bicycle_ID_223,FLUSH,733,bicycle,472,549,448,548,0.4228,2026-07-19 12:54:32.386,2026-07-19 12:54:32.522
person_ID_356,FLUSH,729,person,1023,470,542,529,0.5785,2026-07-19 12:54:29.651,2026-07-19 12:54:32.587
bicycle_ID_222,FLUSH,731,bicycle,1020,528,438,578,0.6631,2026-07-19 12:54:29.918,2026-07-19 12:54:32.922
person_ID_360,FLUSH,734,person,512,527,453,530,0.4408,2026-07-19 12:54:32.283,2026-07-19 12:54:32.955
person_ID_359,FLUSH,733,person,535,563,397,530,0.5138,2026-07-19 12:54:32.118,2026-07-19 12:54:33.194
person_ID_361,FLUSH,735,person,257,523,257,523,0.5062,2026-07-19 12:54:33.291,2026-07-19 12:54:33.750
person_ID_362,FLUSH,736,person,74,536,68,536,0.7918,2026-07-19 12:54:34.050,2026-07-19 12:54:34.551
person_ID_363,FLUSH,737,person,1029,386,1023,387,0.3757,2026-07-19 12:55:23.055,2026-07-19 12:55:23.958
person_ID_365,FLUSH,739,person,923,399,923,399,0.3565,2026-07-19 12:55:28.486,2026-07-19 12:55:28.953
person_ID_364,FLUSH,738,person,1011,387,875,399,0.4768,2026-07-19 12:55:24.225,2026-07-19 12:55:30.821
person_ID_366,FLUSH,740,person,874,400,448,578,0.6930,2026-07-19 12:55:30.387,2026-07-19 12:55:44.554
person_ID_367,FLUSH,742,person,104,461,267,457,0.4458,2026-07-19 12:56:12.556,2026-07-19 12:56:14.096
bicycle_ID_224,FLUSH,741,bicycle,55,471,800,452,0.5791,2026-07-19 12:56:12.155,2026-07-19 12:56:16.926
person_ID_368,FLUSH,743,person,308,464,971,424,0.5057,2026-07-19 12:56:13.860,2026-07-19 12:56:18.356
bicycle_ID_225,FLUSH,744,bicycle,709,458,970,437,0.5282,2026-07-19 12:56:16.324,2026-07-19 12:56:18.423
bicycle_ID_226,FLUSH,743,bicycle,985,426,1024,426,0.3339,2026-07-19 12:56:18.391,2026-07-19 12:56:19.224
person_ID_369,FLUSH,744,person,994,422,1030,419,0.4800,2026-07-19 12:56:18.462,2026-07-19 12:56:19.256
car_ID_220,FLUSH,745,car,1020,477,324,540,0.7687,2026-07-19 12:56:23.524,2026-07-19 12:56:25.856
car_ID_221,FLUSH,746,car,119,535,90,533,0.3955,2026-07-19 12:56:25.957,2026-07-19 12:56:26.157
car_ID_222,FLUSH,747,car,85,519,1028,444,0.7321,2026-07-19 12:57:04.129,2026-07-19 12:57:07.726
car_ID_223,FLUSH,748,car,61,510,1020,450,0.8314,2026-07-19 12:57:20.362,2026-07-19 12:57:23.927
bicycle_ID_227,FLUSH,749,bicycle,1021,500,1021,500,0.3565,2026-07-19 12:57:43.065,2026-07-19 12:57:43.065
person_ID_370,FLUSH,749,person,1020,489,452,557,0.6741,2026-07-19 12:57:43.099,2026-07-19 12:57:45.798
bicycle_ID_228,FLUSH,750,bicycle,1014,507,450,576,0.7453,2026-07-19 12:57:43.132,2026-07-19 12:57:45.798
person_ID_371,FLUSH,751,person,39,474,1033,432,0.7146,2026-07-19 12:58:00.567,2026-07-19 12:58:06.632
car_ID_224,FLUSH,752,car,1012,491,393,557,0.8209,2026-07-19 12:58:51.571,2026-07-19 12:58:53.867
car_ID_225,FLUSH,753,car,344,381,344,382,0.3500,2026-07-19 12:58:53.169,2026-07-19 12:58:53.867
car_ID_226,FLUSH,754,car,1020,487,426,555,0.7709,2026-07-19 12:59:19.602,2026-07-19 12:59:22.302
car_ID_227,FLUSH,755,car,1017,483,412,557,0.8305,2026-07-19 12:59:21.870,2026-07-19 12:59:24.540
bicycle_ID_229,FLUSH,756,bicycle,46,465,46,465,0.4206,2026-07-19 12:59:34.437,2026-07-19 12:59:34.437
bicycle_ID_230,FLUSH,757,bicycle,50,473,219,475,0.4964,2026-07-19 12:59:34.502,2026-07-19 12:59:36.403
person_ID_372,FLUSH,756,person,42,461,272,455,0.5070,2026-07-19 12:59:34.469,2026-07-19 12:59:36.840
bicycle_ID_231,FLUSH,758,bicycle,325,464,429,467,0.4812,2026-07-19 12:59:36.772,2026-07-19 12:59:37.502
person_ID_373,FLUSH,758,person,302,462,437,462,0.4294,2026-07-19 12:59:36.640,2026-07-19 12:59:38.038
bicycle_ID_232,FLUSH,759,bicycle,397,480,657,462,0.5321,2026-07-19 12:59:37.202,2026-07-19 12:59:39.706
bicycle_ID_233,FLUSH,760,bicycle,720,452,720,452,0.4991,2026-07-19 12:59:39.774,2026-07-19 12:59:39.774
bicycle_ID_234,FLUSH,761,bicycle,742,456,767,453,0.4164,2026-07-19 12:59:39.973,2026-07-19 12:59:40.642
bicycle_ID_235,FLUSH,762,bicycle,1021,514,1016,514,0.3386,2026-07-19 12:59:40.642,2026-07-19 12:59:40.674
car_ID_228,FLUSH,766,car,1033,437,1020,444,0.4279,2026-07-19 12:59:41.071,2026-07-19 12:59:41.273
bicycle_ID_238,FLUSH,765,bicycle,970,533,955,536,0.5200,2026-07-19 12:59:41.039,2026-07-19 12:59:41.574
bicycle_ID_240,FLUSH,768,bicycle,898,545,826,558,0.4434,2026-07-19 12:59:41.438,2026-07-19 12:59:41.870
person_ID_374,FLUSH,760,person,477,457,920,425,0.4937,2026-07-19 12:59:37.902,2026-07-19 12:59:42.003
bicycle_ID_237,FLUSH,764,bicycle,838,449,919,444,0.4808,2026-07-19 12:59:40.803,2026-07-19 12:59:42.003
bicycle_ID_239,FLUSH,767,bicycle,904,443,927,443,0.4128,2026-07-19 12:59:41.402,2026-07-19 12:59:42.070
truck_ID_24,FLUSH,769,truck,1005,455,947,480,0.3552,2026-07-19 12:59:41.542,2026-07-19 12:59:42.337
truck_ID_23,FLUSH,766,truck,1018,446,941,480,0.3743,2026-07-19 12:59:41.303,2026-07-19 12:59:42.402
bus_ID_18,FLUSH,769,bus,1001,458,941,480,0.7229,2026-07-19 12:59:41.574,2026-07-19 12:59:42.872
bicycle_ID_241,FLUSH,770,bicycle,701,574,532,590,0.3490,2026-07-19 12:59:42.337,2026-07-19 12:59:43.441
bicycle_ID_236,FLUSH,763,bicycle,1002,525,480,595,0.6141,2026-07-19 12:59:40.803,2026-07-19 12:59:43.642
person_ID_375,FLUSH,762,person,1014,512,452,582,0.6799,2026-07-19 12:59:40.741,2026-07-19 12:59:43.771
car_ID_229,FLUSH,771,car,1031,398,1012,403,0.3862,2026-07-19 12:59:44.471,2026-07-19 12:59:45.137
car_ID_230,FLUSH,772,car,339,456,339,456,0.4028,2026-07-19 12:59:45.037,2026-07-19 12:59:45.502
car_ID_231,FLUSH,773,car,944,409,944,409,0.3030,2026-07-19 12:59:45.137,2026-07-19 12:59:45.602
car_ID_232,FLUSH,774,car,880,414,849,416,0.3227,2026-07-19 12:59:45.502,2026-07-19 12:59:46.103
car_ID_233,FLUSH,775,car,88,457,88,457,0.4135,2026-07-19 12:59:46.103,2026-07-19 12:59:46.570
bus_ID_17,FLUSH,766,bus,1011,450,257,524,0.7984,2026-07-19 12:59:41.402,2026-07-19 12:59:48.137
bus_ID_19,FLUSH,776,bus,132,501,89,504,0.3961,2026-07-19 12:59:48.902,2026-07-19 12:59:49.837
person_ID_376,FLUSH,777,person,984,392,585,420,0.6347,2026-07-19 13:00:07.876,2026-07-19 13:00:23.139
person_ID_378,FLUSH,779,person,332,416,326,420,0.4760,2026-07-19 13:00:30.672,2026-07-19 13:00:30.939
car_ID_217,FLUSH,722,car,308,400,307,402,0.3730,2026-07-19 12:54:09.417,2026-07-19 13:00:31.542
car_ID_235,FLUSH,781,car,70,491,1025,431,0.7875,2026-07-19 13:00:34.972,2026-07-19 13:00:38.973
person_ID_379,FLUSH,782,person,67,429,67,429,0.4349,2026-07-19 13:00:39.141,2026-07-19 13:00:39.604
person_ID_377,FLUSH,778,person,584,420,33,428,0.5668,2026-07-19 13:00:22.704,2026-07-19 13:00:40.540
car_ID_236,FLUSH,778,car,28,428,26,428,0.3438,2026-07-19 13:00:40.572,2026-07-19 13:00:41.204
car_ID_237,FLUSH,783,car,1014,492,335,551,0.8394,2026-07-19 13:00:43.945,2026-07-19 13:00:46.246
car_ID_238,FLUSH,784,car,1015,485,336,561,0.8159,2026-07-19 13:01:03.873,2026-07-19 13:01:06.277
car_ID_234,FLUSH,780,car,308,400,308,400,0.3611,2026-07-19 13:00:33.139,2026-07-19 13:01:14.878
person_ID_380,FLUSH,786,person,65,477,124,474,0.4649,2026-07-19 13:01:20.743,2026-07-19 13:01:21.412
person_ID_381,FLUSH,788,person,154,471,264,476,0.5023,2026-07-19 13:01:21.078,2026-07-19 13:01:21.879
person_ID_382,FLUSH,789,person,305,475,663,452,0.5232,2026-07-19 13:01:21.579,2026-07-19 13:01:22.712
bicycle_ID_242,FLUSH,787,bicycle,76,487,663,465,0.5227,2026-07-19 13:01:20.775,2026-07-19 13:01:22.712
bicycle_ID_243,FLUSH,790,bicycle,424,482,528,469,0.3907,2026-07-19 13:01:21.946,2026-07-19 13:01:22.712
bicycle_ID_244,FLUSH,789,bicycle,672,456,768,451,0.4188,2026-07-19 13:01:22.746,2026-07-19 13:01:23.110
person_ID_383,FLUSH,787,person,678,453,710,445,0.3158,2026-07-19 13:01:22.746,2026-07-19 13:01:23.343
bicycle_ID_245,FLUSH,792,bicycle,842,446,842,446,0.5775,2026-07-19 13:01:23.410,2026-07-19 13:01:23.410
bicycle_ID_246,FLUSH,793,bicycle,826,441,873,445,0.3961,2026-07-19 13:01:23.410,2026-07-19 13:01:23.642
person_ID_384,FLUSH,792,person,745,444,971,427,0.4468,2026-07-19 13:01:23.043,2026-07-19 13:01:23.975
person_ID_385,FLUSH,794,person,859,434,874,432,0.4255,2026-07-19 13:01:23.510,2026-07-19 13:01:24.010
car_ID_240,FLUSH,791,car,73,508,1016,471,0.7390,2026-07-19 13:01:22.150,2026-07-19 13:01:25.075
car_ID_239,FLUSH,785,car,308,399,308,400,0.3395,2026-07-19 13:01:15.077,2026-07-19 13:01:35.510
car_ID_241,FLUSH,795,car,309,399,309,399,0.3137,2026-07-19 13:01:36.515,2026-07-19 13:01:36.975
car_ID_242,FLUSH,796,car,309,400,308,400,0.3185,2026-07-19 13:01:38.375,2026-07-19 13:01:41.611
car_ID_243,FLUSH,797,car,308,400,308,400,0.3334,2026-07-19 13:01:41.843,2026-07-19 13:01:43.878
car_ID_244,FLUSH,798,car,308,400,308,399,0.3204,2026-07-19 13:01:44.043,2026-07-19 13:01:49.117
car_ID_245,FLUSH,799,car,308,400,308,400,0.3494,2026-07-19 13:01:49.481,2026-07-19 13:01:51.952
car_ID_246,FLUSH,800,car,308,400,308,400,0.3066,2026-07-19 13:01:53.511,2026-07-19 13:01:53.976
car_ID_247,FLUSH,801,car,308,400,308,399,0.3271,2026-07-19 13:01:56.077,2026-07-19 13:01:57.380
car_ID_248,FLUSH,802,car,308,399,308,400,0.3144,2026-07-19 13:02:02.244,2026-07-19 13:02:04.277
car_ID_249,FLUSH,803,car,1017,476,328,540,0.8298,2026-07-19 13:02:07.719,2026-07-19 13:02:10.312
car_ID_251,FLUSH,805,car,90,538,90,538,0.6595,2026-07-19 13:02:10.612,2026-07-19 13:02:11.077
car_ID_250,FLUSH,804,car,308,400,308,400,0.3223,2026-07-19 13:02:08.981,2026-07-19 13:02:11.212
car_ID_252,FLUSH,806,car,308,399,308,399,0.3214,2026-07-19 13:02:13.145,2026-07-19 13:02:13.912
car_ID_253,FLUSH,807,car,308,400,308,399,0.3166,2026-07-19 13:02:21.149,2026-07-19 13:02:23.016
car_ID_254,FLUSH,808,car,308,399,308,399,0.3345,2026-07-19 13:02:23.513,2026-07-19 13:02:24.845
car_ID_255,FLUSH,809,car,308,399,308,402,0.3417,2026-07-19 13:02:25.012,2026-07-19 13:03:19.148
car_ID_256,FLUSH,810,car,308,403,308,401,0.3236,2026-07-19 13:03:19.948,2026-07-19 13:03:20.683
car_ID_257,FLUSH,811,car,1014,483,398,546,0.8709,2026-07-19 13:03:39.820,2026-07-19 13:03:42.450
car_ID_259,FLUSH,813,car,106,532,56,532,0.4082,2026-07-19 13:03:43.485,2026-07-19 13:03:44.286
car_ID_258,FLUSH,812,car,1015,487,720,522,0.7516,2026-07-19 13:03:43.218,2026-07-19 13:03:44.949
bus_ID_20,FLUSH,814,bus,902,488,844,496,0.5628,2026-07-19 13:03:49.584,2026-07-19 13:03:49.750
car_ID_260,FLUSH,814,car,1025,468,797,500,0.7308,2026-07-19 13:03:48.949,2026-07-19 13:03:49.884
truck_ID_26,FLUSH,814,truck,784,499,784,499,0.4952,2026-07-19 13:03:49.917,2026-07-19 13:03:50.385
truck_ID_25,FLUSH,815,truck,796,501,461,520,0.4121,2026-07-19 13:03:49.885,2026-07-19 13:03:50.749
car_ID_262,FLUSH,816,car,496,517,469,520,0.3219,2026-07-19 13:03:50.650,2026-07-19 13:03:51.150
car_ID_261,FLUSH,815,car,865,492,423,523,0.5577,2026-07-19 13:03:49.750,2026-07-19 13:03:51.249
car_ID_263,FLUSH,817,car,48,513,48,513,0.3315,2026-07-19 13:03:51.988,2026-07-19 13:03:52.453
car_ID_264,FLUSH,818,car,41,503,1033,431,0.8072,2026-07-19 13:04:14.390,2026-07-19 13:04:18.551
person_ID_386,FLUSH,820,person,1022,492,646,552,0.6636,2026-07-19 13:04:33.059,2026-07-19 13:04:35.420
bicycle_ID_247,FLUSH,819,bicycle,1019,516,489,604,0.6888,2026-07-19 13:04:32.991,2026-07-19 13:04:36.088
person_ID_387,FLUSH,821,person,607,562,481,580,0.5541,2026-07-19 13:04:35.155,2026-07-19 13:04:36.155
bicycle_ID_249,FLUSH,824,bicycle,871,550,871,550,0.5169,2026-07-19 13:04:37.355,2026-07-19 13:04:37.820
bicycle_ID_248,FLUSH,822,bicycle,1019,519,550,591,0.6653,2026-07-19 13:04:36.420,2026-07-19 13:04:39.120
person_ID_388,FLUSH,823,person,1018,503,454,568,0.6384,2026-07-19 13:04:36.520,2026-07-19 13:04:39.524
bicycle_ID_250,FLUSH,825,bicycle,648,580,457,594,0.6297,2026-07-19 13:04:38.288,2026-07-19 13:04:39.524
truck_ID_27,FLUSH,826,truck,72,472,144,473,0.4102,2026-07-19 13:04:40.263,2026-07-19 13:04:40.759
truck_ID_28,FLUSH,827,truck,75,499,173,471,0.4365,2026-07-19 13:04:40.524,2026-07-19 13:04:40.959
bus_ID_21,FLUSH,826,bus,64,468,153,473,0.5546,2026-07-19 13:04:40.223,2026-07-19 13:04:41.259
bus_ID_23,FLUSH,828,bus,305,464,552,453,0.6829,2026-07-19 13:04:41.791,2026-07-19 13:04:43.220
bus_ID_24,FLUSH,829,bus,945,430,1007,416,0.4750,2026-07-19 13:04:43.788,2026-07-19 13:04:44.755
bus_ID_22,FLUSH,827,bus,142,473,1007,414,0.7211,2026-07-19 13:04:40.760,2026-07-19 13:04:45.688
truck_ID_29,FLUSH,830,truck,943,476,437,503,0.4795,2026-07-19 13:04:50.324,2026-07-19 13:04:52.223
car_ID_265,FLUSH,830,car,1026,472,428,504,0.6148,2026-07-19 13:04:49.592,2026-07-19 13:04:52.259
truck_ID_31,FLUSH,832,truck,193,510,193,510,0.4502,2026-07-19 13:04:53.257,2026-07-19 13:04:53.257
bus_ID_26,FLUSH,832,bus,175,504,175,504,0.4765,2026-07-19 13:04:53.290,2026-07-19 13:04:53.356
car_ID_267,FLUSH,832,car,157,504,157,504,0.5515,2026-07-19 13:04:53.389,2026-07-19 13:04:53.521
bus_ID_25,FLUSH,831,bus,178,504,112,508,0.3761,2026-07-19 13:04:53.257,2026-07-19 13:04:53.789
truck_ID_30,FLUSH,831,truck,887,479,66,504,0.4565,2026-07-19 13:04:50.593,2026-07-19 13:04:54.160
car_ID_268,FLUSH,833,car,66,504,66,504,0.3527,2026-07-19 13:04:54.193,2026-07-19 13:04:54.656
car_ID_266,FLUSH,831,car,931,479,40,498,0.4758,2026-07-19 13:04:50.495,2026-07-19 13:04:55.120
person_ID_389,FLUSH,835,person,76,468,83,468,0.3592,2026-07-19 13:05:47.126,2026-07-19 13:05:47.659
bicycle_ID_252,FLUSH,836,bicycle,179,482,184,483,0.3244,2026-07-19 13:05:47.994,2026-07-19 13:05:48.094
bicycle_ID_254,FLUSH,839,bicycle,57,490,60,489,0.5225,2026-07-19 13:05:48.294,2026-07-19 13:05:48.824
person_ID_390,FLUSH,836,person,98,469,239,472,0.4767,2026-07-19 13:05:47.294,2026-07-19 13:05:49.023
bicycle_ID_253,FLUSH,837,bicycle,46,488,163,495,0.5261,2026-07-19 13:05:48.126,2026-07-19 13:05:49.557
bicycle_ID_255,FLUSH,842,bicycle,388,488,408,487,0.5062,2026-07-19 13:05:49.657,2026-07-19 13:05:49.791
person_ID_393,FLUSH,837,person,151,485,170,485,0.3947,2026-07-19 13:05:49.593,2026-07-19 13:05:50.257
person_ID_392,FLUSH,841,person,301,475,410,473,0.4258,2026-07-19 13:05:49.023,2026-07-19 13:05:50.323
person_ID_391,FLUSH,838,person,41,470,231,479,0.4912,2026-07-19 13:05:48.164,2026-07-19 13:05:50.356
person_ID_395,FLUSH,844,person,198,487,198,487,0.3030,2026-07-19 13:05:50.056,2026-07-19 13:05:50.524
person_ID_396,FLUSH,845,person,213,486,213,486,0.3279,2026-07-19 13:05:50.157,2026-07-19 13:05:50.623
bicycle_ID_257,FLUSH,846,bicycle,482,484,496,483,0.5256,2026-07-19 13:05:50.356,2026-07-19 13:05:50.923
bicycle_ID_258,FLUSH,848,bicycle,307,498,307,498,0.3066,2026-07-19 13:05:50.856,2026-07-19 13:05:51.324
bicycle_ID_259,FLUSH,849,bicycle,459,489,472,490,0.3175,2026-07-19 13:05:51.856,2026-07-19 13:05:52.357
bicycle_ID_260,FLUSH,850,bicycle,687,467,762,459,0.4752,2026-07-19 13:05:51.956,2026-07-19 13:05:52.592
bicycle_ID_251,FLUSH,834,bicycle,47,471,848,451,0.5682,2026-07-19 13:05:46.727,2026-07-19 13:05:53.395
bicycle_ID_263,FLUSH,853,bicycle,947,444,948,444,0.4456,2026-07-19 13:05:54.324,2026-07-19 13:05:54.391
bicycle_ID_262,FLUSH,852,bicycle,853,451,1006,442,0.4825,2026-07-19 13:05:53.461,2026-07-19 13:05:54.891
bicycle_ID_256,FLUSH,843,bicycle,212,498,844,457,0.5239,2026-07-19 13:05:49.756,2026-07-19 13:05:54.956
person_ID_394,FLUSH,842,person,425,476,1026,427,0.5510,2026-07-19 13:05:49.932,2026-07-19 13:05:55.091
bicycle_ID_264,FLUSH,854,bicycle,1011,439,1011,439,0.3493,2026-07-19 13:05:54.956,2026-07-19 13:05:55.424
person_ID_398,FLUSH,843,person,811,456,842,452,0.3826,2026-07-19 13:05:54.691,2026-07-19 13:05:55.456
car_ID_269,FLUSH,842,car,1029,431,1032,432,0.5483,2026-07-19 13:05:55.191,2026-07-19 13:05:55.726
bicycle_ID_265,FLUSH,855,bicycle,945,444,945,444,0.4385,2026-07-19 13:05:55.759,2026-07-19 13:05:56.223
person_ID_397,FLUSH,847,person,306,484,1015,426,0.5709,2026-07-19 13:05:50.456,2026-07-19 13:05:56.693
bicycle_ID_261,FLUSH,851,bicycle,643,474,1000,440,0.4648,2026-07-19 13:05:52.923,2026-07-19 13:05:56.825
bicycle_ID_266,FLUSH,847,bicycle,1020,437,1019,438,0.3279,2026-07-19 13:05:56.725,2026-07-19 13:05:57.224
car_ID_270,FLUSH,856,car,1023,486,364,566,0.8021,2026-07-19 13:06:09.396,2026-07-19 13:06:12.393
car_ID_271,FLUSH,857,car,306,402,307,402,0.3471,2026-07-19 13:06:11.464,2026-07-19 13:06:12.892
car_ID_272,FLUSH,858,car,1034,402,1020,402,0.3935,2026-07-19 13:06:14.093,2026-07-19 13:06:15.361
person_ID_399,FLUSH,858,person,1011,396,1016,395,0.3086,2026-07-19 13:06:15.392,2026-07-19 13:06:15.892
person_ID_401,FLUSH,860,person,872,398,865,398,0.3707,2026-07-19 13:06:21.498,2026-07-19 13:06:22.129
person_ID_400,FLUSH,859,person,962,397,746,411,0.4030,2026-07-19 13:06:17.464,2026-07-19 13:06:26.031
bicycle_ID_267,FLUSH,861,bicycle,586,432,584,431,0.3939,2026-07-19 13:06:29.868,2026-07-19 13:06:30.098
person_ID_402,FLUSH,861,person,579,426,547,411,0.4202,2026-07-19 13:06:30.134,2026-07-19 13:06:31.432
person_ID_403,FLUSH,862,person,527,428,526,428,0.3714,2026-07-19 13:06:31.565,2026-07-19 13:06:32.067
person_ID_404,FLUSH,864,person,204,424,160,429,0.3665,2026-07-19 13:06:41.367,2026-07-19 13:06:43.065
person_ID_405,FLUSH,866,person,57,428,32,421,0.3748,2026-07-19 13:06:45.594,2026-07-19 13:06:46.995
person_ID_406,FLUSH,867,person,1031,390,1027,393,0.4498,2026-07-19 13:06:50.465,2026-07-19 13:06:51.167
person_ID_408,FLUSH,869,person,1034,388,962,398,0.4247,2026-07-19 13:06:53.863,2026-07-19 13:06:57.763
person_ID_407,FLUSH,868,person,1002,391,749,410,0.4984,2026-07-19 13:06:51.630,2026-07-19 13:07:00.599
person_ID_410,FLUSH,871,person,934,396,815,408,0.4413,2026-07-19 13:06:57.830,2026-07-19 13:07:02.398
person_ID_411,FLUSH,872,person,601,424,601,427,0.3711,2026-07-19 13:07:04.096,2026-07-19 13:07:04.630
person_ID_409,FLUSH,870,person,1015,390,732,414,0.5134,2026-07-19 13:06:54.731,2026-07-19 13:07:05.330
person_ID_412,FLUSH,873,person,680,415,664,417,0.3677,2026-07-19 13:07:06.395,2026-07-19 13:07:07.295
person_ID_413,FLUSH,874,person,596,426,461,425,0.4619,2026-07-19 13:07:08.737,2026-07-19 13:07:12.763
person_ID_415,FLUSH,876,person,419,427,401,425,0.3892,2026-07-19 13:07:13.295,2026-07-19 13:07:14.296
car_ID_273,FLUSH,877,car,1013,486,475,547,0.7944,2026-07-19 13:07:16.234,2026-07-19 13:07:17.996
person_ID_417,FLUSH,879,person,300,420,276,423,0.4201,2026-07-19 13:07:17.131,2026-07-19 13:07:18.364
car_ID_274,FLUSH,880,car,107,536,98,536,0.4536,2026-07-19 13:07:18.364,2026-07-19 13:07:18.864
person_ID_414,FLUSH,875,person,295,425,32,432,0.4847,2026-07-19 13:07:12.095,2026-07-19 13:07:19.696
person_ID_418,FLUSH,881,person,255,420,124,429,0.4621,2026-07-19 13:07:18.495,2026-07-19 13:07:22.267
person_ID_416,FLUSH,878,person,291,428,102,427,0.5374,2026-07-19 13:07:16.769,2026-07-19 13:07:22.932
person_ID_420,FLUSH,883,person,70,428,53,427,0.4394,2026-07-19 13:07:23.431,2026-07-19 13:07:24.532
person_ID_419,FLUSH,882,person,86,431,26,418,0.4417,2026-07-19 13:07:22.467,2026-07-19 13:07:25.564
bicycle_ID_268,FLUSH,884,bicycle,62,499,92,498,0.3775,2026-07-19 13:07:34.968,2026-07-19 13:07:35.101
person_ID_421,FLUSH,885,person,45,481,236,471,0.4837,2026-07-19 13:07:34.968,2026-07-19 13:07:36.235
bicycle_ID_269,FLUSH,887,bicycle,360,491,360,491,0.3351,2026-07-19 13:07:36.268,2026-07-19 13:07:36.268
bicycle_ID_270,FLUSH,888,bicycle,392,486,415,484,0.4587,2026-07-19 13:07:36.368,2026-07-19 13:07:36.435
person_ID_422,FLUSH,886,person,302,479,315,476,0.4801,2026-07-19 13:07:36.035,2026-07-19 13:07:36.535
bicycle_ID_271,FLUSH,889,bicycle,474,479,474,479,0.4420,2026-07-19 13:07:36.699,2026-07-19 13:07:36.699
person_ID_423,FLUSH,887,person,373,470,417,467,0.5092,2026-07-19 13:07:36.301,2026-07-19 13:07:36.932
person_ID_424,FLUSH,888,person,449,469,559,458,0.4432,2026-07-19 13:07:36.604,2026-07-19 13:07:37.533
bicycle_ID_272,FLUSH,891,bicycle,623,471,681,464,0.4818,2026-07-19 13:07:37.332,2026-07-19 13:07:37.597
person_ID_425,FLUSH,890,person,591,457,678,452,0.5539,2026-07-19 13:07:37.237,2026-07-19 13:07:37.698
person_ID_426,FLUSH,891,person,690,456,719,449,0.3294,2026-07-19 13:07:37.633,2026-07-19 13:07:38.265
bicycle_ID_273,FLUSH,890,bicycle,707,460,1010,442,0.4160,2026-07-19 13:07:37.734,2026-07-19 13:07:39.365
person_ID_427,FLUSH,892,person,740,444,1028,421,0.5351,2026-07-19 13:07:37.933,2026-07-19 13:07:39.997
bicycle_ID_274,FLUSH,894,bicycle,50,478,128,486,0.4888,2026-07-19 13:08:52.636,2026-07-19 13:08:53.606
person_ID_429,FLUSH,895,person,55,466,226,467,0.5679,2026-07-19 13:08:52.706,2026-07-19 13:08:54.270
person_ID_431,FLUSH,897,person,407,467,431,465,0.4699,2026-07-19 13:08:54.869,2026-07-19 13:08:55.437
bicycle_ID_275,FLUSH,899,bicycle,492,486,514,486,0.3878,2026-07-19 13:08:55.336,2026-07-19 13:08:55.910
person_ID_432,FLUSH,898,person,467,467,646,453,0.4861,2026-07-19 13:08:55.206,2026-07-19 13:08:56.273
bicycle_ID_276,FLUSH,893,bicycle,224,428,224,428,0.3814,2026-07-19 13:08:58.769,2026-07-19 13:08:58.769
person_ID_433,FLUSH,900,person,749,441,1031,417,0.5994,2026-07-19 13:08:56.873,2026-07-19 13:08:59.569
person_ID_428,FLUSH,893,person,27,426,322,423,0.5257,2026-07-19 13:08:52.103,2026-07-19 13:09:02.004
person_ID_434,FLUSH,902,person,344,426,441,421,0.3952,2026-07-19 13:09:02.104,2026-07-19 13:09:05.437
person_ID_430,FLUSH,896,person,28,427,468,418,0.4973,2026-07-19 13:08:53.168,2026-07-19 13:09:06.804
person_ID_435,FLUSH,903,person,436,422,502,421,0.3888,2026-07-19 13:09:04.542,2026-07-19 13:09:07.804
person_ID_437,FLUSH,905,person,483,422,519,414,0.3631,2026-07-19 13:09:06.404,2026-07-19 13:09:08.269
person_ID_438,FLUSH,906,person,515,419,541,423,0.3617,2026-07-19 13:09:07.337,2026-07-19 13:09:08.904
person_ID_439,FLUSH,907,person,549,419,558,416,0.4118,2026-07-19 13:09:08.439,2026-07-19 13:09:09.404
person_ID_436,FLUSH,904,person,467,427,600,424,0.4206,2026-07-19 13:09:05.437,2026-07-19 13:09:09.638
bicycle_ID_278,FLUSH,912,bicycle,1020,504,887,527,0.6260,2026-07-19 13:09:11.870,2026-07-19 13:09:12.306
person_ID_441,FLUSH,909,person,660,420,724,408,0.3917,2026-07-19 13:09:10.843,2026-07-19 13:09:13.106
person_ID_442,FLUSH,911,person,1009,494,547,527,0.6342,2026-07-19 13:09:11.705,2026-07-19 13:09:13.106
person_ID_443,FLUSH,913,person,1002,499,740,523,0.4453,2026-07-19 13:09:11.970,2026-07-19 13:09:13.170
bicycle_ID_279,FLUSH,914,bicycle,872,524,748,530,0.5341,2026-07-19 13:09:12.139,2026-07-19 13:09:13.170
person_ID_444,FLUSH,916,person,702,522,636,523,0.3992,2026-07-19 13:09:12.840,2026-07-19 13:09:13.440
person_ID_445,FLUSH,917,person,503,531,477,535,0.4946,2026-07-19 13:09:13.340,2026-07-19 13:09:13.843
bicycle_ID_280,FLUSH,911,bicycle,508,553,480,558,0.4271,2026-07-19 13:09:13.306,2026-07-19 13:09:13.843
person_ID_446,FLUSH,918,person,411,533,431,535,0.4373,2026-07-19 13:09:13.340,2026-07-19 13:09:13.940
bicycle_ID_277,FLUSH,910,bicycle,1019,512,429,560,0.5626,2026-07-19 13:09:11.642,2026-07-19 13:09:13.940
person_ID_448,FLUSH,921,person,978,399,978,399,0.4727,2026-07-19 13:09:22.609,2026-07-19 13:09:23.070
person_ID_447,FLUSH,919,person,749,413,1034,398,0.5127,2026-07-19 13:09:13.471,2026-07-19 13:09:24.038
car_ID_275,FLUSH,920,car,1026,475,460,543,0.6799,2026-07-19 13:09:22.438,2026-07-19 13:09:24.673
person_ID_440,FLUSH,908,person,614,415,1034,393,0.5055,2026-07-19 13:09:10.440,2026-07-19 13:09:25.173
person_ID_449,FLUSH,923,person,1012,490,762,516,0.5640,2026-07-19 13:09:26.938,2026-07-19 13:09:28.570
person_ID_450,FLUSH,924,person,593,543,469,546,0.5294,2026-07-19 13:09:28.812,2026-07-19 13:09:29.713
person_ID_451,FLUSH,927,person,1019,503,473,565,0.6796,2026-07-19 13:10:46.317,2026-07-19 13:10:49.342
bicycle_ID_281,FLUSH,926,bicycle,1016,528,452,599,0.7395,2026-07-19 13:10:46.245,2026-07-19 13:10:49.410
truck_ID_33,FLUSH,928,truck,114,484,226,484,0.4408,2026-07-19 13:11:07.810,2026-07-19 13:11:08.578
truck_ID_32,FLUSH,929,truck,104,485,231,483,0.4186,2026-07-19 13:11:07.711,2026-07-19 13:11:08.743
bus_ID_27,FLUSH,929,bus,543,474,543,474,0.3039,2026-07-19 13:11:10.078,2026-07-19 13:11:10.078
car_ID_276,FLUSH,928,car,41,490,851,450,0.5331,2026-07-19 13:11:06.816,2026-07-19 13:11:11.478
truck_ID_34,FLUSH,928,truck,505,473,857,449,0.4088,2026-07-19 13:11:09.911,2026-07-19 13:11:11.984
truck_ID_35,FLUSH,929,truck,514,475,993,434,0.4238,2026-07-19 13:11:09.943,2026-07-19 13:11:12.384
bus_ID_28,FLUSH,929,bus,973,439,996,434,0.5304,2026-07-19 13:11:12.184,2026-07-19 13:11:12.483
bus_ID_29,FLUSH,930,bus,992,435,992,435,0.3636,2026-07-19 13:11:12.417,2026-07-19 13:11:12.883
car_ID_277,FLUSH,929,car,226,484,1030,423,0.6116,2026-07-19 13:11:08.578,2026-07-19 13:11:13.246
bus_ID_30,FLUSH,931,bus,198,493,198,493,0.3377,2026-07-19 13:11:24.983,2026-07-19 13:11:24.983
truck_ID_36,FLUSH,931,truck,210,493,210,493,0.3264,2026-07-19 13:11:25.015,2026-07-19 13:11:25.015
car_ID_279,FLUSH,932,car,324,489,324,489,0.6078,2026-07-19 13:11:25.385,2026-07-19 13:11:25.849
truck_ID_37,FLUSH,931,truck,662,470,877,449,0.5154,2026-07-19 13:11:26.348,2026-07-19 13:11:27.112
bus_ID_31,FLUSH,931,bus,895,448,895,448,0.4502,2026-07-19 13:11:27.179,2026-07-19 13:11:27.179
truck_ID_38,FLUSH,933,truck,642,471,927,445,0.5100,2026-07-19 13:11:26.348,2026-07-19 13:11:27.312
car_ID_278,FLUSH,931,car,44,493,927,445,0.7349,2026-07-19 13:11:24.216,2026-07-19 13:11:27.780
bus_ID_32,FLUSH,933,bus,986,438,1005,433,0.5311,2026-07-19 13:11:27.647,2026-07-19 13:11:27.847
car_ID_280,FLUSH,933,car,688,466,1036,419,0.6066,2026-07-19 13:11:26.447,2026-07-19 13:11:28.580
person_ID_452,FLUSH,935,person,1016,508,454,565,0.7143,2026-07-19 13:11:45.013,2026-07-19 13:11:48.481
bicycle_ID_282,FLUSH,934,bicycle,1017,527,447,597,0.7153,2026-07-19 13:11:44.949,2026-07-19 13:11:48.548
person_ID_453,FLUSH,937,person,1017,505,450,568,0.6760,2026-07-19 13:11:46.756,2026-07-19 13:11:50.281
bicycle_ID_283,FLUSH,936,bicycle,1018,532,452,588,0.7441,2026-07-19 13:11:46.687,2026-07-19 13:11:50.281
bicycle_ID_285,FLUSH,940,bicycle,649,543,606,550,0.4913,2026-07-19 13:11:50.148,2026-07-19 13:11:50.848
person_ID_454,FLUSH,939,person,1018,487,462,549,0.5754,2026-07-19 13:11:47.781,2026-07-19 13:11:51.613
bicycle_ID_284,FLUSH,938,bicycle,1018,502,462,572,0.5958,2026-07-19 13:11:47.648,2026-07-19 13:11:51.613
car_ID_281,FLUSH,941,car,41,491,233,487,0.5434,2026-07-19 13:11:50.681,2026-07-19 13:11:52.317
truck_ID_39,FLUSH,942,truck,752,466,971,443,0.3666,2026-07-19 13:11:53.755,2026-07-19 13:11:54.713
bus_ID_33,FLUSH,942,bus,979,442,987,440,0.4836,2026-07-19 13:11:54.781,2026-07-19 13:11:54.848
truck_ID_40,FLUSH,943,truck,985,440,985,440,0.3351,2026-07-19 13:11:54.881,2026-07-19 13:11:55.348
car_ID_282,FLUSH,942,car,414,483,1033,424,0.6529,2026-07-19 13:11:52.585,2026-07-19 13:11:55.748
car_ID_283,FLUSH,944,car,117,529,117,529,0.4206,2026-07-19 13:12:38.787,2026-07-19 13:12:39.254
car_ID_284,FLUSH,945,car,437,538,1025,468,0.7843,2026-07-19 13:12:39.319,2026-07-19 13:12:40.983
bicycle_ID_286,FLUSH,946,bicycle,919,404,879,407,0.4129,2026-07-19 13:12:45.519,2026-07-19 13:12:46.416
person_ID_456,FLUSH,948,person,889,405,889,405,0.4135,2026-07-19 13:12:46.183,2026-07-19 13:12:46.651
bicycle_ID_287,FLUSH,949,bicycle,822,422,813,423,0.3686,2026-07-19 13:12:47.483,2026-07-19 13:12:48.117
person_ID_455,FLUSH,946,person,1032,394,711,416,0.5119,2026-07-19 13:12:42.950,2026-07-19 13:12:49.922
person_ID_457,FLUSH,950,person,630,418,431,422,0.4710,2026-07-19 13:12:50.751,2026-07-19 13:12:53.956
person_ID_458,FLUSH,951,person,408,417,372,428,0.4677,2026-07-19 13:12:53.856,2026-07-19 13:12:54.786
car_ID_285,FLUSH,952,car,306,402,304,404,0.4897,2026-07-19 13:12:54.817,2026-07-19 13:12:55.216
bicycle_ID_288,FLUSH,952,bicycle,294,434,277,440,0.3547,2026-07-19 13:12:55.317,2026-07-19 13:12:55.816
car_ID_286,FLUSH,953,car,1013,491,359,549,0.7747,2026-07-19 13:12:56.651,2026-07-19 13:12:59.052
car_ID_287,FLUSH,954,car,307,402,306,402,0.3307,2026-07-19 13:12:57.684,2026-07-19 13:12:59.052
person_ID_459,FLUSH,952,person,295,420,37,421,0.5714,2026-07-19 13:12:55.252,2026-07-19 13:12:59.657
car_ID_288,FLUSH,955,car,1015,490,389,557,0.7503,2026-07-19 13:13:13.053,2026-07-19 13:13:14.753
car_ID_289,FLUSH,956,car,307,401,307,402,0.3556,2026-07-19 13:13:13.920,2026-07-19 13:13:14.853
car_ID_291,FLUSH,958,car,307,402,306,402,0.3075,2026-07-19 13:13:25.053,2026-07-19 13:13:25.553
car_ID_292,FLUSH,959,car,307,402,306,401,0.3338,2026-07-19 13:13:26.089,2026-07-19 13:13:27.522
car_ID_290,FLUSH,957,car,57,493,1030,440,0.7820,2026-07-19 13:13:24.120,2026-07-19 13:13:29.686
car_ID_293,FLUSH,960,car,306,400,306,400,0.3493,2026-07-19 13:14:11.291,2026-07-19 13:14:11.756
car_ID_294,FLUSH,961,car,79,507,218,504,0.5595,2026-07-19 13:14:16.892,2026-07-19 13:14:17.959
car_ID_296,FLUSH,963,car,305,400,306,401,0.3553,2026-07-19 13:14:18.392,2026-07-19 13:14:19.725
car_ID_295,FLUSH,962,car,405,496,1029,438,0.7652,2026-07-19 13:14:18.162,2026-07-19 13:14:21.488
car_ID_298,FLUSH,965,car,305,401,306,401,0.3346,2026-07-19 13:14:38.059,2026-07-19 13:14:38.557
car_ID_297,FLUSH,964,car,78,529,1027,454,0.7865,2026-07-19 13:14:36.862,2026-07-19 13:14:41.057
car_ID_300,FLUSH,967,car,306,401,306,401,0.3326,2026-07-19 13:14:52.362,2026-07-19 13:14:53.235
car_ID_299,FLUSH,966,car,1007,495,394,558,0.8748,2026-07-19 13:14:51.362,2026-07-19 13:14:53.358
person_ID_460,FLUSH,968,person,49,472,228,470,0.5642,2026-07-19 13:15:09.497,2026-07-19 13:15:10.433
bicycle_ID_290,FLUSH,969,bicycle,56,484,221,488,0.5532,2026-07-19 13:15:09.530,2026-07-19 13:15:10.833
bicycle_ID_289,FLUSH,968,bicycle,45,476,248,474,0.5844,2026-07-19 13:15:09.462,2026-07-19 13:15:10.933
person_ID_461,FLUSH,971,person,376,469,376,469,0.5632,2026-07-19 13:15:11.129,2026-07-19 13:15:11.594
person_ID_462,FLUSH,972,person,422,465,422,465,0.3351,2026-07-19 13:15:11.327,2026-07-19 13:15:11.795
person_ID_463,FLUSH,973,person,459,464,653,450,0.4648,2026-07-19 13:15:11.460,2026-07-19 13:15:12.794
person_ID_464,FLUSH,974,person,751,445,751,445,0.6416,2026-07-19 13:15:12.859,2026-07-19 13:15:13.327
bicycle_ID_292,FLUSH,975,bicycle,976,433,981,434,0.4385,2026-07-19 13:15:14.127,2026-07-19 13:15:14.159
bicycle_ID_291,FLUSH,970,bicycle,320,486,1005,435,0.5610,2026-07-19 13:15:10.833,2026-07-19 13:15:14.359
person_ID_465,FLUSH,975,person,786,440,986,430,0.4800,2026-07-19 13:15:13.060,2026-07-19 13:15:14.659
person_ID_466,FLUSH,977,person,1012,511,482,572,0.6896,2026-07-19 13:15:28.333,2026-07-19 13:15:30.859
bicycle_ID_293,FLUSH,976,bicycle,1019,518,474,600,0.6997,2026-07-19 13:15:28.231,2026-07-19 13:15:30.895
person_ID_467,FLUSH,979,person,1021,482,455,566,0.6960,2026-07-19 13:15:31.559,2026-07-19 13:15:34.361
bicycle_ID_294,FLUSH,978,bicycle,1018,507,455,589,0.7952,2026-07-19 13:15:31.527,2026-07-19 13:15:34.361
bicycle_ID_295,FLUSH,980,bicycle,1021,508,1012,512,0.4634,2026-07-19 13:15:49.096,2026-07-19 13:15:49.128
bicycle_ID_296,FLUSH,981,bicycle,1003,519,934,533,0.5573,2026-07-19 13:15:49.228,2026-07-19 13:15:49.531
bicycle_ID_297,FLUSH,982,bicycle,975,528,747,557,0.4793,2026-07-19 13:15:49.360,2026-07-19 13:15:50.696
person_ID_468,FLUSH,980,person,1006,508,462,570,0.6919,2026-07-19 13:15:49.196,2026-07-19 13:15:51.597
bicycle_ID_298,FLUSH,983,bicycle,865,542,460,586,0.6600,2026-07-19 13:15:49.828,2026-07-19 13:15:51.597
car_ID_302,FLUSH,986,car,308,402,307,402,0.3583,2026-07-19 13:16:27.402,2026-07-19 13:16:28.698
car_ID_301,FLUSH,985,car,70,511,1030,437,0.7052,2026-07-19 13:16:27.001,2026-07-19 13:16:30.165
car_ID_304,FLUSH,988,car,307,401,307,402,0.3995,2026-07-19 13:16:34.731,2026-07-19 13:16:35.866
car_ID_303,FLUSH,987,car,54,497,1033,431,0.7396,2026-07-19 13:16:33.473,2026-07-19 13:16:37.667
person_ID_469,FLUSH,991,person,49,496,103,493,0.4655,2026-07-19 13:16:53.068,2026-07-19 13:16:53.501
person_ID_470,FLUSH,989,person,142,476,212,471,0.3760,2026-07-19 13:16:53.632,2026-07-19 13:16:54.132
bicycle_ID_299,FLUSH,989,bicycle,40,469,228,504,0.3666,2026-07-19 13:16:52.633,2026-07-19 13:16:54.200
bicycle_ID_300,FLUSH,990,bicycle,49,473,148,515,0.5067,2026-07-19 13:16:52.800,2026-07-19 13:16:54.200
person_ID_471,FLUSH,992,person,226,469,238,470,0.3988,2026-07-19 13:16:54.233,2026-07-19 13:16:54.770
car_ID_305,FLUSH,993,car,306,402,306,402,0.3672,2026-07-19 13:16:54.606,2026-07-19 13:16:55.070
car_ID_306,FLUSH,998,car,306,401,306,401,0.3137,2026-07-19 13:16:55.400,2026-07-19 13:16:55.867
person_ID_474,FLUSH,996,person,388,459,392,459,0.3271,2026-07-19 13:16:55.367,2026-07-19 13:16:55.867
bicycle_ID_301,FLUSH,991,bicycle,44,515,498,495,0.5146,2026-07-19 13:16:52.932,2026-07-19 13:16:56.200
person_ID_473,FLUSH,995,person,373,461,506,453,0.4198,2026-07-19 13:16:55.267,2026-07-19 13:16:56.671
bicycle_ID_305,FLUSH,1002,bicycle,625,491,741,483,0.6194,2026-07-19 13:16:56.601,2026-07-19 13:16:57.333
car_ID_307,FLUSH,1003,car,306,401,307,401,0.3455,2026-07-19 13:16:57.770,2026-07-19 13:16:58.600
person_ID_475,FLUSH,1001,person,544,453,848,438,0.4607,2026-07-19 13:16:56.500,2026-07-19 13:16:58.867
bicycle_ID_303,FLUSH,999,bicycle,462,472,834,448,0.4099,2026-07-19 13:16:55.867,2026-07-19 13:16:58.900
bicycle_ID_306,FLUSH,1001,bicycle,850,443,853,445,0.3094,2026-07-19 13:16:58.900,2026-07-19 13:16:59.400
bicycle_ID_307,FLUSH,1004,bicycle,891,441,943,439,0.4099,2026-07-19 13:16:59.301,2026-07-19 13:16:59.767
bicycle_ID_309,FLUSH,994,bicycle,1021,439,1021,439,0.3030,2026-07-19 13:16:59.902,2026-07-19 13:16:59.934
person_ID_472,FLUSH,994,person,393,479,1026,433,0.6246,2026-07-19 13:16:55.167,2026-07-19 13:16:59.967
bicycle_ID_308,FLUSH,1005,bicycle,1002,452,1013,446,0.5397,2026-07-19 13:16:59.732,2026-07-19 13:17:00.271
person_ID_476,FLUSH,999,person,854,433,951,426,0.5625,2026-07-19 13:16:58.932,2026-07-19 13:17:00.304
bicycle_ID_302,FLUSH,997,bicycle,430,499,1022,443,0.6315,2026-07-19 13:16:55.367,2026-07-19 13:17:00.336
bicycle_ID_304,FLUSH,1000,bicycle,531,468,964,431,0.4124,2026-07-19 13:16:56.367,2026-07-19 13:17:00.439
person_ID_477,FLUSH,1004,person,994,426,1024,423,0.3732,2026-07-19 13:17:00.271,2026-07-19 13:17:00.667
bicycle_ID_310,FLUSH,1006,bicycle,41,473,197,473,0.4722,2026-07-19 13:17:00.700,2026-07-19 13:17:02.004
person_ID_478,FLUSH,1007,person,49,467,184,467,0.4799,2026-07-19 13:17:00.900,2026-07-19 13:17:02.037
bicycle_ID_312,FLUSH,1007,bicycle,200,473,200,473,0.3066,2026-07-19 13:17:02.069,2026-07-19 13:17:02.532
person_ID_479,FLUSH,1009,person,64,484,215,483,0.4256,2026-07-19 13:17:01.332,2026-07-19 13:17:02.900
person_ID_480,FLUSH,1006,person,197,470,249,474,0.4351,2026-07-19 13:17:02.037,2026-07-19 13:17:03.067
person_ID_481,FLUSH,1010,person,308,483,525,469,0.5012,2026-07-19 13:17:03.000,2026-07-19 13:17:05.000
bicycle_ID_311,FLUSH,1008,bicycle,41,499,730,476,0.6097,2026-07-19 13:17:00.968,2026-07-19 13:17:05.872
person_ID_483,FLUSH,1013,person,647,451,647,451,0.3101,2026-07-19 13:17:05.472,2026-07-19 13:17:05.936
person_ID_482,FLUSH,1011,person,587,474,720,446,0.3717,2026-07-19 13:17:04.900,2026-07-19 13:17:06.037
car_ID_308,FLUSH,1014,car,306,401,306,400,0.3856,2026-07-19 13:17:05.872,2026-07-19 13:17:06.433
bicycle_ID_314,FLUSH,1011,bicycle,726,455,788,452,0.3771,2026-07-19 13:17:06.144,2026-07-19 13:17:07.100
bicycle_ID_315,FLUSH,1017,bicycle,841,445,964,435,0.4152,2026-07-19 13:17:07.100,2026-07-19 13:17:08.401
bicycle_ID_316,FLUSH,1008,bicycle,971,442,1017,436,0.4180,2026-07-19 13:17:07.932,2026-07-19 13:17:08.468
bicycle_ID_313,FLUSH,1012,bicycle,708,481,1021,438,0.6527,2026-07-19 13:17:05.638,2026-07-19 13:17:08.567
person_ID_484,FLUSH,1008,person,741,464,1027,419,0.4893,2026-07-19 13:17:05.906,2026-07-19 13:17:09.032
person_ID_485,FLUSH,1016,person,723,440,999,422,0.4410,2026-07-19 13:17:06.144,2026-07-19 13:17:09.167
car_ID_309,FLUSH,1018,car,306,401,306,401,0.3030,2026-07-19 13:17:14.336,2026-07-19 13:17:14.806
car_ID_310,FLUSH,1019,car,307,401,307,401,0.3208,2026-07-19 13:17:16.406,2026-07-19 13:17:16.872
car_ID_311,FLUSH,1020,car,1020,485,374,553,0.8207,2026-07-19 13:17:22.168,2026-07-19 13:17:25.004
car_ID_312,FLUSH,1021,car,306,401,307,401,0.3597,2026-07-19 13:17:23.633,2026-07-19 13:17:25.302
car_ID_313,FLUSH,1022,car,306,401,306,401,0.3448,2026-07-19 13:17:25.968,2026-07-19 13:17:27.402
car_ID_314,FLUSH,1023,car,307,401,307,401,0.3279,2026-07-19 13:17:29.168,2026-07-19 13:17:29.633
car_ID_315,FLUSH,1024,car,306,401,307,401,0.3263,2026-07-19 13:17:29.833,2026-07-19 13:17:31.334
car_ID_316,FLUSH,1025,car,307,401,306,401,0.3611,2026-07-19 13:17:33.001,2026-07-19 13:17:33.501
car_ID_317,FLUSH,1026,car,306,400,307,401,0.3417,2026-07-19 13:17:35.301,2026-07-19 13:17:37.509
car_ID_318,FLUSH,1027,car,306,400,307,401,0.3275,2026-07-19 13:17:39.034,2026-07-19 13:17:39.801
car_ID_319,FLUSH,1028,car,307,401,307,401,0.3739,2026-07-19 13:17:40.269,2026-07-19 13:17:40.801
car_ID_320,FLUSH,1029,car,307,401,306,401,0.3402,2026-07-19 13:17:43.005,2026-07-19 13:17:44.037
car_ID_321,FLUSH,1030,car,307,400,306,401,0.3098,2026-07-19 13:17:44.775,2026-07-19 13:17:45.769
car_ID_322,FLUSH,1031,car,307,402,307,402,0.3600,2026-07-19 13:17:54.938,2026-07-19 13:17:55.407
car_ID_324,FLUSH,1033,car,307,402,307,402,0.3613,2026-07-19 13:18:12.403,2026-07-19 13:18:15.271
car_ID_323,FLUSH,1032,car,74,494,1030,433,0.7786,2026-07-19 13:18:12.203,2026-07-19 13:18:16.503
car_ID_326,FLUSH,1035,car,307,402,307,402,0.3231,2026-07-19 13:18:31.043,2026-07-19 13:18:31.772
car_ID_325,FLUSH,1034,car,1020,477,405,545,0.7273,2026-07-19 13:18:29.876,2026-07-19 13:18:31.873
car_ID_327,FLUSH,1036,car,307,402,307,402,0.3173,2026-07-19 13:18:35.740,2026-07-19 13:18:36.204
car_ID_328,FLUSH,1037,car,306,401,307,401,0.3135,2026-07-19 13:18:38.444,2026-07-19 13:18:39.176
car_ID_329,FLUSH,1038,car,307,401,307,401,0.3173,2026-07-19 13:18:41.140,2026-07-19 13:18:41.606
car_ID_330,FLUSH,1039,car,1026,444,1012,454,0.4762,2026-07-19 13:18:47.447,2026-07-19 13:18:47.579
truck_ID_41,FLUSH,1039,truck,959,477,959,477,0.3902,2026-07-19 13:18:48.080,2026-07-19 13:18:48.080
person_ID_486,FLUSH,1040,person,994,521,941,523,0.3687,2026-07-19 13:18:48.580,2026-07-19 13:18:49.177
truck_ID_42,FLUSH,1041,truck,856,494,856,494,0.3528,2026-07-19 13:18:48.974,2026-07-19 13:18:49.240
truck_ID_43,FLUSH,1039,truck,796,499,783,498,0.4506,2026-07-19 13:18:49.278,2026-07-19 13:18:49.774
person_ID_487,FLUSH,1042,person,842,537,739,545,0.3877,2026-07-19 13:18:49.074,2026-07-19 13:18:49.841
bus_ID_35,FLUSH,1041,bus,794,499,478,511,0.7911,2026-07-19 13:18:49.278,2026-07-19 13:18:50.706
car_ID_331,FLUSH,1043,car,307,401,307,401,0.3449,2026-07-19 13:18:49.207,2026-07-19 13:18:51.674
bus_ID_34,FLUSH,1039,bus,1009,456,290,517,0.7104,2026-07-19 13:18:47.612,2026-07-19 13:18:52.506
car_ID_332,FLUSH,1044,car,307,402,307,402,0.3219,2026-07-19 13:18:56.515,2026-07-19 13:18:57.506
car_ID_334,FLUSH,1046,car,308,403,307,402,0.3619,2026-07-19 13:19:07.476,2026-07-19 13:19:08.707
bus_ID_36,FLUSH,1045,bus,978,446,1007,438,0.5517,2026-07-19 13:19:09.541,2026-07-19 13:19:09.774
car_ID_333,FLUSH,1045,car,50,509,1029,432,0.7695,2026-07-19 13:19:06.478,2026-07-19 13:19:10.442
bicycle_ID_318,FLUSH,1049,bicycle,772,569,709,575,0.5379,2026-07-19 13:19:24.746,2026-07-19 13:19:25.011
person_ID_488,FLUSH,1048,person,1016,508,701,551,0.5749,2026-07-19 13:19:23.611,2026-07-19 13:19:25.411
bicycle_ID_319,FLUSH,1050,bicycle,576,596,543,595,0.4206,2026-07-19 13:19:25.379,2026-07-19 13:19:25.479
bicycle_ID_317,FLUSH,1047,bicycle,1016,527,473,598,0.7012,2026-07-19 13:19:23.550,2026-07-19 13:19:26.182
person_ID_489,FLUSH,1049,person,672,558,467,573,0.4971,2026-07-19 13:19:25.046,2026-07-19 13:19:26.215
car_ID_335,FLUSH,1051,car,49,496,221,499,0.6728,2026-07-19 13:19:33.879,2026-07-19 13:19:35.011
car_ID_336,FLUSH,1052,car,432,492,1032,437,0.7526,2026-07-19 13:19:35.111,2026-07-19 13:19:37.576
car_ID_337,FLUSH,1053,car,49,501,1030,431,0.8104,2026-07-19 13:19:38.343,2026-07-19 13:19:42.477
car_ID_338,FLUSH,1054,car,60,518,1031,435,0.7549,2026-07-19 13:20:10.048,2026-07-19 13:20:13.577
bicycle_ID_320,FLUSH,1055,bicycle,43,478,43,478,0.4848,2026-07-19 13:20:19.019,2026-07-19 13:20:19.019
bicycle_ID_321,FLUSH,1056,bicycle,50,488,198,488,0.5132,2026-07-19 13:20:19.081,2026-07-19 13:20:20.445
person_ID_490,FLUSH,1055,person,46,473,236,471,0.5942,2026-07-19 13:20:19.050,2026-07-19 13:20:20.678
person_ID_491,FLUSH,1057,person,412,466,521,467,0.4142,2026-07-19 13:20:21.213,2026-07-19 13:20:22.213
bicycle_ID_322,FLUSH,1058,bicycle,422,492,584,482,0.3925,2026-07-19 13:20:21.246,2026-07-19 13:20:22.213
person_ID_492,FLUSH,1058,person,552,476,648,456,0.3595,2026-07-19 13:20:21.913,2026-07-19 13:20:22.913
bicycle_ID_323,FLUSH,1059,bicycle,739,471,1021,453,0.5055,2026-07-19 13:20:22.978,2026-07-19 13:20:24.821
person_ID_493,FLUSH,1060,person,736,458,1030,439,0.5187,2026-07-19 13:20:23.013,2026-07-19 13:20:24.883
car_ID_339,FLUSH,1060,car,1032,441,1032,441,0.3707,2026-07-19 13:20:24.916,2026-07-19 13:20:25.381
bicycle_ID_324,FLUSH,1061,bicycle,46,496,149,503,0.4895,2026-07-19 13:20:42.647,2026-07-19 13:20:43.914
person_ID_494,FLUSH,1062,person,62,488,205,487,0.4999,2026-07-19 13:20:42.879,2026-07-19 13:20:44.279
person_ID_495,FLUSH,1063,person,370,479,1008,451,0.5611,2026-07-19 13:20:44.882,2026-07-19 13:20:49.114
bicycle_ID_325,FLUSH,1064,bicycle,375,502,999,464,0.5551,2026-07-19 13:20:44.883,2026-07-19 13:20:49.479
car_ID_341,FLUSH,1063,car,1028,450,1030,449,0.3293,2026-07-19 13:20:49.347,2026-07-19 13:20:49.847
car_ID_340,FLUSH,1066,car,307,403,306,403,0.3282,2026-07-19 13:20:49.079,2026-07-19 13:20:50.279
car_ID_342,FLUSH,1067,car,307,402,306,403,0.3306,2026-07-19 13:20:51.218,2026-07-19 13:20:52.215
car_ID_343,FLUSH,1068,car,307,403,307,403,0.3460,2026-07-19 13:20:52.849,2026-07-19 13:20:54.547
person_ID_496,FLUSH,1070,person,1012,372,1020,362,0.4017,2026-07-19 13:20:56.447,2026-07-19 13:20:57.079
car_ID_344,FLUSH,1069,car,306,402,307,403,0.3548,2026-07-19 13:20:54.847,2026-07-19 13:20:57.314
car_ID_345,FLUSH,1071,car,307,402,307,403,0.3453,2026-07-19 13:20:58.247,2026-07-19 13:21:01.180
person_ID_498,FLUSH,1075,person,1021,489,1021,489,0.3315,2026-07-19 13:21:02.555,2026-07-19 13:21:03.019
car_ID_346,FLUSH,1072,car,306,404,307,402,0.3288,2026-07-19 13:21:02.118,2026-07-19 13:21:03.385
bicycle_ID_326,FLUSH,1074,bicycle,1020,491,480,609,0.7175,2026-07-19 13:21:02.521,2026-07-19 13:21:06.315
person_ID_497,FLUSH,1073,person,1021,483,448,583,0.7028,2026-07-19 13:21:02.521,2026-07-19 13:21:06.415
bicycle_ID_327,FLUSH,1076,bicycle,38,498,162,509,0.4009,2026-07-19 13:21:16.853,2026-07-19 13:21:17.852
person_ID_499,FLUSH,1077,person,97,492,212,482,0.5298,2026-07-19 13:21:17.155,2026-07-19 13:21:18.016
person_ID_500,FLUSH,1079,person,545,473,622,466,0.4743,2026-07-19 13:21:18.816,2026-07-19 13:21:19.548
bicycle_ID_328,FLUSH,1078,bicycle,486,483,658,481,0.4729,2026-07-19 13:21:18.617,2026-07-19 13:21:19.716
person_ID_501,FLUSH,1081,person,779,458,1028,436,0.4877,2026-07-19 13:21:19.781,2026-07-19 13:21:21.481
bicycle_ID_329,FLUSH,1080,bicycle,745,476,1022,457,0.4541,2026-07-19 13:21:19.648,2026-07-19 13:21:21.481
car_ID_347,FLUSH,1082,car,52,505,1029,442,0.8230,2026-07-19 13:21:43.585,2026-07-19 13:21:46.885
car_ID_348,FLUSH,1083,car,1013,495,390,566,0.7509,2026-07-19 13:22:11.622,2026-07-19 13:22:13.290
bicycle_ID_331,FLUSH,1086,bicycle,38,488,134,487,0.5388,2026-07-19 13:22:25.192,2026-07-19 13:22:26.720
bicycle_ID_330,FLUSH,1084,bicycle,41,476,223,484,0.5318,2026-07-19 13:22:24.625,2026-07-19 13:22:26.752
person_ID_502,FLUSH,1085,person,47,471,237,471,0.5265,2026-07-19 13:22:24.825,2026-07-19 13:22:26.956
bicycle_ID_332,FLUSH,1088,bicycle,115,489,166,487,0.3607,2026-07-19 13:22:26.087,2026-07-19 13:22:26.956
person_ID_503,FLUSH,1087,person,37,471,226,471,0.5264,2026-07-19 13:22:25.294,2026-07-19 13:22:27.487
person_ID_504,FLUSH,1089,person,303,465,303,465,0.5989,2026-07-19 13:22:27.024,2026-07-19 13:22:27.487
person_ID_505,FLUSH,1090,person,470,460,568,457,0.4305,2026-07-19 13:22:28.352,2026-07-19 13:22:29.552
person_ID_506,FLUSH,1091,person,415,464,500,455,0.4340,2026-07-19 13:22:28.452,2026-07-19 13:22:29.552
bicycle_ID_333,FLUSH,1093,bicycle,45,497,150,500,0.6656,2026-07-19 13:22:30.458,2026-07-19 13:22:31.126
person_ID_507,FLUSH,1094,person,42,480,232,477,0.5981,2026-07-19 13:22:30.524,2026-07-19 13:22:31.891
bicycle_ID_334,FLUSH,1097,bicycle,819,452,811,462,0.3523,2026-07-19 13:22:31.393,2026-07-19 13:22:32.091
car_ID_349,FLUSH,1092,car,419,542,1023,471,0.8270,2026-07-19 13:22:30.152,2026-07-19 13:22:32.291
person_ID_510,FLUSH,1099,person,928,431,928,431,0.3279,2026-07-19 13:22:32.521,2026-07-19 13:22:32.990
person_ID_509,FLUSH,1096,person,761,451,978,426,0.4855,2026-07-19 13:22:31.256,2026-07-19 13:22:33.088
person_ID_511,FLUSH,1100,person,559,468,645,461,0.4209,2026-07-19 13:22:32.852,2026-07-19 13:22:33.620
bicycle_ID_335,FLUSH,1096,bicycle,919,457,1017,443,0.3592,2026-07-19 13:22:32.589,2026-07-19 13:22:34.120
person_ID_508,FLUSH,1095,person,762,444,1030,426,0.4990,2026-07-19 13:22:30.826,2026-07-19 13:22:34.320
bicycle_ID_336,FLUSH,1101,bicycle,632,482,1019,454,0.5535,2026-07-19 13:22:33.088,2026-07-19 13:22:35.087
person_ID_512,FLUSH,1102,person,738,455,1024,439,0.5481,2026-07-19 13:22:33.620,2026-07-19 13:22:35.554
bicycle_ID_337,FLUSH,1104,bicycle,43,482,43,482,0.5561,2026-07-19 13:22:53.395,2026-07-19 13:22:53.395
bicycle_ID_338,FLUSH,1105,bicycle,48,487,179,495,0.5101,2026-07-19 13:22:53.460,2026-07-19 13:22:54.222
person_ID_513,FLUSH,1104,person,44,479,110,479,0.4694,2026-07-19 13:22:53.429,2026-07-19 13:22:54.321
person_ID_514,FLUSH,1106,person,140,483,161,477,0.3848,2026-07-19 13:22:54.026,2026-07-19 13:22:54.593
person_ID_515,FLUSH,1108,person,351,481,434,475,0.4731,2026-07-19 13:22:55.088,2026-07-19 13:22:55.888
person_ID_516,FLUSH,1109,person,517,465,570,460,0.4103,2026-07-19 13:22:55.821,2026-07-19 13:22:56.521
person_ID_517,FLUSH,1110,person,610,456,610,456,0.5775,2026-07-19 13:22:56.288,2026-07-19 13:22:56.753
person_ID_518,FLUSH,1111,person,644,452,644,452,0.4385,2026-07-19 13:22:56.453,2026-07-19 13:22:56.921
bicycle_ID_339,FLUSH,1107,bicycle,265,490,969,438,0.5486,2026-07-19 13:22:54.656,2026-07-19 13:22:58.389
bicycle_ID_340,FLUSH,1112,bicycle,1021,426,1021,426,0.3066,2026-07-19 13:22:58.754,2026-07-19 13:22:58.754
person_ID_519,FLUSH,1112,person,706,447,1030,422,0.4370,2026-07-19 13:22:56.789,2026-07-19 13:22:59.328
car_ID_350,FLUSH,1103,car,306,403,306,401,0.3411,2026-07-19 13:22:43.091,2026-07-19 13:23:06.325
person_ID_520,FLUSH,1114,person,1011,498,963,500,0.4408,2026-07-19 13:23:17.328,2026-07-19 13:23:17.493
person_ID_521,FLUSH,1115,person,944,510,837,510,0.4056,2026-07-19 13:23:17.493,2026-07-19 13:23:18.224
person_ID_522,FLUSH,1116,person,805,517,805,517,0.4099,2026-07-19 13:23:17.858,2026-07-19 13:23:18.324
person_ID_523,FLUSH,1117,person,705,529,705,529,0.3600,2026-07-19 13:23:18.055,2026-07-19 13:23:18.524
person_ID_524,FLUSH,1118,person,655,534,655,534,0.4502,2026-07-19 13:23:18.156,2026-07-19 13:23:18.622
person_ID_525,FLUSH,1119,person,618,536,618,536,0.6096,2026-07-19 13:23:18.224,2026-07-19 13:23:18.690
car_ID_351,FLUSH,1113,car,307,402,306,401,0.3311,2026-07-19 13:23:06.557,2026-07-19 13:23:23.527
car_ID_352,FLUSH,1120,car,307,401,306,401,0.3515,2026-07-19 13:23:24.361,2026-07-19 13:23:25.423
car_ID_353,FLUSH,1121,car,306,400,306,401,0.3431,2026-07-19 13:23:26.223,2026-07-19 13:23:27.890
car_ID_354,FLUSH,1122,car,306,401,306,401,0.3307,2026-07-19 13:23:28.758,2026-07-19 13:23:31.223
car_ID_355,FLUSH,1123,car,1018,487,363,568,0.8875,2026-07-19 13:23:32.091,2026-07-19 13:23:33.959
car_ID_356,FLUSH,1124,car,306,401,306,402,0.3449,2026-07-19 13:23:32.423,2026-07-19 13:23:35.224
car_ID_357,FLUSH,1125,car,306,400,306,401,0.3372,2026-07-19 13:23:36.695,2026-07-19 13:23:39.127
car_ID_359,FLUSH,1127,car,342,381,342,381,0.3101,2026-07-19 13:23:41.661,2026-07-19 13:23:42.128
car_ID_358,FLUSH,1126,car,306,402,306,402,0.3364,2026-07-19 13:23:40.460,2026-07-19 13:23:48.656
car_ID_360,FLUSH,1128,car,306,402,306,402,0.3244,2026-07-19 13:23:49.256,2026-07-19 13:23:49.725
car_ID_361,FLUSH,1129,car,306,403,306,403,0.3030,2026-07-19 13:23:50.459,2026-07-19 13:23:50.935
car_ID_362,FLUSH,1130,car,306,402,306,402,0.3208,2026-07-19 13:23:51.237,2026-07-19 13:23:51.727
car_ID_363,FLUSH,1131,car,306,402,306,402,0.3066,2026-07-19 13:23:52.027,2026-07-19 13:23:52.497
car_ID_364,FLUSH,1132,car,306,402,306,402,0.3279,2026-07-19 13:23:52.927,2026-07-19 13:23:53.398
car_ID_365,FLUSH,1133,car,306,402,306,402,0.3579,2026-07-19 13:23:53.826,2026-07-19 13:23:55.127
car_ID_366,FLUSH,1135,car,307,402,307,402,0.3386,2026-07-19 13:24:10.025,2026-07-19 13:24:10.493
bus_ID_38,FLUSH,1136,bus,182,482,495,465,0.6757,2026-07-19 13:24:11.325,2026-07-19 13:24:12.195
car_ID_367,FLUSH,1137,car,306,402,306,401,0.3485,2026-07-19 13:24:12.260,2026-07-19 13:24:13.502
bus_ID_37,FLUSH,1134,bus,44,469,1009,422,0.8043,2026-07-19 13:24:09.460,2026-07-19 13:24:14.498
car_ID_368,FLUSH,1134,car,1026,416,1032,413,0.4754,2026-07-19 13:24:14.531,2026-07-19 13:24:15.065
car_ID_369,FLUSH,1138,car,307,402,306,400,0.3636,2026-07-19 13:24:17.029,2026-07-19 13:24:20.727
car_ID_370,FLUSH,1139,car,306,401,306,401,0.3431,2026-07-19 13:24:22.060,2026-07-19 13:24:23.125
car_ID_371,FLUSH,1140,car,305,401,306,401,0.3144,2026-07-19 13:24:23.493,2026-07-19 13:24:24.160
car_ID_372,FLUSH,1141,car,307,401,306,401,0.3205,2026-07-19 13:24:25.993,2026-07-19 13:24:26.963
car_ID_373,FLUSH,1142,car,306,401,306,401,0.3377,2026-07-19 13:24:29.529,2026-07-19 13:24:30.464
car_ID_374,FLUSH,1143,car,306,401,306,401,0.3104,2026-07-19 13:24:30.967,2026-07-19 13:24:32.061
car_ID_375,FLUSH,1144,car,306,401,305,400,0.3258,2026-07-19 13:24:33.526,2026-07-19 13:24:34.762
person_ID_526,FLUSH,1147,person,1015,513,466,583,0.6765,2026-07-19 13:24:49.262,2026-07-19 13:24:51.765
bicycle_ID_341,FLUSH,1146,bicycle,1016,530,467,606,0.7402,2026-07-19 13:24:49.194,2026-07-19 13:24:51.765
car_ID_378,FLUSH,1149,car,343,380,343,380,0.3258,2026-07-19 13:24:58.631,2026-07-19 13:24:59.908
car_ID_377,FLUSH,1148,car,69,506,1028,442,0.7779,2026-07-19 13:24:57.998,2026-07-19 13:25:01.898
bicycle_ID_343,FLUSH,1151,bicycle,55,490,184,493,0.5035,2026-07-19 13:25:12.135,2026-07-19 13:25:13.100
person_ID_528,FLUSH,1152,person,300,482,429,473,0.4311,2026-07-19 13:25:13.100,2026-07-19 13:25:13.535
bicycle_ID_342,FLUSH,1150,bicycle,47,485,441,479,0.6246,2026-07-19 13:25:12.068,2026-07-19 13:25:13.567
person_ID_529,FLUSH,1153,person,687,454,687,454,0.3076,2026-07-19 13:25:14.564,2026-07-19 13:25:14.631
person_ID_527,FLUSH,1150,person,51,483,639,458,0.4643,2026-07-19 13:25:12.099,2026-07-19 13:25:14.796
bicycle_ID_344,FLUSH,1152,bicycle,448,476,852,440,0.5329,2026-07-19 13:25:13.599,2026-07-19 13:25:15.296
person_ID_530,FLUSH,1152,person,724,452,1006,425,0.4750,2026-07-19 13:25:14.696,2026-07-19 13:25:16.132
bicycle_ID_345,FLUSH,1153,bicycle,716,459,981,431,0.4397,2026-07-19 13:25:14.664,2026-07-19 13:25:16.464
car_ID_376,FLUSH,1145,car,306,400,306,401,0.3429,2026-07-19 13:24:36.329,2026-07-19 13:25:19.136
car_ID_379,FLUSH,1154,car,307,401,306,401,0.3203,2026-07-19 13:25:19.300,2026-07-19 13:25:22.269
car_ID_380,FLUSH,1155,car,307,401,306,400,0.3201,2026-07-19 13:25:26.897,2026-07-19 13:25:27.796
person_ID_533,FLUSH,1156,person,845,517,807,522,0.4617,2026-07-19 13:25:35.666,2026-07-19 13:25:35.867
person_ID_532,FLUSH,1159,person,1012,507,819,537,0.5316,2026-07-19 13:25:35.007,2026-07-19 13:25:36.367
bicycle_ID_346,FLUSH,1156,bicycle,1023,489,766,531,0.4367,2026-07-19 13:25:34.570,2026-07-19 13:25:36.468
person_ID_531,FLUSH,1157,person,1023,479,704,553,0.4461,2026-07-19 13:25:34.602,2026-07-19 13:25:36.798
person_ID_534,FLUSH,1160,person,703,521,551,549,0.5179,2026-07-19 13:25:36.298,2026-07-19 13:25:37.365
bicycle_ID_347,FLUSH,1158,bicycle,1018,533,495,588,0.6327,2026-07-19 13:25:34.902,2026-07-19 13:25:37.564
car_ID_381,FLUSH,1161,car,307,402,307,402,0.3493,2026-07-19 13:25:43.132,2026-07-19 13:25:43.597
car_ID_382,FLUSH,1162,car,307,402,307,402,0.3101,2026-07-19 13:25:45.198,2026-07-19 13:25:46.297
car_ID_383,FLUSH,1163,car,307,401,307,401,0.3030,2026-07-19 13:25:47.601,2026-07-19 13:25:48.071
car_ID_386,FLUSH,1166,car,342,380,342,380,0.3112,2026-07-19 13:25:50.938,2026-07-19 13:25:51.565
car_ID_384,FLUSH,1164,car,57,502,1031,432,0.8147,2026-07-19 13:25:50.102,2026-07-19 13:25:53.833
car_ID_385,FLUSH,1165,car,307,401,306,401,0.3414,2026-07-19 13:25:50.171,2026-07-19 13:26:07.733
car_ID_387,FLUSH,1167,car,307,401,306,401,0.3282,2026-07-19 13:26:07.866,2026-07-19 13:26:12.370
car_ID_389,FLUSH,1169,car,342,380,342,380,0.3208,2026-07-19 13:26:43.069,2026-07-19 13:26:43.537
car_ID_390,FLUSH,1170,car,343,381,343,381,0.3127,2026-07-19 13:26:44.800,2026-07-19 13:26:45.937
person_ID_535,FLUSH,1171,person,52,473,52,473,0.3921,2026-07-19 13:26:48.341,2026-07-19 13:26:48.341
bicycle_ID_349,FLUSH,1172,bicycle,52,475,52,475,0.4991,2026-07-19 13:26:48.341,2026-07-19 13:26:48.341
bicycle_ID_348,FLUSH,1171,bicycle,45,475,130,484,0.4307,2026-07-19 13:26:48.272,2026-07-19 13:26:49.207
person_ID_536,FLUSH,1172,person,60,475,241,463,0.4775,2026-07-19 13:26:48.372,2026-07-19 13:26:49.807
person_ID_537,FLUSH,1173,person,405,459,405,459,0.3101,2026-07-19 13:26:50.204,2026-07-19 13:26:50.668
person_ID_538,FLUSH,1174,person,503,453,503,453,0.5204,2026-07-19 13:26:50.705,2026-07-19 13:26:51.169
person_ID_539,FLUSH,1175,person,578,447,584,448,0.3228,2026-07-19 13:26:51.069,2026-07-19 13:26:51.569
person_ID_540,FLUSH,1176,person,611,449,611,449,0.4812,2026-07-19 13:26:51.269,2026-07-19 13:26:51.737
person_ID_541,FLUSH,1177,person,673,444,673,444,0.3636,2026-07-19 13:26:51.604,2026-07-19 13:26:52.068
person_ID_543,FLUSH,1179,person,797,437,797,437,0.3850,2026-07-19 13:26:52.369,2026-07-19 13:26:52.837
person_ID_542,FLUSH,1178,person,772,436,907,431,0.4849,2026-07-19 13:26:52.169,2026-07-19 13:26:53.504
person_ID_544,FLUSH,1181,person,932,426,1013,423,0.4989,2026-07-19 13:26:53.237,2026-07-19 13:26:53.837
bicycle_ID_350,FLUSH,1181,bicycle,1021,424,1024,424,0.3072,2026-07-19 13:26:53.869,2026-07-19 13:26:54.369
car_ID_391,FLUSH,1182,car,343,381,343,381,0.3202,2026-07-19 13:27:03.437,2026-07-19 13:27:04.145
car_ID_393,FLUSH,1184,car,342,381,343,380,0.3539,2026-07-19 13:27:20.570,2026-07-19 13:27:21.343
car_ID_392,FLUSH,1183,car,58,511,1032,429,0.7707,2026-07-19 13:27:19.741,2026-07-19 13:27:23.307
car_ID_388,FLUSH,1168,car,306,402,306,402,0.3599,2026-07-19 13:26:12.702,2026-07-19 13:27:29.871
bicycle_ID_351,FLUSH,1185,bicycle,1018,485,484,527,0.6342,2026-07-19 13:27:27.306,2026-07-19 13:27:29.870
person_ID_545,FLUSH,1186,person,958,487,460,507,0.4873,2026-07-19 13:27:27.707,2026-07-19 13:27:30.471
car_ID_394,FLUSH,1190,car,306,401,306,402,0.3703,2026-07-19 13:27:30.775,2026-07-19 13:27:31.373
bicycle_ID_352,FLUSH,1187,bicycle,1020,500,422,568,0.7385,2026-07-19 13:27:29.475,2026-07-19 13:27:31.806
bicycle_ID_353,FLUSH,1189,bicycle,546,529,109,510,0.4686,2026-07-19 13:27:29.609,2026-07-19 13:27:31.906
person_ID_546,FLUSH,1188,person,1019,481,432,545,0.6489,2026-07-19 13:27:29.574,2026-07-19 13:27:32.206
person_ID_547,FLUSH,1187,person,403,551,403,551,0.3600,2026-07-19 13:27:31.838,2026-07-19 13:27:32.306
bicycle_ID_354,FLUSH,1191,bicycle,104,511,104,511,0.4848,2026-07-19 13:27:31.938,2026-07-19 13:27:32.406
car_ID_396,FLUSH,1193,car,1012,492,365,562,0.8754,2026-07-19 13:27:50.210,2026-07-19 13:27:51.976
car_ID_397,FLUSH,1194,car,369,562,369,562,0.3301,2026-07-19 13:27:51.976,2026-07-19 13:27:52.439
car_ID_399,FLUSH,1196,car,343,381,342,380,0.3238,2026-07-19 13:28:08.809,2026-07-19 13:28:09.340
car_ID_398,FLUSH,1195,car,1022,481,276,548,0.7555,2026-07-19 13:28:07.244,2026-07-19 13:28:09.510
car_ID_395,FLUSH,1192,car,306,400,307,401,0.3574,2026-07-19 13:27:50.046,2026-07-19 13:28:34.745
bicycle_ID_356,FLUSH,1201,bicycle,997,533,997,533,0.4670,2026-07-19 13:28:41.884,2026-07-19 13:28:41.981
car_ID_402,FLUSH,1202,car,343,380,342,381,0.3285,2026-07-19 13:28:42.510,2026-07-19 13:28:43.278
car_ID_400,FLUSH,1197,car,306,400,306,401,0.3386,2026-07-19 13:28:35.080,2026-07-19 13:28:45.278
car_ID_401,FLUSH,1198,car,67,491,1027,432,0.7883,2026-07-19 13:28:40.982,2026-07-19 13:28:46.510
person_ID_548,FLUSH,1200,person,1020,501,432,566,0.7534,2026-07-19 13:28:41.582,2026-07-19 13:28:46.977
bicycle_ID_355,FLUSH,1199,bicycle,1019,525,440,588,0.7724,2026-07-19 13:28:41.447,2026-07-19 13:28:46.977
car_ID_403,FLUSH,1203,car,307,400,307,401,0.3266,2026-07-19 13:28:46.543,2026-07-19 13:28:47.515
car_ID_404,FLUSH,1204,car,307,401,308,402,0.3416,2026-07-19 13:28:47.882,2026-07-19 13:28:54.347
car_ID_405,FLUSH,1205,car,307,401,307,401,0.3267,2026-07-19 13:28:59.017,2026-07-19 13:29:04.648
person_ID_549,FLUSH,1208,person,49,504,64,501,0.4035,2026-07-19 13:29:05.482,2026-07-19 13:29:05.814
bicycle_ID_359,FLUSH,1209,bicycle,109,484,109,484,0.3101,2026-07-19 13:29:06.082,2026-07-19 13:29:06.082
bicycle_ID_357,FLUSH,1207,bicycle,53,514,141,523,0.4572,2026-07-19 13:29:05.386,2026-07-19 13:29:06.382
person_ID_550,FLUSH,1209,person,108,504,162,471,0.3868,2026-07-19 13:29:05.814,2026-07-19 13:29:06.916
person_ID_551,FLUSH,1210,person,192,500,221,472,0.4876,2026-07-19 13:29:06.282,2026-07-19 13:29:07.279
bicycle_ID_358,FLUSH,1208,bicycle,77,487,435,473,0.5251,2026-07-19 13:29:05.915,2026-07-19 13:29:07.911
car_ID_406,FLUSH,1206,car,308,401,308,402,0.3488,2026-07-19 13:29:05.249,2026-07-19 13:29:09.113
bicycle_ID_360,FLUSH,1211,bicycle,232,511,762,473,0.5441,2026-07-19 13:29:06.447,2026-07-19 13:29:09.343
person_ID_552,FLUSH,1213,person,560,464,719,451,0.3872,2026-07-19 13:29:08.645,2026-07-19 13:29:09.580
bicycle_ID_361,FLUSH,1212,bicycle,348,508,748,457,0.4058,2026-07-19 13:29:07.012,2026-07-19 13:29:09.779
person_ID_553,FLUSH,1215,person,742,443,756,442,0.3137,2026-07-19 13:29:09.812,2026-07-19 13:29:09.980
bicycle_ID_362,FLUSH,1213,bicycle,399,474,808,452,0.4345,2026-07-19 13:29:07.712,2026-07-19 13:29:10.643
person_ID_555,FLUSH,1212,person,769,447,829,439,0.4364,2026-07-19 13:29:09.912,2026-07-19 13:29:10.813
bicycle_ID_365,FLUSH,1216,bicycle,889,459,928,439,0.4661,2026-07-19 13:29:10.279,2026-07-19 13:29:11.544
bicycle_ID_366,FLUSH,1211,bicycle,966,429,990,426,0.4747,2026-07-19 13:29:11.380,2026-07-19 13:29:11.580
bicycle_ID_363,FLUSH,1214,bicycle,748,473,1033,447,0.5542,2026-07-19 13:29:09.311,2026-07-19 13:29:11.783
bicycle_ID_364,FLUSH,1215,bicycle,822,452,962,438,0.4781,2026-07-19 13:29:10.279,2026-07-19 13:29:11.818
person_ID_554,FLUSH,1211,person,835,460,1023,422,0.4108,2026-07-19 13:29:09.880,2026-07-19 13:29:11.882
car_ID_407,FLUSH,1219,car,308,402,308,402,0.3529,2026-07-19 13:29:12.543,2026-07-19 13:29:13.011
bicycle_ID_368,FLUSH,1220,bicycle,996,532,980,534,0.4518,2026-07-19 13:29:12.679,2026-07-19 13:29:13.243
bicycle_ID_369,FLUSH,1222,bicycle,866,557,866,557,0.7807,2026-07-19 13:29:13.543,2026-07-19 13:29:14.011
bicycle_ID_370,FLUSH,1223,bicycle,547,590,547,590,0.3921,2026-07-19 13:29:15.111,2026-07-19 13:29:15.111
person_ID_556,FLUSH,1218,person,1016,509,460,574,0.5744,2026-07-19 13:29:12.543,2026-07-19 13:29:15.979
bicycle_ID_367,FLUSH,1217,bicycle,1017,517,451,592,0.6854,2026-07-19 13:29:12.411,2026-07-19 13:29:16.011
car_ID_408,FLUSH,1224,car,308,401,307,401,0.3196,2026-07-19 13:29:15.044,2026-07-19 13:29:18.284
car_ID_409,FLUSH,1225,car,307,402,308,401,0.3239,2026-07-19 13:29:19.947,2026-07-19 13:29:21.547
car_ID_410,FLUSH,1226,car,307,402,307,400,0.3342,2026-07-19 13:29:22.416,2026-07-19 13:29:23.382
car_ID_411,FLUSH,1227,car,307,401,307,401,0.3173,2026-07-19 13:29:26.379,2026-07-19 13:29:26.844
car_ID_412,FLUSH,1228,car,307,401,308,402,0.3211,2026-07-19 13:29:27.444,2026-07-19 13:29:29.115
car_ID_413,FLUSH,1229,car,308,402,307,401,0.3364,2026-07-19 13:29:29.283,2026-07-19 13:29:31.079
car_ID_414,FLUSH,1230,car,308,402,308,401,0.3336,2026-07-19 13:29:31.479,2026-07-19 13:29:36.719
car_ID_415,FLUSH,1231,car,96,520,1021,445,0.7381,2026-07-19 13:29:33.912,2026-07-19 13:29:37.120
car_ID_416,FLUSH,1232,car,307,401,307,402,0.3346,2026-07-19 13:29:38.212,2026-07-19 13:29:40.582
car_ID_417,FLUSH,1233,car,308,401,308,402,0.3372,2026-07-19 13:29:41.513,2026-07-19 13:29:45.280
car_ID_418,FLUSH,1234,car,308,402,307,401,0.3345,2026-07-19 13:29:46.180,2026-07-19 13:29:48.151
car_ID_419,FLUSH,1235,car,307,402,308,402,0.3277,2026-07-19 13:29:48.548,2026-07-19 13:29:52.516
car_ID_420,FLUSH,1236,car,307,402,307,402,0.3493,2026-07-19 13:29:53.047,2026-07-19 13:29:53.513
car_ID_421,FLUSH,1237,car,307,402,307,401,0.3230,2026-07-19 13:29:54.180,2026-07-19 13:29:56.845
car_ID_422,FLUSH,1238,car,308,402,307,402,0.3095,2026-07-19 13:29:59.018,2026-07-19 13:29:59.582
car_ID_423,FLUSH,1239,car,307,401,308,402,0.3277,2026-07-19 13:30:00.682,2026-07-19 13:30:02.281
car_ID_424,FLUSH,1240,car,308,401,307,403,0.3323,2026-07-19 13:30:03.213,2026-07-19 13:30:06.881
car_ID_425,FLUSH,1241,car,308,402,308,402,0.3279,2026-07-19 13:30:08.346,2026-07-19 13:30:08.814
bicycle_ID_372,FLUSH,1245,bicycle,967,515,937,517,0.3588,2026-07-19 13:30:28.715,2026-07-19 13:30:28.883
person_ID_559,FLUSH,1245,person,938,517,938,517,0.3351,2026-07-19 13:30:28.915,2026-07-19 13:30:29.385
person_ID_558,FLUSH,1244,person,1013,507,928,528,0.4202,2026-07-19 13:30:28.650,2026-07-19 13:30:29.518
person_ID_557,FLUSH,1243,person,1008,489,780,538,0.4437,2026-07-19 13:30:28.515,2026-07-19 13:30:30.050
person_ID_560,FLUSH,1246,person,45,482,228,474,0.5118,2026-07-19 13:30:30.083,2026-07-19 13:30:30.857
bicycle_ID_371,FLUSH,1242,bicycle,1016,500,489,600,0.5775,2026-07-19 13:30:28.415,2026-07-19 13:30:31.020
bicycle_ID_373,FLUSH,1247,bicycle,48,497,188,500,0.4786,2026-07-19 13:30:30.083,2026-07-19 13:30:31.158
bicycle_ID_374,FLUSH,1246,bicycle,238,489,238,489,0.3565,2026-07-19 13:30:30.888,2026-07-19 13:30:31.357
bicycle_ID_376,FLUSH,1250,bicycle,470,489,470,489,0.4527,2026-07-19 13:30:31.854,2026-07-19 13:30:31.920
person_ID_562,FLUSH,1248,person,717,460,717,460,0.3565,2026-07-19 13:30:32.817,2026-07-19 13:30:32.817
person_ID_561,FLUSH,1249,person,397,476,685,460,0.4646,2026-07-19 13:30:31.556,2026-07-19 13:30:33.151
bicycle_ID_377,FLUSH,1252,bicycle,819,464,819,464,0.3565,2026-07-19 13:30:33.352,2026-07-19 13:30:33.816
person_ID_563,FLUSH,1251,person,749,457,975,445,0.4565,2026-07-19 13:30:32.984,2026-07-19 13:30:34.051
bicycle_ID_375,FLUSH,1248,bicycle,307,485,1009,446,0.5415,2026-07-19 13:30:31.189,2026-07-19 13:30:34.251
person_ID_564,FLUSH,1248,person,992,443,1024,440,0.5763,2026-07-19 13:30:34.154,2026-07-19 13:30:34.351
bicycle_ID_378,FLUSH,1251,bicycle,967,447,1020,453,0.5157,2026-07-19 13:30:34.015,2026-07-19 13:30:34.816
person_ID_565,FLUSH,1253,person,1012,522,1012,522,0.3714,2026-07-19 13:30:40.756,2026-07-19 13:30:40.756
bicycle_ID_380,FLUSH,1254,bicycle,1006,536,1006,536,0.5632,2026-07-19 13:30:40.820,2026-07-19 13:30:40.820
person_ID_566,FLUSH,1254,person,1003,522,475,571,0.5859,2026-07-19 13:30:40.856,2026-07-19 13:30:44.387
bicycle_ID_379,FLUSH,1253,bicycle,1016,526,460,597,0.7859,2026-07-19 13:30:40.689,2026-07-19 13:30:44.485
car_ID_426,FLUSH,1255,car,307,403,307,403,0.3066,2026-07-19 13:30:47.389,2026-07-19 13:30:47.855
car_ID_427,FLUSH,1256,car,307,402,307,402,0.3357,2026-07-19 13:31:27.721,2026-07-19 13:31:33.118
car_ID_430,FLUSH,1259,car,341,381,342,380,0.3307,2026-07-19 13:31:36.257,2026-07-19 13:31:37.258
car_ID_429,FLUSH,1258,car,65,504,1030,432,0.7938,2026-07-19 13:31:35.594,2026-07-19 13:31:39.819
car_ID_428,FLUSH,1257,car,307,402,306,402,0.3414,2026-07-19 13:31:33.319,2026-07-19 13:31:40.487
car_ID_431,FLUSH,1260,car,307,402,306,402,0.3464,2026-07-19 13:31:40.887,2026-07-19 13:31:44.322
car_ID_432,FLUSH,1261,car,1015,484,320,534,0.7534,2026-07-19 13:31:43.757,2026-07-19 13:31:46.487
car_ID_434,FLUSH,1263,car,113,532,97,533,0.4689,2026-07-19 13:31:46.619,2026-07-19 13:31:47.154
car_ID_433,FLUSH,1262,car,307,402,307,402,0.3380,2026-07-19 13:31:44.622,2026-07-19 13:31:50.790
bicycle_ID_382,FLUSH,1267,bicycle,115,479,129,480,0.4857,2026-07-19 13:32:06.389,2026-07-19 13:32:06.523
person_ID_569,FLUSH,1268,person,190,504,203,494,0.4040,2026-07-19 13:32:07.027,2026-07-19 13:32:07.093
person_ID_568,FLUSH,1269,person,58,500,171,499,0.4995,2026-07-19 13:32:06.488,2026-07-19 13:32:07.429
person_ID_567,FLUSH,1266,person,38,461,265,464,0.4856,2026-07-19 13:32:06.023,2026-07-19 13:32:07.628
bicycle_ID_381,FLUSH,1265,bicycle,41,469,398,481,0.4685,2026-07-19 13:32:05.956,2026-07-19 13:32:07.729
person_ID_570,FLUSH,1270,person,341,466,385,466,0.3677,2026-07-19 13:32:07.529,2026-07-19 13:32:08.157
bicycle_ID_385,FLUSH,1272,bicycle,664,487,664,487,0.4349,2026-07-19 13:32:08.961,2026-07-19 13:32:08.961
bicycle_ID_384,FLUSH,1271,bicycle,585,490,585,490,0.6345,2026-07-19 13:32:08.625,2026-07-19 13:32:09.090
bicycle_ID_386,FLUSH,1273,bicycle,779,480,791,456,0.4124,2026-07-19 13:32:09.389,2026-07-19 13:32:10.088
person_ID_572,FLUSH,1275,person,935,459,935,459,0.3957,2026-07-19 13:32:10.156,2026-07-19 13:32:10.156
bicycle_ID_388,FLUSH,1275,bicycle,945,464,987,436,0.4491,2026-07-19 13:32:10.188,2026-07-19 13:32:10.761
bicycle_ID_387,FLUSH,1274,bicycle,838,451,995,436,0.4575,2026-07-19 13:32:09.888,2026-07-19 13:32:10.792
bicycle_ID_383,FLUSH,1268,bicycle,47,511,1032,462,0.5573,2026-07-19 13:32:06.389,2026-07-19 13:32:11.226
person_ID_571,FLUSH,1265,person,408,475,1024,421,0.5272,2026-07-19 13:32:07.831,2026-07-19 13:32:11.456
car_ID_435,FLUSH,1264,car,307,402,306,402,0.3423,2026-07-19 13:31:51.523,2026-07-19 13:32:20.559
car_ID_436,FLUSH,1276,car,73,507,1029,432,0.7150,2026-07-19 13:32:17.588,2026-07-19 13:32:21.589
person_ID_573,FLUSH,1278,person,42,460,241,465,0.4074,2026-07-19 13:32:20.294,2026-07-19 13:32:22.256
person_ID_574,FLUSH,1279,person,304,476,687,456,0.4594,2026-07-19 13:32:22.189,2026-07-19 13:32:24.924
person_ID_575,FLUSH,1280,person,747,448,1021,430,0.5507,2026-07-19 13:32:24.889,2026-07-19 13:32:27.493
bicycle_ID_389,FLUSH,1277,bicycle,46,475,1026,435,0.6355,2026-07-19 13:32:20.229,2026-07-19 13:32:27.594
car_ID_437,FLUSH,1281,car,306,402,306,403,0.3583,2026-07-19 13:32:28.524,2026-07-19 13:32:29.392
car_ID_438,FLUSH,1282,car,307,402,307,403,0.3452,2026-07-19 13:32:35.128,2026-07-19 13:32:37.757
car_ID_439,FLUSH,1283,car,54,509,1022,447,0.7413,2026-07-19 13:32:35.527,2026-07-19 13:32:38.926
car_ID_440,FLUSH,1284,car,1016,478,439,543,0.7905,2026-07-19 13:33:01.894,2026-07-19 13:33:04.461
person_ID_576,FLUSH,1285,person,1017,372,1035,377,0.3497,2026-07-19 13:33:19.930,2026-07-19 13:33:20.865
person_ID_577,FLUSH,1286,person,1030,400,686,409,0.4557,2026-07-19 13:33:22.395,2026-07-19 13:33:27.160
person_ID_579,FLUSH,1289,person,666,407,479,426,0.4856,2026-07-19 13:33:26.892,2026-07-19 13:33:28.696
person_ID_578,FLUSH,1287,person,1023,485,428,564,0.6637,2026-07-19 13:33:26.027,2026-07-19 13:33:29.164
bicycle_ID_390,FLUSH,1288,bicycle,1018,515,434,582,0.7225,2026-07-19 13:33:26.027,2026-07-19 13:33:29.164
person_ID_580,FLUSH,1290,person,387,428,387,428,0.3030,2026-07-19 13:33:28.934,2026-07-19 13:33:29.393
person_ID_581,FLUSH,1291,person,263,437,39,475,0.4937,2026-07-19 13:33:29.792,2026-07-19 13:33:31.592
car_ID_441,FLUSH,1293,car,307,402,307,402,0.3498,2026-07-19 13:34:02.832,2026-07-19 13:34:03.563
bicycle_ID_392,FLUSH,1295,bicycle,76,477,76,477,0.3422,2026-07-19 13:34:03.998,2026-07-19 13:34:03.998
person_ID_583,FLUSH,1297,person,38,469,50,470,0.4146,2026-07-19 13:34:04.600,2026-07-19 13:34:05.101
person_ID_582,FLUSH,1295,person,49,470,407,478,0.5485,2026-07-19 13:34:03.863,2026-07-19 13:34:05.934
person_ID_584,FLUSH,1298,person,64,473,257,472,0.5112,2026-07-19 13:34:04.706,2026-07-19 13:34:06.330
car_ID_442,FLUSH,1299,car,307,402,307,402,0.3447,2026-07-19 13:34:05.997,2026-07-19 13:34:07.564
bicycle_ID_395,FLUSH,1302,bicycle,403,483,508,480,0.4548,2026-07-19 13:34:06.597,2026-07-19 13:34:07.600
person_ID_585,FLUSH,1300,person,429,476,846,445,0.5126,2026-07-19 13:34:06.062,2026-07-19 13:34:08.397
car_ID_443,FLUSH,1303,car,307,402,307,402,0.3101,2026-07-19 13:34:08.430,2026-07-19 13:34:08.897
bicycle_ID_391,FLUSH,1294,bicycle,44,474,992,440,0.5514,2026-07-19 13:34:03.731,2026-07-19 13:34:09.434
person_ID_587,FLUSH,1304,person,862,444,939,440,0.4087,2026-07-19 13:34:08.497,2026-07-19 13:34:09.464
bicycle_ID_396,FLUSH,1300,bicycle,858,453,996,441,0.4173,2026-07-19 13:34:08.430,2026-07-19 13:34:09.464
bicycle_ID_394,FLUSH,1295,bicycle,431,488,831,453,0.4486,2026-07-19 13:34:06.030,2026-07-19 13:34:09.498
person_ID_588,FLUSH,1294,person,1000,430,1004,427,0.3796,2026-07-19 13:34:09.498,2026-07-19 13:34:09.997
bicycle_ID_393,FLUSH,1296,bicycle,44,477,983,440,0.5786,2026-07-19 13:34:04.497,2026-07-19 13:34:10.097
bicycle_ID_397,FLUSH,1305,bicycle,932,444,991,440,0.3924,2026-07-19 13:34:09.730,2026-07-19 13:34:10.162
person_ID_586,FLUSH,1301,person,305,473,1029,424,0.5113,2026-07-19 13:34:06.130,2026-07-19 13:34:10.997
car_ID_444,FLUSH,1308,car,306,402,306,402,0.3137,2026-07-19 13:34:27.031,2026-07-19 13:34:27.498
bicycle_ID_399,FLUSH,1310,bicycle,1010,523,1010,523,0.3244,2026-07-19 13:34:29.898,2026-07-19 13:34:29.898
bicycle_ID_398,FLUSH,1309,bicycle,1018,518,430,582,0.7620,2026-07-19 13:34:29.831,2026-07-19 13:34:32.102
person_ID_591,FLUSH,1310,person,1010,513,461,565,0.6203,2026-07-19 13:34:29.931,2026-07-19 13:34:32.464
person_ID_592,FLUSH,1309,person,425,572,425,572,0.3743,2026-07-19 13:34:32.135,2026-07-19 13:34:32.598
car_ID_445,FLUSH,1311,car,307,402,307,403,0.3261,2026-07-19 13:34:31.740,2026-07-19 13:34:32.763
person_ID_590,FLUSH,1307,person,30,430,296,422,0.5307,2026-07-19 13:34:24.463,2026-07-19 13:34:34.602
person_ID_593,FLUSH,1313,person,326,424,326,424,0.4028,2026-07-19 13:34:35.098,2026-07-19 13:34:35.564
car_ID_446,FLUSH,1312,car,305,404,309,403,0.3925,2026-07-19 13:34:35.032,2026-07-19 13:34:35.963
bicycle_ID_400,FLUSH,1314,bicycle,365,427,367,428,0.4759,2026-07-19 13:34:36.031,2026-07-19 13:34:36.531
person_ID_589,FLUSH,1306,person,24,417,458,423,0.5459,2026-07-19 13:34:22.898,2026-07-19 13:34:39.736
car_ID_447,FLUSH,1316,car,307,402,306,402,0.3236,2026-07-19 13:34:44.164,2026-07-19 13:34:45.406
person_ID_594,FLUSH,1315,person,467,419,788,403,0.5423,2026-07-19 13:34:39.273,2026-07-19 13:34:51.665
person_ID_596,FLUSH,1319,person,804,401,982,397,0.3938,2026-07-19 13:34:51.464,2026-07-19 13:34:59.764
car_ID_449,FLUSH,1320,car,1036,382,986,362,0.4555,2026-07-19 13:34:58.305,2026-07-19 13:35:00.235
person_ID_597,FLUSH,1321,person,1011,392,1020,393,0.3363,2026-07-19 13:35:00.600,2026-07-19 13:35:01.464
person_ID_595,FLUSH,1318,person,786,405,1035,388,0.4782,2026-07-19 13:34:50.799,2026-07-19 13:35:02.799
car_ID_448,FLUSH,1317,car,307,402,306,402,0.3393,2026-07-19 13:34:48.565,2026-07-19 13:35:13.068
car_ID_450,FLUSH,1322,car,307,402,307,402,0.3236,2026-07-19 13:35:13.436,2026-07-19 13:35:15.500
car_ID_451,FLUSH,1323,car,307,401,307,401,0.3030,2026-07-19 13:35:16.032,2026-07-19 13:35:16.500
car_ID_452,FLUSH,1324,car,1017,486,444,553,0.7843,2026-07-19 13:35:16.400,2026-07-19 13:35:18.500
car_ID_453,FLUSH,1325,car,306,401,306,401,0.3238,2026-07-19 13:35:17.565,2026-07-19 13:35:19.633
car_ID_454,FLUSH,1326,car,307,403,307,402,0.3277,2026-07-19 13:35:30.238,2026-07-19 13:35:33.634
bicycle_ID_401,FLUSH,1327,bicycle,1013,520,458,584,0.7780,2026-07-19 13:35:40.670,2026-07-19 13:35:43.269
person_ID_598,FLUSH,1328,person,1021,502,446,560,0.5923,2026-07-19 13:35:40.736,2026-07-19 13:35:43.334
car_ID_455,FLUSH,1329,car,61,503,1028,430,0.7641,2026-07-19 13:36:23.441,2026-07-19 13:36:27.572
car_ID_456,FLUSH,1330,car,1016,487,475,550,0.7480,2026-07-19 13:36:33.241,2026-07-19 13:36:35.372
car_ID_458,FLUSH,1332,car,307,402,307,403,0.3385,2026-07-19 13:37:07.010,2026-07-19 13:37:08.047
car_ID_457,FLUSH,1331,car,71,517,1021,440,0.8146,2026-07-19 13:37:06.210,2026-07-19 13:37:09.541
car_ID_460,FLUSH,1334,car,306,402,307,403,0.3338,2026-07-19 13:37:10.442,2026-07-19 13:37:12.607
car_ID_459,FLUSH,1333,car,70,502,1019,443,0.7607,2026-07-19 13:37:10.342,2026-07-19 13:37:13.946
car_ID_461,FLUSH,1335,car,306,402,306,402,0.3412,2026-07-19 13:37:19.807,2026-07-19 13:37:21.275
car_ID_462,FLUSH,1336,car,307,402,307,402,0.3224,2026-07-19 13:37:22.377,2026-07-19 13:37:24.246
car_ID_465,FLUSH,1339,car,341,381,339,381,0.3186,2026-07-19 13:37:51.209,2026-07-19 13:37:52.844
car_ID_464,FLUSH,1338,car,46,507,1032,437,0.7567,2026-07-19 13:37:50.545,2026-07-19 13:37:54.282
bicycle_ID_403,FLUSH,1342,bicycle,136,481,136,481,0.5383,2026-07-19 13:38:05.444,2026-07-19 13:38:05.909
bicycle_ID_402,FLUSH,1340,bicycle,44,475,535,472,0.6549,2026-07-19 13:38:04.844,2026-07-19 13:38:07.445
bicycle_ID_404,FLUSH,1343,bicycle,439,484,765,453,0.5614,2026-07-19 13:38:07.011,2026-07-19 13:38:09.151
car_ID_466,FLUSH,1345,car,1029,441,1008,453,0.3891,2026-07-19 13:38:09.481,2026-07-19 13:38:09.681
truck_ID_44,FLUSH,1345,truck,1000,457,966,474,0.4465,2026-07-19 13:38:09.718,2026-07-19 13:38:09.982
bicycle_ID_406,FLUSH,1346,bicycle,914,440,914,440,0.3779,2026-07-19 13:38:09.648,2026-07-19 13:38:10.111
bicycle_ID_405,FLUSH,1344,bicycle,640,463,929,439,0.4490,2026-07-19 13:38:08.009,2026-07-19 13:38:10.177
person_ID_599,FLUSH,1341,person,33,460,933,427,0.5979,2026-07-19 13:38:04.877,2026-07-19 13:38:10.209
person_ID_600,FLUSH,1348,person,80,463,80,463,0.4064,2026-07-19 13:38:11.646,2026-07-19 13:38:12.110
person_ID_601,FLUSH,1347,person,143,465,143,465,0.3114,2026-07-19 13:38:12.045,2026-07-19 13:38:12.512
bus_ID_39,FLUSH,1345,bus,995,461,279,520,0.7497,2026-07-19 13:38:09.750,2026-07-19 13:38:13.878
bus_ID_40,FLUSH,1351,bus,137,489,137,489,0.3301,2026-07-19 13:38:14.080,2026-07-19 13:38:14.547
person_ID_602,FLUSH,1350,person,424,459,862,439,0.4901,2026-07-19 13:38:13.946,2026-07-19 13:38:17.445
person_ID_603,FLUSH,1353,person,913,431,1010,424,0.4128,2026-07-19 13:38:17.478,2026-07-19 13:38:18.510
person_ID_604,FLUSH,1349,person,996,425,1026,422,0.3282,2026-07-19 13:38:18.345,2026-07-19 13:38:19.210
car_ID_467,FLUSH,1352,car,1026,486,391,558,0.8300,2026-07-19 13:38:16.551,2026-07-19 13:38:19.310
car_ID_468,FLUSH,1354,car,339,381,339,381,0.3565,2026-07-19 13:38:18.846,2026-07-19 13:38:19.310
car_ID_469,FLUSH,1353,car,1034,422,1034,422,0.3279,2026-07-19 13:38:18.945,2026-07-19 13:38:19.410
car_ID_463,FLUSH,1337,car,307,401,306,401,0.3548,2026-07-19 13:37:26.607,2026-07-19 13:38:32.784
car_ID_470,FLUSH,1355,car,306,401,306,401,0.3493,2026-07-19 13:38:35.349,2026-07-19 13:38:35.814
car_ID_471,FLUSH,1356,car,307,401,307,401,0.3279,2026-07-19 13:38:37.478,2026-07-19 13:38:37.946
car_ID_472,FLUSH,1357,car,307,401,306,401,0.3230,2026-07-19 13:38:38.411,2026-07-19 13:38:40.578
car_ID_473,FLUSH,1358,car,307,402,307,401,0.3365,2026-07-19 13:38:42.183,2026-07-19 13:38:44.014
bicycle_ID_407,FLUSH,1360,bicycle,153,487,211,489,0.3384,2026-07-19 13:38:46.611,2026-07-19 13:38:47.447
bicycle_ID_408,FLUSH,1361,bicycle,327,483,327,483,0.3386,2026-07-19 13:38:47.447,2026-07-19 13:38:47.447
bicycle_ID_409,FLUSH,1362,bicycle,312,489,706,461,0.4006,2026-07-19 13:38:47.515,2026-07-19 13:38:49.220
bicycle_ID_410,FLUSH,1363,bicycle,726,463,726,463,0.3137,2026-07-19 13:38:49.352,2026-07-19 13:38:49.818
bicycle_ID_411,FLUSH,1362,bicycle,957,443,957,443,0.3244,2026-07-19 13:38:50.649,2026-07-19 13:38:50.649
person_ID_605,FLUSH,1361,person,48,465,1026,425,0.4801,2026-07-19 13:38:46.179,2026-07-19 13:38:51.679
car_ID_475,FLUSH,1364,car,1011,488,322,555,0.7852,2026-07-19 13:38:58.916,2026-07-19 13:39:01.519
car_ID_477,FLUSH,1366,car,340,381,341,381,0.3308,2026-07-19 13:39:12.849,2026-07-19 13:39:14.248
car_ID_476,FLUSH,1365,car,77,508,1029,438,0.7845,2026-07-19 13:39:12.155,2026-07-19 13:39:16.549
car_ID_478,FLUSH,1367,car,64,496,1029,428,0.8092,2026-07-19 13:39:14.782,2026-07-19 13:39:19.381
car_ID_480,FLUSH,1369,car,340,381,341,381,0.3434,2026-07-19 13:39:18.352,2026-07-19 13:39:19.918
bus_ID_41,FLUSH,1368,bus,985,439,1006,434,0.7145,2026-07-19 13:39:21.516,2026-07-19 13:39:21.717
car_ID_482,FLUSH,1371,car,341,381,341,381,0.3479,2026-07-19 13:39:20.781,2026-07-19 13:39:22.149
car_ID_479,FLUSH,1368,car,44,487,1033,423,0.8022,2026-07-19 13:39:17.754,2026-07-19 13:39:22.481
car_ID_481,FLUSH,1370,car,58,501,1030,437,0.7631,2026-07-19 13:39:20.250,2026-07-19 13:39:24.320
bicycle_ID_413,FLUSH,1374,bicycle,955,549,878,567,0.6345,2026-07-19 13:39:25.053,2026-07-19 13:39:25.549
car_ID_474,FLUSH,1359,car,306,401,307,402,0.3607,2026-07-19 13:38:44.679,2026-07-19 13:39:25.881
bicycle_ID_414,FLUSH,1376,bicycle,1014,510,1012,510,0.4349,2026-07-19 13:39:27.581,2026-07-19 13:39:27.616
person_ID_606,FLUSH,1373,person,1017,506,461,584,0.7236,2026-07-19 13:39:24.620,2026-07-19 13:39:27.682
bicycle_ID_412,FLUSH,1372,bicycle,1017,530,468,610,0.7001,2026-07-19 13:39:24.555,2026-07-19 13:39:27.682
car_ID_483,FLUSH,1375,car,307,401,307,400,0.3314,2026-07-19 13:39:26.882,2026-07-19 13:39:27.782
bicycle_ID_416,FLUSH,1378,bicycle,957,531,868,543,0.4907,2026-07-19 13:39:28.050,2026-07-19 13:39:28.517
bicycle_ID_417,FLUSH,1380,bicycle,698,572,668,574,0.4803,2026-07-19 13:39:29.349,2026-07-19 13:39:29.451
car_ID_484,FLUSH,1379,car,307,401,307,401,0.3455,2026-07-19 13:39:28.481,2026-07-19 13:39:30.019
person_ID_607,FLUSH,1376,person,1010,507,447,572,0.5779,2026-07-19 13:39:27.682,2026-07-19 13:39:30.785
bicycle_ID_415,FLUSH,1377,bicycle,999,519,437,594,0.6262,2026-07-19 13:39:27.750,2026-07-19 13:39:30.853
car_ID_485,FLUSH,1382,car,307,401,307,401,0.3348,2026-07-19 13:39:30.256,2026-07-19 13:39:35.481
car_ID_486,FLUSH,1383,car,307,401,307,401,0.3289,2026-07-19 13:39:35.716,2026-07-19 13:39:38.353
car_ID_487,FLUSH,1384,car,307,401,307,401,0.3333,2026-07-19 13:39:38.885,2026-07-19 13:39:42.251
car_ID_488,FLUSH,1385,car,307,401,307,401,0.3385,2026-07-19 13:39:42.950,2026-07-19 13:39:45.482
car_ID_489,FLUSH,1386,car,307,402,307,401,0.3339,2026-07-19 13:39:45.782,2026-07-19 13:39:47.883
car_ID_490,FLUSH,1387,car,307,401,307,401,0.3366,2026-07-19 13:39:48.218,2026-07-19 13:39:49.317
car_ID_491,FLUSH,1388,car,307,401,307,401,0.3337,2026-07-19 13:39:50.817,2026-07-19 13:39:51.626
car_ID_492,FLUSH,1389,car,307,401,307,402,0.3343,2026-07-19 13:39:51.950,2026-07-19 13:40:08.955
car_ID_493,FLUSH,1390,car,57,510,177,508,0.6008,2026-07-19 13:40:30.391,2026-07-19 13:40:31.356
car_ID_495,FLUSH,1392,car,307,403,307,403,0.3222,2026-07-19 13:40:31.596,2026-07-19 13:40:32.527
car_ID_494,FLUSH,1391,car,392,508,1025,454,0.7584,2026-07-19 13:40:31.525,2026-07-19 13:40:34.052
car_ID_496,FLUSH,1393,car,307,402,307,402,0.3455,2026-07-19 13:41:06.027,2026-07-19 13:41:09.054
car_ID_497,FLUSH,1394,car,307,402,307,402,0.3137,2026-07-19 13:41:11.290,2026-07-19 13:41:11.759
car_ID_498,FLUSH,1395,car,307,401,308,401,0.3311,2026-07-19 13:41:19.532,2026-07-19 13:41:26.190
person_ID_608,FLUSH,1398,person,1016,511,473,574,0.6873,2026-07-19 13:41:26.755,2026-07-19 13:41:28.755
bicycle_ID_418,FLUSH,1397,bicycle,1017,529,463,596,0.7206,2026-07-19 13:41:26.723,2026-07-19 13:41:28.790
bicycle_ID_420,FLUSH,1401,bicycle,85,473,85,473,0.4242,2026-07-19 13:41:40.427,2026-07-19 13:41:40.897
person_ID_609,FLUSH,1399,person,41,455,277,451,0.4713,2026-07-19 13:41:40.194,2026-07-19 13:41:41.924
bicycle_ID_421,FLUSH,1402,bicycle,597,452,597,452,0.4955,2026-07-19 13:41:43.056,2026-07-19 13:41:43.091
person_ID_610,FLUSH,1402,person,569,446,628,444,0.3580,2026-07-19 13:41:42.956,2026-07-19 13:41:43.691
bicycle_ID_422,FLUSH,1403,bicycle,767,450,767,450,0.3315,2026-07-19 13:41:43.991,2026-07-19 13:41:43.991
person_ID_612,FLUSH,1400,person,787,442,787,442,0.4171,2026-07-19 13:41:44.091,2026-07-19 13:41:44.091
person_ID_611,FLUSH,1403,person,746,440,773,441,0.3816,2026-07-19 13:41:43.924,2026-07-19 13:41:44.491
bicycle_ID_419,FLUSH,1400,bicycle,53,473,1003,435,0.5160,2026-07-19 13:41:40.194,2026-07-19 13:41:45.491
person_ID_613,FLUSH,1404,person,837,431,1005,424,0.4997,2026-07-19 13:41:44.424,2026-07-19 13:41:45.591
bicycle_ID_423,FLUSH,1404,bicycle,981,426,1027,422,0.3625,2026-07-19 13:41:45.324,2026-07-19 13:41:46.157
bicycle_ID_425,FLUSH,1407,bicycle,682,567,611,572,0.6494,2026-07-19 13:41:53.224,2026-07-19 13:41:53.997
person_ID_614,FLUSH,1406,person,1015,512,428,564,0.6324,2026-07-19 13:41:51.491,2026-07-19 13:41:54.757
bicycle_ID_424,FLUSH,1405,bicycle,1015,520,435,581,0.7467,2026-07-19 13:41:51.456,2026-07-19 13:41:54.757
car_ID_501,FLUSH,1409,car,341,380,341,380,0.3066,2026-07-19 13:42:01.689,2026-07-19 13:42:02.157
car_ID_500,FLUSH,1408,car,1015,490,302,556,0.7701,2026-07-19 13:42:00.061,2026-07-19 13:42:02.957
bicycle_ID_426,FLUSH,1410,bicycle,1014,508,1014,508,0.4385,2026-07-19 13:42:11.157,2026-07-19 13:42:11.157
bicycle_ID_428,FLUSH,1413,bicycle,821,559,821,559,0.6416,2026-07-19 13:42:12.159,2026-07-19 13:42:12.159
bicycle_ID_427,FLUSH,1411,bicycle,1000,523,489,591,0.6637,2026-07-19 13:42:11.257,2026-07-19 13:42:13.629
person_ID_615,FLUSH,1410,person,1014,503,468,570,0.7461,2026-07-19 13:42:11.192,2026-07-19 13:42:13.699
bicycle_ID_429,FLUSH,1414,bicycle,581,586,457,594,0.4282,2026-07-19 13:42:12.925,2026-07-19 13:42:13.733
car_ID_499,FLUSH,1396,car,307,401,307,401,0.3456,2026-07-19 13:41:26.723,2026-07-19 13:42:13.835
car_ID_502,FLUSH,1415,car,308,401,308,402,0.3354,2026-07-19 13:42:14.593,2026-07-19 13:42:24.696
car_ID_503,FLUSH,1416,car,308,402,307,402,0.3325,2026-07-19 13:42:25.862,2026-07-19 13:42:30.726
car_ID_506,FLUSH,1419,car,342,380,341,380,0.3462,2026-07-19 13:42:37.463,2026-07-19 13:42:37.962
car_ID_505,FLUSH,1418,car,308,402,308,403,0.3497,2026-07-19 13:42:36.628,2026-07-19 13:42:38.994
car_ID_504,FLUSH,1417,car,59,501,1030,443,0.8098,2026-07-19 13:42:36.133,2026-07-19 13:42:40.727
car_ID_508,FLUSH,1421,car,307,401,307,402,0.3549,2026-07-19 13:44:05.769,2026-07-19 13:44:06.867
car_ID_507,FLUSH,1420,car,81,507,1028,438,0.7165,2026-07-19 13:44:04.437,2026-07-19 13:44:08.867
car_ID_510,FLUSH,1423,car,307,403,308,402,0.3264,2026-07-19 13:44:15.072,2026-07-19 13:44:19.767
car_ID_509,FLUSH,1422,car,51,495,1029,435,0.7860,2026-07-19 13:44:14.238,2026-07-19 13:44:20.767
bicycle_ID_430,FLUSH,1424,bicycle,1019,516,1019,516,0.5668,2026-07-19 13:44:33.404,2026-07-19 13:44:33.404
person_ID_616,FLUSH,1424,person,1003,517,484,569,0.6073,2026-07-19 13:44:33.476,2026-07-19 13:44:35.201
bicycle_ID_431,FLUSH,1425,bicycle,1006,523,468,592,0.6877,2026-07-19 13:44:33.476,2026-07-19 13:44:35.238
bicycle_ID_433,FLUSH,1428,bicycle,55,487,173,489,0.3988,2026-07-19 13:44:42.139,2026-07-19 13:44:43.638
person_ID_617,FLUSH,1427,person,42,469,256,475,0.4836,2026-07-19 13:44:42.139,2026-07-19 13:44:44.269
person_ID_618,FLUSH,1430,person,307,477,326,475,0.4368,2026-07-19 13:44:44.236,2026-07-19 13:44:44.769
bicycle_ID_434,FLUSH,1431,bicycle,401,484,409,485,0.4376,2026-07-19 13:44:44.737,2026-07-19 13:44:44.838
bicycle_ID_435,FLUSH,1432,bicycle,449,482,509,478,0.5325,2026-07-19 13:44:45.108,2026-07-19 13:44:45.936
bicycle_ID_436,FLUSH,1433,bicycle,691,465,734,461,0.4616,2026-07-19 13:44:46.805,2026-07-19 13:44:47.136
person_ID_619,FLUSH,1431,person,357,477,742,447,0.4435,2026-07-19 13:44:44.570,2026-07-19 13:44:47.701
bicycle_ID_432,FLUSH,1426,bicycle,47,480,758,458,0.5302,2026-07-19 13:44:42.039,2026-07-19 13:44:47.736
car_ID_511,FLUSH,1429,car,307,401,307,401,0.3336,2026-07-19 13:44:43.301,2026-07-19 13:44:49.569
bus_ID_42,FLUSH,1434,bus,256,524,1004,458,0.8411,2026-07-19 13:44:46.601,2026-07-19 13:44:50.001
car_ID_512,FLUSH,1434,car,1009,455,1033,442,0.4530,2026-07-19 13:44:50.036,2026-07-19 13:44:50.701
car_ID_515,FLUSH,1437,car,342,381,342,381,0.3957,2026-07-19 13:45:08.270,2026-07-19 13:45:08.737
car_ID_516,FLUSH,1438,car,539,472,539,472,0.3386,2026-07-19 13:45:08.770,2026-07-19 13:45:09.240
car_ID_514,FLUSH,1436,car,307,400,307,400,0.3555,2026-07-19 13:45:08.170,2026-07-19 13:45:09.437
car_ID_513,FLUSH,1435,car,74,514,1032,432,0.7819,2026-07-19 13:45:07.502,2026-07-19 13:45:10.906
car_ID_517,FLUSH,1439,car,307,401,307,401,0.3336,2026-07-19 13:45:14.241,2026-07-19 13:45:16.474
car_ID_518,FLUSH,1440,car,307,400,307,401,0.3232,2026-07-19 13:45:18.070,2026-07-19 13:45:18.638
car_ID_521,FLUSH,1443,car,340,382,343,381,0.3088,2026-07-19 13:45:19.970,2026-07-19 13:45:20.472
car_ID_520,FLUSH,1442,car,307,400,307,400,0.3274,2026-07-19 13:45:19.171,2026-07-19 13:45:21.807
car_ID_519,FLUSH,1441,car,75,509,1027,432,0.7699,2026-07-19 13:45:19.002,2026-07-19 13:45:22.678
car_ID_522,FLUSH,1444,car,307,400,307,399,0.3253,2026-07-19 13:45:27.775,2026-07-19 13:45:28.671
car_ID_523,FLUSH,1445,car,307,400,307,400,0.3321,2026-07-19 13:45:30.573,2026-07-19 13:45:32.770
car_ID_524,FLUSH,1447,car,308,400,308,400,0.3422,2026-07-19 13:45:36.603,2026-07-19 13:45:37.072
bicycle_ID_438,FLUSH,1450,bicycle,204,435,204,435,0.3743,2026-07-19 13:45:38.503,2026-07-19 13:45:38.971
car_ID_525,FLUSH,1448,car,307,400,307,400,0.3437,2026-07-19 13:45:37.604,2026-07-19 13:45:39.507
bicycle_ID_439,FLUSH,1451,bicycle,52,473,126,471,0.5137,2026-07-19 13:45:39.106,2026-07-19 13:45:39.943
person_ID_620,FLUSH,1452,person,53,459,163,459,0.4306,2026-07-19 13:45:39.207,2026-07-19 13:45:40.376
bicycle_ID_442,FLUSH,1452,bicycle,173,466,173,466,0.3707,2026-07-19 13:45:40.415,2026-07-19 13:45:40.445
bicycle_ID_440,FLUSH,1454,bicycle,374,427,374,427,0.4349,2026-07-19 13:45:40.110,2026-07-19 13:45:40.577
bicycle_ID_437,FLUSH,1446,bicycle,32,430,425,429,0.4878,2026-07-19 13:45:36.338,2026-07-19 13:45:40.614
car_ID_527,FLUSH,1456,car,43,512,184,496,0.5944,2026-07-19 13:45:40.175,2026-07-19 13:45:40.848
car_ID_529,FLUSH,1452,car,246,497,281,499,0.5162,2026-07-19 13:45:40.878,2026-07-19 13:45:41.012
bicycle_ID_441,FLUSH,1455,bicycle,140,471,191,470,0.3369,2026-07-19 13:45:40.145,2026-07-19 13:45:41.043
car_ID_528,FLUSH,1457,car,342,381,342,381,0.3066,2026-07-19 13:45:40.614,2026-07-19 13:45:41.074
person_ID_621,FLUSH,1451,person,177,462,193,457,0.3285,2026-07-19 13:45:40.477,2026-07-19 13:45:41.107
car_ID_526,FLUSH,1453,car,307,400,307,400,0.3835,2026-07-19 13:45:39.778,2026-07-19 13:45:41.372
truck_ID_46,FLUSH,1452,truck,306,502,306,502,0.3301,2026-07-19 13:45:41.043,2026-07-19 13:45:41.507
bicycle_ID_443,FLUSH,1458,bicycle,468,428,497,426,0.3848,2026-07-19 13:45:41.043,2026-07-19 13:45:41.772
person_ID_622,FLUSH,1460,person,357,463,357,463,0.3992,2026-07-19 13:45:42.173,2026-07-19 13:45:42.207
bicycle_ID_445,FLUSH,1461,bicycle,594,420,625,418,0.4124,2026-07-19 13:45:42.407,2026-07-19 13:45:43.140
person_ID_623,FLUSH,1460,person,483,456,491,456,0.3874,2026-07-19 13:45:43.272,2026-07-19 13:45:43.339
car_ID_531,FLUSH,1462,car,342,380,341,381,0.3291,2026-07-19 13:45:42.472,2026-07-19 13:45:43.407
bicycle_ID_446,FLUSH,1464,bicycle,491,464,491,464,0.6808,2026-07-19 13:45:43.407,2026-07-19 13:45:43.539
car_ID_532,FLUSH,1463,car,1019,446,1019,446,0.3066,2026-07-19 13:45:43.140,2026-07-19 13:45:43.613
car_ID_533,FLUSH,1456,car,1025,409,1025,409,0.4634,2026-07-19 13:45:43.909,2026-07-19 13:45:43.909
truck_ID_45,FLUSH,1456,truck,121,498,1029,407,0.7394,2026-07-19 13:45:40.614,2026-07-19 13:45:43.942
person_ID_624,FLUSH,1464,person,516,455,558,452,0.4571,2026-07-19 13:45:43.571,2026-07-19 13:45:44.407
person_ID_626,FLUSH,1466,person,1016,392,1012,392,0.3206,2026-07-19 13:45:44.040,2026-07-19 13:45:44.607
bicycle_ID_448,FLUSH,1456,bicycle,990,401,974,404,0.3627,2026-07-19 13:45:44.372,2026-07-19 13:45:44.810
person_ID_627,FLUSH,1467,person,986,394,977,394,0.3466,2026-07-19 13:45:44.572,2026-07-19 13:45:44.842
bicycle_ID_449,FLUSH,1468,bicycle,769,407,769,407,0.3244,2026-07-19 13:45:44.644,2026-07-19 13:45:44.842
person_ID_630,FLUSH,1468,person,790,403,794,403,0.3903,2026-07-19 13:45:44.939,2026-07-19 13:45:45.042
bicycle_ID_450,FLUSH,1470,bicycle,883,414,880,415,0.3868,2026-07-19 13:45:45.008,2026-07-19 13:45:45.042
bicycle_ID_452,FLUSH,1469,bicycle,704,448,704,448,0.3992,2026-07-19 13:45:45.308,2026-07-19 13:45:45.308
person_ID_628,FLUSH,1469,person,646,446,720,443,0.4487,2026-07-19 13:45:44.810,2026-07-19 13:45:45.910
bicycle_ID_451,FLUSH,1467,bicycle,948,405,887,411,0.4509,2026-07-19 13:45:45.072,2026-07-19 13:45:46.045
person_ID_631,FLUSH,1471,person,752,441,758,439,0.3353,2026-07-19 13:45:45.773,2026-07-19 13:45:46.311
bicycle_ID_453,FLUSH,1472,bicycle,901,409,865,412,0.4230,2026-07-19 13:45:45.874,2026-07-19 13:45:46.376
bicycle_ID_447,FLUSH,1465,bicycle,941,400,767,414,0.3586,2026-07-19 13:45:43.943,2026-07-19 13:45:46.711
bicycle_ID_444,FLUSH,1460,bicycle,316,472,848,435,0.4762,2026-07-19 13:45:41.872,2026-07-19 13:45:46.775
person_ID_629,FLUSH,1456,person,965,396,864,396,0.4391,2026-07-19 13:45:44.842,2026-07-19 13:45:46.880
person_ID_632,FLUSH,1460,person,770,441,886,430,0.5003,2026-07-19 13:45:45.943,2026-07-19 13:45:47.172
bicycle_ID_454,FLUSH,1476,bicycle,872,437,883,438,0.5060,2026-07-19 13:45:47.010,2026-07-19 13:45:47.609
bicycle_ID_456,FLUSH,1475,bicycle,754,417,754,417,0.3066,2026-07-19 13:45:47.673,2026-07-19 13:45:47.673
person_ID_634,FLUSH,1478,person,729,410,709,414,0.3498,2026-07-19 13:45:47.074,2026-07-19 13:45:47.779
person_ID_636,FLUSH,1477,person,950,394,950,394,0.3137,2026-07-19 13:45:47.508,2026-07-19 13:45:47.976
bicycle_ID_457,FLUSH,1465,bicycle,623,417,623,417,0.3173,2026-07-19 13:45:48.307,2026-07-19 13:45:48.307
car_ID_535,FLUSH,1480,car,938,503,460,540,0.5369,2026-07-19 13:45:47.309,2026-07-19 13:45:48.340
person_ID_635,FLUSH,1479,person,890,430,984,417,0.4141,2026-07-19 13:45:47.208,2026-07-19 13:45:48.340
truck_ID_47,FLUSH,1474,truck,940,502,460,541,0.4840,2026-07-19 13:45:47.273,2026-07-19 13:45:48.340
bicycle_ID_455,FLUSH,1479,bicycle,876,437,1012,421,0.4316,2026-07-19 13:45:47.107,2026-07-19 13:45:48.743
truck_ID_48,FLUSH,1480,truck,904,507,408,544,0.4567,2026-07-19 13:45:47.373,2026-07-19 13:45:48.911
car_ID_536,FLUSH,1482,car,342,381,342,381,0.3208,2026-07-19 13:45:48.512,2026-07-19 13:45:49.010
car_ID_534,FLUSH,1474,car,1027,488,339,550,0.5323,2026-07-19 13:45:46.811,2026-07-19 13:45:49.046
person_ID_625,FLUSH,1465,person,948,400,545,421,0.3996,2026-07-19 13:45:43.843,2026-07-19 13:45:49.173
person_ID_637,FLUSH,1481,person,990,409,1025,406,0.4376,2026-07-19 13:45:48.411,2026-07-19 13:45:49.407
person_ID_638,FLUSH,1483,person,586,418,550,421,0.4108,2026-07-19 13:45:48.774,2026-07-19 13:45:49.607
person_ID_633,FLUSH,1467,person,858,404,577,420,0.4300,2026-07-19 13:45:46.475,2026-07-19 13:45:49.640
person_ID_639,FLUSH,1484,person,519,423,519,423,0.3850,2026-07-19 13:45:49.472,2026-07-19 13:45:49.940
person_ID_641,FLUSH,1475,person,520,423,520,423,0.3244,2026-07-19 13:45:50.178,2026-07-19 13:45:50.340
bicycle_ID_461,FLUSH,1486,bicycle,452,426,430,425,0.3307,2026-07-19 13:45:50.145,2026-07-19 13:45:50.340
person_ID_640,FLUSH,1485,person,569,419,547,420,0.3900,2026-07-19 13:45:49.772,2026-07-19 13:45:50.407
bicycle_ID_459,FLUSH,1467,bicycle,637,423,402,431,0.4667,2026-07-19 13:45:48.973,2026-07-19 13:45:51.340
bicycle_ID_462,FLUSH,1487,bicycle,362,429,362,429,0.7735,2026-07-19 13:45:51.040,2026-07-19 13:45:51.507
car_ID_530,FLUSH,1459,car,307,400,306,400,0.3456,2026-07-19 13:45:41.839,2026-07-19 13:45:51.840
bicycle_ID_463,FLUSH,1488,bicycle,258,430,258,430,0.4164,2026-07-19 13:45:52.110,2026-07-19 13:45:52.577
bicycle_ID_464,FLUSH,1490,bicycle,243,435,216,433,0.4172,2026-07-19 13:45:52.946,2026-07-19 13:45:53.144
bicycle_ID_458,FLUSH,1475,bicycle,640,426,193,439,0.5106,2026-07-19 13:45:48.941,2026-07-19 13:45:53.379
bicycle_ID_465,FLUSH,1491,bicycle,197,440,190,440,0.4046,2026-07-19 13:45:53.379,2026-07-19 13:45:53.411
bicycle_ID_466,FLUSH,1491,bicycle,87,434,87,434,0.4202,2026-07-19 13:45:54.507,2026-07-19 13:45:54.507
person_ID_642,FLUSH,1490,person,236,429,113,431,0.3703,2026-07-19 13:45:52.978,2026-07-19 13:45:54.707
bicycle_ID_460,FLUSH,1465,bicycle,499,424,37,430,0.4886,2026-07-19 13:45:49.640,2026-07-19 13:45:54.972
car_ID_538,FLUSH,1492,car,342,381,342,381,0.3210,2026-07-19 13:45:57.073,2026-07-19 13:45:57.772
car_ID_539,FLUSH,1493,car,342,381,342,381,0.3386,2026-07-19 13:46:06.944,2026-07-19 13:46:07.412
person_ID_643,FLUSH,1495,person,1020,508,445,580,0.7423,2026-07-19 13:46:11.373,2026-07-19 13:46:14.641
bicycle_ID_467,FLUSH,1494,bicycle,1016,528,461,605,0.7441,2026-07-19 13:46:11.309,2026-07-19 13:46:14.641
car_ID_540,FLUSH,1496,car,343,381,343,381,0.3130,2026-07-19 13:46:19.212,2026-07-19 13:46:20.179
car_ID_542,FLUSH,1498,car,831,503,569,529,0.7494,2026-07-19 13:46:24.775,2026-07-19 13:46:25.574
truck_ID_50,FLUSH,1497,truck,569,530,392,537,0.7051,2026-07-19 13:46:25.542,2026-07-19 13:46:26.046
truck_ID_49,FLUSH,1498,truck,887,497,544,532,0.5138,2026-07-19 13:46:24.644,2026-07-19 13:46:26.078
car_ID_541,FLUSH,1497,car,1027,467,356,537,0.6695,2026-07-19 13:46:23.713,2026-07-19 13:46:26.577
car_ID_537,FLUSH,1489,car,307,399,307,399,0.3417,2026-07-19 13:45:52.816,2026-07-19 13:46:42.646
car_ID_543,FLUSH,1499,car,308,400,307,399,0.3320,2026-07-19 13:46:47.748,2026-07-19 13:46:50.242
car_ID_544,FLUSH,1500,car,307,401,328,394,0.3066,2026-07-19 13:47:02.648,2026-07-19 13:47:03.479
car_ID_545,FLUSH,1501,car,308,401,308,401,0.3101,2026-07-19 13:47:14.316,2026-07-19 13:47:14.781
car_ID_546,FLUSH,1502,car,308,399,308,399,0.3315,2026-07-19 13:47:32.118,2026-07-19 13:47:32.584
car_ID_547,FLUSH,1503,car,308,401,308,401,0.3335,2026-07-19 13:47:38.549,2026-07-19 13:47:39.285
car_ID_548,FLUSH,1504,car,308,400,308,401,0.3202,2026-07-19 13:47:44.946,2026-07-19 13:47:46.345
car_ID_549,FLUSH,1505,car,308,401,308,401,0.3268,2026-07-19 13:47:46.781,2026-07-19 13:47:47.346
car_ID_550,FLUSH,1506,car,308,400,308,400,0.3364,2026-07-19 13:47:47.813,2026-07-19 13:47:55.849
car_ID_551,FLUSH,1507,car,307,400,308,400,0.3412,2026-07-19 13:47:56.220,2026-07-19 13:47:56.886
car_ID_552,FLUSH,1508,car,308,401,308,401,0.3222,2026-07-19 13:47:57.218,2026-07-19 13:47:58.719
car_ID_554,FLUSH,1510,car,308,401,308,401,0.3422,2026-07-19 13:47:59.385,2026-07-19 13:48:00.183
car_ID_553,FLUSH,1509,car,1012,487,317,556,0.7473,2026-07-19 13:47:59.320,2026-07-19 13:48:01.614
person_ID_644,FLUSH,1513,person,54,460,266,458,0.4862,2026-07-19 13:48:03.283,2026-07-19 13:48:05.250
car_ID_556,FLUSH,1514,car,341,381,341,381,0.3386,2026-07-19 13:48:04.818,2026-07-19 13:48:05.285
person_ID_645,FLUSH,1515,person,295,462,312,457,0.3400,2026-07-19 13:48:05.050,2026-07-19 13:48:05.621
person_ID_646,FLUSH,1516,person,368,461,526,452,0.4467,2026-07-19 13:48:05.550,2026-07-19 13:48:06.747
person_ID_647,FLUSH,1512,person,551,453,585,451,0.3299,2026-07-19 13:48:06.914,2026-07-19 13:48:07.184
bicycle_ID_468,FLUSH,1512,bicycle,53,475,686,455,0.5165,2026-07-19 13:48:03.214,2026-07-19 13:48:07.982
person_ID_648,FLUSH,1517,person,613,448,762,440,0.4166,2026-07-19 13:48:07.415,2026-07-19 13:48:09.082
car_ID_555,FLUSH,1511,car,307,400,308,401,0.3378,2026-07-19 13:48:01.981,2026-07-19 13:48:09.415
bicycle_ID_469,FLUSH,1516,bicycle,436,468,923,438,0.4580,2026-07-19 13:48:05.982,2026-07-19 13:48:10.014
person_ID_650,FLUSH,1516,person,966,428,966,428,0.3636,2026-07-19 13:48:10.447,2026-07-19 13:48:10.447
bicycle_ID_470,FLUSH,1521,bicycle,918,439,918,439,0.3600,2026-07-19 13:48:10.015,2026-07-19 13:48:10.482
person_ID_649,FLUSH,1519,person,803,437,957,426,0.4435,2026-07-19 13:48:08.982,2026-07-19 13:48:10.824
car_ID_558,FLUSH,1516,car,1031,423,1034,423,0.4959,2026-07-19 13:48:11.187,2026-07-19 13:48:11.720
car_ID_557,FLUSH,1520,car,309,401,308,401,0.3326,2026-07-19 13:48:09.882,2026-07-19 13:48:24.287
car_ID_559,FLUSH,1522,car,308,401,308,401,0.3443,2026-07-19 13:48:25.583,2026-07-19 13:48:26.515
car_ID_560,FLUSH,1523,car,307,401,308,401,0.3298,2026-07-19 13:48:26.815,2026-07-19 13:48:37.584
car_ID_561,FLUSH,1524,car,308,401,308,401,0.3335,2026-07-19 13:48:37.818,2026-07-19 13:48:39.783
car_ID_562,FLUSH,1525,car,308,402,308,401,0.3748,2026-07-19 13:48:41.152,2026-07-19 13:48:41.852
car_ID_563,FLUSH,1526,car,308,401,308,401,0.3329,2026-07-19 13:48:42.120,2026-07-19 13:48:45.716
car_ID_564,FLUSH,1527,car,308,401,308,401,0.3282,2026-07-19 13:48:46.348,2026-07-19 13:48:49.248
car_ID_565,FLUSH,1528,car,308,401,308,402,0.3340,2026-07-19 13:48:50.253,2026-07-19 13:48:51.318
car_ID_566,FLUSH,1529,car,308,401,308,401,0.3254,2026-07-19 13:48:51.516,2026-07-19 13:48:52.217
car_ID_567,FLUSH,1530,car,308,401,308,401,0.3123,2026-07-19 13:48:53.716,2026-07-19 13:48:55.248
car_ID_570,FLUSH,1533,car,341,381,341,381,0.3099,2026-07-19 13:49:17.118,2026-07-19 13:49:17.721
car_ID_569,FLUSH,1532,car,58,506,1032,432,0.7804,2026-07-19 13:49:16.253,2026-07-19 13:49:19.722
car_ID_573,FLUSH,1536,car,342,380,341,381,0.3491,2026-07-19 13:49:19.455,2026-07-19 13:49:20.386
truck_ID_51,FLUSH,1534,truck,498,512,729,490,0.4357,2026-07-19 13:49:19.986,2026-07-19 13:49:20.519
car_ID_572,FLUSH,1535,car,337,515,1022,448,0.7739,2026-07-19 13:49:19.320,2026-07-19 13:49:21.686
car_ID_571,FLUSH,1534,car,100,520,1012,457,0.4865,2026-07-19 13:49:18.687,2026-07-19 13:49:21.859
car_ID_568,FLUSH,1531,car,308,401,308,402,0.3413,2026-07-19 13:48:55.584,2026-07-19 13:49:55.455
car_ID_574,FLUSH,1537,car,308,402,307,402,0.3231,2026-07-19 13:49:55.755,2026-07-19 13:49:59.023
car_ID_576,FLUSH,1539,car,307,402,308,403,0.3338,2026-07-19 13:50:05.392,2026-07-19 13:50:06.620
car_ID_575,FLUSH,1538,car,1013,493,369,554,0.7645,2026-07-19 13:50:04.324,2026-07-19 13:50:06.689
car_ID_577,FLUSH,1540,car,88,525,204,519,0.4420,2026-07-19 13:50:14.820,2026-07-19 13:50:15.689
car_ID_579,FLUSH,1542,car,307,402,308,402,0.3295,2026-07-19 13:50:16.088,2026-07-19 13:50:16.821
car_ID_578,FLUSH,1541,car,496,515,1026,456,0.7593,2026-07-19 13:50:15.956,2026-07-19 13:50:18.221
car_ID_580,FLUSH,1543,car,1009,491,475,562,0.7834,2026-07-19 13:50:36.989,2026-07-19 13:50:39.061
person_ID_652,FLUSH,1545,person,629,530,575,535,0.3436,2026-07-19 13:50:38.560,2026-07-19 13:50:39.126
bicycle_ID_472,FLUSH,1548,bicycle,48,476,48,476,0.5026,2026-07-19 13:50:39.790,2026-07-19 13:50:39.857
bicycle_ID_473,FLUSH,1549,bicycle,66,482,66,482,0.3386,2026-07-19 13:50:40.022,2026-07-19 13:50:40.492
person_ID_655,FLUSH,1547,person,200,474,201,474,0.3558,2026-07-19 13:50:41.157,2026-07-19 13:50:41.290
person_ID_654,FLUSH,1548,person,52,471,175,472,0.4169,2026-07-19 13:50:39.890,2026-07-19 13:50:41.457
bicycle_ID_474,FLUSH,1550,bicycle,449,480,449,480,0.5454,2026-07-19 13:50:43.123,2026-07-19 13:50:43.591
person_ID_651,FLUSH,1544,person,1030,393,915,397,0.4058,2026-07-19 13:50:38.193,2026-07-19 13:50:43.991
bicycle_ID_475,FLUSH,1551,bicycle,506,477,506,477,0.5917,2026-07-19 13:50:43.523,2026-07-19 13:50:43.991
person_ID_653,FLUSH,1546,person,999,395,898,398,0.4190,2026-07-19 13:50:39.395,2026-07-19 13:50:44.696
person_ID_657,FLUSH,1553,person,562,465,640,458,0.4339,2026-07-19 13:50:43.991,2026-07-19 13:50:45.026
person_ID_659,FLUSH,1556,person,779,445,779,445,0.3636,2026-07-19 13:50:45.800,2026-07-19 13:50:45.923
bicycle_ID_471,FLUSH,1547,bicycle,45,476,795,449,0.5725,2026-07-19 13:50:39.722,2026-07-19 13:50:45.923
bicycle_ID_478,FLUSH,1557,bicycle,220,482,220,482,0.4991,2026-07-19 13:50:46.023,2026-07-19 13:50:46.490
person_ID_660,FLUSH,1547,person,799,444,821,442,0.4576,2026-07-19 13:50:45.958,2026-07-19 13:50:46.624
person_ID_658,FLUSH,1555,person,39,467,276,464,0.5569,2026-07-19 13:50:44.727,2026-07-19 13:50:46.893
person_ID_661,FLUSH,1559,person,858,438,908,434,0.5289,2026-07-19 13:50:46.593,2026-07-19 13:50:47.057
person_ID_662,FLUSH,1560,person,307,470,321,468,0.4385,2026-07-19 13:50:46.624,2026-07-19 13:50:47.191
bicycle_ID_477,FLUSH,1556,bicycle,799,457,876,446,0.4886,2026-07-19 13:50:45.958,2026-07-19 13:50:47.191
car_ID_581,FLUSH,1558,car,308,402,307,402,0.3381,2026-07-19 13:50:46.322,2026-07-19 13:50:47.390
bicycle_ID_479,FLUSH,1559,bicycle,902,439,961,437,0.5869,2026-07-19 13:50:46.993,2026-07-19 13:50:48.123
person_ID_664,FLUSH,1562,person,915,431,1004,424,0.4587,2026-07-19 13:50:47.191,2026-07-19 13:50:48.358
bicycle_ID_480,FLUSH,1562,bicycle,980,431,1020,424,0.3424,2026-07-19 13:50:47.895,2026-07-19 13:50:48.892
bicycle_ID_481,FLUSH,1561,bicycle,739,450,769,450,0.5842,2026-07-19 13:50:49.457,2026-07-19 13:50:49.723
bicycle_ID_476,FLUSH,1554,bicycle,48,477,720,464,0.7025,2026-07-19 13:50:44.696,2026-07-19 13:50:49.790
car_ID_582,FLUSH,1564,car,307,403,307,403,0.3208,2026-07-19 13:50:50.926,2026-07-19 13:50:51.394
bicycle_ID_482,FLUSH,1563,bicycle,773,457,1021,434,0.5721,2026-07-19 13:50:49.823,2026-07-19 13:50:52.424
person_ID_663,FLUSH,1561,person,352,471,1029,424,0.5807,2026-07-19 13:50:46.925,2026-07-19 13:50:52.490
car_ID_583,FLUSH,1565,car,307,403,308,403,0.3111,2026-07-19 13:50:52.126,2026-07-19 13:50:52.792
person_ID_656,FLUSH,1552,person,893,398,644,418,0.5669,2026-07-19 13:50:43.923,2026-07-19 13:50:53.891
person_ID_665,FLUSH,1566,person,665,423,664,421,0.5006,2026-07-19 13:50:53.623,2026-07-19 13:50:57.763
person_ID_666,FLUSH,1567,person,632,420,623,421,0.3632,2026-07-19 13:50:54.091,2026-07-19 13:50:57.994
person_ID_667,FLUSH,1568,person,623,422,612,421,0.3767,2026-07-19 13:50:58.194,2026-07-19 13:51:00.195
person_ID_668,FLUSH,1569,person,661,417,473,424,0.4678,2026-07-19 13:50:58.194,2026-07-19 13:51:04.390
person_ID_670,FLUSH,1571,person,440,427,440,427,0.3208,2026-07-19 13:51:05.090,2026-07-19 13:51:05.563
person_ID_669,FLUSH,1570,person,456,426,423,426,0.3519,2026-07-19 13:51:04.390,2026-07-19 13:51:06.194
person_ID_672,FLUSH,1573,person,381,429,369,427,0.3570,2026-07-19 13:51:06.694,2026-07-19 13:51:07.499
person_ID_671,FLUSH,1572,person,406,427,335,430,0.4001,2026-07-19 13:51:05.964,2026-07-19 13:51:08.595
person_ID_673,FLUSH,1574,person,312,436,245,449,0.4395,2026-07-19 13:51:08.695,2026-07-19 13:51:10.728
car_ID_584,FLUSH,1575,car,308,402,308,402,0.3123,2026-07-19 13:51:09.642,2026-07-19 13:51:10.792
person_ID_675,FLUSH,1577,person,123,495,42,517,0.4842,2026-07-19 13:51:12.327,2026-07-19 13:51:14.030
person_ID_674,FLUSH,1576,person,274,439,51,527,0.5346,2026-07-19 13:51:09.674,2026-07-19 13:51:14.169
car_ID_585,FLUSH,1578,car,307,403,307,402,0.3127,2026-07-19 13:51:30.931,2026-07-19 13:51:32.031
car_ID_586,FLUSH,1579,car,308,402,308,403,0.3265,2026-07-19 13:51:32.633,2026-07-19 13:51:34.132
car_ID_587,FLUSH,1580,car,308,402,308,402,0.3213,2026-07-19 13:51:35.794,2026-07-19 13:51:38.392
car_ID_588,FLUSH,1581,car,307,402,307,402,0.3279,2026-07-19 13:51:46.367,2026-07-19 13:51:46.832
car_ID_589,FLUSH,1582,car,308,402,308,402,0.3067,2026-07-19 13:51:47.296,2026-07-19 13:51:48.032
car_ID_590,FLUSH,1583,car,308,403,308,403,0.3366,2026-07-19 13:51:48.698,2026-07-19 13:51:51.962
car_ID_591,FLUSH,1584,car,87,519,1031,445,0.6524,2026-07-19 13:51:49.894,2026-07-19 13:51:52.733
car_ID_592,FLUSH,1585,car,1033,393,1017,396,0.4688,2026-07-19 13:51:51.697,2026-07-19 13:51:52.733
car_ID_593,FLUSH,1586,car,308,403,308,403,0.3386,2026-07-19 13:51:52.562,2026-07-19 13:51:53.028
person_ID_676,FLUSH,1587,person,982,394,980,396,0.3539,2026-07-19 13:51:52.594,2026-07-19 13:51:53.128
car_ID_594,FLUSH,1587,car,985,399,985,399,0.4955,2026-07-19 13:51:53.161,2026-07-19 13:51:53.628
car_ID_595,FLUSH,1588,car,307,403,307,403,0.3137,2026-07-19 13:51:53.531,2026-07-19 13:51:53.993
bicycle_ID_483,FLUSH,1590,bicycle,847,406,847,406,0.3137,2026-07-19 13:51:56.329,2026-07-19 13:51:56.629
car_ID_596,FLUSH,1591,car,308,402,307,402,0.3458,2026-07-19 13:51:55.899,2026-07-19 13:51:57.061
person_ID_678,FLUSH,1590,person,907,395,792,404,0.3875,2026-07-19 13:51:54.667,2026-07-19 13:51:57.429
car_ID_597,FLUSH,1592,car,308,403,308,402,0.3207,2026-07-19 13:51:57.261,2026-07-19 13:51:58.095
car_ID_598,FLUSH,1594,car,307,401,307,401,0.3351,2026-07-19 13:51:58.563,2026-07-19 13:51:59.029
person_ID_679,FLUSH,1590,person,763,412,756,412,0.3378,2026-07-19 13:51:58.465,2026-07-19 13:51:59.097
person_ID_681,FLUSH,1596,person,721,418,717,417,0.3622,2026-07-19 13:51:59.295,2026-07-19 13:51:59.794
person_ID_680,FLUSH,1595,person,696,412,661,416,0.3678,2026-07-19 13:51:59.130,2026-07-19 13:51:59.862
bicycle_ID_484,FLUSH,1595,bicycle,712,413,641,421,0.4445,2026-07-19 13:51:59.097,2026-07-19 13:52:00.168
bicycle_ID_485,FLUSH,1598,bicycle,610,423,593,422,0.3709,2026-07-19 13:52:00.462,2026-07-19 13:52:01.067
bicycle_ID_486,FLUSH,1599,bicycle,575,424,559,421,0.3786,2026-07-19 13:52:01.135,2026-07-19 13:52:01.268
person_ID_682,FLUSH,1598,person,579,413,571,418,0.3341,2026-07-19 13:52:01.098,2026-07-19 13:52:01.668
car_ID_599,FLUSH,1597,car,308,403,308,403,0.3287,2026-07-19 13:52:00.029,2026-07-19 13:52:02.462
person_ID_683,FLUSH,1599,person,558,420,454,423,0.3693,2026-07-19 13:52:01.300,2026-07-19 13:52:03.462
person_ID_684,FLUSH,1600,person,505,425,476,427,0.3339,2026-07-19 13:52:02.864,2026-07-19 13:52:03.762
car_ID_600,FLUSH,1602,car,307,402,307,402,0.3672,2026-07-19 13:52:03.794,2026-07-19 13:52:04.264
bicycle_ID_487,FLUSH,1603,bicycle,397,424,401,424,0.3279,2026-07-19 13:52:03.867,2026-07-19 13:52:04.366
person_ID_685,FLUSH,1601,person,426,422,437,426,0.3600,2026-07-19 13:52:03.729,2026-07-19 13:52:04.430
person_ID_686,FLUSH,1603,person,415,425,415,425,0.3279,2026-07-19 13:52:04.395,2026-07-19 13:52:04.695
car_ID_601,FLUSH,1604,car,308,403,306,403,0.3577,2026-07-19 13:52:04.964,2026-07-19 13:52:05.494
person_ID_677,FLUSH,1589,person,1007,397,442,435,0.4513,2026-07-19 13:51:54.428,2026-07-19 13:52:05.663
person_ID_687,FLUSH,1605,person,392,429,351,431,0.3479,2026-07-19 13:52:06.000,2026-07-19 13:52:06.594
bicycle_ID_489,FLUSH,1605,bicycle,378,430,327,434,0.3436,2026-07-19 13:52:06.162,2026-07-19 13:52:07.366
car_ID_602,FLUSH,1606,car,307,402,308,402,0.3324,2026-07-19 13:52:06.966,2026-07-19 13:52:08.201
bicycle_ID_490,FLUSH,1607,bicycle,280,435,254,437,0.4123,2026-07-19 13:52:07.635,2026-07-19 13:52:08.398
bicycle_ID_488,FLUSH,1604,bicycle,326,433,177,430,0.4006,2026-07-19 13:52:05.531,2026-07-19 13:52:08.435
bicycle_ID_491,FLUSH,1608,bicycle,195,442,195,442,0.3137,2026-07-19 13:52:08.731,2026-07-19 13:52:08.731
person_ID_689,FLUSH,1610,person,115,426,115,426,0.3636,2026-07-19 13:52:09.029,2026-07-19 13:52:09.329
person_ID_688,FLUSH,1608,person,218,439,179,441,0.3307,2026-07-19 13:52:08.435,2026-07-19 13:52:09.395
car_ID_603,FLUSH,1609,car,308,403,308,403,0.3149,2026-07-19 13:52:08.929,2026-07-19 13:52:11.194
person_ID_690,FLUSH,1611,person,33,439,33,439,0.3351,2026-07-19 13:52:11.629,2026-07-19 13:52:12.095
car_ID_606,FLUSH,1614,car,94,456,94,456,0.4171,2026-07-19 13:52:45.003,2026-07-19 13:52:45.469
car_ID_605,FLUSH,1613,car,308,403,307,403,0.3530,2026-07-19 13:52:44.803,2026-07-19 13:52:47.132
person_ID_691,FLUSH,1616,person,113,480,113,480,0.4028,2026-07-19 13:52:47.432,2026-07-19 13:52:47.899
person_ID_692,FLUSH,1615,person,161,485,161,485,0.5383,2026-07-19 13:52:47.532,2026-07-19 13:52:47.999
car_ID_607,FLUSH,1617,car,931,438,931,438,0.4615,2026-07-19 13:52:47.632,2026-07-19 13:52:48.099
person_ID_693,FLUSH,1618,person,207,478,207,478,0.3001,2026-07-19 13:52:47.700,2026-07-19 13:52:48.164
car_ID_604,FLUSH,1612,car,52,493,1028,432,0.7584,2026-07-19 13:52:44.535,2026-07-19 13:52:48.600
person_ID_694,FLUSH,1620,person,395,472,395,472,0.4028,2026-07-19 13:52:48.235,2026-07-19 13:52:48.701
person_ID_697,FLUSH,1619,person,602,468,602,468,0.3351,2026-07-19 13:52:48.765,2026-07-19 13:52:48.834
person_ID_695,FLUSH,1621,person,456,466,456,466,0.4705,2026-07-19 13:52:48.400,2026-07-19 13:52:48.866
person_ID_696,FLUSH,1622,person,483,470,515,467,0.3219,2026-07-19 13:52:48.465,2026-07-19 13:52:48.999
person_ID_698,FLUSH,1623,person,759,446,759,446,0.3137,2026-07-19 13:52:49.299,2026-07-19 13:52:49.764
person_ID_699,FLUSH,1624,person,780,443,965,432,0.4223,2026-07-19 13:52:49.366,2026-07-19 13:52:50.467
person_ID_700,FLUSH,1627,person,992,433,1019,430,0.4014,2026-07-19 13:52:50.132,2026-07-19 13:52:50.705
person_ID_701,FLUSH,1628,person,183,517,208,499,0.3765,2026-07-19 13:53:15.667,2026-07-19 13:53:16.534
car_ID_608,FLUSH,1629,car,1013,492,368,562,0.8343,2026-07-19 13:53:15.766,2026-07-19 13:53:18.302
person_ID_703,FLUSH,1631,person,314,479,333,473,0.3727,2026-07-19 13:53:18.767,2026-07-19 13:53:19.565
person_ID_704,FLUSH,1632,person,355,465,605,416,0.4329,2026-07-19 13:53:19.533,2026-07-19 13:53:26.934
person_ID_705,FLUSH,1633,person,653,412,691,409,0.4164,2026-07-19 13:53:28.067,2026-07-19 13:53:29.867
person_ID_702,FLUSH,1630,person,233,505,891,401,0.6090,2026-07-19 13:53:16.466,2026-07-19 13:53:35.367
person_ID_706,FLUSH,1634,person,714,405,936,395,0.4689,2026-07-19 13:53:30.266,2026-07-19 13:53:39.537
person_ID_708,FLUSH,1636,person,971,395,976,397,0.3275,2026-07-19 13:53:40.738,2026-07-19 13:53:41.402
person_ID_707,FLUSH,1635,person,891,401,1027,378,0.5439,2026-07-19 13:53:35.440,2026-07-19 13:53:43.909
bicycle_ID_492,FLUSH,1640,bicycle,52,510,139,524,0.5811,2026-07-19 13:53:48.968,2026-07-19 13:53:50.105
bicycle_ID_493,FLUSH,1637,bicycle,143,497,239,499,0.4466,2026-07-19 13:53:49.103,2026-07-19 13:53:50.235
person_ID_709,FLUSH,1638,person,46,468,243,475,0.6143,2026-07-19 13:53:48.535,2026-07-19 13:53:50.435
person_ID_710,FLUSH,1639,person,55,506,196,503,0.5528,2026-07-19 13:53:48.968,2026-07-19 13:53:50.568
car_ID_609,FLUSH,1641,car,307,402,308,402,0.3904,2026-07-19 13:53:50.072,2026-07-19 13:53:50.935
person_ID_712,FLUSH,1642,person,297,508,321,508,0.4852,2026-07-19 13:53:50.702,2026-07-19 13:53:50.967
bicycle_ID_495,FLUSH,1644,bicycle,400,489,415,487,0.5062,2026-07-19 13:53:50.935,2026-07-19 13:53:51.002
bicycle_ID_496,FLUSH,1645,bicycle,429,486,439,486,0.3565,2026-07-19 13:53:51.104,2026-07-19 13:53:51.168
bicycle_ID_497,FLUSH,1648,bicycle,385,521,385,521,0.5347,2026-07-19 13:53:51.302,2026-07-19 13:53:51.771
person_ID_714,FLUSH,1650,person,597,471,597,471,0.3101,2026-07-19 13:53:52.567,2026-07-19 13:53:52.602
person_ID_713,FLUSH,1647,person,360,505,568,485,0.5129,2026-07-19 13:53:51.168,2026-07-19 13:53:52.868
bicycle_ID_499,FLUSH,1651,bicycle,1016,512,1016,512,0.6844,2026-07-19 13:53:53.102,2026-07-19 13:53:53.102
bicycle_ID_498,FLUSH,1650,bicycle,505,506,668,481,0.4457,2026-07-19 13:53:52.002,2026-07-19 13:53:53.568
car_ID_610,FLUSH,1646,car,307,402,307,402,0.3323,2026-07-19 13:53:51.069,2026-07-19 13:53:53.668
bicycle_ID_501,FLUSH,1653,bicycle,776,471,776,471,0.3529,2026-07-19 13:53:53.968,2026-07-19 13:53:54.435
car_ID_611,FLUSH,1654,car,307,402,307,402,0.3052,2026-07-19 13:53:54.269,2026-07-19 13:53:55.107
bicycle_ID_502,FLUSH,1655,bicycle,530,593,509,594,0.5403,2026-07-19 13:53:55.069,2026-07-19 13:53:55.605
person_ID_715,FLUSH,1651,person,1011,507,459,576,0.6744,2026-07-19 13:53:53.167,2026-07-19 13:53:55.772
bicycle_ID_500,FLUSH,1652,bicycle,1005,521,457,599,0.7323,2026-07-19 13:53:53.203,2026-07-19 13:53:55.772
bicycle_ID_503,FLUSH,1656,bicycle,1002,449,1005,437,0.4149,2026-07-19 13:53:55.911,2026-07-19 13:53:56.535
bicycle_ID_504,FLUSH,1657,bicycle,1010,437,1011,436,0.4218,2026-07-19 13:53:56.535,2026-07-19 13:53:56.602
bicycle_ID_494,FLUSH,1642,bicycle,331,489,1028,451,0.5159,2026-07-19 13:53:50.435,2026-07-19 13:53:56.735
person_ID_711,FLUSH,1643,person,316,474,1030,422,0.5680,2026-07-19 13:53:50.502,2026-07-19 13:53:57.435
car_ID_612,FLUSH,1658,car,307,403,307,402,0.3155,2026-07-19 13:53:57.602,2026-07-19 13:53:58.572
car_ID_613,FLUSH,1659,car,307,402,307,402,0.3405,2026-07-19 13:53:59.902,2026-07-19 13:54:01.610
car_ID_614,FLUSH,1660,car,308,403,307,401,0.3279,2026-07-19 13:54:02.439,2026-07-19 13:54:03.741
car_ID_615,FLUSH,1661,car,307,402,307,402,0.3493,2026-07-19 13:54:09.939,2026-07-19 13:54:10.408
car_ID_616,FLUSH,1662,car,307,402,307,402,0.3066,2026-07-19 13:54:10.909,2026-07-19 13:54:11.372
car_ID_617,FLUSH,1663,car,307,402,307,402,0.3101,2026-07-19 13:54:15.904,2026-07-19 13:54:16.371
car_ID_618,FLUSH,1664,car,307,402,307,402,0.3213,2026-07-19 13:54:17.936,2026-07-19 13:54:18.872
car_ID_619,FLUSH,1665,car,307,402,307,402,0.3313,2026-07-19 13:54:19.272,2026-07-19 13:54:20.742
car_ID_620,FLUSH,1666,car,307,401,307,402,0.3286,2026-07-19 13:54:21.111,2026-07-19 13:54:24.672
car_ID_621,FLUSH,1667,car,307,402,308,402,0.3435,2026-07-19 13:54:25.672,2026-07-19 13:54:27.707
person_ID_716,FLUSH,1669,person,60,473,91,475,0.3712,2026-07-19 13:54:28.137,2026-07-19 13:54:28.438
car_ID_622,FLUSH,1671,car,307,402,307,402,0.3066,2026-07-19 13:54:28.537,2026-07-19 13:54:29.006
bicycle_ID_506,FLUSH,1669,bicycle,90,479,172,486,0.4356,2026-07-19 13:54:28.374,2026-07-19 13:54:29.106
bicycle_ID_505,FLUSH,1668,bicycle,43,477,179,484,0.5194,2026-07-19 13:54:27.805,2026-07-19 13:54:29.172
person_ID_717,FLUSH,1670,person,102,473,203,474,0.4281,2026-07-19 13:54:28.537,2026-07-19 13:54:29.606
bicycle_ID_508,FLUSH,1672,bicycle,250,480,250,480,0.5240,2026-07-19 13:54:29.805,2026-07-19 13:54:29.837
person_ID_718,FLUSH,1674,person,401,480,433,476,0.4797,2026-07-19 13:54:31.073,2026-07-19 13:54:31.337
bicycle_ID_509,FLUSH,1674,bicycle,390,488,600,477,0.4939,2026-07-19 13:54:30.973,2026-07-19 13:54:32.614
person_ID_719,FLUSH,1675,person,441,477,592,468,0.4352,2026-07-19 13:54:31.473,2026-07-19 13:54:33.038
person_ID_720,FLUSH,1674,person,609,468,669,459,0.4613,2026-07-19 13:54:32.711,2026-07-19 13:54:33.674
bicycle_ID_510,FLUSH,1676,bicycle,725,460,732,459,0.3577,2026-07-19 13:54:33.707,2026-07-19 13:54:33.773
person_ID_721,FLUSH,1676,person,733,457,758,448,0.3631,2026-07-19 13:54:33.805,2026-07-19 13:54:34.506
person_ID_722,FLUSH,1677,person,793,442,793,442,0.3850,2026-07-19 13:54:34.437,2026-07-19 13:54:34.506
bicycle_ID_511,FLUSH,1677,bicycle,817,453,828,451,0.3365,2026-07-19 13:54:34.538,2026-07-19 13:54:35.105
car_ID_623,FLUSH,1673,car,306,401,307,401,0.3340,2026-07-19 13:54:30.173,2026-07-19 13:54:35.137
bicycle_ID_512,FLUSH,1678,bicycle,895,439,895,439,0.3137,2026-07-19 13:54:35.437,2026-07-19 13:54:35.472
bicycle_ID_507,FLUSH,1670,bicycle,234,482,966,432,0.5092,2026-07-19 13:54:29.638,2026-07-19 13:54:36.205
person_ID_723,FLUSH,1678,person,903,431,957,426,0.4213,2026-07-19 13:54:35.505,2026-07-19 13:54:36.573
car_ID_624,FLUSH,1679,car,307,402,307,402,0.3286,2026-07-19 13:54:36.437,2026-07-19 13:54:38.309
car_ID_625,FLUSH,1680,car,307,402,307,402,0.3555,2026-07-19 13:54:38.876,2026-07-19 13:54:40.178
car_ID_626,FLUSH,1681,car,307,401,307,402,0.3224,2026-07-19 13:54:40.309,2026-07-19 13:54:40.876
car_ID_627,FLUSH,1682,car,307,401,307,401,0.3578,2026-07-19 13:54:44.137,2026-07-19 13:54:44.638
car_ID_628,FLUSH,1683,car,307,401,307,401,0.3420,2026-07-19 13:55:17.613,2026-07-19 13:55:18.511
car_ID_629,FLUSH,1684,car,307,401,307,402,0.3505,2026-07-19 13:55:19.607,2026-07-19 13:55:20.174
car_ID_630,FLUSH,1685,car,307,402,306,402,0.3197,2026-07-19 13:55:20.940,2026-07-19 13:55:21.775
car_ID_631,FLUSH,1686,car,307,401,307,401,0.3430,2026-07-19 13:55:23.007,2026-07-19 13:55:25.214
car_ID_632,FLUSH,1687,car,307,401,307,401,0.3208,2026-07-19 13:55:27.475,2026-07-19 13:55:27.939
car_ID_633,FLUSH,1688,car,307,401,307,401,0.3066,2026-07-19 13:55:46.944,2026-07-19 13:55:47.414
car_ID_634,FLUSH,1689,car,307,401,307,401,0.3377,2026-07-19 13:55:59.480,2026-07-19 13:56:01.179
car_ID_635,FLUSH,1690,car,307,401,307,401,0.3244,2026-07-19 13:56:09.384,2026-07-19 13:56:10.351
car_ID_636,FLUSH,1691,car,307,400,307,400,0.3351,2026-07-19 13:56:13.310,2026-07-19 13:56:13.778
car_ID_637,FLUSH,1692,car,307,401,306,401,0.3259,2026-07-19 13:56:14.510,2026-07-19 13:56:15.781
car_ID_638,FLUSH,1693,car,307,402,307,401,0.3111,2026-07-19 13:56:16.013,2026-07-19 13:56:17.380
car_ID_639,FLUSH,1694,car,307,401,307,402,0.3097,2026-07-19 13:56:32.147,2026-07-19 13:56:32.746
bicycle_ID_513,FLUSH,1697,bicycle,1020,496,1020,496,0.3030,2026-07-19 13:57:31.882,2026-07-19 13:57:31.882
car_ID_640,FLUSH,1695,car,1019,452,334,531,0.8431,2026-07-19 13:57:30.252,2026-07-19 13:57:32.049
bicycle_ID_515,FLUSH,1700,bicycle,973,510,973,510,0.4634,2026-07-19 13:57:32.149,2026-07-19 13:57:32.149
car_ID_641,FLUSH,1696,car,307,401,307,401,0.3500,2026-07-19 13:57:31.117,2026-07-19 13:57:32.481
car_ID_642,FLUSH,1699,car,126,525,70,528,0.4846,2026-07-19 13:57:31.949,2026-07-19 13:57:32.584
person_ID_724,FLUSH,1697,person,1016,492,460,558,0.5675,2026-07-19 13:57:31.914,2026-07-19 13:57:34.214
bicycle_ID_514,FLUSH,1698,bicycle,1013,503,436,568,0.6158,2026-07-19 13:57:31.949,2026-07-19 13:57:34.283
car_ID_643,FLUSH,1701,car,307,401,307,401,0.3066,2026-07-19 13:57:36.554,2026-07-19 13:57:37.020
car_ID_644,FLUSH,1702,car,306,400,306,400,0.3493,2026-07-19 13:57:47.323,2026-07-19 13:57:47.789
car_ID_645,FLUSH,1703,car,1029,439,1010,450,0.4819,2026-07-19 13:58:04.086,2026-07-19 13:58:04.222
truck_ID_52,FLUSH,1703,truck,837,493,837,493,0.5024,2026-07-19 13:58:05.320,2026-07-19 13:58:05.320
bus_ID_43,FLUSH,1703,bus,1005,452,436,522,0.7786,2026-07-19 13:58:04.255,2026-07-19 13:58:07.751
car_ID_646,FLUSH,1704,car,1021,472,398,535,0.8830,2026-07-19 13:58:08.251,2026-07-19 13:58:10.022
bicycle_ID_516,FLUSH,1705,bicycle,47,475,131,477,0.4970,2026-07-19 13:58:41.793,2026-07-19 13:58:42.488
bicycle_ID_517,FLUSH,1707,bicycle,102,477,207,478,0.4888,2026-07-19 13:58:42.290,2026-07-19 13:58:43.520
person_ID_725,FLUSH,1706,person,48,464,250,468,0.5175,2026-07-19 13:58:41.826,2026-07-19 13:58:43.820
bicycle_ID_518,FLUSH,1708,bicycle,343,464,343,464,0.3600,2026-07-19 13:58:43.953,2026-07-19 13:58:43.953
person_ID_727,FLUSH,1709,person,699,446,699,446,0.3672,2026-07-19 13:58:46.386,2026-07-19 13:58:46.422
person_ID_726,FLUSH,1708,person,319,463,681,444,0.4643,2026-07-19 13:58:43.853,2026-07-19 13:58:46.722
bicycle_ID_520,FLUSH,1710,bicycle,822,442,822,442,0.3921,2026-07-19 13:58:47.322,2026-07-19 13:58:47.322
bicycle_ID_519,FLUSH,1709,bicycle,375,469,965,432,0.4662,2026-07-19 13:58:44.220,2026-07-19 13:58:48.692
person_ID_728,FLUSH,1710,person,712,440,1009,417,0.4854,2026-07-19 13:58:46.555,2026-07-19 13:58:49.486
car_ID_647,FLUSH,1711,car,1014,486,423,543,0.8231,2026-07-19 13:58:51.085,2026-07-19 13:58:53.621
person_ID_729,FLUSH,1713,person,58,460,226,464,0.5632,2026-07-19 13:59:12.725,2026-07-19 13:59:14.022
bicycle_ID_523,FLUSH,1713,bicycle,230,467,230,467,0.4777,2026-07-19 13:59:14.055,2026-07-19 13:59:14.087
bicycle_ID_521,FLUSH,1712,bicycle,40,469,245,466,0.5640,2026-07-19 13:59:12.460,2026-07-19 13:59:14.155
car_ID_648,FLUSH,1716,car,59,524,149,524,0.7688,2026-07-19 13:59:14.522,2026-07-19 13:59:15.355
bicycle_ID_522,FLUSH,1714,bicycle,39,467,210,477,0.5591,2026-07-19 13:59:13.426,2026-07-19 13:59:15.355
person_ID_730,FLUSH,1715,person,41,456,222,463,0.4908,2026-07-19 13:59:13.591,2026-07-19 13:59:15.487
person_ID_731,FLUSH,1718,person,505,450,505,450,0.4955,2026-07-19 13:59:16.123,2026-07-19 13:59:16.189
car_ID_649,FLUSH,1717,car,316,524,1032,453,0.7587,2026-07-19 13:59:15.288,2026-07-19 13:59:17.787
person_ID_733,FLUSH,1720,person,709,452,716,452,0.3196,2026-07-19 13:59:18.455,2026-07-19 13:59:18.623
bicycle_ID_525,FLUSH,1722,bicycle,868,441,1023,421,0.4126,2026-07-19 13:59:19.060,2026-07-19 13:59:20.587
person_ID_732,FLUSH,1719,person,751,435,1009,416,0.5539,2026-07-19 13:59:17.987,2026-07-19 13:59:20.622
person_ID_735,FLUSH,1722,person,1028,412,1029,410,0.3825,2026-07-19 13:59:20.622,2026-07-19 13:59:21.122
bicycle_ID_526,FLUSH,1719,bicycle,1027,429,1034,424,0.3361,2026-07-19 13:59:20.655,2026-07-19 13:59:21.291
bicycle_ID_524,FLUSH,1720,bicycle,741,458,1020,423,0.4598,2026-07-19 13:59:18.657,2026-07-19 13:59:21.956
person_ID_734,FLUSH,1721,person,747,449,1033,414,0.5082,2026-07-19 13:59:18.755,2026-07-19 13:59:22.056
car_ID_650,FLUSH,1723,car,1009,486,383,539,0.6302,2026-07-19 13:59:32.159,2026-07-19 13:59:34.427
car_ID_651,FLUSH,1724,car,1012,487,360,541,0.8420,2026-07-19 14:00:00.757,2026-07-19 14:00:02.757
person_ID_736,FLUSH,1725,person,425,514,425,514,0.3458,2026-07-19 14:00:19.161,2026-07-19 14:00:19.632
person_ID_737,FLUSH,1727,person,495,514,511,505,0.3440,2026-07-19 14:00:19.262,2026-07-19 14:00:19.764
person_ID_738,FLUSH,1728,person,552,503,572,507,0.4358,2026-07-19 14:00:19.361,2026-07-19 14:00:19.864
person_ID_739,FLUSH,1729,person,618,502,635,501,0.5487,2026-07-19 14:00:19.462,2026-07-19 14:00:19.960
person_ID_740,FLUSH,1730,person,673,497,688,491,0.3424,2026-07-19 14:00:19.562,2026-07-19 14:00:20.057
person_ID_741,FLUSH,1731,person,777,485,791,484,0.6390,2026-07-19 14:00:19.764,2026-07-19 14:00:20.257
person_ID_742,FLUSH,1732,person,825,480,840,475,0.5982,2026-07-19 14:00:19.864,2026-07-19 14:00:20.357
person_ID_743,FLUSH,1733,person,873,473,883,470,0.5111,2026-07-19 14:00:19.960,2026-07-19 14:00:20.458
person_ID_744,FLUSH,1734,person,915,469,964,459,0.5332,2026-07-19 14:00:20.057,2026-07-19 14:00:20.658
car_ID_653,FLUSH,1736,car,306,403,306,403,0.3386,2026-07-19 14:00:43.534,2026-07-19 14:00:43.998
car_ID_652,FLUSH,1735,car,1019,484,420,545,0.7921,2026-07-19 14:00:41.696,2026-07-19 14:00:44.230
bicycle_ID_527,FLUSH,1737,bicycle,1017,516,405,560,0.7422,2026-07-19 14:00:54.501,2026-07-19 14:00:58.530
person_ID_745,FLUSH,1738,person,1019,495,384,536,0.6992,2026-07-19 14:00:54.563,2026-07-19 14:00:58.627
person_ID_746,FLUSH,1740,person,40,473,224,475,0.5217,2026-07-19 14:02:01.431,2026-07-19 14:02:02.899
person_ID_747,FLUSH,1742,person,318,474,525,461,0.4750,2026-07-19 14:02:02.931,2026-07-19 14:02:04.302
person_ID_748,FLUSH,1744,person,648,457,659,456,0.4654,2026-07-19 14:02:04.470,2026-07-19 14:02:04.970
person_ID_749,FLUSH,1745,person,804,442,830,444,0.4349,2026-07-19 14:02:05.335,2026-07-19 14:02:05.435
bicycle_ID_528,FLUSH,1741,bicycle,46,488,830,450,0.5230,2026-07-19 14:02:01.431,2026-07-19 14:02:05.904
bicycle_ID_529,FLUSH,1745,bicycle,846,444,987,433,0.3916,2026-07-19 14:02:05.535,2026-07-19 14:02:06.470
person_ID_750,FLUSH,1746,person,929,432,948,428,0.3147,2026-07-19 14:02:06.105,2026-07-19 14:02:06.637
person_ID_751,FLUSH,1747,person,1033,390,932,401,0.4398,2026-07-19 14:02:20.303,2026-07-19 14:02:26.733
person_ID_753,FLUSH,1749,person,975,399,885,407,0.5139,2026-07-19 14:02:23.767,2026-07-19 14:02:28.567
person_ID_752,FLUSH,1748,person,1020,521,463,597,0.7974,2026-07-19 14:02:21.199,2026-07-19 14:02:29.100
person_ID_754,FLUSH,1750,person,913,405,841,410,0.5490,2026-07-19 14:02:27.269,2026-07-19 14:02:30.932
person_ID_755,FLUSH,1751,person,847,410,813,409,0.6099,2026-07-19 14:02:30.267,2026-07-19 14:02:31.573
person_ID_756,FLUSH,1752,person,812,410,711,418,0.6194,2026-07-19 14:02:31.605,2026-07-19 14:02:35.800
car_ID_654,FLUSH,1754,car,1014,480,317,533,0.8487,2026-07-19 14:02:43.168,2026-07-19 14:02:45.701
car_ID_655,FLUSH,1755,car,306,402,306,402,0.3339,2026-07-19 14:02:44.636,2026-07-19 14:02:45.769
car_ID_656,FLUSH,1756,car,112,533,88,532,0.6020,2026-07-19 14:02:45.769,2026-07-19 14:02:46.033
person_ID_758,FLUSH,1757,person,170,431,151,431,0.4792,2026-07-19 14:02:55.771,2026-07-19 14:02:56.904
person_ID_757,FLUSH,1753,person,711,418,105,433,0.5532,2026-07-19 14:02:35.832,2026-07-19 14:02:58.508
person_ID_759,FLUSH,1758,person,117,432,49,432,0.5559,2026-07-19 14:02:57.601,2026-07-19 14:03:00.842
person_ID_760,FLUSH,1759,person,63,433,32,433,0.4602,2026-07-19 14:02:59.805,2026-07-19 14:03:01.602
car_ID_658,FLUSH,1761,car,307,402,306,402,0.3544,2026-07-19 14:04:12.944,2026-07-19 14:04:14.543
car_ID_657,FLUSH,1760,car,81,504,1028,437,0.7653,2026-07-19 14:04:12.411,2026-07-19 14:04:15.905
person_ID_761,FLUSH,1762,person,1034,387,1027,388,0.3825,2026-07-19 14:04:16.005,2026-07-19 14:04:16.773
car_ID_659,FLUSH,1764,car,306,401,306,401,0.3315,2026-07-19 14:04:26.107,2026-07-19 14:04:26.575
person_ID_762,FLUSH,1763,person,978,397,711,407,0.5091,2026-07-19 14:04:18.173,2026-07-19 14:04:27.341
car_ID_662,FLUSH,1768,car,340,380,340,380,0.3101,2026-07-19 14:04:31.843,2026-07-19 14:04:32.309
car_ID_661,FLUSH,1767,car,306,402,305,401,0.3439,2026-07-19 14:04:30.980,2026-07-19 14:04:33.374
person_ID_763,FLUSH,1765,person,698,407,451,419,0.4493,2026-07-19 14:04:27.173,2026-07-19 14:04:33.809
car_ID_660,FLUSH,1766,car,83,513,1028,437,0.7479,2026-07-19 14:04:30.748,2026-07-19 14:04:34.674
person_ID_764,FLUSH,1769,person,423,415,365,414,0.3674,2026-07-19 14:04:34.074,2026-07-19 14:04:36.009
car_ID_663,FLUSH,1770,car,314,401,305,403,0.3809,2026-07-19 14:04:36.342,2026-07-19 14:04:37.009
person_ID_765,FLUSH,1771,person,332,411,324,414,0.3613,2026-07-19 14:04:36.377,2026-07-19 14:04:37.009
person_ID_766,FLUSH,1772,person,273,420,56,422,0.4600,2026-07-19 14:04:37.943,2026-07-19 14:04:44.213
car_ID_664,FLUSH,1774,car,306,402,307,402,0.3664,2026-07-19 14:04:46.878,2026-07-19 14:04:47.475
bus_ID_45,FLUSH,1777,bus,284,468,490,461,0.5831,2026-07-19 14:04:48.045,2026-07-19 14:04:49.510
person_ID_768,FLUSH,1779,person,877,461,892,460,0.4104,2026-07-19 14:04:49.810,2026-07-19 14:04:50.311
person_ID_767,FLUSH,1776,person,1015,505,457,570,0.7237,2026-07-19 14:04:47.310,2026-07-19 14:04:50.375
bicycle_ID_530,FLUSH,1775,bicycle,1017,520,431,598,0.7267,2026-07-19 14:04:47.243,2026-07-19 14:04:50.510
person_ID_769,FLUSH,1781,person,980,456,980,456,0.4634,2026-07-19 14:04:50.243,2026-07-19 14:04:50.713
car_ID_665,FLUSH,1778,car,307,402,306,402,0.3386,2026-07-19 14:04:49.576,2026-07-19 14:04:50.810
bus_ID_44,FLUSH,1773,bus,41,461,1012,417,0.8315,2026-07-19 14:04:46.278,2026-07-19 14:04:52.218
car_ID_666,FLUSH,1773,car,1021,412,1027,411,0.3588,2026-07-19 14:04:52.248,2026-07-19 14:04:52.317
truck_ID_53,FLUSH,1773,truck,1030,410,1032,409,0.3504,2026-07-19 14:04:52.347,2026-07-19 14:04:52.849
bicycle_ID_532,FLUSH,1783,bicycle,569,590,569,590,0.4848,2026-07-19 14:04:52.514,2026-07-19 14:04:52.981
person_ID_770,FLUSH,1782,person,1010,502,446,574,0.6780,2026-07-19 14:04:50.375,2026-07-19 14:04:53.411
bicycle_ID_531,FLUSH,1780,bicycle,1019,527,452,595,0.6847,2026-07-19 14:04:50.210,2026-07-19 14:04:53.411
car_ID_667,FLUSH,1784,car,1012,491,392,570,0.8763,2026-07-19 14:04:58.420,2026-07-19 14:05:00.014
car_ID_669,FLUSH,1786,car,307,402,306,403,0.3223,2026-07-19 14:05:01.450,2026-07-19 14:05:03.076
car_ID_668,FLUSH,1785,car,65,491,1030,437,0.7829,2026-07-19 14:05:00.847,2026-07-19 14:05:04.975
bicycle_ID_533,FLUSH,1787,bicycle,1017,513,1017,513,0.4563,2026-07-19 14:05:32.745,2026-07-19 14:05:32.745
person_ID_771,FLUSH,1787,person,1016,506,463,568,0.6843,2026-07-19 14:05:32.777,2026-07-19 14:05:35.178
bicycle_ID_534,FLUSH,1788,bicycle,1009,518,435,593,0.7447,2026-07-19 14:05:32.813,2026-07-19 14:05:35.278
car_ID_670,FLUSH,1789,car,1012,485,447,554,0.7383,2026-07-19 14:06:50.752,2026-07-19 14:06:52.484
car_ID_671,FLUSH,1790,car,489,517,1028,459,0.6199,2026-07-19 14:07:42.386,2026-07-19 14:07:43.451
car_ID_673,FLUSH,1792,car,667,526,667,526,0.5740,2026-07-19 14:08:04.856,2026-07-19 14:08:04.856
car_ID_672,FLUSH,1791,car,1022,472,462,537,0.7667,2026-07-19 14:08:03.655,2026-07-19 14:08:05.288
truck_ID_55,FLUSH,1792,truck,724,523,651,528,0.4944,2026-07-19 14:08:04.756,2026-07-19 14:08:05.355
truck_ID_54,FLUSH,1791,truck,911,503,459,538,0.3608,2026-07-19 14:08:04.255,2026-07-19 14:08:05.788
car_ID_674,FLUSH,1793,car,1017,491,405,559,0.8087,2026-07-19 14:08:25.160,2026-07-19 14:08:26.889
car_ID_675,FLUSH,1794,car,306,401,306,401,0.3529,2026-07-19 14:09:28.224,2026-07-19 14:09:28.692
car_ID_676,FLUSH,1795,car,305,402,305,402,0.3030,2026-07-19 14:09:29.124,2026-07-19 14:09:29.593
car_ID_677,FLUSH,1796,car,306,402,306,402,0.3315,2026-07-19 14:09:30.030,2026-07-19 14:09:30.500
car_ID_678,FLUSH,1797,car,306,401,306,401,0.3208,2026-07-19 14:09:30.606,2026-07-19 14:09:31.095
car_ID_679,FLUSH,1798,car,306,401,306,401,0.3344,2026-07-19 14:09:35.725,2026-07-19 14:09:38.997
car_ID_680,FLUSH,1799,car,304,401,306,401,0.3297,2026-07-19 14:09:39.528,2026-07-19 14:09:42.193
car_ID_681,FLUSH,1800,car,305,401,306,401,0.3283,2026-07-19 14:09:45.193,2026-07-19 14:09:45.932
car_ID_682,FLUSH,1801,car,306,402,306,401,0.3321,2026-07-19 14:09:49.529,2026-07-19 14:09:55.429
person_ID_772,FLUSH,1803,person,33,426,240,423,0.5033,2026-07-19 14:09:57.462,2026-07-19 14:10:00.829
car_ID_683,FLUSH,1802,car,305,401,305,401,0.3408,2026-07-19 14:09:55.861,2026-07-19 14:10:01.229
person_ID_773,FLUSH,1805,person,325,413,337,420,0.3874,2026-07-19 14:10:01.629,2026-07-19 14:10:02.194
car_ID_685,FLUSH,1807,car,1011,489,421,544,0.8326,2026-07-19 14:10:03.062,2026-07-19 14:10:05.433
person_ID_774,FLUSH,1806,person,363,420,623,417,0.4905,2026-07-19 14:10:02.129,2026-07-19 14:10:06.033
person_ID_775,FLUSH,1808,person,644,413,644,413,0.5668,2026-07-19 14:10:05.866,2026-07-19 14:10:06.333
person_ID_776,FLUSH,1809,person,748,403,947,393,0.4616,2026-07-19 14:10:07.433,2026-07-19 14:10:11.095
person_ID_777,FLUSH,1810,person,1011,392,1011,392,0.3422,2026-07-19 14:10:11.831,2026-07-19 14:10:12.294
car_ID_686,FLUSH,1811,car,1037,381,984,364,0.5583,2026-07-19 14:10:33.471,2026-07-19 14:10:38.398
car_ID_684,FLUSH,1804,car,305,403,306,401,0.3426,2026-07-19 14:10:01.494,2026-07-19 14:10:40.264
car_ID_687,FLUSH,1812,car,306,402,305,401,0.3338,2026-07-19 14:10:40.463,2026-07-19 14:10:45.435
bicycle_ID_535,FLUSH,1813,bicycle,41,483,168,495,0.6229,2026-07-19 14:10:44.696,2026-07-19 14:10:45.835
bicycle_ID_536,FLUSH,1815,bicycle,220,499,292,484,0.4948,2026-07-19 14:10:45.635,2026-07-19 14:10:45.970
person_ID_778,FLUSH,1814,person,64,477,237,477,0.5359,2026-07-19 14:10:44.900,2026-07-19 14:10:46.167
bicycle_ID_537,FLUSH,1816,bicycle,308,493,539,474,0.5378,2026-07-19 14:10:46.035,2026-07-19 14:10:47.496
bicycle_ID_538,FLUSH,1817,bicycle,406,490,693,467,0.4892,2026-07-19 14:10:46.470,2026-07-19 14:10:48.268
person_ID_779,FLUSH,1815,person,304,477,705,451,0.5130,2026-07-19 14:10:46.000,2026-07-19 14:10:48.337
bicycle_ID_540,FLUSH,1820,bicycle,743,460,743,460,0.4705,2026-07-19 14:10:48.100,2026-07-19 14:10:48.564
person_ID_780,FLUSH,1819,person,799,443,841,441,0.5024,2026-07-19 14:10:48.369,2026-07-19 14:10:48.796
bicycle_ID_541,FLUSH,1821,bicycle,813,456,828,453,0.3491,2026-07-19 14:10:48.531,2026-07-19 14:10:49.031
bicycle_ID_539,FLUSH,1819,bicycle,746,458,1013,431,0.4759,2026-07-19 14:10:48.100,2026-07-19 14:10:49.739
person_ID_781,FLUSH,1822,person,879,438,971,427,0.4138,2026-07-19 14:10:48.864,2026-07-19 14:10:49.901
bicycle_ID_542,FLUSH,1823,bicycle,45,482,45,482,0.5596,2026-07-19 14:10:50.996,2026-07-19 14:10:50.996
bicycle_ID_543,FLUSH,1824,bicycle,50,489,153,493,0.4995,2026-07-19 14:10:51.064,2026-07-19 14:10:52.170
person_ID_782,FLUSH,1823,person,44,477,234,476,0.5536,2026-07-19 14:10:51.032,2026-07-19 14:10:52.632
bicycle_ID_545,FLUSH,1827,bicycle,398,487,398,487,0.4777,2026-07-19 14:10:52.970,2026-07-19 14:10:53.434
car_ID_688,FLUSH,1818,car,306,402,306,401,0.3457,2026-07-19 14:10:46.470,2026-07-19 14:10:55.532
bicycle_ID_544,FLUSH,1825,bicycle,79,490,1007,450,0.6298,2026-07-19 14:10:51.296,2026-07-19 14:10:56.332
bicycle_ID_546,FLUSH,1829,bicycle,949,456,949,456,0.3529,2026-07-19 14:10:55.997,2026-07-19 14:10:56.465
person_ID_783,FLUSH,1826,person,293,470,1011,440,0.5902,2026-07-19 14:10:52.470,2026-07-19 14:10:56.798
car_ID_689,FLUSH,1830,car,306,401,306,402,0.3294,2026-07-19 14:10:56.564,2026-07-19 14:10:57.968
car_ID_690,FLUSH,1831,car,306,402,306,402,0.3273,2026-07-19 14:11:07.537,2026-07-19 14:11:09.568
car_ID_692,FLUSH,1833,car,306,402,306,401,0.3338,2026-07-19 14:11:11.898,2026-07-19 14:11:12.697
car_ID_693,FLUSH,1834,car,306,401,306,402,0.3206,2026-07-19 14:11:12.833,2026-07-19 14:11:13.365
car_ID_691,FLUSH,1832,car,994,365,1035,378,0.4886,2026-07-19 14:11:11.898,2026-07-19 14:11:15.565
car_ID_695,FLUSH,1836,car,1018,486,360,550,0.8190,2026-07-19 14:11:28.834,2026-07-19 14:11:31.202
car_ID_694,FLUSH,1835,car,306,400,305,401,0.3466,2026-07-19 14:11:13.597,2026-07-19 14:11:46.908
car_ID_696,FLUSH,1837,car,306,401,306,400,0.3457,2026-07-19 14:11:47.102,2026-07-19 14:12:07.139
car_ID_697,FLUSH,1838,car,306,402,306,401,0.3320,2026-07-19 14:12:07.304,2026-07-19 14:12:17.678
car_ID_698,FLUSH,1839,car,306,401,305,401,0.3319,2026-07-19 14:12:17.974,2026-07-19 14:12:24.037
car_ID_699,FLUSH,1840,car,306,401,305,400,0.3468,2026-07-19 14:12:25.604,2026-07-19 14:12:31.205
car_ID_702,FLUSH,1843,car,340,381,341,381,0.3176,2026-07-19 14:12:51.842,2026-07-19 14:12:52.541
car_ID_701,FLUSH,1842,car,56,506,1028,434,0.7761,2026-07-19 14:12:51.343,2026-07-19 14:12:54.270
car_ID_700,FLUSH,1841,car,307,401,306,400,0.3403,2026-07-19 14:12:31.369,2026-07-19 14:13:00.412
bicycle_ID_548,FLUSH,1846,bicycle,56,475,56,475,0.3030,2026-07-19 14:13:03.939,2026-07-19 14:13:04.106
person_ID_786,FLUSH,1849,person,70,472,90,469,0.4331,2026-07-19 14:13:05.006,2026-07-19 14:13:05.140
bicycle_ID_549,FLUSH,1847,bicycle,38,483,120,482,0.5263,2026-07-19 14:13:04.639,2026-07-19 14:13:05.271
person_ID_785,FLUSH,1848,person,49,471,51,471,0.3424,2026-07-19 14:13:04.842,2026-07-19 14:13:05.339
bicycle_ID_551,FLUSH,1850,bicycle,100,483,100,483,0.3921,2026-07-19 14:13:05.206,2026-07-19 14:13:05.671
person_ID_784,FLUSH,1846,person,85,463,255,462,0.3920,2026-07-19 14:13:04.139,2026-07-19 14:13:05.774
person_ID_790,FLUSH,1854,person,622,562,518,568,0.4289,2026-07-19 14:13:06.972,2026-07-19 14:13:07.242
bicycle_ID_552,FLUSH,1851,bicycle,1021,493,465,563,0.6262,2026-07-19 14:13:05.606,2026-07-19 14:13:07.507
person_ID_788,FLUSH,1852,person,1007,495,480,545,0.5436,2026-07-19 14:13:05.740,2026-07-19 14:13:07.907
bicycle_ID_553,FLUSH,1854,bicycle,636,578,487,561,0.3132,2026-07-19 14:13:06.940,2026-07-19 14:13:07.907
bicycle_ID_556,FLUSH,1857,bicycle,530,586,441,586,0.4843,2026-07-19 14:13:07.242,2026-07-19 14:13:07.907
bicycle_ID_550,FLUSH,1849,bicycle,57,484,494,482,0.5243,2026-07-19 14:13:04.873,2026-07-19 14:13:08.139
person_ID_791,FLUSH,1851,person,464,575,380,541,0.5201,2026-07-19 14:13:07.374,2026-07-19 14:13:08.181
car_ID_703,FLUSH,1844,car,306,400,306,401,0.3421,2026-07-19 14:13:01.872,2026-07-19 14:13:08.346
bicycle_ID_547,FLUSH,1845,bicycle,40,471,789,454,0.4979,2026-07-19 14:13:03.706,2026-07-19 14:13:09.007
bicycle_ID_554,FLUSH,1856,bicycle,496,476,681,466,0.4571,2026-07-19 14:13:06.940,2026-07-19 14:13:09.375
bicycle_ID_558,FLUSH,1860,bicycle,772,456,821,451,0.4087,2026-07-19 14:13:09.574,2026-07-19 14:13:09.939
bicycle_ID_555,FLUSH,1855,bicycle,397,483,919,444,0.5090,2026-07-19 14:13:07.075,2026-07-19 14:13:10.739
person_ID_789,FLUSH,1853,person,384,461,1020,420,0.4954,2026-07-19 14:13:06.214,2026-07-19 14:13:11.508
person_ID_787,FLUSH,1847,person,122,473,1020,428,0.4864,2026-07-19 14:13:05.339,2026-07-19 14:13:11.678
bicycle_ID_557,FLUSH,1858,bicycle,681,463,1033,425,0.4888,2026-07-19 14:13:08.249,2026-07-19 14:13:11.782
bicycle_ID_559,FLUSH,1861,bicycle,924,443,1001,433,0.3329,2026-07-19 14:13:10.807,2026-07-19 14:13:11.942
car_ID_705,FLUSH,1847,car,1029,428,1033,428,0.3648,2026-07-19 14:13:11.812,2026-07-19 14:13:12.379
car_ID_704,FLUSH,1859,car,306,401,306,401,0.3266,2026-07-19 14:13:08.875,2026-07-19 14:13:17.239
car_ID_706,FLUSH,1862,car,306,401,306,401,0.3279,2026-07-19 14:13:18.307,2026-07-19 14:13:18.776
car_ID_707,FLUSH,1863,car,306,402,307,401,0.3329,2026-07-19 14:13:19.811,2026-07-19 14:13:20.476
car_ID_708,FLUSH,1864,car,306,401,306,401,0.3101,2026-07-19 14:13:20.709,2026-07-19 14:13:21.176
car_ID_709,FLUSH,1865,car,306,401,306,401,0.3221,2026-07-19 14:13:21.374,2026-07-19 14:13:22.209
car_ID_710,FLUSH,1866,car,306,402,306,401,0.3113,2026-07-19 14:13:24.109,2026-07-19 14:13:25.544
car_ID_711,FLUSH,1867,car,306,401,306,401,0.3119,2026-07-19 14:13:25.713,2026-07-19 14:13:26.608
car_ID_712,FLUSH,1868,car,307,401,306,401,0.3302,2026-07-19 14:13:28.840,2026-07-19 14:13:30.175
car_ID_713,FLUSH,1869,car,306,402,306,402,0.3305,2026-07-19 14:13:49.308,2026-07-19 14:13:50.176
car_ID_714,FLUSH,1870,car,1036,376,1031,375,0.3267,2026-07-19 14:13:53.814,2026-07-19 14:13:54.513
car_ID_715,FLUSH,1871,car,306,401,306,401,0.3434,2026-07-19 14:14:03.848,2026-07-19 14:14:04.813
car_ID_716,FLUSH,1872,car,306,402,306,402,0.3086,2026-07-19 14:14:19.114,2026-07-19 14:14:20.477
car_ID_719,FLUSH,1875,car,341,381,342,381,0.3486,2026-07-19 14:14:22.782,2026-07-19 14:14:23.411
car_ID_718,FLUSH,1874,car,306,401,307,401,0.3466,2026-07-19 14:14:21.911,2026-07-19 14:14:24.911
car_ID_717,FLUSH,1873,car,67,497,1031,434,0.8063,2026-07-19 14:14:21.843,2026-07-19 14:14:25.547
car_ID_720,FLUSH,1876,car,306,401,306,401,0.3137,2026-07-19 14:14:30.643,2026-07-19 14:14:31.112
car_ID_723,FLUSH,1879,car,342,381,342,380,0.3216,2026-07-19 14:14:41.383,2026-07-19 14:14:42.315
car_ID_722,FLUSH,1878,car,306,401,307,402,0.3796,2026-07-19 14:14:40.547,2026-07-19 14:14:43.744
car_ID_721,FLUSH,1877,car,55,496,1032,432,0.8083,2026-07-19 14:14:40.382,2026-07-19 14:14:45.244
car_ID_724,FLUSH,1880,car,306,401,306,402,0.3212,2026-07-19 14:14:43.911,2026-07-19 14:14:45.644
bicycle_ID_560,FLUSH,1883,bicycle,50,474,231,476,0.5020,2026-07-19 14:14:51.512,2026-07-19 14:14:53.354
person_ID_792,FLUSH,1882,person,39,460,234,465,0.5008,2026-07-19 14:14:51.512,2026-07-19 14:14:53.384
person_ID_793,FLUSH,1885,person,318,460,585,449,0.4561,2026-07-19 14:14:53.513,2026-07-19 14:14:55.747
person_ID_794,FLUSH,1886,person,615,448,717,444,0.4320,2026-07-19 14:14:55.513,2026-07-19 14:14:56.681
bicycle_ID_562,FLUSH,1887,bicycle,984,431,988,431,0.4452,2026-07-19 14:14:58.415,2026-07-19 14:14:58.488
bicycle_ID_561,FLUSH,1884,bicycle,132,479,1009,438,0.5193,2026-07-19 14:14:52.187,2026-07-19 14:14:58.618
person_ID_795,FLUSH,1887,person,741,444,1012,426,0.4441,2026-07-19 14:14:56.414,2026-07-19 14:14:59.125
bicycle_ID_564,FLUSH,1891,bicycle,975,528,780,559,0.4919,2026-07-19 14:15:04.685,2026-07-19 14:15:05.586
bicycle_ID_563,FLUSH,1890,bicycle,1001,522,535,587,0.6725,2026-07-19 14:15:04.518,2026-07-19 14:15:06.548
person_ID_796,FLUSH,1889,person,1012,506,446,572,0.6445,2026-07-19 14:15:04.454,2026-07-19 14:15:07.281
bicycle_ID_565,FLUSH,1892,bicycle,638,578,449,594,0.5771,2026-07-19 14:15:06.149,2026-07-19 14:15:07.281
bicycle_ID_566,FLUSH,1894,bicycle,58,487,130,492,0.5409,2026-07-19 14:15:34.282,2026-07-19 14:15:34.649
bicycle_ID_568,FLUSH,1896,bicycle,142,490,177,495,0.4422,2026-07-19 14:15:34.749,2026-07-19 14:15:35.014
person_ID_797,FLUSH,1893,person,49,479,242,472,0.4311,2026-07-19 14:15:34.249,2026-07-19 14:15:35.283
person_ID_798,FLUSH,1894,person,105,499,125,500,0.3648,2026-07-19 14:15:34.714,2026-07-19 14:15:35.349
bicycle_ID_567,FLUSH,1895,bicycle,44,506,208,507,0.4817,2026-07-19 14:15:34.314,2026-07-19 14:15:35.682
person_ID_799,FLUSH,1896,person,182,497,214,490,0.3430,2026-07-19 14:15:35.117,2026-07-19 14:15:35.783
bicycle_ID_570,FLUSH,1897,bicycle,344,478,435,495,0.3695,2026-07-19 14:15:35.751,2026-07-19 14:15:36.316
bicycle_ID_571,FLUSH,1898,bicycle,899,450,899,450,0.4385,2026-07-19 14:15:38.783,2026-07-19 14:15:38.783
person_ID_802,FLUSH,1899,person,894,442,894,442,0.3279,2026-07-19 14:15:38.783,2026-07-19 14:15:38.816
person_ID_800,FLUSH,1897,person,400,473,837,449,0.4199,2026-07-19 14:15:36.091,2026-07-19 14:15:38.883
person_ID_803,FLUSH,1900,person,931,459,940,458,0.4975,2026-07-19 14:15:38.816,2026-07-19 14:15:39.082
bicycle_ID_569,FLUSH,1893,bicycle,262,483,1015,456,0.5796,2026-07-19 14:15:35.315,2026-07-19 14:15:39.314
bicycle_ID_572,FLUSH,1899,bicycle,905,451,905,451,0.3279,2026-07-19 14:15:38.851,2026-07-19 14:15:39.315
bicycle_ID_573,FLUSH,1900,bicycle,949,448,973,442,0.3501,2026-07-19 14:15:39.114,2026-07-19 14:15:39.382
person_ID_801,FLUSH,1898,person,913,461,949,439,0.4608,2026-07-19 14:15:38.751,2026-07-19 14:15:39.582
car_ID_725,FLUSH,1881,car,306,400,307,401,0.3403,2026-07-19 14:14:46.384,2026-07-19 14:15:51.456
car_ID_726,FLUSH,1901,car,307,402,307,401,0.3283,2026-07-19 14:15:51.954,2026-07-19 14:15:55.383
car_ID_727,FLUSH,1902,car,306,401,306,401,0.3636,2026-07-19 14:15:57.783,2026-07-19 14:15:58.254
car_ID_728,FLUSH,1903,car,306,401,306,401,0.3386,2026-07-19 14:15:59.918,2026-07-19 14:16:00.383
person_ID_804,FLUSH,1904,person,42,426,262,426,0.5055,2026-07-19 14:16:09.421,2026-07-19 14:16:19.354
person_ID_805,FLUSH,1905,person,283,427,298,433,0.4705,2026-07-19 14:16:19.716,2026-07-19 14:16:20.617
person_ID_806,FLUSH,1906,person,371,425,591,419,0.4599,2026-07-19 14:16:23.217,2026-07-19 14:16:32.388
person_ID_807,FLUSH,1907,person,668,415,672,414,0.3218,2026-07-19 14:16:35.125,2026-07-19 14:16:35.724
person_ID_808,FLUSH,1908,person,755,407,765,408,0.3654,2026-07-19 14:16:38.720,2026-07-19 14:16:39.821
car_ID_730,FLUSH,1911,car,710,399,711,400,0.3630,2026-07-19 14:16:40.885,2026-07-19 14:16:42.453
car_ID_729,FLUSH,1909,car,46,507,1031,440,0.8039,2026-07-19 14:16:38.821,2026-07-19 14:16:43.126
person_ID_810,FLUSH,1912,person,875,401,875,401,0.3066,2026-07-19 14:16:44.159,2026-07-19 14:16:44.159
person_ID_809,FLUSH,1910,person,791,405,922,398,0.3928,2026-07-19 14:16:40.423,2026-07-19 14:16:46.485
person_ID_811,FLUSH,1910,person,984,399,984,399,0.4884,2026-07-19 14:16:49.586,2026-07-19 14:16:49.621
person_ID_812,FLUSH,1914,person,1019,484,432,545,0.6350,2026-07-19 14:17:07.690,2026-07-19 14:17:11.687
bicycle_ID_574,FLUSH,1913,bicycle,1021,493,420,563,0.7537,2026-07-19 14:17:07.559,2026-07-19 14:17:11.755
bicycle_ID_576,FLUSH,1917,bicycle,670,570,513,590,0.5126,2026-07-19 14:17:12.057,2026-07-19 14:17:12.788
person_ID_813,FLUSH,1916,person,1013,514,462,571,0.6621,2026-07-19 14:17:09.922,2026-07-19 14:17:13.528
bicycle_ID_575,FLUSH,1915,bicycle,1018,526,453,594,0.6466,2026-07-19 14:17:09.787,2026-07-19 14:17:13.594
person_ID_815,FLUSH,1919,person,1018,387,1016,389,0.3117,2026-07-19 14:17:15.788,2026-07-19 14:17:16.288
person_ID_816,FLUSH,1920,person,998,397,996,396,0.4382,2026-07-19 14:17:17.055,2026-07-19 14:17:17.587
person_ID_817,FLUSH,1921,person,976,398,967,397,0.4260,2026-07-19 14:17:17.455,2026-07-19 14:17:18.888
car_ID_731,FLUSH,1923,car,307,402,307,402,0.3173,2026-07-19 14:17:20.087,2026-07-19 14:17:20.559
person_ID_818,FLUSH,1922,person,952,389,884,397,0.3661,2026-07-19 14:17:18.522,2026-07-19 14:17:21.955
person_ID_819,FLUSH,1924,person,868,390,868,390,0.3600,2026-07-19 14:17:22.155,2026-07-19 14:17:22.622
bicycle_ID_577,FLUSH,1926,bicycle,1015,507,1015,507,0.4064,2026-07-19 14:17:31.223,2026-07-19 14:17:31.223
person_ID_820,FLUSH,1926,person,1007,501,510,561,0.6588,2026-07-19 14:17:31.288,2026-07-19 14:17:33.123
car_ID_732,FLUSH,1925,car,307,402,306,403,0.3236,2026-07-19 14:17:28.461,2026-07-19 14:17:33.692
car_ID_733,FLUSH,1928,car,306,402,306,402,0.3235,2026-07-19 14:17:34.193,2026-07-19 14:17:34.729
person_ID_821,FLUSH,1929,person,520,419,520,419,0.3743,2026-07-19 14:17:34.427,2026-07-19 14:17:34.894
person_ID_822,FLUSH,1930,person,501,421,501,421,0.3315,2026-07-19 14:17:35.093,2026-07-19 14:17:35.563
car_ID_734,FLUSH,1931,car,307,402,306,401,0.3279,2026-07-19 14:17:35.131,2026-07-19 14:17:35.888
person_ID_823,FLUSH,1932,person,456,417,456,417,0.3137,2026-07-19 14:17:36.589,2026-07-19 14:17:37.056
person_ID_824,FLUSH,1934,person,439,418,433,420,0.4171,2026-07-19 14:17:37.124,2026-07-19 14:17:37.788
person_ID_825,FLUSH,1935,person,406,410,359,419,0.3509,2026-07-19 14:17:38.057,2026-07-19 14:17:40.058
car_ID_735,FLUSH,1933,car,307,401,307,403,0.3582,2026-07-19 14:17:37.023,2026-07-19 14:17:40.389
person_ID_826,FLUSH,1936,person,338,410,328,419,0.3790,2026-07-19 14:17:40.258,2026-07-19 14:17:40.992
person_ID_827,FLUSH,1937,person,313,418,312,416,0.3068,2026-07-19 14:17:40.992,2026-07-19 14:17:41.492
car_ID_738,FLUSH,1941,car,342,380,340,381,0.3462,2026-07-19 14:17:44.126,2026-07-19 14:17:44.890
truck_ID_56,FLUSH,1940,truck,645,473,645,473,0.5890,2026-07-19 14:17:45.128,2026-07-19 14:17:45.128
bus_ID_46,FLUSH,1940,bus,954,444,1004,435,0.5900,2026-07-19 14:17:46.325,2026-07-19 14:17:46.728
car_ID_737,FLUSH,1940,car,45,500,1033,424,0.7746,2026-07-19 14:17:43.058,2026-07-19 14:17:47.457
person_ID_829,FLUSH,1942,person,74,431,74,431,0.4952,2026-07-19 14:17:48.392,2026-07-19 14:17:48.863
person_ID_814,FLUSH,1918,person,1034,390,24,428,0.6120,2026-07-19 14:17:15.191,2026-07-19 14:17:50.857
car_ID_736,FLUSH,1939,car,306,402,306,402,0.3496,2026-07-19 14:17:42.689,2026-07-19 14:17:51.557
person_ID_828,FLUSH,1938,person,296,421,24,415,0.4684,2026-07-19 14:17:41.529,2026-07-19 14:17:51.657
car_ID_739,FLUSH,1943,car,306,401,306,402,0.3205,2026-07-19 14:17:53.657,2026-07-19 14:17:54.930
car_ID_740,FLUSH,1944,car,307,401,307,400,0.3265,2026-07-19 14:18:02.092,2026-07-19 14:18:09.327
car_ID_741,FLUSH,1945,car,307,401,307,401,0.3630,2026-07-19 14:18:10.261,2026-07-19 14:18:11.631
car_ID_743,FLUSH,1947,car,340,381,340,381,0.3422,2026-07-19 14:18:39.533,2026-07-19 14:18:39.998
car_ID_742,FLUSH,1946,car,306,401,305,401,0.3371,2026-07-19 14:18:12.563,2026-07-19 14:19:35.563
person_ID_831,FLUSH,1950,person,271,435,265,436,0.3261,2026-07-19 14:19:36.297,2026-07-19 14:19:36.830
person_ID_832,FLUSH,1951,person,25,415,93,422,0.4490,2026-07-19 14:19:39.663,2026-07-19 14:19:40.799
car_ID_745,FLUSH,1954,car,1029,446,1029,446,0.5347,2026-07-19 14:19:42.030,2026-07-19 14:19:42.097
truck_ID_57,FLUSH,1954,truck,999,463,999,463,0.3452,2026-07-19 14:19:42.262,2026-07-19 14:19:42.262
person_ID_834,FLUSH,1955,person,44,434,44,434,0.4991,2026-07-19 14:19:42.598,2026-07-19 14:19:43.064
person_ID_833,FLUSH,1952,person,130,425,378,422,0.4515,2026-07-19 14:19:40.663,2026-07-19 14:19:43.162
person_ID_835,FLUSH,1956,person,407,416,424,421,0.3355,2026-07-19 14:19:42.933,2026-07-19 14:19:43.505
person_ID_830,FLUSH,1948,person,1034,395,25,421,0.6579,2026-07-19 14:19:14.101,2026-07-19 14:19:43.730
person_ID_836,FLUSH,1957,person,459,419,474,417,0.5506,2026-07-19 14:19:43.301,2026-07-19 14:19:43.862
person_ID_837,FLUSH,1958,person,495,418,691,405,0.4672,2026-07-19 14:19:43.571,2026-07-19 14:19:45.530
car_ID_746,FLUSH,1960,car,443,456,443,456,0.4491,2026-07-19 14:19:45.700,2026-07-19 14:19:46.162
car_ID_744,FLUSH,1949,car,305,401,307,400,0.3499,2026-07-19 14:19:35.997,2026-07-19 14:19:46.462
car_ID_747,FLUSH,1961,car,341,380,341,380,0.3173,2026-07-19 14:19:45.997,2026-07-19 14:19:46.462
bus_ID_47,FLUSH,1954,bus,1015,455,270,527,0.7486,2026-07-19 14:19:42.130,2026-07-19 14:19:46.462
person_ID_839,FLUSH,1962,person,806,404,806,404,0.4064,2026-07-19 14:19:46.062,2026-07-19 14:19:46.530
person_ID_840,FLUSH,1963,person,849,401,894,396,0.3768,2026-07-19 14:19:46.430,2026-07-19 14:19:47.300
person_ID_838,FLUSH,1959,person,722,409,1033,391,0.4863,2026-07-19 14:19:45.332,2026-07-19 14:19:48.667
car_ID_749,FLUSH,1965,car,1022,481,359,548,0.7710,2026-07-19 14:19:47.332,2026-07-19 14:19:50.398
car_ID_748,FLUSH,1964,car,307,400,307,401,0.3317,2026-07-19 14:19:46.899,2026-07-19 14:20:04.436
car_ID_750,FLUSH,1966,car,308,401,307,401,0.3283,2026-07-19 14:20:05.070,2026-07-19 14:20:07.000
car_ID_751,FLUSH,1967,car,307,402,307,402,0.3117,2026-07-19 14:20:09.099,2026-07-19 14:20:10.632
car_ID_752,FLUSH,1968,car,307,401,307,401,0.3244,2026-07-19 14:20:14.973,2026-07-19 14:20:15.433
car_ID_753,FLUSH,1969,car,306,401,306,401,0.3279,2026-07-19 14:20:16.532,2026-07-19 14:20:17.001
person_ID_841,FLUSH,1971,person,1017,503,453,571,0.6948,2026-07-19 14:20:16.767,2026-07-19 14:20:19.967
bicycle_ID_578,FLUSH,1970,bicycle,1017,523,454,593,0.7811,2026-07-19 14:20:16.667,2026-07-19 14:20:19.999
person_ID_842,FLUSH,1973,person,1020,495,435,565,0.6812,2026-07-19 14:20:20.100,2026-07-19 14:20:23.300
bicycle_ID_579,FLUSH,1972,bicycle,1016,521,445,589,0.7627,2026-07-19 14:20:20.067,2026-07-19 14:20:23.300
car_ID_754,FLUSH,1974,car,307,402,307,401,0.3380,2026-07-19 14:20:24.900,2026-07-19 14:20:35.473
car_ID_756,FLUSH,1976,car,343,381,343,381,0.3066,2026-07-19 14:20:47.237,2026-07-19 14:20:47.706
bicycle_ID_580,FLUSH,1977,bicycle,1016,516,954,526,0.6170,2026-07-19 14:20:48.770,2026-07-19 14:20:49.234
bicycle_ID_581,FLUSH,1979,bicycle,1001,517,571,560,0.7515,2026-07-19 14:20:48.969,2026-07-19 14:20:51.101
person_ID_843,FLUSH,1978,person,1017,491,446,541,0.7461,2026-07-19 14:20:48.901,2026-07-19 14:20:51.733
bicycle_ID_582,FLUSH,1980,bicycle,771,543,445,569,0.5959,2026-07-19 14:20:50.205,2026-07-19 14:20:52.168
car_ID_757,FLUSH,1981,car,341,381,343,380,0.3229,2026-07-19 14:20:58.070,2026-07-19 14:20:58.669
bicycle_ID_583,FLUSH,1982,bicycle,1017,522,1017,522,0.5169,2026-07-19 14:21:03.438,2026-07-19 14:21:03.438
person_ID_844,FLUSH,1982,person,1011,517,463,578,0.6570,2026-07-19 14:21:03.473,2026-07-19 14:21:05.104
bicycle_ID_585,FLUSH,1984,bicycle,534,593,534,593,0.5917,2026-07-19 14:21:04.934,2026-07-19 14:21:05.402
bicycle_ID_584,FLUSH,1983,bicycle,998,533,469,598,0.6206,2026-07-19 14:21:03.538,2026-07-19 14:21:05.569
bicycle_ID_586,FLUSH,1982,bicycle,452,583,452,583,0.4527,2026-07-19 14:21:05.134,2026-07-19 14:21:05.602
car_ID_759,FLUSH,1986,car,342,380,342,381,0.3318,2026-07-19 14:21:05.502,2026-07-19 14:21:07.834
car_ID_758,FLUSH,1985,car,54,496,1032,429,0.8394,2026-07-19 14:21:05.234,2026-07-19 14:21:08.870
car_ID_761,FLUSH,1988,car,341,381,342,381,0.3378,2026-07-19 14:21:08.602,2026-07-19 14:21:10.106
car_ID_760,FLUSH,1987,car,51,501,1032,434,0.7844,2026-07-19 14:21:08.334,2026-07-19 14:21:11.805
car_ID_762,FLUSH,1989,car,1024,474,1024,474,0.3208,2026-07-19 14:21:19.770,2026-07-19 14:21:19.903
person_ID_845,FLUSH,1990,person,716,476,676,477,0.3923,2026-07-19 14:21:22.003,2026-07-19 14:21:22.711
bicycle_ID_588,FLUSH,1991,bicycle,392,526,392,526,0.4598,2026-07-19 14:21:23.835,2026-07-19 14:21:23.870
bicycle_ID_587,FLUSH,1989,bicycle,1010,479,399,541,0.6706,2026-07-19 14:21:19.935,2026-07-19 14:21:24.235
person_ID_846,FLUSH,1991,person,641,480,367,525,0.5328,2026-07-19 14:21:22.535,2026-07-19 14:21:24.403
person_ID_847,FLUSH,1993,person,287,517,287,517,0.3779,2026-07-19 14:21:24.371,2026-07-19 14:21:24.839
car_ID_763,FLUSH,1992,car,340,380,342,381,0.3185,2026-07-19 14:21:23.635,2026-07-19 14:21:25.235
person_ID_848,FLUSH,1994,person,102,523,64,532,0.5511,2026-07-19 14:21:25.170,2026-07-19 14:21:25.370
car_ID_765,FLUSH,1996,car,52,508,1031,432,0.7830,2026-07-19 14:21:42.136,2026-07-19 14:21:46.039
car_ID_764,FLUSH,1995,car,343,380,342,380,0.3260,2026-07-19 14:21:39.804,2026-07-19 14:21:46.204
car_ID_766,FLUSH,1997,car,343,380,343,380,0.3059,2026-07-19 14:21:48.673,2026-07-19 14:21:49.178
car_ID_767,FLUSH,1998,car,342,381,343,381,0.3172,2026-07-19 14:21:50.439,2026-07-19 14:21:52.304
car_ID_768,FLUSH,1999,car,342,381,342,381,0.3296,2026-07-19 14:21:55.876,2026-07-19 14:21:57.972
car_ID_769,FLUSH,2000,car,342,381,342,380,0.3216,2026-07-19 14:22:01.140,2026-07-19 14:22:02.911
car_ID_770,FLUSH,2001,car,342,381,342,380,0.3362,2026-07-19 14:22:04.042,2026-07-19 14:22:07.005
car_ID_771,FLUSH,2002,car,342,381,342,381,0.3386,2026-07-19 14:22:07.173,2026-07-19 14:22:07.640
car_ID_773,FLUSH,2004,car,60,503,1031,435,0.7545,2026-07-19 14:22:14.674,2026-07-19 14:22:19.406
car_ID_772,FLUSH,2003,car,342,381,343,380,0.3326,2026-07-19 14:22:09.880,2026-07-19 14:22:23.274
car_ID_774,FLUSH,2005,car,54,494,1029,430,0.8300,2026-07-19 14:22:20.041,2026-07-19 14:22:24.574
car_ID_775,FLUSH,2006,car,343,381,343,381,0.3367,2026-07-19 14:22:24.641,2026-07-19 14:22:26.006
car_ID_776,FLUSH,2007,car,342,381,342,381,0.3228,2026-07-19 14:22:26.341,2026-07-19 14:22:28.045
car_ID_777,FLUSH,2008,car,343,381,341,381,0.3283,2026-07-19 14:22:29.078,2026-07-19 14:22:30.406
bicycle_ID_589,FLUSH,2010,bicycle,1018,508,1018,508,0.4349,2026-07-19 14:22:31.841,2026-07-19 14:22:31.841
car_ID_778,FLUSH,2009,car,343,381,343,380,0.3297,2026-07-19 14:22:30.906,2026-07-19 14:22:31.874
person_ID_849,FLUSH,2010,person,1014,503,457,568,0.6287,2026-07-19 14:22:31.874,2026-07-19 14:22:33.674
bicycle_ID_590,FLUSH,2011,bicycle,1009,518,455,588,0.6932,2026-07-19 14:22:31.906,2026-07-19 14:22:34.143
bicycle_ID_591,FLUSH,2010,bicycle,442,571,442,571,0.3814,2026-07-19 14:22:33.707,2026-07-19 14:22:34.175
car_ID_779,FLUSH,2012,car,342,381,343,381,0.3137,2026-07-19 14:22:40.107,2026-07-19 14:22:40.642
car_ID_780,FLUSH,2013,car,343,381,343,381,0.3137,2026-07-19 14:22:41.075,2026-07-19 14:22:41.542
car_ID_781,FLUSH,2014,car,342,381,342,381,0.3293,2026-07-19 14:22:41.775,2026-07-19 14:22:43.412
car_ID_782,FLUSH,2015,car,342,381,342,381,0.3370,2026-07-19 14:22:48.980,2026-07-19 14:22:50.475
bicycle_ID_592,FLUSH,2016,bicycle,1014,496,1014,496,0.3386,2026-07-19 14:23:00.008,2026-07-19 14:23:00.008
bicycle_ID_594,FLUSH,2021,bicycle,817,531,817,531,0.6167,2026-07-19 14:23:01.708,2026-07-19 14:23:02.178
bicycle_ID_595,FLUSH,2016,bicycle,445,562,388,561,0.3360,2026-07-19 14:23:02.409,2026-07-19 14:23:03.078
person_ID_850,FLUSH,2017,person,1019,478,376,541,0.6709,2026-07-19 14:23:00.108,2026-07-19 14:23:03.150
bicycle_ID_593,FLUSH,2018,bicycle,1023,496,428,575,0.7276,2026-07-19 14:23:00.576,2026-07-19 14:23:03.750
person_ID_851,FLUSH,2019,person,1018,485,393,539,0.7396,2026-07-19 14:23:00.710,2026-07-19 14:23:03.849
car_ID_783,FLUSH,2023,car,341,381,341,381,0.3173,2026-07-19 14:23:04.079,2026-07-19 14:23:04.545
person_ID_852,FLUSH,2024,person,103,530,59,529,0.5092,2026-07-19 14:23:04.577,2026-07-19 14:23:05.243
car_ID_784,FLUSH,2025,car,342,381,343,380,0.3249,2026-07-19 14:23:12.749,2026-07-19 14:23:13.876
person_ID_853,FLUSH,2027,person,52,471,75,473,0.4872,2026-07-19 14:23:16.744,2026-07-19 14:23:16.809
bicycle_ID_596,FLUSH,2026,bicycle,71,479,87,481,0.3618,2026-07-19 14:23:16.744,2026-07-19 14:23:16.845
person_ID_854,FLUSH,2026,person,95,477,179,474,0.4918,2026-07-19 14:23:16.909,2026-07-19 14:23:17.881
person_ID_855,FLUSH,2028,person,198,474,325,472,0.5081,2026-07-19 14:23:17.509,2026-07-19 14:23:18.284
bicycle_ID_597,FLUSH,2027,bicycle,93,482,343,478,0.5509,2026-07-19 14:23:16.878,2026-07-19 14:23:18.284
bicycle_ID_600,FLUSH,2032,bicycle,100,482,228,479,0.5178,2026-07-19 14:23:17.812,2026-07-19 14:23:18.518
car_ID_785,FLUSH,2031,car,1011,498,392,561,0.7241,2026-07-19 14:23:17.778,2026-07-19 14:23:19.946
car_ID_786,FLUSH,2034,car,341,381,340,381,0.3278,2026-07-19 14:23:19.110,2026-07-19 14:23:20.010
person_ID_859,FLUSH,2028,person,680,451,680,451,0.3672,2026-07-19 14:23:20.144,2026-07-19 14:23:20.177
bicycle_ID_602,FLUSH,2035,bicycle,397,476,458,472,0.6117,2026-07-19 14:23:19.410,2026-07-19 14:23:20.211
bicycle_ID_601,FLUSH,2033,bicycle,517,466,737,452,0.4621,2026-07-19 14:23:19.209,2026-07-19 14:23:20.477
person_ID_858,FLUSH,2036,person,649,454,664,448,0.3850,2026-07-19 14:23:20.010,2026-07-19 14:23:20.544
person_ID_860,FLUSH,2037,person,702,445,702,445,0.3529,2026-07-19 14:23:20.345,2026-07-19 14:23:20.809
bicycle_ID_603,FLUSH,2038,bicycle,751,453,766,453,0.3653,2026-07-19 14:23:20.609,2026-07-19 14:23:21.144
bicycle_ID_604,FLUSH,2040,bicycle,853,443,853,443,0.3565,2026-07-19 14:23:21.277,2026-07-19 14:23:21.311
person_ID_857,FLUSH,2033,person,439,467,812,441,0.5019,2026-07-19 14:23:18.846,2026-07-19 14:23:21.445
person_ID_861,FLUSH,2040,person,870,434,904,431,0.3265,2026-07-19 14:23:21.377,2026-07-19 14:23:22.077
bicycle_ID_598,FLUSH,2028,bicycle,81,484,969,436,0.5168,2026-07-19 14:23:16.878,2026-07-19 14:23:22.077
bicycle_ID_605,FLUSH,2041,bicycle,735,463,877,454,0.5246,2026-07-19 14:23:21.311,2026-07-19 14:23:22.609
bicycle_ID_599,FLUSH,2029,bicycle,38,489,975,444,0.6232,2026-07-19 14:23:17.344,2026-07-19 14:23:22.809
person_ID_862,FLUSH,2042,person,937,430,1007,426,0.4688,2026-07-19 14:23:21.880,2026-07-19 14:23:22.844
car_ID_787,FLUSH,2028,car,1032,426,1032,426,0.5989,2026-07-19 14:23:22.677,2026-07-19 14:23:23.144
person_ID_856,FLUSH,2030,person,34,464,1026,428,0.5716,2026-07-19 14:23:17.509,2026-07-19 14:23:23.309
car_ID_788,FLUSH,2030,car,1033,429,1033,429,0.5026,2026-07-19 14:23:23.344,2026-07-19 14:23:23.813
bicycle_ID_606,FLUSH,2043,bicycle,1019,517,973,528,0.4661,2026-07-19 14:23:34.512,2026-07-19 14:23:34.778
bicycle_ID_608,FLUSH,2046,bicycle,875,546,849,549,0.6446,2026-07-19 14:23:35.179,2026-07-19 14:23:35.713
person_ID_863,FLUSH,2044,person,1007,504,453,572,0.6224,2026-07-19 14:23:34.612,2026-07-19 14:23:36.877
bicycle_ID_607,FLUSH,2045,bicycle,987,525,446,592,0.6600,2026-07-19 14:23:34.746,2026-07-19 14:23:36.913
car_ID_755,FLUSH,1975,car,307,401,307,401,0.3594,2026-07-19 14:20:35.636,2026-07-19 14:23:42.213
car_ID_789,FLUSH,2047,car,307,402,307,401,0.3295,2026-07-19 14:23:42.746,2026-07-19 14:23:44.513
car_ID_790,FLUSH,2048,car,307,402,307,401,0.3353,2026-07-19 14:23:46.218,2026-07-19 14:23:47.217
bicycle_ID_609,FLUSH,2050,bicycle,49,491,100,495,0.4372,2026-07-19 14:23:47.018,2026-07-19 14:23:47.816
bicycle_ID_610,FLUSH,2051,bicycle,51,490,169,496,0.5809,2026-07-19 14:23:47.052,2026-07-19 14:23:48.217
car_ID_791,FLUSH,2053,car,307,402,307,402,0.3098,2026-07-19 14:23:48.418,2026-07-19 14:23:49.080
bicycle_ID_611,FLUSH,2052,bicycle,224,501,1014,436,0.5826,2026-07-19 14:23:48.081,2026-07-19 14:23:52.679
person_ID_864,FLUSH,2049,person,40,468,1029,420,0.5740,2026-07-19 14:23:46.986,2026-07-19 14:23:53.249
car_ID_792,FLUSH,2054,car,59,508,1026,435,0.8006,2026-07-19 14:24:02.751,2026-07-19 14:24:06.447
car_ID_793,FLUSH,2055,car,1021,491,416,550,0.7623,2026-07-19 14:24:05.947,2026-07-19 14:24:08.249
truck_ID_58,FLUSH,2056,truck,67,480,155,483,0.4134,2026-07-19 14:24:23.648,2026-07-19 14:24:24.150
car_ID_794,FLUSH,2057,car,307,403,308,402,0.4529,2026-07-19 14:24:23.915,2026-07-19 14:24:24.581
truck_ID_59,FLUSH,2058,truck,144,481,144,481,0.3226,2026-07-19 14:24:24.150,2026-07-19 14:24:24.615
bus_ID_49,FLUSH,2059,bus,113,484,504,469,0.6209,2026-07-19 14:24:25.115,2026-07-19 14:24:26.251
car_ID_796,FLUSH,2061,car,340,381,340,381,0.3386,2026-07-19 14:24:26.251,2026-07-19 14:24:26.715
bus_ID_48,FLUSH,2056,bus,114,483,1015,416,0.7549,2026-07-19 14:24:23.915,2026-07-19 14:24:28.780
car_ID_795,FLUSH,2060,car,307,402,307,402,0.3356,2026-07-19 14:24:26.222,2026-07-19 14:24:29.380
car_ID_797,FLUSH,2062,car,307,402,307,402,0.3240,2026-07-19 14:24:30.215,2026-07-19 14:24:30.850
car_ID_798,FLUSH,2063,car,307,402,307,401,0.3358,2026-07-19 14:24:32.185,2026-07-19 14:24:34.086
car_ID_799,FLUSH,2064,car,307,402,307,402,0.3485,2026-07-19 14:24:34.849,2026-07-19 14:24:35.549
bicycle_ID_612,FLUSH,2067,bicycle,74,493,238,490,0.5490,2026-07-19 14:24:38.120,2026-07-19 14:24:39.284
person_ID_865,FLUSH,2066,person,58,478,429,471,0.5146,2026-07-19 14:24:38.050,2026-07-19 14:24:39.585
person_ID_866,FLUSH,2068,person,319,472,395,470,0.5136,2026-07-19 14:24:39.185,2026-07-19 14:24:39.922
person_ID_867,FLUSH,2069,person,445,467,590,458,0.4921,2026-07-19 14:24:39.686,2026-07-19 14:24:40.721
person_ID_868,FLUSH,2070,person,746,447,746,447,0.5026,2026-07-19 14:24:40.983,2026-07-19 14:24:41.450
person_ID_869,FLUSH,2071,person,773,444,773,444,0.3030,2026-07-19 14:24:41.117,2026-07-19 14:24:41.582
person_ID_870,FLUSH,2072,person,846,443,913,441,0.4374,2026-07-19 14:24:41.450,2026-07-19 14:24:41.749
bicycle_ID_614,FLUSH,2072,bicycle,918,444,936,444,0.3885,2026-07-19 14:24:41.781,2026-07-19 14:24:41.882
bicycle_ID_613,FLUSH,2066,bicycle,255,479,910,451,0.4383,2026-07-19 14:24:38.881,2026-07-19 14:24:42.217
car_ID_800,FLUSH,2065,car,307,402,306,402,0.3297,2026-07-19 14:24:36.348,2026-07-19 14:24:42.281
car_ID_801,FLUSH,2073,car,307,402,307,402,0.3170,2026-07-19 14:24:42.548,2026-07-19 14:24:43.052
car_ID_802,FLUSH,2074,car,307,401,307,402,0.3464,2026-07-19 14:24:43.781,2026-07-19 14:24:47.185
bicycle_ID_615,FLUSH,2076,bicycle,1020,500,1015,500,0.6404,2026-07-19 14:25:09.118,2026-07-19 14:25:09.185
bicycle_ID_619,FLUSH,2082,bicycle,941,529,927,531,0.6270,2026-07-19 14:25:09.785,2026-07-19 14:25:10.318
bicycle_ID_620,FLUSH,2083,bicycle,989,516,966,520,0.4915,2026-07-19 14:25:09.918,2026-07-19 14:25:10.521
bicycle_ID_617,FLUSH,2078,bicycle,1020,463,737,498,0.4879,2026-07-19 14:25:09.518,2026-07-19 14:25:11.118
bicycle_ID_623,FLUSH,2087,bicycle,627,512,627,512,0.6202,2026-07-19 14:25:11.693,2026-07-19 14:25:12.151
bicycle_ID_624,FLUSH,2076,bicycle,430,570,424,571,0.3504,2026-07-19 14:25:12.220,2026-07-19 14:25:12.286
bicycle_ID_616,FLUSH,2077,bicycle,1011,511,411,592,0.6822,2026-07-19 14:25:09.250,2026-07-19 14:25:12.788
person_ID_871,FLUSH,2076,person,1017,495,378,555,0.6874,2026-07-19 14:25:09.218,2026-07-19 14:25:12.852
person_ID_872,FLUSH,2080,person,997,453,393,520,0.4987,2026-07-19 14:25:09.718,2026-07-19 14:25:13.150
bicycle_ID_622,FLUSH,2085,bicycle,802,489,364,541,0.6458,2026-07-19 14:25:10.787,2026-07-19 14:25:13.250
bicycle_ID_618,FLUSH,2079,bicycle,1019,505,432,583,0.7246,2026-07-19 14:25:09.618,2026-07-19 14:25:13.286
person_ID_873,FLUSH,2081,person,1012,497,391,555,0.6298,2026-07-19 14:25:09.785,2026-07-19 14:25:13.420
person_ID_874,FLUSH,2086,person,1017,504,452,566,0.7215,2026-07-19 14:25:10.553,2026-07-19 14:25:13.819
bicycle_ID_621,FLUSH,2084,bicycle,1021,532,444,589,0.7679,2026-07-19 14:25:10.386,2026-07-19 14:25:13.887
car_ID_805,FLUSH,2089,car,342,380,342,381,0.3327,2026-07-19 14:25:27.451,2026-07-19 14:25:29.019
car_ID_804,FLUSH,2088,car,70,512,1020,439,0.7388,2026-07-19 14:25:26.720,2026-07-19 14:25:30.352
person_ID_875,FLUSH,2091,person,54,460,223,463,0.5515,2026-07-19 14:25:42.987,2026-07-19 14:25:44.322
bicycle_ID_626,FLUSH,2092,bicycle,269,477,269,477,0.3565,2026-07-19 14:25:44.087,2026-07-19 14:25:44.551
person_ID_876,FLUSH,2090,person,259,465,386,460,0.4361,2026-07-19 14:25:44.051,2026-07-19 14:25:44.652
car_ID_806,FLUSH,2093,car,342,381,342,381,0.3137,2026-07-19 14:25:44.887,2026-07-19 14:25:45.352
person_ID_877,FLUSH,2094,person,447,454,447,454,0.3315,2026-07-19 14:25:45.019,2026-07-19 14:25:45.487
bicycle_ID_625,FLUSH,2090,bicycle,39,473,697,453,0.5285,2026-07-19 14:25:42.787,2026-07-19 14:25:46.252
person_ID_878,FLUSH,2095,person,474,454,681,443,0.4981,2026-07-19 14:25:45.119,2026-07-19 14:25:46.288
bicycle_ID_627,FLUSH,2095,bicycle,709,453,1007,429,0.4492,2026-07-19 14:25:46.320,2026-07-19 14:25:48.287
person_ID_879,FLUSH,2090,person,701,446,1021,418,0.5642,2026-07-19 14:25:46.288,2026-07-19 14:25:48.387
car_ID_807,FLUSH,2096,car,1015,488,351,549,0.7664,2026-07-19 14:25:49.752,2026-07-19 14:25:51.756
car_ID_808,FLUSH,2097,car,97,531,56,532,0.4602,2026-07-19 14:25:51.924,2026-07-19 14:25:52.556
car_ID_809,FLUSH,2098,car,342,381,342,381,0.3030,2026-07-19 14:26:03.690,2026-07-19 14:26:04.153
bicycle_ID_630,FLUSH,2103,bicycle,101,489,101,489,0.3992,2026-07-19 14:26:54.664,2026-07-19 14:26:55.128
person_ID_880,FLUSH,2101,person,56,466,226,471,0.5744,2026-07-19 14:26:54.495,2026-07-19 14:26:55.724
person_ID_881,FLUSH,2102,person,154,474,257,468,0.4728,2026-07-19 14:26:54.527,2026-07-19 14:26:55.894
car_ID_810,FLUSH,2105,car,342,381,342,381,0.3159,2026-07-19 14:26:55.860,2026-07-19 14:26:56.424
person_ID_884,FLUSH,2107,person,555,457,587,453,0.3897,2026-07-19 14:26:56.424,2026-07-19 14:26:56.797
bicycle_ID_629,FLUSH,2100,bicycle,41,478,571,471,0.6311,2026-07-19 14:26:54.326,2026-07-19 14:26:56.797
bicycle_ID_633,FLUSH,2110,bicycle,1020,509,1020,509,0.4491,2026-07-19 14:26:56.926,2026-07-19 14:26:56.926
person_ID_882,FLUSH,2104,person,313,470,519,459,0.5452,2026-07-19 14:26:55.291,2026-07-19 14:26:57.027
bicycle_ID_635,FLUSH,2111,bicycle,1004,522,983,527,0.5411,2026-07-19 14:26:57.060,2026-07-19 14:26:57.193
person_ID_883,FLUSH,2106,person,456,458,703,450,0.5725,2026-07-19 14:26:55.959,2026-07-19 14:26:57.459
bicycle_ID_632,FLUSH,2107,bicycle,580,470,717,463,0.6406,2026-07-19 14:26:56.828,2026-07-19 14:26:57.524
person_ID_885,FLUSH,2109,person,614,452,770,443,0.4019,2026-07-19 14:26:56.723,2026-07-19 14:26:57.591
bicycle_ID_631,FLUSH,2109,bicycle,639,460,784,448,0.4196,2026-07-19 14:26:56.828,2026-07-19 14:26:57.824
bicycle_ID_628,FLUSH,2099,bicycle,42,473,885,435,0.5804,2026-07-19 14:26:53.862,2026-07-19 14:26:58.257
bicycle_ID_637,FLUSH,2115,bicycle,895,437,909,437,0.3953,2026-07-19 14:26:58.291,2026-07-19 14:26:58.559
person_ID_887,FLUSH,2114,person,711,444,898,435,0.4986,2026-07-19 14:26:57.227,2026-07-19 14:26:59.027
person_ID_888,FLUSH,2099,person,783,444,979,431,0.4888,2026-07-19 14:26:57.591,2026-07-19 14:26:59.092
person_ID_889,FLUSH,2115,person,874,433,924,435,0.6087,2026-07-19 14:26:58.192,2026-07-19 14:26:59.156
car_ID_814,FLUSH,2117,car,118,493,118,493,0.7616,2026-07-19 14:26:59.060,2026-07-19 14:26:59.527
bicycle_ID_636,FLUSH,2106,bicycle,711,458,980,442,0.4837,2026-07-19 14:26:57.492,2026-07-19 14:26:59.527
person_ID_886,FLUSH,2110,person,1017,504,510,572,0.6223,2026-07-19 14:26:56.960,2026-07-19 14:26:59.661
car_ID_812,FLUSH,2113,car,342,381,342,381,0.3319,2026-07-19 14:26:57.093,2026-07-19 14:26:59.855
bicycle_ID_634,FLUSH,2112,bicycle,1010,519,456,593,0.6491,2026-07-19 14:26:57.027,2026-07-19 14:26:59.855
car_ID_815,FLUSH,2099,car,1033,429,1033,429,0.4064,2026-07-19 14:26:59.491,2026-07-19 14:26:59.955
car_ID_816,FLUSH,2118,car,343,381,342,381,0.3173,2026-07-19 14:27:00.261,2026-07-19 14:27:01.123
car_ID_817,FLUSH,2119,car,342,381,342,381,0.3529,2026-07-19 14:27:01.355,2026-07-19 14:27:01.823
car_ID_811,FLUSH,2108,car,57,493,1033,432,0.8456,2026-07-19 14:26:56.424,2026-07-19 14:27:02.755
car_ID_819,FLUSH,2122,car,1020,508,1020,508,0.4491,2026-07-19 14:27:02.756,2026-07-19 14:27:02.756
car_ID_818,FLUSH,2120,car,342,381,342,381,0.3279,2026-07-19 14:27:02.455,2026-07-19 14:27:02.923
car_ID_813,FLUSH,2116,car,59,493,1024,434,0.7364,2026-07-19 14:26:58.559,2026-07-19 14:27:04.857
person_ID_890,FLUSH,2122,person,1017,503,450,571,0.6433,2026-07-19 14:27:02.791,2026-07-19 14:27:05.328
bicycle_ID_638,FLUSH,2121,bicycle,1018,522,454,594,0.7172,2026-07-19 14:27:02.756,2026-07-19 14:27:05.328
car_ID_820,FLUSH,2123,car,343,381,343,381,0.3030,2026-07-19 14:27:06.959,2026-07-19 14:27:07.427
car_ID_821,FLUSH,2124,car,342,381,342,381,0.3030,2026-07-19 14:27:10.856,2026-07-19 14:27:11.324
car_ID_822,FLUSH,2125,car,343,381,342,381,0.3161,2026-07-19 14:27:14.928,2026-07-19 14:27:15.696
bicycle_ID_639,FLUSH,2126,bicycle,43,482,52,482,0.5320,2026-07-19 14:27:24.060,2026-07-19 14:27:24.160
person_ID_891,FLUSH,2126,person,54,478,239,477,0.5095,2026-07-19 14:27:24.201,2026-07-19 14:27:25.724
person_ID_892,FLUSH,2128,person,302,472,369,470,0.4520,2026-07-19 14:27:25.592,2026-07-19 14:27:26.338
bicycle_ID_641,FLUSH,2129,bicycle,690,456,708,460,0.3547,2026-07-19 14:27:27.525,2026-07-19 14:27:27.625
person_ID_893,FLUSH,2129,person,401,472,816,443,0.4709,2026-07-19 14:27:26.079,2026-07-19 14:27:28.725
bicycle_ID_642,FLUSH,2130,bicycle,948,438,961,436,0.4765,2026-07-19 14:27:29.125,2026-07-19 14:27:29.225
bicycle_ID_640,FLUSH,2127,bicycle,60,487,987,437,0.5465,2026-07-19 14:27:24.232,2026-07-19 14:27:29.594
person_ID_894,FLUSH,2130,person,840,442,975,428,0.4171,2026-07-19 14:27:28.460,2026-07-19 14:27:29.798
bicycle_ID_643,FLUSH,2131,bicycle,1017,517,1017,517,0.3030,2026-07-19 14:27:35.831,2026-07-19 14:27:35.831
bicycle_ID_644,FLUSH,2132,bicycle,967,538,790,562,0.5557,2026-07-19 14:27:36.129,2026-07-19 14:27:36.831
bicycle_ID_646,FLUSH,2134,bicycle,692,576,524,592,0.4858,2026-07-19 14:27:37.229,2026-07-19 14:27:37.693
bicycle_ID_645,FLUSH,2133,bicycle,973,536,474,595,0.5372,2026-07-19 14:27:36.129,2026-07-19 14:27:38.325
person_ID_895,FLUSH,2131,person,1011,509,457,572,0.7123,2026-07-19 14:27:35.898,2026-07-19 14:27:38.360
person_ID_896,FLUSH,2136,person,44,462,147,464,0.4520,2026-07-19 14:27:45.461,2026-07-19 14:27:46.393
bicycle_ID_648,FLUSH,2136,bicycle,174,479,183,478,0.5686,2026-07-19 14:27:46.426,2026-07-19 14:27:46.526
person_ID_897,FLUSH,2135,person,165,467,257,462,0.4629,2026-07-19 14:27:46.393,2026-07-19 14:27:47.126
person_ID_898,FLUSH,2138,person,323,465,323,465,0.3386,2026-07-19 14:27:47.625,2026-07-19 14:27:48.094
car_ID_823,FLUSH,2137,car,343,381,343,381,0.3254,2026-07-19 14:27:47.593,2026-07-19 14:27:48.594
person_ID_899,FLUSH,2139,person,358,469,488,462,0.4187,2026-07-19 14:27:47.861,2026-07-19 14:27:49.164
person_ID_900,FLUSH,2140,person,517,461,658,452,0.4589,2026-07-19 14:27:48.894,2026-07-19 14:27:50.300
bicycle_ID_647,FLUSH,2135,bicycle,51,472,667,463,0.6025,2026-07-19 14:27:45.393,2026-07-19 14:27:50.366
car_ID_824,FLUSH,2143,car,343,381,343,381,0.3244,2026-07-19 14:27:51.197,2026-07-19 14:27:51.663
bicycle_ID_650,FLUSH,2141,bicycle,991,439,991,439,0.4491,2026-07-19 14:27:52.461,2026-07-19 14:27:52.461
bicycle_ID_649,FLUSH,2142,bicycle,742,460,1008,445,0.5946,2026-07-19 14:27:50.497,2026-07-19 14:27:52.701
person_ID_901,FLUSH,2141,person,731,447,1020,433,0.4864,2026-07-19 14:27:50.430,2026-07-19 14:27:52.734
truck_ID_60,FLUSH,2144,truck,539,479,539,479,0.4277,2026-07-19 14:28:16.199,2026-07-19 14:28:16.199
car_ID_826,FLUSH,2145,car,342,380,343,381,0.3357,2026-07-19 14:28:15.069,2026-07-19 14:28:16.362
car_ID_825,FLUSH,2144,car,67,490,1031,431,0.7890,2026-07-19 14:28:14.500,2026-07-19 14:28:18.862
car_ID_828,FLUSH,2147,car,343,382,343,381,0.3311,2026-07-19 14:28:20.563,2026-07-19 14:28:22.468
car_ID_827,FLUSH,2146,car,68,514,1032,438,0.7897,2026-07-19 14:28:20.131,2026-07-19 14:28:24.195
person_ID_902,FLUSH,2148,person,25,414,200,428,0.4477,2026-07-19 14:28:23.827,2026-07-19 14:28:29.663
person_ID_904,FLUSH,2150,person,235,410,240,419,0.3447,2026-07-19 14:28:29.963,2026-07-19 14:28:30.895
car_ID_803,FLUSH,2075,car,306,401,306,400,0.3605,2026-07-19 14:24:47.420,2026-07-19 14:28:31.396
bicycle_ID_651,FLUSH,2149,bicycle,299,432,301,433,0.3591,2026-07-19 14:28:32.301,2026-07-19 14:28:32.401
person_ID_905,FLUSH,2151,person,336,406,336,406,0.3039,2026-07-19 14:28:32.902,2026-07-19 14:28:33.367
person_ID_906,FLUSH,2153,person,358,410,358,410,0.3529,2026-07-19 14:28:33.435,2026-07-19 14:28:33.896
person_ID_907,FLUSH,2154,person,454,408,454,408,0.3921,2026-07-19 14:28:35.931,2026-07-19 14:28:36.396
car_ID_831,FLUSH,2156,car,343,381,343,381,0.3143,2026-07-19 14:28:47.065,2026-07-19 14:28:48.338
car_ID_830,FLUSH,2155,car,1026,476,283,545,0.7698,2026-07-19 14:28:46.172,2026-07-19 14:28:48.535
car_ID_832,FLUSH,2157,car,105,532,61,532,0.5270,2026-07-19 14:28:48.566,2026-07-19 14:28:49.232
person_ID_908,FLUSH,2158,person,946,393,957,389,0.3229,2026-07-19 14:28:50.196,2026-07-19 14:28:51.070
car_ID_833,FLUSH,2149,car,1030,395,1030,395,0.3315,2026-07-19 14:28:52.897,2026-07-19 14:28:53.132
person_ID_903,FLUSH,2149,person,26,430,1034,390,0.5945,2026-07-19 14:28:24.702,2026-07-19 14:28:53.733
car_ID_829,FLUSH,2152,car,306,400,306,401,0.3554,2026-07-19 14:28:33.032,2026-07-19 14:29:02.497
car_ID_834,FLUSH,2159,car,1022,478,443,542,0.8519,2026-07-19 14:29:04.598,2026-07-19 14:29:06.534
car_ID_835,FLUSH,2160,car,307,400,308,401,0.3389,2026-07-19 14:29:05.335,2026-07-19 14:29:10.499
bicycle_ID_653,FLUSH,2162,bicycle,49,469,59,474,0.3852,2026-07-19 14:29:11.802,2026-07-19 14:29:12.337
bicycle_ID_652,FLUSH,2161,bicycle,43,469,159,473,0.3963,2026-07-19 14:29:11.701,2026-07-19 14:29:12.637
car_ID_836,FLUSH,2163,car,307,401,307,401,0.3352,2026-07-19 14:29:12.036,2026-07-19 14:29:12.802
bicycle_ID_654,FLUSH,2164,bicycle,120,471,181,482,0.4115,2026-07-19 14:29:12.404,2026-07-19 14:29:13.072
person_ID_909,FLUSH,2161,person,176,469,224,470,0.3932,2026-07-19 14:29:12.772,2026-07-19 14:29:13.602
person_ID_910,FLUSH,2167,person,437,468,480,463,0.3952,2026-07-19 14:29:14.568,2026-07-19 14:29:15.234
person_ID_911,FLUSH,2168,person,517,458,553,459,0.4025,2026-07-19 14:29:15.034,2026-07-19 14:29:15.699
car_ID_837,FLUSH,2165,car,307,400,306,401,0.3339,2026-07-19 14:29:13.372,2026-07-19 14:29:15.767
person_ID_912,FLUSH,2169,person,649,452,661,448,0.4775,2026-07-19 14:29:15.898,2026-07-19 14:29:16.437
bicycle_ID_656,FLUSH,2170,bicycle,882,437,882,437,0.3101,2026-07-19 14:29:17.633,2026-07-19 14:29:17.633
bicycle_ID_655,FLUSH,2166,bicycle,269,484,1010,434,0.4513,2026-07-19 14:29:13.471,2026-07-19 14:29:19.272
person_ID_913,FLUSH,2170,person,763,443,1025,422,0.5042,2026-07-19 14:29:16.735,2026-07-19 14:29:19.439
car_ID_840,FLUSH,2173,car,343,380,343,381,0.3129,2026-07-19 14:29:20.637,2026-07-19 14:29:21.505
car_ID_839,FLUSH,2172,car,307,402,306,401,0.3380,2026-07-19 14:29:19.372,2026-07-19 14:29:22.534
car_ID_838,FLUSH,2171,car,51,499,1033,431,0.7665,2026-07-19 14:29:19.203,2026-07-19 14:29:24.233
car_ID_843,FLUSH,2176,car,343,381,343,381,0.3101,2026-07-19 14:29:28.538,2026-07-19 14:29:29.270
car_ID_842,FLUSH,2175,car,306,401,306,400,0.3918,2026-07-19 14:29:28.039,2026-07-19 14:29:30.199
car_ID_841,FLUSH,2174,car,59,503,1031,430,0.8232,2026-07-19 14:29:27.939,2026-07-19 14:29:31.098
car_ID_844,FLUSH,2177,car,306,401,306,400,0.3342,2026-07-19 14:29:30.399,2026-07-19 14:29:38.167
bicycle_ID_657,FLUSH,2178,bicycle,1017,513,438,576,0.7125,2026-07-19 14:29:39.067,2026-07-19 14:29:41.968
person_ID_914,FLUSH,2179,person,1016,494,390,545,0.6873,2026-07-19 14:29:39.136,2026-07-19 14:29:42.068
person_ID_915,FLUSH,2181,person,53,470,237,473,0.4969,2026-07-19 14:29:45.267,2026-07-19 14:29:46.668
person_ID_916,FLUSH,2183,person,302,477,468,470,0.4667,2026-07-19 14:29:46.536,2026-07-19 14:29:47.667
person_ID_917,FLUSH,2185,person,515,468,527,468,0.5138,2026-07-19 14:29:47.435,2026-07-19 14:29:47.935
person_ID_918,FLUSH,2186,person,581,464,581,464,0.4064,2026-07-19 14:29:47.735,2026-07-19 14:29:48.200
person_ID_919,FLUSH,2187,person,744,456,744,456,0.4313,2026-07-19 14:29:48.500,2026-07-19 14:29:48.972
person_ID_920,FLUSH,2188,person,775,447,775,447,0.4420,2026-07-19 14:29:48.670,2026-07-19 14:29:49.145
bicycle_ID_658,FLUSH,2182,bicycle,60,486,998,439,0.4979,2026-07-19 14:29:45.299,2026-07-19 14:29:49.875
bicycle_ID_659,FLUSH,2189,bicycle,957,441,990,439,0.3229,2026-07-19 14:29:49.706,2026-07-19 14:29:50.303
car_ID_845,FLUSH,2180,car,307,400,306,400,0.3366,2026-07-19 14:29:40.367,2026-07-19 14:29:51.738
car_ID_846,FLUSH,2190,car,306,401,307,400,0.3268,2026-07-19 14:29:53.535,2026-07-19 14:29:54.035
car_ID_847,FLUSH,2191,car,306,400,306,400,0.3583,2026-07-19 14:29:57.274,2026-07-19 14:29:58.338
car_ID_848,FLUSH,2192,car,306,400,306,400,0.3478,2026-07-19 14:30:01.770,2026-07-19 14:30:02.600
car_ID_849,FLUSH,2193,car,306,400,306,400,0.3137,2026-07-19 14:30:12.901,2026-07-19 14:30:13.369
car_ID_850,FLUSH,2194,car,306,400,306,400,0.3600,2026-07-19 14:30:17.541,2026-07-19 14:30:18.009
car_ID_851,FLUSH,2195,car,307,400,306,400,0.3486,2026-07-19 14:30:22.905,2026-07-19 14:30:23.506
car_ID_852,FLUSH,2196,car,306,399,306,400,0.3340,2026-07-19 14:30:34.837,2026-07-19 14:30:35.938
person_ID_921,FLUSH,2197,person,1033,389,983,394,0.4356,2026-07-19 14:30:35.338,2026-07-19 14:30:37.474
car_ID_853,FLUSH,2199,car,306,400,307,400,0.3411,2026-07-19 14:30:42.809,2026-07-19 14:30:46.670
car_ID_854,FLUSH,2200,car,306,400,306,400,0.3540,2026-07-19 14:30:47.938,2026-07-19 14:30:49.871
person_ID_923,FLUSH,2201,person,426,415,426,415,0.3101,2026-07-19 14:30:51.076,2026-07-19 14:30:51.540
car_ID_855,FLUSH,2202,car,306,400,306,400,0.3666,2026-07-19 14:30:52.806,2026-07-19 14:30:53.471
car_ID_856,FLUSH,2203,car,306,400,307,401,0.3918,2026-07-19 14:30:53.671,2026-07-19 14:30:54.371
person_ID_922,FLUSH,2198,person,971,395,313,421,0.6108,2026-07-19 14:30:37.474,2026-07-19 14:30:54.906
person_ID_924,FLUSH,2204,person,294,417,26,416,0.5953,2026-07-19 14:30:54.841,2026-07-19 14:31:02.206
bicycle_ID_662,FLUSH,2209,bicycle,52,499,52,499,0.4456,2026-07-19 14:31:05.641,2026-07-19 14:31:05.641
bicycle_ID_660,FLUSH,2206,bicycle,43,474,121,483,0.4309,2026-07-19 14:31:05.274,2026-07-19 14:31:05.908
person_ID_926,FLUSH,2208,person,75,474,95,472,0.5056,2026-07-19 14:31:05.610,2026-07-19 14:31:06.206
bicycle_ID_661,FLUSH,2207,bicycle,57,485,173,490,0.4791,2026-07-19 14:31:05.472,2026-07-19 14:31:06.708
car_ID_857,FLUSH,2205,car,306,399,306,400,0.3491,2026-07-19 14:30:55.671,2026-07-19 14:31:06.740
person_ID_925,FLUSH,2206,person,53,474,248,466,0.4647,2026-07-19 14:31:05.407,2026-07-19 14:31:06.972
person_ID_927,FLUSH,2209,person,49,488,181,479,0.5021,2026-07-19 14:31:05.672,2026-07-19 14:31:07.139
person_ID_928,FLUSH,2207,person,198,487,231,478,0.4239,2026-07-19 14:31:06.740,2026-07-19 14:31:07.471
bicycle_ID_664,FLUSH,2212,bicycle,392,474,392,474,0.3458,2026-07-19 14:31:07.906,2026-07-19 14:31:08.072
person_ID_929,FLUSH,2211,person,301,487,335,486,0.4749,2026-07-19 14:31:07.471,2026-07-19 14:31:08.173
bicycle_ID_665,FLUSH,2213,bicycle,413,496,413,496,0.4313,2026-07-19 14:31:08.208,2026-07-19 14:31:08.309
bicycle_ID_666,FLUSH,2214,bicycle,628,484,628,484,0.5062,2026-07-19 14:31:09.643,2026-07-19 14:31:10.108
person_ID_931,FLUSH,2215,person,735,445,735,445,0.3030,2026-07-19 14:31:10.639,2026-07-19 14:31:10.639
bicycle_ID_667,FLUSH,2215,bicycle,735,453,779,451,0.3368,2026-07-19 14:31:10.671,2026-07-19 14:31:11.475
person_ID_932,FLUSH,2216,person,748,445,857,432,0.4379,2026-07-19 14:31:10.707,2026-07-19 14:31:11.740
person_ID_933,FLUSH,2217,person,869,432,957,425,0.4592,2026-07-19 14:31:11.807,2026-07-19 14:31:12.707
bicycle_ID_663,FLUSH,2206,bicycle,241,496,1022,448,0.5534,2026-07-19 14:31:07.009,2026-07-19 14:31:12.872
person_ID_930,FLUSH,2212,person,399,486,1026,440,0.5055,2026-07-19 14:31:08.109,2026-07-19 14:31:12.907
car_ID_859,FLUSH,2212,car,1029,443,1029,443,0.4349,2026-07-19 14:31:12.972,2026-07-19 14:31:13.007
bicycle_ID_669,FLUSH,2212,bicycle,1031,448,1031,448,0.3600,2026-07-19 14:31:13.043,2026-07-19 14:31:13.507
person_ID_934,FLUSH,2216,person,1020,421,1027,419,0.3565,2026-07-19 14:31:13.339,2026-07-19 14:31:13.540
bicycle_ID_668,FLUSH,2216,bicycle,865,440,1031,421,0.4028,2026-07-19 14:31:11.772,2026-07-19 14:31:14.073
car_ID_858,FLUSH,2210,car,307,400,307,400,0.3439,2026-07-19 14:31:07.010,2026-07-19 14:31:27.276
car_ID_860,FLUSH,2218,car,307,399,306,400,0.3114,2026-07-19 14:31:28.075,2026-07-19 14:31:28.876
bicycle_ID_670,FLUSH,2221,bicycle,331,496,331,496,0.5276,2026-07-19 14:31:34.277,2026-07-19 14:31:34.277
bicycle_ID_671,FLUSH,2222,bicycle,377,495,377,495,0.3173,2026-07-19 14:31:34.377,2026-07-19 14:31:34.377
car_ID_862,FLUSH,2223,car,342,381,342,381,0.3137,2026-07-19 14:31:34.416,2026-07-19 14:31:34.877
person_ID_935,FLUSH,2222,person,410,483,429,474,0.4962,2026-07-19 14:31:34.416,2026-07-19 14:31:34.912
person_ID_936,FLUSH,2224,person,456,470,456,470,0.4420,2026-07-19 14:31:34.514,2026-07-19 14:31:34.977
person_ID_937,FLUSH,2225,person,513,467,513,467,0.4634,2026-07-19 14:31:34.614,2026-07-19 14:31:35.076
person_ID_938,FLUSH,2226,person,708,460,708,460,0.4848,2026-07-19 14:31:34.977,2026-07-19 14:31:35.446
person_ID_939,FLUSH,2227,person,740,459,740,459,0.5989,2026-07-19 14:31:35.047,2026-07-19 14:31:35.513
person_ID_940,FLUSH,2228,person,771,458,771,458,0.5240,2026-07-19 14:31:35.111,2026-07-19 14:31:35.583
person_ID_941,FLUSH,2229,person,804,456,804,456,0.4634,2026-07-19 14:31:35.177,2026-07-19 14:31:35.645
person_ID_942,FLUSH,2230,person,835,456,835,456,0.4955,2026-07-19 14:31:35.246,2026-07-19 14:31:35.711
person_ID_943,FLUSH,2231,person,868,453,868,453,0.5240,2026-07-19 14:31:35.315,2026-07-19 14:31:35.774
person_ID_944,FLUSH,2232,person,899,448,899,448,0.4135,2026-07-19 14:31:35.378,2026-07-19 14:31:35.841
person_ID_945,FLUSH,2233,person,930,448,930,448,0.4456,2026-07-19 14:31:35.447,2026-07-19 14:31:35.909
bicycle_ID_672,FLUSH,2234,bicycle,45,472,748,451,0.5287,2026-07-19 14:31:37.711,2026-07-19 14:31:46.810
car_ID_864,FLUSH,2237,car,343,380,343,381,0.3400,2026-07-19 14:31:45.244,2026-07-19 14:31:48.047
car_ID_865,FLUSH,2238,car,343,380,342,381,0.3139,2026-07-19 14:31:49.173,2026-07-19 14:31:50.309
person_ID_946,FLUSH,2235,person,41,460,1032,414,0.5906,2026-07-19 14:31:37.808,2026-07-19 14:31:50.873
car_ID_866,FLUSH,2235,car,1036,417,1036,417,0.3066,2026-07-19 14:31:50.909,2026-07-19 14:31:51.374
car_ID_863,FLUSH,2236,car,65,491,1024,438,0.8306,2026-07-19 14:31:44.942,2026-07-19 14:31:54.310
bicycle_ID_673,FLUSH,2240,bicycle,1014,514,934,532,0.5392,2026-07-19 14:31:55.374,2026-07-19 14:31:55.709
person_ID_947,FLUSH,2239,person,1013,502,457,564,0.6151,2026-07-19 14:31:55.374,2026-07-19 14:31:57.574
bicycle_ID_674,FLUSH,2241,bicycle,924,534,459,584,0.7144,2026-07-19 14:31:55.742,2026-07-19 14:31:57.574
bicycle_ID_676,FLUSH,2243,bicycle,1010,504,1010,504,0.5311,2026-07-19 14:32:00.076,2026-07-19 14:32:00.076
person_ID_948,FLUSH,2243,person,1003,481,960,512,0.5537,2026-07-19 14:32:00.043,2026-07-19 14:32:00.779
person_ID_949,FLUSH,2244,person,971,487,905,516,0.3833,2026-07-19 14:32:00.142,2026-07-19 14:32:00.942
person_ID_950,FLUSH,2245,person,874,501,465,548,0.5364,2026-07-19 14:32:00.442,2026-07-19 14:32:01.678
bicycle_ID_675,FLUSH,2242,bicycle,1020,487,466,573,0.6072,2026-07-19 14:31:59.912,2026-07-19 14:32:02.077
bicycle_ID_677,FLUSH,2245,bicycle,428,548,428,548,0.3377,2026-07-19 14:32:01.710,2026-07-19 14:32:02.177
car_ID_867,FLUSH,2246,car,1017,479,404,553,0.7434,2026-07-19 14:32:02.542,2026-07-19 14:32:05.214
car_ID_868,FLUSH,2247,car,343,381,343,381,0.3202,2026-07-19 14:32:04.011,2026-07-19 14:32:05.381
car_ID_861,FLUSH,2219,car,306,400,306,399,0.3573,2026-07-19 14:31:29.372,2026-07-19 14:32:05.446
car_ID_869,FLUSH,2248,car,306,399,307,399,0.3363,2026-07-19 14:32:05.714,2026-07-19 14:32:20.643
car_ID_870,FLUSH,2249,car,307,399,307,400,0.3441,2026-07-19 14:32:21.343,2026-07-19 14:32:30.381
car_ID_871,FLUSH,2250,car,306,400,306,399,0.3309,2026-07-19 14:32:30.646,2026-07-19 14:32:32.152
car_ID_874,FLUSH,2253,car,343,381,343,381,0.3261,2026-07-19 14:32:44.148,2026-07-19 14:32:46.784
car_ID_873,FLUSH,2252,car,54,497,1029,433,0.8335,2026-07-19 14:32:44.018,2026-07-19 14:32:47.812
car_ID_875,FLUSH,2254,car,1011,481,397,547,0.8986,2026-07-19 14:32:49.819,2026-07-19 14:32:52.219
car_ID_876,FLUSH,2255,car,72,533,63,531,0.4601,2026-07-19 14:32:52.812,2026-07-19 14:32:53.312
car_ID_872,FLUSH,2251,car,306,400,306,400,0.3489,2026-07-19 14:32:32.347,2026-07-19 14:32:56.446
car_ID_877,FLUSH,2256,car,307,399,306,400,0.3261,2026-07-19 14:32:57.144,2026-07-19 14:33:00.185
car_ID_878,FLUSH,2257,car,306,400,307,399,0.3430,2026-07-19 14:33:00.418,2026-07-19 14:33:01.945
car_ID_879,FLUSH,2258,car,306,399,306,399,0.3321,2026-07-19 14:33:02.512,2026-07-19 14:33:07.821
person_ID_951,FLUSH,2259,person,1014,479,711,529,0.5946,2026-07-19 14:33:07.384,2026-07-19 14:33:09.045
car_ID_880,FLUSH,2261,car,306,400,307,400,0.3675,2026-07-19 14:33:07.950,2026-07-19 14:33:09.113
person_ID_952,FLUSH,2262,person,622,561,525,559,0.4336,2026-07-19 14:33:08.886,2026-07-19 14:33:09.213
bicycle_ID_678,FLUSH,2260,bicycle,1012,512,468,602,0.6503,2026-07-19 14:33:07.384,2026-07-19 14:33:09.781
bicycle_ID_679,FLUSH,2262,bicycle,410,532,410,532,0.4427,2026-07-19 14:33:09.580,2026-07-19 14:33:10.045
car_ID_881,FLUSH,2264,car,306,400,306,400,0.3328,2026-07-19 14:33:09.981,2026-07-19 14:33:15.149
car_ID_882,FLUSH,2265,car,306,400,306,399,0.3366,2026-07-19 14:33:15.517,2026-07-19 14:33:16.920
car_ID_883,FLUSH,2266,car,307,400,307,400,0.3422,2026-07-19 14:33:17.158,2026-07-19 14:33:17.614
bicycle_ID_681,FLUSH,2268,bicycle,1002,530,912,545,0.5594,2026-07-19 14:33:17.582,2026-07-19 14:33:18.846
bicycle_ID_682,FLUSH,2270,bicycle,1020,533,1009,525,0.4308,2026-07-19 14:33:18.681,2026-07-19 14:33:18.881
car_ID_884,FLUSH,2271,car,307,399,306,400,0.3318,2026-07-19 14:33:18.846,2026-07-19 14:33:20.181
bicycle_ID_686,FLUSH,2277,bicycle,543,599,543,599,0.4242,2026-07-19 14:33:20.646,2026-07-19 14:33:20.747
bicycle_ID_685,FLUSH,2276,bicycle,1009,527,1009,527,0.3707,2026-07-19 14:33:20.418,2026-07-19 14:33:20.883
bicycle_ID_680,FLUSH,2267,bicycle,1018,530,477,607,0.6469,2026-07-19 14:33:17.385,2026-07-19 14:33:21.414
person_ID_953,FLUSH,2269,person,1010,512,465,583,0.6244,2026-07-19 14:33:17.646,2026-07-19 14:33:21.446
car_ID_887,FLUSH,2280,car,343,381,342,381,0.3283,2026-07-19 14:33:22.519,2026-07-19 14:33:23.447
bicycle_ID_683,FLUSH,2273,bicycle,1003,530,429,599,0.7579,2026-07-19 14:33:18.981,2026-07-19 14:33:23.447
person_ID_954,FLUSH,2272,person,1016,504,418,568,0.7240,2026-07-19 14:33:18.881,2026-07-19 14:33:23.515
bicycle_ID_687,FLUSH,2281,bicycle,509,588,428,595,0.4382,2026-07-19 14:33:22.596,2026-07-19 14:33:23.515
car_ID_885,FLUSH,2278,car,306,400,306,400,0.3693,2026-07-19 14:33:20.646,2026-07-19 14:33:23.981
person_ID_955,FLUSH,2275,person,1018,502,443,564,0.7480,2026-07-19 14:33:20.418,2026-07-19 14:33:25.047
bicycle_ID_684,FLUSH,2274,bicycle,1021,531,450,589,0.7870,2026-07-19 14:33:20.181,2026-07-19 14:33:25.047
car_ID_886,FLUSH,2279,car,53,494,1028,431,0.8083,2026-07-19 14:33:21.314,2026-07-19 14:33:25.514
car_ID_888,FLUSH,2282,car,307,399,307,400,0.3074,2026-07-19 14:33:24.881,2026-07-19 14:33:26.015
car_ID_891,FLUSH,2285,car,343,381,343,381,0.3193,2026-07-19 14:33:27.115,2026-07-19 14:33:28.850
car_ID_890,FLUSH,2284,car,306,400,307,400,0.3495,2026-07-19 14:33:26.481,2026-07-19 14:33:29.186
car_ID_889,FLUSH,2283,car,59,499,1023,441,0.8338,2026-07-19 14:33:26.384,2026-07-19 14:33:29.518
car_ID_892,FLUSH,2286,car,306,400,306,400,0.3850,2026-07-19 14:33:31.146,2026-07-19 14:33:31.615
car_ID_893,FLUSH,2287,car,306,400,306,400,0.3369,2026-07-19 14:33:37.219,2026-07-19 14:33:38.782
car_ID_894,FLUSH,2288,car,307,399,307,400,0.3337,2026-07-19 14:33:40.447,2026-07-19 14:33:41.282
car_ID_895,FLUSH,2289,car,1012,486,404,566,0.8941,2026-07-19 14:33:59.883,2026-07-19 14:34:01.151
car_ID_896,FLUSH,2290,car,307,401,307,401,0.3422,2026-07-19 14:34:00.851,2026-07-19 14:34:01.483
car_ID_897,FLUSH,2291,car,307,401,307,400,0.3097,2026-07-19 14:34:02.716,2026-07-19 14:34:03.616
car_ID_898,FLUSH,2292,car,307,401,306,401,0.3235,2026-07-19 14:34:06.457,2026-07-19 14:34:07.084
car_ID_900,FLUSH,2294,car,307,402,307,402,0.3449,2026-07-19 14:34:11.551,2026-07-19 14:34:14.017
car_ID_899,FLUSH,2293,car,50,505,1004,457,0.8639,2026-07-19 14:34:11.284,2026-07-19 14:34:14.917
person_ID_956,FLUSH,2295,person,45,425,54,424,0.3689,2026-07-19 14:34:37.154,2026-07-19 14:34:37.353
person_ID_957,FLUSH,2296,person,126,434,193,436,0.3423,2026-07-19 14:34:37.386,2026-07-19 14:34:38.490
person_ID_958,FLUSH,2295,person,130,429,136,426,0.3262,2026-07-19 14:34:38.526,2026-07-19 14:34:38.625
person_ID_960,FLUSH,2300,person,162,427,169,428,0.3570,2026-07-19 14:34:39.057,2026-07-19 14:34:39.257
bicycle_ID_692,FLUSH,2300,bicycle,181,436,184,438,0.3761,2026-07-19 14:34:39.295,2026-07-19 14:34:39.327
bicycle_ID_691,FLUSH,2299,bicycle,232,438,232,438,0.3386,2026-07-19 14:34:39.022,2026-07-19 14:34:39.492
bicycle_ID_690,FLUSH,2297,bicycle,46,491,164,494,0.4267,2026-07-19 14:34:38.460,2026-07-19 14:34:39.753
bicycle_ID_693,FLUSH,2302,bicycle,147,495,147,495,0.3386,2026-07-19 14:34:39.786,2026-07-19 14:34:39.786
bicycle_ID_688,FLUSH,2295,bicycle,36,427,229,434,0.3600,2026-07-19 14:34:36.986,2026-07-19 14:34:40.020
person_ID_959,FLUSH,2298,person,45,468,220,471,0.5589,2026-07-19 14:34:38.559,2026-07-19 14:34:40.353
bicycle_ID_694,FLUSH,2303,bicycle,224,434,224,434,0.3921,2026-07-19 14:34:40.020,2026-07-19 14:34:40.486
person_ID_961,FLUSH,2302,person,64,491,172,481,0.3935,2026-07-19 14:34:39.189,2026-07-19 14:34:40.619
person_ID_962,FLUSH,2297,person,194,493,205,489,0.4160,2026-07-19 14:34:40.418,2026-07-19 14:34:40.953
bicycle_ID_695,FLUSH,2298,bicycle,246,480,262,483,0.4092,2026-07-19 14:34:40.386,2026-07-19 14:34:40.986
bicycle_ID_689,FLUSH,2296,bicycle,142,436,368,427,0.3772,2026-07-19 14:34:37.653,2026-07-19 14:34:41.118
bicycle_ID_696,FLUSH,2304,bicycle,287,438,292,444,0.3351,2026-07-19 14:34:40.753,2026-07-19 14:34:41.253
bicycle_ID_697,FLUSH,2305,bicycle,433,486,488,488,0.3907,2026-07-19 14:34:42.318,2026-07-19 14:34:42.818
person_ID_965,FLUSH,2310,person,628,419,631,420,0.4425,2026-07-19 14:34:43.986,2026-07-19 14:34:44.458
person_ID_964,FLUSH,2307,person,513,424,611,424,0.3677,2026-07-19 14:34:43.053,2026-07-19 14:34:44.761
bicycle_ID_699,FLUSH,2308,bicycle,529,492,748,473,0.4909,2026-07-19 14:34:43.188,2026-07-19 14:34:45.318
bicycle_ID_700,FLUSH,2312,bicycle,770,419,788,422,0.4572,2026-07-19 14:34:46.454,2026-07-19 14:34:46.753
person_ID_966,FLUSH,2308,person,768,460,865,447,0.3915,2026-07-19 14:34:45.518,2026-07-19 14:34:46.818
person_ID_968,FLUSH,2306,person,925,445,925,445,0.4206,2026-07-19 14:34:47.353,2026-07-19 14:34:47.353
person_ID_967,FLUSH,2312,person,760,412,825,406,0.3563,2026-07-19 14:34:46.287,2026-07-19 14:34:47.818
bicycle_ID_702,FLUSH,2308,bicycle,884,459,959,453,0.4440,2026-07-19 14:34:46.853,2026-07-19 14:34:47.989
person_ID_969,FLUSH,2315,person,932,442,956,443,0.3994,2026-07-19 14:34:47.459,2026-07-19 14:34:48.219
bicycle_ID_698,FLUSH,2306,bicycle,434,496,1004,448,0.4778,2026-07-19 14:34:42.386,2026-07-19 14:34:48.386
bicycle_ID_701,FLUSH,2313,bicycle,786,422,893,410,0.3707,2026-07-19 14:34:46.753,2026-07-19 14:34:48.588
person_ID_971,FLUSH,2306,person,1010,439,1010,439,0.3244,2026-07-19 14:34:48.418,2026-07-19 14:34:48.854
person_ID_970,FLUSH,2313,person,851,411,921,404,0.3715,2026-07-19 14:34:47.818,2026-07-19 14:34:49.153
person_ID_963,FLUSH,2305,person,381,460,1013,427,0.4926,2026-07-19 14:34:41.786,2026-07-19 14:34:49.353
car_ID_902,FLUSH,2318,car,332,382,334,382,0.3491,2026-07-19 14:35:07.656,2026-07-19 14:35:08.719
car_ID_901,FLUSH,2317,car,50,487,1032,431,0.8132,2026-07-19 14:35:06.892,2026-07-19 14:35:11.019
car_ID_903,FLUSH,2319,car,1007,476,360,538,0.7516,2026-07-19 14:35:14.691,2026-07-19 14:35:16.723
person_ID_972,FLUSH,2321,person,771,493,771,493,0.6595,2026-07-19 14:35:31.029,2026-07-19 14:35:31.494
car_ID_904,FLUSH,2320,car,1009,468,302,549,0.7589,2026-07-19 14:35:30.131,2026-07-19 14:35:32.456
person_ID_973,FLUSH,2323,person,1013,496,455,556,0.6844,2026-07-19 14:35:34.488,2026-07-19 14:35:37.961
bicycle_ID_703,FLUSH,2322,bicycle,1014,502,457,577,0.7675,2026-07-19 14:35:34.389,2026-07-19 14:35:37.961
car_ID_906,FLUSH,2329,car,335,381,335,382,0.3569,2026-07-19 14:35:45.629,2026-07-19 14:35:46.891
bicycle_ID_704,FLUSH,2326,bicycle,1008,542,527,601,0.6616,2026-07-19 14:35:45.065,2026-07-19 14:35:47.200
bicycle_ID_707,FLUSH,2331,bicycle,714,578,643,588,0.3984,2026-07-19 14:35:46.891,2026-07-19 14:35:47.625
bicycle_ID_706,FLUSH,2330,bicycle,680,588,478,602,0.4302,2026-07-19 14:35:46.663,2026-07-19 14:35:47.857
car_ID_905,FLUSH,2324,car,54,504,1030,432,0.7772,2026-07-19 14:35:44.790,2026-07-19 14:35:48.157
person_ID_975,FLUSH,2327,person,1009,511,488,569,0.6417,2026-07-19 14:35:45.363,2026-07-19 14:35:48.257
person_ID_974,FLUSH,2325,person,1011,519,456,569,0.6418,2026-07-19 14:35:45.065,2026-07-19 14:35:48.392
bicycle_ID_705,FLUSH,2328,bicycle,987,531,454,592,0.6761,2026-07-19 14:35:45.528,2026-07-19 14:35:48.424
car_ID_907,FLUSH,2332,car,1018,482,928,507,0.7238,2026-07-19 14:35:51.260,2026-07-19 14:35:51.961
truck_ID_61,FLUSH,2332,truck,958,495,920,509,0.3766,2026-07-19 14:35:51.761,2026-07-19 14:35:52.464
car_ID_908,FLUSH,2333,car,958,494,465,546,0.8018,2026-07-19 14:35:51.793,2026-07-19 14:35:53.457
car_ID_909,FLUSH,2334,car,495,541,441,543,0.3764,2026-07-19 14:35:53.457,2026-07-19 14:35:54.030
truck_ID_62,FLUSH,2333,truck,495,541,416,542,0.4631,2026-07-19 14:35:53.389,2026-07-19 14:35:54.093
car_ID_910,FLUSH,2335,car,340,382,340,382,0.3066,2026-07-19 14:36:13.226,2026-07-19 14:36:13.693
person_ID_976,FLUSH,2337,person,64,475,116,476,0.4046,2026-07-19 14:36:32.564,2026-07-19 14:36:32.930
person_ID_977,FLUSH,2336,person,134,482,212,479,0.4137,2026-07-19 14:36:33.068,2026-07-19 14:36:33.627
bicycle_ID_708,FLUSH,2336,bicycle,62,487,239,494,0.5092,2026-07-19 14:36:32.505,2026-07-19 14:36:34.276
person_ID_978,FLUSH,2339,person,64,476,78,475,0.5157,2026-07-19 14:36:34.050,2026-07-19 14:36:34.600
bicycle_ID_710,FLUSH,2338,bicycle,44,481,184,485,0.5684,2026-07-19 14:36:33.856,2026-07-19 14:36:34.792
person_ID_980,FLUSH,2341,person,432,474,432,474,0.4919,2026-07-19 14:36:34.827,2026-07-19 14:36:34.859
person_ID_979,FLUSH,2340,person,153,474,214,476,0.4236,2026-07-19 14:36:34.665,2026-07-19 14:36:35.026
bicycle_ID_709,FLUSH,2337,bicycle,129,485,464,487,0.5513,2026-07-19 14:36:32.965,2026-07-19 14:36:35.091
person_ID_982,FLUSH,2337,person,486,477,486,477,0.3137,2026-07-19 14:36:35.126,2026-07-19 14:36:35.593
person_ID_981,FLUSH,2338,person,194,478,240,475,0.4910,2026-07-19 14:36:34.893,2026-07-19 14:36:35.662
car_ID_911,FLUSH,2342,car,306,402,308,403,0.3246,2026-07-19 14:36:35.593,2026-07-19 14:36:36.192
bicycle_ID_713,FLUSH,2345,bicycle,605,474,652,466,0.3980,2026-07-19 14:36:35.961,2026-07-19 14:36:36.227
person_ID_983,FLUSH,2343,person,355,472,381,475,0.4510,2026-07-19 14:36:35.929,2026-07-19 14:36:36.527
person_ID_984,FLUSH,2344,person,624,452,660,449,0.3906,2026-07-19 14:36:35.961,2026-07-19 14:36:36.629
bicycle_ID_711,FLUSH,2341,bicycle,382,485,668,464,0.5234,2026-07-19 14:36:34.665,2026-07-19 14:36:36.791
person_ID_985,FLUSH,2346,person,759,450,860,440,0.4266,2026-07-19 14:36:36.859,2026-07-19 14:36:37.559
person_ID_986,FLUSH,2347,person,513,467,575,458,0.3857,2026-07-19 14:36:36.859,2026-07-19 14:36:37.694
person_ID_987,FLUSH,2345,person,868,441,880,438,0.4960,2026-07-19 14:36:37.629,2026-07-19 14:36:38.059
bicycle_ID_715,FLUSH,2345,bicycle,850,449,976,432,0.4115,2026-07-19 14:36:37.491,2026-07-19 14:36:38.659
person_ID_989,FLUSH,2350,person,742,443,742,443,0.3992,2026-07-19 14:36:38.392,2026-07-19 14:36:38.859
person_ID_988,FLUSH,2349,person,903,431,981,427,0.4245,2026-07-19 14:36:37.927,2026-07-19 14:36:38.992
bicycle_ID_714,FLUSH,2346,bicycle,808,448,970,437,0.3893,2026-07-19 14:36:37.292,2026-07-19 14:36:39.059
person_ID_990,FLUSH,2351,person,799,442,827,441,0.3707,2026-07-19 14:36:38.792,2026-07-19 14:36:39.092
bicycle_ID_717,FLUSH,2352,bicycle,54,484,54,484,0.4884,2026-07-19 14:36:39.327,2026-07-19 14:36:39.327
car_ID_912,FLUSH,2345,car,1016,438,1028,430,0.4866,2026-07-19 14:36:39.127,2026-07-19 14:36:39.798
bicycle_ID_712,FLUSH,2340,bicycle,239,483,880,446,0.4768,2026-07-19 14:36:35.159,2026-07-19 14:36:39.798
person_ID_992,FLUSH,2354,person,918,434,951,430,0.3666,2026-07-19 14:36:39.733,2026-07-19 14:36:40.392
bicycle_ID_716,FLUSH,2351,bicycle,854,447,1015,433,0.4726,2026-07-19 14:36:39.127,2026-07-19 14:36:40.492
person_ID_991,FLUSH,2352,person,76,475,126,459,0.3565,2026-07-19 14:36:39.697,2026-07-19 14:36:40.928
person_ID_993,FLUSH,2356,person,1006,425,1011,424,0.3451,2026-07-19 14:36:40.427,2026-07-19 14:36:40.928
person_ID_995,FLUSH,2357,person,211,475,211,475,0.3339,2026-07-19 14:36:41.228,2026-07-19 14:36:41.427
bicycle_ID_718,FLUSH,2353,bicycle,58,484,188,469,0.4993,2026-07-19 14:36:39.395,2026-07-19 14:36:41.660
bicycle_ID_720,FLUSH,2352,bicycle,200,469,210,473,0.4698,2026-07-19 14:36:41.760,2026-07-19 14:36:41.893
person_ID_994,FLUSH,2353,person,136,460,205,463,0.3910,2026-07-19 14:36:40.992,2026-07-19 14:36:42.362
person_ID_998,FLUSH,2357,person,516,471,520,467,0.3689,2026-07-19 14:36:44.292,2026-07-19 14:36:44.392
bicycle_ID_722,FLUSH,2359,bicycle,398,480,534,473,0.4799,2026-07-19 14:36:43.092,2026-07-19 14:36:44.460
bicycle_ID_723,FLUSH,2360,bicycle,440,469,483,471,0.3779,2026-07-19 14:36:44.527,2026-07-19 14:36:44.998
bicycle_ID_725,FLUSH,2362,bicycle,653,473,653,473,0.4028,2026-07-19 14:36:45.798,2026-07-19 14:36:46.262
bicycle_ID_719,FLUSH,2357,bicycle,241,483,701,459,0.5363,2026-07-19 14:36:41.460,2026-07-19 14:36:46.293
person_ID_999,FLUSH,2357,person,708,456,714,455,0.3763,2026-07-19 14:36:46.392,2026-07-19 14:36:46.960
bicycle_ID_727,FLUSH,2363,bicycle,751,454,771,456,0.4126,2026-07-19 14:36:46.892,2026-07-19 14:36:47.127
person_ID_996,FLUSH,2359,person,384,475,774,450,0.4423,2026-07-19 14:36:43.060,2026-07-19 14:36:47.229
bicycle_ID_721,FLUSH,2358,bicycle,282,478,740,457,0.5309,2026-07-19 14:36:42.827,2026-07-19 14:36:47.860
person_ID_997,FLUSH,2360,person,392,465,715,445,0.4377,2026-07-19 14:36:44.092,2026-07-19 14:36:47.892
bicycle_ID_724,FLUSH,2361,bicycle,553,471,773,455,0.4169,2026-07-19 14:36:45.763,2026-07-19 14:36:48.764
person_ID_1000,FLUSH,2363,person,741,453,871,442,0.4030,2026-07-19 14:36:46.860,2026-07-19 14:36:48.893
bicycle_ID_729,FLUSH,2358,bicycle,867,445,867,445,0.3351,2026-07-19 14:36:49.528,2026-07-19 14:36:49.528
person_ID_1003,FLUSH,2359,person,964,433,964,433,0.4278,2026-07-19 14:36:49.760,2026-07-19 14:36:50.060
bicycle_ID_728,FLUSH,2360,bicycle,745,456,915,437,0.4509,2026-07-19 14:36:47.927,2026-07-19 14:36:50.193
bicycle_ID_726,FLUSH,2359,bicycle,695,458,996,439,0.5028,2026-07-19 14:36:46.229,2026-07-19 14:36:50.263
person_ID_1001,FLUSH,2358,person,744,447,890,434,0.4131,2026-07-19 14:36:47.892,2026-07-19 14:36:50.294
person_ID_1002,FLUSH,2364,person,938,439,997,431,0.4098,2026-07-19 14:36:49.394,2026-07-19 14:36:50.635
person_ID_1004,FLUSH,2360,person,918,432,974,428,0.4199,2026-07-19 14:36:50.230,2026-07-19 14:36:51.033
bicycle_ID_730,FLUSH,2364,bicycle,959,438,1019,431,0.4052,2026-07-19 14:36:49.693,2026-07-19 14:36:51.132
bicycle_ID_731,FLUSH,2365,bicycle,885,448,1009,437,0.4536,2026-07-19 14:36:49.832,2026-07-19 14:36:51.499
car_ID_913,FLUSH,2365,car,1030,424,1030,424,0.4527,2026-07-19 14:36:52.097,2026-07-19 14:36:52.564
car_ID_914,FLUSH,2366,car,306,402,307,402,0.3623,2026-07-19 14:37:25.766,2026-07-19 14:37:27.067
car_ID_915,FLUSH,2367,car,340,381,340,381,0.3244,2026-07-19 14:37:26.601,2026-07-19 14:37:27.068
person_ID_1005,FLUSH,2368,person,1004,511,525,563,0.5547,2026-07-19 14:37:29.997,2026-07-19 14:37:31.932
bicycle_ID_732,FLUSH,2369,bicycle,987,529,453,590,0.6848,2026-07-19 14:37:30.062,2026-07-19 14:37:32.130
bicycle_ID_733,FLUSH,2370,bicycle,1015,495,1015,495,0.4456,2026-07-19 14:37:48.998,2026-07-19 14:37:48.998
bicycle_ID_735,FLUSH,2372,bicycle,1019,487,1014,479,0.5216,2026-07-19 14:37:51.400,2026-07-19 14:37:51.464
bicycle_ID_734,FLUSH,2371,bicycle,1008,511,424,578,0.7352,2026-07-19 14:37:49.063,2026-07-19 14:37:52.233
person_ID_1006,FLUSH,2370,person,1018,491,370,553,0.6876,2026-07-19 14:37:49.030,2026-07-19 14:37:52.405
bicycle_ID_738,FLUSH,2376,bicycle,995,527,971,530,0.5346,2026-07-19 14:37:52.099,2026-07-19 14:37:52.799
person_ID_1008,FLUSH,2375,person,1016,494,714,539,0.6729,2026-07-19 14:37:51.933,2026-07-19 14:37:53.663
bicycle_ID_736,FLUSH,2373,bicycle,1007,488,687,529,0.6062,2026-07-19 14:37:51.534,2026-07-19 14:37:53.663
person_ID_1007,FLUSH,2372,person,1015,475,690,511,0.5647,2026-07-19 14:37:51.500,2026-07-19 14:37:53.931
bicycle_ID_739,FLUSH,2379,bicycle,630,533,614,534,0.3398,2026-07-19 14:37:53.766,2026-07-19 14:37:53.931
person_ID_1009,FLUSH,2373,person,678,534,645,538,0.3712,2026-07-19 14:37:53.703,2026-07-19 14:37:54.238
person_ID_1010,FLUSH,2378,person,644,514,611,514,0.4612,2026-07-19 14:37:53.736,2026-07-19 14:37:54.335
person_ID_1011,FLUSH,2379,person,605,534,462,546,0.4972,2026-07-19 14:37:53.963,2026-07-19 14:37:55.063
bicycle_ID_737,FLUSH,2374,bicycle,1021,510,454,575,0.5801,2026-07-19 14:37:51.799,2026-07-19 14:37:55.098
car_ID_916,FLUSH,2381,car,1030,443,1025,445,0.3400,2026-07-19 14:38:04.636,2026-07-19 14:38:04.867
truck_ID_63,FLUSH,2381,truck,998,462,995,466,0.3919,2026-07-19 14:38:04.936,2026-07-19 14:38:05.268
truck_ID_64,FLUSH,2382,truck,1001,459,958,476,0.4183,2026-07-19 14:38:04.936,2026-07-19 14:38:05.303
bus_ID_50,FLUSH,2381,bus,1002,458,959,476,0.5927,2026-07-19 14:38:04.902,2026-07-19 14:38:05.767
bus_ID_51,FLUSH,2382,bus,995,466,369,520,0.7830,2026-07-19 14:38:04.968,2026-07-19 14:38:09.099
bus_ID_52,FLUSH,2383,bus,498,518,124,497,0.5236,2026-07-19 14:38:07.864,2026-07-19 14:38:10.801
car_ID_917,FLUSH,2385,car,307,402,307,403,0.3269,2026-07-19 14:38:33.770,2026-07-19 14:38:35.139
car_ID_919,FLUSH,2387,car,342,381,341,381,0.3162,2026-07-19 14:38:37.066,2026-07-19 14:38:39.134
car_ID_920,FLUSH,2388,car,342,381,342,381,0.3290,2026-07-19 14:38:43.334,2026-07-19 14:38:47.902
car_ID_921,FLUSH,2389,car,342,381,342,381,0.3301,2026-07-19 14:38:48.938,2026-07-19 14:38:49.834
car_ID_922,FLUSH,2390,car,341,381,341,381,0.3223,2026-07-19 14:38:50.534,2026-07-19 14:38:56.902
car_ID_923,FLUSH,2391,car,341,381,341,381,0.3332,2026-07-19 14:38:57.634,2026-07-19 14:38:58.836
car_ID_924,FLUSH,2392,car,341,381,340,381,0.3173,2026-07-19 14:38:59.402,2026-07-19 14:39:01.105
car_ID_918,FLUSH,2386,car,306,403,306,402,0.3548,2026-07-19 14:38:35.336,2026-07-19 14:39:02.202
car_ID_926,FLUSH,2394,car,336,381,335,382,0.3187,2026-07-19 14:39:17.574,2026-07-19 14:39:18.509
car_ID_925,FLUSH,2393,car,55,495,1027,430,0.8081,2026-07-19 14:39:16.441,2026-07-19 14:39:20.803
car_ID_927,FLUSH,2395,car,1013,488,360,552,0.8702,2026-07-19 14:39:21.470,2026-07-19 14:39:23.271
car_ID_928,FLUSH,2396,car,1018,491,387,552,0.7770,2026-07-19 14:39:28.874,2026-07-19 14:39:31.077
person_ID_1012,FLUSH,2398,person,1012,503,435,569,0.6480,2026-07-19 14:39:46.205,2026-07-19 14:39:48.842
bicycle_ID_740,FLUSH,2397,bicycle,1010,523,438,596,0.6887,2026-07-19 14:39:46.105,2026-07-19 14:39:48.842
person_ID_1013,FLUSH,2399,person,1016,493,461,564,0.6892,2026-07-19 14:39:46.372,2026-07-19 14:39:49.076
bicycle_ID_741,FLUSH,2400,bicycle,996,515,458,587,0.7674,2026-07-19 14:39:46.505,2026-07-19 14:39:49.076
car_ID_930,FLUSH,2402,car,338,381,337,381,0.3574,2026-07-19 14:39:49.709,2026-07-19 14:39:50.205
car_ID_929,FLUSH,2401,car,1021,486,386,564,0.8713,2026-07-19 14:39:47.641,2026-07-19 14:39:51.337
car_ID_933,FLUSH,2405,car,307,404,307,403,0.3660,2026-07-19 14:40:05.109,2026-07-19 14:40:05.710
car_ID_932,FLUSH,2404,car,334,382,337,381,0.3281,2026-07-19 14:40:05.074,2026-07-19 14:40:05.838
car_ID_931,FLUSH,2403,car,1017,492,394,559,0.7639,2026-07-19 14:40:03.810,2026-07-19 14:40:06.040
car_ID_934,FLUSH,2406,car,337,382,337,382,0.3315,2026-07-19 14:40:10.342,2026-07-19 14:40:10.809
truck_ID_65,FLUSH,2407,truck,480,487,480,487,0.3001,2026-07-19 14:40:17.542,2026-07-19 14:40:17.542
car_ID_937,FLUSH,2409,car,307,404,308,404,0.3255,2026-07-19 14:40:17.015,2026-07-19 14:40:18.038
car_ID_936,FLUSH,2408,car,334,382,335,382,0.3385,2026-07-19 14:40:16.083,2026-07-19 14:40:18.238
car_ID_938,FLUSH,2410,car,780,465,780,465,0.4802,2026-07-19 14:40:18.606,2026-07-19 14:40:18.606
truck_ID_66,FLUSH,2410,truck,666,473,789,464,0.3881,2026-07-19 14:40:18.206,2026-07-19 14:40:19.106
truck_ID_67,FLUSH,2407,truck,780,465,959,446,0.3883,2026-07-19 14:40:18.606,2026-07-19 14:40:19.374
bus_ID_53,FLUSH,2407,bus,975,445,997,440,0.6773,2026-07-19 14:40:19.507,2026-07-19 14:40:19.774
car_ID_935,FLUSH,2407,car,51,494,1032,425,0.7166,2026-07-19 14:40:15.773,2026-07-19 14:40:20.539
car_ID_939,FLUSH,2411,car,307,403,307,403,0.3137,2026-07-19 14:40:23.880,2026-07-19 14:40:24.342
car_ID_941,FLUSH,2415,car,340,381,337,381,0.3293,2026-07-19 14:40:28.740,2026-07-19 14:40:30.207
car_ID_940,FLUSH,2414,car,307,402,307,403,0.3359,2026-07-19 14:40:28.607,2026-07-19 14:40:30.307
bicycle_ID_743,FLUSH,2416,bicycle,846,457,846,457,0.4563,2026-07-19 14:40:32.607,2026-07-19 14:40:33.076
bicycle_ID_742,FLUSH,2412,bicycle,44,483,1018,445,0.7080,2026-07-19 14:40:26.810,2026-07-19 14:40:34.209
person_ID_1014,FLUSH,2413,person,37,468,1030,431,0.6477,2026-07-19 14:40:26.877,2026-07-19 14:40:34.339
car_ID_942,FLUSH,2413,car,1032,434,1032,434,0.6416,2026-07-19 14:40:34.374,2026-07-19 14:40:34.840
person_ID_1015,FLUSH,2417,person,1016,502,460,568,0.6693,2026-07-19 14:40:53.212,2026-07-19 14:40:55.476
bicycle_ID_744,FLUSH,2418,bicycle,1006,526,453,597,0.6353,2026-07-19 14:40:53.247,2026-07-19 14:40:55.508
car_ID_943,FLUSH,2420,car,53,500,1029,435,0.7506,2026-07-19 14:40:54.376,2026-07-19 14:40:58.608
car_ID_944,FLUSH,2421,car,307,402,306,402,0.3403,2026-07-19 14:40:54.908,2026-07-19 14:41:00.282
person_ID_1017,FLUSH,2423,person,198,486,210,481,0.4335,2026-07-19 14:41:31.178,2026-07-19 14:41:31.310
person_ID_1016,FLUSH,2424,person,64,481,137,481,0.4521,2026-07-19 14:41:30.553,2026-07-19 14:41:31.350
person_ID_1018,FLUSH,2425,person,298,481,330,480,0.5458,2026-07-19 14:41:31.711,2026-07-19 14:41:32.312
person_ID_1019,FLUSH,2426,person,367,469,691,456,0.5654,2026-07-19 14:41:32.046,2026-07-19 14:41:34.045
bicycle_ID_745,FLUSH,2423,bicycle,47,487,1014,444,0.5833,2026-07-19 14:41:30.348,2026-07-19 14:41:35.479
person_ID_1020,FLUSH,2427,person,742,455,976,442,0.5019,2026-07-19 14:41:33.879,2026-07-19 14:41:35.678
car_ID_948,FLUSH,2430,car,341,380,342,380,0.3452,2026-07-19 14:41:51.179,2026-07-19 14:41:51.754
car_ID_947,FLUSH,2429,car,1037,383,990,367,0.5971,2026-07-19 14:41:50.912,2026-07-19 14:41:52.215
car_ID_949,FLUSH,2431,car,342,381,342,380,0.3226,2026-07-19 14:41:51.887,2026-07-19 14:41:52.981
car_ID_946,FLUSH,2428,car,78,504,1020,444,0.7632,2026-07-19 14:41:50.751,2026-07-19 14:41:55.411
car_ID_951,FLUSH,2433,car,343,380,342,381,0.3239,2026-07-19 14:42:00.979,2026-07-19 14:42:01.849
car_ID_950,FLUSH,2432,car,77,506,1028,432,0.7501,2026-07-19 14:42:00.183,2026-07-19 14:42:03.979
car_ID_952,FLUSH,2434,car,343,380,343,380,0.3173,2026-07-19 14:42:32.722,2026-07-19 14:42:33.181
car_ID_953,FLUSH,2435,car,343,381,343,381,0.3137,2026-07-19 14:42:53.118,2026-07-19 14:42:53.582
car_ID_945,FLUSH,2422,car,307,401,307,401,0.3440,2026-07-19 14:41:00.782,2026-07-19 14:43:03.819
car_ID_954,FLUSH,2436,car,1024,479,317,537,0.7669,2026-07-19 14:43:03.183,2026-07-19 14:43:05.289
car_ID_955,FLUSH,2437,car,307,401,307,400,0.3616,2026-07-19 14:43:04.121,2026-07-19 14:43:05.289
car_ID_956,FLUSH,2438,car,307,401,307,400,0.3253,2026-07-19 14:43:08.454,2026-07-19 14:43:10.882
car_ID_957,FLUSH,2439,car,307,400,307,401,0.3278,2026-07-19 14:43:12.283,2026-07-19 14:43:18.083
car_ID_958,FLUSH,2440,car,307,400,307,400,0.3305,2026-07-19 14:43:18.383,2026-07-19 14:43:20.924
car_ID_959,FLUSH,2441,car,307,400,306,400,0.3204,2026-07-19 14:43:21.156,2026-07-19 14:43:22.157
car_ID_961,FLUSH,2443,car,53,498,1030,435,0.7907,2026-07-19 14:43:39.822,2026-07-19 14:43:43.952
bicycle_ID_746,FLUSH,2444,bicycle,44,482,51,481,0.5561,2026-07-19 14:43:46.484,2026-07-19 14:43:46.552
person_ID_1021,FLUSH,2444,person,53,475,53,475,0.3957,2026-07-19 14:43:46.656,2026-07-19 14:43:47.123
person_ID_1022,FLUSH,2445,person,135,472,242,466,0.4814,2026-07-19 14:43:47.291,2026-07-19 14:43:48.020
bicycle_ID_748,FLUSH,2446,bicycle,154,494,274,489,0.4803,2026-07-19 14:43:47.388,2026-07-19 14:43:48.285
person_ID_1023,FLUSH,2446,person,299,473,340,471,0.4524,2026-07-19 14:43:48.320,2026-07-19 14:43:49.053
bicycle_ID_747,FLUSH,2445,bicycle,57,488,627,471,0.5054,2026-07-19 14:43:46.623,2026-07-19 14:43:50.921
bicycle_ID_750,FLUSH,2449,bicycle,48,491,54,492,0.5793,2026-07-19 14:43:50.921,2026-07-19 14:43:50.954
person_ID_1024,FLUSH,2447,person,381,467,654,455,0.5698,2026-07-19 14:43:48.884,2026-07-19 14:43:51.120
bicycle_ID_751,FLUSH,2450,bicycle,59,499,112,497,0.6029,2026-07-19 14:43:51.023,2026-07-19 14:43:51.321
bicycle_ID_749,FLUSH,2448,bicycle,469,484,985,436,0.5276,2026-07-19 14:43:49.421,2026-07-19 14:43:53.289
person_ID_1026,FLUSH,2452,person,736,445,1022,425,0.5174,2026-07-19 14:43:51.321,2026-07-19 14:43:53.624
bicycle_ID_753,FLUSH,2453,bicycle,454,489,691,479,0.4029,2026-07-19 14:43:53.191,2026-07-19 14:43:55.052
bicycle_ID_756,FLUSH,2457,bicycle,912,459,955,457,0.4919,2026-07-19 14:43:56.253,2026-07-19 14:43:56.555
bicycle_ID_754,FLUSH,2455,bicycle,50,490,180,493,0.4702,2026-07-19 14:43:55.786,2026-07-19 14:43:56.686
person_ID_1027,FLUSH,2454,person,43,475,217,481,0.5670,2026-07-19 14:43:55.754,2026-07-19 14:43:56.885
bicycle_ID_755,FLUSH,2456,bicycle,70,492,153,494,0.4219,2026-07-19 14:43:55.954,2026-07-19 14:43:56.954
bicycle_ID_752,FLUSH,2451,bicycle,118,497,1000,452,0.5676,2026-07-19 14:43:51.354,2026-07-19 14:43:57.057
person_ID_1029,FLUSH,2451,person,1027,434,1027,434,0.4527,2026-07-19 14:43:57.285,2026-07-19 14:43:57.285
person_ID_1025,FLUSH,2449,person,51,487,1014,437,0.5916,2026-07-19 14:43:50.986,2026-07-19 14:43:57.586
car_ID_962,FLUSH,2451,car,1031,437,1031,437,0.3279,2026-07-19 14:43:57.420,2026-07-19 14:43:57.885
bicycle_ID_758,FLUSH,2458,bicycle,398,489,568,478,0.5561,2026-07-19 14:43:57.885,2026-07-19 14:43:59.289
bicycle_ID_759,FLUSH,2459,bicycle,646,469,933,447,0.4491,2026-07-19 14:43:59.289,2026-07-19 14:44:01.253
bicycle_ID_757,FLUSH,2454,bicycle,226,491,981,436,0.5375,2026-07-19 14:43:56.921,2026-07-19 14:44:01.652
person_ID_1028,FLUSH,2455,person,221,484,1012,426,0.5680,2026-07-19 14:43:56.954,2026-07-19 14:44:02.353
car_ID_963,FLUSH,2460,car,40,461,40,461,0.4278,2026-07-19 14:44:18.655,2026-07-19 14:44:18.655
truck_ID_68,FLUSH,2460,truck,66,475,100,478,0.3855,2026-07-19 14:44:18.791,2026-07-19 14:44:18.992
bus_ID_55,FLUSH,2461,bus,85,476,85,476,0.4127,2026-07-19 14:44:18.955,2026-07-19 14:44:18.992
truck_ID_69,FLUSH,2461,truck,75,505,75,505,0.3145,2026-07-19 14:44:19.030,2026-07-19 14:44:19.496
car_ID_960,FLUSH,2442,car,307,401,307,401,0.3505,2026-07-19 14:43:22.454,2026-07-19 14:44:19.726
bicycle_ID_760,FLUSH,2462,bicycle,1020,522,1020,522,0.3458,2026-07-19 14:44:19.759,2026-07-19 14:44:19.759
bicycle_ID_762,FLUSH,2464,bicycle,982,529,982,529,0.5490,2026-07-19 14:44:19.993,2026-07-19 14:44:20.458
bus_ID_56,FLUSH,2465,bus,365,467,460,464,0.7960,2026-07-19 14:44:20.493,2026-07-19 14:44:21.289
car_ID_965,FLUSH,2467,car,343,380,343,381,0.3452,2026-07-19 14:44:21.389,2026-07-19 14:44:21.954
car_ID_966,FLUSH,2468,car,466,411,489,407,0.3095,2026-07-19 14:44:21.554,2026-07-19 14:44:22.054
person_ID_1030,FLUSH,2462,person,1013,506,468,574,0.7222,2026-07-19 14:44:19.827,2026-07-19 14:44:22.089
bicycle_ID_761,FLUSH,2463,bicycle,1007,521,425,604,0.7100,2026-07-19 14:44:19.858,2026-07-19 14:44:22.222
bus_ID_57,FLUSH,2469,bus,979,431,1001,427,0.7008,2026-07-19 14:44:22.222,2026-07-19 14:44:22.822
bus_ID_54,FLUSH,2460,bus,52,468,1013,415,0.7970,2026-07-19 14:44:18.690,2026-07-19 14:44:23.822
bicycle_ID_763,FLUSH,2470,bicycle,1015,516,1015,516,0.3636,2026-07-19 14:44:40.355,2026-07-19 14:44:40.355
bicycle_ID_764,FLUSH,2471,bicycle,1002,529,909,547,0.4918,2026-07-19 14:44:40.455,2026-07-19 14:44:41.390
bicycle_ID_766,FLUSH,2473,bicycle,668,580,625,582,0.5124,2026-07-19 14:44:41.855,2026-07-19 14:44:41.990
person_ID_1031,FLUSH,2470,person,1010,511,466,573,0.6537,2026-07-19 14:44:40.423,2026-07-19 14:44:42.990
bicycle_ID_765,FLUSH,2472,bicycle,981,532,456,590,0.6741,2026-07-19 14:44:40.590,2026-07-19 14:44:43.023
person_ID_1033,FLUSH,2476,person,1016,499,1016,499,0.3743,2026-07-19 14:45:07.195,2026-07-19 14:45:07.195
bicycle_ID_768,FLUSH,2477,bicycle,1002,525,756,555,0.5420,2026-07-19 14:45:07.260,2026-07-19 14:45:08.959
person_ID_1032,FLUSH,2475,person,1011,504,455,556,0.7216,2026-07-19 14:45:07.195,2026-07-19 14:45:10.256
bicycle_ID_767,FLUSH,2476,bicycle,1001,526,459,575,0.6695,2026-07-19 14:45:07.260,2026-07-19 14:45:10.256
car_ID_967,FLUSH,2478,car,343,381,342,381,0.3054,2026-07-19 14:45:22.492,2026-07-19 14:45:23.258
car_ID_968,FLUSH,2479,car,343,381,343,381,0.3030,2026-07-19 14:45:26.089,2026-07-19 14:45:26.557
car_ID_969,FLUSH,2480,car,343,381,343,381,0.3208,2026-07-19 14:45:29.761,2026-07-19 14:45:30.231
car_ID_970,FLUSH,2481,car,342,381,343,381,0.3203,2026-07-19 14:45:31.462,2026-07-19 14:45:32.126
car_ID_971,FLUSH,2482,car,343,382,343,382,0.3101,2026-07-19 14:45:32.757,2026-07-19 14:45:33.225
person_ID_1034,FLUSH,2484,person,98,482,98,482,0.3743,2026-07-19 14:46:22.700,2026-07-19 14:46:23.167
person_ID_1035,FLUSH,2483,person,158,484,232,476,0.4718,2026-07-19 14:46:22.967,2026-07-19 14:46:23.431
bicycle_ID_769,FLUSH,2483,bicycle,42,484,251,484,0.4078,2026-07-19 14:46:22.236,2026-07-19 14:46:23.932
person_ID_1036,FLUSH,2486,person,302,485,314,483,0.5146,2026-07-19 14:46:23.775,2026-07-19 14:46:24.263
car_ID_972,FLUSH,2488,car,343,381,343,381,0.3386,2026-07-19 14:46:24.229,2026-07-19 14:46:24.698
car_ID_973,FLUSH,2489,car,342,381,342,381,0.3137,2026-07-19 14:46:27.133,2026-07-19 14:46:27.596
person_ID_1039,FLUSH,2485,person,994,441,994,441,0.3779,2026-07-19 14:46:27.628,2026-07-19 14:46:27.665
bicycle_ID_770,FLUSH,2485,bicycle,172,497,1012,442,0.5909,2026-07-19 14:46:23.067,2026-07-19 14:46:27.765
person_ID_1037,FLUSH,2487,person,342,484,972,441,0.4597,2026-07-19 14:46:23.966,2026-07-19 14:46:27.928
person_ID_1040,FLUSH,2491,person,1006,438,1006,438,0.3672,2026-07-19 14:46:27.729,2026-07-19 14:46:28.196
car_ID_975,FLUSH,2493,car,109,529,109,529,0.3377,2026-07-19 14:46:28.902,2026-07-19 14:46:29.369
car_ID_974,FLUSH,2492,car,341,381,342,381,0.3329,2026-07-19 14:46:28.730,2026-07-19 14:46:30.637
car_ID_976,FLUSH,2494,car,443,535,1028,452,0.8185,2026-07-19 14:46:29.633,2026-07-19 14:46:31.829
car_ID_977,FLUSH,2497,car,342,381,342,382,0.3386,2026-07-19 14:46:31.728,2026-07-19 14:46:32.228
person_ID_1038,FLUSH,2490,person,36,463,1032,416,0.6488,2026-07-19 14:46:27.296,2026-07-19 14:46:33.864
car_ID_978,FLUSH,2499,car,980,361,1037,375,0.6415,2026-07-19 14:46:44.496,2026-07-19 14:46:46.135
car_ID_979,FLUSH,2500,car,341,382,342,381,0.3279,2026-07-19 14:46:48.297,2026-07-19 14:46:49.099
bicycle_ID_772,FLUSH,2503,bicycle,104,475,104,475,0.3743,2026-07-19 14:46:53.738,2026-07-19 14:46:54.204
car_ID_980,FLUSH,2504,car,341,381,341,381,0.3101,2026-07-19 14:46:54.271,2026-07-19 14:46:54.730
car_ID_982,FLUSH,2506,car,342,381,341,381,0.3066,2026-07-19 14:46:55.798,2026-07-19 14:46:56.400
car_ID_983,FLUSH,2508,car,343,382,343,382,0.3315,2026-07-19 14:46:56.631,2026-07-19 14:46:57.098
bicycle_ID_771,FLUSH,2501,bicycle,41,466,547,478,0.5596,2026-07-19 14:46:53.170,2026-07-19 14:46:57.266
car_ID_981,FLUSH,2505,car,1022,468,379,550,0.8235,2026-07-19 14:46:55.030,2026-07-19 14:46:57.299
car_ID_984,FLUSH,2510,car,342,382,342,382,0.3279,2026-07-19 14:46:58.565,2026-07-19 14:46:59.036
truck_ID_70,FLUSH,2511,truck,247,495,247,495,0.4727,2026-07-19 14:47:00.102,2026-07-19 14:47:00.102
bicycle_ID_773,FLUSH,2507,bicycle,431,484,1010,442,0.5852,2026-07-19 14:46:56.100,2026-07-19 14:47:00.268
person_ID_1041,FLUSH,2502,person,46,459,1013,431,0.5330,2026-07-19 14:46:53.301,2026-07-19 14:47:00.765
person_ID_1042,FLUSH,2513,person,1021,366,1019,366,0.3881,2026-07-19 14:47:00.765,2026-07-19 14:47:01.266
car_ID_986,FLUSH,2512,car,341,381,342,381,0.3338,2026-07-19 14:46:59.266,2026-07-19 14:47:01.465
bus_ID_58,FLUSH,2511,bus,991,451,1007,443,0.4991,2026-07-19 14:47:02.998,2026-07-19 14:47:03.165
car_ID_985,FLUSH,2511,car,53,487,1028,436,0.7693,2026-07-19 14:46:59.165,2026-07-19 14:47:03.866
person_ID_1043,FLUSH,2515,person,65,463,73,464,0.4197,2026-07-19 14:47:17.531,2026-07-19 14:47:17.630
person_ID_1045,FLUSH,2514,person,66,483,74,483,0.4616,2026-07-19 14:47:17.966,2026-07-19 14:47:18.068
person_ID_1044,FLUSH,2516,person,96,466,148,469,0.3587,2026-07-19 14:47:17.866,2026-07-19 14:47:18.731
bicycle_ID_775,FLUSH,2515,bicycle,85,475,202,486,0.4358,2026-07-19 14:47:17.665,2026-07-19 14:47:18.767
bicycle_ID_774,FLUSH,2514,bicycle,44,470,131,489,0.3913,2026-07-19 14:47:17.266,2026-07-19 14:47:18.900
person_ID_1046,FLUSH,2517,person,177,469,193,467,0.3565,2026-07-19 14:47:18.531,2026-07-19 14:47:19.107
person_ID_1047,FLUSH,2515,person,183,485,213,484,0.3783,2026-07-19 14:47:18.799,2026-07-19 14:47:19.602
car_ID_987,FLUSH,2519,car,343,381,341,381,0.3480,2026-07-19 14:47:19.435,2026-07-19 14:47:20.030
bicycle_ID_777,FLUSH,2521,bicycle,537,465,537,465,0.3030,2026-07-19 14:47:21.269,2026-07-19 14:47:21.269
car_ID_988,FLUSH,2520,car,999,367,1036,380,0.4310,2026-07-19 14:47:20.266,2026-07-19 14:47:22.499
bicycle_ID_778,FLUSH,2522,bicycle,730,464,730,464,0.4848,2026-07-19 14:47:22.904,2026-07-19 14:47:23.366
bicycle_ID_779,FLUSH,2521,bicycle,789,449,789,449,0.4099,2026-07-19 14:47:23.400,2026-07-19 14:47:23.432
bicycle_ID_776,FLUSH,2518,bicycle,270,479,893,448,0.5786,2026-07-19 14:47:19.404,2026-07-19 14:47:24.432
bicycle_ID_780,FLUSH,2523,bicycle,846,451,998,434,0.5281,2026-07-19 14:47:23.967,2026-07-19 14:47:25.732
person_ID_1048,FLUSH,2521,person,537,467,1001,419,0.4470,2026-07-19 14:47:21.302,2026-07-19 14:47:26.266
person_ID_1049,FLUSH,2525,person,1027,413,1029,412,0.3695,2026-07-19 14:47:26.231,2026-07-19 14:47:26.299
car_ID_990,FLUSH,2525,car,1031,416,1033,418,0.3384,2026-07-19 14:47:26.331,2026-07-19 14:47:26.867
bicycle_ID_781,FLUSH,2526,bicycle,241,489,241,489,0.3030,2026-07-19 14:47:28.031,2026-07-19 14:47:28.200
person_ID_1050,FLUSH,2527,person,43,465,254,468,0.4570,2026-07-19 14:47:27.099,2026-07-19 14:47:28.667
bicycle_ID_782,FLUSH,2529,bicycle,418,476,418,476,0.3458,2026-07-19 14:47:28.934,2026-07-19 14:47:28.934
car_ID_989,FLUSH,2524,car,1023,483,441,547,0.8305,2026-07-19 14:47:25.999,2026-07-19 14:47:29.267
car_ID_991,FLUSH,2528,car,342,381,342,381,0.3249,2026-07-19 14:47:28.234,2026-07-19 14:47:29.399
person_ID_1051,FLUSH,2529,person,311,468,683,446,0.4694,2026-07-19 14:47:28.499,2026-07-19 14:47:30.900
person_ID_1052,FLUSH,2530,person,707,447,965,436,0.4448,2026-07-19 14:47:30.600,2026-07-19 14:47:32.634
bicycle_ID_784,FLUSH,2533,bicycle,985,518,985,518,0.3672,2026-07-19 14:47:52.041,2026-07-19 14:47:52.504
person_ID_1053,FLUSH,2531,person,1015,496,468,559,0.7065,2026-07-19 14:47:51.874,2026-07-19 14:47:54.101
bicycle_ID_783,FLUSH,2532,bicycle,1002,513,435,571,0.6570,2026-07-19 14:47:51.941,2026-07-19 14:47:54.201
bicycle_ID_785,FLUSH,2534,bicycle,1014,517,1014,517,0.3529,2026-07-19 14:48:26.043,2026-07-19 14:48:26.043
person_ID_1054,FLUSH,2534,person,1012,512,471,582,0.7367,2026-07-19 14:48:26.076,2026-07-19 14:48:28.503
bicycle_ID_786,FLUSH,2535,bicycle,1003,531,474,603,0.7475,2026-07-19 14:48:26.106,2026-07-19 14:48:28.503
bicycle_ID_787,FLUSH,2537,bicycle,1018,480,1018,480,0.3779,2026-07-19 14:48:35.437,2026-07-19 14:48:35.437
person_ID_1055,FLUSH,2537,person,1008,478,427,522,0.6664,2026-07-19 14:48:35.502,2026-07-19 14:48:38.402
bicycle_ID_788,FLUSH,2538,bicycle,1005,492,371,540,0.6530,2026-07-19 14:48:35.537,2026-07-19 14:48:38.603
car_ID_992,FLUSH,2539,car,1016,480,413,547,0.7834,2026-07-19 14:48:38.470,2026-07-19 14:48:40.776
car_ID_993,FLUSH,2541,car,56,502,1027,434,0.7936,2026-07-19 14:48:52.071,2026-07-19 14:48:56.407
car_ID_996,FLUSH,2544,car,343,380,344,380,0.3418,2026-07-19 14:49:00.307,2026-07-19 14:49:00.943
car_ID_995,FLUSH,2543,car,1011,493,377,559,0.7564,2026-07-19 14:48:59.909,2026-07-19 14:49:02.244
car_ID_994,FLUSH,2542,car,50,492,1028,428,0.7736,2026-07-19 14:48:59.304,2026-07-19 14:49:03.039
person_ID_1056,FLUSH,2545,person,1013,510,457,571,0.6439,2026-07-19 14:49:12.572,2026-07-19 14:49:14.572
bicycle_ID_789,FLUSH,2546,bicycle,1010,527,457,589,0.6884,2026-07-19 14:49:12.572,2026-07-19 14:49:14.972
bicycle_ID_790,FLUSH,2545,bicycle,435,577,435,577,0.3779,2026-07-19 14:49:14.608,2026-07-19 14:49:15.073
car_ID_998,FLUSH,2548,car,344,381,343,381,0.3493,2026-07-19 14:49:38.141,2026-07-19 14:49:38.875
car_ID_999,FLUSH,2549,car,590,478,987,439,0.5851,2026-07-19 14:49:38.812,2026-07-19 14:49:40.379
truck_ID_72,FLUSH,2547,truck,591,478,1002,435,0.4369,2026-07-19 14:49:38.812,2026-07-19 14:49:40.512
truck_ID_71,FLUSH,2549,truck,499,485,991,437,0.4654,2026-07-19 14:49:38.578,2026-07-19 14:49:40.875
car_ID_997,FLUSH,2547,car,60,501,1031,421,0.6829,2026-07-19 14:49:37.143,2026-07-19 14:49:41.275
car_ID_964,FLUSH,2466,car,307,402,307,401,0.3807,2026-07-19 14:44:21.322,2026-07-19 14:50:08.743
car_ID_1000,FLUSH,2550,car,307,400,307,400,0.3353,2026-07-19 14:50:08.974,2026-07-19 14:50:19.878
bicycle_ID_791,FLUSH,2552,bicycle,50,472,198,479,0.4586,2026-07-19 14:50:26.375,2026-07-19 14:50:27.576
person_ID_1057,FLUSH,2553,person,70,462,398,460,0.3829,2026-07-19 14:50:26.511,2026-07-19 14:50:27.976
bicycle_ID_793,FLUSH,2554,bicycle,401,471,401,471,0.3458,2026-07-19 14:50:28.044,2026-07-19 14:50:28.511
person_ID_1058,FLUSH,2555,person,459,457,459,457,0.3351,2026-07-19 14:50:28.276,2026-07-19 14:50:28.744
person_ID_1059,FLUSH,2556,person,496,452,496,452,0.3957,2026-07-19 14:50:28.476,2026-07-19 14:50:28.944
bicycle_ID_794,FLUSH,2557,bicycle,557,464,557,464,0.4028,2026-07-19 14:50:28.744,2026-07-19 14:50:29.211
person_ID_1060,FLUSH,2558,person,647,449,647,449,0.3137,2026-07-19 14:50:29.111,2026-07-19 14:50:29.578
person_ID_1062,FLUSH,2559,person,754,445,789,439,0.3784,2026-07-19 14:50:29.616,2026-07-19 14:50:29.848
person_ID_1061,FLUSH,2560,person,707,442,707,442,0.3173,2026-07-19 14:50:29.417,2026-07-19 14:50:29.880
bicycle_ID_795,FLUSH,2559,bicycle,700,452,807,449,0.3779,2026-07-19 14:50:29.417,2026-07-19 14:50:29.880
person_ID_1063,FLUSH,2553,person,814,441,821,439,0.4087,2026-07-19 14:50:29.918,2026-07-19 14:50:29.980
bicycle_ID_796,FLUSH,2561,bicycle,869,441,892,441,0.3486,2026-07-19 14:50:30.251,2026-07-19 14:50:30.417
car_ID_1001,FLUSH,2551,car,307,400,307,400,0.3380,2026-07-19 14:50:20.211,2026-07-19 14:50:30.649
person_ID_1064,FLUSH,2561,person,915,431,944,429,0.4171,2026-07-19 14:50:30.452,2026-07-19 14:50:31.080
bicycle_ID_797,FLUSH,2562,bicycle,982,428,982,428,0.3565,2026-07-19 14:50:30.914,2026-07-19 14:50:31.381
bicycle_ID_792,FLUSH,2553,bicycle,279,474,992,427,0.4672,2026-07-19 14:50:27.476,2026-07-19 14:50:31.416
car_ID_1002,FLUSH,2563,car,307,400,307,400,0.3421,2026-07-19 14:50:30.949,2026-07-19 14:50:32.315
car_ID_1003,FLUSH,2564,car,307,400,307,400,0.3386,2026-07-19 14:50:33.948,2026-07-19 14:50:34.415
car_ID_1004,FLUSH,2565,car,307,400,307,400,0.3173,2026-07-19 14:50:34.648,2026-07-19 14:50:35.118
car_ID_1005,FLUSH,2566,car,307,400,307,400,0.3279,2026-07-19 14:50:35.749,2026-07-19 14:50:37.476
car_ID_1006,FLUSH,2567,car,307,400,307,400,0.3328,2026-07-19 14:50:38.544,2026-07-19 14:50:40.378
person_ID_1065,FLUSH,2568,person,979,399,976,397,0.3637,2026-07-19 14:50:41.281,2026-07-19 14:50:41.551
car_ID_1007,FLUSH,2569,car,307,400,307,399,0.3230,2026-07-19 14:50:41.650,2026-07-19 14:50:44.513
person_ID_1066,FLUSH,2570,person,958,394,876,401,0.3738,2026-07-19 14:50:42.177,2026-07-19 14:50:48.149
car_ID_1008,FLUSH,2571,car,307,400,307,400,0.3455,2026-07-19 14:50:44.877,2026-07-19 14:50:51.214
car_ID_1009,FLUSH,2573,car,307,400,308,400,0.3113,2026-07-19 14:50:56.480,2026-07-19 14:50:57.380
bicycle_ID_798,FLUSH,2574,bicycle,50,477,86,482,0.4705,2026-07-19 14:51:02.050,2026-07-19 14:51:02.319
bicycle_ID_800,FLUSH,2576,bicycle,260,480,260,480,0.3600,2026-07-19 14:51:03.113,2026-07-19 14:51:03.113
person_ID_1068,FLUSH,2576,person,67,470,262,476,0.5101,2026-07-19 14:51:02.217,2026-07-19 14:51:03.615
bicycle_ID_799,FLUSH,2575,bicycle,55,480,458,482,0.4586,2026-07-19 14:51:02.117,2026-07-19 14:51:04.046
bicycle_ID_802,FLUSH,2578,bicycle,674,454,674,454,0.3529,2026-07-19 14:51:05.081,2026-07-19 14:51:05.081
car_ID_1010,FLUSH,2577,car,307,401,307,401,0.3550,2026-07-19 14:51:03.213,2026-07-19 14:51:05.614
bicycle_ID_801,FLUSH,2579,bicycle,350,481,863,439,0.4646,2026-07-19 14:51:03.546,2026-07-19 14:51:06.613
bicycle_ID_803,FLUSH,2578,bicycle,867,436,951,434,0.4376,2026-07-19 14:51:06.182,2026-07-19 14:51:06.714
person_ID_1067,FLUSH,2572,person,876,403,982,421,0.3726,2026-07-19 14:50:49.713,2026-07-19 14:51:07.013
person_ID_1069,FLUSH,2578,person,306,471,1013,419,0.4663,2026-07-19 14:51:03.381,2026-07-19 14:51:07.114
car_ID_1011,FLUSH,2581,car,307,400,307,400,0.3779,2026-07-19 14:51:07.246,2026-07-19 14:51:07.716
car_ID_1012,FLUSH,2578,car,1033,420,1033,420,0.4064,2026-07-19 14:51:07.346,2026-07-19 14:51:07.813
person_ID_1070,FLUSH,2580,person,877,400,760,411,0.4065,2026-07-19 14:51:06.382,2026-07-19 14:51:21.820
bicycle_ID_804,FLUSH,2584,bicycle,44,476,44,476,0.5917,2026-07-19 14:51:26.182,2026-07-19 14:51:26.182
person_ID_1071,FLUSH,2582,person,683,419,616,425,0.3972,2026-07-19 14:51:24.314,2026-07-19 14:51:26.952
bicycle_ID_806,FLUSH,2586,bicycle,118,490,118,490,0.4064,2026-07-19 14:51:26.746,2026-07-19 14:51:27.215
car_ID_1013,FLUSH,2583,car,307,401,307,400,0.3560,2026-07-19 14:51:25.982,2026-07-19 14:51:27.247
bicycle_ID_805,FLUSH,2585,bicycle,50,478,276,495,0.5635,2026-07-19 14:51:26.282,2026-07-19 14:51:27.815
person_ID_1072,FLUSH,2584,person,51,471,267,483,0.5190,2026-07-19 14:51:26.282,2026-07-19 14:51:27.882
person_ID_1074,FLUSH,2589,person,1017,493,452,571,0.6463,2026-07-19 14:51:27.547,2026-07-19 14:51:30.547
bicycle_ID_807,FLUSH,2588,bicycle,1019,511,438,587,0.7315,2026-07-19 14:51:27.447,2026-07-19 14:51:30.615
bicycle_ID_809,FLUSH,2590,bicycle,445,491,820,473,0.5336,2026-07-19 14:51:28.815,2026-07-19 14:51:31.047
person_ID_1073,FLUSH,2587,person,583,423,479,426,0.4954,2026-07-19 14:51:27.447,2026-07-19 14:51:31.082
bicycle_ID_810,FLUSH,2585,bicycle,864,463,864,463,0.3707,2026-07-19 14:51:31.347,2026-07-19 14:51:31.447
bicycle_ID_808,FLUSH,2584,bicycle,294,495,980,450,0.5965,2026-07-19 14:51:27.914,2026-07-19 14:51:32.219
person_ID_1075,FLUSH,2585,person,297,484,942,450,0.5374,2026-07-19 14:51:27.947,2026-07-19 14:51:32.386
person_ID_1076,FLUSH,2591,person,449,426,433,425,0.4109,2026-07-19 14:51:31.647,2026-07-19 14:51:32.720
car_ID_1014,FLUSH,2584,car,1027,442,1033,441,0.4194,2026-07-19 14:51:32.687,2026-07-19 14:51:33.250
person_ID_1077,FLUSH,2592,person,374,424,361,424,0.3469,2026-07-19 14:51:34.351,2026-07-19 14:51:35.558
car_ID_1015,FLUSH,2595,car,310,402,305,403,0.3701,2026-07-19 14:51:40.582,2026-07-19 14:51:41.447
person_ID_1078,FLUSH,2596,person,237,426,236,425,0.3560,2026-07-19 14:51:44.051,2026-07-19 14:51:44.551
car_ID_1016,FLUSH,2598,car,307,401,307,401,0.3458,2026-07-19 14:51:45.051,2026-07-19 14:51:45.751
person_ID_1079,FLUSH,2597,person,205,427,158,427,0.3771,2026-07-19 14:51:45.087,2026-07-19 14:51:46.786
car_ID_1017,FLUSH,2599,car,307,400,308,401,0.3369,2026-07-19 14:51:46.316,2026-07-19 14:51:47.084
person_ID_1080,FLUSH,2600,person,128,427,102,427,0.3963,2026-07-19 14:51:47.848,2026-07-19 14:51:48.716
person_ID_1081,FLUSH,2603,person,67,426,48,429,0.4420,2026-07-19 14:51:49.983,2026-07-19 14:51:51.088
car_ID_1018,FLUSH,2601,car,307,400,307,401,0.3634,2026-07-19 14:51:48.748,2026-07-19 14:51:52.849
car_ID_1022,FLUSH,2606,car,1021,516,1011,516,0.4759,2026-07-19 14:51:54.449,2026-07-19 14:51:54.616
bicycle_ID_811,FLUSH,2606,bicycle,1001,512,1001,512,0.3101,2026-07-19 14:51:54.648,2026-07-19 14:51:54.716
car_ID_1019,FLUSH,2602,car,49,502,1033,432,0.8371,2026-07-19 14:51:48.783,2026-07-19 14:51:55.348
bicycle_ID_812,FLUSH,2608,bicycle,909,541,909,541,0.3351,2026-07-19 14:51:55.148,2026-07-19 14:51:55.616
car_ID_1021,FLUSH,2605,car,307,400,307,400,0.3669,2026-07-19 14:51:53.516,2026-07-19 14:51:56.550
bicycle_ID_813,FLUSH,2607,bicycle,696,558,423,574,0.4826,2026-07-19 14:51:55.920,2026-07-19 14:51:57.353
person_ID_1082,FLUSH,2606,person,1006,504,400,549,0.7055,2026-07-19 14:51:54.748,2026-07-19 14:51:57.453
car_ID_1020,FLUSH,2604,car,56,489,1031,432,0.8362,2026-07-19 14:51:53.384,2026-07-19 14:51:58.120
person_ID_1083,FLUSH,2609,person,73,543,73,543,0.5276,2026-07-19 14:51:58.087,2026-07-19 14:51:58.551
person_ID_1084,FLUSH,2611,person,1002,501,478,572,0.5772,2026-07-19 14:52:27.149,2026-07-19 14:52:29.022
bicycle_ID_814,FLUSH,2610,bicycle,1000,518,466,593,0.6652,2026-07-19 14:52:27.117,2026-07-19 14:52:29.053
car_ID_1023,FLUSH,2612,car,307,400,307,400,0.3101,2026-07-19 14:52:36.153,2026-07-19 14:52:36.623
car_ID_1024,FLUSH,2613,car,307,400,307,401,0.3322,2026-07-19 14:52:41.453,2026-07-19 14:52:42.386
person_ID_1085,FLUSH,2615,person,1017,494,430,562,0.7414,2026-07-19 14:52:48.958,2026-07-19 14:52:52.720
bicycle_ID_815,FLUSH,2614,bicycle,1020,517,437,588,0.7861,2026-07-19 14:52:48.828,2026-07-19 14:52:52.720
person_ID_1086,FLUSH,2617,person,1008,519,429,576,0.7234,2026-07-19 14:52:50.754,2026-07-19 14:52:54.292
bicycle_ID_816,FLUSH,2616,bicycle,1018,537,438,599,0.7629,2026-07-19 14:52:50.519,2026-07-19 14:52:54.292
car_ID_1025,FLUSH,2618,car,1024,379,999,368,0.3817,2026-07-19 14:52:55.358,2026-07-19 14:52:56.225
car_ID_1026,FLUSH,2619,car,307,400,307,400,0.3386,2026-07-19 14:53:02.520,2026-07-19 14:53:02.990
car_ID_1027,FLUSH,2620,car,307,401,308,400,0.3770,2026-07-19 14:53:32.595,2026-07-19 14:53:33.365
car_ID_1028,FLUSH,2621,car,307,400,307,401,0.3790,2026-07-19 14:53:48.889,2026-07-19 14:53:50.789
car_ID_1029,FLUSH,2622,car,81,508,1031,437,0.7614,2026-07-19 14:53:48.921,2026-07-19 14:53:51.924
car_ID_1030,FLUSH,2623,car,307,400,307,400,0.3529,2026-07-19 14:54:12.395,2026-07-19 14:54:12.861
car_ID_1031,FLUSH,2624,car,307,401,307,401,0.3066,2026-07-19 14:54:20.490,2026-07-19 14:54:20.964
car_ID_1032,FLUSH,2625,car,96,521,116,521,0.3614,2026-07-19 14:54:22.794,2026-07-19 14:54:23.364
car_ID_1034,FLUSH,2627,car,307,401,307,401,0.3411,2026-07-19 14:54:23.965,2026-07-19 14:54:24.891
car_ID_1033,FLUSH,2626,car,340,526,997,452,0.7449,2026-07-19 14:54:23.494,2026-07-19 14:54:25.449
truck_ID_73,FLUSH,2629,truck,924,468,924,468,0.3151,2026-07-19 14:54:48.329,2026-07-19 14:54:48.329
car_ID_1036,FLUSH,2630,car,307,400,307,401,0.3457,2026-07-19 14:54:46.266,2026-07-19 14:54:48.427
car_ID_1035,FLUSH,2629,car,89,512,1030,440,0.6947,2026-07-19 14:54:45.833,2026-07-19 14:54:49.495
bicycle_ID_817,FLUSH,2631,bicycle,1014,510,1014,510,0.4491,2026-07-19 14:55:16.261,2026-07-19 14:55:16.261
person_ID_1087,FLUSH,2631,person,1013,500,460,566,0.6926,2026-07-19 14:55:16.293,2026-07-19 14:55:18.834
bicycle_ID_818,FLUSH,2632,bicycle,1006,516,459,588,0.8046,2026-07-19 14:55:16.329,2026-07-19 14:55:18.834
person_ID_1088,FLUSH,2633,person,62,437,167,501,0.4702,2026-07-19 14:55:22.934,2026-07-19 14:55:31.535
car_ID_1037,FLUSH,2635,car,307,401,307,401,0.3351,2026-07-19 14:55:33.294,2026-07-19 14:55:33.763
car_ID_1038,FLUSH,2636,car,307,401,307,400,0.3563,2026-07-19 14:55:37.837,2026-07-19 14:55:38.568
person_ID_1090,FLUSH,2638,person,47,472,252,467,0.6510,2026-07-19 14:55:38.536,2026-07-19 14:55:39.995
bicycle_ID_819,FLUSH,2637,bicycle,45,478,227,487,0.6324,2026-07-19 14:55:38.334,2026-07-19 14:55:40.230
bicycle_ID_822,FLUSH,2641,bicycle,57,481,62,483,0.5757,2026-07-19 14:55:40.434,2026-07-19 14:55:40.469
person_ID_1093,FLUSH,2643,person,59,467,59,467,0.5240,2026-07-19 14:55:40.536,2026-07-19 14:55:40.536
bicycle_ID_823,FLUSH,2643,bicycle,73,483,73,483,0.6131,2026-07-19 14:55:40.567,2026-07-19 14:55:41.033
car_ID_1039,FLUSH,2639,car,307,400,307,401,0.3493,2026-07-19 14:55:40.130,2026-07-19 14:55:41.734
person_ID_1095,FLUSH,2645,person,425,416,425,416,0.3279,2026-07-19 14:55:41.863,2026-07-19 14:55:42.330
person_ID_1091,FLUSH,2641,person,46,468,255,465,0.5267,2026-07-19 14:55:40.396,2026-07-19 14:55:42.363
car_ID_1040,FLUSH,2646,car,307,401,307,401,0.3465,2026-07-19 14:55:42.032,2026-07-19 14:55:44.068
bicycle_ID_821,FLUSH,2640,bicycle,42,480,533,478,0.6653,2026-07-19 14:55:40.230,2026-07-19 14:55:44.200
car_ID_1041,FLUSH,2649,car,308,401,306,402,0.3759,2026-07-19 14:55:44.300,2026-07-19 14:55:45.132
person_ID_1092,FLUSH,2642,person,326,468,1029,423,0.5726,2026-07-19 14:55:40.469,2026-07-19 14:55:45.930
bicycle_ID_820,FLUSH,2638,bicycle,279,477,1025,438,0.6674,2026-07-19 14:55:40.030,2026-07-19 14:55:45.930
bicycle_ID_824,FLUSH,2648,bicycle,436,483,997,438,0.6418,2026-07-19 14:55:43.131,2026-07-19 14:55:47.363
person_ID_1094,FLUSH,2644,person,529,633,1012,568,0.6825,2026-07-19 14:55:40.536,2026-07-19 14:55:47.730
person_ID_1096,FLUSH,2647,person,301,472,1012,423,0.5792,2026-07-19 14:55:42.233,2026-07-19 14:55:47.931
car_ID_1042,FLUSH,2650,car,307,402,306,401,0.3476,2026-07-19 14:55:46.230,2026-07-19 14:55:48.297
bicycle_ID_826,FLUSH,2634,bicycle,102,438,101,438,0.3725,2026-07-19 14:55:49.868,2026-07-19 14:55:49.902
car_ID_1043,FLUSH,2653,car,307,401,307,401,0.3707,2026-07-19 14:55:49.840,2026-07-19 14:55:50.300
bicycle_ID_825,FLUSH,2651,bicycle,1016,511,429,573,0.6972,2026-07-19 14:55:48.365,2026-07-19 14:55:50.999
person_ID_1097,FLUSH,2652,person,1019,491,378,552,0.6336,2026-07-19 14:55:48.396,2026-07-19 14:55:51.134
person_ID_1098,FLUSH,2654,person,26,416,27,419,0.4145,2026-07-19 14:55:50.571,2026-07-19 14:55:52.563
car_ID_1044,FLUSH,2655,car,307,401,306,401,0.3555,2026-07-19 14:55:55.564,2026-07-19 14:55:57.896
person_ID_1101,FLUSH,2659,person,426,415,427,416,0.3760,2026-07-19 14:56:01.864,2026-07-19 14:56:02.401
car_ID_1045,FLUSH,2658,car,308,401,307,400,0.3323,2026-07-19 14:55:58.864,2026-07-19 14:56:02.701
car_ID_1046,FLUSH,2660,car,306,401,307,401,0.3234,2026-07-19 14:56:05.237,2026-07-19 14:56:08.164
car_ID_1047,FLUSH,2661,car,306,401,307,400,0.3199,2026-07-19 14:56:08.868,2026-07-19 14:56:09.635
person_ID_1089,FLUSH,2634,person,1030,395,750,405,0.6414,2026-07-19 14:55:26.331,2026-07-19 14:56:09.635
person_ID_1103,FLUSH,2663,person,683,416,678,417,0.3302,2026-07-19 14:56:10.932,2026-07-19 14:56:11.701
car_ID_1048,FLUSH,2664,car,307,400,306,399,0.3380,2026-07-19 14:56:12.099,2026-07-19 14:56:13.837
person_ID_1102,FLUSH,2662,person,772,402,656,420,0.4723,2026-07-19 14:56:09.667,2026-07-19 14:56:15.636
car_ID_1049,FLUSH,2665,car,307,400,307,400,0.3197,2026-07-19 14:56:14.505,2026-07-19 14:56:15.704
person_ID_1100,FLUSH,2657,person,1036,395,1008,391,0.6027,2026-07-19 14:55:57.366,2026-07-19 14:56:16.964
car_ID_1050,FLUSH,2668,car,307,400,307,400,0.3493,2026-07-19 14:56:16.832,2026-07-19 14:56:17.300
person_ID_1105,FLUSH,2666,person,1010,391,1032,390,0.4098,2026-07-19 14:56:16.535,2026-07-19 14:56:17.764
person_ID_1099,FLUSH,2656,person,1036,388,513,422,0.6009,2026-07-19 14:55:56.031,2026-07-19 14:56:20.765
person_ID_1104,FLUSH,2667,person,636,419,524,427,0.4813,2026-07-19 14:56:16.166,2026-07-19 14:56:21.403
person_ID_1108,FLUSH,2671,person,427,416,426,416,0.3241,2026-07-19 14:56:25.201,2026-07-19 14:56:26.038
car_ID_1051,FLUSH,2673,car,307,400,306,400,0.3196,2026-07-19 14:56:27.933,2026-07-19 14:56:28.506
person_ID_1109,FLUSH,2674,person,427,416,427,416,0.3431,2026-07-19 14:56:30.006,2026-07-19 14:56:30.601
car_ID_1052,FLUSH,2675,car,308,401,306,401,0.4456,2026-07-19 14:56:30.169,2026-07-19 14:56:31.402
person_ID_1106,FLUSH,2669,person,511,424,313,416,0.5235,2026-07-19 14:56:21.771,2026-07-19 14:56:31.765
person_ID_1107,FLUSH,2670,person,523,428,337,431,0.4728,2026-07-19 14:56:22.105,2026-07-19 14:56:34.701
car_ID_1053,FLUSH,2677,car,307,401,306,399,0.3797,2026-07-19 14:56:33.866,2026-07-19 14:56:35.906
person_ID_1111,FLUSH,2678,person,320,428,313,432,0.3462,2026-07-19 14:56:35.265,2026-07-19 14:56:36.804
car_ID_1054,FLUSH,2680,car,1018,486,409,555,0.7484,2026-07-19 14:56:37.702,2026-07-19 14:56:40.033
person_ID_1112,FLUSH,2679,person,314,426,313,424,0.3397,2026-07-19 14:56:37.176,2026-07-19 14:56:41.736
person_ID_1110,FLUSH,2676,person,293,415,227,414,0.4786,2026-07-19 14:56:32.566,2026-07-19 14:56:42.133
car_ID_1055,FLUSH,2683,car,306,400,306,400,0.3504,2026-07-19 14:56:44.140,2026-07-19 14:56:46.767
person_ID_1113,FLUSH,2681,person,215,418,68,421,0.5425,2026-07-19 14:56:42.639,2026-07-19 14:56:51.667
car_ID_1056,FLUSH,2684,car,307,400,307,400,0.3368,2026-07-19 14:56:48.102,2026-07-19 14:56:53.166
person_ID_1114,FLUSH,2682,person,289,419,30,428,0.5562,2026-07-19 14:56:42.707,2026-07-19 14:56:54.205
car_ID_1058,FLUSH,2686,car,67,507,241,503,0.5804,2026-07-19 14:56:56.606,2026-07-19 14:56:57.702
car_ID_1057,FLUSH,2685,car,307,399,307,400,0.3525,2026-07-19 14:56:55.608,2026-07-19 14:56:59.336
car_ID_1059,FLUSH,2687,car,397,497,1031,436,0.8008,2026-07-19 14:56:57.702,2026-07-19 14:57:00.602
car_ID_1060,FLUSH,2688,car,307,400,307,399,0.3061,2026-07-19 14:57:00.234,2026-07-19 14:57:00.734
car_ID_1061,FLUSH,2689,car,307,399,307,399,0.3327,2026-07-19 14:57:02.440,2026-07-19 14:57:28.073
car_ID_1062,FLUSH,2690,car,307,398,307,399,0.3288,2026-07-19 14:57:28.672,2026-07-19 14:57:35.204
car_ID_1063,FLUSH,2691,car,307,400,307,399,0.3419,2026-07-19 14:57:35.338,2026-07-19 14:57:38.442
bicycle_ID_827,FLUSH,2693,bicycle,49,472,49,472,0.5525,2026-07-19 14:57:42.104,2026-07-19 14:57:42.104
bicycle_ID_828,FLUSH,2694,bicycle,54,482,126,488,0.6818,2026-07-19 14:57:42.170,2026-07-19 14:57:43.170
bicycle_ID_830,FLUSH,2696,bicycle,312,493,322,492,0.3656,2026-07-19 14:57:43.970,2026-07-19 14:57:44.469
bicycle_ID_829,FLUSH,2695,bicycle,104,485,569,476,0.5097,2026-07-19 14:57:42.569,2026-07-19 14:57:45.906
person_ID_1115,FLUSH,2693,person,50,470,717,449,0.6044,2026-07-19 14:57:42.136,2026-07-19 14:57:46.842
bicycle_ID_831,FLUSH,2697,bicycle,450,488,752,462,0.3853,2026-07-19 14:57:44.769,2026-07-19 14:57:47.078
bicycle_ID_833,FLUSH,2701,bicycle,813,458,945,448,0.4003,2026-07-19 14:57:47.078,2026-07-19 14:57:48.472
person_ID_1116,FLUSH,2698,person,744,446,966,435,0.4829,2026-07-19 14:57:46.572,2026-07-19 14:57:48.607
person_ID_1118,FLUSH,2702,person,1003,432,1003,432,0.3957,2026-07-19 14:57:48.437,2026-07-19 14:57:48.906
bicycle_ID_832,FLUSH,2699,bicycle,43,485,1016,443,0.7017,2026-07-19 14:57:46.842,2026-07-19 14:57:51.372
person_ID_1117,FLUSH,2700,person,40,467,1022,436,0.5110,2026-07-19 14:57:46.911,2026-07-19 14:57:51.874
bicycle_ID_834,FLUSH,2703,bicycle,56,475,227,477,0.5112,2026-07-19 14:58:07.839,2026-07-19 14:58:09.473
person_ID_1119,FLUSH,2704,person,56,457,238,465,0.5360,2026-07-19 14:58:07.873,2026-07-19 14:58:09.538
person_ID_1120,FLUSH,2705,person,306,464,306,464,0.5383,2026-07-19 14:58:09.506,2026-07-19 14:58:09.606
person_ID_1121,FLUSH,2706,person,544,454,544,454,0.3244,2026-07-19 14:58:11.038,2026-07-19 14:58:11.506
person_ID_1122,FLUSH,2707,person,609,448,642,445,0.3422,2026-07-19 14:58:11.406,2026-07-19 14:58:12.038
bicycle_ID_835,FLUSH,2705,bicycle,302,466,656,460,0.4961,2026-07-19 14:58:09.473,2026-07-19 14:58:12.106
bicycle_ID_837,FLUSH,2708,bicycle,854,437,854,437,0.3921,2026-07-19 14:58:13.038,2026-07-19 14:58:13.038
person_ID_1124,FLUSH,2709,person,995,422,995,422,0.3030,2026-07-19 14:58:14.239,2026-07-19 14:58:14.239
person_ID_1123,FLUSH,2708,person,737,444,959,424,0.5047,2026-07-19 14:58:12.209,2026-07-19 14:58:14.375
bicycle_ID_836,FLUSH,2709,bicycle,746,455,998,428,0.4074,2026-07-19 14:58:12.276,2026-07-19 14:58:14.739
car_ID_1064,FLUSH,2692,car,306,399,307,399,0.3428,2026-07-19 14:57:39.440,2026-07-19 14:58:22.739
person_ID_1125,FLUSH,2712,person,1017,493,462,551,0.5916,2026-07-19 14:58:27.345,2026-07-19 14:58:29.474
bicycle_ID_838,FLUSH,2711,bicycle,1018,513,441,563,0.7199,2026-07-19 14:58:27.312,2026-07-19 14:58:29.540
car_ID_1065,FLUSH,2710,car,307,399,307,399,0.3299,2026-07-19 14:58:22.874,2026-07-19 14:58:29.906
bicycle_ID_840,FLUSH,2716,bicycle,1000,518,1000,518,0.6238,2026-07-19 14:58:32.779,2026-07-19 14:58:33.246
bicycle_ID_841,FLUSH,2717,bicycle,708,550,625,562,0.4839,2026-07-19 14:58:33.740,2026-07-19 14:58:34.441
bicycle_ID_839,FLUSH,2715,bicycle,996,519,434,575,0.7139,2026-07-19 14:58:32.744,2026-07-19 14:58:35.009
person_ID_1126,FLUSH,2714,person,1017,492,374,546,0.6909,2026-07-19 14:58:32.681,2026-07-19 14:58:35.139
car_ID_1067,FLUSH,2718,car,1031,433,998,449,0.3848,2026-07-19 14:58:45.280,2026-07-19 14:58:45.579
truck_ID_74,FLUSH,2719,truck,1021,435,1021,435,0.3422,2026-07-19 14:58:45.379,2026-07-19 14:58:45.679
truck_ID_75,FLUSH,2718,truck,990,454,968,460,0.4214,2026-07-19 14:58:45.644,2026-07-19 14:58:45.846
bus_ID_60,FLUSH,2719,bus,983,457,969,460,0.5195,2026-07-19 14:58:45.713,2026-07-19 14:58:46.311
car_ID_1068,FLUSH,2720,car,1012,394,975,396,0.3621,2026-07-19 14:58:47.508,2026-07-19 14:58:48.108
bicycle_ID_843,FLUSH,2723,bicycle,950,528,925,532,0.5399,2026-07-19 14:58:49.708,2026-07-19 14:58:50.240
bicycle_ID_844,FLUSH,2724,bicycle,863,540,863,540,0.4491,2026-07-19 14:58:50.008,2026-07-19 14:58:50.475
bus_ID_59,FLUSH,2718,bus,994,451,100,500,0.7120,2026-07-19 14:58:45.613,2026-07-19 14:58:50.744
person_ID_1127,FLUSH,2721,person,1010,502,427,561,0.6674,2026-07-19 14:58:49.440,2026-07-19 14:58:51.209
car_ID_1069,FLUSH,2718,car,43,483,38,479,0.3756,2026-07-19 14:58:50.776,2026-07-19 14:58:51.275
bicycle_ID_842,FLUSH,2722,bicycle,1006,516,436,583,0.6815,2026-07-19 14:58:49.475,2026-07-19 14:58:51.645
car_ID_1070,FLUSH,2725,car,52,502,1032,427,0.7941,2026-07-19 14:59:02.110,2026-07-19 14:59:06.209
car_ID_1071,FLUSH,2726,car,1016,486,383,560,0.8512,2026-07-19 14:59:16.082,2026-07-19 14:59:19.511
car_ID_1072,FLUSH,2727,car,54,502,1028,432,0.7648,2026-07-19 15:00:03.780,2026-07-19 15:00:07.713
bicycle_ID_845,FLUSH,2729,bicycle,988,533,961,538,0.5846,2026-07-19 15:00:11.647,2026-07-19 15:00:11.787
bicycle_ID_847,FLUSH,2732,bicycle,1014,516,1014,516,0.3814,2026-07-19 15:00:12.956,2026-07-19 15:00:12.956
person_ID_1128,FLUSH,2728,person,1013,506,469,576,0.7630,2026-07-19 15:00:11.482,2026-07-19 15:00:14.013
bicycle_ID_846,FLUSH,2730,bicycle,922,546,452,599,0.6364,2026-07-19 15:00:11.987,2026-07-19 15:00:14.082
person_ID_1129,FLUSH,2732,person,1016,507,450,580,0.7967,2026-07-19 15:00:12.989,2026-07-19 15:00:15.480
bicycle_ID_848,FLUSH,2733,bicycle,974,532,427,603,0.6574,2026-07-19 15:00:13.181,2026-07-19 15:00:15.547
car_ID_1073,FLUSH,2735,car,80,506,1030,431,0.7264,2026-07-19 15:00:15.512,2026-07-19 15:00:18.953
car_ID_1074,FLUSH,2736,car,61,499,1029,432,0.7925,2026-07-19 15:00:17.980,2026-07-19 15:00:22.049
person_ID_1131,FLUSH,2739,person,1021,484,455,571,0.6678,2026-07-19 15:00:55.014,2026-07-19 15:00:57.888
bicycle_ID_849,FLUSH,2738,bicycle,1020,499,463,593,0.7661,2026-07-19 15:00:54.949,2026-07-19 15:00:57.888
person_ID_1130,FLUSH,2737,person,40,426,278,425,0.4922,2026-07-19 15:00:54.049,2026-07-19 15:01:01.715
car_ID_1066,FLUSH,2713,car,307,399,305,400,0.3693,2026-07-19 14:58:30.307,2026-07-19 15:01:02.282
person_ID_1132,FLUSH,2743,person,347,424,435,422,0.4149,2026-07-19 15:01:03.515,2026-07-19 15:01:06.551
person_ID_1133,FLUSH,2744,person,454,423,457,422,0.5024,2026-07-19 15:01:06.650,2026-07-19 15:01:07.183
person_ID_1134,FLUSH,2745,person,473,422,571,421,0.4603,2026-07-19 15:01:07.216,2026-07-19 15:01:10.022
person_ID_1135,FLUSH,2745,person,614,419,682,415,0.3814,2026-07-19 15:01:11.250,2026-07-19 15:01:13.783
person_ID_1136,FLUSH,2746,person,714,410,714,410,0.3493,2026-07-19 15:01:14.383,2026-07-19 15:01:14.851
person_ID_1138,FLUSH,2751,person,489,472,489,472,0.3351,2026-07-19 15:01:19.021,2026-07-19 15:01:19.486
person_ID_1139,FLUSH,2752,person,577,473,577,473,0.4349,2026-07-19 15:01:19.252,2026-07-19 15:01:19.720
person_ID_1140,FLUSH,2753,person,624,473,779,468,0.4354,2026-07-19 15:01:19.384,2026-07-19 15:01:20.253
person_ID_1141,FLUSH,2754,person,837,461,1026,450,0.4268,2026-07-19 15:01:19.984,2026-07-19 15:01:20.620
car_ID_1076,FLUSH,2754,car,1032,450,1032,450,0.4777,2026-07-19 15:01:20.654,2026-07-19 15:01:21.119
person_ID_1137,FLUSH,2747,person,735,410,977,398,0.4210,2026-07-19 15:01:15.157,2026-07-19 15:01:24.083
person_ID_1142,FLUSH,2755,person,1012,391,1032,392,0.3411,2026-07-19 15:01:24.883,2026-07-19 15:01:26.183
car_ID_1075,FLUSH,2741,car,306,400,307,399,0.3852,2026-07-19 15:01:02.550,2026-07-19 15:01:52.188
person_ID_1143,FLUSH,2756,person,27,416,283,421,0.5042,2026-07-19 15:01:43.986,2026-07-19 15:01:52.586
person_ID_1144,FLUSH,2758,person,368,420,483,418,0.4156,2026-07-19 15:01:54.453,2026-07-19 15:01:58.227
person_ID_1145,FLUSH,2759,person,510,418,573,415,0.4526,2026-07-19 15:01:58.521,2026-07-19 15:02:00.885
person_ID_1146,FLUSH,2760,person,600,414,604,413,0.3640,2026-07-19 15:02:01.185,2026-07-19 15:02:01.721
person_ID_1147,FLUSH,2761,person,628,412,646,411,0.4416,2026-07-19 15:02:01.985,2026-07-19 15:02:02.986
car_ID_1079,FLUSH,2763,car,68,516,106,516,0.6009,2026-07-19 15:02:02.721,2026-07-19 15:02:03.460
bicycle_ID_850,FLUSH,2764,bicycle,681,410,681,410,0.3279,2026-07-19 15:02:03.662,2026-07-19 15:02:04.121
bicycle_ID_851,FLUSH,2765,bicycle,792,402,792,402,0.4135,2026-07-19 15:02:07.324,2026-07-19 15:02:07.387
car_ID_1078,FLUSH,2762,car,71,505,1029,442,0.8072,2026-07-19 15:02:02.454,2026-07-19 15:02:07.687
person_ID_1148,FLUSH,2765,person,722,402,890,398,0.4143,2026-07-19 15:02:04.722,2026-07-19 15:02:11.353
person_ID_1149,FLUSH,2766,person,916,398,916,398,0.3814,2026-07-19 15:02:11.854,2026-07-19 15:02:12.321
person_ID_1150,FLUSH,2767,person,945,397,953,394,0.4243,2026-07-19 15:02:12.921,2026-07-19 15:02:13.855
person_ID_1151,FLUSH,2770,person,1018,391,1018,391,0.3823,2026-07-19 15:02:16.388,2026-07-19 15:02:16.887
person_ID_1152,FLUSH,2771,person,1031,379,1031,379,0.3315,2026-07-19 15:02:18.956,2026-07-19 15:02:19.423
car_ID_1080,FLUSH,2772,car,62,502,1022,439,0.7700,2026-07-19 15:02:23.458,2026-07-19 15:02:26.422
person_ID_1153,FLUSH,2773,person,1018,520,452,588,0.7914,2026-07-19 15:02:40.987,2026-07-19 15:02:44.223
person_ID_1154,FLUSH,2774,person,1021,512,463,593,0.7778,2026-07-19 15:02:41.522,2026-07-19 15:02:44.558
car_ID_1081,FLUSH,2779,car,1020,375,998,366,0.4161,2026-07-19 15:02:45.357,2026-07-19 15:02:46.162
car_ID_1082,FLUSH,2780,car,1014,480,304,535,0.7850,2026-07-19 15:02:50.523,2026-07-19 15:02:52.923
car_ID_1083,FLUSH,2781,car,106,534,50,526,0.4456,2026-07-19 15:02:52.988,2026-07-19 15:02:53.726
car_ID_1084,FLUSH,2782,car,343,382,343,382,0.3206,2026-07-19 15:03:18.389,2026-07-19 15:03:18.894
car_ID_1085,FLUSH,2783,car,343,383,343,383,0.3066,2026-07-19 15:03:20.293,2026-07-19 15:03:20.763
car_ID_1086,FLUSH,2784,car,343,382,343,382,0.3030,2026-07-19 15:03:25.457,2026-07-19 15:03:25.924
car_ID_1087,FLUSH,2785,car,343,382,343,382,0.3161,2026-07-19 15:03:33.257,2026-07-19 15:03:33.858
car_ID_1088,FLUSH,2786,car,343,382,343,382,0.3066,2026-07-19 15:03:34.757,2026-07-19 15:03:35.225
car_ID_1089,FLUSH,2787,car,343,382,343,382,0.3066,2026-07-19 15:03:36.261,2026-07-19 15:03:36.733
truck_ID_76,FLUSH,2788,truck,67,470,205,470,0.4480,2026-07-19 15:03:47.895,2026-07-19 15:03:48.859
car_ID_1077,FLUSH,2757,car,306,399,307,399,0.3637,2026-07-19 15:01:53.020,2026-07-19 15:03:48.959
car_ID_1091,FLUSH,2790,car,343,381,343,382,0.3315,2026-07-19 15:03:50.926,2026-07-19 15:03:51.595
bus_ID_62,FLUSH,2791,bus,961,430,968,429,0.5266,2026-07-19 15:03:51.794,2026-07-19 15:03:52.294
bus_ID_61,FLUSH,2788,bus,56,465,1014,412,0.8204,2026-07-19 15:03:47.826,2026-07-19 15:03:53.430
car_ID_1092,FLUSH,2788,car,1029,406,1029,406,0.3377,2026-07-19 15:03:53.460,2026-07-19 15:03:53.460
truck_ID_77,FLUSH,2788,truck,1032,405,1032,405,0.3743,2026-07-19 15:03:53.494,2026-07-19 15:03:53.960
car_ID_1093,FLUSH,2792,car,343,382,343,382,0.3101,2026-07-19 15:03:56.398,2026-07-19 15:03:56.859
car_ID_1094,FLUSH,2793,car,343,382,343,382,0.3066,2026-07-19 15:04:09.700,2026-07-19 15:04:10.163
car_ID_1095,FLUSH,2794,car,343,382,343,382,0.3306,2026-07-19 15:04:11.659,2026-07-19 15:04:12.427
car_ID_1096,FLUSH,2796,car,343,382,343,381,0.3304,2026-07-19 15:04:15.764,2026-07-19 15:04:16.961
person_ID_1156,FLUSH,2798,person,532,443,538,442,0.3527,2026-07-19 15:04:18.995,2026-07-19 15:04:19.698
car_ID_1097,FLUSH,2799,car,343,382,343,382,0.3081,2026-07-19 15:04:20.128,2026-07-19 15:04:21.196
person_ID_1155,FLUSH,2795,person,363,511,651,419,0.5055,2026-07-19 15:04:15.633,2026-07-19 15:04:22.863
person_ID_1157,FLUSH,2801,person,673,417,677,415,0.5630,2026-07-19 15:04:22.864,2026-07-19 15:04:23.465
car_ID_1098,FLUSH,2800,car,344,382,343,381,0.3345,2026-07-19 15:04:22.732,2026-07-19 15:04:24.029
car_ID_1100,FLUSH,2804,car,343,382,343,382,0.3167,2026-07-19 15:04:24.628,2026-07-19 15:04:26.060
person_ID_1158,FLUSH,2802,person,709,415,842,404,0.4641,2026-07-19 15:04:23.862,2026-07-19 15:04:28.029
car_ID_1099,FLUSH,2803,car,69,504,1025,438,0.8557,2026-07-19 15:04:24.362,2026-07-19 15:04:28.697
person_ID_1159,FLUSH,2802,person,875,401,887,399,0.4219,2026-07-19 15:04:29.069,2026-07-19 15:04:29.564
car_ID_1102,FLUSH,2807,car,343,381,331,391,0.3147,2026-07-19 15:04:29.201,2026-07-19 15:04:30.460
car_ID_1101,FLUSH,2806,car,72,510,1026,432,0.7945,2026-07-19 15:04:28.966,2026-07-19 15:04:32.661
person_ID_1160,FLUSH,2802,person,972,397,980,397,0.4001,2026-07-19 15:04:32.629,2026-07-19 15:04:32.870
car_ID_1103,FLUSH,2811,car,342,382,342,382,0.3101,2026-07-19 15:04:47.865,2026-07-19 15:04:48.331
bicycle_ID_853,FLUSH,2810,bicycle,968,539,510,585,0.6089,2026-07-19 15:04:47.265,2026-07-19 15:04:49.097
person_ID_1161,FLUSH,2808,person,1014,508,474,568,0.7546,2026-07-19 15:04:46.930,2026-07-19 15:04:49.698
bicycle_ID_852,FLUSH,2809,bicycle,1017,512,463,588,0.5320,2026-07-19 15:04:46.930,2026-07-19 15:04:49.730
car_ID_1104,FLUSH,2812,car,1000,364,1011,369,0.3763,2026-07-19 15:04:50.831,2026-07-19 15:04:51.866
car_ID_1105,FLUSH,2813,car,1030,375,1035,375,0.3645,2026-07-19 15:04:52.829,2026-07-19 15:04:53.565
car_ID_1106,FLUSH,2814,car,343,382,343,382,0.3101,2026-07-19 15:04:53.331,2026-07-19 15:04:53.802
car_ID_1107,FLUSH,2815,car,1016,482,403,543,0.7583,2026-07-19 15:05:36.267,2026-07-19 15:05:38.436
car_ID_1108,FLUSH,2816,car,1016,479,354,557,0.8283,2026-07-19 15:05:59.602,2026-07-19 15:06:02.333
bicycle_ID_854,FLUSH,2817,bicycle,41,467,62,474,0.3796,2026-07-19 15:06:06.233,2026-07-19 15:06:06.401
person_ID_1162,FLUSH,2817,person,134,462,134,462,0.3814,2026-07-19 15:06:06.939,2026-07-19 15:06:07.401
bicycle_ID_855,FLUSH,2818,bicycle,72,476,209,473,0.4585,2026-07-19 15:06:06.468,2026-07-19 15:06:07.401
person_ID_1163,FLUSH,2819,person,200,461,200,461,0.3101,2026-07-19 15:06:07.401,2026-07-19 15:06:07.870
person_ID_1164,FLUSH,2821,person,439,457,570,449,0.3614,2026-07-19 15:06:08.933,2026-07-19 15:06:10.202
bicycle_ID_857,FLUSH,2822,bicycle,653,450,653,450,0.4598,2026-07-19 15:06:10.268,2026-07-19 15:06:10.268
bicycle_ID_856,FLUSH,2820,bicycle,288,466,725,452,0.5096,2026-07-19 15:06:07.934,2026-07-19 15:06:10.838
person_ID_1165,FLUSH,2822,person,622,448,783,438,0.4413,2026-07-19 15:06:10.101,2026-07-19 15:06:11.234
bicycle_ID_858,FLUSH,2823,bicycle,693,458,743,453,0.3627,2026-07-19 15:06:10.575,2026-07-19 15:06:11.370
bicycle_ID_859,FLUSH,2822,bicycle,842,443,921,437,0.4500,2026-07-19 15:06:11.668,2026-07-19 15:06:12.338
person_ID_1166,FLUSH,2820,person,792,438,959,423,0.4376,2026-07-19 15:06:11.301,2026-07-19 15:06:12.735
bicycle_ID_860,FLUSH,2824,bicycle,855,443,958,429,0.3442,2026-07-19 15:06:11.837,2026-07-19 15:06:13.134
car_ID_1109,FLUSH,2820,car,1029,419,1031,419,0.3854,2026-07-19 15:06:13.434,2026-07-19 15:06:13.938
car_ID_1090,FLUSH,2789,car,307,400,308,400,0.3765,2026-07-19 15:03:50.860,2026-07-19 15:06:24.978
car_ID_1111,FLUSH,2826,car,1025,477,426,539,0.8443,2026-07-19 15:06:27.706,2026-07-19 15:06:30.070
car_ID_1112,FLUSH,2827,car,117,529,88,522,0.4127,2026-07-19 15:06:30.670,2026-07-19 15:06:31.303
person_ID_1167,FLUSH,2829,person,633,519,633,519,0.3030,2026-07-19 15:06:34.306,2026-07-19 15:06:34.777
car_ID_1113,FLUSH,2828,car,1001,488,406,550,0.8427,2026-07-19 15:06:33.102,2026-07-19 15:06:35.239
car_ID_1115,FLUSH,2831,car,343,381,343,382,0.3296,2026-07-19 15:07:14.372,2026-07-19 15:07:15.005
truck_ID_78,FLUSH,2830,truck,687,483,687,483,0.4741,2026-07-19 15:07:15.279,2026-07-19 15:07:15.279
car_ID_1114,FLUSH,2830,car,62,511,1028,440,0.7450,2026-07-19 15:07:13.642,2026-07-19 15:07:17.043
car_ID_1116,FLUSH,2832,car,50,502,1024,439,0.8160,2026-07-19 15:07:41.980,2026-07-19 15:07:45.676
person_ID_1168,FLUSH,2834,person,69,464,157,469,0.4021,2026-07-19 15:08:00.942,2026-07-19 15:08:01.575
bicycle_ID_861,FLUSH,2833,bicycle,53,475,174,487,0.4466,2026-07-19 15:08:00.742,2026-07-19 15:08:01.742
person_ID_1169,FLUSH,2835,person,166,470,260,474,0.4461,2026-07-19 15:08:01.676,2026-07-19 15:08:02.743
bicycle_ID_862,FLUSH,2834,bicycle,178,487,761,454,0.4823,2026-07-19 15:08:01.707,2026-07-19 15:08:05.310
bicycle_ID_863,FLUSH,2837,bicycle,360,488,769,453,0.4731,2026-07-19 15:08:02.875,2026-07-19 15:08:05.375
person_ID_1170,FLUSH,2836,person,358,464,821,438,0.5415,2026-07-19 15:08:02.875,2026-07-19 15:08:05.746
bicycle_ID_864,FLUSH,2836,bicycle,844,447,968,436,0.4456,2026-07-19 15:08:05.910,2026-07-19 15:08:06.944
bicycle_ID_865,FLUSH,2838,bicycle,917,442,961,437,0.3573,2026-07-19 15:08:06.512,2026-07-19 15:08:07.345
person_ID_1171,FLUSH,2837,person,830,440,1030,423,0.4999,2026-07-19 15:08:05.811,2026-07-19 15:08:07.511
bicycle_ID_866,FLUSH,2840,bicycle,51,482,229,482,0.4762,2026-07-19 15:08:08.075,2026-07-19 15:08:09.847
person_ID_1172,FLUSH,2839,person,46,471,266,470,0.5315,2026-07-19 15:08:08.043,2026-07-19 15:08:10.144
bicycle_ID_868,FLUSH,2841,bicycle,343,476,343,476,0.3743,2026-07-19 15:08:10.144,2026-07-19 15:08:10.144
bicycle_ID_867,FLUSH,2842,bicycle,320,484,713,463,0.5830,2026-07-19 15:08:10.077,2026-07-19 15:08:13.112
bicycle_ID_869,FLUSH,2843,bicycle,929,446,962,440,0.4391,2026-07-19 15:08:14.443,2026-07-19 15:08:14.944
person_ID_1173,FLUSH,2841,person,308,473,961,429,0.5649,2026-07-19 15:08:09.951,2026-07-19 15:08:15.154
bicycle_ID_870,FLUSH,2844,bicycle,1022,500,1022,500,0.4491,2026-07-19 15:08:19.811,2026-07-19 15:08:19.811
person_ID_1174,FLUSH,2844,person,1019,495,459,557,0.6364,2026-07-19 15:08:19.843,2026-07-19 15:08:22.844
bicycle_ID_871,FLUSH,2845,bicycle,1020,518,449,571,0.7500,2026-07-19 15:08:19.844,2026-07-19 15:08:22.911
bicycle_ID_873,FLUSH,2848,bicycle,1000,531,927,545,0.5684,2026-07-19 15:08:36.180,2026-07-19 15:08:36.582
bicycle_ID_872,FLUSH,2847,bicycle,997,530,625,586,0.7021,2026-07-19 15:08:36.180,2026-07-19 15:08:37.448
person_ID_1175,FLUSH,2846,person,1009,513,454,573,0.5951,2026-07-19 15:08:36.115,2026-07-19 15:08:38.376
bicycle_ID_874,FLUSH,2849,bicycle,716,576,458,596,0.4658,2026-07-19 15:08:37.252,2026-07-19 15:08:38.376
car_ID_1117,FLUSH,2850,car,1010,482,334,546,0.7813,2026-07-19 15:08:41.079,2026-07-19 15:08:43.850
car_ID_1118,FLUSH,2852,car,105,536,58,534,0.3780,2026-07-19 15:08:44.245,2026-07-19 15:08:44.945
person_ID_1177,FLUSH,2854,person,978,523,974,519,0.6403,2026-07-19 15:09:06.151,2026-07-19 15:09:06.650
person_ID_1178,FLUSH,2855,person,962,519,418,565,0.6974,2026-07-19 15:09:06.252,2026-07-19 15:09:08.778
person_ID_1176,FLUSH,2853,person,1021,498,454,556,0.7085,2026-07-19 15:09:05.914,2026-07-19 15:09:09.146
car_ID_1110,FLUSH,2825,car,308,400,308,400,0.3455,2026-07-19 15:06:25.177,2026-07-19 15:09:18.646
bicycle_ID_876,FLUSH,2863,bicycle,59,479,59,479,0.4420,2026-07-19 15:09:27.680,2026-07-19 15:09:27.680
bicycle_ID_875,FLUSH,2862,bicycle,43,474,187,482,0.5405,2026-07-19 15:09:27.479,2026-07-19 15:09:28.479
bicycle_ID_877,FLUSH,2864,bicycle,110,480,177,482,0.5220,2026-07-19 15:09:28.015,2026-07-19 15:09:28.883
person_ID_1179,FLUSH,2863,person,58,464,258,469,0.4297,2026-07-19 15:09:27.714,2026-07-19 15:09:28.953
bicycle_ID_879,FLUSH,2866,bicycle,461,478,517,476,0.5016,2026-07-19 15:09:30.115,2026-07-19 15:09:30.814
bicycle_ID_880,FLUSH,2865,bicycle,723,460,739,461,0.4821,2026-07-19 15:09:31.550,2026-07-19 15:09:31.651
car_ID_1119,FLUSH,2861,car,308,400,308,400,0.3397,2026-07-19 15:09:19.150,2026-07-19 15:09:32.216
bicycle_ID_878,FLUSH,2863,bicycle,269,478,823,453,0.5673,2026-07-19 15:09:28.985,2026-07-19 15:09:32.679
bicycle_ID_883,FLUSH,2865,bicycle,974,426,974,426,0.3137,2026-07-19 15:09:33.379,2026-07-19 15:09:33.414
bicycle_ID_882,FLUSH,2869,bicycle,895,444,939,439,0.3846,2026-07-19 15:09:32.814,2026-07-19 15:09:33.547
person_ID_1180,FLUSH,2865,person,325,468,997,423,0.5204,2026-07-19 15:09:29.385,2026-07-19 15:09:33.617
bicycle_ID_881,FLUSH,2867,bicycle,750,458,994,433,0.4710,2026-07-19 15:09:31.779,2026-07-19 15:09:34.047
car_ID_1120,FLUSH,2868,car,307,400,308,400,0.3284,2026-07-19 15:09:32.415,2026-07-19 15:09:36.981
car_ID_1122,FLUSH,2871,car,1022,474,448,533,0.7388,2026-07-19 15:09:51.119,2026-07-19 15:09:53.288
car_ID_1121,FLUSH,2870,car,308,400,307,401,0.3506,2026-07-19 15:09:37.147,2026-07-19 15:10:33.522
car_ID_1123,FLUSH,2874,car,307,399,308,402,0.3632,2026-07-19 15:10:34.218,2026-07-19 15:10:35.052
person_ID_1183,FLUSH,2876,person,425,416,425,416,0.3351,2026-07-19 15:10:36.685,2026-07-19 15:10:37.150
person_ID_1184,FLUSH,2878,person,424,415,426,416,0.3193,2026-07-19 15:10:38.056,2026-07-19 15:10:38.655
car_ID_1125,FLUSH,2877,car,341,381,342,381,0.3190,2026-07-19 15:10:37.951,2026-07-19 15:10:39.819
person_ID_1185,FLUSH,2879,person,426,415,426,416,0.3232,2026-07-19 15:10:39.351,2026-07-19 15:10:40.519
car_ID_1126,FLUSH,2880,car,342,381,342,381,0.3320,2026-07-19 15:10:41.787,2026-07-19 15:10:45.988
person_ID_1181,FLUSH,2872,person,26,417,1035,395,0.6340,2026-07-19 15:10:24.585,2026-07-19 15:10:57.852
car_ID_1127,FLUSH,2881,car,342,381,342,381,0.3255,2026-07-19 15:10:46.487,2026-07-19 15:10:58.021
person_ID_1182,FLUSH,2873,person,29,425,1036,392,0.5651,2026-07-19 15:10:26.689,2026-07-19 15:10:59.719
car_ID_1128,FLUSH,2882,car,342,380,343,381,0.3216,2026-07-19 15:10:58.786,2026-07-19 15:11:02.652
car_ID_1129,FLUSH,2883,car,342,381,341,381,0.3221,2026-07-19 15:11:03.051,2026-07-19 15:11:03.686
car_ID_1130,FLUSH,2884,car,342,381,341,382,0.3244,2026-07-19 15:11:04.319,2026-07-19 15:11:08.092
car_ID_1132,FLUSH,2886,car,1034,385,997,369,0.3978,2026-07-19 15:11:12.821,2026-07-19 15:11:14.320
car_ID_1131,FLUSH,2885,car,342,381,341,381,0.3236,2026-07-19 15:11:09.422,2026-07-19 15:11:22.489
car_ID_1133,FLUSH,2887,car,341,381,340,381,0.3145,2026-07-19 15:11:28.591,2026-07-19 15:11:30.089
car_ID_1134,FLUSH,2888,car,342,381,342,381,0.3199,2026-07-19 15:11:34.722,2026-07-19 15:11:35.325
car_ID_1135,FLUSH,2889,car,1022,477,446,553,0.7376,2026-07-19 15:11:41.856,2026-07-19 15:11:43.793
car_ID_1136,FLUSH,2890,car,342,381,342,381,0.3208,2026-07-19 15:11:43.460,2026-07-19 15:11:43.932
car_ID_1137,FLUSH,2891,car,342,381,343,381,0.3041,2026-07-19 15:11:50.126,2026-07-19 15:11:50.829
bicycle_ID_884,FLUSH,2893,bicycle,92,487,94,487,0.3137,2026-07-19 15:12:26.823,2026-07-19 15:12:26.855
bicycle_ID_885,FLUSH,2894,bicycle,102,488,134,488,0.3766,2026-07-19 15:12:26.923,2026-07-19 15:12:27.625
person_ID_1186,FLUSH,2892,person,47,465,337,479,0.4542,2026-07-19 15:12:26.523,2026-07-19 15:12:28.491
bicycle_ID_886,FLUSH,2892,bicycle,291,485,429,489,0.4263,2026-07-19 15:12:28.198,2026-07-19 15:12:29.023
person_ID_1187,FLUSH,2895,person,362,474,501,471,0.4131,2026-07-19 15:12:28.657,2026-07-19 15:12:29.960
bicycle_ID_888,FLUSH,2898,bicycle,571,481,593,480,0.4901,2026-07-19 15:12:29.928,2026-07-19 15:12:30.097
person_ID_1190,FLUSH,2899,person,674,463,674,463,0.5026,2026-07-19 15:12:30.591,2026-07-19 15:12:30.591
bicycle_ID_887,FLUSH,2896,bicycle,413,491,609,478,0.3918,2026-07-19 15:12:28.956,2026-07-19 15:12:30.623
person_ID_1188,FLUSH,2897,person,527,470,619,462,0.3839,2026-07-19 15:12:29.656,2026-07-19 15:12:30.724
person_ID_1189,FLUSH,2898,person,645,463,650,460,0.3911,2026-07-19 15:12:30.393,2026-07-19 15:12:30.923
bicycle_ID_889,FLUSH,2899,bicycle,654,474,748,462,0.4490,2026-07-19 15:12:30.457,2026-07-19 15:12:31.556
bicycle_ID_890,FLUSH,2900,bicycle,798,460,969,440,0.4295,2026-07-19 15:12:31.491,2026-07-19 15:12:32.957
bicycle_ID_891,FLUSH,2902,bicycle,934,443,934,443,0.3137,2026-07-19 15:12:32.657,2026-07-19 15:12:33.124
person_ID_1192,FLUSH,2901,person,803,447,938,435,0.4392,2026-07-19 15:12:31.523,2026-07-19 15:12:33.156
bicycle_ID_892,FLUSH,2903,bicycle,976,438,984,438,0.4520,2026-07-19 15:12:33.023,2026-07-19 15:12:33.156
person_ID_1193,FLUSH,2903,person,963,432,1011,426,0.3502,2026-07-19 15:12:32.925,2026-07-19 15:12:33.391
person_ID_1191,FLUSH,2900,person,781,448,980,428,0.3665,2026-07-19 15:12:31.356,2026-07-19 15:12:33.556
bicycle_ID_894,FLUSH,2906,bicycle,75,478,127,479,0.4242,2026-07-19 15:12:34.756,2026-07-19 15:12:35.157
bicycle_ID_893,FLUSH,2905,bicycle,46,474,275,478,0.5052,2026-07-19 15:12:34.456,2026-07-19 15:12:36.459
person_ID_1194,FLUSH,2906,person,141,471,252,467,0.4671,2026-07-19 15:12:35.298,2026-07-19 15:12:36.625
car_ID_1138,FLUSH,2909,car,342,381,342,381,0.3458,2026-07-19 15:12:37.326,2026-07-19 15:12:37.793
bicycle_ID_895,FLUSH,2907,bicycle,327,477,460,477,0.4925,2026-07-19 15:12:36.625,2026-07-19 15:12:38.097
person_ID_1195,FLUSH,2905,person,308,468,596,455,0.4661,2026-07-19 15:12:36.498,2026-07-19 15:12:38.993
person_ID_1196,FLUSH,2908,person,610,456,682,448,0.4034,2026-07-19 15:12:38.591,2026-07-19 15:12:39.124
bicycle_ID_896,FLUSH,2908,bicycle,411,478,765,454,0.4545,2026-07-19 15:12:37.224,2026-07-19 15:12:40.224
person_ID_1197,FLUSH,2911,person,692,445,838,441,0.4523,2026-07-19 15:12:39.229,2026-07-19 15:12:40.424
person_ID_1198,FLUSH,2910,person,848,445,911,439,0.5714,2026-07-19 15:12:40.392,2026-07-19 15:12:41.024
bicycle_ID_899,FLUSH,2911,bicycle,858,449,884,450,0.5861,2026-07-19 15:12:40.493,2026-07-19 15:12:41.195
bicycle_ID_898,FLUSH,2912,bicycle,815,452,997,434,0.5004,2026-07-19 15:12:40.192,2026-07-19 15:12:41.828
bicycle_ID_897,FLUSH,2910,bicycle,574,466,991,435,0.4368,2026-07-19 15:12:38.324,2026-07-19 15:12:41.860
person_ID_1199,FLUSH,2912,person,951,439,1010,428,0.3810,2026-07-19 15:12:41.357,2026-07-19 15:12:41.933
person_ID_1200,FLUSH,2910,person,1027,426,1027,426,0.3351,2026-07-19 15:12:42.160,2026-07-19 15:12:42.628
car_ID_1140,FLUSH,2914,car,343,381,342,381,0.3081,2026-07-19 15:12:53.529,2026-07-19 15:12:54.193
car_ID_1139,FLUSH,2913,car,54,493,1031,435,0.8260,2026-07-19 15:12:52.864,2026-07-19 15:12:57.725
person_ID_1201,FLUSH,2916,person,1016,502,474,567,0.7805,2026-07-19 15:13:07.397,2026-07-19 15:13:09.525
bicycle_ID_900,FLUSH,2915,bicycle,1015,519,473,590,0.8304,2026-07-19 15:13:07.364,2026-07-19 15:13:09.525
car_ID_1141,FLUSH,2917,car,61,502,1028,442,0.7503,2026-07-19 15:13:10.762,2026-07-19 15:13:14.199
car_ID_1143,FLUSH,2919,car,343,381,342,381,0.3177,2026-07-19 15:13:28.594,2026-07-19 15:13:29.830
car_ID_1142,FLUSH,2918,car,71,512,1032,438,0.7562,2026-07-19 15:13:27.562,2026-07-19 15:13:31.530
bicycle_ID_902,FLUSH,2921,bicycle,51,478,51,478,0.4349,2026-07-19 15:13:45.470,2026-07-19 15:13:45.470
bicycle_ID_903,FLUSH,2922,bicycle,39,498,129,497,0.4713,2026-07-19 15:13:46.267,2026-07-19 15:13:47.071
person_ID_1203,FLUSH,2923,person,47,479,240,479,0.4557,2026-07-19 15:13:46.506,2026-07-19 15:13:47.764
bicycle_ID_905,FLUSH,2925,bicycle,401,481,445,479,0.5548,2026-07-19 15:13:47.796,2026-07-19 15:13:48.532
bicycle_ID_906,FLUSH,2928,bicycle,508,481,508,481,0.5490,2026-07-19 15:13:48.465,2026-07-19 15:13:48.932
car_ID_1144,FLUSH,2927,car,343,380,342,380,0.3146,2026-07-19 15:13:48.133,2026-07-19 15:13:48.997
person_ID_1205,FLUSH,2929,person,602,477,602,477,0.5739,2026-07-19 15:13:49.799,2026-07-19 15:13:49.799
person_ID_1204,FLUSH,2926,person,298,487,584,475,0.4791,2026-07-19 15:13:48.096,2026-07-19 15:13:50.165
bicycle_ID_907,FLUSH,2929,bicycle,389,494,826,471,0.5148,2026-07-19 15:13:48.532,2026-07-19 15:13:51.297
bicycle_ID_908,FLUSH,2931,bicycle,923,459,940,461,0.3743,2026-07-19 15:13:52.168,2026-07-19 15:13:52.300
bicycle_ID_901,FLUSH,2920,bicycle,46,475,1022,427,0.6167,2026-07-19 15:13:45.368,2026-07-19 15:13:52.370
bicycle_ID_904,FLUSH,2924,bicycle,56,494,954,458,0.5336,2026-07-19 15:13:46.538,2026-07-19 15:13:52.400
person_ID_1202,FLUSH,2921,person,53,472,1034,418,0.5688,2026-07-19 15:13:45.501,2026-07-19 15:13:52.999
person_ID_1206,FLUSH,2930,person,611,472,1029,427,0.4974,2026-07-19 15:13:49.902,2026-07-19 15:13:53.668
person_ID_1207,FLUSH,2933,person,44,469,80,471,0.4355,2026-07-19 15:13:56.896,2026-07-19 15:13:57.464
bicycle_ID_910,FLUSH,2934,bicycle,100,479,103,479,0.4171,2026-07-19 15:13:57.731,2026-07-19 15:13:57.764
bicycle_ID_911,FLUSH,2933,bicycle,106,481,106,481,0.3957,2026-07-19 15:13:57.831,2026-07-19 15:13:57.931
person_ID_1208,FLUSH,2932,person,113,472,214,466,0.3626,2026-07-19 15:13:57.796,2026-07-19 15:13:58.996
bicycle_ID_909,FLUSH,2932,bicycle,42,478,236,474,0.5101,2026-07-19 15:13:56.597,2026-07-19 15:14:00.069
person_ID_1209,FLUSH,2936,person,457,462,502,463,0.3962,2026-07-19 15:14:02.139,2026-07-19 15:14:02.632
bicycle_ID_912,FLUSH,2934,bicycle,233,475,491,471,0.4480,2026-07-19 15:13:59.570,2026-07-19 15:14:02.664
car_ID_1145,FLUSH,2935,car,343,381,343,380,0.3187,2026-07-19 15:14:00.270,2026-07-19 15:14:03.633
bicycle_ID_914,FLUSH,2937,bicycle,445,480,654,461,0.3960,2026-07-19 15:14:02.732,2026-07-19 15:14:04.731
person_ID_1210,FLUSH,2934,person,501,466,656,454,0.3945,2026-07-19 15:14:02.696,2026-07-19 15:14:04.799
bicycle_ID_913,FLUSH,2936,bicycle,431,474,706,463,0.4405,2026-07-19 15:14:02.031,2026-07-19 15:14:05.264
bicycle_ID_916,FLUSH,2936,bicycle,811,454,907,447,0.3467,2026-07-19 15:14:06.635,2026-07-19 15:14:07.996
bicycle_ID_915,FLUSH,2934,bicycle,686,462,922,441,0.3781,2026-07-19 15:14:04.833,2026-07-19 15:14:08.096
bicycle_ID_917,FLUSH,2938,bicycle,948,440,959,439,0.4690,2026-07-19 15:14:08.565,2026-07-19 15:14:08.765
person_ID_1211,FLUSH,2937,person,677,455,1003,423,0.4779,2026-07-19 15:14:04.766,2026-07-19 15:14:09.666
car_ID_1146,FLUSH,2937,car,1027,431,1032,426,0.3215,2026-07-19 15:14:10.396,2026-07-19 15:14:11.064
car_ID_1147,FLUSH,2939,car,343,381,343,381,0.3030,2026-07-19 15:14:18.771,2026-07-19 15:14:19.236
car_ID_1148,FLUSH,2940,car,343,381,343,381,0.3101,2026-07-19 15:14:21.365,2026-07-19 15:14:21.832
car_ID_1150,FLUSH,2942,car,343,381,344,381,0.3109,2026-07-19 15:15:35.208,2026-07-19 15:15:35.907
car_ID_1149,FLUSH,2941,car,48,508,1033,433,0.8113,2026-07-19 15:15:34.107,2026-07-19 15:15:39.669
car_ID_1151,FLUSH,2943,car,1036,381,1005,371,0.4941,2026-07-19 15:15:42.042,2026-07-19 15:15:43.569
truck_ID_79,FLUSH,2944,truck,1016,378,1006,370,0.3504,2026-07-19 15:15:42.970,2026-07-19 15:15:43.604
truck_ID_80,FLUSH,2943,truck,1012,376,1002,369,0.3897,2026-07-19 15:15:43.140,2026-07-19 15:15:44.070
car_ID_1152,FLUSH,2944,car,1012,376,1005,366,0.4315,2026-07-19 15:15:43.141,2026-07-19 15:15:44.337
car_ID_1154,FLUSH,2946,car,343,380,343,380,0.3143,2026-07-19 15:15:49.439,2026-07-19 15:15:50.669
car_ID_1153,FLUSH,2945,car,63,498,1033,430,0.7344,2026-07-19 15:15:47.810,2026-07-19 15:15:53.374
car_ID_1155,FLUSH,2947,car,58,499,216,499,0.8188,2026-07-19 15:16:00.376,2026-07-19 15:16:01.542
car_ID_1157,FLUSH,2949,car,343,380,343,380,0.3259,2026-07-19 15:16:01.671,2026-07-19 15:16:02.340
car_ID_1159,FLUSH,2951,car,343,381,343,381,0.3030,2026-07-19 15:16:04.271,2026-07-19 15:16:04.742
car_ID_1156,FLUSH,2948,car,363,494,1030,430,0.8298,2026-07-19 15:16:01.572,2026-07-19 15:16:04.838
car_ID_1160,FLUSH,2952,car,199,499,199,499,0.3208,2026-07-19 15:16:04.405,2026-07-19 15:16:04.870
car_ID_1161,FLUSH,2953,car,342,381,343,380,0.3232,2026-07-19 15:16:05.006,2026-07-19 15:16:06.510
car_ID_1158,FLUSH,2950,car,56,503,1021,443,0.7783,2026-07-19 15:16:03.805,2026-07-19 15:16:08.271
bicycle_ID_918,FLUSH,2954,bicycle,1016,517,437,584,0.7512,2026-07-19 15:16:09.406,2026-07-19 15:16:12.305
person_ID_1212,FLUSH,2955,person,1017,494,380,555,0.7391,2026-07-19 15:16:09.440,2026-07-19 15:16:12.438
bicycle_ID_919,FLUSH,2957,bicycle,1009,527,501,592,0.6761,2026-07-19 15:16:14.542,2026-07-19 15:16:17.239
person_ID_1213,FLUSH,2956,person,1014,509,475,574,0.6123,2026-07-19 15:16:14.511,2026-07-19 15:16:17.339
bicycle_ID_920,FLUSH,2959,bicycle,592,586,464,593,0.3984,2026-07-19 15:16:16.471,2026-07-19 15:16:17.374
car_ID_1162,FLUSH,2958,car,1024,484,339,534,0.7783,2026-07-19 15:16:16.006,2026-07-19 15:16:19.939
car_ID_1163,FLUSH,2960,car,157,525,58,522,0.6217,2026-07-19 15:16:20.171,2026-07-19 15:16:20.975
car_ID_1164,FLUSH,2961,car,1018,484,58,530,0.7227,2026-07-19 15:16:24.406,2026-07-19 15:16:27.772
car_ID_1165,FLUSH,2962,car,1005,367,1005,367,0.3173,2026-07-19 15:16:42.575,2026-07-19 15:16:43.040
person_ID_1215,FLUSH,2963,person,200,487,200,487,0.5525,2026-07-19 15:16:48.108,2026-07-19 15:16:48.142
person_ID_1214,FLUSH,2964,person,60,486,117,483,0.3842,2026-07-19 15:16:47.808,2026-07-19 15:16:48.375
person_ID_1216,FLUSH,2965,person,525,464,525,464,0.4634,2026-07-19 15:16:48.940,2026-07-19 15:16:49.408
person_ID_1217,FLUSH,2966,person,562,457,562,457,0.4349,2026-07-19 15:16:49.040,2026-07-19 15:16:49.514
person_ID_1218,FLUSH,2967,person,599,456,599,456,0.4919,2026-07-19 15:16:49.141,2026-07-19 15:16:49.613
person_ID_1219,FLUSH,2968,person,623,455,623,455,0.4349,2026-07-19 15:16:49.210,2026-07-19 15:16:49.678
person_ID_1220,FLUSH,2969,person,646,456,646,456,0.3992,2026-07-19 15:16:49.277,2026-07-19 15:16:49.741
person_ID_1221,FLUSH,2970,person,683,447,683,447,0.3957,2026-07-19 15:16:49.376,2026-07-19 15:16:49.841
person_ID_1222,FLUSH,2971,person,709,446,709,446,0.4527,2026-07-19 15:16:49.441,2026-07-19 15:16:49.911
person_ID_1223,FLUSH,2972,person,743,451,783,449,0.3668,2026-07-19 15:16:49.543,2026-07-19 15:16:50.140
person_ID_1224,FLUSH,2973,person,800,448,1008,434,0.4408,2026-07-19 15:16:49.709,2026-07-19 15:16:50.809
car_ID_1166,FLUSH,2974,car,1020,493,383,567,0.8622,2026-07-19 15:17:09.646,2026-07-19 15:17:11.415
car_ID_1167,FLUSH,2975,car,1014,495,381,566,0.8031,2026-07-19 15:17:17.442,2026-07-19 15:17:19.848
car_ID_1169,FLUSH,2977,car,343,380,343,380,0.3276,2026-07-19 15:17:29.910,2026-07-19 15:17:30.811
car_ID_1168,FLUSH,2976,car,53,492,1032,428,0.7968,2026-07-19 15:17:28.716,2026-07-19 15:17:33.010
car_ID_1171,FLUSH,2979,car,344,381,343,381,0.3264,2026-07-19 15:17:31.678,2026-07-19 15:17:34.846
car_ID_1170,FLUSH,2978,car,51,506,1028,436,0.7940,2026-07-19 15:17:31.211,2026-07-19 15:17:35.478
car_ID_1172,FLUSH,2980,car,59,500,1021,440,0.7908,2026-07-19 15:17:33.282,2026-07-19 15:17:37.242
person_ID_1225,FLUSH,2982,person,59,479,59,479,0.3814,2026-07-19 15:18:02.845,2026-07-19 15:18:02.845
bicycle_ID_921,FLUSH,2981,bicycle,49,484,91,499,0.5244,2026-07-19 15:18:02.651,2026-07-19 15:18:03.045
person_ID_1226,FLUSH,2983,person,74,476,121,478,0.4190,2026-07-19 15:18:02.913,2026-07-19 15:18:03.617
person_ID_1227,FLUSH,2981,person,148,481,222,473,0.4141,2026-07-19 15:18:03.311,2026-07-19 15:18:04.185
bicycle_ID_923,FLUSH,2985,bicycle,436,491,480,484,0.4447,2026-07-19 15:18:04.881,2026-07-19 15:18:05.044
bicycle_ID_924,FLUSH,2986,bicycle,512,487,577,484,0.5432,2026-07-19 15:18:05.212,2026-07-19 15:18:05.612
car_ID_1173,FLUSH,2987,car,1023,371,1023,370,0.3554,2026-07-19 15:18:05.179,2026-07-19 15:18:05.679
person_ID_1228,FLUSH,2985,person,461,477,589,466,0.3922,2026-07-19 15:18:04.979,2026-07-19 15:18:06.112
bicycle_ID_922,FLUSH,2982,bicycle,57,496,757,479,0.4981,2026-07-19 15:18:02.880,2026-07-19 15:18:06.512
person_ID_1229,FLUSH,2986,person,611,468,738,459,0.4322,2026-07-19 15:18:05.744,2026-07-19 15:18:06.948
person_ID_1230,FLUSH,2982,person,822,455,822,455,0.3565,2026-07-19 15:18:06.981,2026-07-19 15:18:07.445
bicycle_ID_926,FLUSH,2990,bicycle,923,458,923,458,0.3885,2026-07-19 15:18:07.579,2026-07-19 15:18:07.713
bicycle_ID_925,FLUSH,2988,bicycle,652,484,987,450,0.4314,2026-07-19 15:18:05.979,2026-07-19 15:18:08.014
bicycle_ID_927,FLUSH,2991,bicycle,949,440,949,440,0.3386,2026-07-19 15:18:08.046,2026-07-19 15:18:08.046
person_ID_1231,FLUSH,2989,person,884,436,959,428,0.3940,2026-07-19 15:18:07.579,2026-07-19 15:18:08.079
bicycle_ID_929,FLUSH,2994,bicycle,610,573,478,580,0.4741,2026-07-19 15:18:23.013,2026-07-19 15:18:23.513
person_ID_1232,FLUSH,2993,person,1015,510,487,561,0.5814,2026-07-19 15:18:21.050,2026-07-19 15:18:23.981
bicycle_ID_928,FLUSH,2992,bicycle,1017,519,456,580,0.7101,2026-07-19 15:18:20.949,2026-07-19 15:18:24.081
car_ID_1174,FLUSH,2995,car,1017,472,51,516,0.7404,2026-07-19 15:18:26.787,2026-07-19 15:18:30.414
car_ID_1175,FLUSH,2996,car,59,499,231,500,0.4786,2026-07-19 15:18:46.453,2026-07-19 15:18:47.549
car_ID_1176,FLUSH,2997,car,343,381,342,380,0.3153,2026-07-19 15:18:46.851,2026-07-19 15:18:48.649
person_ID_1234,FLUSH,3000,person,1029,392,1014,393,0.4255,2026-07-19 15:18:47.915,2026-07-19 15:18:49.050
car_ID_1177,FLUSH,2999,car,417,496,1024,438,0.8094,2026-07-19 15:18:47.582,2026-07-19 15:18:50.050
bicycle_ID_930,FLUSH,3001,bicycle,926,400,926,400,0.4812,2026-07-19 15:18:51.722,2026-07-19 15:18:51.755
bicycle_ID_931,FLUSH,2998,bicycle,870,409,870,409,0.3565,2026-07-19 15:18:53.814,2026-07-19 15:18:53.814
person_ID_1233,FLUSH,2998,person,1035,387,808,408,0.4592,2026-07-19 15:18:47.149,2026-07-19 15:18:56.282
bicycle_ID_932,FLUSH,3002,bicycle,675,421,675,421,0.3779,2026-07-19 15:18:59.621,2026-07-19 15:19:00.086
person_ID_1235,FLUSH,3001,person,984,396,561,417,0.5315,2026-07-19 15:18:49.749,2026-07-19 15:19:03.282
person_ID_1236,FLUSH,3003,person,554,419,498,418,0.4778,2026-07-19 15:19:02.782,2026-07-19 15:19:05.051
person_ID_1237,FLUSH,3004,person,509,425,485,419,0.4568,2026-07-19 15:19:04.083,2026-07-19 15:19:05.355
car_ID_1124,FLUSH,2875,car,307,401,306,401,0.3670,2026-07-19 15:10:35.818,2026-07-19 15:19:09.183
person_ID_1239,FLUSH,3006,person,459,422,316,421,0.4101,2026-07-19 15:19:05.253,2026-07-19 15:19:09.383
bicycle_ID_935,FLUSH,3013,bicycle,1020,511,687,558,0.5170,2026-07-19 15:19:11.754,2026-07-19 15:19:13.551
bicycle_ID_933,FLUSH,3010,bicycle,1019,528,494,592,0.5918,2026-07-19 15:19:11.383,2026-07-19 15:19:13.684
bicycle_ID_934,FLUSH,3012,bicycle,975,536,453,594,0.5655,2026-07-19 15:19:11.651,2026-07-19 15:19:13.820
car_ID_1179,FLUSH,3009,car,1027,442,47,505,0.7942,2026-07-19 15:19:10.884,2026-07-19 15:19:13.919
person_ID_1242,FLUSH,3014,person,1012,500,467,555,0.7174,2026-07-19 15:19:11.854,2026-07-19 15:19:14.227
person_ID_1241,FLUSH,3011,person,1012,511,443,556,0.6681,2026-07-19 15:19:11.483,2026-07-19 15:19:14.289
bicycle_ID_936,FLUSH,3015,bicycle,1000,512,447,580,0.6488,2026-07-19 15:19:11.919,2026-07-19 15:19:14.289
person_ID_1243,FLUSH,3009,person,42,504,42,504,0.4164,2026-07-19 15:19:13.951,2026-07-19 15:19:14.417
person_ID_1240,FLUSH,3007,person,280,428,27,424,0.5366,2026-07-19 15:19:09.783,2026-07-19 15:19:17.551
person_ID_1238,FLUSH,3005,person,476,415,27,419,0.5970,2026-07-19 15:19:04.783,2026-07-19 15:19:18.251
car_ID_1180,FLUSH,3005,car,27,423,26,424,0.3800,2026-07-19 15:19:18.283,2026-07-19 15:19:18.851
car_ID_1181,FLUSH,3016,car,1011,478,295,546,0.8096,2026-07-19 15:19:23.220,2026-07-19 15:19:25.984
car_ID_1182,FLUSH,3017,car,63,533,63,533,0.4064,2026-07-19 15:19:26.486,2026-07-19 15:19:26.951
car_ID_1183,FLUSH,3018,car,1031,438,1018,444,0.3689,2026-07-19 15:19:32.158,2026-07-19 15:19:32.257
person_ID_1244,FLUSH,3019,person,936,517,936,517,0.5739,2026-07-19 15:19:33.252,2026-07-19 15:19:33.717
bus_ID_63,FLUSH,3018,bus,1010,450,413,510,0.8153,2026-07-19 15:19:32.287,2026-07-19 15:19:35.284
bus_ID_64,FLUSH,3020,bus,665,498,235,513,0.5601,2026-07-19 15:19:34.385,2026-07-19 15:19:36.816
car_ID_1184,FLUSH,3021,car,343,381,344,381,0.3255,2026-07-19 15:19:35.751,2026-07-19 15:19:36.922
truck_ID_81,FLUSH,3020,truck,152,494,122,496,0.3572,2026-07-19 15:19:36.851,2026-07-19 15:19:37.490
bicycle_ID_938,FLUSH,3023,bicycle,62,475,62,475,0.3137,2026-07-19 15:19:39.355,2026-07-19 15:19:39.355
bicycle_ID_939,FLUSH,3024,bicycle,77,476,131,475,0.4265,2026-07-19 15:19:39.491,2026-07-19 15:19:39.921
person_ID_1245,FLUSH,3023,person,60,464,135,464,0.3880,2026-07-19 15:19:39.388,2026-07-19 15:19:40.487
bicycle_ID_940,FLUSH,3025,bicycle,182,478,201,480,0.4979,2026-07-19 15:19:40.420,2026-07-19 15:19:40.984
bicycle_ID_937,FLUSH,3022,bicycle,54,473,253,478,0.4406,2026-07-19 15:19:39.288,2026-07-19 15:19:41.384
person_ID_1246,FLUSH,3024,person,147,468,263,457,0.4699,2026-07-19 15:19:40.095,2026-07-19 15:19:41.517
person_ID_1247,FLUSH,3026,person,313,469,421,471,0.4052,2026-07-19 15:19:41.417,2026-07-19 15:19:42.217
bicycle_ID_942,FLUSH,3027,bicycle,397,481,442,478,0.5421,2026-07-19 15:19:41.916,2026-07-19 15:19:42.354
person_ID_1248,FLUSH,3027,person,449,471,702,456,0.5363,2026-07-19 15:19:42.418,2026-07-19 15:19:44.387
person_ID_1249,FLUSH,3026,person,718,456,723,454,0.3839,2026-07-19 15:19:44.418,2026-07-19 15:19:44.486
bicycle_ID_943,FLUSH,3027,bicycle,716,463,716,463,0.5525,2026-07-19 15:19:44.418,2026-07-19 15:19:44.886
bicycle_ID_944,FLUSH,3030,bicycle,817,454,817,454,0.3992,2026-07-19 15:19:45.291,2026-07-19 15:19:45.753
car_ID_1185,FLUSH,3029,car,1000,365,1011,370,0.4507,2026-07-19 15:19:45.153,2026-07-19 15:19:46.084
person_ID_1250,FLUSH,3028,person,748,451,965,430,0.4602,2026-07-19 15:19:44.717,2026-07-19 15:19:47.185
person_ID_1251,FLUSH,3032,person,1008,427,1008,427,0.4812,2026-07-19 15:19:47.217,2026-07-19 15:19:47.417
bicycle_ID_941,FLUSH,3026,bicycle,309,474,1028,430,0.5154,2026-07-19 15:19:41.384,2026-07-19 15:19:47.517
bicycle_ID_945,FLUSH,3032,bicycle,1024,430,1024,430,0.3244,2026-07-19 15:19:47.452,2026-07-19 15:19:47.917
car_ID_1188,FLUSH,3034,car,343,381,343,382,0.3195,2026-07-19 15:19:50.856,2026-07-19 15:19:52.017
car_ID_1189,FLUSH,3035,car,592,456,656,456,0.3415,2026-07-19 15:19:52.017,2026-07-19 15:19:52.652
car_ID_1187,FLUSH,3033,car,53,492,1033,432,0.8143,2026-07-19 15:19:49.952,2026-07-19 15:19:54.655
bicycle_ID_946,FLUSH,3036,bicycle,1017,521,1017,521,0.4099,2026-07-19 15:19:55.486,2026-07-19 15:19:55.486
car_ID_1186,FLUSH,3031,car,1030,374,1034,375,0.4068,2026-07-19 15:19:46.952,2026-07-19 15:19:55.853
bicycle_ID_948,FLUSH,3038,bicycle,856,556,856,556,0.3452,2026-07-19 15:19:56.624,2026-07-19 15:19:56.791
bicycle_ID_947,FLUSH,3037,bicycle,933,542,443,588,0.5000,2026-07-19 15:19:56.153,2026-07-19 15:19:58.854
person_ID_1252,FLUSH,3036,person,992,514,444,567,0.6652,2026-07-19 15:19:55.853,2026-07-19 15:19:58.888
bicycle_ID_951,FLUSH,3043,bicycle,855,533,855,533,0.5276,2026-07-19 15:20:01.587,2026-07-19 15:20:02.059
bicycle_ID_949,FLUSH,3039,bicycle,1018,508,426,580,0.7413,2026-07-19 15:19:59.854,2026-07-19 15:20:03.086
person_ID_1253,FLUSH,3040,person,1022,494,379,547,0.6791,2026-07-19 15:19:59.986,2026-07-19 15:20:03.218
bicycle_ID_952,FLUSH,3044,bicycle,735,551,507,575,0.5540,2026-07-19 15:20:02.123,2026-07-19 15:20:03.453
person_ID_1254,FLUSH,3042,person,1019,492,470,560,0.6379,2026-07-19 15:20:00.755,2026-07-19 15:20:03.585
bicycle_ID_950,FLUSH,3041,bicycle,1021,505,454,579,0.7016,2026-07-19 15:20:00.654,2026-07-19 15:20:03.660
person_ID_1256,FLUSH,3048,person,880,535,880,535,0.3921,2026-07-19 15:20:10.856,2026-07-19 15:20:11.321
person_ID_1257,FLUSH,3049,person,838,540,817,540,0.4135,2026-07-19 15:20:11.086,2026-07-19 15:20:11.656
bicycle_ID_955,FLUSH,3051,bicycle,1023,500,1018,499,0.4361,2026-07-19 15:20:11.754,2026-07-19 15:20:11.821
bicycle_ID_958,FLUSH,3054,bicycle,1022,513,1017,513,0.6547,2026-07-19 15:20:12.422,2026-07-19 15:20:12.487
bicycle_ID_960,FLUSH,3056,bicycle,1009,527,979,534,0.5292,2026-07-19 15:20:12.622,2026-07-19 15:20:13.323
bicycle_ID_956,FLUSH,3052,bicycle,1004,509,800,544,0.5702,2026-07-19 15:20:12.022,2026-07-19 15:20:13.424
person_ID_1258,FLUSH,3050,person,753,553,440,575,0.6040,2026-07-19 15:20:11.556,2026-07-19 15:20:13.555
bicycle_ID_953,FLUSH,3045,bicycle,1019,511,413,581,0.6378,2026-07-19 15:20:09.690,2026-07-19 15:20:13.723
person_ID_1255,FLUSH,3046,person,1022,467,450,564,0.6983,2026-07-19 15:20:09.890,2026-07-19 15:20:14.156
bicycle_ID_954,FLUSH,3047,bicycle,969,506,438,586,0.6780,2026-07-19 15:20:10.328,2026-07-19 15:20:14.256
bicycle_ID_961,FLUSH,3058,bicycle,742,574,651,586,0.4364,2026-07-19 15:20:14.187,2026-07-19 15:20:14.587
bicycle_ID_957,FLUSH,3053,bicycle,964,516,494,584,0.6059,2026-07-19 15:20:12.287,2026-07-19 15:20:15.288
person_ID_1259,FLUSH,3051,person,1007,497,460,566,0.6328,2026-07-19 15:20:11.986,2026-07-19 15:20:15.356
bicycle_ID_962,FLUSH,3057,bicycle,620,572,405,578,0.4247,2026-07-19 15:20:14.224,2026-07-19 15:20:15.758
person_ID_1260,FLUSH,3054,person,1018,506,462,578,0.6635,2026-07-19 15:20:12.522,2026-07-19 15:20:15.925
bicycle_ID_959,FLUSH,3055,bicycle,1013,523,447,599,0.6341,2026-07-19 15:20:12.554,2026-07-19 15:20:16.032
person_ID_1261,FLUSH,3059,person,1018,360,1021,362,0.3462,2026-07-19 15:20:35.122,2026-07-19 15:20:35.687
person_ID_1262,FLUSH,3060,person,1016,361,1026,360,0.3447,2026-07-19 15:20:37.722,2026-07-19 15:20:38.588
person_ID_1263,FLUSH,3061,person,1029,390,1013,393,0.3976,2026-07-19 15:20:39.695,2026-07-19 15:20:40.730
bicycle_ID_963,FLUSH,3061,bicycle,990,397,913,402,0.4384,2026-07-19 15:20:40.761,2026-07-19 15:20:42.187
car_ID_1190,FLUSH,3063,car,1035,393,1033,393,0.4085,2026-07-19 15:20:42.358,2026-07-19 15:20:42.493
person_ID_1264,FLUSH,3062,person,952,390,895,393,0.4073,2026-07-19 15:20:41.555,2026-07-19 15:20:42.688
person_ID_1265,FLUSH,3063,person,1032,393,1022,393,0.4344,2026-07-19 15:20:42.525,2026-07-19 15:20:42.957
bicycle_ID_964,FLUSH,3062,bicycle,862,403,862,403,0.3173,2026-07-19 15:20:43.089,2026-07-19 15:20:43.089
person_ID_1266,FLUSH,3061,person,888,394,862,393,0.4981,2026-07-19 15:20:42.725,2026-07-19 15:20:43.187
bicycle_ID_965,FLUSH,3065,bicycle,1013,397,997,395,0.3807,2026-07-19 15:20:43.155,2026-07-19 15:20:43.624
bicycle_ID_966,FLUSH,3061,bicycle,856,401,831,404,0.3824,2026-07-19 15:20:43.224,2026-07-19 15:20:43.657
car_ID_1192,FLUSH,3067,car,343,381,343,382,0.3316,2026-07-19 15:20:43.389,2026-07-19 15:20:45.092
bicycle_ID_968,FLUSH,3068,bicycle,907,405,907,405,0.4099,2026-07-19 15:20:45.523,2026-07-19 15:20:45.523
car_ID_1193,FLUSH,3069,car,1035,397,1034,398,0.3618,2026-07-19 15:20:45.888,2026-07-19 15:20:45.923
bicycle_ID_967,FLUSH,3063,bicycle,1007,403,900,406,0.4127,2026-07-19 15:20:43.360,2026-07-19 15:20:46.088
person_ID_1269,FLUSH,3069,person,1014,393,1014,393,0.3885,2026-07-19 15:20:46.627,2026-07-19 15:20:47.089
truck_ID_82,FLUSH,3064,truck,1002,437,1007,434,0.4480,2026-07-19 15:20:47.124,2026-07-19 15:20:47.191
person_ID_1268,FLUSH,3066,person,858,394,627,414,0.3982,2026-07-19 15:20:43.288,2026-07-19 15:20:47.688
car_ID_1191,FLUSH,3064,car,46,496,1033,425,0.7469,2026-07-19 15:20:42.857,2026-07-19 15:20:47.989
bicycle_ID_969,FLUSH,3070,bicycle,963,397,934,396,0.3982,2026-07-19 15:20:47.558,2026-07-19 15:20:48.156
person_ID_1271,FLUSH,3071,person,583,415,532,416,0.3651,2026-07-19 15:20:47.758,2026-07-19 15:20:48.923
person_ID_1273,FLUSH,3061,person,475,424,475,424,0.3279,2026-07-19 15:20:49.123,2026-07-19 15:20:49.326
bicycle_ID_970,FLUSH,3072,bicycle,573,425,455,428,0.3290,2026-07-19 15:20:47.890,2026-07-19 15:20:49.359
person_ID_1272,FLUSH,3072,person,498,417,451,420,0.4012,2026-07-19 15:20:48.857,2026-07-19 15:20:49.924
bicycle_ID_973,FLUSH,3074,bicycle,413,428,413,428,0.3957,2026-07-19 15:20:49.924,2026-07-19 15:20:49.924
person_ID_1270,FLUSH,3070,person,969,392,828,406,0.4235,2026-07-19 15:20:47.491,2026-07-19 15:20:50.257
car_ID_1194,FLUSH,3075,car,343,381,344,381,0.3442,2026-07-19 15:20:49.957,2026-07-19 15:20:50.459
bicycle_ID_971,FLUSH,3061,bicycle,542,426,361,433,0.4055,2026-07-19 15:20:48.258,2026-07-19 15:20:50.591
bicycle_ID_976,FLUSH,3068,bicycle,586,428,551,428,0.4156,2026-07-19 15:20:50.389,2026-07-19 15:20:50.856
person_ID_1267,FLUSH,3065,person,1015,392,535,416,0.4913,2026-07-19 15:20:43.123,2026-07-19 15:20:50.923
bicycle_ID_972,FLUSH,3073,bicycle,919,402,769,411,0.4458,2026-07-19 15:20:48.457,2026-07-19 15:20:51.062
car_ID_1178,FLUSH,3008,car,307,401,306,400,0.3625,2026-07-19 15:19:10.683,2026-07-19 15:20:51.456
person_ID_1274,FLUSH,3074,person,406,418,320,423,0.3968,2026-07-19 15:20:50.023,2026-07-19 15:20:51.628
person_ID_1277,FLUSH,3008,person,292,423,286,425,0.3860,2026-07-19 15:20:51.488,2026-07-19 15:20:51.695
bicycle_ID_974,FLUSH,3076,bicycle,399,432,251,428,0.4392,2026-07-19 15:20:50.124,2026-07-19 15:20:52.092
person_ID_1276,FLUSH,3068,person,534,419,455,422,0.3961,2026-07-19 15:20:50.988,2026-07-19 15:20:52.357
bicycle_ID_978,FLUSH,3008,bicycle,271,429,211,432,0.3879,2026-07-19 15:20:51.761,2026-07-19 15:20:52.688
bicycle_ID_979,FLUSH,3073,bicycle,641,422,641,422,0.4527,2026-07-19 15:20:52.724,2026-07-19 15:20:52.857
person_ID_1279,FLUSH,3065,person,392,423,384,422,0.3325,2026-07-19 15:20:52.656,2026-07-19 15:20:52.989
person_ID_1280,FLUSH,3079,person,606,421,606,421,0.3422,2026-07-19 15:20:53.157,2026-07-19 15:20:53.157
person_ID_1281,FLUSH,3080,person,330,417,330,417,0.3992,2026-07-19 15:20:53.424,2026-07-19 15:20:53.424
car_ID_1195,FLUSH,3078,car,308,400,306,400,0.4471,2026-07-19 15:20:51.827,2026-07-19 15:20:53.893
bicycle_ID_982,FLUSH,3008,bicycle,135,432,135,432,0.3677,2026-07-19 15:20:53.893,2026-07-19 15:20:53.893
bicycle_ID_981,FLUSH,3080,bicycle,335,433,318,430,0.3572,2026-07-19 15:20:53.456,2026-07-19 15:20:54.156
bicycle_ID_980,FLUSH,3079,bicycle,616,429,553,431,0.3669,2026-07-19 15:20:53.023,2026-07-19 15:20:54.188
person_ID_1278,FLUSH,3076,person,254,426,98,423,0.4342,2026-07-19 15:20:52.027,2026-07-19 15:20:54.523
bicycle_ID_977,FLUSH,3065,bicycle,540,426,239,435,0.4195,2026-07-19 15:20:50.956,2026-07-19 15:20:54.624
bicycle_ID_983,FLUSH,3076,bicycle,90,429,74,433,0.3600,2026-07-19 15:20:54.556,2026-07-19 15:20:54.788
person_ID_1275,FLUSH,3073,person,817,409,456,418,0.3886,2026-07-19 15:20:50.389,2026-07-19 15:20:55.224
bicycle_ID_975,FLUSH,3070,bicycle,821,412,420,430,0.4260,2026-07-19 15:20:50.289,2026-07-19 15:20:55.559
person_ID_1283,FLUSH,3083,person,88,424,36,425,0.3918,2026-07-19 15:20:54.588,2026-07-19 15:20:55.826
person_ID_1284,FLUSH,3085,person,375,424,369,426,0.3386,2026-07-19 15:20:55.590,2026-07-19 15:20:56.125
bicycle_ID_985,FLUSH,3065,bicycle,124,440,58,436,0.3313,2026-07-19 15:20:56.089,2026-07-19 15:20:57.529
person_ID_1282,FLUSH,3082,person,256,422,29,414,0.4508,2026-07-19 15:20:54.326,2026-07-19 15:20:57.729
person_ID_1286,FLUSH,3084,person,140,426,134,424,0.3342,2026-07-19 15:20:58.264,2026-07-19 15:20:58.362
bicycle_ID_986,FLUSH,3086,bicycle,177,432,131,430,0.4267,2026-07-19 15:20:57.792,2026-07-19 15:20:58.394
bicycle_ID_987,FLUSH,3087,bicycle,167,436,167,436,0.3208,2026-07-19 15:20:57.992,2026-07-19 15:20:58.462
person_ID_1285,FLUSH,3086,person,205,417,108,425,0.3913,2026-07-19 15:20:57.429,2026-07-19 15:20:59.124
bicycle_ID_984,FLUSH,3084,bicycle,423,428,37,428,0.4780,2026-07-19 15:20:55.089,2026-07-19 15:21:00.024
person_ID_1287,FLUSH,3088,person,1014,495,449,558,0.7128,2026-07-19 15:21:03.725,2026-07-19 15:21:06.356
car_ID_1197,FLUSH,3092,car,343,382,344,381,0.3047,2026-07-19 15:21:23.227,2026-07-19 15:21:24.159
bicycle_ID_988,FLUSH,3093,bicycle,1020,525,1020,525,0.3493,2026-07-19 15:21:26.931,2026-07-19 15:21:26.931
bicycle_ID_990,FLUSH,3095,bicycle,1001,534,995,536,0.5739,2026-07-19 15:21:27.163,2026-07-19 15:21:27.664
person_ID_1288,FLUSH,3093,person,1017,512,426,557,0.6597,2026-07-19 15:21:26.995,2026-07-19 15:21:30.325
bicycle_ID_989,FLUSH,3094,bicycle,1013,532,426,579,0.7875,2026-07-19 15:21:26.995,2026-07-19 15:21:30.325
bicycle_ID_992,FLUSH,3098,bicycle,580,583,469,586,0.5464,2026-07-19 15:21:30.425,2026-07-19 15:21:30.858
person_ID_1289,FLUSH,3097,person,1018,508,454,566,0.7049,2026-07-19 15:21:28.232,2026-07-19 15:21:31.359
bicycle_ID_991,FLUSH,3096,bicycle,1020,534,453,587,0.7107,2026-07-19 15:21:28.094,2026-07-19 15:21:31.359
car_ID_1198,FLUSH,3099,car,343,382,343,381,0.3056,2026-07-19 15:21:35.801,2026-07-19 15:21:36.990
car_ID_1200,FLUSH,3101,car,343,382,343,381,0.3354,2026-07-19 15:21:46.491,2026-07-19 15:21:47.894
car_ID_1199,FLUSH,3100,car,84,511,1029,437,0.6918,2026-07-19 15:21:45.390,2026-07-19 15:21:49.559
car_ID_1202,FLUSH,3103,car,344,381,343,381,0.3345,2026-07-19 15:21:53.400,2026-07-19 15:21:54.565
car_ID_1201,FLUSH,3102,car,78,514,1033,431,0.7604,2026-07-19 15:21:52.597,2026-07-19 15:21:56.027
car_ID_1203,FLUSH,3104,car,1020,482,279,567,0.7899,2026-07-19 15:22:01.463,2026-07-19 15:22:05.128
bicycle_ID_994,FLUSH,3109,bicycle,176,487,176,487,0.4349,2026-07-19 15:22:05.128,2026-07-19 15:22:05.595
person_ID_1290,FLUSH,3106,person,65,469,260,468,0.4696,2026-07-19 15:22:04.629,2026-07-19 15:22:05.928
bicycle_ID_993,FLUSH,3107,bicycle,120,484,598,478,0.4592,2026-07-19 15:22:04.861,2026-07-19 15:22:06.696
person_ID_1292,FLUSH,3110,person,353,470,554,460,0.5270,2026-07-19 15:22:05.832,2026-07-19 15:22:06.997
person_ID_1294,FLUSH,3112,person,596,458,682,458,0.4991,2026-07-19 15:22:06.728,2026-07-19 15:22:07.097
car_ID_1204,FLUSH,3105,car,1021,482,441,553,0.7663,2026-07-19 15:22:04.128,2026-07-19 15:22:07.498
person_ID_1295,FLUSH,3107,person,708,459,708,459,0.5347,2026-07-19 15:22:07.131,2026-07-19 15:22:07.599
bicycle_ID_995,FLUSH,3112,bicycle,750,467,974,447,0.3677,2026-07-19 15:22:07.299,2026-07-19 15:22:08.296
person_ID_1296,FLUSH,3113,person,739,455,884,444,0.4789,2026-07-19 15:22:07.299,2026-07-19 15:22:08.329
person_ID_1297,FLUSH,3114,person,934,444,967,443,0.3495,2026-07-19 15:22:08.133,2026-07-19 15:22:08.728
car_ID_1196,FLUSH,3081,car,307,400,307,399,0.3924,2026-07-19 15:20:54.188,2026-07-19 15:22:14.695
person_ID_1293,FLUSH,3111,person,28,435,282,430,0.5943,2026-07-19 15:22:06.095,2026-07-19 15:22:15.960
car_ID_1206,FLUSH,3116,car,1024,478,370,546,0.7479,2026-07-19 15:22:27.630,2026-07-19 15:22:29.999
car_ID_1207,FLUSH,3117,car,109,531,92,529,0.5509,2026-07-19 15:22:30.261,2026-07-19 15:22:30.796
person_ID_1298,FLUSH,3118,person,733,414,951,392,0.5112,2026-07-19 15:22:31.097,2026-07-19 15:22:41.261
person_ID_1299,FLUSH,3119,person,992,398,1034,396,0.4408,2026-07-19 15:22:41.600,2026-07-19 15:22:43.935
person_ID_1291,FLUSH,3108,person,29,416,1035,389,0.5385,2026-07-19 15:22:05.128,2026-07-19 15:22:45.162
car_ID_1209,FLUSH,3121,car,26,422,26,422,0.3565,2026-07-19 15:22:55.899,2026-07-19 15:22:55.899
truck_ID_84,FLUSH,3123,truck,200,491,227,489,0.3514,2026-07-19 15:22:56.031,2026-07-19 15:22:56.097
truck_ID_83,FLUSH,3120,truck,207,491,259,490,0.3452,2026-07-19 15:22:56.031,2026-07-19 15:22:56.197
car_ID_1211,FLUSH,3123,car,237,489,258,490,0.8079,2026-07-19 15:22:56.130,2026-07-19 15:22:56.666
car_ID_1210,FLUSH,3122,car,343,383,329,393,0.3234,2026-07-19 15:22:55.963,2026-07-19 15:22:57.202
bus_ID_65,FLUSH,3120,bus,981,439,1002,433,0.5230,2026-07-19 15:22:58.897,2026-07-19 15:22:59.130
car_ID_1208,FLUSH,3120,car,47,487,1032,422,0.7822,2026-07-19 15:22:55.166,2026-07-19 15:22:59.863
car_ID_1205,FLUSH,3115,car,307,402,306,401,0.3641,2026-07-19 15:22:16.528,2026-07-19 15:23:05.998
bicycle_ID_996,FLUSH,3121,bicycle,322,432,322,432,0.3707,2026-07-19 15:23:07.430,2026-07-19 15:23:07.462
person_ID_1302,FLUSH,3126,person,443,424,443,424,0.3529,2026-07-19 15:23:11.563,2026-07-19 15:23:12.033
person_ID_1300,FLUSH,3121,person,28,422,425,415,0.4964,2026-07-19 15:22:55.931,2026-07-19 15:23:12.131
bicycle_ID_997,FLUSH,3127,bicycle,51,485,104,482,0.4762,2026-07-19 15:23:20.464,2026-07-19 15:23:20.731
person_ID_1303,FLUSH,3127,person,112,479,112,479,0.4634,2026-07-19 15:23:20.798,2026-07-19 15:23:21.264
person_ID_1305,FLUSH,3128,person,186,478,232,477,0.4440,2026-07-19 15:23:21.131,2026-07-19 15:23:21.466
person_ID_1304,FLUSH,3129,person,156,472,174,470,0.3563,2026-07-19 15:23:21.031,2026-07-19 15:23:21.565
person_ID_1306,FLUSH,3131,person,649,456,649,456,0.3279,2026-07-19 15:23:23.264,2026-07-19 15:23:23.732
bicycle_ID_999,FLUSH,3132,bicycle,820,444,820,444,0.4563,2026-07-19 15:23:24.164,2026-07-19 15:23:24.631
bicycle_ID_998,FLUSH,3128,bicycle,70,485,994,429,0.5660,2026-07-19 15:23:20.598,2026-07-19 15:23:25.163
person_ID_1307,FLUSH,3133,person,913,433,938,430,0.4051,2026-07-19 15:23:24.664,2026-07-19 15:23:25.267
bicycle_ID_1000,FLUSH,3134,bicycle,989,429,989,429,0.4527,2026-07-19 15:23:25.199,2026-07-19 15:23:25.663
person_ID_1301,FLUSH,3124,person,28,425,898,398,0.6014,2026-07-19 15:22:56.803,2026-07-19 15:23:28.169
person_ID_1309,FLUSH,3136,person,932,395,940,395,0.3929,2026-07-19 15:23:29.764,2026-07-19 15:23:30.099
person_ID_1308,FLUSH,3135,person,898,398,986,397,0.5183,2026-07-19 15:23:28.206,2026-07-19 15:23:32.568
car_ID_1213,FLUSH,3137,car,1025,480,349,544,0.7526,2026-07-19 15:23:31.136,2026-07-19 15:23:33.501
car_ID_1214,FLUSH,3139,car,118,537,92,536,0.3932,2026-07-19 15:23:33.668,2026-07-19 15:23:34.232
person_ID_1310,FLUSH,3138,person,1008,393,1020,389,0.4758,2026-07-19 15:23:33.100,2026-07-19 15:23:34.368
car_ID_1215,FLUSH,3140,car,52,491,1032,432,0.8415,2026-07-19 15:24:14.871,2026-07-19 15:24:20.702
truck_ID_85,FLUSH,3141,truck,1012,374,1012,374,0.3422,2026-07-19 15:24:23.372,2026-07-19 15:24:23.372
truck_ID_86,FLUSH,3142,truck,1014,375,1010,372,0.3345,2026-07-19 15:24:23.372,2026-07-19 15:24:23.934
car_ID_1216,FLUSH,3141,car,1035,381,990,362,0.4854,2026-07-19 15:24:22.671,2026-07-19 15:24:24.402
bicycle_ID_1001,FLUSH,3144,bicycle,88,497,168,492,0.5801,2026-07-19 15:24:36.670,2026-07-19 15:24:37.070
bicycle_ID_1002,FLUSH,3143,bicycle,236,494,297,494,0.5272,2026-07-19 15:24:37.474,2026-07-19 15:24:37.803
person_ID_1312,FLUSH,3144,person,222,477,264,469,0.3560,2026-07-19 15:24:37.371,2026-07-19 15:24:38.035
bicycle_ID_1004,FLUSH,3146,bicycle,427,488,459,486,0.5463,2026-07-19 15:24:38.442,2026-07-19 15:24:38.603
bicycle_ID_1003,FLUSH,3145,bicycle,339,493,666,478,0.4786,2026-07-19 15:24:38.003,2026-07-19 15:24:39.703
bicycle_ID_1005,FLUSH,3146,bicycle,694,475,1016,439,0.4664,2026-07-19 15:24:39.871,2026-07-19 15:24:42.038
person_ID_1311,FLUSH,3143,person,53,474,1027,417,0.5302,2026-07-19 15:24:36.335,2026-07-19 15:24:42.435
car_ID_1217,FLUSH,3143,car,1031,417,1035,418,0.4965,2026-07-19 15:24:42.503,2026-07-19 15:24:43.035
car_ID_1218,FLUSH,3147,car,1031,455,365,552,0.7965,2026-07-19 15:24:51.403,2026-07-19 15:24:54.072
person_ID_1313,FLUSH,3148,person,42,422,196,427,0.5079,2026-07-19 15:24:56.708,2026-07-19 15:25:00.205
car_ID_1212,FLUSH,3125,car,308,399,307,399,0.3496,2026-07-19 15:23:07.665,2026-07-19 15:25:01.436
person_ID_1314,FLUSH,3149,person,229,426,277,421,0.4897,2026-07-19 15:25:00.436,2026-07-19 15:25:01.704
person_ID_1315,FLUSH,3151,person,365,421,374,421,0.5313,2026-07-19 15:25:02.776,2026-07-19 15:25:03.373
car_ID_1220,FLUSH,3152,car,343,381,343,381,0.3208,2026-07-19 15:25:03.504,2026-07-19 15:25:03.971
person_ID_1316,FLUSH,3153,person,415,421,482,418,0.4753,2026-07-19 15:25:03.604,2026-07-19 15:25:05.204
car_ID_1219,FLUSH,3150,car,307,400,307,399,0.3936,2026-07-19 15:25:02.003,2026-07-19 15:25:05.606
person_ID_1317,FLUSH,3155,person,501,418,551,414,0.4408,2026-07-19 15:25:05.071,2026-07-19 15:25:06.372
bus_ID_67,FLUSH,3156,bus,142,480,178,476,0.5113,2026-07-19 15:25:06.273,2026-07-19 15:25:06.937
car_ID_1222,FLUSH,3158,car,344,383,344,383,0.3208,2026-07-19 15:25:08.640,2026-07-19 15:25:09.110
bus_ID_66,FLUSH,3154,bus,47,462,1009,418,0.8531,2026-07-19 15:25:04.436,2026-07-19 15:25:09.711
car_ID_1223,FLUSH,3154,car,1013,416,1026,410,0.4156,2026-07-19 15:25:09.741,2026-07-19 15:25:09.875
car_ID_1224,FLUSH,3160,car,1029,410,1029,410,0.5418,2026-07-19 15:25:09.940,2026-07-19 15:25:10.406
truck_ID_87,FLUSH,3154,truck,1029,410,1032,409,0.3268,2026-07-19 15:25:09.908,2026-07-19 15:25:10.406
person_ID_1318,FLUSH,3159,person,717,400,962,391,0.5159,2026-07-19 15:25:08.976,2026-07-19 15:25:14.173
person_ID_1319,FLUSH,3161,person,1031,389,1031,389,0.3386,2026-07-19 15:25:15.573,2026-07-19 15:25:16.040
bicycle_ID_1006,FLUSH,3162,bicycle,302,428,302,428,0.4278,2026-07-19 15:25:54.074,2026-07-19 15:25:54.074
person_ID_1320,FLUSH,3162,person,47,429,390,426,0.4379,2026-07-19 15:25:52.074,2026-07-19 15:25:55.175
person_ID_1322,FLUSH,3165,person,654,415,654,415,0.3422,2026-07-19 15:25:56.742,2026-07-19 15:25:57.207
car_ID_1225,FLUSH,3163,car,92,524,1029,446,0.6996,2026-07-19 15:25:54.107,2026-07-19 15:25:57.777
person_ID_1323,FLUSH,3166,person,848,402,867,399,0.3351,2026-07-19 15:25:58.507,2026-07-19 15:25:58.707
person_ID_1321,FLUSH,3164,person,413,417,891,397,0.5189,2026-07-19 15:25:54.913,2026-07-19 15:25:58.942
car_ID_1221,FLUSH,3157,car,307,399,308,399,0.3450,2026-07-19 15:25:07.407,2026-07-19 15:25:59.475
person_ID_1325,FLUSH,3168,person,950,395,950,395,0.3315,2026-07-19 15:25:59.675,2026-07-19 15:26:00.143
person_ID_1324,FLUSH,3167,person,901,397,1033,387,0.3895,2026-07-19 15:25:59.111,2026-07-19 15:26:01.649
car_ID_1226,FLUSH,3169,car,307,399,307,399,0.3208,2026-07-19 15:25:59.707,2026-07-19 15:26:01.781
person_ID_1326,FLUSH,3170,person,1034,378,1031,373,0.4328,2026-07-19 15:26:01.946,2026-07-19 15:26:02.649
car_ID_1227,FLUSH,3171,car,308,399,308,399,0.3302,2026-07-19 15:26:01.946,2026-07-19 15:26:04.416
bicycle_ID_1007,FLUSH,3173,bicycle,50,473,437,479,0.5668,2026-07-19 15:26:05.275,2026-07-19 15:26:07.312
car_ID_1228,FLUSH,3172,car,307,398,307,398,0.3436,2026-07-19 15:26:04.742,2026-07-19 15:26:10.147
bicycle_ID_1009,FLUSH,3174,bicycle,970,425,979,427,0.3372,2026-07-19 15:26:10.411,2026-07-19 15:26:10.548
bicycle_ID_1008,FLUSH,3175,bicycle,409,481,965,434,0.5344,2026-07-19 15:26:07.207,2026-07-19 15:26:10.850
person_ID_1327,FLUSH,3174,person,53,464,1029,419,0.6170,2026-07-19 15:26:05.342,2026-07-19 15:26:10.881
car_ID_1230,FLUSH,3177,car,1023,481,382,558,0.8312,2026-07-19 15:26:15.275,2026-07-19 15:26:18.151
car_ID_1229,FLUSH,3176,car,307,398,307,399,0.3346,2026-07-19 15:26:11.175,2026-07-19 15:26:18.543
car_ID_1231,FLUSH,3178,car,307,399,307,398,0.3288,2026-07-19 15:26:20.107,2026-07-19 15:26:21.309
car_ID_1232,FLUSH,3179,car,1027,474,283,546,0.7897,2026-07-19 15:26:21.076,2026-07-19 15:26:24.017
car_ID_1233,FLUSH,3180,car,307,398,307,399,0.3367,2026-07-19 15:26:21.708,2026-07-19 15:26:25.911
car_ID_1234,FLUSH,3181,car,307,399,308,399,0.3226,2026-07-19 15:26:26.317,2026-07-19 15:26:30.877
car_ID_1235,FLUSH,3182,car,307,398,308,399,0.3097,2026-07-19 15:26:32.812,2026-07-19 15:26:34.049
car_ID_1236,FLUSH,3183,car,307,399,308,399,0.3305,2026-07-19 15:26:34.382,2026-07-19 15:26:35.915
car_ID_1238,FLUSH,3185,car,308,399,307,399,0.3282,2026-07-19 15:26:36.051,2026-07-19 15:26:37.976
car_ID_1237,FLUSH,3184,car,80,522,1021,448,0.7820,2026-07-19 15:26:35.182,2026-07-19 15:26:39.377
car_ID_1239,FLUSH,3186,car,307,399,307,399,0.3779,2026-07-19 15:26:41.384,2026-07-19 15:26:41.852
car_ID_1240,FLUSH,3189,car,308,399,307,399,0.3330,2026-07-19 15:26:44.948,2026-07-19 15:26:45.713
person_ID_1328,FLUSH,3188,person,1028,384,1009,390,0.4172,2026-07-19 15:26:44.513,2026-07-19 15:26:46.877
person_ID_1330,FLUSH,3192,person,970,395,970,395,0.4206,2026-07-19 15:26:48.111,2026-07-19 15:26:48.582
car_ID_1241,FLUSH,3190,car,307,399,307,400,0.3228,2026-07-19 15:26:46.209,2026-07-19 15:26:49.109
person_ID_1332,FLUSH,3196,person,292,465,292,465,0.3921,2026-07-19 15:26:55.179,2026-07-19 15:26:55.645
car_ID_1242,FLUSH,3193,car,60,500,1031,429,0.7727,2026-07-19 15:26:52.583,2026-07-19 15:26:56.311
person_ID_1331,FLUSH,3195,person,54,525,961,397,0.6351,2026-07-19 15:26:53.578,2026-07-19 15:27:04.615
truck_ID_88,FLUSH,3198,truck,103,490,191,486,0.3766,2026-07-19 15:27:04.015,2026-07-19 15:27:04.647
car_ID_1244,FLUSH,3198,car,47,494,260,485,0.6004,2026-07-19 15:27:03.651,2026-07-19 15:27:05.154
person_ID_1329,FLUSH,3191,person,971,395,456,423,0.5048,2026-07-19 15:26:48.044,2026-07-19 15:27:05.381
person_ID_1333,FLUSH,3197,person,929,399,1020,395,0.4159,2026-07-19 15:27:03.578,2026-07-19 15:27:05.747
bus_ID_69,FLUSH,3199,bus,835,452,835,452,0.4202,2026-07-19 15:27:06.378,2026-07-19 15:27:06.378
car_ID_1245,FLUSH,3199,car,174,485,929,444,0.6593,2026-07-19 15:27:04.449,2026-07-19 15:27:06.746
truck_ID_89,FLUSH,3200,truck,551,475,944,441,0.4108,2026-07-19 15:27:05.513,2026-07-19 15:27:06.846
truck_ID_90,FLUSH,3199,truck,586,473,934,443,0.4359,2026-07-19 15:27:05.578,2026-07-19 15:27:07.246
bus_ID_68,FLUSH,3200,bus,728,459,1006,427,0.6037,2026-07-19 15:27:06.013,2026-07-19 15:27:07.346
person_ID_1334,FLUSH,3201,person,428,426,363,424,0.4694,2026-07-19 15:27:05.714,2026-07-19 15:27:07.646
car_ID_1246,FLUSH,3200,car,583,473,1036,416,0.4791,2026-07-19 15:27:05.578,2026-07-19 15:27:08.113
car_ID_1243,FLUSH,3194,car,308,399,307,399,0.3424,2026-07-19 15:26:52.918,2026-07-19 15:27:09.246
person_ID_1335,FLUSH,3201,person,317,428,311,436,0.5386,2026-07-19 15:27:08.813,2026-07-19 15:27:09.483
person_ID_1336,FLUSH,3202,person,284,432,51,501,0.6506,2026-07-19 15:27:09.516,2026-07-19 15:27:13.978
car_ID_1247,FLUSH,3203,car,308,398,308,399,0.3324,2026-07-19 15:27:09.613,2026-07-19 15:27:15.578
car_ID_1248,FLUSH,3204,car,308,399,307,398,0.3121,2026-07-19 15:27:16.186,2026-07-19 15:27:20.246
car_ID_1249,FLUSH,3205,car,308,399,307,399,0.3222,2026-07-19 15:27:23.553,2026-07-19 15:27:24.852
car_ID_1250,FLUSH,3206,car,307,399,308,399,0.3243,2026-07-19 15:27:25.218,2026-07-19 15:27:26.647
car_ID_1251,FLUSH,3207,car,307,398,307,399,0.3565,2026-07-19 15:27:27.514,2026-07-19 15:27:28.179
car_ID_1252,FLUSH,3208,car,308,399,308,399,0.3249,2026-07-19 15:27:31.453,2026-07-19 15:27:33.780
car_ID_1253,FLUSH,3209,car,308,399,308,399,0.3458,2026-07-19 15:27:35.979,2026-07-19 15:27:36.447
car_ID_1255,FLUSH,3211,car,308,400,308,400,0.3208,2026-07-19 15:28:14.355,2026-07-19 15:28:14.820
car_ID_1254,FLUSH,3210,car,1015,479,288,548,0.7600,2026-07-19 15:28:14.088,2026-07-19 15:28:16.984
car_ID_1256,FLUSH,3212,car,307,399,308,399,0.3179,2026-07-19 15:28:35.756,2026-07-19 15:28:36.989
car_ID_1257,FLUSH,3213,car,308,399,308,399,0.3101,2026-07-19 15:28:38.318,2026-07-19 15:28:38.782
car_ID_1258,FLUSH,3214,car,308,398,308,399,0.3319,2026-07-19 15:28:40.417,2026-07-19 15:28:41.286
car_ID_1259,FLUSH,3215,car,308,399,308,399,0.3279,2026-07-19 15:28:49.986,2026-07-19 15:28:50.451
car_ID_1260,FLUSH,3216,car,307,399,307,399,0.3351,2026-07-19 15:28:54.123,2026-07-19 15:28:54.593
car_ID_1261,FLUSH,3217,car,307,400,307,399,0.3282,2026-07-19 15:28:55.755,2026-07-19 15:28:57.819
car_ID_1262,FLUSH,3218,car,308,400,308,399,0.3565,2026-07-19 15:28:58.025,2026-07-19 15:28:58.652
bicycle_ID_1010,FLUSH,3219,bicycle,1022,481,946,510,0.3750,2026-07-19 15:29:02.425,2026-07-19 15:29:03.488
person_ID_1338,FLUSH,3224,person,790,520,769,530,0.5160,2026-07-19 15:29:03.856,2026-07-19 15:29:03.957
car_ID_1263,FLUSH,3223,car,308,399,308,399,0.3237,2026-07-19 15:29:02.993,2026-07-19 15:29:05.154
bicycle_ID_1012,FLUSH,3224,bicycle,836,518,500,538,0.5303,2026-07-19 15:29:03.652,2026-07-19 15:29:05.221
bicycle_ID_1011,FLUSH,3222,bicycle,1000,531,476,597,0.6433,2026-07-19 15:29:02.758,2026-07-19 15:29:05.520
person_ID_1339,FLUSH,3225,person,754,538,458,569,0.5953,2026-07-19 15:29:04.021,2026-07-19 15:29:05.588
bicycle_ID_1013,FLUSH,3226,bicycle,629,582,456,597,0.4224,2026-07-19 15:29:04.487,2026-07-19 15:29:05.620
bicycle_ID_1014,FLUSH,3227,bicycle,587,531,386,549,0.6814,2026-07-19 15:29:04.857,2026-07-19 15:29:06.152
person_ID_1337,FLUSH,3220,person,1015,478,379,525,0.6293,2026-07-19 15:29:02.626,2026-07-19 15:29:06.187
person_ID_1340,FLUSH,3228,person,163,526,58,518,0.5891,2026-07-19 15:29:06.654,2026-07-19 15:29:07.120
bicycle_ID_1015,FLUSH,3229,bicycle,142,549,102,542,0.5201,2026-07-19 15:29:06.720,2026-07-19 15:29:07.387
car_ID_1264,FLUSH,3233,car,308,399,307,399,0.3097,2026-07-19 15:29:09.057,2026-07-19 15:29:09.791
bicycle_ID_1016,FLUSH,3231,bicycle,1013,522,760,563,0.6588,2026-07-19 15:29:08.824,2026-07-19 15:29:10.420
person_ID_1341,FLUSH,3230,person,1020,502,455,570,0.7279,2026-07-19 15:29:08.824,2026-07-19 15:29:10.988
bicycle_ID_1017,FLUSH,3232,bicycle,993,528,457,592,0.7006,2026-07-19 15:29:08.991,2026-07-19 15:29:11.453
car_ID_1266,FLUSH,3237,car,308,399,308,399,0.3244,2026-07-19 15:29:11.120,2026-07-19 15:29:11.587
car_ID_1267,FLUSH,3238,car,308,399,308,399,0.3624,2026-07-19 15:29:11.820,2026-07-19 15:29:12.553
car_ID_1265,FLUSH,3234,car,1020,479,335,528,0.7436,2026-07-19 15:29:10.287,2026-07-19 15:29:13.122
car_ID_1268,FLUSH,3239,car,145,527,74,523,0.4753,2026-07-19 15:29:13.254,2026-07-19 15:29:14.052
car_ID_1269,FLUSH,3240,car,308,399,307,399,0.3342,2026-07-19 15:29:13.952,2026-07-19 15:29:14.487
car_ID_1270,FLUSH,3241,car,308,400,308,400,0.3030,2026-07-19 15:29:17.090,2026-07-19 15:29:17.552
car_ID_1271,FLUSH,3242,car,307,399,308,399,0.3291,2026-07-19 15:29:22.894,2026-07-19 15:29:23.759
car_ID_1272,FLUSH,3243,car,308,399,308,399,0.3312,2026-07-19 15:29:29.521,2026-07-19 15:29:30.558
bicycle_ID_1019,FLUSH,3247,bicycle,102,484,102,484,0.5133,2026-07-19 15:29:42.897,2026-07-19 15:29:43.358
bicycle_ID_1020,FLUSH,3248,bicycle,40,490,137,493,0.4811,2026-07-19 15:29:43.258,2026-07-19 15:29:44.424
person_ID_1343,FLUSH,3249,person,46,476,256,479,0.4993,2026-07-19 15:29:43.396,2026-07-19 15:29:45.193
bicycle_ID_1022,FLUSH,3251,bicycle,409,485,775,457,0.4755,2026-07-19 15:29:44.755,2026-07-19 15:29:47.454
person_ID_1344,FLUSH,3252,person,297,479,781,461,0.5412,2026-07-19 15:29:44.955,2026-07-19 15:29:48.089
person_ID_1345,FLUSH,3253,person,809,461,849,457,0.4812,2026-07-19 15:29:47.789,2026-07-19 15:29:48.154
car_ID_1273,FLUSH,3246,car,308,399,308,399,0.3414,2026-07-19 15:29:42.627,2026-07-19 15:29:48.222
bicycle_ID_1024,FLUSH,3254,bicycle,874,449,969,439,0.4456,2026-07-19 15:29:47.689,2026-07-19 15:29:48.422
bicycle_ID_1021,FLUSH,3250,bicycle,66,491,926,453,0.4700,2026-07-19 15:29:43.498,2026-07-19 15:29:48.593
bicycle_ID_1023,FLUSH,3253,bicycle,535,486,966,452,0.3975,2026-07-19 15:29:46.189,2026-07-19 15:29:48.858
bicycle_ID_1018,FLUSH,3244,bicycle,47,478,991,437,0.5017,2026-07-19 15:29:42.429,2026-07-19 15:29:49.095
person_ID_1346,FLUSH,3250,person,911,451,944,446,0.3413,2026-07-19 15:29:48.454,2026-07-19 15:29:49.196
person_ID_1342,FLUSH,3245,person,46,467,1028,423,0.5860,2026-07-19 15:29:42.527,2026-07-19 15:29:49.426
car_ID_1275,FLUSH,3253,car,1024,442,1031,441,0.6377,2026-07-19 15:29:49.358,2026-07-19 15:29:49.924
car_ID_1274,FLUSH,3255,car,308,400,307,399,0.3242,2026-07-19 15:29:49.229,2026-07-19 15:29:56.728
car_ID_1276,FLUSH,3256,car,307,400,308,400,0.3341,2026-07-19 15:29:57.294,2026-07-19 15:30:04.459
car_ID_1277,FLUSH,3257,car,307,399,308,399,0.3309,2026-07-19 15:30:05.095,2026-07-19 15:30:10.555
car_ID_1281,FLUSH,3261,car,343,383,342,382,0.3047,2026-07-19 15:30:14.627,2026-07-19 15:30:15.159
car_ID_1280,FLUSH,3260,car,343,383,327,395,0.3095,2026-07-19 15:30:14.459,2026-07-19 15:30:15.429
bus_ID_70,FLUSH,3259,bus,982,435,993,432,0.4891,2026-07-19 15:30:17.992,2026-07-19 15:30:18.155
bus_ID_71,FLUSH,3262,bus,996,431,996,431,0.3315,2026-07-19 15:30:18.192,2026-07-19 15:30:18.192
car_ID_1279,FLUSH,3259,car,45,491,996,432,0.8039,2026-07-19 15:30:12.455,2026-07-19 15:30:18.656
car_ID_1282,FLUSH,3262,car,991,432,1032,420,0.5242,2026-07-19 15:30:18.156,2026-07-19 15:30:19.227
truck_ID_91,FLUSH,3264,truck,934,498,934,498,0.4540,2026-07-19 15:30:28.359,2026-07-19 15:30:28.825
truck_ID_92,FLUSH,3265,truck,508,535,508,535,0.4465,2026-07-19 15:30:29.656,2026-07-19 15:30:30.123
car_ID_1283,FLUSH,3263,car,1025,469,446,538,0.7566,2026-07-19 15:30:27.661,2026-07-19 15:30:30.256
car_ID_1278,FLUSH,3258,car,308,399,307,399,0.3408,2026-07-19 15:30:11.290,2026-07-19 15:30:34.897
car_ID_1285,FLUSH,3267,car,343,382,343,382,0.3101,2026-07-19 15:30:41.328,2026-07-19 15:30:41.797
car_ID_1286,FLUSH,3268,car,343,382,343,382,0.3493,2026-07-19 15:30:54.467,2026-07-19 15:30:54.926
car_ID_1287,FLUSH,3269,car,1011,488,359,546,0.7779,2026-07-19 15:30:55.960,2026-07-19 15:30:58.227
car_ID_1288,FLUSH,3270,car,342,383,343,381,0.3060,2026-07-19 15:30:57.664,2026-07-19 15:30:58.227
car_ID_1289,FLUSH,3271,car,343,382,343,382,0.3106,2026-07-19 15:31:02.894,2026-07-19 15:31:04.095
car_ID_1290,FLUSH,3272,car,1019,485,378,561,0.8481,2026-07-19 15:31:11.261,2026-07-19 15:31:13.794
car_ID_1293,FLUSH,3275,car,123,534,95,535,0.4145,2026-07-19 15:31:14.062,2026-07-19 15:31:14.631
person_ID_1348,FLUSH,3278,person,108,442,131,439,0.5583,2026-07-19 15:31:21.463,2026-07-19 15:31:22.762
car_ID_1294,FLUSH,3277,car,1023,481,372,535,0.7824,2026-07-19 15:31:20.326,2026-07-19 15:31:23.427
person_ID_1349,FLUSH,3279,person,130,439,24,421,0.4794,2026-07-19 15:31:22.827,2026-07-19 15:31:27.329
person_ID_1347,FLUSH,3276,person,43,486,28,416,0.6227,2026-07-19 15:31:19.798,2026-07-19 15:31:28.028
person_ID_1350,FLUSH,3280,person,361,493,356,493,0.3857,2026-07-19 15:31:28.327,2026-07-19 15:31:29.395
person_ID_1351,FLUSH,3281,person,354,489,353,491,0.4273,2026-07-19 15:31:30.662,2026-07-19 15:31:31.828
car_ID_1295,FLUSH,3283,car,328,395,328,395,0.3030,2026-07-19 15:31:33.067,2026-07-19 15:31:33.531
person_ID_1352,FLUSH,3282,person,321,506,253,520,0.5918,2026-07-19 15:31:32.700,2026-07-19 15:31:33.764
car_ID_1284,FLUSH,3266,car,307,399,306,400,0.4013,2026-07-19 15:30:35.827,2026-07-19 15:32:12.367
car_ID_1297,FLUSH,3286,car,328,395,328,394,0.3074,2026-07-19 15:32:13.198,2026-07-19 15:32:14.069
person_ID_1353,FLUSH,3284,person,1026,391,25,417,0.6501,2026-07-19 15:31:49.428,2026-07-19 15:32:20.833
car_ID_1298,FLUSH,3288,car,79,541,1026,460,0.7235,2026-07-19 15:32:28.998,2026-07-19 15:32:31.971
person_ID_1354,FLUSH,3289,person,265,520,266,515,0.4108,2026-07-19 15:33:37.104,2026-07-19 15:33:37.137
person_ID_1355,FLUSH,3290,person,265,517,290,515,0.5457,2026-07-19 15:33:37.137,2026-07-19 15:33:37.936
car_ID_1299,FLUSH,3291,car,402,551,1027,457,0.7792,2026-07-19 15:33:49.774,2026-07-19 15:33:51.909
bicycle_ID_1026,FLUSH,3293,bicycle,55,523,55,523,0.6345,2026-07-19 15:33:54.070,2026-07-19 15:33:54.070
bicycle_ID_1025,FLUSH,3292,bicycle,49,514,140,525,0.4739,2026-07-19 15:33:54.005,2026-07-19 15:33:55.042
bicycle_ID_1027,FLUSH,3294,bicycle,335,522,366,520,0.3752,2026-07-19 15:33:55.471,2026-07-19 15:33:55.571
person_ID_1356,FLUSH,3293,person,57,509,274,511,0.5117,2026-07-19 15:33:54.106,2026-07-19 15:33:55.671
person_ID_1357,FLUSH,3294,person,369,517,1027,435,0.6439,2026-07-19 15:33:55.607,2026-07-19 15:33:59.670
bicycle_ID_1028,FLUSH,3295,bicycle,374,538,1020,449,0.6792,2026-07-19 15:33:55.639,2026-07-19 15:33:59.670
car_ID_1292,FLUSH,3274,car,343,382,341,382,0.3752,2026-07-19 15:31:12.362,2026-07-19 15:34:01.438
car_ID_1291,FLUSH,3273,car,55,477,1029,434,0.8869,2026-07-19 15:31:11.326,2026-07-19 15:34:05.371
person_ID_1358,FLUSH,3297,person,1009,506,515,571,0.5843,2026-07-19 15:34:04.442,2026-07-19 15:34:07.607
bicycle_ID_1029,FLUSH,3296,bicycle,1015,511,426,583,0.6662,2026-07-19 15:34:04.342,2026-07-19 15:34:07.971
person_ID_1359,FLUSH,3298,person,1018,360,1018,360,0.4028,2026-07-19 15:34:11.411,2026-07-19 15:34:11.875
car_ID_1301,FLUSH,3300,car,340,381,341,381,0.3298,2026-07-19 15:34:13.942,2026-07-19 15:34:15.471
car_ID_1300,FLUSH,3299,car,53,495,1029,432,0.8191,2026-07-19 15:34:13.277,2026-07-19 15:34:17.906
car_ID_1296,FLUSH,3285,car,306,400,307,402,0.4288,2026-07-19 15:32:12.633,2026-07-19 15:34:21.145
car_ID_1302,FLUSH,3301,car,307,401,307,402,0.3318,2026-07-19 15:34:25.050,2026-07-19 15:34:25.840
bicycle_ID_1030,FLUSH,3302,bicycle,287,494,287,494,0.4278,2026-07-19 15:34:31.376,2026-07-19 15:34:31.376
bicycle_ID_1031,FLUSH,3303,bicycle,313,492,345,488,0.3099,2026-07-19 15:34:31.512,2026-07-19 15:34:32.010
person_ID_1360,FLUSH,3305,person,826,443,826,443,0.3957,2026-07-19 15:34:33.010,2026-07-19 15:34:33.475
car_ID_1303,FLUSH,3304,car,307,402,307,402,0.3696,2026-07-19 15:34:31.776,2026-07-19 15:34:33.743
person_ID_1361,FLUSH,3306,person,847,443,942,440,0.4315,2026-07-19 15:34:33.076,2026-07-19 15:34:33.872
car_ID_1304,FLUSH,3307,car,307,402,308,402,0.3564,2026-07-19 15:34:34.840,2026-07-19 15:34:35.972
person_ID_1363,FLUSH,3312,person,1014,518,761,559,0.5719,2026-07-19 15:34:40.748,2026-07-19 15:34:42.142
bicycle_ID_1032,FLUSH,3309,bicycle,1021,492,758,542,0.5007,2026-07-19 15:34:40.247,2026-07-19 15:34:42.475
bicycle_ID_1034,FLUSH,3312,bicycle,743,558,743,558,0.3137,2026-07-19 15:34:42.174,2026-07-19 15:34:42.641
bicycle_ID_1035,FLUSH,3313,bicycle,569,571,569,571,0.4705,2026-07-19 15:34:43.072,2026-07-19 15:34:43.550
bicycle_ID_1033,FLUSH,3311,bicycle,1018,543,491,604,0.6859,2026-07-19 15:34:40.611,2026-07-19 15:34:43.741
person_ID_1362,FLUSH,3310,person,1016,486,481,550,0.5636,2026-07-19 15:34:40.413,2026-07-19 15:34:43.907
truck_ID_93,FLUSH,3314,truck,944,487,873,497,0.3289,2026-07-19 15:34:46.073,2026-07-19 15:34:46.376
car_ID_1306,FLUSH,3314,car,1012,476,853,498,0.7409,2026-07-19 15:34:45.612,2026-07-19 15:34:46.875
car_ID_1308,FLUSH,3316,car,475,524,475,524,0.3639,2026-07-19 15:34:47.507,2026-07-19 15:34:47.507
truck_ID_94,FLUSH,3315,truck,949,486,475,524,0.4896,2026-07-19 15:34:46.073,2026-07-19 15:34:47.507
truck_ID_95,FLUSH,3316,truck,607,517,464,523,0.3804,2026-07-19 15:34:47.173,2026-07-19 15:34:48.008
car_ID_1307,FLUSH,3315,car,892,494,429,525,0.6382,2026-07-19 15:34:46.272,2026-07-19 15:34:48.107
car_ID_1309,FLUSH,3317,car,340,381,340,381,0.3315,2026-07-19 15:34:47.873,2026-07-19 15:34:48.340
truck_ID_97,FLUSH,3319,truck,547,537,547,537,0.4727,2026-07-19 15:35:05.141,2026-07-19 15:35:05.141
truck_ID_96,FLUSH,3318,truck,534,538,416,543,0.4694,2026-07-19 15:35:05.141,2026-07-19 15:35:05.408
car_ID_1311,FLUSH,3319,car,524,540,417,543,0.5950,2026-07-19 15:35:05.173,2026-07-19 15:35:05.873
car_ID_1305,FLUSH,3308,car,307,402,307,401,0.3545,2026-07-19 15:34:36.841,2026-07-19 15:35:06.041
car_ID_1310,FLUSH,3318,car,1015,480,310,544,0.7270,2026-07-19 15:35:03.643,2026-07-19 15:35:06.108
car_ID_1312,FLUSH,3320,car,106,526,106,526,0.6153,2026-07-19 15:35:06.273,2026-07-19 15:35:06.741
car_ID_1313,FLUSH,3321,car,307,401,307,402,0.3515,2026-07-19 15:35:06.441,2026-07-19 15:35:26.378
car_ID_1314,FLUSH,3322,car,307,402,307,402,0.3549,2026-07-19 15:35:26.875,2026-07-19 15:35:28.642
car_ID_1315,FLUSH,3323,car,307,402,307,402,0.3503,2026-07-19 15:35:28.778,2026-07-19 15:35:52.682
car_ID_1316,FLUSH,3324,car,307,402,307,403,0.3429,2026-07-19 15:35:53.082,2026-07-19 15:36:00.447
car_ID_1319,FLUSH,3327,car,964,456,912,462,0.3891,2026-07-19 15:36:26.082,2026-07-19 15:36:26.649
car_ID_1318,FLUSH,3326,car,1015,478,418,538,0.7975,2026-07-19 15:36:25.549,2026-07-19 15:36:27.920
car_ID_1320,FLUSH,3328,car,1014,488,303,548,0.7919,2026-07-19 15:36:45.088,2026-07-19 15:36:47.616
car_ID_1321,FLUSH,3329,car,78,511,1023,434,0.7388,2026-07-19 15:36:57.347,2026-07-19 15:37:00.518
person_ID_1364,FLUSH,3330,person,1034,392,722,402,0.5063,2026-07-19 15:37:03.947,2026-07-19 15:37:15.283
car_ID_1322,FLUSH,3331,car,1015,490,344,557,0.8114,2026-07-19 15:37:13.548,2026-07-19 15:37:16.049
person_ID_1366,FLUSH,3333,person,425,416,426,415,0.3469,2026-07-19 15:37:22.385,2026-07-19 15:37:23.284
person_ID_1367,FLUSH,3334,person,407,416,407,416,0.3500,2026-07-19 15:37:22.854,2026-07-19 15:37:23.352
car_ID_1317,FLUSH,3325,car,307,402,306,403,0.3543,2026-07-19 15:36:00.820,2026-07-19 15:37:25.990
bus_ID_72,FLUSH,3335,bus,954,494,949,496,0.4952,2026-07-19 15:37:26.890,2026-07-19 15:37:26.923
car_ID_1324,FLUSH,3336,car,903,504,560,539,0.4540,2026-07-19 15:37:27.120,2026-07-19 15:37:28.055
truck_ID_98,FLUSH,3335,truck,944,497,386,545,0.5704,2026-07-19 15:37:26.957,2026-07-19 15:37:28.454
truck_ID_99,FLUSH,3336,truck,920,502,530,541,0.5931,2026-07-19 15:37:27.086,2026-07-19 15:37:28.557
car_ID_1323,FLUSH,3335,car,1016,473,349,544,0.4862,2026-07-19 15:37:26.492,2026-07-19 15:37:28.984
car_ID_1326,FLUSH,3339,car,49,520,49,520,0.3921,2026-07-19 15:37:29.616,2026-07-19 15:37:30.088
car_ID_1325,FLUSH,3337,car,307,402,307,402,0.3739,2026-07-19 15:37:27.385,2026-07-19 15:37:30.120
person_ID_1365,FLUSH,3332,person,693,404,49,516,0.5211,2026-07-19 15:37:15.615,2026-07-19 15:37:32.817
car_ID_1327,FLUSH,3340,car,307,401,306,403,0.3644,2026-07-19 15:37:31.453,2026-07-19 15:37:36.217
person_ID_1369,FLUSH,3343,person,426,415,427,416,0.3486,2026-07-19 15:37:40.124,2026-07-19 15:37:41.618
car_ID_1329,FLUSH,3344,car,997,456,997,456,0.3602,2026-07-19 15:37:43.489,2026-07-19 15:37:43.489
truck_ID_101,FLUSH,3344,truck,972,468,968,470,0.4708,2026-07-19 15:37:43.656,2026-07-19 15:37:43.688
bus_ID_74,FLUSH,3345,bus,973,467,968,469,0.5046,2026-07-19 15:37:43.656,2026-07-19 15:37:43.688
truck_ID_100,FLUSH,3345,truck,990,462,962,469,0.3627,2026-07-19 15:37:43.556,2026-07-19 15:37:44.189
person_ID_1368,FLUSH,3338,person,26,420,620,413,0.6218,2026-07-19 15:37:28.384,2026-07-19 15:37:44.952
car_ID_1328,FLUSH,3342,car,306,403,307,402,0.3733,2026-07-19 15:37:36.852,2026-07-19 15:37:45.618
bus_ID_73,FLUSH,3344,bus,1010,448,422,501,0.8414,2026-07-19 15:37:43.421,2026-07-19 15:37:45.885
car_ID_1330,FLUSH,3348,car,307,402,307,402,0.3624,2026-07-19 15:37:46.317,2026-07-19 15:37:46.885
bus_ID_75,FLUSH,3346,bus,419,504,255,505,0.6269,2026-07-19 15:37:45.917,2026-07-19 15:37:46.885
truck_ID_102,FLUSH,3346,truck,131,492,124,493,0.3412,2026-07-19 15:37:47.385,2026-07-19 15:37:47.918
car_ID_1331,FLUSH,3349,car,307,402,307,402,0.3445,2026-07-19 15:37:47.986,2026-07-19 15:37:49.955
car_ID_1332,FLUSH,3350,car,1013,490,368,539,0.7773,2026-07-19 15:37:50.324,2026-07-19 15:37:53.154
car_ID_1333,FLUSH,3351,car,307,402,307,402,0.3433,2026-07-19 15:37:50.458,2026-07-19 15:37:53.491
person_ID_1370,FLUSH,3347,person,689,410,982,396,0.5905,2026-07-19 15:37:46.253,2026-07-19 15:37:56.353
car_ID_1334,FLUSH,3352,car,307,403,307,402,0.3195,2026-07-19 15:37:54.517,2026-07-19 15:37:56.853
person_ID_1371,FLUSH,3353,person,1014,388,1015,387,0.4026,2026-07-19 15:37:57.125,2026-07-19 15:37:57.623
person_ID_1372,FLUSH,3355,person,1027,385,1034,385,0.4061,2026-07-19 15:37:57.758,2026-07-19 15:37:58.557
car_ID_1335,FLUSH,3354,car,307,402,308,402,0.3176,2026-07-19 15:37:57.223,2026-07-19 15:37:59.190
car_ID_1336,FLUSH,3357,car,307,401,307,401,0.3636,2026-07-19 15:38:00.487,2026-07-19 15:38:00.957
person_ID_1374,FLUSH,3358,person,577,417,577,417,0.4491,2026-07-19 15:38:03.854,2026-07-19 15:38:03.955
person_ID_1373,FLUSH,3356,person,1026,392,474,419,0.5237,2026-07-19 15:37:59.921,2026-07-19 15:38:05.091
person_ID_1375,FLUSH,3359,person,411,414,404,418,0.3545,2026-07-19 15:38:05.121,2026-07-19 15:38:05.627
person_ID_1376,FLUSH,3360,person,252,421,211,423,0.3619,2026-07-19 15:38:06.286,2026-07-19 15:38:07.086
bicycle_ID_1036,FLUSH,3362,bicycle,66,498,87,503,0.5490,2026-07-19 15:38:07.220,2026-07-19 15:38:07.422
person_ID_1379,FLUSH,3364,person,60,485,94,484,0.3501,2026-07-19 15:38:07.253,2026-07-19 15:38:07.987
person_ID_1377,FLUSH,3361,person,186,424,34,422,0.4422,2026-07-19 15:38:06.888,2026-07-19 15:38:08.654
person_ID_1378,FLUSH,3363,person,48,470,259,465,0.4103,2026-07-19 15:38:07.020,2026-07-19 15:38:08.854
person_ID_1380,FLUSH,3362,person,109,493,225,479,0.4902,2026-07-19 15:38:07.587,2026-07-19 15:38:08.854
bicycle_ID_1037,FLUSH,3365,bicycle,229,513,229,513,0.3707,2026-07-19 15:38:08.386,2026-07-19 15:38:08.854
person_ID_1381,FLUSH,3367,person,303,491,322,491,0.5180,2026-07-19 15:38:08.854,2026-07-19 15:38:09.419
person_ID_1382,FLUSH,3368,person,336,466,352,461,0.4131,2026-07-19 15:38:08.886,2026-07-19 15:38:09.419
bicycle_ID_1038,FLUSH,3366,bicycle,292,505,333,509,0.4802,2026-07-19 15:38:08.754,2026-07-19 15:38:09.418
bicycle_ID_1040,FLUSH,3371,bicycle,473,495,512,496,0.4313,2026-07-19 15:38:09.786,2026-07-19 15:38:10.457
person_ID_1384,FLUSH,3372,person,776,447,776,447,0.3850,2026-07-19 15:38:11.923,2026-07-19 15:38:12.391
person_ID_1385,FLUSH,3373,person,797,435,827,440,0.3714,2026-07-19 15:38:12.058,2026-07-19 15:38:12.687
bicycle_ID_1039,FLUSH,3369,bicycle,438,495,930,450,0.4884,2026-07-19 15:38:09.586,2026-07-19 15:38:12.954
person_ID_1386,FLUSH,3374,person,869,437,921,431,0.3899,2026-07-19 15:38:12.590,2026-07-19 15:38:12.987
person_ID_1383,FLUSH,3370,person,442,473,971,436,0.5166,2026-07-19 15:38:09.618,2026-07-19 15:38:13.688
person_ID_1387,FLUSH,3375,person,929,428,1010,421,0.3688,2026-07-19 15:38:13.087,2026-07-19 15:38:14.255
bicycle_ID_1041,FLUSH,3374,bicycle,935,444,1019,429,0.3404,2026-07-19 15:38:13.019,2026-07-19 15:38:14.355
person_ID_1388,FLUSH,3376,person,1006,428,1025,421,0.4612,2026-07-19 15:38:13.523,2026-07-19 15:38:14.419
bicycle_ID_1042,FLUSH,3379,bicycle,74,478,232,476,0.4156,2026-07-19 15:38:17.319,2026-07-19 15:38:18.761
bicycle_ID_1044,FLUSH,3382,bicycle,121,486,121,486,0.3066,2026-07-19 15:38:18.558,2026-07-19 15:38:19.025
bicycle_ID_1043,FLUSH,3380,bicycle,75,487,133,487,0.4525,2026-07-19 15:38:18.324,2026-07-19 15:38:19.094
person_ID_1389,FLUSH,3378,person,52,456,353,458,0.4781,2026-07-19 15:38:17.254,2026-07-19 15:38:19.395
person_ID_1390,FLUSH,3381,person,68,476,302,480,0.4471,2026-07-19 15:38:18.324,2026-07-19 15:38:19.429
person_ID_1391,FLUSH,3383,person,469,460,524,454,0.4339,2026-07-19 15:38:19.561,2026-07-19 15:38:19.890
bicycle_ID_1047,FLUSH,3385,bicycle,418,480,437,479,0.3885,2026-07-19 15:38:19.988,2026-07-19 15:38:20.055
bicycle_ID_1048,FLUSH,3386,bicycle,741,451,741,451,0.3493,2026-07-19 15:38:21.089,2026-07-19 15:38:21.089
bicycle_ID_1046,FLUSH,3383,bicycle,543,464,614,474,0.4514,2026-07-19 15:38:19.921,2026-07-19 15:38:21.326
person_ID_1393,FLUSH,3385,person,451,470,621,462,0.4916,2026-07-19 15:38:20.088,2026-07-19 15:38:21.359
person_ID_1392,FLUSH,3384,person,542,452,645,458,0.4272,2026-07-19 15:38:19.955,2026-07-19 15:38:21.493
bicycle_ID_1045,FLUSH,3381,bicycle,259,482,808,458,0.4566,2026-07-19 15:38:19.224,2026-07-19 15:38:21.891
person_ID_1395,FLUSH,3387,person,668,457,838,448,0.4728,2026-07-19 15:38:21.160,2026-07-19 15:38:22.059
person_ID_1396,FLUSH,3389,person,859,444,896,442,0.4237,2026-07-19 15:38:22.226,2026-07-19 15:38:22.462
bicycle_ID_1049,FLUSH,3387,bicycle,821,454,1000,440,0.4753,2026-07-19 15:38:21.959,2026-07-19 15:38:23.089
bicycle_ID_1050,FLUSH,3390,bicycle,967,443,967,443,0.4741,2026-07-19 15:38:22.895,2026-07-19 15:38:23.355
person_ID_1394,FLUSH,3386,person,716,444,1031,420,0.5278,2026-07-19 15:38:20.955,2026-07-19 15:38:23.557
car_ID_1337,FLUSH,3388,car,1017,485,384,547,0.8122,2026-07-19 15:38:22.126,2026-07-19 15:38:24.654
person_ID_1397,FLUSH,3399,person,35,424,281,426,0.4443,2026-07-19 15:39:54.159,2026-07-19 15:39:56.692
person_ID_1398,FLUSH,3400,person,349,427,365,426,0.3571,2026-07-19 15:39:56.731,2026-07-19 15:39:57.291
person_ID_1399,FLUSH,3401,person,389,424,401,419,0.3082,2026-07-19 15:39:57.029,2026-07-19 15:39:57.560
person_ID_1400,FLUSH,3403,person,502,421,610,419,0.4334,2026-07-19 15:39:57.797,2026-07-19 15:39:58.630
person_ID_1401,FLUSH,3405,person,743,412,1030,397,0.4433,2026-07-19 15:39:59.692,2026-07-19 15:40:03.266
car_ID_1338,FLUSH,3405,car,1034,397,1035,398,0.3458,2026-07-19 15:40:03.296,2026-07-19 15:40:03.799
car_ID_1339,FLUSH,3407,car,83,508,83,508,0.5525,2026-07-19 15:40:45.431,2026-07-19 15:40:45.897
car_ID_1340,FLUSH,3408,car,340,500,1000,443,0.7154,2026-07-19 15:40:46.197,2026-07-19 15:40:48.703
bicycle_ID_1051,FLUSH,3412,bicycle,961,530,756,564,0.5030,2026-07-19 15:40:56.136,2026-07-19 15:40:57.201
bicycle_ID_1052,FLUSH,3413,bicycle,819,559,819,559,0.3814,2026-07-19 15:40:56.904,2026-07-19 15:40:57.366
person_ID_1402,FLUSH,3411,person,977,510,721,553,0.6214,2026-07-19 15:40:56.035,2026-07-19 15:40:57.870
bicycle_ID_1054,FLUSH,3417,bicycle,625,581,492,593,0.4691,2026-07-19 15:40:57.835,2026-07-19 15:40:58.303
person_ID_1403,FLUSH,3415,person,649,557,464,569,0.6364,2026-07-19 15:40:57.703,2026-07-19 15:40:58.863
bicycle_ID_1053,FLUSH,3416,bicycle,619,582,475,593,0.3958,2026-07-19 15:40:57.803,2026-07-19 15:40:58.863
bicycle_ID_1055,FLUSH,3420,bicycle,1014,494,1006,496,0.6791,2026-07-19 15:41:12.639,2026-07-19 15:41:12.673
person_ID_1404,FLUSH,3420,person,1003,491,438,558,0.6893,2026-07-19 15:41:12.706,2026-07-19 15:41:15.398
bicycle_ID_1056,FLUSH,3421,bicycle,1001,509,437,578,0.6744,2026-07-19 15:41:12.737,2026-07-19 15:41:15.398
car_ID_1342,FLUSH,3423,car,106,520,145,516,0.3328,2026-07-19 15:41:36.732,2026-07-19 15:41:37.238
truck_ID_103,FLUSH,3422,truck,477,505,791,476,0.4345,2026-07-19 15:41:37.838,2026-07-19 15:41:38.738
car_ID_1341,FLUSH,3422,car,102,512,916,463,0.4721,2026-07-19 15:41:36.499,2026-07-19 15:41:39.565
car_ID_1343,FLUSH,3424,car,364,504,1023,437,0.7481,2026-07-19 15:41:37.142,2026-07-19 15:41:39.732
car_ID_1344,FLUSH,3425,car,1014,491,336,552,0.7744,2026-07-19 15:41:44.539,2026-07-19 15:41:47.332
car_ID_1345,FLUSH,3434,car,57,509,114,504,0.3965,2026-07-19 15:43:03.840,2026-07-19 15:43:04.540
car_ID_1347,FLUSH,3436,car,307,400,307,400,0.3378,2026-07-19 15:43:05.078,2026-07-19 15:43:05.782
truck_ID_104,FLUSH,3437,truck,661,482,661,482,0.4164,2026-07-19 15:43:05.341,2026-07-19 15:43:05.814
bus_ID_76,FLUSH,3435,bus,978,448,983,447,0.4759,2026-07-19 15:43:06.240,2026-07-19 15:43:06.275
truck_ID_105,FLUSH,3435,truck,911,457,989,445,0.5547,2026-07-19 15:43:05.978,2026-07-19 15:43:06.307
car_ID_1346,FLUSH,3435,car,442,498,1031,428,0.7061,2026-07-19 15:43:04.881,2026-07-19 15:43:07.072
car_ID_1348,FLUSH,3438,car,1022,474,870,507,0.7275,2026-07-19 15:43:54.142,2026-07-19 15:43:54.742
truck_ID_106,FLUSH,3439,truck,907,502,871,507,0.3889,2026-07-19 15:43:54.678,2026-07-19 15:43:54.742
truck_ID_107,FLUSH,3438,truck,855,509,855,509,0.3339,2026-07-19 15:43:54.780,2026-07-19 15:43:55.239
car_ID_1350,FLUSH,3440,car,306,400,306,399,0.3135,2026-07-19 15:43:55.307,2026-07-19 15:43:55.839
car_ID_1349,FLUSH,3439,car,854,509,490,539,0.7376,2026-07-19 15:43:54.780,2026-07-19 15:43:55.939
truck_ID_108,FLUSH,3443,truck,44,470,44,470,0.4456,2026-07-19 15:44:53.879,2026-07-19 15:44:53.879
car_ID_1351,FLUSH,3442,car,306,400,306,399,0.3538,2026-07-19 15:44:53.879,2026-07-19 15:44:54.982
bus_ID_78,FLUSH,3444,bus,575,464,622,460,0.5780,2026-07-19 15:44:55.910,2026-07-19 15:44:56.478
car_ID_1352,FLUSH,3445,car,308,399,306,399,0.3420,2026-07-19 15:44:56.645,2026-07-19 15:44:58.078
bus_ID_77,FLUSH,3443,bus,53,475,1009,416,0.8118,2026-07-19 15:44:53.911,2026-07-19 15:44:58.983
car_ID_1353,FLUSH,3443,car,1020,412,1035,404,0.4967,2026-07-19 15:44:59.014,2026-07-19 15:44:59.649
car_ID_1354,FLUSH,3446,car,306,399,306,400,0.3288,2026-07-19 15:45:06.780,2026-07-19 15:45:07.278
car_ID_1355,FLUSH,3447,car,306,399,306,399,0.3147,2026-07-19 15:45:10.749,2026-07-19 15:45:11.682
car_ID_1356,FLUSH,3448,car,306,399,306,399,0.3246,2026-07-19 15:45:14.946,2026-07-19 15:45:16.210
car_ID_1357,FLUSH,3449,car,306,399,306,399,0.3030,2026-07-19 15:45:17.916,2026-07-19 15:45:18.383
bicycle_ID_1059,FLUSH,3454,bicycle,1018,531,1001,526,0.6620,2026-07-19 15:45:19.053,2026-07-19 15:45:19.253
bicycle_ID_1060,FLUSH,3455,bicycle,705,570,472,584,0.4747,2026-07-19 15:45:20.346,2026-07-19 15:45:21.379
bicycle_ID_1057,FLUSH,3450,bicycle,1015,528,466,583,0.6627,2026-07-19 15:45:18.451,2026-07-19 15:45:21.882
person_ID_1405,FLUSH,3451,person,1018,503,458,559,0.6815,2026-07-19 15:45:18.482,2026-07-19 15:45:21.913
person_ID_1406,FLUSH,3454,person,1004,517,483,589,0.6339,2026-07-19 15:45:19.286,2026-07-19 15:45:22.411
person_ID_1407,FLUSH,3455,person,467,587,467,587,0.5347,2026-07-19 15:45:22.011,2026-07-19 15:45:22.479
bicycle_ID_1058,FLUSH,3452,bicycle,995,531,454,611,0.6650,2026-07-19 15:45:18.688,2026-07-19 15:45:22.579
car_ID_1361,FLUSH,3458,car,344,380,343,380,0.3208,2026-07-19 15:45:24.716,2026-07-19 15:45:25.286
car_ID_1362,FLUSH,3459,car,646,517,613,519,0.3910,2026-07-19 15:45:24.854,2026-07-19 15:45:25.416
car_ID_1359,FLUSH,3456,car,1016,491,413,551,0.7935,2026-07-19 15:45:22.646,2026-07-19 15:45:26.248
car_ID_1360,FLUSH,3457,car,63,493,1021,438,0.8055,2026-07-19 15:45:23.448,2026-07-19 15:45:27.546
car_ID_1358,FLUSH,3453,car,307,399,306,399,0.3482,2026-07-19 15:45:19.018,2026-07-19 15:45:34.613
person_ID_1408,FLUSH,3460,person,27,415,279,423,0.5662,2026-07-19 15:45:26.679,2026-07-19 15:45:35.082
person_ID_1409,FLUSH,3461,person,308,420,314,422,0.4156,2026-07-19 15:45:35.380,2026-07-19 15:45:35.680
car_ID_1365,FLUSH,3464,car,592,514,487,524,0.4287,2026-07-19 15:45:37.053,2026-07-19 15:45:37.647
car_ID_1364,FLUSH,3462,car,1014,476,389,546,0.8301,2026-07-19 15:45:35.848,2026-07-19 15:45:37.817
person_ID_1411,FLUSH,3465,person,426,415,425,415,0.3279,2026-07-19 15:45:38.282,2026-07-19 15:45:38.784
car_ID_1363,FLUSH,3461,car,302,402,306,399,0.3808,2026-07-19 15:45:34.780,2026-07-19 15:45:39.580
person_ID_1412,FLUSH,3466,person,426,416,426,415,0.4261,2026-07-19 15:45:39.782,2026-07-19 15:45:40.312
person_ID_1410,FLUSH,3463,person,327,426,535,421,0.5184,2026-07-19 15:45:36.012,2026-07-19 15:45:42.517
car_ID_1366,FLUSH,3467,car,306,398,306,399,0.3469,2026-07-19 15:45:40.312,2026-07-19 15:45:42.652
car_ID_1367,FLUSH,3468,car,307,399,306,399,0.3401,2026-07-19 15:45:42.818,2026-07-19 15:45:45.947
person_ID_1413,FLUSH,3470,person,725,399,889,402,0.4425,2026-07-19 15:45:47.881,2026-07-19 15:45:53.720
bicycle_ID_1061,FLUSH,3471,bicycle,45,472,144,484,0.5242,2026-07-19 15:45:53.282,2026-07-19 15:45:53.817
person_ID_1414,FLUSH,3472,person,46,463,46,463,0.3422,2026-07-19 15:45:53.416,2026-07-19 15:45:53.882
person_ID_1415,FLUSH,3473,person,74,469,137,469,0.4818,2026-07-19 15:45:53.516,2026-07-19 15:45:54.282
person_ID_1416,FLUSH,3471,person,148,477,227,472,0.5192,2026-07-19 15:45:53.851,2026-07-19 15:45:54.749
person_ID_1418,FLUSH,3476,person,930,391,963,392,0.3858,2026-07-19 15:45:54.781,2026-07-19 15:45:56.516
bicycle_ID_1062,FLUSH,3475,bicycle,321,494,658,468,0.5762,2026-07-19 15:45:54.717,2026-07-19 15:45:56.648
bicycle_ID_1063,FLUSH,3477,bicycle,740,456,740,456,0.3422,2026-07-19 15:45:56.648,2026-07-19 15:45:57.122
bicycle_ID_1064,FLUSH,3478,bicycle,901,444,955,438,0.4979,2026-07-19 15:45:57.551,2026-07-19 15:45:58.316
person_ID_1417,FLUSH,3474,person,303,474,1000,425,0.5974,2026-07-19 15:45:54.651,2026-07-19 15:45:58.616
person_ID_1419,FLUSH,3479,person,1007,390,1035,388,0.4302,2026-07-19 15:45:57.816,2026-07-19 15:45:59.516
car_ID_1369,FLUSH,3480,car,1019,487,474,561,0.8388,2026-07-19 15:46:03.085,2026-07-19 15:46:05.349
car_ID_1371,FLUSH,3482,car,343,380,343,380,0.3279,2026-07-19 15:46:05.016,2026-07-19 15:46:06.549
car_ID_1370,FLUSH,3481,car,62,484,1028,436,0.8063,2026-07-19 15:46:04.717,2026-07-19 15:46:08.854
bicycle_ID_1065,FLUSH,3483,bicycle,1013,513,1013,513,0.3814,2026-07-19 15:46:09.123,2026-07-19 15:46:09.123
person_ID_1420,FLUSH,3483,person,1007,511,462,574,0.7727,2026-07-19 15:46:09.187,2026-07-19 15:46:11.116
car_ID_1368,FLUSH,3469,car,306,399,306,399,0.3504,2026-07-19 15:45:46.647,2026-07-19 15:46:11.483
bicycle_ID_1066,FLUSH,3484,bicycle,1006,521,460,598,0.7819,2026-07-19 15:46:09.154,2026-07-19 15:46:11.583
truck_ID_109,FLUSH,3486,truck,982,467,982,467,0.4577,2026-07-19 15:46:19.123,2026-07-19 15:46:19.123
car_ID_1373,FLUSH,3486,car,1025,467,973,469,0.5749,2026-07-19 15:46:18.782,2026-07-19 15:46:19.652
car_ID_1372,FLUSH,3485,car,306,399,306,398,0.3415,2026-07-19 15:46:11.616,2026-07-19 15:46:21.383
truck_ID_110,FLUSH,3487,truck,985,469,403,521,0.8106,2026-07-19 15:46:19.123,2026-07-19 15:46:21.417
car_ID_1374,FLUSH,3488,car,306,399,306,399,0.3374,2026-07-19 15:46:22.186,2026-07-19 15:46:30.887
car_ID_1375,FLUSH,3489,car,306,398,306,398,0.3707,2026-07-19 15:46:32.689,2026-07-19 15:46:33.156
car_ID_1376,FLUSH,3490,car,306,398,306,398,0.3491,2026-07-19 15:46:33.554,2026-07-19 15:46:38.183
car_ID_1377,FLUSH,3491,car,306,399,306,398,0.3469,2026-07-19 15:46:38.651,2026-07-19 15:46:40.887
car_ID_1381,FLUSH,3495,car,339,381,340,380,0.3314,2026-07-19 15:46:43.484,2026-07-19 15:46:44.458
car_ID_1379,FLUSH,3493,car,179,503,1031,435,0.7395,2026-07-19 15:46:41.523,2026-07-19 15:46:45.351
car_ID_1380,FLUSH,3494,car,61,493,1033,431,0.8192,2026-07-19 15:46:42.655,2026-07-19 15:46:46.886
bicycle_ID_1068,FLUSH,3498,bicycle,61,474,61,474,0.3422,2026-07-19 15:46:47.383,2026-07-19 15:46:47.856
person_ID_1421,FLUSH,3497,person,206,472,206,472,0.4884,2026-07-19 15:46:47.925,2026-07-19 15:46:47.925
car_ID_1382,FLUSH,3496,car,59,501,1029,434,0.7240,2026-07-19 15:46:44.684,2026-07-19 15:46:48.683
bicycle_ID_1069,FLUSH,3499,bicycle,740,453,740,453,0.3529,2026-07-19 15:46:49.984,2026-07-19 15:46:50.454
bicycle_ID_1067,FLUSH,3497,bicycle,67,478,980,431,0.5074,2026-07-19 15:46:47.351,2026-07-19 15:46:51.051
car_ID_1378,FLUSH,3492,car,306,399,306,398,0.3561,2026-07-19 15:46:41.054,2026-07-19 15:46:53.018
car_ID_1385,FLUSH,3502,car,339,381,340,380,0.3199,2026-07-19 15:46:58.684,2026-07-19 15:46:59.456
car_ID_1384,FLUSH,3501,car,53,502,1029,434,0.7777,2026-07-19 15:46:57.720,2026-07-19 15:47:01.319
car_ID_1386,FLUSH,3503,car,81,508,1029,431,0.7661,2026-07-19 15:47:00.623,2026-07-19 15:47:04.352
bicycle_ID_1072,FLUSH,3507,bicycle,100,483,100,483,0.3493,2026-07-19 15:47:05.987,2026-07-19 15:47:06.453
person_ID_1424,FLUSH,3504,person,187,490,187,490,0.3493,2026-07-19 15:47:06.652,2026-07-19 15:47:06.819
person_ID_1423,FLUSH,3508,person,50,496,115,498,0.5716,2026-07-19 15:47:06.057,2026-07-19 15:47:06.852
bicycle_ID_1071,FLUSH,3506,bicycle,43,507,119,515,0.5053,2026-07-19 15:47:05.953,2026-07-19 15:47:06.852
person_ID_1422,FLUSH,3505,person,63,469,242,484,0.4875,2026-07-19 15:47:05.720,2026-07-19 15:47:07.420
person_ID_1425,FLUSH,3509,person,308,474,308,474,0.4278,2026-07-19 15:47:07.420,2026-07-19 15:47:07.886
car_ID_1387,FLUSH,3513,car,340,380,340,380,0.3066,2026-07-19 15:47:07.822,2026-07-19 15:47:08.284
bicycle_ID_1073,FLUSH,3512,bicycle,342,492,488,483,0.5349,2026-07-19 15:47:07.586,2026-07-19 15:47:08.462
bicycle_ID_1075,FLUSH,3515,bicycle,539,490,613,482,0.4271,2026-07-19 15:47:08.120,2026-07-19 15:47:08.885
person_ID_1427,FLUSH,3511,person,333,463,561,455,0.4465,2026-07-19 15:47:07.586,2026-07-19 15:47:09.384
person_ID_1428,FLUSH,3516,person,583,453,583,453,0.5311,2026-07-19 15:47:09.120,2026-07-19 15:47:09.585
bicycle_ID_1074,FLUSH,3514,bicycle,424,484,653,467,0.5112,2026-07-19 15:47:08.120,2026-07-19 15:47:09.952
person_ID_1429,FLUSH,3517,person,643,450,678,443,0.3621,2026-07-19 15:47:09.484,2026-07-19 15:47:10.152
person_ID_1430,FLUSH,3518,person,747,440,747,440,0.3885,2026-07-19 15:47:10.184,2026-07-19 15:47:10.654
person_ID_1431,FLUSH,3519,person,801,442,833,438,0.4518,2026-07-19 15:47:10.552,2026-07-19 15:47:10.785
bicycle_ID_1077,FLUSH,3520,bicycle,806,454,806,454,0.3137,2026-07-19 15:47:10.654,2026-07-19 15:47:11.120
person_ID_1426,FLUSH,3510,person,395,488,1015,424,0.4996,2026-07-19 15:47:07.557,2026-07-19 15:47:11.225
bicycle_ID_1070,FLUSH,3504,bicycle,43,473,1011,432,0.5233,2026-07-19 15:47:05.452,2026-07-19 15:47:11.225
bicycle_ID_1076,FLUSH,3519,bicycle,749,458,841,449,0.3824,2026-07-19 15:47:10.184,2026-07-19 15:47:11.326
person_ID_1432,FLUSH,3521,person,873,428,873,428,0.4064,2026-07-19 15:47:11.161,2026-07-19 15:47:11.625
bicycle_ID_1078,FLUSH,3522,bicycle,924,441,951,432,0.3374,2026-07-19 15:47:11.558,2026-07-19 15:47:12.223
car_ID_1388,FLUSH,3523,car,1029,423,1029,423,0.4385,2026-07-19 15:47:12.556,2026-07-19 15:47:13.020
car_ID_1383,FLUSH,3500,car,306,399,306,399,0.3407,2026-07-19 15:46:53.287,2026-07-19 15:47:38.192
bicycle_ID_1079,FLUSH,3525,bicycle,1020,505,1013,505,0.4474,2026-07-19 15:48:08.690,2026-07-19 15:48:08.723
person_ID_1433,FLUSH,3525,person,1013,500,461,566,0.6975,2026-07-19 15:48:08.755,2026-07-19 15:48:11.161
bicycle_ID_1080,FLUSH,3526,bicycle,1004,516,447,591,0.7193,2026-07-19 15:48:08.790,2026-07-19 15:48:11.230
person_ID_1434,FLUSH,3527,person,957,394,729,415,0.4983,2026-07-19 15:48:13.755,2026-07-19 15:48:21.524
person_ID_1435,FLUSH,3528,person,523,419,519,421,0.3692,2026-07-19 15:48:26.391,2026-07-19 15:48:26.956
person_ID_1436,FLUSH,3529,person,421,425,421,425,0.4634,2026-07-19 15:48:28.957,2026-07-19 15:48:29.427
car_ID_1390,FLUSH,3530,car,342,381,342,381,0.3422,2026-07-19 15:48:29.328,2026-07-19 15:48:29.793
car_ID_1391,FLUSH,3531,car,340,380,341,381,0.3066,2026-07-19 15:48:31.291,2026-07-19 15:48:31.796
car_ID_1389,FLUSH,3524,car,307,398,306,398,0.3507,2026-07-19 15:47:38.357,2026-07-19 15:48:31.991
person_ID_1437,FLUSH,3533,person,187,428,156,430,0.4866,2026-07-19 15:48:35.061,2026-07-19 15:48:35.832
person_ID_1438,FLUSH,3534,person,118,431,98,431,0.3967,2026-07-19 15:48:36.824,2026-07-19 15:48:37.856
bicycle_ID_1082,FLUSH,3538,bicycle,985,524,931,530,0.4313,2026-07-19 15:48:38.388,2026-07-19 15:48:38.556
bicycle_ID_1081,FLUSH,3535,bicycle,1020,508,655,560,0.5922,2026-07-19 15:48:38.188,2026-07-19 15:48:39.389
person_ID_1441,FLUSH,3539,person,670,534,660,537,0.6084,2026-07-19 15:48:39.357,2026-07-19 15:48:39.424
person_ID_1439,FLUSH,3536,person,68,431,44,430,0.3658,2026-07-19 15:48:38.288,2026-07-19 15:48:39.556
person_ID_1440,FLUSH,3537,person,993,504,728,533,0.5169,2026-07-19 15:48:38.356,2026-07-19 15:48:39.656
person_ID_1442,FLUSH,3535,person,637,548,522,553,0.6068,2026-07-19 15:48:39.424,2026-07-19 15:48:40.188
bicycle_ID_1083,FLUSH,3539,bicycle,627,559,459,578,0.6553,2026-07-19 15:48:39.457,2026-07-19 15:48:40.357
car_ID_1393,FLUSH,3541,car,1018,471,391,519,0.7391,2026-07-19 15:48:48.357,2026-07-19 15:48:50.660
car_ID_1394,FLUSH,3542,car,342,381,342,381,0.3066,2026-07-19 15:48:50.393,2026-07-19 15:48:50.861
car_ID_1395,FLUSH,3543,car,130,521,89,522,0.6341,2026-07-19 15:48:50.793,2026-07-19 15:48:51.459
car_ID_1397,FLUSH,3545,car,341,381,341,381,0.3921,2026-07-19 15:49:00.861,2026-07-19 15:49:01.328
car_ID_1396,FLUSH,3544,car,77,506,1025,432,0.7478,2026-07-19 15:48:59.960,2026-07-19 15:49:03.725
car_ID_1392,FLUSH,3532,car,307,398,306,398,0.4026,2026-07-19 15:48:32.356,2026-07-19 15:49:19.303
person_ID_1443,FLUSH,3546,person,30,424,292,421,0.5186,2026-07-19 15:49:12.530,2026-07-19 15:49:19.763
person_ID_1444,FLUSH,3547,person,315,422,459,421,0.5098,2026-07-19 15:49:19.897,2026-07-19 15:49:23.730
person_ID_1445,FLUSH,3549,person,476,416,603,414,0.5083,2026-07-19 15:49:23.763,2026-07-19 15:49:26.695
person_ID_1447,FLUSH,3551,person,891,395,891,395,0.4278,2026-07-19 15:49:34.664,2026-07-19 15:49:35.127
person_ID_1446,FLUSH,3550,person,635,414,972,397,0.5316,2026-07-19 15:49:27.427,2026-07-19 15:49:37.227
person_ID_1448,FLUSH,3552,person,1000,393,1033,390,0.4296,2026-07-19 15:49:37.963,2026-07-19 15:49:39.663
car_ID_1399,FLUSH,3553,car,24,419,25,418,0.3125,2026-07-19 15:49:49.567,2026-07-19 15:49:49.732
person_ID_1449,FLUSH,3553,person,27,415,64,428,0.3827,2026-07-19 15:49:49.767,2026-07-19 15:49:51.701
bicycle_ID_1084,FLUSH,3553,bicycle,40,431,76,433,0.3322,2026-07-19 15:49:50.932,2026-07-19 15:49:52.497
bicycle_ID_1085,FLUSH,3554,bicycle,96,433,96,433,0.4052,2026-07-19 15:49:53.363,2026-07-19 15:49:53.829
person_ID_1450,FLUSH,3555,person,133,428,137,426,0.3615,2026-07-19 15:49:54.364,2026-07-19 15:49:54.496
bicycle_ID_1087,FLUSH,3556,bicycle,153,435,153,435,0.3208,2026-07-19 15:49:55.496,2026-07-19 15:49:55.964
bicycle_ID_1086,FLUSH,3555,bicycle,140,437,177,437,0.3698,2026-07-19 15:49:55.064,2026-07-19 15:49:56.330
bicycle_ID_1089,FLUSH,3557,bicycle,184,434,185,435,0.5338,2026-07-19 15:49:56.528,2026-07-19 15:49:56.903
person_ID_1451,FLUSH,3555,person,189,426,205,416,0.3819,2026-07-19 15:49:56.399,2026-07-19 15:49:57.368
person_ID_1452,FLUSH,3557,person,200,424,200,424,0.3210,2026-07-19 15:49:57.534,2026-07-19 15:49:58.030
person_ID_1453,FLUSH,3559,person,224,415,242,411,0.3775,2026-07-19 15:49:57.566,2026-07-19 15:49:58.729
car_ID_1398,FLUSH,3548,car,305,397,306,399,0.4444,2026-07-19 15:49:19.964,2026-07-19 15:50:00.197
bicycle_ID_1088,FLUSH,3558,bicycle,182,435,303,433,0.4387,2026-07-19 15:49:56.464,2026-07-19 15:50:01.096
car_ID_1400,FLUSH,3558,car,307,407,307,407,0.3208,2026-07-19 15:50:01.130,2026-07-19 15:50:01.229
person_ID_1454,FLUSH,3558,person,328,413,341,408,0.3843,2026-07-19 15:50:01.264,2026-07-19 15:50:02.202
person_ID_1456,FLUSH,3560,person,378,427,378,427,0.3030,2026-07-19 15:50:04.069,2026-07-19 15:50:04.133
person_ID_1457,FLUSH,3560,person,410,425,410,425,0.3279,2026-07-19 15:50:05.329,2026-07-19 15:50:05.396
bicycle_ID_1090,FLUSH,3560,bicycle,310,434,515,423,0.4069,2026-07-19 15:50:01.364,2026-07-19 15:50:08.998
person_ID_1458,FLUSH,3560,person,468,421,521,421,0.3692,2026-07-19 15:50:07.569,2026-07-19 15:50:09.669
person_ID_1459,FLUSH,3564,person,555,420,555,420,0.3992,2026-07-19 15:50:10.335,2026-07-19 15:50:10.801
bicycle_ID_1092,FLUSH,3565,bicycle,621,428,623,429,0.3473,2026-07-19 15:50:12.597,2026-07-19 15:50:13.097
bicycle_ID_1093,FLUSH,3566,bicycle,722,420,751,415,0.3814,2026-07-19 15:50:16.264,2026-07-19 15:50:17.765
person_ID_1461,FLUSH,3563,person,789,411,789,411,0.3779,2026-07-19 15:50:18.700,2026-07-19 15:50:18.730
person_ID_1460,FLUSH,3566,person,748,408,795,405,0.3461,2026-07-19 15:50:17.266,2026-07-19 15:50:19.698
bicycle_ID_1091,FLUSH,3563,bicycle,518,432,817,410,0.4237,2026-07-19 15:50:09.164,2026-07-19 15:50:19.897
person_ID_1462,FLUSH,3563,person,823,409,836,401,0.3467,2026-07-19 15:50:19.942,2026-07-19 15:50:21.370
bicycle_ID_1094,FLUSH,3562,bicycle,817,410,866,409,0.3647,2026-07-19 15:50:19.942,2026-07-19 15:50:21.901
person_ID_1464,FLUSH,3569,person,872,402,872,402,0.3173,2026-07-19 15:50:22.398,2026-07-19 15:50:22.398
car_ID_1402,FLUSH,3568,car,343,382,343,382,0.3066,2026-07-19 15:50:22.169,2026-07-19 15:50:22.630
person_ID_1463,FLUSH,3567,person,876,402,889,400,0.3665,2026-07-19 15:50:21.969,2026-07-19 15:50:22.965
bicycle_ID_1096,FLUSH,3569,bicycle,876,410,874,412,0.3456,2026-07-19 15:50:22.430,2026-07-19 15:50:23.030
person_ID_1455,FLUSH,3562,person,404,410,913,397,0.4100,2026-07-19 15:50:03.836,2026-07-19 15:50:24.730
bicycle_ID_1095,FLUSH,3567,bicycle,873,407,944,402,0.3657,2026-07-19 15:50:22.201,2026-07-19 15:50:25.631
person_ID_1465,FLUSH,3570,person,900,405,940,395,0.3671,2026-07-19 15:50:23.030,2026-07-19 15:50:26.066
person_ID_1467,FLUSH,3571,person,952,398,954,399,0.3757,2026-07-19 15:50:25.431,2026-07-19 15:50:26.066
person_ID_1466,FLUSH,3567,person,929,394,950,397,0.3555,2026-07-19 15:50:24.999,2026-07-19 15:50:26.165
person_ID_1468,FLUSH,3572,person,960,395,980,394,0.4382,2026-07-19 15:50:26.598,2026-07-19 15:50:27.969
person_ID_1469,FLUSH,3573,person,980,398,1000,398,0.3338,2026-07-19 15:50:26.730,2026-07-19 15:50:27.969
person_ID_1470,FLUSH,3574,person,1018,394,1021,396,0.3456,2026-07-19 15:50:28.471,2026-07-19 15:50:29.104
person_ID_1471,FLUSH,3575,person,1003,393,1030,391,0.3574,2026-07-19 15:50:28.534,2026-07-19 15:50:30.365
car_ID_1403,FLUSH,3576,car,1016,490,419,560,0.7845,2026-07-19 15:50:34.472,2026-07-19 15:50:36.498
car_ID_1404,FLUSH,3577,car,56,508,1022,440,0.8299,2026-07-19 15:50:45.531,2026-07-19 15:50:49.170
car_ID_1406,FLUSH,3579,car,343,382,344,382,0.3239,2026-07-19 15:50:49.735,2026-07-19 15:50:50.866
car_ID_1405,FLUSH,3578,car,69,492,1022,436,0.8187,2026-07-19 15:50:49.035,2026-07-19 15:50:53.532
bicycle_ID_1097,FLUSH,3580,bicycle,49,489,54,488,0.6024,2026-07-19 15:50:54.599,2026-07-19 15:50:54.631
bicycle_ID_1100,FLUSH,3583,bicycle,45,478,45,478,0.3779,2026-07-19 15:50:55.034,2026-07-19 15:50:55.034
person_ID_1472,FLUSH,3580,person,53,480,232,477,0.4192,2026-07-19 15:50:54.699,2026-07-19 15:50:56.100
bicycle_ID_1099,FLUSH,3582,bicycle,46,478,164,484,0.5661,2026-07-19 15:50:55.003,2026-07-19 15:50:56.399
bicycle_ID_1101,FLUSH,3584,bicycle,176,485,232,484,0.4784,2026-07-19 15:50:55.999,2026-07-19 15:50:56.799
bicycle_ID_1103,FLUSH,3587,bicycle,409,481,460,479,0.4135,2026-07-19 15:50:57.301,2026-07-19 15:50:57.568
car_ID_1407,FLUSH,3586,car,343,382,342,382,0.3286,2026-07-19 15:50:56.999,2026-07-19 15:50:58.101
bicycle_ID_1105,FLUSH,3587,bicycle,648,468,681,465,0.5622,2026-07-19 15:50:58.804,2026-07-19 15:50:59.002
bicycle_ID_1104,FLUSH,3588,bicycle,546,492,798,480,0.4700,2026-07-19 15:50:57.433,2026-07-19 15:50:59.332
person_ID_1474,FLUSH,3585,person,324,482,846,463,0.5096,2026-07-19 15:50:56.299,2026-07-19 15:50:59.402
person_ID_1476,FLUSH,3581,person,879,464,904,459,0.4158,2026-07-19 15:50:59.505,2026-07-19 15:50:59.932
bicycle_ID_1107,FLUSH,3590,bicycle,862,454,862,454,0.3066,2026-07-19 15:51:00.267,2026-07-19 15:51:00.267
bicycle_ID_1102,FLUSH,3580,bicycle,226,482,883,453,0.4949,2026-07-19 15:50:56.132,2026-07-19 15:51:00.502
bicycle_ID_1098,FLUSH,3581,bicycle,58,489,1005,457,0.5954,2026-07-19 15:50:54.666,2026-07-19 15:51:01.207
bicycle_ID_1106,FLUSH,3585,bicycle,873,471,1031,464,0.3898,2026-07-19 15:50:59.432,2026-07-19 15:51:01.773
person_ID_1477,FLUSH,3591,person,1034,395,998,394,0.4855,2026-07-19 15:51:00.132,2026-07-19 15:51:01.837
person_ID_1478,FLUSH,3592,person,36,421,58,423,0.4415,2026-07-19 15:51:00.811,2026-07-19 15:51:02.535
car_ID_1408,FLUSH,3580,car,1014,439,1031,434,0.3438,2026-07-19 15:51:01.967,2026-07-19 15:51:02.836
person_ID_1479,FLUSH,3593,person,80,413,80,413,0.3672,2026-07-19 15:51:03.370,2026-07-19 15:51:03.838
person_ID_1480,FLUSH,3594,person,104,422,136,425,0.3885,2026-07-19 15:51:04.570,2026-07-19 15:51:06.742
car_ID_1409,FLUSH,3595,car,1024,378,1024,378,0.4206,2026-07-19 15:51:06.438,2026-07-19 15:51:06.904
person_ID_1482,FLUSH,3597,person,168,423,168,423,0.4064,2026-07-19 15:51:07.643,2026-07-19 15:51:08.101
bicycle_ID_1108,FLUSH,3598,bicycle,816,418,813,421,0.4126,2026-07-19 15:51:07.804,2026-07-19 15:51:08.302
person_ID_1481,FLUSH,3596,person,149,423,180,420,0.4106,2026-07-19 15:51:06.874,2026-07-19 15:51:08.500
person_ID_1483,FLUSH,3599,person,196,415,269,412,0.4090,2026-07-19 15:51:08.771,2026-07-19 15:51:12.236
car_ID_1410,FLUSH,3600,car,1014,488,377,551,0.7913,2026-07-19 15:51:10.875,2026-07-19 15:51:13.244
person_ID_1475,FLUSH,3589,person,1035,385,621,413,0.5393,2026-07-19 15:50:58.402,2026-07-19 15:51:13.306
car_ID_1401,FLUSH,3561,car,306,398,307,398,0.4457,2026-07-19 15:50:01.964,2026-07-19 15:51:13.504
person_ID_1486,FLUSH,3604,person,328,411,340,409,0.3762,2026-07-19 15:51:14.468,2026-07-19 15:51:15.570
person_ID_1485,FLUSH,3602,person,605,411,408,427,0.4866,2026-07-19 15:51:13.306,2026-07-19 15:51:19.339
person_ID_1487,FLUSH,3606,person,354,415,374,425,0.4394,2026-07-19 15:51:16.870,2026-07-19 15:51:20.601
car_ID_1411,FLUSH,3603,car,306,399,309,400,0.4178,2026-07-19 15:51:13.871,2026-07-19 15:51:22.636
bicycle_ID_1109,FLUSH,3583,bicycle,305,425,300,432,0.3505,2026-07-19 15:51:22.636,2026-07-19 15:51:22.701
person_ID_1488,FLUSH,3607,person,408,413,458,425,0.4718,2026-07-19 15:51:20.036,2026-07-19 15:51:22.837
person_ID_1490,FLUSH,3609,person,299,404,296,405,0.3672,2026-07-19 15:51:24.536,2026-07-19 15:51:24.569
person_ID_1484,FLUSH,3601,person,648,415,444,420,0.5727,2026-07-19 15:51:13.044,2026-07-19 15:51:25.236
person_ID_1489,FLUSH,3608,person,485,425,616,414,0.4822,2026-07-19 15:51:23.236,2026-07-19 15:51:28.101
car_ID_1413,FLUSH,3612,car,329,396,329,396,0.3208,2026-07-19 15:51:27.805,2026-07-19 15:51:28.269
car_ID_1412,FLUSH,3609,car,307,399,306,398,0.3963,2026-07-19 15:51:23.436,2026-07-19 15:51:28.636
person_ID_1491,FLUSH,3610,person,427,415,308,423,0.5414,2026-07-19 15:51:25.108,2026-07-19 15:51:29.001
person_ID_1493,FLUSH,3613,person,630,410,689,408,0.4599,2026-07-19 15:51:28.169,2026-07-19 15:51:30.206
person_ID_1492,FLUSH,3611,person,293,406,66,415,0.4943,2026-07-19 15:51:25.172,2026-07-19 15:51:34.269
person_ID_1473,FLUSH,3583,person,44,468,27,424,0.6539,2026-07-19 15:50:55.067,2026-07-19 15:51:34.438
person_ID_1494,FLUSH,3609,person,298,416,67,431,0.4918,2026-07-19 15:51:28.669,2026-07-19 15:51:34.901
person_ID_1496,FLUSH,3618,person,48,431,33,429,0.3159,2026-07-19 15:51:34.969,2026-07-19 15:51:35.438
person_ID_1495,FLUSH,3617,person,729,405,955,394,0.4621,2026-07-19 15:51:31.574,2026-07-19 15:51:40.842
person_ID_1497,FLUSH,3619,person,1027,391,1027,391,0.3458,2026-07-19 15:51:43.575,2026-07-19 15:51:44.042
car_ID_1415,FLUSH,3620,car,343,382,343,382,0.3030,2026-07-19 15:51:44.871,2026-07-19 15:51:45.338
car_ID_1416,FLUSH,3621,car,343,382,343,382,0.3101,2026-07-19 15:51:57.507,2026-07-19 15:51:57.974
car_ID_1417,FLUSH,3622,car,343,382,343,383,0.3190,2026-07-19 15:51:58.174,2026-07-19 15:51:59.708
car_ID_1418,FLUSH,3623,car,343,383,343,383,0.3227,2026-07-19 15:52:00.147,2026-07-19 15:52:07.138
car_ID_1419,FLUSH,3624,car,343,381,342,382,0.3274,2026-07-19 15:52:07.603,2026-07-19 15:52:12.939
car_ID_1420,FLUSH,3625,car,343,383,343,383,0.3254,2026-07-19 15:52:13.238,2026-07-19 15:52:18.071
car_ID_1421,FLUSH,3626,car,981,358,1037,371,0.6132,2026-07-19 15:52:17.246,2026-07-19 15:52:20.640
car_ID_1423,FLUSH,3628,car,1036,389,1036,389,0.3301,2026-07-19 15:53:27.375,2026-07-19 15:53:27.375
person_ID_1500,FLUSH,3631,person,56,460,259,463,0.5130,2026-07-19 15:53:28.843,2026-07-19 15:53:30.446
bicycle_ID_1110,FLUSH,3630,bicycle,43,463,260,478,0.4665,2026-07-19 15:53:28.711,2026-07-19 15:53:30.446
person_ID_1501,FLUSH,3632,person,301,459,328,459,0.3385,2026-07-19 15:53:30.219,2026-07-19 15:53:30.815
person_ID_1502,FLUSH,3634,person,398,459,859,431,0.5142,2026-07-19 15:53:30.712,2026-07-19 15:53:33.712
bicycle_ID_1111,FLUSH,3633,bicycle,305,474,999,430,0.5668,2026-07-19 15:53:30.219,2026-07-19 15:53:34.212
person_ID_1503,FLUSH,3635,person,907,427,993,420,0.5032,2026-07-19 15:53:33.576,2026-07-19 15:53:34.611
person_ID_1499,FLUSH,3629,person,1034,395,713,413,0.4602,2026-07-19 15:53:28.142,2026-07-19 15:53:39.446
car_ID_1424,FLUSH,3636,car,1037,384,1002,369,0.6087,2026-07-19 15:53:38.875,2026-07-19 15:53:40.076
truck_ID_111,FLUSH,3637,truck,1012,375,994,366,0.3838,2026-07-19 15:53:39.811,2026-07-19 15:53:40.143
truck_ID_112,FLUSH,3636,truck,1005,370,992,365,0.4076,2026-07-19 15:53:39.975,2026-07-19 15:53:40.646
car_ID_1425,FLUSH,3637,car,1005,371,974,359,0.3927,2026-07-19 15:53:39.910,2026-07-19 15:53:41.011
car_ID_1422,FLUSH,3627,car,343,382,343,381,0.3316,2026-07-19 15:52:18.574,2026-07-19 15:53:48.577
car_ID_1414,FLUSH,3615,car,307,399,306,399,0.4600,2026-07-19 15:51:29.869,2026-07-19 15:53:49.778
person_ID_1505,FLUSH,3639,person,302,414,290,428,0.3415,2026-07-19 15:53:49.944,2026-07-19 15:53:50.545
bicycle_ID_1112,FLUSH,3642,bicycle,235,440,229,438,0.4082,2026-07-19 15:53:51.476,2026-07-19 15:53:51.911
person_ID_1504,FLUSH,3638,person,25,416,204,414,0.6267,2026-07-19 15:53:46.077,2026-07-19 15:53:52.211
car_ID_1427,FLUSH,3641,car,343,383,343,381,0.3221,2026-07-19 15:53:50.945,2026-07-19 15:53:54.211
car_ID_1426,FLUSH,3640,car,307,398,308,399,0.4945,2026-07-19 15:53:50.613,2026-07-19 15:53:54.944
car_ID_1429,FLUSH,3645,car,343,382,341,382,0.3414,2026-07-19 15:53:55.676,2026-07-19 15:53:56.577
person_ID_1508,FLUSH,3647,person,395,421,395,421,0.3672,2026-07-19 15:53:57.712,2026-07-19 15:53:58.177
person_ID_1498,FLUSH,3628,person,1035,389,44,426,0.5962,2026-07-19 15:53:27.410,2026-07-19 15:53:58.213
person_ID_1507,FLUSH,3643,person,195,427,26,417,0.4926,2026-07-19 15:53:52.614,2026-07-19 15:53:58.882
car_ID_1430,FLUSH,3646,car,343,381,343,383,0.3295,2026-07-19 15:53:56.976,2026-07-19 15:54:02.645
car_ID_1432,FLUSH,3649,car,98,505,1027,435,0.7242,2026-07-19 15:54:07.245,2026-07-19 15:54:10.212
car_ID_1431,FLUSH,3648,car,343,382,343,382,0.3257,2026-07-19 15:54:02.781,2026-07-19 15:54:13.978
car_ID_1434,FLUSH,3651,car,63,514,1028,440,0.8100,2026-07-19 15:54:16.377,2026-07-19 15:54:19.778
person_ID_1506,FLUSH,3642,person,257,425,1035,390,0.6182,2026-07-19 15:53:51.078,2026-07-19 15:54:19.778
person_ID_1509,FLUSH,3653,person,1022,501,450,570,0.6800,2026-07-19 15:54:21.451,2026-07-19 15:54:24.213
car_ID_1435,FLUSH,3652,car,55,492,1030,435,0.8099,2026-07-19 15:54:20.916,2026-07-19 15:54:25.078
car_ID_1433,FLUSH,3650,car,343,382,343,381,0.3239,2026-07-19 15:54:14.177,2026-07-19 15:54:43.082
person_ID_1510,FLUSH,3656,person,55,463,239,474,0.5056,2026-07-19 15:54:42.847,2026-07-19 15:54:44.286
person_ID_1511,FLUSH,3658,person,303,481,398,477,0.4468,2026-07-19 15:54:44.188,2026-07-19 15:54:45.022
car_ID_1436,FLUSH,3657,car,344,382,343,382,0.3268,2026-07-19 15:54:43.383,2026-07-19 15:54:45.351
bicycle_ID_1114,FLUSH,3660,bicycle,507,487,590,480,0.5575,2026-07-19 15:54:45.086,2026-07-19 15:54:45.882
person_ID_1512,FLUSH,3659,person,430,476,649,462,0.4897,2026-07-19 15:54:44.719,2026-07-19 15:54:46.182
bicycle_ID_1113,FLUSH,3655,bicycle,43,472,933,457,0.5627,2026-07-19 15:54:42.682,2026-07-19 15:54:47.347
bicycle_ID_1115,FLUSH,3663,bicycle,803,466,981,450,0.4283,2026-07-19 15:54:46.590,2026-07-19 15:54:47.687
person_ID_1513,FLUSH,3662,person,675,459,1008,439,0.5169,2026-07-19 15:54:45.882,2026-07-19 15:54:47.882
car_ID_1438,FLUSH,3664,car,1018,486,377,552,0.7367,2026-07-19 15:54:46.622,2026-07-19 15:54:48.482
person_ID_1514,FLUSH,3663,person,1018,440,1018,440,0.3208,2026-07-19 15:54:48.014,2026-07-19 15:54:48.482
car_ID_1437,FLUSH,3661,car,343,382,343,382,0.3298,2026-07-19 15:54:45.747,2026-07-19 15:54:49.046
person_ID_1515,FLUSH,3666,person,1026,368,1016,364,0.4151,2026-07-19 15:54:50.718,2026-07-19 15:54:51.350
car_ID_1439,FLUSH,3665,car,343,382,343,382,0.3265,2026-07-19 15:54:49.347,2026-07-19 15:54:54.515
car_ID_1440,FLUSH,3667,car,343,382,343,382,0.3542,2026-07-19 15:54:55.647,2026-07-19 15:54:56.182
car_ID_1441,FLUSH,3668,car,343,382,343,382,0.3229,2026-07-19 15:54:56.982,2026-07-19 15:54:58.847
car_ID_1442,FLUSH,3669,car,343,382,343,382,0.3285,2026-07-19 15:54:59.183,2026-07-19 15:55:00.182
car_ID_1443,FLUSH,3670,car,344,381,344,381,0.3066,2026-07-19 15:55:01.749,2026-07-19 15:55:02.216
car_ID_1444,FLUSH,3671,car,343,382,343,382,0.3030,2026-07-19 15:55:02.750,2026-07-19 15:55:03.215
car_ID_1445,FLUSH,3672,car,1014,488,371,549,0.7508,2026-07-19 15:55:04.187,2026-07-19 15:55:06.248
person_ID_1516,FLUSH,3674,person,108,471,241,469,0.5491,2026-07-19 15:55:05.886,2026-07-19 15:55:06.484
bicycle_ID_1116,FLUSH,3673,bicycle,47,479,186,490,0.4632,2026-07-19 15:55:05.515,2026-07-19 15:55:06.648
person_ID_1517,FLUSH,3675,person,327,473,357,471,0.5410,2026-07-19 15:55:06.822,2026-07-19 15:55:07.383
person_ID_1518,FLUSH,3676,person,385,470,385,470,0.5026,2026-07-19 15:55:07.049,2026-07-19 15:55:07.516
bicycle_ID_1118,FLUSH,3677,bicycle,725,453,739,450,0.6024,2026-07-19 15:55:08.417,2026-07-19 15:55:08.487
bicycle_ID_1117,FLUSH,3674,bicycle,262,476,1010,426,0.6207,2026-07-19 15:55:06.516,2026-07-19 15:55:09.948
person_ID_1519,FLUSH,3677,person,428,469,968,427,0.5147,2026-07-19 15:55:07.218,2026-07-19 15:55:10.148
car_ID_1446,FLUSH,3678,car,342,382,343,382,0.3453,2026-07-19 15:55:09.748,2026-07-19 15:55:10.521
car_ID_1447,FLUSH,3679,car,343,381,344,382,0.3156,2026-07-19 15:55:10.948,2026-07-19 15:55:11.484
car_ID_1448,FLUSH,3680,car,343,381,344,382,0.3257,2026-07-19 15:55:12.084,2026-07-19 15:55:17.549
car_ID_1449,FLUSH,3681,car,343,382,343,381,0.3322,2026-07-19 15:55:19.784,2026-07-19 15:55:20.585
car_ID_1450,FLUSH,3682,car,1015,480,364,537,0.7371,2026-07-19 15:55:39.553,2026-07-19 15:55:41.749
car_ID_1428,FLUSH,3644,car,309,399,307,400,0.4146,2026-07-19 15:53:55.444,2026-07-19 15:55:43.650
car_ID_1451,FLUSH,3683,car,308,400,308,401,0.3344,2026-07-19 15:55:44.686,2026-07-19 15:55:47.657
car_ID_1452,FLUSH,3684,car,308,401,308,401,0.3173,2026-07-19 15:55:48.253,2026-07-19 15:55:48.725
car_ID_1453,FLUSH,3685,car,307,400,308,401,0.3332,2026-07-19 15:55:48.923,2026-07-19 15:55:59.251
car_ID_1454,FLUSH,3686,car,307,402,308,402,0.3514,2026-07-19 15:56:04.890,2026-07-19 15:56:05.427
car_ID_1455,FLUSH,3687,car,992,497,503,550,0.8798,2026-07-19 15:56:10.589,2026-07-19 15:56:11.987
car_ID_1457,FLUSH,3689,car,343,381,343,381,0.3244,2026-07-19 15:56:17.354,2026-07-19 15:56:17.819
car_ID_1459,FLUSH,3691,car,163,480,564,469,0.7446,2026-07-19 15:56:27.189,2026-07-19 15:56:28.291
car_ID_1458,FLUSH,3690,car,48,480,587,468,0.6777,2026-07-19 15:56:26.520,2026-07-19 15:56:28.359
car_ID_1460,FLUSH,3692,car,342,381,342,381,0.3445,2026-07-19 15:56:27.820,2026-07-19 15:56:28.632
truck_ID_114,FLUSH,3691,truck,228,480,587,468,0.7262,2026-07-19 15:56:27.356,2026-07-19 15:56:28.829
car_ID_1461,FLUSH,3693,car,939,439,939,439,0.3151,2026-07-19 15:56:29.620,2026-07-19 15:56:29.620
truck_ID_115,FLUSH,3693,truck,952,437,964,436,0.3977,2026-07-19 15:56:29.655,2026-07-19 15:56:29.720
bus_ID_79,FLUSH,3690,bus,957,437,982,433,0.6273,2026-07-19 15:56:29.655,2026-07-19 15:56:29.855
truck_ID_113,FLUSH,3690,truck,159,480,1001,426,0.6583,2026-07-19 15:56:27.157,2026-07-19 15:56:30.087
bus_ID_80,FLUSH,3693,bus,968,435,972,434,0.5001,2026-07-19 15:56:29.755,2026-07-19 15:56:30.262
car_ID_1462,FLUSH,3690,car,1013,422,1030,415,0.4944,2026-07-19 15:56:30.119,2026-07-19 15:56:30.755
person_ID_1520,FLUSH,3694,person,70,501,70,501,0.3101,2026-07-19 15:56:46.955,2026-07-19 15:56:46.988
person_ID_1521,FLUSH,3695,person,107,489,132,489,0.5120,2026-07-19 15:56:47.088,2026-07-19 15:56:47.589
person_ID_1523,FLUSH,3697,person,512,478,512,478,0.3850,2026-07-19 15:56:47.956,2026-07-19 15:56:48.420
person_ID_1522,FLUSH,3696,person,382,492,559,480,0.3426,2026-07-19 15:56:47.655,2026-07-19 15:56:48.488
person_ID_1525,FLUSH,3700,person,803,455,803,455,0.5418,2026-07-19 15:56:48.656,2026-07-19 15:56:49.120
person_ID_1526,FLUSH,3701,person,1002,449,1002,449,0.5775,2026-07-19 15:56:49.188,2026-07-19 15:56:49.220
person_ID_1524,FLUSH,3698,person,658,473,972,448,0.4404,2026-07-19 15:56:48.321,2026-07-19 15:56:49.561
car_ID_1456,FLUSH,3688,car,308,402,308,400,0.3655,2026-07-19 15:56:11.757,2026-07-19 15:56:56.295
car_ID_1463,FLUSH,3702,car,307,401,308,401,0.3329,2026-07-19 15:56:56.826,2026-07-19 15:56:59.198
bicycle_ID_1119,FLUSH,3705,bicycle,651,572,530,582,0.5151,2026-07-19 15:56:59.296,2026-07-19 15:57:00.056
person_ID_1527,FLUSH,3704,person,988,496,482,554,0.5232,2026-07-19 15:56:58.093,2026-07-19 15:57:00.256
bicycle_ID_1120,FLUSH,3703,bicycle,608,574,460,584,0.3814,2026-07-19 15:56:59.360,2026-07-19 15:57:00.289
car_ID_1464,FLUSH,3706,car,308,401,307,400,0.3171,2026-07-19 15:56:59.989,2026-07-19 15:57:00.591
car_ID_1465,FLUSH,3707,car,307,400,307,400,0.3208,2026-07-19 15:57:02.356,2026-07-19 15:57:02.821
bus_ID_81,FLUSH,3710,bus,982,474,445,512,0.7894,2026-07-19 15:57:40.098,2026-07-19 15:57:42.697
bus_ID_82,FLUSH,3712,bus,441,516,274,521,0.5269,2026-07-19 15:57:42.759,2026-07-19 15:57:44.191
bus_ID_83,FLUSH,3714,bus,148,496,126,497,0.3424,2026-07-19 15:57:44.390,2026-07-19 15:57:44.991
car_ID_1466,FLUSH,3720,car,1009,477,331,535,0.7573,2026-07-19 15:58:07.966,2026-07-19 15:58:10.031
car_ID_1467,FLUSH,3721,car,323,506,1014,443,0.7166,2026-07-19 15:58:42.267,2026-07-19 15:58:44.835
bicycle_ID_1121,FLUSH,3722,bicycle,52,472,150,478,0.3850,2026-07-19 15:59:07.195,2026-07-19 15:59:07.834
person_ID_1528,FLUSH,3723,person,47,462,253,455,0.4947,2026-07-19 15:59:07.231,2026-07-19 15:59:08.763
person_ID_1529,FLUSH,3725,person,301,460,322,458,0.5056,2026-07-19 15:59:08.532,2026-07-19 15:59:09.095
bicycle_ID_1122,FLUSH,3727,bicycle,565,469,565,469,0.4135,2026-07-19 15:59:09.763,2026-07-19 15:59:10.231
bicycle_ID_1123,FLUSH,3728,bicycle,614,462,667,456,0.3719,2026-07-19 15:59:10.031,2026-07-19 15:59:10.696
car_ID_1468,FLUSH,3724,car,80,521,1006,458,0.7866,2026-07-19 15:59:07.898,2026-07-19 15:59:11.099
bicycle_ID_1124,FLUSH,3729,bicycle,772,456,772,456,0.3030,2026-07-19 15:59:10.869,2026-07-19 15:59:11.336
person_ID_1530,FLUSH,3726,person,402,463,992,424,0.5426,2026-07-19 15:59:08.995,2026-07-19 15:59:12.599
bicycle_ID_1125,FLUSH,3731,bicycle,69,488,138,486,0.4048,2026-07-19 15:59:27.131,2026-07-19 15:59:27.464
person_ID_1531,FLUSH,3730,person,64,479,68,478,0.4413,2026-07-19 15:59:27.096,2026-07-19 15:59:27.596
person_ID_1532,FLUSH,3732,person,102,480,102,480,0.4349,2026-07-19 15:59:27.331,2026-07-19 15:59:27.796
person_ID_1533,FLUSH,3731,person,145,481,234,474,0.4549,2026-07-19 15:59:27.496,2026-07-19 15:59:28.396
bicycle_ID_1126,FLUSH,3733,bicycle,379,493,405,489,0.4028,2026-07-19 15:59:28.564,2026-07-19 15:59:28.664
bicycle_ID_1127,FLUSH,3734,bicycle,426,489,464,487,0.5280,2026-07-19 15:59:28.796,2026-07-19 15:59:29.366
bicycle_ID_1128,FLUSH,3735,bicycle,535,483,647,466,0.3716,2026-07-19 15:59:29.234,2026-07-19 15:59:30.196
person_ID_1534,FLUSH,3733,person,418,476,912,436,0.4653,2026-07-19 15:59:28.696,2026-07-19 15:59:31.137
bicycle_ID_1129,FLUSH,3736,bicycle,756,458,840,454,0.3480,2026-07-19 15:59:30.331,2026-07-19 15:59:31.201
person_ID_1535,FLUSH,3738,person,935,432,944,433,0.4087,2026-07-19 15:59:31.300,2026-07-19 15:59:31.367
bicycle_ID_1131,FLUSH,3737,bicycle,887,448,905,448,0.4679,2026-07-19 15:59:31.074,2026-07-19 15:59:31.573
bicycle_ID_1130,FLUSH,3733,bicycle,853,441,942,443,0.5204,2026-07-19 15:59:30.801,2026-07-19 15:59:31.802
bicycle_ID_1132,FLUSH,3738,bicycle,951,433,977,429,0.4440,2026-07-19 15:59:31.400,2026-07-19 15:59:32.036
person_ID_1536,FLUSH,3740,person,947,483,745,504,0.6003,2026-07-19 15:59:49.771,2026-07-19 15:59:50.669
person_ID_1537,FLUSH,3741,person,680,508,680,508,0.5846,2026-07-19 15:59:50.370,2026-07-19 15:59:50.837
person_ID_1538,FLUSH,3742,person,614,516,614,516,0.3137,2026-07-19 15:59:50.504,2026-07-19 15:59:50.968
car_ID_1469,FLUSH,3743,car,983,486,453,534,0.6202,2026-07-19 15:59:59.407,2026-07-19 16:00:01.307
car_ID_1470,FLUSH,3747,car,60,502,208,496,0.4261,2026-07-19 16:01:01.673,2026-07-19 16:01:03.043
car_ID_1471,FLUSH,3748,car,358,499,1005,450,0.7485,2026-07-19 16:01:03.008,2026-07-19 16:01:06.772
car_ID_1472,FLUSH,3749,car,1000,497,379,562,0.7524,2026-07-19 16:01:18.073,2026-07-19 16:01:20.505
car_ID_1473,FLUSH,3750,car,1005,485,354,536,0.7562,2026-07-19 16:01:28.941,2026-07-19 16:01:31.139
car_ID_1474,FLUSH,3751,car,68,484,1001,445,0.8687,2026-07-19 16:01:30.076,2026-07-19 16:01:33.173
car_ID_1475,FLUSH,3752,car,78,510,1010,444,0.8203,2026-07-19 16:02:12.045,2026-07-19 16:02:14.676
person_ID_1539,FLUSH,3753,person,1022,390,1010,391,0.3623,2026-07-19 16:02:22.677,2026-07-19 16:02:23.608
person_ID_1540,FLUSH,3754,person,978,399,932,393,0.4319,2026-07-19 16:02:24.276,2026-07-19 16:02:26.377
person_ID_1541,FLUSH,3755,person,906,395,879,397,0.3930,2026-07-19 16:02:26.847,2026-07-19 16:02:28.241
person_ID_1542,FLUSH,3756,person,856,402,791,403,0.4491,2026-07-19 16:02:28.542,2026-07-19 16:02:31.080
person_ID_1543,FLUSH,3757,person,774,403,719,409,0.4325,2026-07-19 16:02:31.142,2026-07-19 16:02:33.345
person_ID_1544,FLUSH,3758,person,682,415,480,421,0.4990,2026-07-19 16:02:33.880,2026-07-19 16:02:39.810
person_ID_1545,FLUSH,3759,person,429,414,390,411,0.3850,2026-07-19 16:02:40.809,2026-07-19 16:02:42.245
person_ID_1546,FLUSH,3760,person,373,420,364,419,0.4907,2026-07-19 16:02:42.182,2026-07-19 16:02:42.913
car_ID_1476,FLUSH,3761,car,314,401,304,401,0.3747,2026-07-19 16:02:43.318,2026-07-19 16:02:44.081
car_ID_1478,FLUSH,3764,car,305,401,306,400,0.3807,2026-07-19 16:02:45.215,2026-07-19 16:02:46.044
car_ID_1477,FLUSH,3762,car,84,508,1018,438,0.7612,2026-07-19 16:02:43.914,2026-07-19 16:02:47.179
car_ID_1479,FLUSH,3765,car,64,499,1011,439,0.7157,2026-07-19 16:02:46.310,2026-07-19 16:02:49.842
person_ID_1547,FLUSH,3763,person,276,421,112,426,0.4740,2026-07-19 16:02:44.946,2026-07-19 16:02:49.910
person_ID_1548,FLUSH,3766,person,82,415,81,416,0.4739,2026-07-19 16:02:50.210,2026-07-19 16:02:50.777
car_ID_1480,FLUSH,3768,car,1003,492,504,545,0.8173,2026-07-19 16:03:14.879,2026-07-19 16:03:16.079
bus_ID_84,FLUSH,3772,bus,440,501,440,501,0.3226,2026-07-19 16:03:50.981,2026-07-19 16:03:51.448
car_ID_1482,FLUSH,3771,car,305,401,304,401,0.3515,2026-07-19 16:03:50.252,2026-07-19 16:03:52.148
bus_ID_85,FLUSH,3770,bus,986,454,999,447,0.3820,2026-07-19 16:03:52.148,2026-07-19 16:03:52.314
car_ID_1481,FLUSH,3770,car,59,506,1029,434,0.6715,2026-07-19 16:03:50.184,2026-07-19 16:03:52.848
car_ID_1483,FLUSH,3773,car,306,401,306,401,0.3310,2026-07-19 16:04:04.390,2026-07-19 16:04:05.954
car_ID_1484,FLUSH,3774,car,305,401,305,401,0.3137,2026-07-19 16:04:12.518,2026-07-19 16:04:12.989
car_ID_1485,FLUSH,3775,car,305,400,306,401,0.3332,2026-07-19 16:04:15.618,2026-07-19 16:04:16.482
car_ID_1486,FLUSH,3776,car,306,401,305,401,0.3626,2026-07-19 16:04:19.182,2026-07-19 16:04:20.314
car_ID_1487,FLUSH,3777,car,306,401,306,401,0.3066,2026-07-19 16:04:22.389,2026-07-19 16:04:22.853
person_ID_1549,FLUSH,3778,person,1026,393,873,402,0.4448,2026-07-19 16:04:22.818,2026-07-19 16:04:25.714
car_ID_1488,FLUSH,3780,car,305,401,306,401,0.3550,2026-07-19 16:04:26.583,2026-07-19 16:04:27.389
person_ID_1550,FLUSH,3779,person,840,401,762,407,0.5820,2026-07-19 16:04:26.282,2026-07-19 16:04:28.083
car_ID_1489,FLUSH,3781,car,305,401,306,400,0.3319,2026-07-19 16:04:27.615,2026-07-19 16:04:28.583
person_ID_1551,FLUSH,3782,person,744,409,665,416,0.4003,2026-07-19 16:04:27.954,2026-07-19 16:04:29.589
car_ID_1490,FLUSH,3784,car,305,401,305,401,0.3483,2026-07-19 16:04:29.519,2026-07-19 16:04:31.783
person_ID_1552,FLUSH,3783,person,640,417,460,423,0.5758,2026-07-19 16:04:29.519,2026-07-19 16:04:32.515
car_ID_1491,FLUSH,3785,car,305,401,306,401,0.3459,2026-07-19 16:04:32.315,2026-07-19 16:04:33.983
person_ID_1553,FLUSH,3786,person,438,421,352,427,0.4960,2026-07-19 16:04:32.415,2026-07-19 16:04:34.083
person_ID_1554,FLUSH,3785,person,319,419,319,419,0.3957,2026-07-19 16:04:34.015,2026-07-19 16:04:34.483
person_ID_1555,FLUSH,3787,person,290,428,116,430,0.4716,2026-07-19 16:04:34.550,2026-07-19 16:04:37.552
car_ID_1492,FLUSH,3788,car,306,401,305,401,0.3848,2026-07-19 16:04:34.983,2026-07-19 16:04:37.851
person_ID_1556,FLUSH,3790,person,75,429,75,429,0.3992,2026-07-19 16:04:37.751,2026-07-19 16:04:38.217
car_ID_1493,FLUSH,3789,car,155,509,1016,438,0.6898,2026-07-19 16:04:34.983,2026-07-19 16:04:38.652
car_ID_1494,FLUSH,3792,car,305,401,305,401,0.3672,2026-07-19 16:04:40.252,2026-07-19 16:04:40.716
person_ID_1557,FLUSH,3794,person,655,489,685,486,0.3577,2026-07-19 16:04:41.919,2026-07-19 16:04:42.457
bus_ID_86,FLUSH,3791,bus,124,480,481,468,0.7302,2026-07-19 16:04:40.115,2026-07-19 16:04:42.457
bus_ID_88,FLUSH,3796,bus,956,431,996,428,0.4878,2026-07-19 16:04:43.421,2026-07-19 16:04:43.987
car_ID_1495,FLUSH,3795,car,306,401,306,401,0.3568,2026-07-19 16:04:42.486,2026-07-19 16:04:44.851
bus_ID_87,FLUSH,3793,bus,462,466,998,421,0.7958,2026-07-19 16:04:41.919,2026-07-19 16:04:45.087
bicycle_ID_1133,FLUSH,3799,bicycle,55,469,63,477,0.4040,2026-07-19 16:04:49.625,2026-07-19 16:04:49.692
bicycle_ID_1134,FLUSH,3798,bicycle,76,475,188,477,0.4396,2026-07-19 16:04:49.821,2026-07-19 16:04:51.052
person_ID_1558,FLUSH,3799,person,81,460,257,454,0.4428,2026-07-19 16:04:49.919,2026-07-19 16:04:52.284
person_ID_1559,FLUSH,3800,person,314,464,418,458,0.4125,2026-07-19 16:04:52.384,2026-07-19 16:04:53.452
person_ID_1560,FLUSH,3801,person,424,456,435,458,0.5727,2026-07-19 16:04:53.552,2026-07-19 16:04:54.084
person_ID_1561,FLUSH,3802,person,480,453,945,431,0.4613,2026-07-19 16:04:54.084,2026-07-19 16:04:59.853
bicycle_ID_1135,FLUSH,3800,bicycle,312,470,991,432,0.5321,2026-07-19 16:04:52.319,2026-07-19 16:05:00.490
bicycle_ID_1136,FLUSH,3804,bicycle,59,493,142,489,0.4910,2026-07-19 16:05:05.153,2026-07-19 16:05:06.553
person_ID_1562,FLUSH,3803,person,37,473,247,463,0.5170,2026-07-19 16:05:04.785,2026-07-19 16:05:07.753
bicycle_ID_1138,FLUSH,3805,bicycle,1011,431,1011,431,0.4028,2026-07-19 16:05:15.422,2026-07-19 16:05:15.422
bicycle_ID_1137,FLUSH,3806,bicycle,316,492,997,438,0.4665,2026-07-19 16:05:07.853,2026-07-19 16:05:15.725
person_ID_1563,FLUSH,3805,person,302,475,1027,422,0.5941,2026-07-19 16:05:07.785,2026-07-19 16:05:16.157
bicycle_ID_1139,FLUSH,3807,bicycle,51,477,158,477,0.5993,2026-07-19 16:05:25.158,2026-07-19 16:05:25.955
bicycle_ID_1140,FLUSH,3809,bicycle,168,481,220,476,0.3954,2026-07-19 16:05:26.023,2026-07-19 16:05:26.886
person_ID_1564,FLUSH,3808,person,75,472,251,468,0.4195,2026-07-19 16:05:25.427,2026-07-19 16:05:27.154
bicycle_ID_1141,FLUSH,3811,bicycle,357,475,429,463,0.4139,2026-07-19 16:05:27.486,2026-07-19 16:05:27.886
person_ID_1565,FLUSH,3810,person,301,462,389,462,0.4870,2026-07-19 16:05:27.021,2026-07-19 16:05:28.086
bicycle_ID_1142,FLUSH,3812,bicycle,476,464,687,455,0.3940,2026-07-19 16:05:28.222,2026-07-19 16:05:30.254
bicycle_ID_1143,FLUSH,3811,bicycle,858,437,858,437,0.3030,2026-07-19 16:05:31.157,2026-07-19 16:05:31.157
bicycle_ID_1144,FLUSH,3813,bicycle,913,437,965,432,0.3729,2026-07-19 16:05:31.688,2026-07-19 16:05:32.654
person_ID_1566,FLUSH,3811,person,403,460,1014,420,0.5197,2026-07-19 16:05:27.724,2026-07-19 16:05:32.754
car_ID_1497,FLUSH,3814,car,342,382,343,382,0.3043,2026-07-19 16:05:38.195,2026-07-19 16:05:38.955
car_ID_1498,FLUSH,3815,car,343,382,343,382,0.3332,2026-07-19 16:05:39.754,2026-07-19 16:05:41.822
car_ID_1500,FLUSH,3817,car,54,511,1019,446,0.7892,2026-07-19 16:05:51.030,2026-07-19 16:05:54.322
car_ID_1501,FLUSH,3818,car,67,524,1021,443,0.7433,2026-07-19 16:05:53.587,2026-07-19 16:05:56.926
person_ID_1567,FLUSH,3819,person,1020,389,1013,390,0.3944,2026-07-19 16:06:29.261,2026-07-19 16:06:29.857
person_ID_1568,FLUSH,3821,person,908,397,901,401,0.3631,2026-07-19 16:06:31.789,2026-07-19 16:06:32.457
person_ID_1569,FLUSH,3822,person,884,396,717,407,0.4372,2026-07-19 16:06:32.358,2026-07-19 16:06:36.265
person_ID_1570,FLUSH,3823,person,679,418,628,420,0.4070,2026-07-19 16:06:36.490,2026-07-19 16:06:37.857
car_ID_1499,FLUSH,3816,car,343,382,342,381,0.3328,2026-07-19 16:05:45.554,2026-07-19 16:06:39.661
person_ID_1571,FLUSH,3824,person,603,420,483,421,0.5106,2026-07-19 16:06:37.791,2026-07-19 16:06:40.257
person_ID_1572,FLUSH,3825,person,460,424,425,419,0.3913,2026-07-19 16:06:40.159,2026-07-19 16:06:41.163
person_ID_1573,FLUSH,3827,person,409,409,403,420,0.3328,2026-07-19 16:06:40.963,2026-07-19 16:06:41.561
car_ID_1502,FLUSH,3826,car,343,382,342,382,0.3387,2026-07-19 16:06:40.389,2026-07-19 16:06:41.594
person_ID_1574,FLUSH,3828,person,378,420,344,429,0.4447,2026-07-19 16:06:41.461,2026-07-19 16:06:42.558
car_ID_1496,FLUSH,3797,car,305,400,306,401,0.3645,2026-07-19 16:04:46.219,2026-07-19 16:06:42.860
person_ID_1575,FLUSH,3829,person,317,427,313,434,0.4450,2026-07-19 16:06:42.490,2026-07-19 16:06:43.057
car_ID_1504,FLUSH,3832,car,342,381,342,381,0.3137,2026-07-19 16:06:43.590,2026-07-19 16:06:44.057
car_ID_1506,FLUSH,3834,car,342,382,342,381,0.3202,2026-07-19 16:06:45.557,2026-07-19 16:06:46.526
person_ID_1576,FLUSH,3830,person,285,424,42,428,0.4814,2026-07-19 16:06:42.989,2026-07-19 16:06:47.826
car_ID_1505,FLUSH,3833,car,69,507,1023,441,0.7883,2026-07-19 16:06:44.825,2026-07-19 16:06:48.058
car_ID_1507,FLUSH,3835,car,342,382,342,383,0.3281,2026-07-19 16:06:48.260,2026-07-19 16:06:52.626
car_ID_1508,FLUSH,3836,car,342,382,342,382,0.3184,2026-07-19 16:06:53.061,2026-07-19 16:06:53.758
car_ID_1509,FLUSH,3837,car,342,382,343,383,0.3148,2026-07-19 16:06:55.225,2026-07-19 16:06:56.058
car_ID_1510,FLUSH,3838,car,343,382,343,382,0.3134,2026-07-19 16:06:56.325,2026-07-19 16:06:58.056
car_ID_1511,FLUSH,3841,car,342,383,343,381,0.3281,2026-07-19 16:07:00.193,2026-07-19 16:07:02.460
car_ID_1512,FLUSH,3842,car,342,381,342,382,0.3039,2026-07-19 16:07:04.598,2026-07-19 16:07:05.100
bicycle_ID_1145,FLUSH,3839,bicycle,48,476,796,453,0.5846,2026-07-19 16:06:57.537,2026-07-19 16:07:06.494
car_ID_1513,FLUSH,3844,car,342,382,342,382,0.3191,2026-07-19 16:07:07.296,2026-07-19 16:07:08.359
bicycle_ID_1147,FLUSH,3845,bicycle,930,437,930,437,0.3173,2026-07-19 16:07:08.095,2026-07-19 16:07:08.563
bicycle_ID_1146,FLUSH,3843,bicycle,761,456,992,433,0.4242,2026-07-19 16:07:05.528,2026-07-19 16:07:09.459
person_ID_1577,FLUSH,3840,person,40,466,1024,422,0.5629,2026-07-19 16:06:57.627,2026-07-19 16:07:09.493
car_ID_1514,FLUSH,3846,car,342,382,342,382,0.3055,2026-07-19 16:07:09.258,2026-07-19 16:07:09.894
car_ID_1515,FLUSH,3840,car,1032,423,1032,423,0.4919,2026-07-19 16:07:09.726,2026-07-19 16:07:10.194
car_ID_1516,FLUSH,3847,car,342,382,342,382,0.3256,2026-07-19 16:07:10.227,2026-07-19 16:07:12.795
car_ID_1517,FLUSH,3848,car,343,382,343,382,0.3301,2026-07-19 16:07:16.500,2026-07-19 16:07:17.463
car_ID_1518,FLUSH,3849,car,342,382,342,382,0.3173,2026-07-19 16:07:18.165,2026-07-19 16:07:18.634
car_ID_1519,FLUSH,3850,car,342,382,342,382,0.3276,2026-07-19 16:07:22.895,2026-07-19 16:07:23.560
car_ID_1520,FLUSH,3851,car,343,382,342,381,0.3182,2026-07-19 16:07:25.598,2026-07-19 16:07:26.898
bicycle_ID_1150,FLUSH,3854,bicycle,988,523,959,528,0.5072,2026-07-19 16:07:27.563,2026-07-19 16:07:28.195
bicycle_ID_1149,FLUSH,3855,bicycle,1022,510,720,564,0.6359,2026-07-19 16:07:27.298,2026-07-19 16:07:28.731
bicycle_ID_1151,FLUSH,3857,bicycle,863,546,816,552,0.3961,2026-07-19 16:07:28.231,2026-07-19 16:07:28.837
person_ID_1578,FLUSH,3852,person,1007,513,447,571,0.6539,2026-07-19 16:07:26.863,2026-07-19 16:07:29.495
bicycle_ID_1148,FLUSH,3853,bicycle,982,530,449,597,0.6469,2026-07-19 16:07:26.998,2026-07-19 16:07:29.495
bicycle_ID_1153,FLUSH,3859,bicycle,599,573,599,573,0.3529,2026-07-19 16:07:29.196,2026-07-19 16:07:29.660
person_ID_1579,FLUSH,3856,person,1018,497,485,565,0.6021,2026-07-19 16:07:27.399,2026-07-19 16:07:30.030
bicycle_ID_1152,FLUSH,3858,bicycle,710,564,463,579,0.5035,2026-07-19 16:07:28.760,2026-07-19 16:07:30.096
car_ID_1522,FLUSH,3861,car,342,381,342,381,0.3222,2026-07-19 16:07:37.297,2026-07-19 16:07:38.299
car_ID_1521,FLUSH,3860,car,1020,481,429,551,0.7518,2026-07-19 16:07:35.629,2026-07-19 16:07:38.434
person_ID_1580,FLUSH,3862,person,208,411,200,412,0.3973,2026-07-19 16:08:01.663,2026-07-19 16:08:04.234
bicycle_ID_1154,FLUSH,3864,bicycle,141,424,141,424,0.3636,2026-07-19 16:08:05.930,2026-07-19 16:08:06.401
person_ID_1581,FLUSH,3863,person,183,412,26,418,0.5494,2026-07-19 16:08:04.731,2026-07-19 16:08:09.603
bicycle_ID_1157,FLUSH,3869,bicycle,270,479,284,469,0.3369,2026-07-19 16:08:21.774,2026-07-19 16:08:21.870
bicycle_ID_1156,FLUSH,3867,bicycle,45,512,146,516,0.5780,2026-07-19 16:08:21.202,2026-07-19 16:08:21.933
bicycle_ID_1155,FLUSH,3865,bicycle,45,484,217,482,0.5251,2026-07-19 16:08:20.502,2026-07-19 16:08:21.968
person_ID_1582,FLUSH,3866,person,39,469,264,462,0.5029,2026-07-19 16:08:20.569,2026-07-19 16:08:22.230
person_ID_1583,FLUSH,3868,person,45,498,149,490,0.4504,2026-07-19 16:08:21.369,2026-07-19 16:08:22.368
person_ID_1584,FLUSH,3867,person,69,505,234,492,0.3739,2026-07-19 16:08:21.402,2026-07-19 16:08:22.768
bicycle_ID_1159,FLUSH,3871,bicycle,396,478,399,477,0.4019,2026-07-19 16:08:22.431,2026-07-19 16:08:22.932
person_ID_1586,FLUSH,3872,person,319,484,432,475,0.5163,2026-07-19 16:08:22.731,2026-07-19 16:08:23.730
person_ID_1587,FLUSH,3874,person,463,473,517,471,0.4757,2026-07-19 16:08:23.466,2026-07-19 16:08:24.167
bicycle_ID_1160,FLUSH,3873,bicycle,447,466,652,457,0.4117,2026-07-19 16:08:22.768,2026-07-19 16:08:24.399
person_ID_1588,FLUSH,3875,person,576,465,626,461,0.4820,2026-07-19 16:08:24.069,2026-07-19 16:08:24.800
person_ID_1591,FLUSH,3876,person,961,444,961,444,0.4420,2026-07-19 16:08:26.530,2026-07-19 16:08:26.530
person_ID_1589,FLUSH,3873,person,646,460,915,445,0.4158,2026-07-19 16:08:24.431,2026-07-19 16:08:26.598
person_ID_1590,FLUSH,3870,person,965,444,1012,440,0.4101,2026-07-19 16:08:26.498,2026-07-19 16:08:26.837
bicycle_ID_1161,FLUSH,3876,bicycle,973,446,978,447,0.4411,2026-07-19 16:08:26.565,2026-07-19 16:08:27.069
person_ID_1585,FLUSH,3869,person,292,465,1031,419,0.5503,2026-07-19 16:08:21.903,2026-07-19 16:08:27.236
bicycle_ID_1158,FLUSH,3870,bicycle,226,511,1016,440,0.5750,2026-07-19 16:08:22.270,2026-07-19 16:08:27.334
person_ID_1593,FLUSH,3878,person,34,430,53,432,0.3951,2026-07-19 16:08:28.531,2026-07-19 16:08:29.566
person_ID_1594,FLUSH,3879,person,75,437,217,433,0.4796,2026-07-19 16:08:29.934,2026-07-19 16:08:34.503
car_ID_1503,FLUSH,3831,car,306,400,307,399,0.3593,2026-07-19 16:06:43.258,2026-07-19 16:08:35.134
person_ID_1595,FLUSH,3880,person,232,434,254,422,0.3874,2026-07-19 16:08:34.401,2026-07-19 16:08:35.399
person_ID_1592,FLUSH,3877,person,25,414,276,430,0.5169,2026-07-19 16:08:27.304,2026-07-19 16:08:35.931
person_ID_1597,FLUSH,3882,person,314,416,372,427,0.3829,2026-07-19 16:08:36.099,2026-07-19 16:08:38.331
person_ID_1599,FLUSH,3885,person,407,425,487,425,0.3875,2026-07-19 16:08:38.799,2026-07-19 16:08:41.431
bicycle_ID_1162,FLUSH,3881,bicycle,216,430,220,431,0.3116,2026-07-19 16:08:41.231,2026-07-19 16:08:41.599
bicycle_ID_1163,FLUSH,3881,bicycle,274,427,274,427,0.3315,2026-07-19 16:08:42.699,2026-07-19 16:08:42.731
car_ID_1523,FLUSH,3883,car,307,400,307,398,0.3537,2026-07-19 16:08:36.600,2026-07-19 16:08:42.934
person_ID_1600,FLUSH,3886,person,550,415,550,415,0.3529,2026-07-19 16:08:42.666,2026-07-19 16:08:43.131
person_ID_1596,FLUSH,3881,person,35,428,333,422,0.3988,2026-07-19 16:08:34.699,2026-07-19 16:08:44.299
bicycle_ID_1164,FLUSH,3881,bicycle,328,429,387,424,0.3747,2026-07-19 16:08:44.000,2026-07-19 16:08:45.770
person_ID_1602,FLUSH,3888,person,405,424,411,419,0.3536,2026-07-19 16:08:46.431,2026-07-19 16:08:47.069
bicycle_ID_1165,FLUSH,3881,bicycle,431,427,498,423,0.3523,2026-07-19 16:08:46.903,2026-07-19 16:08:48.832
person_ID_1598,FLUSH,3884,person,354,417,754,404,0.4579,2026-07-19 16:08:37.068,2026-07-19 16:08:48.867
bicycle_ID_1166,FLUSH,3891,bicycle,538,421,539,420,0.3698,2026-07-19 16:08:49.899,2026-07-19 16:08:49.999
person_ID_1604,FLUSH,3890,person,783,408,811,401,0.4122,2026-07-19 16:08:48.999,2026-07-19 16:08:50.672
person_ID_1606,FLUSH,3892,person,834,405,840,401,0.4636,2026-07-19 16:08:50.507,2026-07-19 16:08:51.603
person_ID_1605,FLUSH,3891,person,539,419,577,416,0.4094,2026-07-19 16:08:50.032,2026-07-19 16:08:51.767
person_ID_1607,FLUSH,3893,person,902,396,902,396,0.4135,2026-07-19 16:08:52.768,2026-07-19 16:08:53.232
bicycle_ID_1167,FLUSH,3881,bicycle,710,416,710,416,0.3208,2026-07-19 16:08:54.999,2026-07-19 16:08:54.999
person_ID_1603,FLUSH,3889,person,759,408,986,395,0.4666,2026-07-19 16:08:48.303,2026-07-19 16:08:56.667
person_ID_1601,FLUSH,3881,person,404,426,748,410,0.4000,2026-07-19 16:08:45.801,2026-07-19 16:08:56.932
person_ID_1608,FLUSH,3894,person,754,419,779,409,0.3783,2026-07-19 16:08:55.999,2026-07-19 16:08:57.900
person_ID_1609,FLUSH,3895,person,791,406,811,404,0.3884,2026-07-19 16:08:57.899,2026-07-19 16:08:58.934
person_ID_1610,FLUSH,3896,person,821,401,841,402,0.4473,2026-07-19 16:08:59.368,2026-07-19 16:09:00.632
bicycle_ID_1168,FLUSH,3895,bicycle,863,406,873,408,0.3410,2026-07-19 16:09:00.567,2026-07-19 16:09:00.900
bicycle_ID_1169,FLUSH,3897,bicycle,890,406,890,406,0.3850,2026-07-19 16:09:01.539,2026-07-19 16:09:01.775
person_ID_1611,FLUSH,3895,person,857,401,908,399,0.3947,2026-07-19 16:09:00.632,2026-07-19 16:09:03.205
bicycle_ID_1170,FLUSH,3897,bicycle,920,399,924,401,0.3731,2026-07-19 16:09:03.441,2026-07-19 16:09:03.506
bicycle_ID_1171,FLUSH,3895,bicycle,924,401,927,403,0.3510,2026-07-19 16:09:03.473,2026-07-19 16:09:03.834
person_ID_1612,FLUSH,3897,person,914,400,925,397,0.3910,2026-07-19 16:09:03.037,2026-07-19 16:09:04.732
person_ID_1613,FLUSH,3898,person,932,397,957,393,0.3670,2026-07-19 16:09:06.672,2026-07-19 16:09:09.903
car_ID_1525,FLUSH,3900,car,1032,393,1033,393,0.4135,2026-07-19 16:09:20.768,2026-07-19 16:09:21.368
person_ID_1614,FLUSH,3901,person,1033,393,1033,393,0.3315,2026-07-19 16:09:22.768,2026-07-19 16:09:23.236
person_ID_1615,FLUSH,3902,person,1033,393,1033,393,0.4044,2026-07-19 16:09:23.404,2026-07-19 16:09:23.973
person_ID_1616,FLUSH,3903,person,1033,390,1033,391,0.3409,2026-07-19 16:09:24.510,2026-07-19 16:09:25.043
car_ID_1524,FLUSH,3887,car,307,400,307,399,0.3468,2026-07-19 16:08:44.266,2026-07-19 16:09:26.205
person_ID_1618,FLUSH,3906,person,1027,395,1025,395,0.3041,2026-07-19 16:09:44.404,2026-07-19 16:09:45.103
person_ID_1617,FLUSH,3905,person,1035,387,776,403,0.4875,2026-07-19 16:09:43.435,2026-07-19 16:09:53.402
car_ID_1526,FLUSH,3904,car,307,398,307,399,0.3383,2026-07-19 16:09:26.433,2026-07-19 16:10:00.503
person_ID_1619,FLUSH,3907,person,927,390,511,420,0.5439,2026-07-19 16:09:47.470,2026-07-19 16:10:01.538
person_ID_1620,FLUSH,3909,person,436,418,407,406,0.4092,2026-07-19 16:10:03.303,2026-07-19 16:10:04.809
person_ID_1621,FLUSH,3910,person,380,422,372,424,0.3223,2026-07-19 16:10:04.877,2026-07-19 16:10:05.576
car_ID_1529,FLUSH,3912,car,313,404,306,402,0.3952,2026-07-19 16:10:06.343,2026-07-19 16:10:06.871
car_ID_1527,FLUSH,3908,car,308,399,339,382,0.3277,2026-07-19 16:10:01.403,2026-07-19 16:10:06.938
car_ID_1528,FLUSH,3911,car,53,494,1029,435,0.8208,2026-07-19 16:10:05.576,2026-07-19 16:10:09.403
person_ID_1623,FLUSH,3913,person,275,429,32,434,0.4445,2026-07-19 16:10:07.538,2026-07-19 16:10:15.340
person_ID_1622,FLUSH,3912,person,339,423,36,423,0.4143,2026-07-19 16:10:06.112,2026-07-19 16:10:16.305
car_ID_1530,FLUSH,3914,car,307,400,307,399,0.3429,2026-07-19 16:10:09.872,2026-07-19 16:10:20.512
car_ID_1531,FLUSH,3915,car,307,399,308,400,0.3368,2026-07-19 16:10:21.704,2026-07-19 16:10:36.874
car_ID_1533,FLUSH,3917,car,1018,481,272,547,0.7941,2026-07-19 16:10:43.040,2026-07-19 16:10:45.073
car_ID_1534,FLUSH,3918,car,110,537,49,531,0.4013,2026-07-19 16:10:45.040,2026-07-19 16:10:45.706
car_ID_1532,FLUSH,3916,car,307,400,307,399,0.3402,2026-07-19 16:10:37.072,2026-07-19 16:10:46.344
car_ID_1535,FLUSH,3919,car,307,399,307,400,0.3619,2026-07-19 16:10:46.506,2026-07-19 16:10:47.311
bicycle_ID_1174,FLUSH,3924,bicycle,48,480,48,480,0.4527,2026-07-19 16:11:01.006,2026-07-19 16:11:01.006
bicycle_ID_1173,FLUSH,3923,bicycle,39,488,91,486,0.5478,2026-07-19 16:11:00.642,2026-07-19 16:11:01.743
person_ID_1625,FLUSH,3924,person,45,472,417,467,0.4745,2026-07-19 16:11:01.041,2026-07-19 16:11:06.207
bicycle_ID_1177,FLUSH,3928,bicycle,709,462,812,453,0.5340,2026-07-19 16:11:07.875,2026-07-19 16:11:09.341
bicycle_ID_1178,FLUSH,3929,bicycle,912,442,934,440,0.4423,2026-07-19 16:11:10.907,2026-07-19 16:11:11.708
bicycle_ID_1172,FLUSH,3921,bicycle,43,477,991,435,0.6178,2026-07-19 16:10:59.706,2026-07-19 16:11:12.242
bicycle_ID_1176,FLUSH,3924,bicycle,455,475,988,439,0.4817,2026-07-19 16:11:06.274,2026-07-19 16:11:13.274
bicycle_ID_1175,FLUSH,3925,bicycle,60,484,992,436,0.5297,2026-07-19 16:11:01.308,2026-07-19 16:11:13.406
person_ID_1624,FLUSH,3922,person,40,469,1029,420,0.5466,2026-07-19 16:10:59.875,2026-07-19 16:11:13.474
person_ID_1626,FLUSH,3927,person,450,462,987,429,0.4932,2026-07-19 16:11:06.175,2026-07-19 16:11:13.741
person_ID_1627,FLUSH,3925,person,1000,430,1014,428,0.4082,2026-07-19 16:11:13.442,2026-07-19 16:11:14.141
car_ID_1537,FLUSH,3930,car,60,505,1024,443,0.8079,2026-07-19 16:11:24.646,2026-07-19 16:11:28.607
car_ID_1538,FLUSH,3931,car,1019,490,431,563,0.7924,2026-07-19 16:11:49.718,2026-07-19 16:11:51.844
car_ID_1539,FLUSH,3932,car,1013,476,384,542,0.7935,2026-07-19 16:11:57.285,2026-07-19 16:11:58.986
bicycle_ID_1179,FLUSH,3933,bicycle,51,495,93,500,0.5618,2026-07-19 16:12:26.547,2026-07-19 16:12:26.778
bicycle_ID_1181,FLUSH,3936,bicycle,524,483,524,483,0.5525,2026-07-19 16:12:28.780,2026-07-19 16:12:29.249
bicycle_ID_1182,FLUSH,3937,bicycle,723,468,723,468,0.3602,2026-07-19 16:12:29.715,2026-07-19 16:12:29.715
bicycle_ID_1183,FLUSH,3938,bicycle,864,460,871,459,0.3957,2026-07-19 16:12:30.446,2026-07-19 16:12:30.950
bicycle_ID_1180,FLUSH,3935,bicycle,81,500,972,448,0.6357,2026-07-19 16:12:26.746,2026-07-19 16:12:31.082
person_ID_1628,FLUSH,3934,person,49,481,971,438,0.5252,2026-07-19 16:12:26.713,2026-07-19 16:12:31.182
bicycle_ID_1184,FLUSH,3934,bicycle,992,444,992,444,0.3030,2026-07-19 16:12:31.218,2026-07-19 16:12:31.218
person_ID_1629,FLUSH,3935,person,996,435,1015,430,0.3510,2026-07-19 16:12:31.250,2026-07-19 16:12:31.850
car_ID_1541,FLUSH,3940,car,340,381,341,381,0.3351,2026-07-19 16:12:40.520,2026-07-19 16:12:41.248
car_ID_1540,FLUSH,3939,car,49,504,1031,430,0.8234,2026-07-19 16:12:39.450,2026-07-19 16:12:43.747
car_ID_1542,FLUSH,3941,car,1021,478,433,549,0.7413,2026-07-19 16:13:09.015,2026-07-19 16:13:11.284
car_ID_1543,FLUSH,3942,car,1025,478,353,547,0.7786,2026-07-19 16:13:32.685,2026-07-19 16:13:35.424
bicycle_ID_1186,FLUSH,3945,bicycle,115,475,115,475,0.3315,2026-07-19 16:13:39.118,2026-07-19 16:13:39.586
bicycle_ID_1185,FLUSH,3943,bicycle,54,473,215,475,0.5206,2026-07-19 16:13:38.518,2026-07-19 16:13:39.989
bicycle_ID_1187,FLUSH,3946,bicycle,268,479,298,474,0.4940,2026-07-19 16:13:40.385,2026-07-19 16:13:40.590
person_ID_1630,FLUSH,3944,person,43,461,261,453,0.5272,2026-07-19 16:13:38.518,2026-07-19 16:13:40.819
car_ID_1544,FLUSH,3947,car,53,518,155,528,0.6061,2026-07-19 16:13:40.652,2026-07-19 16:13:41.850
car_ID_1545,FLUSH,3949,car,342,382,342,381,0.3465,2026-07-19 16:13:40.985,2026-07-19 16:13:41.950
car_ID_1546,FLUSH,3950,car,407,550,1027,480,0.7733,2026-07-19 16:13:42.286,2026-07-19 16:13:44.918
bicycle_ID_1188,FLUSH,3948,bicycle,312,478,822,450,0.4675,2026-07-19 16:13:40.718,2026-07-19 16:13:45.217
bicycle_ID_1190,FLUSH,3946,bicycle,979,427,979,427,0.3992,2026-07-19 16:13:46.285,2026-07-19 16:13:46.317
bicycle_ID_1189,FLUSH,3951,bicycle,655,463,976,438,0.4913,2026-07-19 16:13:43.351,2026-07-19 16:13:46.350
person_ID_1632,FLUSH,3951,person,989,426,997,421,0.4951,2026-07-19 16:13:46.385,2026-07-19 16:13:46.650
person_ID_1631,FLUSH,3946,person,300,467,1025,424,0.5516,2026-07-19 16:13:40.621,2026-07-19 16:13:46.750
car_ID_1547,FLUSH,3952,car,341,381,341,381,0.3279,2026-07-19 16:13:53.651,2026-07-19 16:13:54.124
car_ID_1548,FLUSH,3953,car,45,498,336,482,0.4912,2026-07-19 16:13:58.051,2026-07-19 16:13:58.818
car_ID_1549,FLUSH,3954,car,280,484,280,484,0.4690,2026-07-19 16:13:58.751,2026-07-19 16:13:59.221
bus_ID_89,FLUSH,3953,bus,695,461,759,455,0.3914,2026-07-19 16:13:59.450,2026-07-19 16:13:59.586
bus_ID_90,FLUSH,3955,bus,738,456,965,434,0.4685,2026-07-19 16:13:59.550,2026-07-19 16:14:00.320
truck_ID_117,FLUSH,3955,truck,695,460,1001,426,0.4267,2026-07-19 16:13:59.486,2026-07-19 16:14:00.420
truck_ID_116,FLUSH,3953,truck,100,490,936,438,0.4932,2026-07-19 16:13:58.251,2026-07-19 16:14:00.487
car_ID_1550,FLUSH,3955,car,1017,419,1022,415,0.4048,2026-07-19 16:14:00.452,2026-07-19 16:14:00.952
car_ID_1551,FLUSH,3956,car,1020,474,400,541,0.7483,2026-07-19 16:14:05.989,2026-07-19 16:14:08.119
car_ID_1552,FLUSH,3957,car,105,533,105,533,0.6951,2026-07-19 16:14:08.419,2026-07-19 16:14:08.886
car_ID_1553,FLUSH,3958,car,1012,489,340,545,0.7766,2026-07-19 16:14:08.586,2026-07-19 16:14:10.786
car_ID_1555,FLUSH,3960,car,342,382,342,381,0.3338,2026-07-19 16:14:21.255,2026-07-19 16:14:22.619
car_ID_1554,FLUSH,3959,car,92,515,1028,443,0.7555,2026-07-19 16:14:20.555,2026-07-19 16:14:23.588
car_ID_1556,FLUSH,3961,car,341,381,341,381,0.3066,2026-07-19 16:14:32.120,2026-07-19 16:14:32.591
car_ID_1557,FLUSH,3962,car,342,381,342,381,0.3244,2026-07-19 16:14:34.391,2026-07-19 16:14:34.856
car_ID_1558,FLUSH,3963,car,342,381,341,382,0.3338,2026-07-19 16:14:39.320,2026-07-19 16:14:40.220
car_ID_1559,FLUSH,3964,car,341,381,340,381,0.3080,2026-07-19 16:14:53.557,2026-07-19 16:14:54.423
car_ID_1560,FLUSH,3965,car,341,381,341,381,0.3208,2026-07-19 16:15:01.592,2026-07-19 16:15:02.058
person_ID_1633,FLUSH,3967,person,36,472,257,485,0.5347,2026-07-19 16:15:02.721,2026-07-19 16:15:04.326
person_ID_1634,FLUSH,3968,person,294,484,1026,437,0.5230,2026-07-19 16:15:04.058,2026-07-19 16:15:08.395
bicycle_ID_1191,FLUSH,3966,bicycle,51,496,1023,447,0.6262,2026-07-19 16:15:02.689,2026-07-19 16:15:08.395
car_ID_1561,FLUSH,3969,car,342,382,342,381,0.3096,2026-07-19 16:15:18.594,2026-07-19 16:15:19.196
car_ID_1562,FLUSH,3970,car,342,381,342,381,0.3066,2026-07-19 16:15:34.427,2026-07-19 16:15:34.897
bicycle_ID_1192,FLUSH,3972,bicycle,53,477,69,481,0.3481,2026-07-19 16:15:40.527,2026-07-19 16:15:40.657
bicycle_ID_1193,FLUSH,3973,bicycle,78,480,182,481,0.4984,2026-07-19 16:15:40.691,2026-07-19 16:15:41.356
car_ID_1563,FLUSH,3975,car,342,381,342,381,0.3351,2026-07-19 16:15:41.956,2026-07-19 16:15:42.424
bicycle_ID_1195,FLUSH,3976,bicycle,306,474,320,475,0.3814,2026-07-19 16:15:42.056,2026-07-19 16:15:42.625
person_ID_1635,FLUSH,3971,person,45,468,418,459,0.4996,2026-07-19 16:15:40.498,2026-07-19 16:15:42.756
person_ID_1636,FLUSH,3977,person,369,451,397,452,0.3897,2026-07-19 16:15:42.456,2026-07-19 16:15:43.061
car_ID_1565,FLUSH,3980,car,343,381,342,381,0.3591,2026-07-19 16:15:43.130,2026-07-19 16:15:43.623
bicycle_ID_1194,FLUSH,3971,bicycle,283,464,554,463,0.4755,2026-07-19 16:15:41.924,2026-07-19 16:15:43.956
bicycle_ID_1197,FLUSH,3982,bicycle,658,459,721,455,0.4478,2026-07-19 16:15:44.156,2026-07-19 16:15:45.025
car_ID_1564,FLUSH,3978,car,141,520,1027,460,0.7960,2026-07-19 16:15:42.534,2026-07-19 16:15:45.523
car_ID_1566,FLUSH,3983,car,342,382,342,382,0.3173,2026-07-19 16:15:45.356,2026-07-19 16:15:45.823
bicycle_ID_1198,FLUSH,3984,bicycle,862,445,862,445,0.3458,2026-07-19 16:15:45.556,2026-07-19 16:15:46.024
bicycle_ID_1196,FLUSH,3981,bicycle,609,462,960,435,0.4514,2026-07-19 16:15:43.857,2026-07-19 16:15:46.291
person_ID_1638,FLUSH,3981,person,1007,422,1018,419,0.4661,2026-07-19 16:15:46.691,2026-07-19 16:15:46.791
bicycle_ID_1199,FLUSH,3985,bicycle,964,435,964,435,0.4064,2026-07-19 16:15:46.356,2026-07-19 16:15:46.823
person_ID_1637,FLUSH,3979,person,435,451,1031,419,0.5564,2026-07-19 16:15:42.824,2026-07-19 16:15:46.956
car_ID_1567,FLUSH,3979,car,1033,420,1033,420,0.3529,2026-07-19 16:15:46.992,2026-07-19 16:15:47.456
car_ID_1568,FLUSH,3986,car,342,382,342,382,0.3565,2026-07-19 16:15:54.424,2026-07-19 16:15:54.892
car_ID_1569,FLUSH,3987,car,343,381,343,381,0.3137,2026-07-19 16:16:15.465,2026-07-19 16:16:15.928
car_ID_1571,FLUSH,3989,car,343,382,343,382,0.3317,2026-07-19 16:16:16.964,2026-07-19 16:16:17.626
bus_ID_91,FLUSH,3988,bus,988,443,1004,437,0.6054,2026-07-19 16:16:18.961,2026-07-19 16:16:19.126
car_ID_1570,FLUSH,3988,car,50,513,1024,432,0.7778,2026-07-19 16:16:16.064,2026-07-19 16:16:19.725
car_ID_1572,FLUSH,3991,car,342,381,342,381,0.3279,2026-07-19 16:16:21.098,2026-07-19 16:16:21.561
car_ID_1573,FLUSH,3992,car,343,382,343,382,0.3137,2026-07-19 16:16:22.860,2026-07-19 16:16:23.326
person_ID_1641,FLUSH,3995,person,139,443,132,450,0.4998,2026-07-19 16:16:25.296,2026-07-19 16:16:26.261
bicycle_ID_1200,FLUSH,3994,bicycle,976,515,451,576,0.6579,2026-07-19 16:16:24.993,2026-07-19 16:16:27.262
person_ID_1640,FLUSH,3993,person,1007,497,423,546,0.6147,2026-07-19 16:16:24.861,2026-07-19 16:16:27.328
person_ID_1639,FLUSH,3990,person,218,408,52,497,0.5983,2026-07-19 16:16:21.066,2026-07-19 16:16:28.296
person_ID_1642,FLUSH,3996,person,49,498,46,502,0.6176,2026-07-19 16:16:28.326,2026-07-19 16:16:28.427
bicycle_ID_1201,FLUSH,3996,bicycle,47,504,47,504,0.3565,2026-07-19 16:16:28.463,2026-07-19 16:16:28.926
car_ID_1574,FLUSH,3997,car,343,381,343,381,0.3244,2026-07-19 16:16:48.196,2026-07-19 16:16:48.662
car_ID_1575,FLUSH,3998,car,342,381,342,381,0.3138,2026-07-19 16:16:50.600,2026-07-19 16:16:52.098
car_ID_1576,FLUSH,3999,car,1018,477,306,540,0.8514,2026-07-19 16:16:53.630,2026-07-19 16:16:56.168
car_ID_1577,FLUSH,4000,car,111,531,47,526,0.4275,2026-07-19 16:16:56.295,2026-07-19 16:16:57.063
car_ID_1578,FLUSH,4001,car,343,381,343,382,0.3104,2026-07-19 16:16:57.496,2026-07-19 16:16:58.699
car_ID_1579,FLUSH,4002,car,1014,485,328,541,0.7531,2026-07-19 16:16:58.699,2026-07-19 16:17:00.930
car_ID_1580,FLUSH,4003,car,342,382,342,382,0.3126,2026-07-19 16:17:15.998,2026-07-19 16:17:18.667
car_ID_1581,FLUSH,4004,car,342,381,343,381,0.3236,2026-07-19 16:17:20.766,2026-07-19 16:17:21.732
car_ID_1582,FLUSH,4005,car,343,382,343,382,0.3067,2026-07-19 16:17:27.165,2026-07-19 16:17:27.898
car_ID_1583,FLUSH,4006,car,343,381,343,381,0.3279,2026-07-19 16:17:32.001,2026-07-19 16:17:32.470
car_ID_1584,FLUSH,4007,car,342,382,343,381,0.3092,2026-07-19 16:17:53.533,2026-07-19 16:17:54.266
car_ID_1585,FLUSH,4008,car,54,502,1029,430,0.7801,2026-07-19 16:18:33.868,2026-07-19 16:18:38.009
bicycle_ID_1202,FLUSH,4010,bicycle,1000,519,431,576,0.6832,2026-07-19 16:18:51.936,2026-07-19 16:18:54.137
person_ID_1643,FLUSH,4009,person,1015,500,460,562,0.6567,2026-07-19 16:18:51.869,2026-07-19 16:18:54.404
person_ID_1644,FLUSH,4010,person,386,561,386,561,0.3814,2026-07-19 16:18:54.169,2026-07-19 16:18:54.637
car_ID_1586,FLUSH,4011,car,1028,446,1028,446,0.4278,2026-07-19 16:18:56.339,2026-07-19 16:18:56.440
bus_ID_93,FLUSH,4012,bus,451,521,437,524,0.4391,2026-07-19 16:19:00.069,2026-07-19 16:19:00.170
car_ID_1587,FLUSH,4013,car,342,383,342,383,0.3137,2026-07-19 16:19:00.037,2026-07-19 16:19:00.506
truck_ID_118,FLUSH,4011,truck,544,523,544,523,0.5369,2026-07-19 16:19:00.539,2026-07-19 16:19:00.539
bus_ID_92,FLUSH,4011,bus,1014,455,322,527,0.7474,2026-07-19 16:18:56.470,2026-07-19 16:19:01.670
bus_ID_94,FLUSH,4014,bus,125,507,125,507,0.4615,2026-07-19 16:19:02.538,2026-07-19 16:19:03.007
person_ID_1646,FLUSH,4017,person,88,430,88,430,0.3066,2026-07-19 16:19:05.374,2026-07-19 16:19:05.845
car_ID_1588,FLUSH,4015,car,1014,485,313,546,0.8138,2026-07-19 16:19:02.705,2026-07-19 16:19:07.038
car_ID_1589,FLUSH,4018,car,102,545,92,544,0.3709,2026-07-19 16:19:08.139,2026-07-19 16:19:08.845
car_ID_1536,FLUSH,3920,car,307,399,307,399,0.4302,2026-07-19 16:10:48.244,2026-07-19 16:19:10.739
car_ID_1591,FLUSH,4016,car,307,401,307,401,0.3386,2026-07-19 16:19:10.837,2026-07-19 16:19:10.938
truck_ID_120,FLUSH,4021,truck,738,524,434,548,0.5190,2026-07-19 16:19:11.810,2026-07-19 16:19:13.471
car_ID_1590,FLUSH,4019,car,1021,480,411,548,0.7776,2026-07-19 16:19:09.838,2026-07-19 16:19:13.638
truck_ID_119,FLUSH,4019,truck,727,526,405,549,0.5907,2026-07-19 16:19:11.810,2026-07-19 16:19:14.141
car_ID_1593,FLUSH,4021,car,723,526,362,551,0.5231,2026-07-19 16:19:11.843,2026-07-19 16:19:14.438
car_ID_1594,FLUSH,4022,car,1020,486,383,556,0.7691,2026-07-19 16:19:13.939,2026-07-19 16:19:19.580
bicycle_ID_1203,FLUSH,4023,bicycle,1021,510,995,526,0.5187,2026-07-19 16:19:21.407,2026-07-19 16:19:21.841
person_ID_1645,FLUSH,4016,person,28,420,967,390,0.6144,2026-07-19 16:19:03.571,2026-07-19 16:19:27.871
person_ID_1647,FLUSH,4024,person,1019,494,443,565,0.7015,2026-07-19 16:19:21.540,2026-07-19 16:19:28.639
bicycle_ID_1204,FLUSH,4025,bicycle,991,527,453,582,0.7239,2026-07-19 16:19:21.872,2026-07-19 16:19:28.639
person_ID_1648,FLUSH,4027,person,1011,388,1034,391,0.3765,2026-07-19 16:19:28.772,2026-07-19 16:19:29.739
car_ID_1595,FLUSH,4027,car,1034,399,1034,399,0.4563,2026-07-19 16:19:29.771,2026-07-19 16:19:30.243
bicycle_ID_1206,FLUSH,4029,bicycle,1015,485,1015,485,0.3672,2026-07-19 16:19:30.445,2026-07-19 16:19:30.445
person_ID_1650,FLUSH,4031,person,952,400,950,399,0.4449,2026-07-19 16:19:30.875,2026-07-19 16:19:31.012
bicycle_ID_1208,FLUSH,4031,bicycle,879,405,852,411,0.4117,2026-07-19 16:19:31.876,2026-07-19 16:19:32.307
car_ID_1596,FLUSH,4032,car,54,532,54,532,0.4206,2026-07-19 16:19:32.141,2026-07-19 16:19:32.606
person_ID_1651,FLUSH,4031,person,867,405,800,409,0.3850,2026-07-19 16:19:32.045,2026-07-19 16:19:32.871
bicycle_ID_1207,FLUSH,4030,bicycle,996,495,730,529,0.4326,2026-07-19 16:19:30.776,2026-07-19 16:19:33.971
person_ID_1652,FLUSH,4035,person,430,560,426,561,0.4079,2026-07-19 16:19:33.272,2026-07-19 16:19:34.007
bicycle_ID_1209,FLUSH,4034,bicycle,441,584,434,582,0.3739,2026-07-19 16:19:33.241,2026-07-19 16:19:34.171
bicycle_ID_1211,FLUSH,4037,bicycle,666,425,666,425,0.3279,2026-07-19 16:19:34.507,2026-07-19 16:19:34.971
bicycle_ID_1210,FLUSH,4036,bicycle,636,533,504,538,0.3410,2026-07-19 16:19:34.307,2026-07-19 16:19:35.371
bicycle_ID_1214,FLUSH,4039,bicycle,613,435,591,433,0.3646,2026-07-19 16:19:35.106,2026-07-19 16:19:35.779
bicycle_ID_1215,FLUSH,4040,bicycle,500,539,500,539,0.3707,2026-07-19 16:19:35.439,2026-07-19 16:19:35.908
person_ID_1653,FLUSH,4041,person,545,425,534,424,0.3885,2026-07-19 16:19:35.875,2026-07-19 16:19:35.972
bicycle_ID_1213,FLUSH,4031,bicycle,618,432,511,433,0.4275,2026-07-19 16:19:35.006,2026-07-19 16:19:36.171
bicycle_ID_1205,FLUSH,4028,bicycle,1020,481,416,533,0.5534,2026-07-19 16:19:30.374,2026-07-19 16:19:36.271
bicycle_ID_1212,FLUSH,4038,bicycle,525,543,384,546,0.4435,2026-07-19 16:19:34.674,2026-07-19 16:19:36.339
person_ID_1649,FLUSH,4029,person,1016,479,374,528,0.6915,2026-07-19 16:19:30.476,2026-07-19 16:19:36.438
person_ID_1654,FLUSH,4031,person,508,427,508,427,0.3279,2026-07-19 16:19:36.206,2026-07-19 16:19:36.671
bicycle_ID_1216,FLUSH,4041,bicycle,526,429,460,427,0.3816,2026-07-19 16:19:36.009,2026-07-19 16:19:37.209
bicycle_ID_1218,FLUSH,4044,bicycle,255,435,255,435,0.3864,2026-07-19 16:19:38.943,2026-07-19 16:19:39.410
bicycle_ID_1219,FLUSH,4045,bicycle,189,437,176,436,0.4014,2026-07-19 16:19:39.772,2026-07-19 16:19:40.339
bicycle_ID_1220,FLUSH,4046,bicycle,84,434,76,432,0.3580,2026-07-19 16:19:41.071,2026-07-19 16:19:41.606
bicycle_ID_1217,FLUSH,4042,bicycle,410,426,58,431,0.3760,2026-07-19 16:19:37.310,2026-07-19 16:19:41.839
car_ID_1598,FLUSH,4048,car,343,382,343,381,0.3321,2026-07-19 16:19:53.212,2026-07-19 16:19:53.748
car_ID_1597,FLUSH,4047,car,56,503,1031,430,0.8096,2026-07-19 16:19:52.143,2026-07-19 16:19:56.543
person_ID_1655,FLUSH,4050,person,162,470,255,461,0.5348,2026-07-19 16:20:04.541,2026-07-19 16:20:05.573
person_ID_1657,FLUSH,4052,person,484,452,518,450,0.3757,2026-07-19 16:20:06.614,2026-07-19 16:20:07.247
person_ID_1658,FLUSH,4053,person,544,449,544,449,0.3101,2026-07-19 16:20:07.011,2026-07-19 16:20:07.473
person_ID_1659,FLUSH,4054,person,568,449,587,448,0.4541,2026-07-19 16:20:07.148,2026-07-19 16:20:07.714
person_ID_1660,FLUSH,4055,person,645,444,645,444,0.4491,2026-07-19 16:20:07.673,2026-07-19 16:20:08.141
person_ID_1661,FLUSH,4056,person,735,440,748,441,0.3177,2026-07-19 16:20:08.313,2026-07-19 16:20:08.843
bicycle_ID_1221,FLUSH,4049,bicycle,71,479,984,428,0.5276,2026-07-19 16:20:03.872,2026-07-19 16:20:10.273
bicycle_ID_1222,FLUSH,4058,bicycle,930,440,930,440,0.5775,2026-07-19 16:20:09.850,2026-07-19 16:20:10.308
bicycle_ID_1223,FLUSH,4057,bicycle,994,434,994,434,0.3779,2026-07-19 16:20:10.373,2026-07-19 16:20:10.408
person_ID_1662,FLUSH,4057,person,779,437,1014,424,0.4964,2026-07-19 16:20:08.645,2026-07-19 16:20:10.541
person_ID_1663,FLUSH,4049,person,989,425,1017,422,0.3575,2026-07-19 16:20:10.308,2026-07-19 16:20:11.041
car_ID_1592,FLUSH,4020,car,308,399,305,399,0.4118,2026-07-19 16:19:11.071,2026-07-19 16:20:14.277
person_ID_1656,FLUSH,4051,person,28,416,318,420,0.6435,2026-07-19 16:20:06.376,2026-07-19 16:20:14.941
car_ID_1600,FLUSH,4060,car,59,509,1031,434,0.7954,2026-07-19 16:20:18.411,2026-07-19 16:20:21.942
person_ID_1665,FLUSH,4061,person,969,396,969,396,0.4028,2026-07-19 16:20:33.942,2026-07-19 16:20:33.978
person_ID_1664,FLUSH,4059,person,325,418,1032,391,0.5993,2026-07-19 16:20:15.110,2026-07-19 16:20:37.145
car_ID_1602,FLUSH,4063,car,344,382,343,382,0.3205,2026-07-19 16:20:36.616,2026-07-19 16:20:38.344
car_ID_1603,FLUSH,4064,car,666,464,692,462,0.4343,2026-07-19 16:20:38.579,2026-07-19 16:20:38.679
truck_ID_122,FLUSH,4064,truck,710,461,737,460,0.4133,2026-07-19 16:20:38.711,2026-07-19 16:20:39.278
truck_ID_123,FLUSH,4065,truck,883,449,994,437,0.3843,2026-07-19 16:20:39.478,2026-07-19 16:20:40.077
car_ID_1601,FLUSH,4062,car,52,486,995,437,0.7809,2026-07-19 16:20:36.210,2026-07-19 16:20:40.110
truck_ID_121,FLUSH,4062,truck,666,465,1002,434,0.3920,2026-07-19 16:20:38.542,2026-07-19 16:20:40.610
car_ID_1604,FLUSH,4065,car,903,447,1030,422,0.5750,2026-07-19 16:20:39.510,2026-07-19 16:20:40.910
car_ID_1605,FLUSH,4066,car,338,521,1026,436,0.7584,2026-07-19 16:21:23.481,2026-07-19 16:21:26.184
car_ID_1606,FLUSH,4067,car,1035,386,986,366,0.5284,2026-07-19 16:21:44.489,2026-07-19 16:21:46.182
car_ID_1607,FLUSH,4068,car,131,534,131,534,0.4427,2026-07-19 16:21:58.918,2026-07-19 16:21:59.385
car_ID_1608,FLUSH,4069,car,317,539,1028,443,0.8038,2026-07-19 16:21:59.385,2026-07-19 16:22:02.214
person_ID_1666,FLUSH,4071,person,61,491,234,472,0.4948,2026-07-19 16:22:10.982,2026-07-19 16:22:12.515
bicycle_ID_1225,FLUSH,4072,bicycle,48,493,156,494,0.4750,2026-07-19 16:22:11.482,2026-07-19 16:22:12.651
person_ID_1667,FLUSH,4075,person,376,466,385,468,0.5026,2026-07-19 16:22:13.016,2026-07-19 16:22:13.116
bicycle_ID_1226,FLUSH,4073,bicycle,223,486,223,486,0.4812,2026-07-19 16:22:12.651,2026-07-19 16:22:13.116
bicycle_ID_1224,FLUSH,4070,bicycle,46,496,417,475,0.5529,2026-07-19 16:22:10.749,2026-07-19 16:22:13.216
person_ID_1668,FLUSH,4070,person,433,471,584,452,0.4133,2026-07-19 16:22:13.350,2026-07-19 16:22:14.885
bicycle_ID_1229,FLUSH,4078,bicycle,697,459,719,457,0.4499,2026-07-19 16:22:15.250,2026-07-19 16:22:15.415
bicycle_ID_1230,FLUSH,4079,bicycle,756,459,774,457,0.5026,2026-07-19 16:22:15.784,2026-07-19 16:22:15.885
bicycle_ID_1232,FLUSH,4081,bicycle,719,458,719,458,0.3137,2026-07-19 16:22:16.450,2026-07-19 16:22:16.583
person_ID_1670,FLUSH,4081,person,739,450,739,450,0.3600,2026-07-19 16:22:16.615,2026-07-19 16:22:17.083
bicycle_ID_1227,FLUSH,4074,bicycle,271,480,785,450,0.5273,2026-07-19 16:22:12.985,2026-07-19 16:22:17.183
person_ID_1671,FLUSH,4082,person,835,443,835,443,0.5204,2026-07-19 16:22:17.586,2026-07-19 16:22:17.617
bicycle_ID_1228,FLUSH,4075,bicycle,412,475,961,441,0.5304,2026-07-19 16:22:13.184,2026-07-19 16:22:17.785
bicycle_ID_1231,FLUSH,4080,bicycle,819,455,971,440,0.3812,2026-07-19 16:22:16.316,2026-07-19 16:22:17.815
person_ID_1669,FLUSH,4078,person,673,445,1020,425,0.4776,2026-07-19 16:22:15.183,2026-07-19 16:22:18.484
bicycle_ID_1233,FLUSH,4082,bicycle,845,445,1024,428,0.4075,2026-07-19 16:22:17.650,2026-07-19 16:22:20.154
car_ID_1610,FLUSH,4083,car,343,382,343,382,0.3137,2026-07-19 16:22:20.915,2026-07-19 16:22:21.383
car_ID_1611,FLUSH,4084,car,343,382,343,383,0.3287,2026-07-19 16:22:22.050,2026-07-19 16:22:22.650
person_ID_1672,FLUSH,4085,person,1012,376,1034,379,0.4179,2026-07-19 16:22:26.290,2026-07-19 16:22:27.720
car_ID_1609,FLUSH,4077,car,53,477,150,474,0.8111,2026-07-19 16:22:14.591,2026-07-19 16:22:28.483
car_ID_1612,FLUSH,4086,car,150,477,51,502,0.8084,2026-07-19 16:22:27.850,2026-07-19 16:22:34.583
person_ID_1673,FLUSH,4088,person,40,462,411,468,0.5765,2026-07-19 16:22:39.819,2026-07-19 16:22:42.155
bicycle_ID_1234,FLUSH,4087,bicycle,43,469,440,478,0.5983,2026-07-19 16:22:39.755,2026-07-19 16:22:42.186
bicycle_ID_1235,FLUSH,4088,bicycle,445,478,769,451,0.5473,2026-07-19 16:22:42.218,2026-07-19 16:22:44.216
bicycle_ID_1236,FLUSH,4091,bicycle,842,443,997,428,0.5129,2026-07-19 16:22:44.688,2026-07-19 16:22:45.891
person_ID_1675,FLUSH,4087,person,451,471,1027,420,0.5327,2026-07-19 16:22:42.253,2026-07-19 16:22:46.154
person_ID_1676,FLUSH,4090,person,1015,549,543,627,0.7927,2026-07-19 16:22:42.652,2026-07-19 16:22:50.384
person_ID_1674,FLUSH,4089,person,1019,528,465,599,0.7575,2026-07-19 16:22:41.216,2026-07-19 16:22:51.290
car_ID_1599,FLUSH,4051,car,308,405,307,400,0.3802,2026-07-19 16:20:14.977,2026-07-19 16:23:20.985
person_ID_1677,FLUSH,4092,person,37,431,311,436,0.5618,2026-07-19 16:23:16.258,2026-07-19 16:23:21.519
person_ID_1678,FLUSH,4094,person,340,428,458,426,0.4093,2026-07-19 16:23:21.554,2026-07-19 16:23:23.818
person_ID_1679,FLUSH,4095,person,489,425,682,408,0.4502,2026-07-19 16:23:23.853,2026-07-19 16:23:27.519
person_ID_1680,FLUSH,4096,person,740,406,978,395,0.4870,2026-07-19 16:23:28.090,2026-07-19 16:23:33.254
person_ID_1681,FLUSH,4097,person,1033,390,1033,390,0.4064,2026-07-19 16:23:34.089,2026-07-19 16:23:34.553
person_ID_1682,FLUSH,4099,person,46,471,260,475,0.4848,2026-07-19 16:23:49.931,2026-07-19 16:23:52.223
bicycle_ID_1239,FLUSH,4102,bicycle,966,542,966,542,0.3066,2026-07-19 16:23:52.055,2026-07-19 16:23:52.523
person_ID_1684,FLUSH,4103,person,337,477,424,469,0.4687,2026-07-19 16:23:52.387,2026-07-19 16:23:52.987
bicycle_ID_1240,FLUSH,4103,bicycle,446,484,482,482,0.6303,2026-07-19 16:23:53.087,2026-07-19 16:23:53.824
person_ID_1683,FLUSH,4100,person,1000,522,467,580,0.5935,2026-07-19 16:23:51.887,2026-07-19 16:23:53.988
bicycle_ID_1238,FLUSH,4101,bicycle,1003,531,456,599,0.6419,2026-07-19 16:23:51.887,2026-07-19 16:23:54.024
person_ID_1685,FLUSH,4104,person,436,471,583,455,0.4891,2026-07-19 16:23:53.087,2026-07-19 16:23:54.655
person_ID_1686,FLUSH,4105,person,611,453,621,453,0.3120,2026-07-19 16:23:54.456,2026-07-19 16:23:54.989
person_ID_1687,FLUSH,4106,person,644,450,644,450,0.4064,2026-07-19 16:23:54.755,2026-07-19 16:23:55.222
bicycle_ID_1237,FLUSH,4098,bicycle,45,476,818,448,0.6243,2026-07-19 16:23:49.728,2026-07-19 16:23:56.292
person_ID_1688,FLUSH,4107,person,734,445,807,437,0.4147,2026-07-19 16:23:55.523,2026-07-19 16:23:56.391
bicycle_ID_1241,FLUSH,4107,bicycle,837,446,987,427,0.5726,2026-07-19 16:23:56.491,2026-07-19 16:23:58.056
person_ID_1689,FLUSH,4098,person,827,439,945,427,0.3895,2026-07-19 16:23:56.391,2026-07-19 16:23:58.088
bicycle_ID_1242,FLUSH,4108,bicycle,993,427,993,427,0.3458,2026-07-19 16:23:58.165,2026-07-19 16:23:58.192
car_ID_1615,FLUSH,4110,car,343,382,343,382,0.3176,2026-07-19 16:24:06.323,2026-07-19 16:24:07.190
car_ID_1614,FLUSH,4109,car,54,496,1033,422,0.8335,2026-07-19 16:24:05.189,2026-07-19 16:24:09.588
car_ID_1616,FLUSH,4111,car,1013,486,342,554,0.8045,2026-07-19 16:24:10.189,2026-07-19 16:24:12.888
truck_ID_124,FLUSH,4112,truck,112,494,114,494,0.4164,2026-07-19 16:24:54.690,2026-07-19 16:24:55.190
car_ID_1613,FLUSH,4093,car,306,399,307,399,0.4121,2026-07-19 16:23:21.253,2026-07-19 16:24:55.422
car_ID_1617,FLUSH,4115,car,308,398,307,399,0.3315,2026-07-19 16:24:55.991,2026-07-19 16:24:56.526
person_ID_1690,FLUSH,4118,person,443,496,443,496,0.3493,2026-07-19 16:24:57.027,2026-07-19 16:24:57.494
car_ID_1619,FLUSH,4117,car,344,382,344,382,0.3135,2026-07-19 16:24:56.927,2026-07-19 16:24:57.526
person_ID_1691,FLUSH,4119,person,850,462,850,462,0.3244,2026-07-19 16:24:57.227,2026-07-19 16:24:57.694
car_ID_1620,FLUSH,4120,car,343,382,344,382,0.3186,2026-07-19 16:24:57.929,2026-07-19 16:24:58.623
bus_ID_95,FLUSH,4114,bus,264,493,1023,415,0.7740,2026-07-19 16:24:55.490,2026-07-19 16:24:59.423
car_ID_1621,FLUSH,4121,car,1017,487,407,557,0.8247,2026-07-19 16:25:17.960,2026-07-19 16:25:20.895
bicycle_ID_1243,FLUSH,4122,bicycle,47,473,268,488,0.5398,2026-07-19 16:26:07.935,2026-07-19 16:26:09.863
person_ID_1692,FLUSH,4123,person,45,462,258,468,0.5605,2026-07-19 16:26:08.001,2026-07-19 16:26:10.097
person_ID_1693,FLUSH,4122,person,300,474,675,451,0.4963,2026-07-19 16:26:09.902,2026-07-19 16:26:12.830
person_ID_1694,FLUSH,4125,person,703,450,708,443,0.4552,2026-07-19 16:26:12.598,2026-07-19 16:26:13.099
person_ID_1695,FLUSH,4126,person,753,437,1011,421,0.5197,2026-07-19 16:26:13.030,2026-07-19 16:26:15.330
bicycle_ID_1244,FLUSH,4124,bicycle,322,491,973,433,0.5287,2026-07-19 16:26:10.034,2026-07-19 16:26:15.330
car_ID_1623,FLUSH,4128,car,344,382,343,383,0.3315,2026-07-19 16:26:30.137,2026-07-19 16:26:30.963
car_ID_1622,FLUSH,4127,car,56,488,1029,437,0.7902,2026-07-19 16:26:28.604,2026-07-19 16:26:33.898
person_ID_1696,FLUSH,4129,person,1033,395,977,397,0.4188,2026-07-19 16:26:38.999,2026-07-19 16:26:42.199
person_ID_1697,FLUSH,4130,person,1014,388,738,412,0.5237,2026-07-19 16:26:39.034,2026-07-19 16:26:51.532
person_ID_1698,FLUSH,4131,person,961,398,713,420,0.4815,2026-07-19 16:26:42.565,2026-07-19 16:26:52.905
person_ID_1699,FLUSH,4132,person,707,417,656,419,0.5313,2026-07-19 16:26:52.232,2026-07-19 16:26:54.133
car_ID_1618,FLUSH,4116,car,307,398,306,400,0.3791,2026-07-19 16:24:56.827,2026-07-19 16:27:05.436
bicycle_ID_1245,FLUSH,4133,bicycle,309,430,305,429,0.3745,2026-07-19 16:27:05.333,2026-07-19 16:27:05.734
person_ID_1701,FLUSH,4134,person,276,422,266,419,0.4051,2026-07-19 16:27:06.734,2026-07-19 16:27:07.568
person_ID_1702,FLUSH,4136,person,243,419,235,415,0.3442,2026-07-19 16:27:07.868,2026-07-19 16:27:08.568
person_ID_1703,FLUSH,4137,person,213,421,197,424,0.3992,2026-07-19 16:27:08.801,2026-07-19 16:27:09.833
person_ID_1700,FLUSH,4133,person,655,418,107,427,0.4904,2026-07-19 16:26:54.199,2026-07-19 16:27:12.934
person_ID_1704,FLUSH,4138,person,177,433,51,424,0.4495,2026-07-19 16:27:09.539,2026-07-19 16:27:15.038
person_ID_1705,FLUSH,4139,person,68,434,28,416,0.4404,2026-07-19 16:27:13.202,2026-07-19 16:27:16.004
bicycle_ID_1247,FLUSH,4141,bicycle,197,430,197,430,0.3208,2026-07-19 16:27:31.269,2026-07-19 16:27:31.302
bicycle_ID_1246,FLUSH,4142,bicycle,189,434,203,435,0.3704,2026-07-19 16:27:31.003,2026-07-19 16:27:32.103
car_ID_1624,FLUSH,4135,car,307,399,307,399,0.3767,2026-07-19 16:27:07.068,2026-07-19 16:27:33.434
person_ID_1706,FLUSH,4140,person,27,414,279,425,0.4258,2026-07-19 16:27:25.634,2026-07-19 16:27:33.670
bicycle_ID_1248,FLUSH,4140,bicycle,288,432,323,426,0.3755,2026-07-19 16:27:33.703,2026-07-19 16:27:34.711
person_ID_1707,FLUSH,4141,person,32,429,324,423,0.5724,2026-07-19 16:27:26.472,2026-07-19 16:27:34.745
bicycle_ID_1249,FLUSH,4141,bicycle,310,430,326,427,0.4261,2026-07-19 16:27:34.373,2026-07-19 16:27:35.239
bicycle_ID_1250,FLUSH,4144,bicycle,352,425,351,426,0.3689,2026-07-19 16:27:35.374,2026-07-19 16:27:35.408
person_ID_1708,FLUSH,4140,person,324,425,349,426,0.5083,2026-07-19 16:27:34.744,2026-07-19 16:27:35.875
person_ID_1709,FLUSH,4144,person,355,423,364,425,0.5296,2026-07-19 16:27:35.306,2026-07-19 16:27:36.372
person_ID_1710,FLUSH,4145,person,372,422,634,418,0.7060,2026-07-19 16:27:35.744,2026-07-19 16:27:43.008
bicycle_ID_1251,FLUSH,4146,bicycle,697,414,748,412,0.3687,2026-07-19 16:27:44.870,2026-07-19 16:27:46.335
person_ID_1711,FLUSH,4146,person,619,419,978,397,0.5076,2026-07-19 16:27:42.641,2026-07-19 16:27:55.310
person_ID_1713,FLUSH,4148,person,1002,392,1004,391,0.3285,2026-07-19 16:27:55.708,2026-07-19 16:27:56.270
person_ID_1712,FLUSH,4147,person,739,410,1035,393,0.5934,2026-07-19 16:27:45.975,2026-07-19 16:27:56.803
car_ID_1626,FLUSH,4149,car,1019,476,424,552,0.7671,2026-07-19 16:28:03.073,2026-07-19 16:28:05.736
person_ID_1714,FLUSH,4151,person,106,461,124,461,0.3929,2026-07-19 16:28:10.371,2026-07-19 16:28:10.936
person_ID_1715,FLUSH,4152,person,173,462,240,464,0.4333,2026-07-19 16:28:10.871,2026-07-19 16:28:11.336
bicycle_ID_1252,FLUSH,4150,bicycle,39,464,212,471,0.5082,2026-07-19 16:28:09.845,2026-07-19 16:28:11.506
person_ID_1716,FLUSH,4152,person,459,458,459,458,0.6167,2026-07-19 16:28:12.536,2026-07-19 16:28:12.536
person_ID_1717,FLUSH,4153,person,566,448,648,445,0.3689,2026-07-19 16:28:13.237,2026-07-19 16:28:14.171
person_ID_1718,FLUSH,4152,person,738,440,749,441,0.5543,2026-07-19 16:28:14.304,2026-07-19 16:28:14.371
bicycle_ID_1254,FLUSH,4154,bicycle,738,449,738,449,0.5632,2026-07-19 16:28:14.371,2026-07-19 16:28:14.837
person_ID_1720,FLUSH,4156,person,873,428,873,428,0.5026,2026-07-19 16:28:15.312,2026-07-19 16:28:15.342
person_ID_1719,FLUSH,4155,person,798,435,845,431,0.4294,2026-07-19 16:28:14.738,2026-07-19 16:28:15.540
person_ID_1721,FLUSH,4152,person,906,429,943,426,0.4420,2026-07-19 16:28:15.540,2026-07-19 16:28:15.841
bicycle_ID_1255,FLUSH,4156,bicycle,896,435,1000,422,0.4573,2026-07-19 16:28:15.476,2026-07-19 16:28:16.381
bicycle_ID_1253,FLUSH,4152,bicycle,263,468,979,423,0.4504,2026-07-19 16:28:11.371,2026-07-19 16:28:16.637
car_ID_1628,FLUSH,4158,car,343,382,343,382,0.3672,2026-07-19 16:28:18.505,2026-07-19 16:28:18.978
car_ID_1627,FLUSH,4157,car,62,514,1029,434,0.8291,2026-07-19 16:28:17.371,2026-07-19 16:28:22.372
car_ID_1629,FLUSH,4159,car,61,495,1033,426,0.7870,2026-07-19 16:28:36.011,2026-07-19 16:28:39.937
bicycle_ID_1258,FLUSH,4163,bicycle,1019,511,805,542,0.5808,2026-07-19 16:28:46.575,2026-07-19 16:28:47.574
bicycle_ID_1256,FLUSH,4161,bicycle,936,525,459,582,0.4758,2026-07-19 16:28:46.007,2026-07-19 16:28:47.743
person_ID_1722,FLUSH,4160,person,1020,495,456,563,0.7120,2026-07-19 16:28:45.610,2026-07-19 16:28:48.141
person_ID_1724,FLUSH,4161,person,422,567,422,567,0.3779,2026-07-19 16:28:47.775,2026-07-19 16:28:48.241
bicycle_ID_1257,FLUSH,4162,bicycle,845,539,426,585,0.4838,2026-07-19 16:28:46.373,2026-07-19 16:28:48.241
person_ID_1723,FLUSH,4164,person,1014,500,436,554,0.6451,2026-07-19 16:28:46.707,2026-07-19 16:28:49.241
bicycle_ID_1259,FLUSH,4165,bicycle,1004,515,450,575,0.6248,2026-07-19 16:28:46.739,2026-07-19 16:28:49.241
bicycle_ID_1260,FLUSH,4166,bicycle,1018,513,953,531,0.6713,2026-07-19 16:28:59.210,2026-07-19 16:28:59.745
person_ID_1725,FLUSH,4167,person,1020,491,454,566,0.7039,2026-07-19 16:28:59.278,2026-07-19 16:29:02.614
bicycle_ID_1261,FLUSH,4168,bicycle,988,526,453,591,0.7399,2026-07-19 16:28:59.549,2026-07-19 16:29:02.647
bicycle_ID_1263,FLUSH,4171,bicycle,533,590,533,590,0.7201,2026-07-19 16:29:10.145,2026-07-19 16:29:10.607
person_ID_1726,FLUSH,4170,person,1016,505,464,572,0.7038,2026-07-19 16:29:07.610,2026-07-19 16:29:10.907
bicycle_ID_1262,FLUSH,4169,bicycle,1019,526,455,594,0.7398,2026-07-19 16:29:07.513,2026-07-19 16:29:10.944
car_ID_1630,FLUSH,4173,car,991,495,412,563,0.7901,2026-07-19 16:29:17.442,2026-07-19 16:29:19.848
person_ID_1728,FLUSH,4174,person,38,469,523,464,0.6514,2026-07-19 16:29:17.442,2026-07-19 16:29:20.077
person_ID_1730,FLUSH,4176,person,513,465,513,465,0.5347,2026-07-19 16:29:20.044,2026-07-19 16:29:20.507
person_ID_1732,FLUSH,4178,person,623,462,623,462,0.4634,2026-07-19 16:29:20.607,2026-07-19 16:29:20.675
person_ID_1731,FLUSH,4177,person,674,457,672,459,0.3620,2026-07-19 16:29:20.575,2026-07-19 16:29:20.847
person_ID_1729,FLUSH,4175,person,561,458,952,433,0.5069,2026-07-19 16:29:20.012,2026-07-19 16:29:22.743
person_ID_1733,FLUSH,4179,person,1005,432,1014,432,0.5935,2026-07-19 16:29:22.807,2026-07-19 16:29:22.875
person_ID_1727,FLUSH,4172,person,43,463,1030,430,0.6642,2026-07-19 16:29:17.080,2026-07-19 16:29:23.508
car_ID_1631,FLUSH,4180,car,58,496,1031,435,0.7908,2026-07-19 16:29:39.108,2026-07-19 16:29:43.912
car_ID_1632,FLUSH,4181,car,1024,499,294,568,0.7866,2026-07-19 16:29:42.277,2026-07-19 16:29:45.282
car_ID_1633,FLUSH,4182,car,1017,485,381,563,0.8148,2026-07-19 16:29:54.886,2026-07-19 16:29:57.709
car_ID_1634,FLUSH,4183,car,73,499,1023,435,0.8072,2026-07-19 16:30:08.681,2026-07-19 16:30:13.245
car_ID_1625,FLUSH,4143,car,310,399,308,400,0.3547,2026-07-19 16:27:34.840,2026-07-19 16:30:17.249
car_ID_1635,FLUSH,4184,car,308,400,308,401,0.3270,2026-07-19 16:30:17.813,2026-07-19 16:30:21.745
car_ID_1637,FLUSH,4186,car,1017,489,383,566,0.8811,2026-07-19 16:30:27.082,2026-07-19 16:30:29.647
car_ID_1636,FLUSH,4185,car,308,400,308,401,0.3395,2026-07-19 16:30:22.045,2026-07-19 16:30:29.946
car_ID_1639,FLUSH,4188,car,48,505,1029,437,0.8286,2026-07-19 16:30:39.019,2026-07-19 16:30:43.050
car_ID_1638,FLUSH,4187,car,307,400,308,400,0.3370,2026-07-19 16:30:30.646,2026-07-19 16:30:48.615
car_ID_1641,FLUSH,4190,car,1017,483,328,550,0.7908,2026-07-19 16:31:08.150,2026-07-19 16:31:10.884
car_ID_1640,FLUSH,4189,car,308,400,308,401,0.3357,2026-07-19 16:30:48.748,2026-07-19 16:31:15.817
car_ID_1642,FLUSH,4191,car,1020,489,375,551,0.7566,2026-07-19 16:31:21.921,2026-07-19 16:31:23.881
car_ID_1643,FLUSH,4192,car,308,401,308,401,0.3322,2026-07-19 16:31:22.828,2026-07-19 16:31:24.083
car_ID_1644,FLUSH,4193,car,308,401,308,401,0.3288,2026-07-19 16:31:25.851,2026-07-19 16:31:28.349
car_ID_1645,FLUSH,4194,car,308,401,308,401,0.3278,2026-07-19 16:31:31.017,2026-07-19 16:31:31.982
car_ID_1646,FLUSH,4195,car,308,401,308,401,0.3116,2026-07-19 16:31:32.382,2026-07-19 16:31:35.418
car_ID_1647,FLUSH,4196,car,308,401,308,402,0.3432,2026-07-19 16:31:35.820,2026-07-19 16:31:37.282
car_ID_1649,FLUSH,4198,car,57,501,1030,435,0.8019,2026-07-19 16:31:40.953,2026-07-19 16:31:45.550
car_ID_1648,FLUSH,4197,car,308,401,308,401,0.3437,2026-07-19 16:31:38.650,2026-07-19 16:31:48.318
car_ID_1650,FLUSH,4199,car,308,402,308,402,0.3315,2026-07-19 16:31:49.582,2026-07-19 16:31:50.051
car_ID_1651,FLUSH,4200,car,308,401,308,402,0.3266,2026-07-19 16:31:55.750,2026-07-19 16:31:56.883
car_ID_1652,FLUSH,4201,car,308,402,308,402,0.3386,2026-07-19 16:31:58.851,2026-07-19 16:31:59.657
car_ID_1653,FLUSH,4202,car,308,402,308,402,0.3600,2026-07-19 16:31:59.957,2026-07-19 16:32:00.423
car_ID_1654,FLUSH,4203,car,308,402,308,402,0.3535,2026-07-19 16:32:18.519,2026-07-19 16:32:19.419
car_ID_1655,FLUSH,4204,car,308,402,308,402,0.3355,2026-07-19 16:32:20.220,2026-07-19 16:32:21.723
car_ID_1656,FLUSH,4205,car,308,402,308,402,0.3132,2026-07-19 16:32:29.625,2026-07-19 16:32:30.125
car_ID_1657,FLUSH,4206,car,308,402,308,401,0.3133,2026-07-19 16:32:33.291,2026-07-19 16:32:34.653
car_ID_1659,FLUSH,4208,car,309,402,308,402,0.3353,2026-07-19 16:32:35.188,2026-07-19 16:32:36.488
car_ID_1658,FLUSH,4207,car,1015,481,341,545,0.8791,2026-07-19 16:32:33.957,2026-07-19 16:32:36.657
car_ID_1661,FLUSH,4210,car,120,542,103,538,0.3958,2026-07-19 16:32:36.953,2026-07-19 16:32:37.221
car_ID_1660,FLUSH,4209,car,1018,478,346,552,0.7958,2026-07-19 16:32:36.657,2026-07-19 16:32:38.921
car_ID_1662,FLUSH,4211,car,308,401,308,402,0.3392,2026-07-19 16:32:37.653,2026-07-19 16:32:39.092
car_ID_1663,FLUSH,4212,car,308,403,308,403,0.3173,2026-07-19 16:32:45.624,2026-07-19 16:32:46.090
car_ID_1664,FLUSH,4213,car,308,401,308,402,0.3213,2026-07-19 16:32:47.253,2026-07-19 16:32:49.194
car_ID_1665,FLUSH,4214,car,308,402,308,402,0.3467,2026-07-19 16:32:50.689,2026-07-19 16:32:51.521
car_ID_1666,FLUSH,4215,car,309,402,309,402,0.3422,2026-07-19 16:32:53.564,2026-07-19 16:32:54.022
car_ID_1667,FLUSH,4216,car,308,403,308,403,0.3565,2026-07-19 16:32:55.221,2026-07-19 16:32:55.692
car_ID_1669,FLUSH,4218,car,308,402,308,402,0.3364,2026-07-19 16:32:57.095,2026-07-19 16:32:59.355
car_ID_1668,FLUSH,4217,car,61,518,1032,440,0.8327,2026-07-19 16:32:56.827,2026-07-19 16:33:00.325
car_ID_1670,FLUSH,4219,car,308,403,308,403,0.3030,2026-07-19 16:33:08.893,2026-07-19 16:33:09.358
car_ID_1671,FLUSH,4220,car,308,402,308,402,0.3617,2026-07-19 16:33:09.593,2026-07-19 16:33:10.693
car_ID_1673,FLUSH,4222,car,308,403,308,402,0.3296,2026-07-19 16:33:13.990,2026-07-19 16:33:14.955
person_ID_1734,FLUSH,4224,person,1019,480,470,581,0.6025,2026-07-19 16:33:14.623,2026-07-19 16:33:17.223
bicycle_ID_1264,FLUSH,4223,bicycle,1020,519,430,575,0.7003,2026-07-19 16:33:14.555,2026-07-19 16:33:17.222
car_ID_1672,FLUSH,4221,car,1032,440,51,516,0.7998,2026-07-19 16:33:13.754,2026-07-19 16:33:17.455
person_ID_1735,FLUSH,4226,person,871,509,469,555,0.6298,2026-07-19 16:33:15.490,2026-07-19 16:33:17.590
bicycle_ID_1265,FLUSH,4227,bicycle,876,519,468,571,0.6637,2026-07-19 16:33:15.490,2026-07-19 16:33:17.590
person_ID_1736,FLUSH,4223,person,429,553,429,553,0.3992,2026-07-19 16:33:17.255,2026-07-19 16:33:17.722
car_ID_1674,FLUSH,4225,car,309,404,308,403,0.3438,2026-07-19 16:33:15.222,2026-07-19 16:33:17.790
car_ID_1675,FLUSH,4228,car,308,402,308,403,0.3822,2026-07-19 16:33:23.328,2026-07-19 16:33:24.195
person_ID_1737,FLUSH,4229,person,51,493,218,407,0.6024,2026-07-19 16:33:24.394,2026-07-19 16:33:31.959
car_ID_1676,FLUSH,4230,car,308,402,308,403,0.3443,2026-07-19 16:33:30.429,2026-07-19 16:33:32.794
car_ID_1678,FLUSH,4232,car,308,403,308,403,0.3214,2026-07-19 16:33:40.296,2026-07-19 16:33:41.130
car_ID_1679,FLUSH,4233,car,309,402,308,403,0.3423,2026-07-19 16:33:41.260,2026-07-19 16:33:42.891
car_ID_1677,FLUSH,4231,car,56,492,1029,435,0.7576,2026-07-19 16:33:39.961,2026-07-19 16:33:44.591
car_ID_1680,FLUSH,4234,car,61,504,1026,433,0.7804,2026-07-19 16:34:01.692,2026-07-19 16:34:06.160
car_ID_1681,FLUSH,4235,car,308,402,308,403,0.3437,2026-07-19 16:34:01.895,2026-07-19 16:34:07.393
car_ID_1682,FLUSH,4236,car,58,503,1028,442,0.7760,2026-07-19 16:34:04.360,2026-07-19 16:34:08.560
car_ID_1684,FLUSH,4238,car,308,403,308,403,0.3416,2026-07-19 16:34:41.498,2026-07-19 16:34:43.496
car_ID_1683,FLUSH,4237,car,57,503,1031,429,0.8286,2026-07-19 16:34:40.765,2026-07-19 16:34:45.695
car_ID_1685,FLUSH,4239,car,59,501,1031,439,0.7895,2026-07-19 16:34:44.395,2026-07-19 16:34:48.895
car_ID_1686,FLUSH,4240,car,308,403,308,404,0.3483,2026-07-19 16:34:45.563,2026-07-19 16:34:49.166
car_ID_1687,FLUSH,4241,car,55,497,1031,435,0.7317,2026-07-19 16:34:46.395,2026-07-19 16:34:50.928
car_ID_1689,FLUSH,4244,car,308,403,308,403,0.3279,2026-07-19 16:35:01.195,2026-07-19 16:35:01.668
car_ID_1688,FLUSH,4243,car,1022,489,357,568,0.7515,2026-07-19 16:34:59.264,2026-07-19 16:35:01.766
person_ID_1738,FLUSH,4242,person,287,516,1011,374,0.6825,2026-07-19 16:34:53.631,2026-07-19 16:35:18.338
car_ID_1690,FLUSH,4245,car,1021,494,404,577,0.8730,2026-07-19 16:35:33.697,2026-07-19 16:35:35.864
car_ID_1692,FLUSH,4247,car,308,404,308,404,0.3423,2026-07-19 16:35:37.568,2026-07-19 16:35:38.471
car_ID_1693,FLUSH,4248,car,553,454,553,454,0.3151,2026-07-19 16:35:38.033,2026-07-19 16:35:38.503
car_ID_1691,FLUSH,4246,car,65,485,1031,422,0.7977,2026-07-19 16:35:36.301,2026-07-19 16:35:40.569
car_ID_1694,FLUSH,4249,car,1022,484,321,537,0.8173,2026-07-19 16:35:46.702,2026-07-19 16:35:49.866
person_ID_1739,FLUSH,4250,person,511,629,681,614,0.5198,2026-07-19 16:36:26.403,2026-07-19 16:36:29.777
person_ID_1740,FLUSH,4252,person,702,613,1012,564,0.7512,2026-07-19 16:36:29.640,2026-07-19 16:36:36.341
truck_ID_125,FLUSH,4253,truck,527,487,560,483,0.3789,2026-07-19 16:36:44.937,2026-07-19 16:36:45.037
bus_ID_96,FLUSH,4253,bus,961,446,989,442,0.6042,2026-07-19 16:36:46.505,2026-07-19 16:36:46.712
bus_ID_97,FLUSH,4254,bus,981,442,981,442,0.6167,2026-07-19 16:36:46.678,2026-07-19 16:36:46.745
truck_ID_126,FLUSH,4253,truck,922,450,996,440,0.3434,2026-07-19 16:36:46.339,2026-07-19 16:36:46.774
car_ID_1696,FLUSH,4254,car,974,444,994,440,0.5757,2026-07-19 16:36:46.639,2026-07-19 16:36:47.240
car_ID_1695,FLUSH,4253,car,74,510,1030,428,0.6636,2026-07-19 16:36:43.436,2026-07-19 16:36:47.571
car_ID_1697,FLUSH,4255,car,69,503,1029,432,0.7420,2026-07-19 16:36:50.801,2026-07-19 16:36:54.438
car_ID_1698,FLUSH,4256,car,1022,477,536,555,0.8206,2026-07-19 16:37:06.576,2026-07-19 16:37:09.642
car_ID_1699,FLUSH,4257,car,1024,456,80,497,0.7530,2026-07-19 16:37:20.876,2026-07-19 16:37:24.405
person_ID_1741,FLUSH,4258,person,1015,369,1020,362,0.3727,2026-07-19 16:37:40.613,2026-07-19 16:37:41.175
bicycle_ID_1266,FLUSH,4259,bicycle,1023,443,1020,442,0.3689,2026-07-19 16:37:47.745,2026-07-19 16:37:47.913
bicycle_ID_1267,FLUSH,4260,bicycle,959,481,959,481,0.3636,2026-07-19 16:37:48.343,2026-07-19 16:37:48.343
bicycle_ID_1268,FLUSH,4262,bicycle,940,482,940,482,0.3315,2026-07-19 16:37:48.476,2026-07-19 16:37:48.510
person_ID_1743,FLUSH,4262,person,803,461,752,456,0.3431,2026-07-19 16:37:49.413,2026-07-19 16:37:50.172
bicycle_ID_1270,FLUSH,4265,bicycle,596,495,586,495,0.3600,2026-07-19 16:37:50.372,2026-07-19 16:37:50.409
person_ID_1744,FLUSH,4264,person,707,455,467,462,0.4018,2026-07-19 16:37:50.011,2026-07-19 16:37:51.441
person_ID_1742,FLUSH,4259,person,1002,450,346,492,0.5237,2026-07-19 16:37:48.044,2026-07-19 16:37:51.740
bicycle_ID_1273,FLUSH,4259,bicycle,308,511,293,513,0.5050,2026-07-19 16:37:51.807,2026-07-19 16:37:51.872
bicycle_ID_1271,FLUSH,4266,bicycle,414,508,272,495,0.4210,2026-07-19 16:37:51.307,2026-07-19 16:37:51.942
bicycle_ID_1272,FLUSH,4264,bicycle,374,468,299,476,0.3440,2026-07-19 16:37:51.807,2026-07-19 16:37:52.240
bicycle_ID_1269,FLUSH,4263,bicycle,731,494,349,469,0.4402,2026-07-19 16:37:49.676,2026-07-19 16:37:52.407
person_ID_1746,FLUSH,4267,person,202,495,58,493,0.5495,2026-07-19 16:37:52.272,2026-07-19 16:37:52.940
bicycle_ID_1274,FLUSH,4268,bicycle,181,515,140,515,0.4305,2026-07-19 16:37:52.372,2026-07-19 16:37:53.040
person_ID_1747,FLUSH,4270,person,64,494,64,494,0.4919,2026-07-19 16:37:52.940,2026-07-19 16:37:53.180
bicycle_ID_1275,FLUSH,4269,bicycle,222,483,98,480,0.3831,2026-07-19 16:37:52.613,2026-07-19 16:37:53.243
person_ID_1745,FLUSH,4266,person,333,496,155,463,0.4594,2026-07-19 16:37:51.707,2026-07-19 16:37:53.407
car_ID_1700,FLUSH,4271,car,1029,441,1014,449,0.3731,2026-07-19 16:38:07.679,2026-07-19 16:38:07.815
truck_ID_127,FLUSH,4271,truck,1020,445,926,478,0.4264,2026-07-19 16:38:07.745,2026-07-19 16:38:08.908
truck_ID_128,FLUSH,4272,truck,989,466,884,488,0.5477,2026-07-19 16:38:08.073,2026-07-19 16:38:08.940
bus_ID_98,FLUSH,4271,bus,990,465,884,489,0.6322,2026-07-19 16:38:08.041,2026-07-19 16:38:09.409
car_ID_1701,FLUSH,4274,car,260,462,175,462,0.4173,2026-07-19 16:38:11.041,2026-07-19 16:38:11.709
bus_ID_100,FLUSH,4273,bus,667,505,376,512,0.4450,2026-07-19 16:38:10.240,2026-07-19 16:38:12.042
bus_ID_99,FLUSH,4272,bus,983,469,280,521,0.6620,2026-07-19 16:38:08.109,2026-07-19 16:38:12.773
person_ID_1748,FLUSH,4275,person,65,533,65,533,0.3707,2026-07-19 16:38:17.248,2026-07-19 16:38:17.715
person_ID_1749,FLUSH,4276,person,114,520,149,512,0.4987,2026-07-19 16:38:17.512,2026-07-19 16:38:18.113
person_ID_1750,FLUSH,4277,person,308,486,321,481,0.3636,2026-07-19 16:38:18.673,2026-07-19 16:38:19.208
person_ID_1751,FLUSH,4278,person,373,470,420,460,0.5443,2026-07-19 16:38:19.141,2026-07-19 16:38:19.941
person_ID_1752,FLUSH,4279,person,445,458,445,458,0.5347,2026-07-19 16:38:19.709,2026-07-19 16:38:20.174
person_ID_1753,FLUSH,4280,person,502,431,551,427,0.3530,2026-07-19 16:38:20.241,2026-07-19 16:38:21.173
person_ID_1754,FLUSH,4281,person,650,417,650,417,0.3885,2026-07-19 16:38:21.941,2026-07-19 16:38:22.408
person_ID_1755,FLUSH,4282,person,753,404,766,406,0.3645,2026-07-19 16:38:23.213,2026-07-19 16:38:23.878
car_ID_1702,FLUSH,4284,car,843,398,843,398,0.3422,2026-07-19 16:38:24.413,2026-07-19 16:38:24.478
person_ID_1756,FLUSH,4283,person,788,402,819,404,0.4474,2026-07-19 16:38:23.719,2026-07-19 16:38:24.581
person_ID_1757,FLUSH,4284,person,840,400,849,402,0.3293,2026-07-19 16:38:24.378,2026-07-19 16:38:24.977
person_ID_1758,FLUSH,4285,person,867,401,870,402,0.5949,2026-07-19 16:38:24.816,2026-07-19 16:38:25.313
person_ID_1759,FLUSH,4286,person,918,399,918,399,0.3814,2026-07-19 16:38:25.579,2026-07-19 16:38:26.045
car_ID_1703,FLUSH,4287,car,984,391,984,391,0.4385,2026-07-19 16:38:26.544,2026-07-19 16:38:27.012
car_ID_1705,FLUSH,4289,car,986,363,1013,370,0.5354,2026-07-19 16:38:52.715,2026-07-19 16:38:53.816
car_ID_1706,FLUSH,4290,car,54,543,91,473,0.4593,2026-07-19 16:38:56.243,2026-07-19 16:38:58.410
car_ID_1707,FLUSH,4291,car,338,528,1025,430,0.8525,2026-07-19 16:38:57.143,2026-07-19 16:39:00.175
car_ID_1708,FLUSH,4292,car,1015,374,988,363,0.4336,2026-07-19 16:39:07.047,2026-07-19 16:39:08.113
car_ID_1709,FLUSH,4293,car,91,473,91,473,0.3672,2026-07-19 16:39:10.112,2026-07-19 16:39:10.581
car_ID_1710,FLUSH,4294,car,55,541,85,540,0.3585,2026-07-19 16:39:11.344,2026-07-19 16:39:11.979
car_ID_1711,FLUSH,4295,car,457,525,1028,434,0.7686,2026-07-19 16:39:12.744,2026-07-19 16:39:15.579
car_ID_1712,FLUSH,4296,car,92,473,92,474,0.3846,2026-07-19 16:39:15.344,2026-07-19 16:39:16.212
car_ID_1704,FLUSH,4288,car,72,488,92,474,0.6865,2026-07-19 16:38:34.578,2026-07-19 16:39:20.087
car_ID_1713,FLUSH,4297,car,143,490,92,474,0.4822,2026-07-19 16:39:17.279,2026-07-19 16:39:30.380
person_ID_1760,FLUSH,4299,person,276,530,315,522,0.4360,2026-07-19 16:39:32.346,2026-07-19 16:39:32.946
bicycle_ID_1276,FLUSH,4301,bicycle,405,552,638,513,0.7104,2026-07-19 16:39:32.882,2026-07-19 16:39:34.280
bicycle_ID_1278,FLUSH,4303,bicycle,750,485,760,482,0.4039,2026-07-19 16:39:34.414,2026-07-19 16:39:34.913
bicycle_ID_1279,FLUSH,4304,bicycle,914,441,914,441,0.3386,2026-07-19 16:39:35.480,2026-07-19 16:39:35.480
bicycle_ID_1277,FLUSH,4302,bicycle,529,533,861,454,0.5451,2026-07-19 16:39:33.345,2026-07-19 16:39:35.545
person_ID_1761,FLUSH,4300,person,368,524,1023,420,0.6312,2026-07-19 16:39:32.713,2026-07-19 16:39:36.182
car_ID_1715,FLUSH,4306,car,144,490,149,489,0.6258,2026-07-19 16:39:36.113,2026-07-19 16:39:36.613
car_ID_1716,FLUSH,4300,car,1030,423,1032,422,0.5383,2026-07-19 16:39:36.215,2026-07-19 16:39:36.713
person_ID_1763,FLUSH,4310,person,395,495,453,497,0.4435,2026-07-19 16:39:37.584,2026-07-19 16:39:38.345
person_ID_1764,FLUSH,4311,person,517,477,682,458,0.4031,2026-07-19 16:39:38.281,2026-07-19 16:39:39.881
bicycle_ID_1282,FLUSH,4313,bicycle,804,464,817,462,0.3649,2026-07-19 16:39:40.483,2026-07-19 16:39:41.016
bicycle_ID_1280,FLUSH,4307,bicycle,421,536,1011,445,0.6603,2026-07-19 16:39:36.380,2026-07-19 16:39:41.118
person_ID_1762,FLUSH,4308,person,421,514,1030,425,0.5175,2026-07-19 16:39:36.445,2026-07-19 16:39:41.813
car_ID_1717,FLUSH,4307,car,1032,434,1033,433,0.3631,2026-07-19 16:39:41.446,2026-07-19 16:39:41.946
bicycle_ID_1281,FLUSH,4309,bicycle,388,517,949,448,0.5535,2026-07-19 16:39:37.485,2026-07-19 16:39:42.317
bicycle_ID_1283,FLUSH,4314,bicycle,860,457,1009,442,0.5134,2026-07-19 16:39:41.016,2026-07-19 16:39:42.481
person_ID_1765,FLUSH,4312,person,740,455,1024,429,0.5154,2026-07-19 16:39:39.915,2026-07-19 16:39:43.118
car_ID_1718,FLUSH,4315,car,150,485,149,484,0.3995,2026-07-19 16:39:45.084,2026-07-19 16:39:47.881
person_ID_1767,FLUSH,4317,person,1016,389,1008,389,0.3728,2026-07-19 16:39:47.781,2026-07-19 16:39:48.481
person_ID_1766,FLUSH,4316,person,1031,387,788,411,0.5799,2026-07-19 16:39:47.116,2026-07-19 16:39:56.747
person_ID_1768,FLUSH,4318,person,985,391,770,407,0.4446,2026-07-19 16:39:48.914,2026-07-19 16:39:57.258
person_ID_1769,FLUSH,4319,person,762,403,746,409,0.4187,2026-07-19 16:39:56.781,2026-07-19 16:39:58.047
car_ID_1714,FLUSH,4298,car,110,487,93,475,0.5891,2026-07-19 16:39:20.553,2026-07-19 16:40:00.814
car_ID_1720,FLUSH,4322,car,142,493,141,493,0.3459,2026-07-19 16:40:03.720,2026-07-19 16:40:05.816
car_ID_1721,FLUSH,4323,car,92,475,142,493,0.4329,2026-07-19 16:40:07.016,2026-07-19 16:40:08.214
person_ID_1770,FLUSH,4320,person,727,401,354,429,0.4501,2026-07-19 16:39:58.015,2026-07-19 16:40:08.414
person_ID_1771,FLUSH,4324,person,82,421,84,425,0.3554,2026-07-19 16:40:07.983,2026-07-19 16:40:08.483
person_ID_1773,FLUSH,4326,person,328,421,328,421,0.3066,2026-07-19 16:40:08.947,2026-07-19 16:40:09.414
person_ID_1772,FLUSH,4325,person,115,421,116,421,0.3852,2026-07-19 16:40:08.915,2026-07-19 16:40:09.447
person_ID_1775,FLUSH,4329,person,294,424,277,422,0.3341,2026-07-19 16:40:09.682,2026-07-19 16:40:10.582
car_ID_1722,FLUSH,4328,car,154,484,154,485,0.3807,2026-07-19 16:40:09.048,2026-07-19 16:40:11.048
person_ID_1776,FLUSH,4330,person,148,424,185,420,0.3825,2026-07-19 16:40:09.951,2026-07-19 16:40:11.347
car_ID_1723,FLUSH,4332,car,154,485,156,484,0.3375,2026-07-19 16:40:11.947,2026-07-19 16:40:12.615
person_ID_1774,FLUSH,4327,person,314,427,99,436,0.4068,2026-07-19 16:40:08.947,2026-07-19 16:40:15.117
person_ID_1777,FLUSH,4331,person,252,420,79,420,0.4314,2026-07-19 16:40:10.719,2026-07-19 16:40:16.351
person_ID_1778,FLUSH,4333,person,69,434,41,426,0.3616,2026-07-19 16:40:15.686,2026-07-19 16:40:17.051
person_ID_1779,FLUSH,4334,person,428,420,469,418,0.4033,2026-07-19 16:40:18.047,2026-07-19 16:40:19.549
car_ID_1724,FLUSH,4336,car,152,483,143,490,0.3554,2026-07-19 16:40:19.248,2026-07-19 16:40:19.715
person_ID_1780,FLUSH,4335,person,62,503,84,508,0.4560,2026-07-19 16:40:18.949,2026-07-19 16:40:19.949
person_ID_1781,FLUSH,4336,person,127,496,135,497,0.5012,2026-07-19 16:40:20.083,2026-07-19 16:40:20.782
car_ID_1719,FLUSH,4321,car,92,474,154,486,0.5563,2026-07-19 16:40:00.346,2026-07-19 16:40:22.587
person_ID_1782,FLUSH,4337,person,504,417,585,416,0.4444,2026-07-19 16:40:20.083,2026-07-19 16:40:22.752
person_ID_1783,FLUSH,4338,person,192,472,138,449,0.4087,2026-07-19 16:40:21.548,2026-07-19 16:40:24.615
car_ID_1726,FLUSH,4340,car,156,485,156,485,0.3885,2026-07-19 16:40:25.748,2026-07-19 16:40:26.215
person_ID_1784,FLUSH,4341,person,750,404,837,396,0.3825,2026-07-19 16:40:27.348,2026-07-19 16:40:31.120
car_ID_1727,FLUSH,4343,car,84,473,84,475,0.3559,2026-07-19 16:40:32.048,2026-07-19 16:40:32.616
car_ID_1725,FLUSH,4339,car,91,481,269,490,0.5485,2026-07-19 16:40:21.715,2026-07-19 16:40:34.683
person_ID_1785,FLUSH,4342,person,864,393,930,390,0.3866,2026-07-19 16:40:31.718,2026-07-19 16:40:34.683
person_ID_1786,FLUSH,4344,person,946,390,971,392,0.3710,2026-07-19 16:40:34.848,2026-07-19 16:40:35.922
truck_ID_129,FLUSH,4345,truck,990,450,990,450,0.3351,2026-07-19 16:40:37.983,2026-07-19 16:40:37.983
person_ID_1787,FLUSH,4346,person,1011,388,1016,388,0.3488,2026-07-19 16:40:37.583,2026-07-19 16:40:38.283
car_ID_1728,FLUSH,4345,car,494,494,1030,434,0.6951,2026-07-19 16:40:35.549,2026-07-19 16:40:38.916
person_ID_1788,FLUSH,4347,person,48,514,659,417,0.5037,2026-07-19 16:40:46.752,2026-07-19 16:41:06.617
person_ID_1789,FLUSH,4348,person,676,416,957,396,0.4639,2026-07-19 16:41:06.652,2026-07-19 16:41:17.222
person_ID_1790,FLUSH,4349,person,984,393,1026,384,0.4426,2026-07-19 16:41:17.821,2026-07-19 16:41:21.553
person_ID_1791,FLUSH,4350,person,1017,380,1014,377,0.3706,2026-07-19 16:41:21.818,2026-07-19 16:41:22.486
bicycle_ID_1284,FLUSH,4352,bicycle,1013,514,1013,514,0.5026,2026-07-19 16:41:23.953,2026-07-19 16:41:23.953
bicycle_ID_1286,FLUSH,4354,bicycle,987,528,930,533,0.5352,2026-07-19 16:41:24.119,2026-07-19 16:41:24.318
bicycle_ID_1285,FLUSH,4353,bicycle,1004,526,520,576,0.6445,2026-07-19 16:41:24.019,2026-07-19 16:41:25.592
bicycle_ID_1287,FLUSH,4355,bicycle,661,566,485,580,0.3582,2026-07-19 16:41:25.256,2026-07-19 16:41:25.693
person_ID_1792,FLUSH,4352,person,1011,509,461,564,0.5850,2026-07-19 16:41:23.986,2026-07-19 16:41:26.219
car_ID_1729,FLUSH,4351,car,73,502,1032,429,0.8081,2026-07-19 16:41:22.486,2026-07-19 16:41:28.153
person_ID_1793,FLUSH,4356,person,49,486,232,478,0.5543,2026-07-19 16:41:35.854,2026-07-19 16:41:37.491
bicycle_ID_1288,FLUSH,4358,bicycle,817,467,817,467,0.3066,2026-07-19 16:41:41.054,2026-07-19 16:41:41.522
person_ID_1794,FLUSH,4357,person,306,486,1028,434,0.5691,2026-07-19 16:41:37.491,2026-07-19 16:41:43.821
car_ID_1730,FLUSH,4359,car,1037,377,1037,377,0.3173,2026-07-19 16:41:46.659,2026-07-19 16:41:47.125
person_ID_1795,FLUSH,4360,person,1015,503,529,569,0.6904,2026-07-19 16:41:54.655,2026-07-19 16:41:56.855
person_ID_1796,FLUSH,4362,person,493,578,493,578,0.5097,2026-07-19 16:41:56.487,2026-07-19 16:41:56.956
bicycle_ID_1289,FLUSH,4361,bicycle,1007,525,490,601,0.6912,2026-07-19 16:41:54.687,2026-07-19 16:41:56.956
bicycle_ID_1290,FLUSH,4363,bicycle,1018,511,1018,511,0.3101,2026-07-19 16:41:57.155,2026-07-19 16:41:57.155
bicycle_ID_1291,FLUSH,4365,bicycle,1004,522,1004,522,0.3672,2026-07-19 16:41:57.255,2026-07-19 16:41:57.724
person_ID_1797,FLUSH,4363,person,1015,501,470,580,0.6797,2026-07-19 16:41:57.187,2026-07-19 16:41:59.460
bicycle_ID_1292,FLUSH,4364,bicycle,995,526,458,598,0.6770,2026-07-19 16:41:57.288,2026-07-19 16:41:59.491
bicycle_ID_1293,FLUSH,4366,bicycle,1017,524,447,595,0.8232,2026-07-19 16:42:04.520,2026-07-19 16:42:07.820
person_ID_1798,FLUSH,4367,person,1020,500,410,556,0.6860,2026-07-19 16:42:04.588,2026-07-19 16:42:07.988
car_ID_1732,FLUSH,4369,car,307,399,307,400,0.3649,2026-07-19 16:42:33.062,2026-07-19 16:42:33.928
car_ID_1731,FLUSH,4368,car,56,487,1034,424,0.8165,2026-07-19 16:42:32.828,2026-07-19 16:42:36.993
car_ID_1733,FLUSH,4370,car,1024,483,420,548,0.7126,2026-07-19 16:42:35.525,2026-07-19 16:42:38.058
car_ID_1736,FLUSH,4373,car,629,501,629,501,0.4634,2026-07-19 16:42:45.123,2026-07-19 16:42:45.590
bicycle_ID_1294,FLUSH,4374,bicycle,1015,515,1015,515,0.3137,2026-07-19 16:42:45.791,2026-07-19 16:42:45.791
car_ID_1735,FLUSH,4372,car,307,400,306,399,0.3456,2026-07-19 16:42:44.725,2026-07-19 16:42:46.099
car_ID_1734,FLUSH,4371,car,1016,460,313,541,0.7964,2026-07-19 16:42:43.694,2026-07-19 16:42:46.299
car_ID_1737,FLUSH,4377,car,117,536,100,534,0.3569,2026-07-19 16:42:46.300,2026-07-19 16:42:46.890
person_ID_1799,FLUSH,4374,person,1015,509,464,565,0.6583,2026-07-19 16:42:45.823,2026-07-19 16:42:48.823
bicycle_ID_1295,FLUSH,4375,bicycle,1011,528,456,592,0.6998,2026-07-19 16:42:45.823,2026-07-19 16:42:48.891
car_ID_1738,FLUSH,4379,car,307,400,307,400,0.3066,2026-07-19 16:42:48.823,2026-07-19 16:42:49.304
car_ID_1739,FLUSH,4380,car,307,399,306,399,0.3435,2026-07-19 16:42:51.931,2026-07-19 16:42:53.722
car_ID_1740,FLUSH,4381,car,306,399,307,399,0.3095,2026-07-19 16:42:58.494,2026-07-19 16:42:59.364
car_ID_1741,FLUSH,4382,car,307,399,307,399,0.3330,2026-07-19 16:42:59.594,2026-07-19 16:43:00.263
car_ID_1743,FLUSH,4384,car,307,399,306,399,0.3685,2026-07-19 16:43:01.364,2026-07-19 16:43:03.958
car_ID_1742,FLUSH,4383,car,56,506,1030,433,0.8322,2026-07-19 16:43:01.194,2026-07-19 16:43:05.661
car_ID_1744,FLUSH,4385,car,307,399,306,399,0.3270,2026-07-19 16:43:05.491,2026-07-19 16:43:06.098
car_ID_1745,FLUSH,4386,car,307,400,307,400,0.3279,2026-07-19 16:43:06.990,2026-07-19 16:43:07.453
car_ID_1746,FLUSH,4387,car,307,400,306,399,0.3301,2026-07-19 16:43:09.965,2026-07-19 16:43:12.196
car_ID_1747,FLUSH,4388,car,306,399,307,399,0.3287,2026-07-19 16:43:13.262,2026-07-19 16:43:24.863
car_ID_1748,FLUSH,4389,car,307,400,306,399,0.3374,2026-07-19 16:43:25.198,2026-07-19 16:43:29.227
car_ID_1749,FLUSH,4390,car,307,399,307,399,0.3066,2026-07-19 16:43:31.627,2026-07-19 16:43:32.099
car_ID_1750,FLUSH,4391,car,307,399,307,399,0.3351,2026-07-19 16:43:35.529,2026-07-19 16:43:35.994
person_ID_1800,FLUSH,4393,person,38,460,282,462,0.5700,2026-07-19 16:43:44.367,2026-07-19 16:43:46.695
car_ID_1751,FLUSH,4394,car,306,400,306,400,0.3921,2026-07-19 16:43:46.262,2026-07-19 16:43:46.732
bicycle_ID_1296,FLUSH,4392,bicycle,42,473,996,436,0.6276,2026-07-19 16:43:44.296,2026-07-19 16:43:51.435
person_ID_1801,FLUSH,4395,person,309,468,1016,419,0.5671,2026-07-19 16:43:46.461,2026-07-19 16:43:52.070
car_ID_1752,FLUSH,4396,car,54,500,1028,440,0.8062,2026-07-19 16:43:54.795,2026-07-19 16:43:59.164
bicycle_ID_1297,FLUSH,4397,bicycle,109,476,128,476,0.3677,2026-07-19 16:44:12.331,2026-07-19 16:44:12.530
person_ID_1802,FLUSH,4397,person,136,473,136,473,0.3189,2026-07-19 16:44:12.562,2026-07-19 16:44:13.030
person_ID_1803,FLUSH,4398,person,229,471,229,471,0.6488,2026-07-19 16:44:13.230,2026-07-19 16:44:13.695
bicycle_ID_1298,FLUSH,4400,bicycle,395,476,442,473,0.4144,2026-07-19 16:44:14.231,2026-07-19 16:44:14.635
person_ID_1805,FLUSH,4401,person,402,468,402,468,0.4705,2026-07-19 16:44:14.431,2026-07-19 16:44:14.903
bicycle_ID_1299,FLUSH,4402,bicycle,448,480,543,471,0.3842,2026-07-19 16:44:14.737,2026-07-19 16:44:15.731
bicycle_ID_1300,FLUSH,4403,bicycle,624,467,668,466,0.3447,2026-07-19 16:44:15.831,2026-07-19 16:44:16.598
bicycle_ID_1301,FLUSH,4400,bicycle,653,459,755,457,0.3493,2026-07-19 16:44:16.030,2026-07-19 16:44:16.864
person_ID_1804,FLUSH,4400,person,408,471,778,443,0.4925,2026-07-19 16:44:14.398,2026-07-19 16:44:17.064
person_ID_1806,FLUSH,4404,person,747,446,747,446,0.4202,2026-07-19 16:44:16.763,2026-07-19 16:44:17.233
person_ID_1807,FLUSH,4405,person,829,439,829,439,0.4135,2026-07-19 16:44:17.398,2026-07-19 16:44:17.498
person_ID_1808,FLUSH,4406,person,911,430,911,430,0.3351,2026-07-19 16:44:18.132,2026-07-19 16:44:18.598
bicycle_ID_1302,FLUSH,4405,bicycle,849,448,980,428,0.4617,2026-07-19 16:44:17.531,2026-07-19 16:44:18.863
bicycle_ID_1303,FLUSH,4407,bicycle,80,490,80,490,0.3743,2026-07-19 16:44:36.568,2026-07-19 16:44:37.039
person_ID_1809,FLUSH,4408,person,453,477,453,477,0.3458,2026-07-19 16:44:37.905,2026-07-19 16:44:38.367
bicycle_ID_1304,FLUSH,4409,bicycle,550,483,550,483,0.3137,2026-07-19 16:44:38.238,2026-07-19 16:44:38.704
person_ID_1810,FLUSH,4410,person,633,464,633,464,0.3493,2026-07-19 16:44:38.536,2026-07-19 16:44:39.004
bicycle_ID_1305,FLUSH,4413,bicycle,914,452,926,450,0.4046,2026-07-19 16:44:39.699,2026-07-19 16:44:39.799
person_ID_1811,FLUSH,4412,person,879,442,879,442,0.3529,2026-07-19 16:44:39.567,2026-07-19 16:44:40.032
person_ID_1812,FLUSH,4414,person,914,440,914,440,0.4634,2026-07-19 16:44:39.732,2026-07-19 16:44:40.199
person_ID_1813,FLUSH,4413,person,949,440,949,440,0.5525,2026-07-19 16:44:39.831,2026-07-19 16:44:40.299
person_ID_1814,FLUSH,4415,person,1028,430,1028,430,0.4242,2026-07-19 16:44:40.299,2026-07-19 16:44:40.765
car_ID_1753,FLUSH,4416,car,1014,481,364,547,0.8354,2026-07-19 16:44:46.736,2026-07-19 16:44:49.167
car_ID_1754,FLUSH,4417,car,107,535,53,531,0.5195,2026-07-19 16:44:49.432,2026-07-19 16:44:50.168
bicycle_ID_1306,FLUSH,4418,bicycle,1018,516,928,529,0.6309,2026-07-19 16:44:51.799,2026-07-19 16:44:52.800
person_ID_1816,FLUSH,4421,person,1000,522,990,523,0.4432,2026-07-19 16:44:53.232,2026-07-19 16:44:53.333
bicycle_ID_1309,FLUSH,4422,bicycle,1007,527,929,547,0.4750,2026-07-19 16:44:53.164,2026-07-19 16:44:53.800
bicycle_ID_1307,FLUSH,4420,bicycle,988,517,708,561,0.6542,2026-07-19 16:44:52.268,2026-07-19 16:44:54.233
person_ID_1815,FLUSH,4419,person,1021,490,458,563,0.6298,2026-07-19 16:44:51.832,2026-07-19 16:44:56.065
bicycle_ID_1310,FLUSH,4423,bicycle,853,545,453,589,0.6064,2026-07-19 16:44:53.333,2026-07-19 16:44:56.166
person_ID_1817,FLUSH,4424,person,971,526,530,578,0.4605,2026-07-19 16:44:53.533,2026-07-19 16:44:56.601
bicycle_ID_1308,FLUSH,4421,bicycle,1020,523,478,601,0.5775,2026-07-19 16:44:53.000,2026-07-19 16:44:56.865
truck_ID_131,FLUSH,4428,truck,80,498,80,498,0.3681,2026-07-19 16:45:32.972,2026-07-19 16:45:33.005
truck_ID_130,FLUSH,4427,truck,83,489,130,489,0.4282,2026-07-19 16:45:32.775,2026-07-19 16:45:33.070
bus_ID_102,FLUSH,4428,bus,106,489,99,495,0.3728,2026-07-19 16:45:32.941,2026-07-19 16:45:33.506
bus_ID_101,FLUSH,4427,bus,60,480,1012,416,0.7701,2026-07-19 16:45:32.638,2026-07-19 16:45:37.402
car_ID_1755,FLUSH,4427,car,1005,419,1026,409,0.3386,2026-07-19 16:45:37.236,2026-07-19 16:45:37.467
truck_ID_132,FLUSH,4427,truck,1032,406,1032,406,0.3339,2026-07-19 16:45:37.503,2026-07-19 16:45:37.967
car_ID_1756,FLUSH,4429,car,51,489,1032,430,0.7613,2026-07-19 16:45:46.206,2026-07-19 16:45:50.235
car_ID_1757,FLUSH,4430,car,1038,380,1016,360,0.4986,2026-07-19 16:46:02.074,2026-07-19 16:46:03.175
car_ID_1758,FLUSH,4431,car,1036,346,1028,342,0.3415,2026-07-19 16:46:02.510,2026-07-19 16:46:03.240
truck_ID_133,FLUSH,4430,truck,1015,361,1002,356,0.4309,2026-07-19 16:46:03.209,2026-07-19 16:46:05.004
bus_ID_103,FLUSH,4432,bus,993,348,991,349,0.4509,2026-07-19 16:46:05.371,2026-07-19 16:46:05.871
car_ID_1759,FLUSH,4433,car,81,502,1033,427,0.7666,2026-07-19 16:46:07.804,2026-07-19 16:46:11.071
car_ID_1762,FLUSH,4436,car,543,544,543,544,0.3039,2026-07-19 16:46:24.510,2026-07-19 16:46:24.978
car_ID_1760,FLUSH,4434,car,1018,494,354,571,0.7499,2026-07-19 16:46:23.037,2026-07-19 16:46:25.341
car_ID_1763,FLUSH,4437,car,330,392,309,397,0.3539,2026-07-19 16:46:24.637,2026-07-19 16:46:25.341
car_ID_1761,FLUSH,4435,car,73,497,1024,437,0.8025,2026-07-19 16:46:23.973,2026-07-19 16:46:26.974
car_ID_1764,FLUSH,4438,car,424,543,1024,473,0.7219,2026-07-19 16:46:43.612,2026-07-19 16:46:45.506
person_ID_1819,FLUSH,4440,person,969,393,957,394,0.3481,2026-07-19 16:46:47.739,2026-07-19 16:46:48.275
person_ID_1818,FLUSH,4439,person,1036,391,731,414,0.6184,2026-07-19 16:46:45.046,2026-07-19 16:46:57.239
person_ID_1821,FLUSH,4442,person,364,423,363,423,0.3428,2026-07-19 16:47:07.643,2026-07-19 16:47:08.180
car_ID_1766,FLUSH,4444,car,305,397,329,392,0.3347,2026-07-19 16:47:07.881,2026-07-19 16:47:09.408
person_ID_1820,FLUSH,4441,person,747,412,313,422,0.6114,2026-07-19 16:46:56.307,2026-07-19 16:47:09.809
person_ID_1823,FLUSH,4446,person,260,423,258,423,0.3705,2026-07-19 16:47:10.717,2026-07-19 16:47:11.241
car_ID_1765,FLUSH,4443,car,47,500,1035,428,0.7560,2026-07-19 16:47:07.812,2026-07-19 16:47:12.139
car_ID_1767,FLUSH,4447,car,306,398,306,398,0.3358,2026-07-19 16:47:11.309,2026-07-19 16:47:13.907
car_ID_1768,FLUSH,4448,car,78,505,1030,433,0.6990,2026-07-19 16:47:11.341,2026-07-19 16:47:15.144
person_ID_1822,FLUSH,4445,person,292,420,24,417,0.5939,2026-07-19 16:47:09.777,2026-07-19 16:47:18.975
car_ID_1769,FLUSH,4449,car,1008,492,363,557,0.7527,2026-07-19 16:48:03.883,2026-07-19 16:48:05.783
car_ID_1771,FLUSH,4451,car,118,543,118,543,0.5402,2026-07-19 16:48:05.813,2026-07-19 16:48:06.283
car_ID_1770,FLUSH,4450,car,306,397,306,397,0.3438,2026-07-19 16:48:05.352,2026-07-19 16:48:06.384
car_ID_1772,FLUSH,4452,car,102,524,1027,453,0.7422,2026-07-19 16:48:13.014,2026-07-19 16:48:15.912
car_ID_1773,FLUSH,4453,car,306,397,306,397,0.3066,2026-07-19 16:48:37.786,2026-07-19 16:48:38.248
bicycle_ID_1312,FLUSH,4454,bicycle,124,479,124,479,0.3279,2026-07-19 16:48:46.055,2026-07-19 16:48:46.055
bicycle_ID_1311,FLUSH,4455,bicycle,80,485,155,488,0.4247,2026-07-19 16:48:45.817,2026-07-19 16:48:46.253
person_ID_1824,FLUSH,4454,person,46,459,237,464,0.5299,2026-07-19 16:48:45.717,2026-07-19 16:48:47.118
bicycle_ID_1313,FLUSH,4457,bicycle,403,488,403,488,0.3101,2026-07-19 16:48:47.349,2026-07-19 16:48:47.349
person_ID_1825,FLUSH,4456,person,393,460,393,460,0.4848,2026-07-19 16:48:47.349,2026-07-19 16:48:47.813
bicycle_ID_1314,FLUSH,4458,bicycle,425,487,510,478,0.4456,2026-07-19 16:48:47.448,2026-07-19 16:48:47.813
person_ID_1826,FLUSH,4457,person,407,474,444,468,0.5805,2026-07-19 16:48:47.380,2026-07-19 16:48:48.012
bicycle_ID_1316,FLUSH,4460,bicycle,582,472,582,472,0.3493,2026-07-19 16:48:48.147,2026-07-19 16:48:48.249
person_ID_1827,FLUSH,4458,person,518,459,585,453,0.5149,2026-07-19 16:48:47.848,2026-07-19 16:48:48.612
bicycle_ID_1315,FLUSH,4459,bicycle,553,473,983,439,0.3915,2026-07-19 16:48:47.980,2026-07-19 16:48:50.312
person_ID_1828,FLUSH,4460,person,614,453,1030,420,0.4740,2026-07-19 16:48:48.283,2026-07-19 16:48:51.047
bicycle_ID_1317,FLUSH,4461,bicycle,984,490,869,500,0.6509,2026-07-19 16:48:58.580,2026-07-19 16:48:59.013
person_ID_1829,FLUSH,4462,person,1012,469,909,476,0.5271,2026-07-19 16:48:58.548,2026-07-19 16:48:59.382
person_ID_1830,FLUSH,4461,person,869,487,869,487,0.6131,2026-07-19 16:48:59.049,2026-07-19 16:48:59.513
person_ID_1831,FLUSH,4464,person,814,483,500,507,0.5043,2026-07-19 16:48:59.281,2026-07-19 16:49:00.280
bicycle_ID_1318,FLUSH,4463,bicycle,956,493,445,544,0.5736,2026-07-19 16:48:58.713,2026-07-19 16:49:00.880
car_ID_1774,FLUSH,4466,car,77,509,1026,442,0.7905,2026-07-19 16:49:11.618,2026-07-19 16:49:15.314
person_ID_1832,FLUSH,4467,person,170,434,170,433,0.3921,2026-07-19 16:49:40.924,2026-07-19 16:49:40.956
car_ID_1775,FLUSH,4468,car,307,399,307,399,0.3279,2026-07-19 16:49:42.622,2026-07-19 16:49:43.084
bicycle_ID_1319,FLUSH,4467,bicycle,70,435,412,436,0.4396,2026-07-19 16:49:39.821,2026-07-19 16:49:43.582
person_ID_1833,FLUSH,4467,person,348,429,465,423,0.4030,2026-07-19 16:49:42.851,2026-07-19 16:49:44.518
bicycle_ID_1320,FLUSH,4469,bicycle,500,430,595,424,0.4214,2026-07-19 16:49:44.383,2026-07-19 16:49:45.284
person_ID_1834,FLUSH,4469,person,485,422,635,412,0.3738,2026-07-19 16:49:44.283,2026-07-19 16:49:46.151
bicycle_ID_1321,FLUSH,4470,bicycle,72,487,94,488,0.4527,2026-07-19 16:49:46.351,2026-07-19 16:49:46.451
bicycle_ID_1322,FLUSH,4471,bicycle,98,486,98,486,0.3779,2026-07-19 16:49:46.483,2026-07-19 16:49:46.551
person_ID_1835,FLUSH,4471,person,65,474,156,472,0.3775,2026-07-19 16:49:46.383,2026-07-19 16:49:46.783
person_ID_1836,FLUSH,4472,person,703,408,759,405,0.4095,2026-07-19 16:49:46.419,2026-07-19 16:49:47.426
bicycle_ID_1324,FLUSH,4473,bicycle,818,402,818,402,0.3137,2026-07-19 16:49:47.624,2026-07-19 16:49:47.624
bicycle_ID_1323,FLUSH,4474,bicycle,322,488,322,488,0.3208,2026-07-19 16:49:47.489,2026-07-19 16:49:47.956
bicycle_ID_1326,FLUSH,4477,bicycle,445,479,445,479,0.3707,2026-07-19 16:49:47.987,2026-07-19 16:49:48.022
person_ID_1838,FLUSH,4475,person,821,399,821,399,0.5133,2026-07-19 16:49:47.687,2026-07-19 16:49:48.155
person_ID_1839,FLUSH,4477,person,423,469,487,466,0.4353,2026-07-19 16:49:47.956,2026-07-19 16:49:48.653
person_ID_1842,FLUSH,4476,person,630,454,643,455,0.3755,2026-07-19 16:49:48.783,2026-07-19 16:49:48.851
person_ID_1840,FLUSH,4478,person,501,462,581,458,0.3938,2026-07-19 16:49:48.257,2026-07-19 16:49:49.055
person_ID_1841,FLUSH,4480,person,605,455,605,455,0.3458,2026-07-19 16:49:48.718,2026-07-19 16:49:49.184
bicycle_ID_1325,FLUSH,4476,bicycle,390,485,988,450,0.4699,2026-07-19 16:49:47.755,2026-07-19 16:49:50.551
person_ID_1837,FLUSH,4473,person,780,402,1035,385,0.4126,2026-07-19 16:49:47.224,2026-07-19 16:49:51.052
bicycle_ID_1327,FLUSH,4483,bicycle,713,468,994,451,0.4260,2026-07-19 16:49:49.184,2026-07-19 16:49:51.052
person_ID_1843,FLUSH,4481,person,691,452,1009,438,0.5442,2026-07-19 16:49:49.120,2026-07-19 16:49:51.118
bicycle_ID_1328,FLUSH,4484,bicycle,55,491,168,496,0.5555,2026-07-19 16:50:00.056,2026-07-19 16:50:01.519
person_ID_1844,FLUSH,4485,person,51,479,263,476,0.5003,2026-07-19 16:50:00.126,2026-07-19 16:50:02.386
bicycle_ID_1330,FLUSH,4488,bicycle,507,477,522,476,0.3858,2026-07-19 16:50:03.652,2026-07-19 16:50:04.219
bicycle_ID_1331,FLUSH,4487,bicycle,630,459,630,459,0.3885,2026-07-19 16:50:04.652,2026-07-19 16:50:04.752
person_ID_1845,FLUSH,4487,person,324,473,654,452,0.4882,2026-07-19 16:50:02.420,2026-07-19 16:50:05.352
bicycle_ID_1332,FLUSH,4490,bicycle,698,459,991,435,0.4618,2026-07-19 16:50:05.251,2026-07-19 16:50:08.057
bicycle_ID_1329,FLUSH,4486,bicycle,228,499,1007,437,0.5064,2026-07-19 16:50:01.551,2026-07-19 16:50:08.258
person_ID_1846,FLUSH,4491,person,747,445,971,429,0.4838,2026-07-19 16:50:05.719,2026-07-19 16:50:08.289
person_ID_1847,FLUSH,4492,person,1026,395,988,397,0.3570,2026-07-19 16:50:06.988,2026-07-19 16:50:08.784
person_ID_1848,FLUSH,4490,person,998,427,1029,421,0.3798,2026-07-19 16:50:08.122,2026-07-19 16:50:08.984
person_ID_1850,FLUSH,4486,person,1032,427,1032,427,0.3315,2026-07-19 16:50:08.684,2026-07-19 16:50:09.152
person_ID_1851,FLUSH,4494,person,984,397,980,398,0.3670,2026-07-19 16:50:08.953,2026-07-19 16:50:09.619
bicycle_ID_1333,FLUSH,4493,bicycle,826,403,813,404,0.3565,2026-07-19 16:50:15.229,2026-07-19 16:50:15.826
person_ID_1853,FLUSH,4496,person,825,401,825,401,0.4955,2026-07-19 16:50:15.392,2026-07-19 16:50:15.855
bicycle_ID_1334,FLUSH,4497,bicycle,1024,478,1024,478,0.4242,2026-07-19 16:50:15.920,2026-07-19 16:50:15.920
bicycle_ID_1335,FLUSH,4498,bicycle,1015,482,901,505,0.5366,2026-07-19 16:50:16.022,2026-07-19 16:50:16.921
person_ID_1849,FLUSH,4493,person,973,392,793,405,0.4235,2026-07-19 16:50:08.652,2026-07-19 16:50:17.185
bicycle_ID_1337,FLUSH,4500,bicycle,1021,524,922,550,0.5970,2026-07-19 16:50:16.552,2026-07-19 16:50:17.721
bicycle_ID_1339,FLUSH,4503,bicycle,812,514,812,514,0.6131,2026-07-19 16:50:17.454,2026-07-19 16:50:17.923
person_ID_1852,FLUSH,4495,person,968,391,775,413,0.5256,2026-07-19 16:50:08.984,2026-07-19 16:50:18.027
bicycle_ID_1340,FLUSH,4495,bicycle,764,419,761,422,0.4238,2026-07-19 16:50:18.059,2026-07-19 16:50:18.586
bicycle_ID_1341,FLUSH,4505,bicycle,561,587,561,587,0.6060,2026-07-19 16:50:18.952,2026-07-19 16:50:18.952
bicycle_ID_1336,FLUSH,4499,bicycle,1005,486,519,545,0.6135,2026-07-19 16:50:16.220,2026-07-19 16:50:19.020
person_ID_1855,FLUSH,4501,person,1020,498,545,560,0.6804,2026-07-19 16:50:16.653,2026-07-19 16:50:19.420
person_ID_1857,FLUSH,4499,person,516,560,472,567,0.4284,2026-07-19 16:50:19.053,2026-07-19 16:50:19.720
bicycle_ID_1338,FLUSH,4502,bicycle,958,544,470,577,0.6484,2026-07-19 16:50:17.054,2026-07-19 16:50:19.720
person_ID_1854,FLUSH,4497,person,1022,466,417,534,0.6134,2026-07-19 16:50:15.985,2026-07-19 16:50:19.885
bicycle_ID_1342,FLUSH,4507,bicycle,43,476,49,476,0.3244,2026-07-19 16:50:23.088,2026-07-19 16:50:23.156
car_ID_1776,FLUSH,4506,car,307,400,307,399,0.3173,2026-07-19 16:50:22.458,2026-07-19 16:50:23.324
person_ID_1858,FLUSH,4507,person,48,471,195,479,0.5484,2026-07-19 16:50:23.188,2026-07-19 16:50:24.485
bicycle_ID_1343,FLUSH,4508,bicycle,51,485,167,490,0.5344,2026-07-19 16:50:23.223,2026-07-19 16:50:24.485
car_ID_1777,FLUSH,4509,car,307,400,307,399,0.3154,2026-07-19 16:50:23.489,2026-07-19 16:50:24.820
bicycle_ID_1344,FLUSH,4510,bicycle,589,428,589,428,0.3422,2026-07-19 16:50:24.586,2026-07-19 16:50:25.053
person_ID_1859,FLUSH,4508,person,200,481,233,475,0.3996,2026-07-19 16:50:24.522,2026-07-19 16:50:25.253
bicycle_ID_1346,FLUSH,4514,bicycle,423,485,441,483,0.4499,2026-07-19 16:50:26.053,2026-07-19 16:50:26.620
bicycle_ID_1345,FLUSH,4512,bicycle,297,494,541,471,0.5395,2026-07-19 16:50:25.185,2026-07-19 16:50:26.820
person_ID_1860,FLUSH,4511,person,293,473,533,452,0.5872,2026-07-19 16:50:25.185,2026-07-19 16:50:26.853
car_ID_1778,FLUSH,4513,car,307,399,307,400,0.3331,2026-07-19 16:50:25.720,2026-07-19 16:50:27.953
bicycle_ID_1347,FLUSH,4511,bicycle,550,472,759,456,0.4326,2026-07-19 16:50:26.885,2026-07-19 16:50:29.058
bicycle_ID_1348,FLUSH,4515,bicycle,925,439,941,438,0.5148,2026-07-19 16:50:30.320,2026-07-19 16:50:30.585
person_ID_1862,FLUSH,4517,person,409,404,407,410,0.4058,2026-07-19 16:50:30.720,2026-07-19 16:50:31.353
person_ID_1861,FLUSH,4512,person,545,465,1020,423,0.4954,2026-07-19 16:50:26.853,2026-07-19 16:50:31.553
car_ID_1780,FLUSH,4512,car,1028,423,1029,423,0.3233,2026-07-19 16:50:31.653,2026-07-19 16:50:32.155
car_ID_1779,FLUSH,4516,car,307,400,307,400,0.3398,2026-07-19 16:50:30.620,2026-07-19 16:50:33.420
person_ID_1856,FLUSH,4504,person,775,405,321,423,0.5782,2026-07-19 16:50:17.454,2026-07-19 16:50:33.653
bicycle_ID_1349,FLUSH,4518,bicycle,345,424,305,428,0.4177,2026-07-19 16:50:32.686,2026-07-19 16:50:34.255
bicycle_ID_1350,FLUSH,4519,bicycle,286,427,238,434,0.4433,2026-07-19 16:50:34.720,2026-07-19 16:50:36.559
bicycle_ID_1351,FLUSH,4520,bicycle,263,424,258,423,0.3289,2026-07-19 16:50:35.891,2026-07-19 16:50:36.626
person_ID_1864,FLUSH,4520,person,276,418,227,417,0.3525,2026-07-19 16:50:35.362,2026-07-19 16:50:37.522
bicycle_ID_1352,FLUSH,4519,bicycle,198,430,196,429,0.3351,2026-07-19 16:50:38.087,2026-07-19 16:50:38.120
person_ID_1865,FLUSH,4523,person,198,414,198,414,0.3315,2026-07-19 16:50:38.153,2026-07-19 16:50:38.621
car_ID_1782,FLUSH,4522,car,1016,483,281,544,0.6759,2026-07-19 16:50:38.056,2026-07-19 16:50:40.557
car_ID_1781,FLUSH,4521,car,307,400,307,399,0.3556,2026-07-19 16:50:35.990,2026-07-19 16:50:41.023
car_ID_1783,FLUSH,4525,car,118,535,91,536,0.7093,2026-07-19 16:50:40.522,2026-07-19 16:50:41.087
person_ID_1866,FLUSH,4524,person,177,423,109,421,0.3385,2026-07-19 16:50:39.022,2026-07-19 16:50:42.190
person_ID_1863,FLUSH,4519,person,283,428,35,427,0.4901,2026-07-19 16:50:34.385,2026-07-19 16:50:44.187
person_ID_1867,FLUSH,4527,person,87,416,58,422,0.3449,2026-07-19 16:50:42.725,2026-07-19 16:50:44.286
bicycle_ID_1353,FLUSH,4527,bicycle,62,424,38,421,0.3400,2026-07-19 16:50:43.460,2026-07-19 16:50:44.986
car_ID_1784,FLUSH,4526,car,307,400,307,399,0.3310,2026-07-19 16:50:42.126,2026-07-19 16:50:49.958
car_ID_1785,FLUSH,4528,car,307,400,307,399,0.3142,2026-07-19 16:50:50.089,2026-07-19 16:50:51.526
car_ID_1787,FLUSH,4530,car,89,515,125,514,0.5116,2026-07-19 16:50:55.487,2026-07-19 16:50:56.125
car_ID_1788,FLUSH,4531,car,317,510,911,469,0.5458,2026-07-19 16:50:56.125,2026-07-19 16:50:57.457
truck_ID_134,FLUSH,4532,truck,355,510,911,468,0.5108,2026-07-19 16:50:56.189,2026-07-19 16:50:57.457
truck_ID_135,FLUSH,4531,truck,406,507,923,468,0.4913,2026-07-19 16:50:56.287,2026-07-19 16:50:57.489
bus_ID_105,FLUSH,4532,bus,980,459,987,457,0.5954,2026-07-19 16:50:57.725,2026-07-19 16:50:57.758
car_ID_1786,FLUSH,4529,car,307,400,307,400,0.3421,2026-07-19 16:50:53.386,2026-07-19 16:50:57.859
bus_ID_104,FLUSH,4531,bus,934,467,992,456,0.4459,2026-07-19 16:50:57.525,2026-07-19 16:50:58.263
car_ID_1789,FLUSH,4532,car,329,510,1028,437,0.5505,2026-07-19 16:50:56.158,2026-07-19 16:50:58.487
truck_ID_136,FLUSH,4534,truck,998,350,998,350,0.3707,2026-07-19 16:51:43.457,2026-07-19 16:51:43.492
bus_ID_106,FLUSH,4534,bus,989,348,996,351,0.3949,2026-07-19 16:51:42.562,2026-07-19 16:51:44.357
bus_ID_107,FLUSH,4536,bus,1001,357,1001,357,0.3279,2026-07-19 16:51:45.892,2026-07-19 16:51:45.957
truck_ID_138,FLUSH,4536,truck,1001,357,1002,357,0.5963,2026-07-19 16:51:45.992,2026-07-19 16:51:47.325
truck_ID_137,FLUSH,4535,truck,1001,357,1003,358,0.5002,2026-07-19 16:51:45.557,2026-07-19 16:51:50.193
bicycle_ID_1354,FLUSH,4539,bicycle,51,471,181,481,0.4232,2026-07-19 16:51:56.790,2026-07-19 16:51:58.057
car_ID_1792,FLUSH,4538,car,1025,341,1038,345,0.3525,2026-07-19 16:51:56.389,2026-07-19 16:51:58.658
person_ID_1868,FLUSH,4540,person,353,470,386,468,0.4213,2026-07-19 16:51:58.627,2026-07-19 16:51:58.828
person_ID_1869,FLUSH,4541,person,430,467,480,464,0.4981,2026-07-19 16:51:59.166,2026-07-19 16:51:59.957
person_ID_1870,FLUSH,4542,person,509,462,509,462,0.3351,2026-07-19 16:51:59.689,2026-07-19 16:52:00.157
bicycle_ID_1356,FLUSH,4543,bicycle,643,465,724,461,0.3902,2026-07-19 16:52:00.761,2026-07-19 16:52:01.492
bicycle_ID_1355,FLUSH,4540,bicycle,327,479,763,450,0.4962,2026-07-19 16:51:58.459,2026-07-19 16:52:01.891
person_ID_1872,FLUSH,4543,person,738,449,755,445,0.4452,2026-07-19 16:52:01.625,2026-07-19 16:52:02.292
car_ID_1791,FLUSH,4537,car,1017,372,1040,379,0.6239,2026-07-19 16:51:55.957,2026-07-19 16:52:03.657
bicycle_ID_1357,FLUSH,4544,bicycle,759,455,919,440,0.4829,2026-07-19 16:52:01.828,2026-07-19 16:52:04.391
bicycle_ID_1359,FLUSH,4546,bicycle,949,433,949,433,0.3957,2026-07-19 16:52:05.291,2026-07-19 16:52:05.759
bicycle_ID_1358,FLUSH,4545,bicycle,869,446,954,431,0.3766,2026-07-19 16:52:03.289,2026-07-19 16:52:05.927
bicycle_ID_1360,FLUSH,4540,bicycle,969,423,969,423,0.3301,2026-07-19 16:52:05.991,2026-07-19 16:52:06.060
person_ID_1871,FLUSH,4540,person,653,459,987,419,0.4874,2026-07-19 16:52:00.833,2026-07-19 16:52:06.594
car_ID_1793,FLUSH,4547,car,1036,422,1035,437,0.6553,2026-07-19 16:52:18.261,2026-07-19 16:52:25.326
car_ID_1794,FLUSH,4548,car,1027,378,977,356,0.4711,2026-07-19 16:52:23.962,2026-07-19 16:52:26.094
car_ID_1796,FLUSH,4551,car,1022,362,1022,362,0.3173,2026-07-19 16:52:33.559,2026-07-19 16:52:33.694
truck_ID_139,FLUSH,4550,truck,1026,363,1016,360,0.4173,2026-07-19 16:52:33.160,2026-07-19 16:52:34.298
bus_ID_109,FLUSH,4551,bus,1019,360,1017,360,0.3929,2026-07-19 16:52:34.027,2026-07-19 16:52:34.298
truck_ID_143,FLUSH,4553,truck,430,487,430,487,0.5065,2026-07-19 16:52:36.005,2026-07-19 16:52:36.097
bus_ID_110,FLUSH,4551,bus,1003,359,1002,358,0.4935,2026-07-19 16:52:35.766,2026-07-19 16:52:36.161
bus_ID_108,FLUSH,4550,bus,1022,361,1002,358,0.3859,2026-07-19 16:52:33.727,2026-07-19 16:52:36.229
truck_ID_144,FLUSH,4549,truck,987,454,987,454,0.3315,2026-07-19 16:52:36.260,2026-07-19 16:52:36.260
car_ID_1798,FLUSH,4553,car,411,488,467,487,0.3158,2026-07-19 16:52:35.935,2026-07-19 16:52:36.633
truck_ID_142,FLUSH,4550,truck,1004,359,1002,358,0.5211,2026-07-19 16:52:35.459,2026-07-19 16:52:36.729
truck_ID_140,FLUSH,4551,truck,1022,361,1001,358,0.4524,2026-07-19 16:52:33.727,2026-07-19 16:52:36.859
car_ID_1795,FLUSH,4549,car,52,497,1033,435,0.7409,2026-07-19 16:52:30.166,2026-07-19 16:52:37.262
bus_ID_111,FLUSH,4555,bus,1001,356,1001,356,0.3992,2026-07-19 16:52:37.894,2026-07-19 16:52:37.894
car_ID_1797,FLUSH,4552,car,53,490,857,458,0.4965,2026-07-19 16:52:33.927,2026-07-19 16:52:38.059
car_ID_1799,FLUSH,4554,car,624,475,864,458,0.4069,2026-07-19 16:52:36.959,2026-07-19 16:52:38.095
truck_ID_141,FLUSH,4552,truck,134,494,863,458,0.5431,2026-07-19 16:52:34.627,2026-07-19 16:52:38.560
bus_ID_113,FLUSH,4556,bus,979,446,993,442,0.4931,2026-07-19 16:52:38.895,2026-07-19 16:52:39.059
bus_ID_112,FLUSH,4554,bus,971,447,1000,440,0.5133,2026-07-19 16:52:38.761,2026-07-19 16:52:39.094
truck_ID_147,FLUSH,4556,truck,999,441,999,441,0.4919,2026-07-19 16:52:39.095,2026-07-19 16:52:39.229
truck_ID_146,FLUSH,4555,truck,1001,356,994,352,0.3975,2026-07-19 16:52:37.560,2026-07-19 16:52:39.494
truck_ID_145,FLUSH,4554,truck,707,470,1014,435,0.5818,2026-07-19 16:52:37.297,2026-07-19 16:52:39.727
car_ID_1801,FLUSH,4556,car,1014,435,1033,423,0.5998,2026-07-19 16:52:39.261,2026-07-19 16:52:39.995
car_ID_1800,FLUSH,4557,car,1017,367,988,361,0.3871,2026-07-19 16:52:38.960,2026-07-19 16:52:40.928
car_ID_1802,FLUSH,4558,car,980,332,968,334,0.3565,2026-07-19 16:52:39.827,2026-07-19 16:52:41.402
car_ID_1790,FLUSH,4533,car,307,399,308,399,0.3418,2026-07-19 16:50:58.025,2026-07-19 16:52:42.263
car_ID_1803,FLUSH,4559,car,307,400,307,400,0.3319,2026-07-19 16:52:42.664,2026-07-19 16:52:45.129
car_ID_1804,FLUSH,4560,car,308,399,307,399,0.3317,2026-07-19 16:52:45.295,2026-07-19 16:52:46.959
car_ID_1805,FLUSH,4561,car,307,400,307,400,0.3066,2026-07-19 16:52:47.494,2026-07-19 16:52:47.963
car_ID_1806,FLUSH,4562,car,308,400,307,400,0.3313,2026-07-19 16:52:48.664,2026-07-19 16:52:56.169
car_ID_1808,FLUSH,4567,car,1018,491,387,560,0.8906,2026-07-19 16:53:01.732,2026-07-19 16:53:03.630
person_ID_1873,FLUSH,4563,person,370,535,729,411,0.6031,2026-07-19 16:52:55.363,2026-07-19 16:53:05.029
person_ID_1875,FLUSH,4569,person,782,404,782,404,0.3264,2026-07-19 16:53:06.328,2026-07-19 16:53:06.797
person_ID_1876,FLUSH,4571,person,880,401,880,401,0.4456,2026-07-19 16:53:09.672,2026-07-19 16:53:10.130
person_ID_1874,FLUSH,4568,person,714,412,936,397,0.4828,2026-07-19 16:53:04.163,2026-07-19 16:53:11.566
person_ID_1878,FLUSH,4573,person,970,396,981,396,0.3710,2026-07-19 16:53:12.830,2026-07-19 16:53:13.797
person_ID_1877,FLUSH,4572,person,914,400,1018,391,0.4131,2026-07-19 16:53:10.865,2026-07-19 16:53:14.971
person_ID_1879,FLUSH,4574,person,1006,393,1010,391,0.3094,2026-07-19 16:53:14.429,2026-07-19 16:53:14.971
car_ID_1807,FLUSH,4566,car,307,400,308,400,0.3442,2026-07-19 16:52:58.128,2026-07-19 16:53:16.829
car_ID_1810,FLUSH,4577,car,1024,474,426,534,0.8393,2026-07-19 16:53:19.197,2026-07-19 16:53:21.471
car_ID_1811,FLUSH,4578,car,110,524,50,521,0.3992,2026-07-19 16:53:21.798,2026-07-19 16:53:22.465
car_ID_1809,FLUSH,4575,car,308,400,308,399,0.3494,2026-07-19 16:53:17.064,2026-07-19 16:53:22.964
person_ID_1880,FLUSH,4576,person,29,414,278,419,0.5429,2026-07-19 16:53:18.797,2026-07-19 16:53:23.129
person_ID_1881,FLUSH,4580,person,325,415,341,408,0.3678,2026-07-19 16:53:23.366,2026-07-19 16:53:24.029
person_ID_1882,FLUSH,4581,person,367,417,970,391,0.5973,2026-07-19 16:53:23.930,2026-07-19 16:53:33.430
person_ID_1883,FLUSH,4582,person,1033,392,999,395,0.4301,2026-07-19 16:53:33.097,2026-07-19 16:53:34.630
bicycle_ID_1361,FLUSH,4583,bicycle,707,403,707,403,0.3173,2026-07-19 16:53:42.898,2026-07-19 16:53:42.931
car_ID_1813,FLUSH,4584,car,1019,484,430,544,0.8307,2026-07-19 16:53:41.266,2026-07-19 16:53:43.469
car_ID_1814,FLUSH,4585,car,102,533,102,533,0.6559,2026-07-19 16:53:43.931,2026-07-19 16:53:44.399
person_ID_1884,FLUSH,4583,person,983,397,632,415,0.4575,2026-07-19 16:53:34.630,2026-07-19 16:53:45.635
person_ID_1885,FLUSH,4586,person,573,419,510,424,0.4568,2026-07-19 16:53:46.702,2026-07-19 16:53:48.801
person_ID_1886,FLUSH,4587,person,487,423,474,411,0.3579,2026-07-19 16:53:48.930,2026-07-19 16:53:49.666
person_ID_1887,FLUSH,4588,person,458,415,402,416,0.4875,2026-07-19 16:53:49.666,2026-07-19 16:53:51.731
car_ID_1812,FLUSH,4579,car,308,402,309,402,0.3421,2026-07-19 16:53:23.297,2026-07-19 16:53:53.531
person_ID_1888,FLUSH,4589,person,339,418,329,419,0.3736,2026-07-19 16:53:52.899,2026-07-19 16:53:53.566
bicycle_ID_1362,FLUSH,4579,bicycle,307,424,307,424,0.3639,2026-07-19 16:53:53.566,2026-07-19 16:53:54.031
person_ID_1889,FLUSH,4579,person,293,421,293,421,0.3101,2026-07-19 16:53:54.066,2026-07-19 16:53:54.531
car_ID_1815,FLUSH,4590,car,1015,491,346,554,0.8467,2026-07-19 16:53:53.866,2026-07-19 16:53:55.899
car_ID_1817,FLUSH,4593,car,1007,366,1007,366,0.3101,2026-07-19 16:54:01.299,2026-07-19 16:54:01.767
person_ID_1890,FLUSH,4592,person,252,426,60,419,0.5206,2026-07-19 16:53:55.299,2026-07-19 16:54:02.099
person_ID_1891,FLUSH,4594,person,33,415,27,413,0.3914,2026-07-19 16:54:02.499,2026-07-19 16:54:03.304
car_ID_1818,FLUSH,4595,car,1027,373,1035,376,0.3768,2026-07-19 16:54:04.031,2026-07-19 16:54:04.999
car_ID_1816,FLUSH,4591,car,308,400,308,399,0.3509,2026-07-19 16:53:54.799,2026-07-19 16:54:05.935
car_ID_1821,FLUSH,4598,car,590,458,627,456,0.3630,2026-07-19 16:54:09.005,2026-07-19 16:54:09.570
car_ID_1819,FLUSH,4596,car,57,498,1031,435,0.8121,2026-07-19 16:54:06.372,2026-07-19 16:54:12.267
car_ID_1820,FLUSH,4597,car,308,400,308,400,0.3308,2026-07-19 16:54:06.468,2026-07-19 16:54:13.331
car_ID_1822,FLUSH,4599,car,308,400,308,400,0.3316,2026-07-19 16:54:14.199,2026-07-19 16:54:17.832
car_ID_1824,FLUSH,4601,car,67,504,1032,429,0.7548,2026-07-19 16:54:18.067,2026-07-19 16:54:21.709
car_ID_1825,FLUSH,4602,car,90,513,1033,432,0.6939,2026-07-19 16:54:20.532,2026-07-19 16:54:24.500
car_ID_1823,FLUSH,4600,car,307,399,308,400,0.3372,2026-07-19 16:54:17.967,2026-07-19 16:54:27.536
car_ID_1826,FLUSH,4603,car,308,399,308,400,0.3394,2026-07-19 16:54:28.706,2026-07-19 16:54:31.268
bicycle_ID_1364,FLUSH,4607,bicycle,959,534,780,566,0.5473,2026-07-19 16:55:13.938,2026-07-19 16:55:14.503
person_ID_1892,FLUSH,4606,person,1017,497,545,577,0.6256,2026-07-19 16:55:13.703,2026-07-19 16:55:15.574
bicycle_ID_1363,FLUSH,4605,bicycle,1017,520,544,601,0.4432,2026-07-19 16:55:13.670,2026-07-19 16:55:15.574
car_ID_1827,FLUSH,4604,car,308,399,308,400,0.3370,2026-07-19 16:54:31.433,2026-07-19 16:55:19.738
car_ID_1828,FINALIZE,4608,car,308,400,308,400,0.3315,2026-07-19 16:55:19.904,2026-07-19 16:55:35.013
