timestamp,display_id,label,direction,is_transition
2026-07-28 01:34:12.711,car_ID_2,car,out,True
2026-07-28 01:34:12.946,car_ID_1,car,out,True
2026-07-28 01:34:13.942,bus_ID_4,bus,in,True
2026-07-28 01:34:14.109,bus_ID_3,bus,in,True
2026-07-28 01:34:14.444,truck_ID_1,truck,out,True
2026-07-28 01:34:14.576,car_ID_13,car,out,True
2026-07-28 01:34:15.142,truck_ID_6,truck,in,True
2026-07-28 01:34:15.376,car_ID_15,car,out,True
2026-07-28 01:34:16.041,car_ID_14,car,out,True
2026-07-28 01:34:16.375,truck_ID_8,truck,out,True
2026-07-28 01:34:16.446,car_ID_27,car,out,True
2026-07-28 01:34:16.478,car_ID_18,car,out,True
2026-07-28 01:34:17.979,truck_ID_5,truck,in,True
2026-07-28 01:34:18.244,car_ID_7,car,in,True
2026-07-28 01:34:18.244,car_ID_24,car,out,True
2026-07-28 01:34:18.880,truck_ID_10,truck,in,True
2026-07-28 01:34:19.347,truck_ID_11,truck,in,True
2026-07-28 01:34:19.379,car_ID_25,car,out,True
2026-07-28 01:34:19.808,car_ID_26,car,in,True
2026-07-28 01:34:20.243,truck_ID_3,truck,in,True
2026-07-28 01:34:20.613,car_ID_16,car,in,True
2026-07-28 01:34:20.613,car_ID_21,car,in,True
2026-07-28 01:34:22.549,car_ID_23,car,in,True
2026-07-28 01:34:22.647,car_ID_28,car,in,True
2026-07-28 01:34:22.743,car_ID_31,car,out,True
2026-07-28 01:34:24.112,car_ID_29,car,in,True
2026-07-28 01:34:24.144,car_ID_34,car,out,True
2026-07-28 01:34:24.343,car_ID_30,car,in,True
2026-07-28 01:34:25.109,car_ID_33,car,in,True
2026-07-28 01:34:26.048,car_ID_35,car,in,True
2026-07-28 01:34:26.445,car_ID_32,car,in,True
2026-07-28 01:34:26.510,truck_ID_15,truck,out,True
2026-07-28 01:34:27.011,bus_ID_13,bus,out,True
2026-07-28 01:34:27.048,car_ID_41,car,out,True
2026-07-28 01:34:27.444,truck_ID_16,truck,out,True
2026-07-28 01:34:28.311,car_ID_48,car,out,True
2026-07-28 01:34:28.379,car_ID_36,car,in,True
2026-07-28 01:34:28.578,car_ID_38,car,in,True
2026-07-28 01:34:28.608,car_ID_46,car,out,True
2026-07-28 01:34:28.710,truck_ID_13,truck,in,True
2026-07-28 01:34:29.610,car_ID_43,car,in,True
2026-07-28 01:34:29.709,car_ID_50,car,out,True
2026-07-28 01:34:30.046,car_ID_42,car,in,True
2026-07-28 01:34:30.677,truck_ID_30,truck,out,True
2026-07-28 01:34:30.677,car_ID_68,car,out,True
2026-07-28 01:34:31.113,car_ID_59,car,out,True
2026-07-28 01:34:31.243,car_ID_53,car,out,True
2026-07-28 01:34:31.342,car_ID_49,car,in,True
2026-07-28 01:34:31.375,truck_ID_28,truck,out,True
2026-07-28 01:34:31.614,car_ID_45,car,in,True
2026-07-28 01:34:32.109,car_ID_60,car,out,True
2026-07-28 01:34:32.146,car_ID_58,car,out,True
2026-07-28 01:34:33.112,car_ID_54,car,in,True
2026-07-28 01:34:33.179,truck_ID_31,truck,out,True
2026-07-28 01:34:33.409,car_ID_65,car,out,True
2026-07-28 01:34:34.213,car_ID_70,car,out,True
2026-07-28 01:34:35.145,car_ID_56,car,in,True
2026-07-28 01:34:35.581,truck_ID_24,truck,in,True
2026-07-28 01:34:35.581,car_ID_74,car,out,True
2026-07-28 01:34:36.246,car_ID_77,car,out,True
2026-07-28 01:34:36.576,car_ID_64,car,in,True
2026-07-28 01:34:36.576,car_ID_82,car,out,True
2026-07-28 01:34:37.341,truck_ID_34,truck,in,True
2026-07-28 01:34:37.380,car_ID_79,car,out,True
2026-07-28 01:34:37.545,car_ID_63,car,in,True
2026-07-28 01:34:37.708,car_ID_83,car,out,True
2026-07-28 01:34:38.145,car_ID_88,car,out,True
2026-07-28 01:34:38.776,car_ID_69,car,in,True
2026-07-28 01:34:38.776,car_ID_71,car,in,True
2026-07-28 01:34:39.743,bus_ID_23,bus,out,True
2026-07-28 01:34:40.048,car_ID_92,car,out,True
2026-07-28 01:34:40.350,truck_ID_41,truck,out,True
2026-07-28 01:34:40.948,car_ID_94,car,out,True
2026-07-28 01:34:41.013,car_ID_78,car,in,True
2026-07-28 01:34:41.043,car_ID_96,car,out,True
2026-07-28 01:34:41.149,car_ID_102,car,out,True
2026-07-28 01:34:41.376,bus_ID_28,bus,in,True
2026-07-28 01:34:41.543,truck_ID_38,truck,in,True
2026-07-28 01:34:42.144,car_ID_85,car,in,True
2026-07-28 01:34:42.144,car_ID_100,car,out,True
2026-07-28 01:34:42.181,truck_ID_37,truck,in,True
2026-07-28 01:34:42.181,car_ID_91,car,in,True
2026-07-28 01:34:42.345,car_ID_99,car,out,True
2026-07-28 01:34:42.815,car_ID_101,car,out,True
2026-07-28 01:34:43.110,truck_ID_46,truck,in,True
2026-07-28 01:34:43.576,car_ID_90,car,in,True
2026-07-28 01:34:43.978,car_ID_95,car,in,True
2026-07-28 01:34:44.045,bus_ID_27,bus,in,True
2026-07-28 01:34:44.792,car_ID_108,car,out,True
2026-07-28 01:34:44.984,car_ID_105,car,out,True
2026-07-28 01:34:45.549,car_ID_106,car,out,True
2026-07-28 01:34:45.775,truck_ID_47,truck,in,True
2026-07-28 01:34:45.879,truck_ID_55,truck,in,True
2026-07-28 01:34:45.879,car_ID_117,car,in,True
2026-07-28 01:34:46.013,car_ID_109,car,out,True
2026-07-28 01:34:46.178,car_ID_110,car,out,True
2026-07-28 01:34:46.411,truck_ID_53,truck,in,True
2026-07-28 01:34:46.411,car_ID_104,car,in,True
2026-07-28 01:34:46.542,car_ID_98,car,in,True
2026-07-28 01:34:46.847,truck_ID_54,truck,in,True
2026-07-28 01:34:47.147,car_ID_119,car,in,True
2026-07-28 01:34:47.383,car_ID_122,car,out,True
2026-07-28 01:34:47.610,car_ID_107,car,in,True
2026-07-28 01:34:47.644,car_ID_111,car,in,True
2026-07-28 01:34:47.778,car_ID_113,car,in,True
2026-07-28 01:34:47.842,truck_ID_56,truck,in,True
2026-07-28 01:34:48.112,car_ID_120,car,in,True
2026-07-28 01:34:48.644,car_ID_124,car,out,True
2026-07-28 01:34:48.809,car_ID_123,car,out,True
2026-07-28 01:34:49.145,car_ID_115,car,in,True
2026-07-28 01:34:49.246,truck_ID_65,truck,out,True
2026-07-28 01:34:49.344,car_ID_132,car,out,True
2026-07-28 01:34:49.616,car_ID_118,car,in,True
2026-07-28 01:34:49.746,car_ID_129,car,out,True
2026-07-28 01:34:50.176,car_ID_133,car,out,True
2026-07-28 01:34:50.176,car_ID_141,car,out,True
2026-07-28 01:34:50.445,car_ID_125,car,in,True
2026-07-28 01:34:51.444,car_ID_134,car,out,True
2026-07-28 01:34:51.578,car_ID_131,car,out,True
2026-07-28 01:34:51.644,car_ID_140,car,out,True
2026-07-28 01:34:51.977,car_ID_135,car,in,True
2026-07-28 01:34:52.241,car_ID_139,car,out,True
2026-07-28 01:34:52.445,car_ID_136,car,in,True
2026-07-28 01:34:52.778,car_ID_143,car,out,True
2026-07-28 01:34:52.979,car_ID_128,car,in,True
2026-07-28 01:34:54.111,car_ID_137,car,in,True
2026-07-28 01:34:54.142,car_ID_146,car,out,True
2026-07-28 01:34:54.946,car_ID_149,car,out,True
2026-07-28 01:34:54.976,car_ID_148,car,out,True
2026-07-28 01:34:55.247,car_ID_150,car,out,True
2026-07-28 01:34:55.780,car_ID_144,car,in,True
2026-07-28 01:34:56.241,car_ID_142,car,in,True
2026-07-28 01:34:56.750,car_ID_138,car,in,True
2026-07-28 01:34:56.812,car_ID_159,car,out,True
2026-07-28 01:34:56.846,truck_ID_74,truck,out,True
2026-07-28 01:34:57.844,car_ID_161,car,out,True
2026-07-28 01:34:57.944,car_ID_160,car,out,True
2026-07-28 01:34:58.114,car_ID_147,car,in,True
2026-07-28 01:34:58.147,car_ID_151,car,in,True
2026-07-28 01:34:58.645,car_ID_156,car,in,True
2026-07-28 01:34:58.710,car_ID_162,car,out,True
2026-07-28 01:34:59.144,car_ID_157,car,in,True
2026-07-28 01:34:59.746,car_ID_155,car,in,True
2026-07-28 01:34:59.746,car_ID_167,car,out,True
2026-07-28 01:35:00.010,car_ID_168,car,out,True
2026-07-28 01:35:00.382,car_ID_166,car,in,True
2026-07-28 01:35:01.245,car_ID_173,car,out,True
2026-07-28 01:35:01.310,car_ID_171,car,out,True
2026-07-28 01:35:01.310,car_ID_172,car,out,True
2026-07-28 01:35:01.346,car_ID_169,car,in,True
2026-07-28 01:35:01.377,car_ID_163,car,in,True
2026-07-28 01:35:02.909,car_ID_182,car,out,True
2026-07-28 01:35:02.975,car_ID_181,car,out,True
2026-07-28 01:35:03.084,car_ID_189,car,out,True
2026-07-28 01:35:03.149,car_ID_178,car,out,True
2026-07-28 01:35:03.580,car_ID_185,car,out,True
2026-07-28 01:35:03.718,truck_ID_87,truck,out,True
2026-07-28 01:35:04.009,car_ID_170,car,in,True
2026-07-28 01:35:04.142,car_ID_184,car,out,True
2026-07-28 01:35:04.210,car_ID_174,car,in,True
2026-07-28 01:35:04.316,bus_ID_36,bus,in,True
2026-07-28 01:35:04.845,truck_ID_92,truck,in,True
2026-07-28 01:35:04.877,truck_ID_94,truck,in,True
2026-07-28 01:35:05.048,car_ID_188,car,out,True
2026-07-28 01:35:05.345,car_ID_194,car,in,True
2026-07-28 01:35:05.516,car_ID_191,car,out,True
2026-07-28 01:35:05.843,car_ID_187,car,out,True
2026-07-28 01:35:06.110,car_ID_190,car,in,True
2026-07-28 01:35:06.646,car_ID_177,car,in,True
2026-07-28 01:35:07.009,car_ID_180,car,in,True
2026-07-28 01:35:07.244,car_ID_186,car,in,True
2026-07-28 01:35:07.346,car_ID_195,car,out,True
2026-07-28 01:35:08.210,car_ID_196,car,out,True
2026-07-28 01:35:08.952,car_ID_176,car,in,True
2026-07-28 01:35:09.011,truck_ID_91,truck,in,True
2026-07-28 01:35:09.011,car_ID_205,car,in,True
2026-07-28 01:35:09.945,car_ID_200,car,out,True
2026-07-28 01:35:10.177,car_ID_202,car,out,True
2026-07-28 01:35:11.176,car_ID_206,car,out,True
2026-07-28 01:35:11.376,car_ID_204,car,in,True
2026-07-28 01:35:11.843,car_ID_210,car,out,True
2026-07-28 01:35:12.148,car_ID_197,car,in,True
2026-07-28 01:35:12.246,car_ID_211,car,out,True
2026-07-28 01:35:12.642,truck_ID_106,truck,out,True
2026-07-28 01:35:12.778,truck_ID_105,truck,out,True
2026-07-28 01:35:13.145,car_ID_198,car,in,True
2026-07-28 01:35:13.145,car_ID_218,car,out,True
2026-07-28 01:35:13.743,car_ID_213,car,out,True
2026-07-28 01:35:13.945,car_ID_215,car,out,True
2026-07-28 01:35:14.982,truck_ID_112,truck,in,True
2026-07-28 01:35:15.076,bus_ID_45,bus,out,True
2026-07-28 01:35:15.076,truck_ID_113,truck,in,True
2026-07-28 01:35:15.246,truck_ID_111,truck,out,True
2026-07-28 01:35:15.510,car_ID_219,car,out,True
2026-07-28 01:35:15.544,car_ID_230,car,in,True
2026-07-28 01:35:15.746,car_ID_232,car,out,True
2026-07-28 01:35:15.844,car_ID_223,car,in,True
2026-07-28 01:35:16.045,car_ID_228,car,out,True
2026-07-28 01:35:16.311,car_ID_212,car,in,True
2026-07-28 01:35:16.345,truck_ID_115,truck,out,True
2026-07-28 01:35:16.777,car_ID_240,car,out,True
2026-07-28 01:35:16.809,car_ID_227,car,out,True
2026-07-28 01:35:16.945,car_ID_231,car,out,True
2026-07-28 01:35:18.045,car_ID_235,car,out,True
2026-07-28 01:35:18.718,car_ID_239,car,out,True
2026-07-28 01:35:18.811,car_ID_216,car,in,True
2026-07-28 01:35:18.944,car_ID_241,car,out,True
2026-07-28 01:35:19.388,car_ID_243,car,out,True
2026-07-28 01:35:19.579,car_ID_244,car,out,True
2026-07-28 01:35:19.645,truck_ID_99,truck,in,True
2026-07-28 01:35:19.978,car_ID_225,car,in,True
2026-07-28 01:35:20.010,car_ID_233,car,in,True
2026-07-28 01:35:20.348,car_ID_242,car,out,True
2026-07-28 01:35:20.445,car_ID_248,car,out,True
2026-07-28 01:35:20.576,car_ID_236,car,in,True
2026-07-28 01:35:20.909,bus_ID_52,bus,out,True
2026-07-28 01:35:21.209,truck_ID_117,truck,out,True
2026-07-28 01:35:21.343,car_ID_245,car,out,True
2026-07-28 01:35:22.146,car_ID_254,car,out,True
2026-07-28 01:35:22.215,car_ID_256,car,out,True
2026-07-28 01:35:22.849,bus_ID_49,bus,in,True
2026-07-28 01:35:23.247,car_ID_237,car,in,True
2026-07-28 01:35:23.514,car_ID_259,car,out,True
2026-07-28 01:35:23.577,bus_ID_51,bus,in,True
2026-07-28 01:35:23.914,car_ID_238,car,in,True
2026-07-28 01:35:24.409,car_ID_261,car,out,True
2026-07-28 01:35:24.579,car_ID_260,car,out,True
2026-07-28 01:35:24.743,car_ID_246,car,in,True
2026-07-28 01:35:24.851,car_ID_247,car,in,True
2026-07-28 01:35:25.579,car_ID_263,car,out,True
2026-07-28 01:35:25.784,car_ID_257,car,in,True
2026-07-28 01:35:26.811,car_ID_270,car,out,True
2026-07-28 01:35:26.843,car_ID_265,car,out,True
2026-07-28 01:35:26.978,car_ID_268,car,out,True
2026-07-28 01:35:27.646,truck_ID_129,truck,in,True
2026-07-28 01:35:28.377,car_ID_262,car,in,True
2026-07-28 01:35:28.448,car_ID_269,car,out,True
2026-07-28 01:35:28.510,car_ID_273,car,out,True
2026-07-28 01:35:29.711,car_ID_264,car,in,True
2026-07-28 01:35:29.811,car_ID_267,car,in,True
2026-07-28 01:35:30.415,car_ID_277,car,out,True
2026-07-28 01:35:30.544,car_ID_282,car,out,True
2026-07-28 01:35:31.144,car_ID_275,car,in,True
2026-07-28 01:35:31.446,car_ID_281,car,in,True
2026-07-28 01:35:31.845,car_ID_274,car,in,True
2026-07-28 01:35:32.116,car_ID_284,car,out,True
2026-07-28 01:35:32.349,car_ID_289,car,out,True
2026-07-28 01:35:32.878,car_ID_292,car,out,True
2026-07-28 01:35:33.010,car_ID_280,car,in,True
2026-07-28 01:35:33.574,car_ID_286,car,in,True
2026-07-28 01:35:33.979,car_ID_293,car,out,True
2026-07-28 01:35:35.183,car_ID_279,car,in,True
2026-07-28 01:35:35.276,car_ID_299,car,out,True
2026-07-28 01:35:35.611,car_ID_291,car,in,True
2026-07-28 01:35:35.709,car_ID_298,car,out,True
2026-07-28 01:35:35.784,truck_ID_142,truck,out,True
2026-07-28 01:35:35.819,car_ID_310,car,out,True
2026-07-28 01:35:36.044,car_ID_290,car,in,True
2026-07-28 01:35:36.246,car_ID_295,car,in,True
2026-07-28 01:35:36.512,car_ID_303,car,out,True
2026-07-28 01:35:36.942,car_ID_288,car,in,True
2026-07-28 01:35:37.547,car_ID_305,car,out,True
2026-07-28 01:35:37.779,car_ID_307,car,out,True
2026-07-28 01:35:38.143,car_ID_294,car,in,True
2026-07-28 01:35:38.216,car_ID_317,car,out,True
2026-07-28 01:35:38.576,car_ID_315,car,out,True
2026-07-28 01:35:38.913,car_ID_312,car,out,True
2026-07-28 01:35:39.378,car_ID_318,car,out,True
2026-07-28 01:35:39.581,car_ID_322,car,out,True
2026-07-28 01:35:40.545,car_ID_321,car,out,True
2026-07-28 01:35:40.611,car_ID_306,car,in,True
2026-07-28 01:35:40.911,car_ID_320,car,out,True
2026-07-28 01:35:41.009,car_ID_301,car,in,True
2026-07-28 01:35:41.776,car_ID_325,car,out,True
2026-07-28 01:35:41.949,car_ID_308,car,in,True
2026-07-28 01:35:42.145,car_ID_324,car,out,True
2026-07-28 01:35:42.715,car_ID_323,car,out,True
2026-07-28 01:35:42.912,car_ID_329,car,out,True
2026-07-28 01:35:42.980,car_ID_330,car,out,True
2026-07-28 01:35:43.310,truck_ID_150,truck,in,True
2026-07-28 01:35:43.311,car_ID_328,car,out,True
2026-07-28 01:35:43.576,truck_ID_149,truck,in,True
2026-07-28 01:35:43.744,car_ID_313,car,in,True
2026-07-28 01:35:43.916,car_ID_297,car,in,True
2026-07-28 01:35:44.047,car_ID_336,car,in,True
2026-07-28 01:35:44.143,car_ID_331,car,out,True
2026-07-28 01:35:45.043,car_ID_319,car,in,True
2026-07-28 01:35:45.177,car_ID_337,car,out,True
2026-07-28 01:35:46.545,car_ID_342,car,out,True
2026-07-28 01:35:46.577,car_ID_340,car,out,True
2026-07-28 01:35:47.710,car_ID_345,car,out,True
2026-07-28 01:35:47.945,car_ID_314,car,in,True
2026-07-28 01:35:48.010,car_ID_327,car,in,True
2026-07-28 01:35:48.188,car_ID_334,car,in,True
2026-07-28 01:35:48.212,car_ID_332,car,in,True
2026-07-28 01:35:49.018,car_ID_348,car,out,True
2026-07-28 01:35:49.276,truck_ID_160,truck,out,True
2026-07-28 01:35:49.813,car_ID_351,car,out,True
2026-07-28 01:35:49.913,car_ID_352,car,out,True
2026-07-28 01:35:49.944,car_ID_333,car,in,True
2026-07-28 01:35:50.109,car_ID_355,car,out,True
2026-07-28 01:35:51.377,car_ID_357,car,out,True
2026-07-28 01:35:51.412,car_ID_362,car,out,True
2026-07-28 01:35:52.377,car_ID_361,car,out,True
2026-07-28 01:35:53.978,car_ID_365,car,out,True
2026-07-28 01:35:54.610,car_ID_367,car,out,True
2026-07-28 01:35:55.313,car_ID_368,car,out,True
2026-07-28 01:35:55.345,car_ID_353,car,in,True
2026-07-28 01:35:55.380,car_ID_346,car,in,True
2026-07-28 01:35:55.582,car_ID_356,car,in,True
2026-07-28 01:35:55.775,car_ID_339,car,in,True
2026-07-28 01:35:55.979,car_ID_358,car,in,True
2026-07-28 01:35:56.544,car_ID_354,car,in,True
2026-07-28 01:35:57.609,truck_ID_161,truck,out,True
2026-07-28 01:35:58.181,truck_ID_154,truck,in,True
2026-07-28 01:35:58.181,car_ID_374,car,in,True
2026-07-28 01:35:58.449,car_ID_338,car,in,True
2026-07-28 01:35:58.449,car_ID_373,car,out,True
2026-07-28 01:35:59.580,car_ID_375,car,out,True
2026-07-28 01:36:00.277,truck_ID_167,truck,in,True
2026-07-28 01:36:00.346,car_ID_376,car,out,True
2026-07-28 01:36:01.512,car_ID_364,car,in,True
2026-07-28 01:36:02.184,car_ID_381,car,out,True
2026-07-28 01:36:02.584,car_ID_371,car,in,True
2026-07-28 01:36:02.810,car_ID_359,car,in,True
2026-07-28 01:36:03.377,car_ID_366,car,in,True
2026-07-28 01:36:03.611,truck_ID_168,truck,out,True
2026-07-28 01:36:04.182,car_ID_369,car,in,True
2026-07-28 01:36:04.312,car_ID_387,car,out,True
2026-07-28 01:36:04.844,truck_ID_170,truck,out,True
2026-07-28 01:36:05.310,car_ID_401,car,out,True
2026-07-28 01:36:05.409,car_ID_370,car,in,True
2026-07-28 01:36:05.713,car_ID_392,car,out,True
2026-07-28 01:36:06.043,truck_ID_177,truck,out,True
2026-07-28 01:36:06.510,car_ID_380,car,in,True
2026-07-28 01:36:07.109,car_ID_402,car,out,True
2026-07-28 01:36:08.146,car_ID_399,car,out,True
2026-07-28 01:36:08.447,car_ID_410,car,out,True
2026-07-28 01:36:09.209,car_ID_408,car,out,True
2026-07-28 01:36:09.209,car_ID_411,car,out,True
2026-07-28 01:36:09.447,car_ID_406,car,out,True
2026-07-28 01:36:09.613,car_ID_378,car,in,True
2026-07-28 01:36:10.848,truck_ID_185,truck,in,True
2026-07-28 01:36:10.924,car_ID_424,car,out,True
2026-07-28 01:36:10.993,truck_ID_188,truck,in,True
2026-07-28 01:36:11.179,truck_ID_190,truck,out,True
2026-07-28 01:36:11.450,car_ID_426,car,in,True
2026-07-28 01:36:11.580,truck_ID_187,truck,out,True
2026-07-28 01:36:11.609,truck_ID_184,truck,in,True
2026-07-28 01:36:11.631,car_ID_418,car,out,True
2026-07-28 01:36:11.716,car_ID_430,car,out,True
2026-07-28 01:36:11.831,car_ID_417,car,out,True
2026-07-28 01:36:12.343,truck_ID_196,truck,out,True
2026-07-28 01:36:12.587,bus_ID_76,bus,out,True
2026-07-28 01:36:12.613,car_ID_385,car,in,True
2026-07-28 01:36:12.678,truck_ID_195,truck,out,True
2026-07-28 01:36:12.744,car_ID_432,car,out,True
2026-07-28 01:36:12.780,car_ID_395,car,in,True
2026-07-28 01:36:12.843,bus_ID_77,bus,out,True
2026-07-28 01:36:13.010,car_ID_435,car,out,True
2026-07-28 01:36:13.181,car_ID_420,car,out,True
2026-07-28 01:36:13.345,car_ID_421,car,in,True
2026-07-28 01:36:13.642,truck_ID_198,truck,out,True
2026-07-28 01:36:13.746,car_ID_431,car,out,True
2026-07-28 01:36:13.777,car_ID_427,car,out,True
2026-07-28 01:36:14.341,car_ID_419,car,in,True
2026-07-28 01:36:14.578,truck_ID_189,truck,in,True
2026-07-28 01:36:14.578,car_ID_429,car,in,True
2026-07-28 01:36:15.111,car_ID_400,car,in,True
2026-07-28 01:36:15.210,truck_ID_183,truck,in,True
2026-07-28 01:36:15.242,truck_ID_191,truck,in,True
2026-07-28 01:36:15.646,car_ID_413,car,in,True
2026-07-28 01:36:15.976,bus_ID_80,bus,out,True
2026-07-28 01:36:16.747,car_ID_440,car,out,True
2026-07-28 01:36:17.546,car_ID_442,car,out,True
2026-07-28 01:36:17.712,car_ID_444,car,out,True
2026-07-28 01:36:18.009,car_ID_445,car,out,True
2026-07-28 01:36:20.180,car_ID_449,car,out,True
2026-07-28 01:36:20.246,car_ID_448,car,out,True
2026-07-28 01:36:20.347,car_ID_452,car,out,True
2026-07-28 01:36:20.344,car_ID_454,car,out,True
2026-07-28 01:36:20.917,bus_ID_83,bus,in,True
2026-07-28 01:36:21.283,truck_ID_209,truck,in,True
2026-07-28 01:36:21.709,car_ID_457,car,out,True
2026-07-28 01:36:21.810,bus_ID_84,bus,in,True
2026-07-28 01:36:21.810,car_ID_458,car,out,True
2026-07-28 01:36:22.414,car_ID_389,car,in,True
2026-07-28 01:36:22.648,car_ID_460,car,out,True
2026-07-28 01:36:22.754,truck_ID_214,truck,out,True
2026-07-28 01:36:23.752,truck_ID_201,truck,in,True
2026-07-28 01:36:24.310,truck_ID_221,truck,out,True
2026-07-28 01:36:24.510,car_ID_465,car,out,True
2026-07-28 01:36:24.643,car_ID_463,car,out,True
2026-07-28 01:36:24.743,car_ID_461,car,out,True
2026-07-28 01:36:24.784,car_ID_462,car,out,True
2026-07-28 01:36:25.645,bus_ID_91,bus,out,True
2026-07-28 01:36:26.044,car_ID_466,car,out,True
2026-07-28 01:36:26.442,car_ID_473,car,out,True
2026-07-28 01:36:26.912,car_ID_476,car,out,True
2026-07-28 01:36:27.310,car_ID_472,car,out,True
2026-07-28 01:36:27.447,truck_ID_225,truck,out,True
2026-07-28 01:36:27.845,car_ID_471,car,out,True
2026-07-28 01:36:28.809,car_ID_394,car,in,True
2026-07-28 01:36:29.144,car_ID_475,car,out,True
2026-07-28 01:36:30.010,car_ID_477,car,out,True
2026-07-28 01:36:30.545,car_ID_480,car,out,True
2026-07-28 01:36:31.246,car_ID_479,car,out,True
2026-07-28 01:36:31.446,car_ID_464,car,in,True
2026-07-28 01:36:31.547,car_ID_483,car,out,True
2026-07-28 01:36:32.113,car_ID_486,car,out,True
2026-07-28 01:36:32.410,car_ID_482,car,out,True
2026-07-28 01:36:32.943,car_ID_485,car,out,True
2026-07-28 01:36:33.211,truck_ID_216,truck,in,True
2026-07-28 01:36:33.443,truck_ID_231,truck,out,True
2026-07-28 01:36:33.551,truck_ID_230,truck,out,True
2026-07-28 01:36:33.875,car_ID_489,car,out,True
2026-07-28 01:36:34.376,truck_ID_233,truck,out,True
2026-07-28 01:36:34.843,car_ID_490,car,out,True
2026-07-28 01:36:37.010,bus_ID_94,bus,out,True
2026-07-28 01:36:37.010,car_ID_414,car,in,True
2026-07-28 01:36:37.411,car_ID_494,car,out,True
2026-07-28 01:36:38.042,truck_ID_232,truck,in,True
2026-07-28 01:36:38.042,car_ID_497,car,out,True
2026-07-28 01:36:38.379,car_ID_498,car,out,True
2026-07-28 01:36:38.516,car_ID_481,car,in,True
2026-07-28 01:36:38.581,car_ID_493,car,in,True
2026-07-28 01:36:38.977,car_ID_500,car,out,True
2026-07-28 01:36:39.850,car_ID_503,car,out,True
2026-07-28 01:36:40.212,car_ID_504,car,out,True
2026-07-28 01:36:40.310,car_ID_488,car,in,True
2026-07-28 01:36:40.810,car_ID_505,car,out,True
2026-07-28 01:36:41.111,car_ID_507,car,out,True
2026-07-28 01:36:41.176,car_ID_436,car,in,True
2026-07-28 01:36:41.844,truck_ID_229,truck,in,True
2026-07-28 01:36:43.510,car_ID_508,car,out,True
2026-07-28 01:36:44.609,car_ID_499,car,in,True
2026-07-28 01:36:45.545,car_ID_447,car,in,True
2026-07-28 01:36:45.609,car_ID_511,car,out,True
2026-07-28 01:36:46.917,car_ID_515,car,out,True
2026-07-28 01:36:47.144,car_ID_518,car,out,True
2026-07-28 01:36:48.515,car_ID_506,car,in,True
2026-07-28 01:36:49.185,car_ID_423,car,in,True
2026-07-28 01:36:49.346,car_ID_522,car,out,True
2026-07-28 01:36:49.543,bus_ID_101,bus,out,True
2026-07-28 01:36:49.712,car_ID_495,car,in,True
2026-07-28 01:36:49.845,car_ID_510,car,in,True
2026-07-28 01:36:49.947,truck_ID_246,truck,out,True
2026-07-28 01:36:50.045,truck_ID_243,truck,out,True
2026-07-28 01:36:51.582,car_ID_525,car,out,True
2026-07-28 01:36:51.811,car_ID_526,car,out,True
2026-07-28 01:36:52.976,car_ID_502,car,in,True
2026-07-28 01:36:53.145,car_ID_438,car,in,True
2026-07-28 01:36:53.177,car_ID_528,car,out,True
2026-07-28 01:36:54.544,car_ID_509,car,in,True
2026-07-28 01:36:55.179,car_ID_532,car,out,True
2026-07-28 01:36:55.444,truck_ID_241,truck,in,True
2026-07-28 01:36:55.443,car_ID_536,car,out,True
2026-07-28 01:36:55.745,truck_ID_252,truck,out,True
2026-07-28 01:36:56.012,car_ID_529,car,in,True
2026-07-28 01:36:56.546,car_ID_535,car,out,True
2026-07-28 01:36:56.810,car_ID_455,car,in,True
2026-07-28 01:36:56.912,car_ID_520,car,in,True
2026-07-28 01:36:57.544,car_ID_540,car,out,True
2026-07-28 01:36:58.211,car_ID_537,car,out,True
2026-07-28 01:36:58.513,car_ID_467,car,in,True
2026-07-28 01:36:58.712,car_ID_539,car,out,True
2026-07-28 01:36:59.547,car_ID_545,car,out,True
2026-07-28 01:36:59.811,car_ID_533,car,in,True
2026-07-28 01:37:00.346,car_ID_548,car,out,True
2026-07-28 01:37:00.410,car_ID_530,car,in,True
2026-07-28 01:37:01.046,car_ID_546,car,out,True
2026-07-28 01:37:02.176,car_ID_552,car,out,True
2026-07-28 01:37:02.577,car_ID_478,car,in,True
2026-07-28 01:37:02.746,car_ID_542,car,in,True
2026-07-28 01:37:03.778,car_ID_543,car,in,True
2026-07-28 01:37:03.814,car_ID_538,car,in,True
2026-07-28 01:37:04.111,car_ID_553,car,out,True
2026-07-28 01:37:04.312,truck_ID_259,truck,out,True
2026-07-28 01:37:04.343,truck_ID_260,truck,out,True
2026-07-28 01:37:04.810,car_ID_557,car,out,True
2026-07-28 01:37:04.913,car_ID_554,car,out,True
2026-07-28 01:37:05.144,car_ID_561,car,out,True
2026-07-28 01:37:05.580,car_ID_556,car,in,True
2026-07-28 01:37:05.976,car_ID_547,car,in,True
2026-07-28 01:37:06.646,car_ID_551,car,in,True
2026-07-28 01:37:07.144,car_ID_549,car,in,True
2026-07-28 01:37:07.144,car_ID_558,car,in,True
2026-07-28 01:37:07.943,car_ID_564,car,out,True
2026-07-28 01:37:08.144,car_ID_559,car,in,True
2026-07-28 01:37:08.583,car_ID_568,car,out,True
2026-07-28 01:37:08.713,truck_ID_264,truck,out,True
2026-07-28 01:37:09.178,car_ID_560,car,in,True
2026-07-28 01:37:09.178,car_ID_569,car,out,True
2026-07-28 01:37:09.577,car_ID_570,car,out,True
2026-07-28 01:37:10.579,car_ID_566,car,in,True
2026-07-28 01:37:10.611,car_ID_574,car,out,True
2026-07-28 01:37:10.845,car_ID_567,car,in,True
2026-07-28 01:37:11.011,car_ID_576,car,out,True
2026-07-28 01:37:11.377,car_ID_575,car,out,True
2026-07-28 01:37:11.642,car_ID_581,car,out,True
2026-07-28 01:37:11.676,truck_ID_270,truck,in,True
2026-07-28 01:37:11.979,car_ID_582,car,out,True
2026-07-28 01:37:12.044,car_ID_572,car,in,True
2026-07-28 01:37:13.044,car_ID_587,car,out,True
2026-07-28 01:37:13.109,car_ID_588,car,out,True
2026-07-28 01:37:13.210,car_ID_577,car,in,True
2026-07-28 01:37:13.642,car_ID_571,car,in,True
2026-07-28 01:37:13.642,car_ID_573,car,in,True
2026-07-28 01:37:14.108,car_ID_586,car,out,True
2026-07-28 01:37:14.375,car_ID_589,car,out,True
2026-07-28 01:37:15.073,car_ID_593,car,out,True
2026-07-28 01:37:15.212,car_ID_580,car,in,True
2026-07-28 01:37:15.709,truck_ID_276,truck,out,True
2026-07-28 01:37:15.709,car_ID_595,car,out,True
2026-07-28 01:37:15.911,car_ID_603,car,out,True
2026-07-28 01:37:15.976,car_ID_596,car,out,True
2026-07-28 01:37:16.409,car_ID_585,car,in,True
2026-07-28 01:37:16.409,car_ID_598,car,out,True
2026-07-28 01:37:16.944,car_ID_597,car,out,True
2026-07-28 01:37:17.311,car_ID_591,car,in,True
2026-07-28 01:37:17.377,car_ID_602,car,out,True
2026-07-28 01:37:17.777,car_ID_590,car,in,True
2026-07-28 01:37:18.218,car_ID_605,car,out,True
2026-07-28 01:37:18.242,truck_ID_283,truck,out,True
2026-07-28 01:37:18.709,car_ID_619,car,out,True
2026-07-28 01:37:19.210,car_ID_606,car,out,True
2026-07-28 01:37:19.210,car_ID_608,car,out,True
2026-07-28 01:37:19.712,car_ID_600,car,in,True
2026-07-28 01:37:19.979,car_ID_612,car,out,True
2026-07-28 01:37:20.311,car_ID_613,car,out,True
2026-07-28 01:37:20.845,truck_ID_286,truck,out,True
2026-07-28 01:37:21.366,car_ID_614,car,out,True
2026-07-28 01:37:21.366,car_ID_617,car,out,True
2026-07-28 01:37:21.613,car_ID_601,car,in,True
2026-07-28 01:37:21.945,truck_ID_284,truck,out,True
2026-07-28 01:37:22.442,car_ID_604,car,in,True
2026-07-28 01:37:22.644,car_ID_610,car,in,True
2026-07-28 01:37:22.912,truck_ID_289,truck,out,True
2026-07-28 01:37:22.943,car_ID_625,car,out,True
2026-07-28 01:37:23.710,car_ID_632,car,out,True
2026-07-28 01:37:23.742,car_ID_627,car,out,True
2026-07-28 01:37:23.774,car_ID_620,car,in,True
2026-07-28 01:37:23.977,car_ID_633,car,out,True
2026-07-28 01:37:24.177,car_ID_628,car,out,True
2026-07-28 01:37:24.282,truck_ID_288,truck,in,True
2026-07-28 01:37:24.511,truck_ID_292,truck,out,True
2026-07-28 01:37:24.778,bus_ID_115,bus,in,True
2026-07-28 01:37:25.242,car_ID_611,car,in,True
2026-07-28 01:37:25.410,car_ID_622,car,in,True
2026-07-28 01:37:26.374,car_ID_637,car,out,True
2026-07-28 01:37:26.543,truck_ID_293,truck,out,True
2026-07-28 01:37:26.745,car_ID_641,car,out,True
2026-07-28 01:37:27.114,car_ID_621,car,in,True
2026-07-28 01:37:27.243,bus_ID_114,bus,in,True
2026-07-28 01:37:27.276,truck_ID_298,truck,out,True
2026-07-28 01:37:27.781,car_ID_638,car,out,True
2026-07-28 01:37:27.948,car_ID_653,car,out,True
2026-07-28 01:37:27.976,car_ID_640,car,out,True
2026-07-28 01:37:28.809,car_ID_629,car,in,True
2026-07-28 01:37:28.943,truck_ID_287,truck,in,True
2026-07-28 01:37:29.375,bus_ID_120,bus,in,True
2026-07-28 01:37:29.744,car_ID_649,car,out,True
2026-07-28 01:37:29.817,car_ID_647,car,out,True
2026-07-28 01:37:30.347,bus_ID_127,bus,out,True
2026-07-28 01:37:30.382,bus_ID_122,bus,out,True
2026-07-28 01:37:30.382,truck_ID_303,truck,out,True
2026-07-28 01:37:30.409,car_ID_645,car,out,True
2026-07-28 01:37:30.445,truck_ID_300,truck,out,True
2026-07-28 01:37:30.610,car_ID_646,car,in,True
2026-07-28 01:37:30.909,car_ID_661,car,out,True
2026-07-28 01:37:30.953,car_ID_655,car,out,True
2026-07-28 01:37:31.146,car_ID_639,car,in,True
2026-07-28 01:37:31.310,car_ID_662,car,out,True
2026-07-28 01:37:31.515,truck_ID_302,truck,in,True
2026-07-28 01:37:31.645,car_ID_657,car,out,True
2026-07-28 01:37:31.742,car_ID_673,car,out,True
2026-07-28 01:37:31.779,truck_ID_290,truck,in,True
2026-07-28 01:37:32.409,truck_ID_308,truck,out,True
2026-07-28 01:37:32.444,car_ID_652,car,in,True
2026-07-28 01:37:32.979,car_ID_665,car,out,True
2026-07-28 01:37:33.345,car_ID_663,car,out,True
2026-07-28 01:37:33.775,car_ID_670,car,out,True
2026-07-28 01:37:34.111,truck_ID_310,truck,out,True
2026-07-28 01:37:34.410,car_ID_674,car,out,True
2026-07-28 01:37:34.986,car_ID_666,car,in,True
2026-07-28 01:37:35.209,car_ID_680,car,out,True
2026-07-28 01:37:35.408,car_ID_660,car,in,True
2026-07-28 01:37:35.611,car_ID_679,car,out,True
2026-07-28 01:37:36.048,car_ID_690,car,in,True
2026-07-28 01:37:36.244,car_ID_672,car,in,True
2026-07-28 01:37:36.745,car_ID_682,car,out,True
2026-07-28 01:37:37.108,car_ID_684,car,out,True
2026-07-28 01:37:37.610,truck_ID_317,truck,out,True
2026-07-28 01:37:37.711,truck_ID_316,truck,out,True
2026-07-28 01:37:37.911,car_ID_685,car,out,True
2026-07-28 01:37:37.945,car_ID_677,car,in,True
2026-07-28 01:37:37.945,car_ID_686,car,out,True
2026-07-28 01:37:38.176,car_ID_688,car,out,True
2026-07-28 01:37:38.610,car_ID_696,car,out,True
2026-07-28 01:37:38.942,car_ID_692,car,out,True
2026-07-28 01:37:39.311,car_ID_678,car,in,True
2026-07-28 01:37:39.843,car_ID_689,car,in,True
2026-07-28 01:37:40.443,car_ID_693,car,out,True
2026-07-28 01:37:40.443,car_ID_695,car,out,True
2026-07-28 01:37:40.646,car_ID_687,car,in,True
2026-07-28 01:37:41.643,truck_ID_319,truck,out,True
2026-07-28 01:37:41.842,car_ID_700,car,out,True
2026-07-28 01:37:42.242,car_ID_698,car,out,True
2026-07-28 01:37:43.075,truck_ID_321,truck,out,True
2026-07-28 01:37:43.179,car_ID_691,car,in,True
2026-07-28 01:37:43.409,car_ID_706,car,out,True
2026-07-28 01:37:43.546,car_ID_694,car,in,True
2026-07-28 01:37:43.581,car_ID_699,car,in,True
2026-07-28 01:37:43.709,car_ID_704,car,out,True
2026-07-28 01:37:44.408,car_ID_707,car,out,True
2026-07-28 01:37:45.310,car_ID_702,car,in,True
2026-07-28 01:37:45.408,car_ID_710,car,out,True
2026-07-28 01:37:45.744,car_ID_705,car,in,True
2026-07-28 01:37:45.774,truck_ID_327,truck,out,True
2026-07-28 01:37:45.809,car_ID_701,car,in,True
2026-07-28 01:37:45.912,car_ID_708,car,in,True
2026-07-28 01:37:46.243,car_ID_714,car,out,True
2026-07-28 01:37:46.509,car_ID_721,car,out,True
2026-07-28 01:37:46.845,truck_ID_328,truck,out,True
2026-07-28 01:37:46.910,truck_ID_330,truck,out,True
2026-07-28 01:37:47.111,car_ID_716,car,out,True
2026-07-28 01:37:47.344,car_ID_715,car,out,True
2026-07-28 01:37:47.409,car_ID_724,car,out,True
2026-07-28 01:37:48.142,car_ID_711,car,in,True
2026-07-28 01:37:48.677,truck_ID_334,truck,out,True
2026-07-28 01:37:49.309,truck_ID_331,truck,in,True
2026-07-28 01:37:49.308,car_ID_728,car,in,True
2026-07-28 01:37:49.544,car_ID_723,car,out,True
2026-07-28 01:37:49.609,car_ID_735,car,out,True
2026-07-28 01:37:49.712,car_ID_713,car,in,True
2026-07-28 01:37:49.776,car_ID_718,car,in,True
2026-07-28 01:37:49.909,truck_ID_332,truck,in,True
2026-07-28 01:37:51.242,car_ID_722,car,in,True
2026-07-28 01:37:51.445,car_ID_729,car,out,True
2026-07-28 01:37:52.709,car_ID_732,car,out,True
2026-07-28 01:37:52.841,car_ID_725,car,in,True
2026-07-28 01:37:53.042,car_ID_733,car,out,True
2026-07-28 01:37:53.609,car_ID_727,car,in,True
2026-07-28 01:37:54.111,car_ID_726,car,in,True
2026-07-28 01:37:54.179,car_ID_745,car,in,True
2026-07-28 01:37:54.713,car_ID_739,car,out,True
2026-07-28 01:37:55.043,truck_ID_339,truck,in,True
2026-07-28 01:37:55.377,car_ID_734,car,in,True
2026-07-28 01:37:55.674,bus_ID_134,bus,in,True
2026-07-28 01:37:55.745,bus_ID_135,bus,in,True
2026-07-28 01:37:56.211,truck_ID_341,truck,in,True
2026-07-28 01:37:56.211,car_ID_746,car,out,True
2026-07-28 01:37:57.111,car_ID_743,car,in,True
2026-07-28 01:37:57.245,truck_ID_336,truck,out,True
2026-07-28 01:37:57.245,car_ID_738,car,in,True
2026-07-28 01:37:57.345,car_ID_756,car,in,True
2026-07-28 01:37:57.512,car_ID_736,car,in,True
2026-07-28 01:37:57.842,truck_ID_344,truck,in,True
2026-07-28 01:37:58.310,truck_ID_340,truck,in,True
2026-07-28 01:37:58.811,car_ID_753,car,out,True
2026-07-28 01:37:59.174,car_ID_742,car,in,True
2026-07-28 01:37:59.444,car_ID_752,car,out,True
2026-07-28 01:37:59.512,car_ID_748,car,in,True
2026-07-28 01:37:59.579,car_ID_751,car,out,True
2026-07-28 01:37:59.678,car_ID_760,car,out,True
2026-07-28 01:38:00.242,car_ID_755,car,out,True
2026-07-28 01:38:00.743,motorcycle_ID_4,motorcycle,in,True
2026-07-28 01:38:00.911,car_ID_757,car,in,True
2026-07-28 01:38:01.511,car_ID_763,car,out,True
2026-07-28 01:38:01.609,car_ID_762,car,out,True
2026-07-28 01:38:02.810,car_ID_769,car,out,True
2026-07-28 01:38:02.980,car_ID_766,car,out,True
2026-07-28 01:38:03.046,car_ID_759,car,in,True
2026-07-28 01:38:03.846,car_ID_777,car,out,True
2026-07-28 01:38:04.643,car_ID_780,car,out,True
2026-07-28 01:38:05.110,truck_ID_358,truck,out,True
2026-07-28 01:38:05.245,motorcycle_ID_9,motorcycle,in,True
2026-07-28 01:38:05.542,car_ID_785,car,out,True
2026-07-28 01:38:05.609,person_ID_10,person,in,True
2026-07-28 01:38:05.609,car_ID_781,car,out,True
2026-07-28 01:38:06.147,truck_ID_362,truck,out,True
2026-07-28 01:38:06.209,car_ID_788,car,out,True
2026-07-28 01:38:06.344,car_ID_764,car,in,True
2026-07-28 01:38:06.410,truck_ID_355,truck,out,True
2026-07-28 01:38:06.776,car_ID_773,car,in,True
2026-07-28 01:38:06.808,car_ID_765,car,in,True
2026-07-28 01:38:07.144,car_ID_775,car,in,True
2026-07-28 01:38:07.777,car_ID_786,car,out,True
2026-07-28 01:38:08.111,car_ID_774,car,in,True
2026-07-28 01:38:08.809,car_ID_783,car,in,True
2026-07-28 01:38:09.510,car_ID_779,car,in,True
2026-07-28 01:38:09.707,car_ID_790,car,out,True
2026-07-28 01:38:09.908,car_ID_776,car,in,True
2026-07-28 01:38:10.347,car_ID_793,car,out,True
2026-07-28 01:38:11.009,car_ID_796,car,out,True
2026-07-28 01:38:11.209,car_ID_789,car,in,True
2026-07-28 01:38:11.209,car_ID_794,car,out,True
2026-07-28 01:38:11.545,car_ID_792,car,in,True
2026-07-28 01:38:11.677,truck_ID_370,truck,out,True
2026-07-28 01:38:11.678,car_ID_797,car,out,True
2026-07-28 01:38:12.180,truck_ID_369,truck,out,True
2026-07-28 01:38:12.180,car_ID_807,car,out,True
2026-07-28 01:38:12.443,car_ID_795,car,in,True
2026-07-28 01:38:13.546,car_ID_799,car,out,True
2026-07-28 01:38:14.177,car_ID_803,car,out,True
2026-07-28 01:38:14.209,truck_ID_374,truck,in,True
2026-07-28 01:38:14.209,car_ID_801,car,in,True
2026-07-28 01:38:14.709,car_ID_806,car,out,True
2026-07-28 01:38:14.778,car_ID_798,car,in,True
2026-07-28 01:38:14.911,car_ID_804,car,out,True
2026-07-28 01:38:14.976,car_ID_800,car,in,True
2026-07-28 01:38:15.909,car_ID_809,car,out,True
2026-07-28 01:38:15.978,car_ID_811,car,out,True
2026-07-28 01:38:16.344,car_ID_813,car,out,True
2026-07-28 01:38:16.477,bus_ID_148,bus,in,True
2026-07-28 01:38:16.477,truck_ID_375,truck,in,True
2026-07-28 01:38:17.409,car_ID_805,car,in,True
2026-07-28 01:38:17.576,bus_ID_146,bus,in,True
2026-07-28 01:38:18.074,truck_ID_377,truck,out,True
2026-07-28 01:38:18.842,car_ID_815,car,out,True
2026-07-28 01:38:20.115,car_ID_819,car,out,True
2026-07-28 01:38:20.344,truck_ID_376,truck,in,True
2026-07-28 01:38:20.443,car_ID_818,car,out,True
2026-07-28 01:38:21.209,person_ID_13,person,in,True
2026-07-28 01:38:21.209,car_ID_823,car,out,True
2026-07-28 01:38:21.410,motorcycle_ID_12,motorcycle,in,True
2026-07-28 01:38:21.910,car_ID_814,car,in,True
2026-07-28 01:38:22.845,car_ID_817,car,in,True
2026-07-28 01:38:22.910,bus_ID_151,bus,in,True
2026-07-28 01:38:22.943,bus_ID_152,bus,in,True
2026-07-28 01:38:23.209,car_ID_820,car,in,True
2026-07-28 01:38:23.242,car_ID_825,car,out,True
2026-07-28 01:38:24.009,car_ID_828,car,out,True
2026-07-28 01:38:24.245,truck_ID_387,truck,out,True
2026-07-28 01:38:24.341,car_ID_822,car,in,True
2026-07-28 01:38:24.642,car_ID_834,car,out,True
2026-07-28 01:38:24.980,car_ID_831,car,out,True
2026-07-28 01:38:25.111,car_ID_824,car,in,True
2026-07-28 01:38:26.176,truck_ID_378,truck,out,True
2026-07-28 01:38:26.176,person_ID_15,person,in,True
2026-07-28 01:38:26.809,motorcycle_ID_13,motorcycle,in,True
2026-07-28 01:38:27.010,car_ID_826,car,in,True
2026-07-28 01:38:27.615,car_ID_832,car,in,True
2026-07-28 01:38:28.209,car_ID_842,car,out,True
2026-07-28 01:38:28.577,car_ID_843,car,out,True
2026-07-28 01:38:28.610,car_ID_835,car,in,True
2026-07-28 01:38:28.710,car_ID_833,car,in,True
2026-07-28 01:38:29.144,car_ID_837,car,in,True
2026-07-28 01:38:30.512,car_ID_847,car,in,True
2026-07-28 01:38:30.611,car_ID_844,car,out,True
2026-07-28 01:38:30.945,truck_ID_394,truck,out,True
2026-07-28 01:38:31.011,car_ID_838,car,in,True
2026-07-28 01:38:31.514,car_ID_849,car,out,True
2026-07-28 01:38:31.774,car_ID_839,car,in,True
2026-07-28 01:38:31.774,car_ID_848,car,out,True
2026-07-28 01:38:32.842,car_ID_853,car,out,True
2026-07-28 01:38:33.020,car_ID_852,car,out,True
2026-07-28 01:38:33.577,car_ID_856,car,out,True
2026-07-28 01:38:34.180,car_ID_846,car,in,True
2026-07-28 01:38:34.176,car_ID_861,car,out,True
2026-07-28 01:38:34.345,truck_ID_396,truck,in,True
2026-07-28 01:38:34.843,car_ID_850,car,in,True
2026-07-28 01:38:35.144,car_ID_851,car,in,True
2026-07-28 01:38:35.911,car_ID_857,car,in,True
2026-07-28 01:38:36.111,car_ID_862,car,out,True
2026-07-28 01:38:36.643,car_ID_864,car,out,True
2026-07-28 01:38:36.809,car_ID_865,car,out,True
2026-07-28 01:38:37.843,car_ID_874,car,out,True
2026-07-28 01:38:37.911,car_ID_872,car,out,True
2026-07-28 01:38:38.781,car_ID_859,car,in,True
2026-07-28 01:38:39.009,car_ID_867,car,in,True
2026-07-28 01:38:39.378,car_ID_875,car,out,True
2026-07-28 01:38:39.781,car_ID_863,car,in,True
2026-07-28 01:38:40.912,car_ID_870,car,in,True
2026-07-28 01:38:40.941,car_ID_881,car,out,True
2026-07-28 01:38:41.210,car_ID_873,car,in,True
2026-07-28 01:38:41.279,truck_ID_408,truck,in,True
2026-07-28 01:38:41.711,truck_ID_406,truck,out,True
2026-07-28 01:38:41.847,car_ID_882,car,out,True
2026-07-28 01:38:42.709,car_ID_884,car,out,True
2026-07-28 01:38:43.042,car_ID_878,car,in,True
2026-07-28 01:38:43.110,car_ID_883,car,out,True
2026-07-28 01:38:43.744,car_ID_880,car,in,True
2026-07-28 01:38:44.045,car_ID_887,car,out,True
2026-07-28 01:38:44.109,car_ID_885,car,in,True
2026-07-28 01:38:44.177,truck_ID_411,truck,out,True
2026-07-28 01:38:44.711,car_ID_893,car,out,True
2026-07-28 01:38:45.245,car_ID_886,car,in,True
2026-07-28 01:38:45.777,car_ID_894,car,out,True
2026-07-28 01:38:46.512,car_ID_889,car,in,True
2026-07-28 01:38:46.512,car_ID_890,car,in,True
2026-07-28 01:38:46.744,car_ID_895,car,in,True
2026-07-28 01:38:46.844,car_ID_903,car,out,True
2026-07-28 01:38:47.111,car_ID_902,car,out,True
2026-07-28 01:38:47.276,car_ID_911,car,out,True
2026-07-28 01:38:47.309,car_ID_896,car,out,True
2026-07-28 01:38:47.810,truck_ID_415,truck,out,True
2026-07-28 01:38:48.411,car_ID_905,car,out,True
2026-07-28 01:38:48.579,car_ID_900,car,in,True
2026-07-28 01:38:48.576,car_ID_901,car,in,True
2026-07-28 01:38:48.979,car_ID_898,car,in,True
2026-07-28 01:38:49.245,car_ID_907,car,out,True
2026-07-28 01:38:49.443,truck_ID_420,truck,out,True
2026-07-28 01:38:49.546,truck_ID_414,truck,out,True
2026-07-28 01:38:49.783,car_ID_904,car,in,True
2026-07-28 01:38:49.946,car_ID_918,car,out,True
2026-07-28 01:38:50.209,car_ID_912,car,out,True
2026-07-28 01:38:50.910,car_ID_906,car,in,True
2026-07-28 01:38:50.910,car_ID_909,car,in,True
2026-07-28 01:38:51.010,car_ID_919,car,out,True
2026-07-28 01:38:51.242,truck_ID_422,truck,in,True
2026-07-28 01:38:51.344,car_ID_920,car,out,True
2026-07-28 01:38:51.375,car_ID_910,car,in,True
2026-07-28 01:38:51.609,car_ID_921,car,out,True
2026-07-28 01:38:52.110,car_ID_917,car,out,True
2026-07-28 01:38:52.245,truck_ID_424,truck,out,True
2026-07-28 01:38:52.346,car_ID_926,car,out,True
2026-07-28 01:38:52.408,car_ID_913,car,in,True
2026-07-28 01:38:52.712,car_ID_929,car,out,True
2026-07-28 01:38:53.244,car_ID_925,car,out,True
2026-07-28 01:38:53.515,car_ID_927,car,out,True
2026-07-28 01:38:54.243,car_ID_934,car,out,True
2026-07-28 01:38:54.575,car_ID_924,car,in,True
2026-07-28 01:38:55.143,car_ID_935,car,out,True
2026-07-28 01:38:55.246,car_ID_916,car,in,True
2026-07-28 01:38:55.345,car_ID_915,car,in,True
2026-07-28 01:38:55.443,car_ID_931,car,in,True
2026-07-28 01:38:55.545,car_ID_922,car,in,True
2026-07-28 01:38:56.209,car_ID_928,car,in,True
2026-07-28 01:38:56.379,car_ID_930,car,in,True
2026-07-28 01:38:56.745,car_ID_937,car,out,True
2026-07-28 01:38:56.976,truck_ID_429,truck,out,True
2026-07-28 01:38:57.445,car_ID_939,car,out,True
2026-07-28 01:38:57.543,truck_ID_423,truck,in,True
2026-07-28 01:38:57.543,car_ID_938,car,out,True
2026-07-28 01:38:57.709,truck_ID_430,truck,in,True
2026-07-28 01:38:58.247,car_ID_949,car,out,True
2026-07-28 01:38:58.943,car_ID_940,car,in,True
2026-07-28 01:38:59.843,car_ID_948,car,out,True
2026-07-28 01:39:00.409,truck_ID_432,truck,out,True
2026-07-28 01:39:00.910,car_ID_946,car,in,True
2026-07-28 01:39:01.042,car_ID_953,car,out,True
2026-07-28 01:39:01.178,car_ID_952,car,in,True
2026-07-28 01:39:01.311,car_ID_945,car,in,True
2026-07-28 01:39:01.410,car_ID_947,car,in,True
2026-07-28 01:39:01.543,truck_ID_434,truck,out,True
2026-07-28 01:39:02.210,car_ID_954,car,out,True
2026-07-28 01:39:02.346,car_ID_958,car,out,True
2026-07-28 01:39:02.609,car_ID_959,car,out,True
2026-07-28 01:39:02.713,car_ID_951,car,in,True
2026-07-28 01:39:02.945,car_ID_950,car,in,True
2026-07-28 01:39:03.209,car_ID_961,car,out,True
2026-07-28 01:39:04.513,car_ID_955,car,in,True
2026-07-28 01:39:05.309,car_ID_960,car,in,True
2026-07-28 01:39:05.544,car_ID_968,car,out,True
2026-07-28 01:39:06.344,car_ID_965,car,in,True
2026-07-28 01:39:06.544,car_ID_963,car,in,True
2026-07-28 01:39:06.578,car_ID_962,car,in,True
2026-07-28 01:39:07.345,truck_ID_441,truck,out,True
2026-07-28 01:39:07.346,car_ID_967,car,in,True
2026-07-28 01:39:07.443,car_ID_972,car,out,True
2026-07-28 01:39:07.579,car_ID_973,car,out,True
2026-07-28 01:39:07.944,truck_ID_440,truck,out,True
2026-07-28 01:39:08.009,car_ID_969,car,in,True
2026-07-28 01:39:08.944,car_ID_976,car,out,True
2026-07-28 01:39:09.110,car_ID_974,car,out,True
2026-07-28 01:39:09.176,car_ID_975,car,in,True
2026-07-28 01:39:09.609,car_ID_971,car,in,True
2026-07-28 01:39:09.745,car_ID_977,car,out,True
2026-07-28 01:39:10.210,car_ID_970,car,in,True
2026-07-28 01:39:10.409,car_ID_982,car,out,True
2026-07-28 01:39:11.508,car_ID_986,car,out,True
2026-07-28 01:39:11.575,car_ID_988,car,out,True
2026-07-28 01:39:11.809,car_ID_979,car,in,True
2026-07-28 01:39:12.376,bus_ID_173,bus,in,True
2026-07-28 01:39:12.479,bus_ID_174,bus,in,True
2026-07-28 01:39:12.712,car_ID_980,car,in,True
2026-07-28 01:39:12.745,car_ID_991,car,out,True
2026-07-28 01:39:12.745,car_ID_992,car,in,True
2026-07-28 01:39:12.745,car_ID_994,car,out,True
2026-07-28 01:39:13.376,car_ID_999,car,out,True
2026-07-28 01:39:13.511,car_ID_984,car,in,True
2026-07-28 01:39:13.745,car_ID_993,car,in,True
2026-07-28 01:39:13.775,car_ID_997,car,out,True
2026-07-28 01:39:13.976,car_ID_998,car,out,True
2026-07-28 01:39:14.377,car_ID_989,car,in,True
2026-07-28 01:39:14.580,truck_ID_437,truck,in,True
2026-07-28 01:39:15.376,car_ID_1001,car,out,True
2026-07-28 01:39:16.577,car_ID_1005,car,out,True
2026-07-28 01:39:16.774,car_ID_1007,car,out,True
2026-07-28 01:39:16.977,car_ID_995,car,in,True
2026-07-28 01:39:17.609,car_ID_1006,car,in,True
2026-07-28 01:39:17.643,car_ID_1000,car,in,True
2026-07-28 01:39:17.944,truck_ID_446,truck,in,True
2026-07-28 01:39:18.708,truck_ID_460,truck,in,True
2026-07-28 01:39:18.708,car_ID_1014,car,in,True
2026-07-28 01:39:19.143,car_ID_1011,car,out,True
2026-07-28 01:39:19.209,bus_ID_182,bus,in,True
2026-07-28 01:39:19.209,car_ID_1003,car,in,True
2026-07-28 01:39:20.174,car_ID_1015,car,out,True
2026-07-28 01:39:20.809,car_ID_1013,car,in,True
2026-07-28 01:39:20.946,car_ID_1010,car,in,True
2026-07-28 01:39:21.045,car_ID_1009,car,in,True
2026-07-28 01:39:21.645,car_ID_1028,car,out,True
2026-07-28 01:39:22.045,car_ID_1020,car,out,True
2026-07-28 01:39:23.008,car_ID_1027,car,out,True
2026-07-28 01:39:23.145,car_ID_1025,car,out,True
2026-07-28 01:39:23.909,car_ID_1017,car,in,True
2026-07-28 01:39:24.243,car_ID_1024,car,in,True
2026-07-28 01:39:24.444,car_ID_1023,car,in,True
2026-07-28 01:39:24.609,car_ID_1033,car,out,True
2026-07-28 01:39:25.010,car_ID_1038,car,out,True
2026-07-28 01:39:25.311,truck_ID_464,truck,in,True
2026-07-28 01:39:25.311,car_ID_1032,car,in,True
2026-07-28 01:39:26.113,car_ID_1039,car,out,True
2026-07-28 01:39:26.910,car_ID_1029,car,in,True
2026-07-28 01:39:26.977,car_ID_1031,car,in,True
2026-07-28 01:39:27.476,car_ID_1056,car,out,True
2026-07-28 01:39:27.742,car_ID_1043,car,out,True
2026-07-28 01:39:27.743,car_ID_1051,car,out,True
2026-07-28 01:39:28.008,truck_ID_475,truck,out,True
2026-07-28 01:39:28.709,bus_ID_183,bus,in,True
2026-07-28 01:39:29.240,car_ID_1042,car,in,True
2026-07-28 01:39:29.240,car_ID_1045,car,in,True
2026-07-28 01:39:29.346,car_ID_1048,car,out,True
2026-07-28 01:39:29.508,truck_ID_477,truck,in,True
2026-07-28 01:39:29.582,truck_ID_476,truck,in,True
2026-07-28 01:39:29.582,car_ID_1044,car,in,True
2026-07-28 01:39:30.309,car_ID_1055,car,out,True
2026-07-28 01:39:30.509,car_ID_1046,car,in,True
2026-07-28 01:39:30.546,car_ID_1052,car,in,True
2026-07-28 01:39:31.477,truck_ID_479,truck,in,True
2026-07-28 01:39:31.476,car_ID_1066,car,in,True
2026-07-28 01:39:31.542,car_ID_1047,car,in,True
2026-07-28 01:39:31.643,car_ID_1053,car,in,True
2026-07-28 01:39:31.977,truck_ID_480,truck,in,True
2026-07-28 01:39:32.112,car_ID_1061,car,out,True
2026-07-28 01:39:32.143,car_ID_1073,car,out,True
2026-07-28 01:39:32.609,truck_ID_484,truck,out,True
2026-07-28 01:39:32.711,truck_ID_486,truck,out,True
2026-07-28 01:39:32.744,car_ID_1072,car,out,True
2026-07-28 01:39:33.445,car_ID_1071,car,out,True
2026-07-28 01:39:33.745,car_ID_1054,car,in,True
2026-07-28 01:39:33.779,car_ID_1063,car,out,True
2026-07-28 01:39:34.112,car_ID_1067,car,out,True
2026-07-28 01:39:34.743,car_ID_1062,car,in,True
2026-07-28 01:39:35.045,car_ID_1064,car,in,True
2026-07-28 01:39:35.341,truck_ID_493,truck,out,True
2026-07-28 01:39:35.743,car_ID_1070,car,out,True
2026-07-28 01:39:35.843,car_ID_1074,car,out,True
2026-07-28 01:39:35.976,car_ID_1079,car,in,True
2026-07-28 01:39:36.311,bus_ID_185,bus,in,True
2026-07-28 01:39:36.310,truck_ID_485,truck,in,True
2026-07-28 01:39:36.375,bus_ID_190,bus,in,True
2026-07-28 01:39:36.575,car_ID_1080,car,out,True
2026-07-28 01:39:36.613,truck_ID_487,truck,out,True
2026-07-28 01:39:36.613,car_ID_1069,car,in,True
2026-07-28 01:39:36.843,car_ID_1083,car,in,True
2026-07-28 01:39:37.447,car_ID_1084,car,out,True
2026-07-28 01:39:37.846,car_ID_1091,car,out,True
2026-07-28 01:39:37.979,truck_ID_482,truck,in,True
2026-07-28 01:39:38.376,car_ID_1093,car,out,True
2026-07-28 01:39:38.444,car_ID_1092,car,out,True
2026-07-28 01:39:38.746,car_ID_1081,car,in,True
2026-07-28 01:39:39.141,truck_ID_495,truck,in,True
2026-07-28 01:39:39.544,car_ID_1095,car,out,True
2026-07-28 01:39:40.111,car_ID_1096,car,out,True
2026-07-28 01:39:40.145,car_ID_1077,car,in,True
2026-07-28 01:39:40.175,car_ID_1097,car,out,True
2026-07-28 01:39:40.908,car_ID_1090,car,in,True
2026-07-28 01:39:40.908,car_ID_1098,car,in,True
2026-07-28 01:39:41.073,truck_ID_504,truck,out,True
2026-07-28 01:39:41.245,car_ID_1101,car,in,True
2026-07-28 01:39:41.809,car_ID_1102,car,out,True
2026-07-28 01:39:42.379,car_ID_1099,car,in,True
2026-07-28 01:39:42.809,car_ID_1113,car,in,True
2026-07-28 01:39:42.875,bus_ID_193,bus,in,True
2026-07-28 01:39:43.242,bus_ID_194,bus,in,True
2026-07-28 01:39:43.444,car_ID_1106,car,out,True
2026-07-28 01:39:44.180,car_ID_1104,car,in,True
2026-07-28 01:39:44.179,car_ID_1105,car,in,True
2026-07-28 01:39:44.344,car_ID_1107,car,in,True
2026-07-28 01:39:44.609,car_ID_1118,car,out,True
2026-07-28 01:39:44.707,car_ID_1111,car,out,True
2026-07-28 01:39:44.745,truck_ID_505,truck,in,True
2026-07-28 01:39:46.145,car_ID_1115,car,out,True
2026-07-28 01:39:46.377,car_ID_1108,car,in,True
2026-07-28 01:39:47.176,car_ID_1116,car,in,True
2026-07-28 01:39:47.209,truck_ID_509,truck,out,True
2026-07-28 01:39:47.342,car_ID_1114,car,in,True
2026-07-28 01:39:47.478,truck_ID_520,truck,out,True
2026-07-28 01:39:47.478,car_ID_1125,car,out,True
2026-07-28 01:39:47.714,car_ID_1117,car,in,True
2026-07-28 01:39:48.109,car_ID_1128,car,out,True
2026-07-28 01:39:48.145,car_ID_1120,car,in,True
2026-07-28 01:39:48.446,car_ID_1126,car,in,True
2026-07-28 01:39:48.609,truck_ID_521,truck,out,True
2026-07-28 01:39:48.677,truck_ID_524,truck,out,True
2026-07-28 01:39:48.774,car_ID_1136,car,out,True
2026-07-28 01:39:48.980,car_ID_1121,car,in,True
2026-07-28 01:39:48.980,car_ID_1124,car,out,True
2026-07-28 01:39:49.178,car_ID_1132,car,out,True
2026-07-28 01:39:50.308,car_ID_1130,car,out,True
2026-07-28 01:39:50.379,car_ID_1127,car,in,True
2026-07-28 01:39:50.679,car_ID_1148,car,out,True
2026-07-28 01:39:50.975,truck_ID_528,truck,out,True
2026-07-28 01:39:51.045,car_ID_1133,car,out,True
2026-07-28 01:39:51.247,car_ID_1129,car,in,True
2026-07-28 01:39:51.377,car_ID_1138,car,out,True
2026-07-28 01:39:51.578,car_ID_1139,car,out,True
2026-07-28 01:39:51.975,car_ID_1131,car,in,True
2026-07-28 01:39:52.645,car_ID_1135,car,in,True
2026-07-28 01:39:52.776,car_ID_1140,car,in,True
2026-07-28 01:39:53.375,car_ID_1145,car,out,True
2026-07-28 01:39:53.780,car_ID_1137,car,in,True
2026-07-28 01:39:53.846,car_ID_1143,car,out,True
2026-07-28 01:39:53.909,car_ID_1149,car,out,True
2026-07-28 01:39:54.844,car_ID_1146,car,in,True
2026-07-28 01:39:54.911,car_ID_1142,car,in,True
2026-07-28 01:39:55.209,car_ID_1147,car,in,True
2026-07-28 01:39:55.342,car_ID_1144,car,in,True
2026-07-28 01:39:55.375,car_ID_1151,car,out,True
2026-07-28 01:39:56.379,car_ID_1150,car,in,True
2026-07-28 01:39:56.409,car_ID_1155,car,out,True
2026-07-28 01:39:56.644,car_ID_1153,car,in,True
2026-07-28 01:39:56.745,truck_ID_531,truck,in,True
2026-07-28 01:39:56.845,truck_ID_532,truck,in,True
2026-07-28 01:39:57.177,car_ID_1152,car,in,True
2026-07-28 01:39:57.244,car_ID_1158,car,out,True
2026-07-28 01:39:57.311,car_ID_1164,car,in,True
2026-07-28 01:39:57.409,car_ID_1156,car,out,True
2026-07-28 01:39:57.843,car_ID_1159,car,out,True
2026-07-28 01:39:58.146,motorcycle_ID_17,motorcycle,in,True
2026-07-28 01:39:58.312,car_ID_1157,car,in,True
2026-07-28 01:39:58.542,car_ID_1154,car,in,True
2026-07-28 01:39:59.042,car_ID_1165,car,out,True
2026-07-28 01:39:59.143,car_ID_1160,car,in,True
2026-07-28 01:39:59.543,car_ID_1161,car,in,True
2026-07-28 01:39:59.976,car_ID_1170,car,out,True
2026-07-28 01:40:00.444,car_ID_1162,car,in,True
2026-07-28 01:40:00.743,car_ID_1172,car,out,True
2026-07-28 01:40:00.808,car_ID_1166,car,in,True
2026-07-28 01:40:01.209,car_ID_1163,car,in,True
2026-07-28 01:40:01.513,car_ID_1169,car,out,True
2026-07-28 01:40:01.810,car_ID_1174,car,out,True
2026-07-28 01:40:02.144,car_ID_1168,car,in,True
2026-07-28 01:40:02.211,car_ID_1173,car,in,True
2026-07-28 01:40:02.643,car_ID_1178,car,out,True
2026-07-28 01:40:02.711,car_ID_1179,car,out,True
2026-07-28 01:40:03.246,car_ID_1176,car,in,True
2026-07-28 01:40:04.047,car_ID_1175,car,in,True
2026-07-28 01:40:04.112,car_ID_1184,car,out,True
2026-07-28 01:40:04.611,car_ID_1187,car,out,True
2026-07-28 01:40:04.946,car_ID_1182,car,out,True
2026-07-28 01:40:04.980,car_ID_1177,car,in,True
2026-07-28 01:40:05.243,car_ID_1188,car,out,True
2026-07-28 01:40:05.712,car_ID_1191,car,out,True
2026-07-28 01:40:05.944,car_ID_1181,car,in,True
2026-07-28 01:40:06.307,truck_ID_546,truck,out,True
2026-07-28 01:40:06.306,car_ID_1194,car,out,True
2026-07-28 01:40:06.744,car_ID_1180,car,in,True
2026-07-28 01:40:06.779,car_ID_1192,car,out,True
2026-07-28 01:40:06.843,truck_ID_545,truck,out,True
2026-07-28 01:40:07.210,car_ID_1204,car,out,True
2026-07-28 01:40:07.748,car_ID_1185,car,in,True
2026-07-28 01:40:07.809,car_ID_1199,car,out,True
2026-07-28 01:40:07.879,truck_ID_549,truck,in,True
2026-07-28 01:40:07.911,car_ID_1186,car,in,True
2026-07-28 01:40:08.112,car_ID_1196,car,in,True
2026-07-28 01:40:08.175,truck_ID_547,truck,in,True
2026-07-28 01:40:08.610,car_ID_1193,car,in,True
2026-07-28 01:40:08.710,car_ID_1190,car,in,True
2026-07-28 01:40:09.545,car_ID_1207,car,out,True
2026-07-28 01:40:09.610,car_ID_1198,car,in,True
2026-07-28 01:40:10.379,car_ID_1211,car,out,True
2026-07-28 01:40:10.410,car_ID_1206,car,out,True
2026-07-28 01:40:10.512,car_ID_1208,car,out,True
2026-07-28 01:40:10.776,car_ID_1209,car,out,True
2026-07-28 01:40:11.011,car_ID_1203,car,in,True
2026-07-28 01:40:11.509,truck_ID_548,truck,in,True
2026-07-28 01:40:11.710,car_ID_1212,car,out,True
2026-07-28 01:40:12.010,car_ID_1213,car,out,True
2026-07-28 01:40:12.709,car_ID_1215,car,out,True
2026-07-28 01:40:12.942,car_ID_1210,car,in,True
2026-07-28 01:40:13.147,car_ID_1214,car,in,True
2026-07-28 01:40:13.444,car_ID_1216,car,in,True
2026-07-28 01:40:13.609,car_ID_1218,car,out,True
2026-07-28 01:40:13.810,car_ID_1219,car,out,True
2026-07-28 01:40:14.308,car_ID_1220,car,in,True
2026-07-28 01:40:14.609,car_ID_1221,car,out,True
2026-07-28 01:40:15.512,car_ID_1228,car,out,True
2026-07-28 01:40:15.778,car_ID_1226,car,out,True
2026-07-28 01:40:16.312,car_ID_1217,car,in,True
2026-07-28 01:40:16.745,car_ID_1222,car,in,True
2026-07-28 01:40:16.745,car_ID_1231,car,out,True
2026-07-28 01:40:17.043,car_ID_1224,car,in,True
2026-07-28 01:40:17.841,car_ID_1233,car,out,True
2026-07-28 01:40:17.977,truck_ID_554,truck,in,True
2026-07-28 01:40:18.409,car_ID_1229,car,in,True
2026-07-28 01:40:18.509,car_ID_1232,car,in,True
2026-07-28 01:40:18.812,car_ID_1234,car,out,True
2026-07-28 01:40:19.579,car_ID_1236,car,out,True
2026-07-28 01:40:20.010,car_ID_1242,car,out,True
2026-07-28 01:40:20.246,car_ID_1230,car,in,True
2026-07-28 01:40:20.314,car_ID_1240,car,out,True
2026-07-28 01:40:20.744,truck_ID_564,truck,in,True
2026-07-28 01:40:20.746,car_ID_1235,car,in,True
2026-07-28 01:40:20.746,car_ID_1237,car,in,True
2026-07-28 01:40:20.943,car_ID_1252,car,out,True
2026-07-28 01:40:21.042,truck_ID_561,truck,out,True
2026-07-28 01:40:21.146,car_ID_1241,car,out,True
2026-07-28 01:40:21.512,car_ID_1248,car,out,True
2026-07-28 01:40:21.743,truck_ID_558,truck,in,True
2026-07-28 01:40:21.810,car_ID_1239,car,in,True
2026-07-28 01:40:21.979,car_ID_1249,car,out,True
2026-07-28 01:40:22.147,car_ID_1247,car,out,True
2026-07-28 01:40:22.245,car_ID_1243,car,in,True
2026-07-28 01:40:23.011,car_ID_1250,car,out,True
2026-07-28 01:40:23.044,car_ID_1246,car,in,True
2026-07-28 01:40:23.444,car_ID_1245,car,in,True
2026-07-28 01:40:23.642,truck_ID_570,truck,out,True
2026-07-28 01:40:23.677,truck_ID_571,truck,out,True
2026-07-28 01:40:24.143,car_ID_1256,car,out,True
2026-07-28 01:40:24.311,car_ID_1254,car,in,True
2026-07-28 01:40:24.342,car_ID_1251,car,in,True
2026-07-28 01:40:24.342,car_ID_1257,car,out,True
2026-07-28 01:40:24.577,car_ID_1255,car,in,True
2026-07-28 01:40:24.576,car_ID_1268,car,out,True
2026-07-28 01:40:24.975,truck_ID_572,truck,in,True
2026-07-28 01:40:25.410,car_ID_1259,car,in,True
2026-07-28 01:40:25.508,car_ID_1264,car,out,True
2026-07-28 01:40:25.508,car_ID_1267,car,out,True
2026-07-28 01:40:25.974,truck_ID_569,truck,out,True
2026-07-28 01:40:26.379,car_ID_1266,car,out,True
2026-07-28 01:40:26.714,car_ID_1276,car,out,True
2026-07-28 01:40:27.009,car_ID_1263,car,in,True
2026-07-28 01:40:27.110,car_ID_1265,car,in,True
2026-07-28 01:40:27.208,car_ID_1258,car,in,True
2026-07-28 01:40:27.375,car_ID_1262,car,in,True
2026-07-28 01:40:28.112,car_ID_1282,car,out,True
2026-07-28 01:40:28.145,car_ID_1281,car,out,True
2026-07-28 01:40:28.174,car_ID_1278,car,out,True
2026-07-28 01:40:29.011,car_ID_1283,car,out,True
2026-07-28 01:40:29.444,car_ID_1284,car,out,True
2026-07-28 01:40:29.444,car_ID_1286,car,out,True
2026-07-28 01:40:30.442,car_ID_1269,car,in,True
2026-07-28 01:40:31.176,car_ID_1288,car,out,True
2026-07-28 01:40:31.310,car_ID_1277,car,in,True
2026-07-28 01:40:31.377,car_ID_1287,car,in,True
2026-07-28 01:40:32.144,car_ID_1295,car,out,True
2026-07-28 01:40:32.445,car_ID_1274,car,in,True
2026-07-28 01:40:32.478,bus_ID_216,bus,in,True
2026-07-28 01:40:32.477,truck_ID_581,truck,in,True
2026-07-28 01:40:32.577,truck_ID_578,truck,in,True
2026-07-28 01:40:32.679,truck_ID_583,truck,out,True
2026-07-28 01:40:32.977,bus_ID_217,bus,in,True
2026-07-28 01:40:33.211,car_ID_1280,car,in,True
2026-07-28 01:40:34.046,car_ID_1289,car,in,True
2026-07-28 01:40:34.046,car_ID_1293,car,out,True
2026-07-28 01:40:34.212,car_ID_1294,car,in,True
2026-07-28 01:40:34.543,car_ID_1305,car,in,True
2026-07-28 01:40:34.610,car_ID_1291,car,in,True
2026-07-28 01:40:34.610,car_ID_1296,car,out,True
2026-07-28 01:40:34.813,car_ID_1300,car,out,True
2026-07-28 01:40:34.877,truck_ID_592,truck,out,True
2026-07-28 01:40:35.044,truck_ID_582,truck,in,True
2026-07-28 01:40:35.342,car_ID_1302,car,out,True
2026-07-28 01:40:35.409,truck_ID_585,truck,in,True
2026-07-28 01:40:35.842,truck_ID_589,truck,in,True
2026-07-28 01:40:35.909,car_ID_1303,car,out,True
2026-07-28 01:40:35.909,car_ID_1313,car,out,True
2026-07-28 01:40:36.179,car_ID_1301,car,out,True
2026-07-28 01:40:37.744,car_ID_1298,car,in,True
2026-07-28 01:40:37.810,truck_ID_580,truck,in,True
2026-07-28 01:40:38.045,car_ID_1309,car,in,True
2026-07-28 01:40:39.075,truck_ID_598,truck,in,True
2026-07-28 01:40:39.144,car_ID_1322,car,in,True
2026-07-28 01:40:39.176,car_ID_1315,car,out,True
2026-07-28 01:40:39.209,car_ID_1308,car,in,True
2026-07-28 01:40:39.377,car_ID_1314,car,in,True
2026-07-28 01:40:39.713,truck_ID_597,truck,in,True
2026-07-28 01:40:39.846,car_ID_1307,car,in,True
2026-07-28 01:40:40.179,car_ID_1312,car,in,True
2026-07-28 01:40:40.210,car_ID_1317,car,out,True
2026-07-28 01:40:41.009,car_ID_1319,car,out,True
2026-07-28 01:40:41.046,car_ID_1318,car,in,True
2026-07-28 01:40:41.377,truck_ID_602,truck,in,True
2026-07-28 01:40:41.844,car_ID_1325,car,out,True
2026-07-28 01:40:42.043,car_ID_1329,car,in,True
2026-07-28 01:40:42.244,car_ID_1321,car,in,True
2026-07-28 01:40:42.241,car_ID_1326,car,out,True
2026-07-28 01:40:42.744,car_ID_1324,car,out,True
2026-07-28 01:40:42.809,truck_ID_606,truck,out,True
2026-07-28 01:40:42.846,truck_ID_601,truck,in,True
2026-07-28 01:40:43.342,car_ID_1327,car,in,True
2026-07-28 01:40:43.643,car_ID_1331,car,out,True
2026-07-28 01:40:43.907,car_ID_1332,car,out,True
2026-07-28 01:40:44.244,car_ID_1320,car,in,True
2026-07-28 01:40:44.908,car_ID_1334,car,out,True
2026-07-28 01:40:45.843,car_ID_1323,car,in,True
2026-07-28 01:40:46.178,car_ID_1339,car,out,True
2026-07-28 01:40:46.946,car_ID_1330,car,in,True
2026-07-28 01:40:47.176,car_ID_1336,car,out,True
2026-07-28 01:40:47.546,car_ID_1338,car,in,True
2026-07-28 01:40:47.744,car_ID_1342,car,out,True
2026-07-28 01:40:48.443,car_ID_1341,car,out,True
2026-07-28 01:40:48.545,truck_ID_613,truck,in,True
2026-07-28 01:40:48.710,truck_ID_615,truck,in,True
2026-07-28 01:40:48.944,truck_ID_611,truck,in,True
2026-07-28 01:40:49.045,car_ID_1344,car,out,True
2026-07-28 01:40:49.174,car_ID_1347,car,in,True
2026-07-28 01:40:49.545,truck_ID_603,truck,in,True
2026-07-28 01:40:50.179,car_ID_1335,car,in,True
2026-07-28 01:40:50.179,car_ID_1337,car,in,True
2026-07-28 01:40:50.409,car_ID_1340,car,in,True
2026-07-28 01:40:50.544,truck_ID_622,truck,in,True
2026-07-28 01:40:51.778,car_ID_1361,car,out,True
2026-07-28 01:40:52.143,car_ID_1343,car,in,True
2026-07-28 01:40:52.545,car_ID_1352,car,out,True
2026-07-28 01:40:53.576,car_ID_1346,car,in,True
2026-07-28 01:40:53.910,car_ID_1345,car,in,True
2026-07-28 01:40:54.378,car_ID_1354,car,in,True
2026-07-28 01:40:54.409,car_ID_1359,car,out,True
2026-07-28 01:40:54.809,car_ID_1363,car,out,True
2026-07-28 01:40:55.175,truck_ID_627,truck,in,True
2026-07-28 01:40:55.310,car_ID_1356,car,in,True
2026-07-28 01:40:55.380,truck_ID_630,truck,in,True
2026-07-28 01:40:55.846,car_ID_1370,car,in,True
2026-07-28 01:40:55.978,car_ID_1365,car,out,True
2026-07-28 01:40:56.009,car_ID_1350,car,in,True
2026-07-28 01:40:56.409,car_ID_1358,car,in,True
2026-07-28 01:40:57.144,car_ID_1362,car,in,True
2026-07-28 01:40:57.245,car_ID_1368,car,out,True
2026-07-28 01:40:57.442,car_ID_1360,car,in,True
2026-07-28 01:40:57.579,car_ID_1373,car,out,True
2026-07-28 01:40:58.245,car_ID_1367,car,in,True
2026-07-28 01:40:58.246,car_ID_1375,car,in,True
2026-07-28 01:40:58.445,truck_ID_633,truck,out,True
2026-07-28 01:40:59.446,car_ID_1364,car,in,True
2026-07-28 01:41:00.041,car_ID_1380,car,out,True
2026-07-28 01:41:00.043,car_ID_1385,car,out,True
2026-07-28 01:41:01.177,truck_ID_631,truck,out,True
2026-07-28 01:41:01.210,car_ID_1381,car,out,True
2026-07-28 01:41:01.913,car_ID_1384,car,out,True
2026-07-28 01:41:02.010,car_ID_1374,car,in,True
2026-07-28 01:41:02.510,truck_ID_639,truck,in,True
2026-07-28 01:41:02.511,car_ID_1369,car,in,True
2026-07-28 01:41:02.846,car_ID_1377,car,in,True
2026-07-28 01:41:02.976,car_ID_1387,car,out,True
2026-07-28 01:41:03.043,car_ID_1382,car,in,True
2026-07-28 01:41:03.310,car_ID_1378,car,in,True
2026-07-28 01:41:04.307,car_ID_1390,car,out,True
2026-07-28 01:41:05.543,truck_ID_638,truck,out,True
2026-07-28 01:41:05.777,car_ID_1393,car,out,True
2026-07-28 01:41:05.843,car_ID_1386,car,in,True
2026-07-28 01:41:06.609,car_ID_1383,car,in,True
2026-07-28 01:41:06.712,truck_ID_646,truck,in,True
2026-07-28 01:41:07.043,car_ID_1396,car,out,True
2026-07-28 01:41:07.176,car_ID_1407,car,in,True
2026-07-28 01:41:07.576,car_ID_1388,car,in,True
2026-07-28 01:41:07.609,car_ID_1391,car,in,True
2026-07-28 01:41:07.643,car_ID_1398,car,out,True
2026-07-28 01:41:08.209,car_ID_1402,car,out,True
2026-07-28 01:41:08.378,car_ID_1403,car,out,True
2026-07-28 01:41:09.179,car_ID_1408,car,out,True
2026-07-28 01:41:09.775,car_ID_1404,car,out,True
2026-07-28 01:41:09.809,car_ID_1392,car,in,True
2026-07-28 01:41:10.177,car_ID_1400,car,in,True
2026-07-28 01:41:10.544,car_ID_1399,car,in,True
2026-07-28 01:41:11.210,car_ID_1397,car,in,True
2026-07-28 01:41:11.210,car_ID_1409,car,out,True
2026-07-28 01:41:11.577,truck_ID_652,truck,in,True
2026-07-28 01:41:12.143,truck_ID_651,truck,in,True
2026-07-28 01:41:12.210,car_ID_1411,car,in,True
2026-07-28 01:41:12.578,car_ID_1406,car,in,True
2026-07-28 01:41:12.644,car_ID_1405,car,in,True
2026-07-28 01:41:12.947,car_ID_1413,car,out,True
2026-07-28 01:41:13.309,car_ID_1415,car,out,True
2026-07-28 01:41:13.377,car_ID_1419,car,in,True
2026-07-28 01:41:13.448,car_ID_1416,car,in,True
2026-07-28 01:41:14.009,car_ID_1417,car,out,True
2026-07-28 01:41:14.110,car_ID_1420,car,out,True
2026-07-28 01:41:14.246,car_ID_1410,car,in,True
2026-07-28 01:41:14.309,truck_ID_650,truck,in,True
2026-07-28 01:41:15.112,car_ID_1423,car,out,True
2026-07-28 01:41:15.511,car_ID_1421,car,out,True
2026-07-28 01:41:16.443,car_ID_1412,car,in,True
2026-07-28 01:41:16.608,car_ID_1424,car,out,True
2026-07-28 01:41:16.842,car_ID_1425,car,out,True
2026-07-28 01:41:17.609,car_ID_1431,car,out,True
2026-07-28 01:41:18.243,car_ID_1418,car,in,True
2026-07-28 01:41:18.642,car_ID_1430,car,out,True
2026-07-28 01:41:18.976,truck_ID_658,truck,out,True
2026-07-28 01:41:19.310,bus_ID_253,bus,out,True
2026-07-28 01:41:19.312,car_ID_1422,car,in,True
2026-07-28 01:41:19.578,bus_ID_252,bus,out,True
2026-07-28 01:41:19.845,truck_ID_659,truck,out,True
2026-07-28 01:41:20.147,car_ID_1427,car,in,True
2026-07-28 01:41:20.409,truck_ID_654,truck,in,True
2026-07-28 01:41:20.409,car_ID_1447,car,out,True
2026-07-28 01:41:20.845,car_ID_1441,car,out,True
2026-07-28 01:41:21.077,bus_ID_251,bus,in,True
2026-07-28 01:41:21.174,car_ID_1428,car,in,True
2026-07-28 01:41:21.575,car_ID_1429,car,in,True
2026-07-28 01:41:22.113,car_ID_1446,car,out,True
2026-07-28 01:41:22.142,car_ID_1442,car,out,True
2026-07-28 01:41:22.342,car_ID_1437,car,in,True
2026-07-28 01:41:22.808,car_ID_1444,car,out,True
2026-07-28 01:41:24.944,car_ID_1449,car,out,True
2026-07-28 01:41:25.377,car_ID_1436,car,in,True
2026-07-28 01:41:25.407,truck_ID_674,truck,in,True
2026-07-28 01:41:25.511,truck_ID_670,truck,in,True
2026-07-28 01:41:25.644,car_ID_1439,car,in,True
2026-07-28 01:41:25.974,car_ID_1456,car,in,True
2026-07-28 01:41:26.241,car_ID_1440,car,in,True
2026-07-28 01:41:26.476,car_ID_1461,car,out,True
2026-07-28 01:41:26.711,truck_ID_678,truck,out,True
2026-07-28 01:41:26.973,truck_ID_679,truck,out,True
2026-07-28 01:41:28.475,truck_ID_681,truck,out,True
2026-07-28 01:41:28.611,car_ID_1451,car,in,True
2026-07-28 01:41:29.042,car_ID_1457,car,in,True
2026-07-28 01:41:29.344,car_ID_1453,car,out,True
2026-07-28 01:41:29.379,car_ID_1454,car,in,True
2026-07-28 01:41:29.911,truck_ID_666,truck,in,True
2026-07-28 01:41:30.208,truck_ID_668,truck,in,True
2026-07-28 01:41:30.741,car_ID_1467,car,out,True
2026-07-28 01:41:30.976,truck_ID_680,truck,in,True
2026-07-28 01:41:31.308,car_ID_1452,car,in,True
2026-07-28 01:41:31.577,car_ID_1468,car,out,True
2026-07-28 01:41:32.410,car_ID_1465,car,in,True
2026-07-28 01:41:33.146,car_ID_1469,car,in,True
2026-07-28 01:41:33.510,car_ID_1473,car,out,True
2026-07-28 01:41:33.711,car_ID_1475,car,out,True
2026-07-28 01:41:34.444,car_ID_1460,car,in,True
2026-07-28 01:41:34.977,car_ID_1466,car,in,True
2026-07-28 01:41:35.043,car_ID_1472,car,in,True
2026-07-28 01:41:35.645,car_ID_1480,car,out,True
2026-07-28 01:41:36.108,car_ID_1470,car,in,True
2026-07-28 01:41:36.310,car_ID_1482,car,out,True
2026-07-28 01:41:36.577,car_ID_1471,car,in,True
2026-07-28 01:41:36.645,car_ID_1477,car,in,True
2026-07-28 01:41:37.378,car_ID_1474,car,in,True
2026-07-28 01:41:37.513,car_ID_1490,car,out,True
2026-07-28 01:41:37.747,truck_ID_688,truck,out,True
2026-07-28 01:41:37.910,truck_ID_683,truck,out,True
2026-07-28 01:41:38.745,car_ID_1478,car,in,True
2026-07-28 01:41:38.911,car_ID_1481,car,in,True
2026-07-28 01:41:38.979,car_ID_1488,car,in,True
2026-07-28 01:41:39.377,car_ID_1485,car,in,True
2026-07-28 01:41:40.378,car_ID_1497,car,out,True
2026-07-28 01:41:41.043,truck_ID_695,truck,out,True
2026-07-28 01:41:41.044,car_ID_1493,car,in,True
2026-07-28 01:41:41.077,truck_ID_699,truck,out,True
2026-07-28 01:41:41.209,car_ID_1491,car,in,True
2026-07-28 01:41:41.209,car_ID_1495,car,in,True
2026-07-28 01:41:41.545,car_ID_1505,car,out,True
2026-07-28 01:41:41.745,car_ID_1516,car,out,True
2026-07-28 01:41:42.176,car_ID_1499,car,in,True
2026-07-28 01:41:42.376,car_ID_1496,car,in,True
2026-07-28 01:41:42.978,car_ID_1510,car,out,True
2026-07-28 01:41:43.045,car_ID_1509,car,out,True
2026-07-28 01:41:43.512,car_ID_1504,car,in,True
2026-07-28 01:41:43.845,car_ID_1512,car,out,True
2026-07-28 01:41:43.979,car_ID_1514,car,out,True
2026-07-28 01:41:45.714,car_ID_1506,car,in,True
2026-07-28 01:41:45.779,car_ID_1521,car,in,True
2026-07-28 01:41:46.180,car_ID_1515,car,in,True
2026-07-28 01:41:46.180,car_ID_1518,car,in,True
2026-07-28 01:41:46.345,car_ID_1513,car,in,True
2026-07-28 01:41:46.511,car_ID_1520,car,out,True
2026-07-28 01:41:46.947,truck_ID_705,truck,in,True
2026-07-28 01:41:47.178,car_ID_1531,car,in,True
2026-07-28 01:41:47.211,car_ID_1517,car,in,True
2026-07-28 01:41:47.713,car_ID_1528,car,out,True
2026-07-28 01:41:47.777,truck_ID_706,truck,in,True
2026-07-28 01:41:48.145,car_ID_1519,car,in,True
2026-07-28 01:41:48.311,car_ID_1529,car,out,True
2026-07-28 01:41:48.442,truck_ID_692,truck,in,True
2026-07-28 01:41:48.744,car_ID_1532,car,out,True
2026-07-28 01:41:49.410,car_ID_1535,car,out,True
2026-07-28 01:41:49.646,car_ID_1537,car,out,True
2026-07-28 01:41:49.745,car_ID_1523,car,in,True
2026-07-28 01:41:49.776,car_ID_1524,car,in,True
2026-07-28 01:41:50.210,car_ID_1526,car,in,True
2026-07-28 01:41:50.378,car_ID_1527,car,in,True
2026-07-28 01:41:50.679,car_ID_1544,car,out,True
2026-07-28 01:41:50.809,car_ID_1540,car,out,True
2026-07-28 01:41:51.108,truck_ID_714,truck,out,True
2026-07-28 01:41:51.108,car_ID_1534,car,in,True
2026-07-28 01:41:51.178,car_ID_1541,car,out,True
2026-07-28 01:41:51.540,truck_ID_712,truck,out,True
2026-07-28 01:41:51.778,car_ID_1546,car,out,True
2026-07-28 01:41:52.711,car_ID_1538,car,in,True
2026-07-28 01:41:53.546,car_ID_1550,car,out,True
2026-07-28 01:41:53.579,truck_ID_713,truck,out,True
2026-07-28 01:41:53.711,car_ID_1533,car,in,True
2026-07-28 01:41:54.577,car_ID_1536,car,in,True
2026-07-28 01:41:55.243,car_ID_1558,car,out,True
2026-07-28 01:41:55.343,car_ID_1564,car,in,True
2026-07-28 01:41:55.578,truck_ID_719,truck,in,True
2026-07-28 01:41:55.844,truck_ID_718,truck,in,True
2026-07-28 01:41:56.043,car_ID_1552,car,in,True
2026-07-28 01:41:56.209,car_ID_1545,car,in,True
2026-07-28 01:41:56.576,car_ID_1561,car,out,True
2026-07-28 01:41:56.743,car_ID_1562,car,out,True
2026-07-28 01:41:56.976,car_ID_1549,car,in,True
2026-07-28 01:41:57.209,car_ID_1560,car,in,True
2026-07-28 01:41:57.978,car_ID_1555,car,in,True
2026-07-28 01:41:58.113,car_ID_1557,car,in,True
2026-07-28 01:41:58.408,car_ID_1559,car,in,True
2026-07-28 01:41:58.975,car_ID_1563,car,in,True
2026-07-28 01:41:59.111,car_ID_1570,car,out,True
2026-07-28 01:42:00.180,car_ID_1573,car,out,True
2026-07-28 01:42:00.442,car_ID_1572,car,out,True
2026-07-28 01:42:00.609,car_ID_1574,car,out,True
2026-07-28 01:42:01.710,car_ID_1578,car,out,True
2026-07-28 01:42:02.144,car_ID_1571,car,in,True
2026-07-28 01:42:02.244,car_ID_1567,car,in,True
2026-07-28 01:42:02.410,car_ID_1580,car,out,True
2026-07-28 01:42:02.777,car_ID_1569,car,in,True
2026-07-28 01:42:04.142,car_ID_1586,car,out,True
2026-07-28 01:42:04.376,car_ID_1590,car,in,True
2026-07-28 01:42:04.712,car_ID_1575,car,in,True
2026-07-28 01:42:04.909,car_ID_1589,car,out,True
2026-07-28 01:42:05.043,truck_ID_727,truck,in,True
2026-07-28 01:42:05.409,car_ID_1576,car,in,True
2026-07-28 01:42:05.909,car_ID_1577,car,in,True
2026-07-28 01:42:06.045,car_ID_1579,car,in,True
2026-07-28 01:42:06.145,car_ID_1592,car,in,True
2026-07-28 01:42:06.644,truck_ID_726,truck,in,True
2026-07-28 01:42:07.313,car_ID_1581,car,in,True
2026-07-28 01:42:08.077,bus_ID_277,bus,in,True
2026-07-28 01:42:08.577,car_ID_1597,car,out,True
2026-07-28 01:42:08.642,car_ID_1588,car,in,True
2026-07-28 01:42:09.543,car_ID_1598,car,out,True
2026-07-28 01:42:11.177,car_ID_1609,car,out,True
2026-07-28 01:42:11.745,car_ID_1596,car,in,True
2026-07-28 01:42:11.943,car_ID_1591,car,in,True
2026-07-28 01:42:12.178,truck_ID_728,truck,in,True
2026-07-28 01:42:12.512,car_ID_1595,car,in,True
2026-07-28 01:42:12.976,car_ID_1611,car,out,True
2026-07-28 01:42:13.742,car_ID_1602,car,in,True
2026-07-28 01:42:13.742,car_ID_1603,car,in,True
2026-07-28 01:42:14.443,car_ID_1605,car,in,True
2026-07-28 01:42:14.509,car_ID_1614,car,out,True
2026-07-28 01:42:14.945,car_ID_1600,car,in,True
2026-07-28 01:42:15.345,car_ID_1617,car,out,True
2026-07-28 01:42:15.946,car_ID_1620,car,out,True
2026-07-28 01:42:16.009,car_ID_1619,car,in,True
2026-07-28 01:42:16.510,car_ID_1610,car,in,True
2026-07-28 01:42:16.644,truck_ID_739,truck,in,True
2026-07-28 01:42:16.676,truck_ID_740,truck,in,True
2026-07-28 01:42:16.977,car_ID_1604,car,in,True
2026-07-28 01:42:17.144,car_ID_1621,car,in,True
2026-07-28 01:42:17.210,car_ID_1608,car,in,True
2026-07-28 01:42:17.379,car_ID_1613,car,in,True
2026-07-28 01:42:19.311,car_ID_1623,car,in,True
2026-07-28 01:42:19.344,truck_ID_742,truck,in,True
2026-07-28 01:42:19.344,car_ID_1627,car,out,True
2026-07-28 01:42:19.343,car_ID_1630,car,in,True
2026-07-28 01:42:19.843,car_ID_1615,car,in,True
2026-07-28 01:42:19.978,truck_ID_743,truck,in,True
2026-07-28 01:42:20.241,car_ID_1616,car,in,True
2026-07-28 01:42:21.608,car_ID_1629,car,in,True
2026-07-28 01:42:22.111,car_ID_1637,car,out,True
2026-07-28 01:42:23.177,car_ID_1622,car,in,True
2026-07-28 01:42:23.346,truck_ID_748,truck,in,True
2026-07-28 01:42:23.346,car_ID_1644,car,in,True
2026-07-28 01:42:23.643,car_ID_1633,car,in,True
2026-07-28 01:42:24.246,car_ID_1639,car,out,True
2026-07-28 01:42:25.043,car_ID_1643,car,out,True
2026-07-28 01:42:25.446,car_ID_1632,car,in,True
2026-07-28 01:42:25.446,car_ID_1642,car,out,True
2026-07-28 01:42:25.545,car_ID_1636,car,in,True
2026-07-28 01:42:26.009,truck_ID_741,truck,in,True
2026-07-28 01:42:26.145,bus_ID_283,bus,in,True
2026-07-28 01:42:26.145,car_ID_1641,car,out,True
2026-07-28 01:42:26.178,bus_ID_284,bus,in,True
2026-07-28 01:42:26.409,truck_ID_755,truck,out,True
2026-07-28 01:42:26.408,car_ID_1649,car,out,True
2026-07-28 01:42:26.645,truck_ID_752,truck,in,True
2026-07-28 01:42:27.045,truck_ID_754,truck,out,True
2026-07-28 01:42:27.210,car_ID_1656,car,out,True
2026-07-28 01:42:27.380,car_ID_1640,car,in,True
2026-07-28 01:42:29.244,car_ID_1634,car,in,True
2026-07-28 01:42:29.308,truck_ID_758,truck,out,True
2026-07-28 01:42:29.844,bus_ID_292,bus,out,True
2026-07-28 01:42:29.977,truck_ID_763,truck,out,True
2026-07-28 01:42:30.380,car_ID_1648,car,in,True
2026-07-28 01:42:30.410,truck_ID_746,truck,in,True
2026-07-28 01:42:30.512,car_ID_1663,car,out,True
2026-07-28 01:42:31.078,car_ID_1661,car,out,True
2026-07-28 01:42:31.111,car_ID_1659,car,out,True
2026-07-28 01:42:31.378,car_ID_1662,car,out,True
2026-07-28 01:42:32.178,car_ID_1667,car,out,True
2026-07-28 01:42:32.211,truck_ID_750,truck,in,True
2026-07-28 01:42:32.643,truck_ID_756,truck,out,True
2026-07-28 01:42:32.974,car_ID_1664,car,out,True
2026-07-28 01:42:33.044,car_ID_1654,car,in,True
2026-07-28 01:42:33.345,car_ID_1660,car,in,True
2026-07-28 01:42:34.312,car_ID_1652,car,in,True
2026-07-28 01:42:34.312,car_ID_1668,car,out,True
2026-07-28 01:42:34.346,car_ID_1671,car,out,True
2026-07-28 01:42:34.509,truck_ID_772,truck,in,True
2026-07-28 01:42:34.510,car_ID_1666,car,in,True
2026-07-28 01:42:34.743,car_ID_1673,car,out,True
2026-07-28 01:42:34.843,car_ID_1658,car,in,True
2026-07-28 01:42:35.010,car_ID_1672,car,out,True
2026-07-28 01:42:35.010,car_ID_1681,car,in,True
2026-07-28 01:42:35.410,car_ID_1665,car,in,True
2026-07-28 01:42:35.976,car_ID_1680,car,out,True
2026-07-28 01:42:36.045,car_ID_1679,car,out,True
2026-07-28 01:42:36.410,car_ID_1674,car,in,True
2026-07-28 01:42:37.146,car_ID_1670,car,in,True
2026-07-28 01:42:37.410,car_ID_1685,car,out,True
2026-07-28 01:42:37.578,car_ID_1688,car,out,True
2026-07-28 01:42:37.610,truck_ID_779,truck,in,True
2026-07-28 01:42:37.810,car_ID_1684,car,out,True
2026-07-28 01:42:38.175,truck_ID_782,truck,in,True
2026-07-28 01:42:38.346,truck_ID_783,truck,in,True
2026-07-28 01:42:38.810,car_ID_1678,car,in,True
2026-07-28 01:42:38.809,car_ID_1700,car,in,True
2026-07-28 01:42:38.846,car_ID_1692,car,out,True
2026-07-28 01:42:38.943,car_ID_1691,car,out,True
2026-07-28 01:42:39.178,car_ID_1686,car,in,True
2026-07-28 01:42:39.514,car_ID_1675,car,in,True
2026-07-28 01:42:39.546,truck_ID_787,truck,in,True
2026-07-28 01:42:39.708,car_ID_1706,car,in,True
2026-07-28 01:42:39.780,car_ID_1683,car,in,True
2026-07-28 01:42:40.112,car_ID_1699,car,out,True
2026-07-28 01:42:40.209,truck_ID_786,truck,in,True
2026-07-28 01:42:40.378,car_ID_1698,car,out,True
2026-07-28 01:42:40.978,car_ID_1708,car,out,True
2026-07-28 01:42:41.045,car_ID_1690,car,in,True
2026-07-28 01:42:41.243,car_ID_1705,car,out,True
2026-07-28 01:42:41.407,car_ID_1712,car,out,True
2026-07-28 01:42:41.643,car_ID_1695,car,in,True
2026-07-28 01:42:42.474,truck_ID_781,truck,in,True
2026-07-28 01:42:42.545,car_ID_1704,car,in,True
2026-07-28 01:42:42.981,bus_ID_297,bus,in,True
2026-07-28 01:42:43.111,bus_ID_298,bus,in,True
2026-07-28 01:42:43.143,car_ID_1713,car,out,True
2026-07-28 01:42:44.345,car_ID_1715,car,out,True
2026-07-28 01:42:44.844,car_ID_1709,car,in,True
2026-07-28 01:42:45.976,car_ID_1722,car,out,True
2026-07-28 01:42:46.174,car_ID_1714,car,in,True
2026-07-28 01:42:46.314,car_ID_1710,car,in,True
2026-07-28 01:42:46.512,car_ID_1724,car,out,True
2026-07-28 01:42:47.642,car_ID_1716,car,in,True
2026-07-28 01:42:47.711,car_ID_1718,car,in,True
2026-07-28 01:42:48.177,car_ID_1725,car,out,True
2026-07-28 01:42:48.543,car_ID_1726,car,out,True
2026-07-28 01:42:48.942,car_ID_1720,car,in,True
2026-07-28 01:42:49.145,car_ID_1733,car,out,True
2026-07-28 01:42:49.244,car_ID_1723,car,in,True
2026-07-28 01:42:50.610,car_ID_1735,car,out,True
2026-07-28 01:42:50.909,car_ID_1736,car,out,True
2026-07-28 01:42:50.942,car_ID_1731,car,out,True
2026-07-28 01:42:51.109,car_ID_1738,car,out,True
2026-07-28 01:42:51.244,car_ID_1740,car,out,True
2026-07-28 01:42:51.412,car_ID_1721,car,in,True
2026-07-28 01:42:52.143,car_ID_1730,car,in,True
2026-07-28 01:42:52.208,car_ID_1734,car,in,True
2026-07-28 01:42:53.976,car_ID_1727,car,in,True
2026-07-28 01:42:55.712,car_ID_1737,car,in,True
2026-07-28 01:42:55.977,car_ID_1748,car,out,True
2026-07-28 01:42:56.046,car_ID_1745,car,out,True
2026-07-28 01:42:56.175,bus_ID_300,bus,in,True
2026-07-28 01:42:56.576,truck_ID_801,truck,in,True
2026-07-28 01:42:56.945,car_ID_1739,car,in,True
2026-07-28 01:42:57.509,car_ID_1743,car,in,True
2026-07-28 01:42:57.980,car_ID_1746,car,in,True
2026-07-28 01:42:58.409,car_ID_1757,car,out,True
2026-07-28 01:42:59.145,truck_ID_802,truck,in,True
2026-07-28 01:42:59.577,car_ID_1747,car,in,True
2026-07-28 01:42:59.782,car_ID_1759,car,out,True
2026-07-28 01:43:01.444,car_ID_1765,car,out,True
2026-07-28 01:43:01.810,car_ID_1758,car,in,True
2026-07-28 01:43:01.845,car_ID_1753,car,in,True
2026-07-28 01:43:02.113,truck_ID_808,truck,out,True
2026-07-28 01:43:02.777,car_ID_1766,car,out,True
2026-07-28 01:43:02.980,car_ID_1769,car,out,True
2026-07-28 01:43:03.345,car_ID_1762,car,in,True
2026-07-28 01:43:03.845,car_ID_1760,car,in,True
2026-07-28 01:43:03.946,car_ID_1761,car,in,True
2026-07-28 01:43:04.546,car_ID_1771,car,out,True
2026-07-28 01:43:04.847,car_ID_1774,car,out,True
2026-07-28 01:43:05.210,truck_ID_816,truck,out,True
2026-07-28 01:43:05.241,truck_ID_822,truck,in,True
2026-07-28 01:43:05.312,car_ID_1764,car,in,True
2026-07-28 01:43:05.842,truck_ID_830,truck,out,True
2026-07-28 01:43:05.844,car_ID_1770,car,in,True
2026-07-28 01:43:05.979,car_ID_1767,car,in,True
2026-07-28 01:43:06.009,car_ID_1777,car,out,True
2026-07-28 01:43:06.074,car_ID_1776,car,out,True
2026-07-28 01:43:06.246,truck_ID_829,truck,out,True
2026-07-28 01:43:06.347,car_ID_1781,car,out,True
2026-07-28 01:43:06.410,car_ID_1768,car,in,True
2026-07-28 01:43:06.410,car_ID_1792,car,out,True
2026-07-28 01:43:06.610,truck_ID_821,truck,out,True
2026-07-28 01:43:06.745,car_ID_1791,car,out,True
2026-07-28 01:43:07.446,car_ID_1782,car,out,True
2026-07-28 01:43:07.809,truck_ID_823,truck,out,True
2026-07-28 01:43:07.945,car_ID_1783,car,out,True
2026-07-28 01:43:08.409,car_ID_1772,car,in,True
2026-07-28 01:43:08.847,car_ID_1790,car,out,True
2026-07-28 01:43:09.346,car_ID_1787,car,out,True
2026-07-28 01:43:09.443,car_ID_1773,car,in,True
2026-07-28 01:43:09.946,car_ID_1778,car,in,True
2026-07-28 01:43:09.975,car_ID_1794,car,out,True
2026-07-28 01:43:10.049,car_ID_1797,car,out,True
2026-07-28 01:43:10.844,car_ID_1779,car,in,True
2026-07-28 01:43:10.844,car_ID_1807,car,out,True
2026-07-28 01:43:11.010,car_ID_1789,car,in,True
2026-07-28 01:43:11.512,truck_ID_837,truck,out,True
2026-07-28 01:43:11.641,car_ID_1805,car,out,True
2026-07-28 01:43:11.845,car_ID_1795,car,in,True
2026-07-28 01:43:12.179,car_ID_1801,car,out,True
2026-07-28 01:43:12.746,car_ID_1808,car,out,True
2026-07-28 01:43:13.146,car_ID_1793,car,in,True
2026-07-28 01:43:13.746,car_ID_1803,car,in,True
2026-07-28 01:43:13.946,car_ID_1812,car,out,True
2026-07-28 01:43:14.045,truck_ID_824,truck,in,True
2026-07-28 01:43:14.045,car_ID_1800,car,in,True
2026-07-28 01:43:14.044,car_ID_1816,car,out,True
2026-07-28 01:43:14.207,car_ID_1804,car,in,True
2026-07-28 01:43:14.208,car_ID_1813,car,in,True
2026-07-28 01:43:15.409,car_ID_1817,car,out,True
2026-07-28 01:43:15.510,car_ID_1821,car,out,True
2026-07-28 01:43:16.008,car_ID_1818,car,out,True
2026-07-28 01:43:16.241,car_ID_1825,car,out,True
2026-07-28 01:43:16.510,car_ID_1830,car,out,True
2026-07-28 01:43:16.979,truck_ID_846,truck,out,True
2026-07-28 01:43:17.010,truck_ID_847,truck,out,True
2026-07-28 01:43:17.712,car_ID_1823,car,out,True
2026-07-28 01:43:17.744,car_ID_1829,car,out,True
2026-07-28 01:43:18.409,car_ID_1820,car,in,True
2026-07-28 01:43:18.608,car_ID_1815,car,in,True
2026-07-28 01:43:18.648,car_ID_1822,car,in,True
2026-07-28 01:43:18.712,car_ID_1814,car,in,True
2026-07-28 01:43:19.244,truck_ID_849,truck,in,True
2026-07-28 01:43:19.544,car_ID_1824,car,in,True
2026-07-28 01:43:19.578,car_ID_1827,car,in,True
2026-07-28 01:43:19.745,truck_ID_848,truck,in,True
2026-07-28 01:43:19.810,car_ID_1833,car,out,True
2026-07-28 01:43:19.843,car_ID_1826,car,in,True
2026-07-28 01:43:20.144,bus_ID_323,bus,in,True
2026-07-28 01:43:20.308,bus_ID_322,bus,in,True
2026-07-28 01:43:20.449,car_ID_1834,car,out,True
2026-07-28 01:43:20.576,car_ID_1836,car,out,True
2026-07-28 01:43:21.212,car_ID_1837,car,out,True
2026-07-28 01:43:21.442,truck_ID_851,truck,out,True
2026-07-28 01:43:21.579,car_ID_1838,car,out,True
2026-07-28 01:43:22.115,truck_ID_850,truck,out,True
2026-07-28 01:43:22.244,car_ID_1842,car,out,True
2026-07-28 01:43:22.308,car_ID_1852,car,out,True
2026-07-28 01:43:22.576,car_ID_1835,car,in,True
2026-07-28 01:43:22.645,car_ID_1832,car,in,True
2026-07-28 01:43:22.910,car_ID_1846,car,out,True
2026-07-28 01:43:23.511,car_ID_1845,car,out,True
2026-07-28 01:43:23.676,truck_ID_853,truck,in,True
2026-07-28 01:43:23.809,car_ID_1839,car,in,True
2026-07-28 01:43:24.411,car_ID_1850,car,out,True
2026-07-28 01:43:24.475,car_ID_1858,car,out,True
2026-07-28 01:43:24.778,car_ID_1853,car,out,True
2026-07-28 01:43:24.978,car_ID_1851,car,out,True
2026-07-28 01:43:25.145,truck_ID_852,truck,in,True
2026-07-28 01:43:25.144,car_ID_1857,car,in,True
2026-07-28 01:43:25.645,car_ID_1859,car,out,True
2026-07-28 01:43:25.745,car_ID_1860,car,out,True
2026-07-28 01:43:25.809,car_ID_1844,car,in,True
2026-07-28 01:43:26.009,car_ID_1855,car,out,True
2026-07-28 01:43:26.578,car_ID_1864,car,out,True
2026-07-28 01:43:27.010,car_ID_1840,car,in,True
2026-07-28 01:43:27.211,car_ID_1843,car,in,True
2026-07-28 01:43:27.512,car_ID_1865,car,out,True
2026-07-28 01:43:28.010,car_ID_1849,car,in,True
2026-07-28 01:43:28.175,truck_ID_856,truck,out,True
2026-07-28 01:43:28.579,car_ID_1856,car,in,True
2026-07-28 01:43:28.745,car_ID_1866,car,out,True
2026-07-28 01:43:29.110,car_ID_1868,car,out,True
2026-07-28 01:43:29.375,car_ID_1863,car,in,True
2026-07-28 01:43:29.510,car_ID_1862,car,in,True
2026-07-28 01:43:30.242,car_ID_1872,car,out,True
2026-07-28 01:43:30.442,car_ID_1873,car,out,True
2026-07-28 01:43:30.948,truck_ID_868,truck,out,True
2026-07-28 01:43:31.647,car_ID_1875,car,out,True
2026-07-28 01:43:31.710,car_ID_1874,car,out,True
2026-07-28 01:43:32.045,car_ID_1869,car,in,True
2026-07-28 01:43:32.245,truck_ID_862,truck,out,True
2026-07-28 01:43:32.910,car_ID_1888,car,out,True
2026-07-28 01:43:33.144,car_ID_1870,car,in,True
2026-07-28 01:43:33.344,truck_ID_863,truck,in,True
2026-07-28 01:43:33.345,car_ID_1878,car,out,True
2026-07-28 01:43:33.445,car_ID_1885,car,out,True
2026-07-28 01:43:33.579,car_ID_1867,car,in,True
2026-07-28 01:43:34.011,car_ID_1877,car,in,True
2026-07-28 01:43:34.408,car_ID_1889,car,out,True
2026-07-28 01:43:35.009,bus_ID_331,bus,out,True
2026-07-28 01:43:35.147,car_ID_1879,car,in,True
2026-07-28 01:43:35.645,truck_ID_871,truck,in,True
2026-07-28 01:43:35.646,car_ID_1880,car,in,True
2026-07-28 01:43:35.745,car_ID_1894,car,out,True
2026-07-28 01:43:36.010,car_ID_1890,car,in,True
2026-07-28 01:43:36.110,car_ID_1906,car,in,True
2026-07-28 01:43:36.178,car_ID_1896,car,out,True
2026-07-28 01:43:36.777,car_ID_1897,car,out,True
2026-07-28 01:43:36.911,car_ID_1895,car,out,True
2026-07-28 01:43:37.545,car_ID_1899,car,out,True
2026-07-28 01:43:37.610,car_ID_1898,car,in,True
2026-07-28 01:43:38.043,car_ID_1905,car,out,True
2026-07-28 01:43:38.410,car_ID_1904,car,out,True
2026-07-28 01:43:38.745,car_ID_1900,car,out,True
2026-07-28 01:43:39.276,car_ID_1918,car,out,True
2026-07-28 01:43:39.380,car_ID_1891,car,in,True
2026-07-28 01:43:39.477,truck_ID_881,truck,out,True
2026-07-28 01:43:39.780,truck_ID_879,truck,out,True
2026-07-28 01:43:39.780,car_ID_1892,car,in,True
2026-07-28 01:43:39.977,car_ID_1910,car,out,True
2026-07-28 01:43:40.475,bus_ID_342,bus,in,True
2026-07-28 01:43:40.709,car_ID_1903,car,in,True
2026-07-28 01:43:40.978,car_ID_1914,car,out,True
2026-07-28 01:43:41.041,truck_ID_884,truck,out,True
2026-07-28 01:43:41.109,car_ID_1920,car,out,True
2026-07-28 01:43:41.144,truck_ID_880,truck,out,True
2026-07-28 01:43:41.410,car_ID_1925,car,out,True
2026-07-28 01:43:41.646,truck_ID_882,truck,out,True
2026-07-28 01:43:41.646,car_ID_1909,car,out,True
2026-07-28 01:43:41.745,car_ID_1901,car,in,True
2026-07-28 01:43:41.909,car_ID_1908,car,in,True
2026-07-28 01:43:42.780,car_ID_1915,car,out,True
2026-07-28 01:43:42.780,car_ID_1917,car,out,True
2026-07-28 01:43:43.010,car_ID_1912,car,in,True
2026-07-28 01:43:43.176,bus_ID_336,bus,in,True
2026-07-28 01:43:43.176,car_ID_1911,car,in,True
2026-07-28 01:43:44.175,car_ID_1922,car,out,True
2026-07-28 01:43:44.640,truck_ID_883,truck,in,True
2026-07-28 01:43:44.945,car_ID_1928,car,out,True
2026-07-28 01:43:45.208,car_ID_1924,car,in,True
2026-07-28 01:43:46.209,car_ID_1929,car,out,True
2026-07-28 01:43:46.312,car_ID_1930,car,out,True
2026-07-28 01:43:46.678,truck_ID_894,truck,out,True
2026-07-28 01:43:46.845,car_ID_1926,car,in,True
2026-07-28 01:43:46.978,car_ID_1919,car,in,True
2026-07-28 01:43:47.144,car_ID_1935,car,out,True
2026-07-28 01:43:47.144,car_ID_1936,car,out,True
2026-07-28 01:43:47.710,car_ID_1946,car,out,True
2026-07-28 01:43:47.843,bus_ID_346,bus,out,True
2026-07-28 01:43:48.113,car_ID_1927,car,in,True
2026-07-28 01:43:48.142,truck_ID_898,truck,out,True
2026-07-28 01:43:48.345,car_ID_1941,car,out,True
2026-07-28 01:43:48.441,truck_ID_897,truck,out,True
2026-07-28 01:43:48.440,truck_ID_900,truck,out,True
2026-07-28 01:43:48.512,car_ID_1938,car,out,True
2026-07-28 01:43:48.743,car_ID_1952,car,out,True
2026-07-28 01:43:48.983,truck_ID_899,truck,out,True
2026-07-28 01:43:49.112,car_ID_1954,car,out,True
2026-07-28 01:43:49.776,car_ID_1932,car,in,True
2026-07-28 01:43:49.808,car_ID_1934,car,in,True
2026-07-28 01:43:50.444,car_ID_1955,car,out,True
2026-07-28 01:43:50.909,car_ID_1931,car,in,True
2026-07-28 01:43:51.174,car_ID_1962,car,out,True
2026-07-28 01:43:51.511,truck_ID_903,truck,out,True
2026-07-28 01:43:51.712,car_ID_1958,car,out,True
2026-07-28 01:43:51.942,car_ID_1939,car,in,True
2026-07-28 01:43:51.942,car_ID_1957,car,out,True
2026-07-28 01:43:52.409,car_ID_1966,car,out,True
2026-07-28 01:43:52.442,car_ID_1942,car,in,True
2026-07-28 01:43:52.943,car_ID_1944,car,in,True
2026-07-28 01:43:53.209,car_ID_1959,car,out,True
2026-07-28 01:43:53.645,car_ID_1953,car,in,True
2026-07-28 01:43:54.376,car_ID_1951,car,in,True
2026-07-28 01:43:54.376,car_ID_1967,car,out,True
2026-07-28 01:43:55.643,car_ID_1964,car,out,True
2026-07-28 01:43:55.642,car_ID_1968,car,out,True
2026-07-28 01:43:56.380,car_ID_1956,car,in,True
2026-07-28 01:43:56.945,car_ID_1972,car,out,True
2026-07-28 01:43:57.010,car_ID_1965,car,in,True
2026-07-28 01:43:57.446,car_ID_1961,car,in,True
2026-07-28 01:43:57.778,car_ID_1963,car,in,True
2026-07-28 01:43:58.347,car_ID_1984,car,out,True
2026-07-28 01:43:58.378,car_ID_1974,car,in,True
2026-07-28 01:43:58.645,car_ID_1979,car,out,True
2026-07-28 01:43:58.778,car_ID_1983,car,out,True
2026-07-28 01:43:59.276,truck_ID_921,truck,out,True
2026-07-28 01:43:59.312,car_ID_1980,car,in,True
2026-07-28 01:43:59.376,car_ID_1991,car,in,True
2026-07-28 01:43:59.408,car_ID_1997,car,out,True
2026-07-28 01:43:59.510,truck_ID_919,truck,out,True
2026-07-28 01:43:59.546,car_ID_1990,car,out,True
2026-07-28 01:43:59.912,bus_ID_350,bus,out,True
2026-07-28 01:43:59.945,car_ID_1973,car,in,True
2026-07-28 01:43:59.945,car_ID_1985,car,in,True
2026-07-28 01:44:00.009,car_ID_1986,car,out,True
2026-07-28 01:44:00.111,truck_ID_917,truck,in,True
2026-07-28 01:44:00.778,car_ID_1977,car,in,True
2026-07-28 01:44:00.911,car_ID_1993,car,out,True
2026-07-28 01:44:00.944,car_ID_2002,car,in,True
2026-07-28 01:44:01.445,truck_ID_925,truck,in,True
2026-07-28 01:44:01.445,car_ID_1969,car,in,True
2026-07-28 01:44:01.509,truck_ID_926,truck,in,True
2026-07-28 01:44:01.576,truck_ID_928,truck,in,True
2026-07-28 01:44:02.140,car_ID_1989,car,in,True
2026-07-28 01:44:02.311,car_ID_1996,car,out,True
2026-07-28 01:44:02.342,car_ID_1999,car,out,True
2026-07-28 01:44:03.408,car_ID_1988,car,in,True
2026-07-28 01:44:03.609,car_ID_2003,car,in,True
2026-07-28 01:44:04.244,car_ID_2005,car,in,True
2026-07-28 01:44:05.777,car_ID_2006,car,out,True
2026-07-28 01:44:05.942,car_ID_1994,car,in,True
2026-07-28 01:44:06.810,car_ID_2001,car,in,True
2026-07-28 01:44:06.975,car_ID_2000,car,in,True
2026-07-28 01:44:07.144,car_ID_2010,car,out,True
2026-07-28 01:44:07.645,car_ID_2016,car,in,True
2026-07-28 01:44:08.978,car_ID_2015,car,out,True
2026-07-28 01:44:09.509,car_ID_2009,car,in,True
2026-07-28 01:44:09.609,car_ID_2017,car,in,True
2026-07-28 01:44:10.108,truck_ID_936,truck,out,True
2026-07-28 01:44:10.175,car_ID_2022,car,out,True
2026-07-28 01:44:10.209,car_ID_2012,car,in,True
2026-07-28 01:44:10.407,truck_ID_941,truck,out,True
2026-07-28 01:44:10.509,car_ID_2013,car,in,True
2026-07-28 01:44:10.508,car_ID_2025,car,in,True
2026-07-28 01:44:10.910,car_ID_2023,car,out,True
2026-07-28 01:44:11.012,car_ID_2034,car,out,True
2026-07-28 01:44:11.609,car_ID_2027,car,out,True
2026-07-28 01:44:12.645,car_ID_2021,car,in,True
2026-07-28 01:44:12.944,car_ID_2035,car,out,True
2026-07-28 01:44:12.978,car_ID_2030,car,out,True
2026-07-28 01:44:13.111,bus_ID_360,bus,out,True
2026-07-28 01:44:13.744,truck_ID_942,truck,out,True
2026-07-28 01:44:13.908,car_ID_2031,car,out,True
2026-07-28 01:44:14.609,car_ID_2028,car,in,True
2026-07-28 01:44:15.609,car_ID_2041,car,out,True
2026-07-28 01:44:15.641,car_ID_2033,car,in,True
2026-07-28 01:44:15.640,car_ID_2054,car,out,True
2026-07-28 01:44:15.743,car_ID_2037,car,in,True
2026-07-28 01:44:15.743,car_ID_2042,car,out,True
2026-07-28 01:44:15.779,truck_ID_933,truck,in,True
2026-07-28 01:44:16.146,truck_ID_951,truck,out,True
2026-07-28 01:44:16.209,truck_ID_953,truck,out,True
2026-07-28 01:44:16.941,car_ID_2048,car,out,True
2026-07-28 01:44:16.980,car_ID_2047,car,out,True
2026-07-28 01:44:17.610,car_ID_2055,car,out,True
2026-07-28 01:44:18.309,car_ID_2038,car,in,True
2026-07-28 01:44:18.346,car_ID_2053,car,out,True
2026-07-28 01:44:18.545,car_ID_2052,car,out,True
2026-07-28 01:44:18.746,car_ID_2040,car,in,True
2026-07-28 01:44:19.243,car_ID_2050,car,in,True
2026-07-28 01:44:19.309,car_ID_2043,car,in,True
2026-07-28 01:44:19.577,car_ID_2044,car,in,True
2026-07-28 01:44:19.809,car_ID_2056,car,out,True
2026-07-28 01:44:19.809,car_ID_2058,car,out,True
2026-07-28 01:44:21.745,car_ID_2051,car,in,True
2026-07-28 01:44:21.810,car_ID_2049,car,in,True
2026-07-28 01:44:21.910,car_ID_2060,car,out,True
2026-07-28 01:44:22.743,car_ID_2057,car,in,True
2026-07-28 01:44:22.777,car_ID_2059,car,in,True
2026-07-28 01:44:22.943,truck_ID_961,truck,in,True
2026-07-28 01:44:22.976,car_ID_2069,car,out,True
2026-07-28 01:44:24.244,car_ID_2071,car,out,True
2026-07-28 01:44:25.311,car_ID_2063,car,in,True
2026-07-28 01:44:25.345,car_ID_2072,car,out,True
2026-07-28 01:44:25.410,car_ID_2075,car,out,True
2026-07-28 01:44:25.778,car_ID_2065,car,in,True
2026-07-28 01:44:25.910,car_ID_2061,car,in,True
2026-07-28 01:44:26.145,truck_ID_958,truck,in,True
2026-07-28 01:44:26.243,car_ID_2067,car,in,True
2026-07-28 01:44:26.309,truck_ID_957,truck,out,True
2026-07-28 01:44:26.476,bus_ID_366,bus,in,True
2026-07-28 01:44:26.646,car_ID_2076,car,in,True
2026-07-28 01:44:27.177,bus_ID_365,bus,in,True
2026-07-28 01:44:27.543,car_ID_2082,car,out,True
2026-07-28 01:44:27.780,truck_ID_967,truck,in,True
2026-07-28 01:44:27.780,truck_ID_968,truck,in,True
2026-07-28 01:44:27.845,car_ID_2073,car,in,True
2026-07-28 01:44:27.976,car_ID_2078,car,in,True
2026-07-28 01:44:28.912,car_ID_2083,car,out,True
2026-07-28 01:44:29.045,car_ID_2085,car,in,True
2026-07-28 01:44:29.712,car_ID_2092,car,out,True
2026-07-28 01:44:29.978,car_ID_2079,car,in,True
2026-07-28 01:44:30.879,car_ID_2099,car,in,True
2026-07-28 01:44:31.376,truck_ID_976,truck,in,True
2026-07-28 01:44:32.177,car_ID_2089,car,in,True
2026-07-28 01:44:32.177,car_ID_2098,car,out,True
2026-07-28 01:44:32.309,car_ID_2084,car,in,True
2026-07-28 01:44:32.610,truck_ID_971,truck,in,True
2026-07-28 01:44:33.112,car_ID_2090,car,in,True
2026-07-28 01:44:33.245,car_ID_2095,car,in,True
2026-07-28 01:44:33.776,car_ID_2102,car,out,True
2026-07-28 01:44:33.842,truck_ID_978,truck,in,True
2026-07-28 01:44:34.378,car_ID_2096,car,in,True
2026-07-28 01:44:34.511,car_ID_2097,car,in,True
2026-07-28 01:44:35.377,car_ID_2109,car,out,True
2026-07-28 01:44:35.808,car_ID_2110,car,in,True
2026-07-28 01:44:35.974,car_ID_2103,car,in,True
2026-07-28 01:44:36.610,car_ID_2107,car,out,True
2026-07-28 01:44:37.042,car_ID_2122,car,out,True
2026-07-28 01:44:37.106,truck_ID_981,truck,in,True
2026-07-28 01:44:37.345,car_ID_2101,car,in,True
2026-07-28 01:44:37.711,car_ID_2121,car,out,True
2026-07-28 01:44:39.577,car_ID_2123,car,out,True
2026-07-28 01:44:40.170,car_ID_2124,car,out,True
2026-07-28 01:44:40.512,bus_ID_374,bus,in,True
2026-07-28 01:44:40.909,car_ID_2117,car,in,True
2026-07-28 01:44:41.312,car_ID_2120,car,in,True
2026-07-28 01:44:41.609,car_ID_2131,car,out,True
2026-07-28 01:44:41.944,car_ID_2125,car,in,True
2026-07-28 01:44:42.611,truck_ID_984,truck,in,True
2026-07-28 01:44:43.045,truck_ID_995,truck,out,True
2026-07-28 01:44:43.074,car_ID_2133,car,out,True
2026-07-28 01:44:43.377,car_ID_2130,car,in,True
2026-07-28 01:44:43.845,car_ID_2137,car,out,True
2026-07-28 01:44:44.313,truck_ID_993,truck,in,True
2026-07-28 01:44:44.411,car_ID_2139,car,out,True
2026-07-28 01:44:44.544,car_ID_2132,car,in,True
2026-07-28 01:44:44.712,car_ID_2147,car,out,True
2026-07-28 01:44:45.209,car_ID_2140,car,out,True
2026-07-28 01:44:45.344,car_ID_2141,car,out,True
2026-07-28 01:44:45.377,car_ID_2138,car,in,True
2026-07-28 01:44:45.646,car_ID_2136,car,in,True
2026-07-28 01:44:45.844,car_ID_2134,car,in,True
2026-07-28 01:44:46.611,car_ID_2145,car,out,True
2026-07-28 01:44:46.644,car_ID_2144,car,out,True
2026-07-28 01:44:47.443,truck_ID_996,truck,in,True
2026-07-28 01:44:47.842,car_ID_2153,car,out,True
2026-07-28 01:44:48.010,car_ID_2142,car,in,True
2026-07-28 01:44:48.312,car_ID_2143,car,in,True
2026-07-28 01:44:48.410,car_ID_2146,car,in,True
2026-07-28 01:44:48.448,car_ID_2158,car,out,True
2026-07-28 01:44:48.982,car_ID_2148,car,in,True
2026-07-28 01:44:49.209,car_ID_2161,car,out,True
2026-07-28 01:44:49.242,car_ID_2155,car,out,True
2026-07-28 01:44:49.444,car_ID_2156,car,out,True
2026-07-28 01:44:49.546,truck_ID_1011,truck,in,True
2026-07-28 01:44:49.579,car_ID_2150,car,in,True
2026-07-28 01:44:49.977,truck_ID_1012,truck,in,True
2026-07-28 01:44:50.180,truck_ID_1010,truck,in,True
2026-07-28 01:44:50.376,car_ID_2154,car,in,True
2026-07-28 01:44:50.443,car_ID_2176,car,in,True
2026-07-28 01:44:50.576,car_ID_2157,car,in,True
2026-07-28 01:44:50.645,car_ID_2171,car,in,True
2026-07-28 01:44:50.744,car_ID_2164,car,out,True
2026-07-28 01:44:51.343,car_ID_2165,car,out,True
2026-07-28 01:44:51.343,car_ID_2167,car,out,True
2026-07-28 01:44:52.109,car_ID_2152,car,in,True
2026-07-28 01:44:52.108,car_ID_2166,car,in,True
2026-07-28 01:44:52.177,car_ID_2172,car,out,True
2026-07-28 01:44:52.211,car_ID_2163,car,in,True
2026-07-28 01:44:52.743,car_ID_2162,car,in,True
2026-07-28 01:44:53.313,car_ID_2173,car,out,True
2026-07-28 01:44:53.644,truck_ID_1019,truck,in,True
2026-07-28 01:44:53.711,truck_ID_1022,truck,out,True
2026-07-28 01:44:53.977,car_ID_2170,car,in,True
2026-07-28 01:44:54.149,car_ID_2168,car,in,True
2026-07-28 01:44:54.177,car_ID_2180,car,in,True
2026-07-28 01:44:54.211,car_ID_2178,car,in,True
2026-07-28 01:44:54.309,car_ID_2179,car,out,True
2026-07-28 01:44:54.344,car_ID_2181,car,out,True
2026-07-28 01:44:55.442,truck_ID_1018,truck,in,True
2026-07-28 01:44:55.445,car_ID_2184,car,out,True
2026-07-28 01:44:55.911,car_ID_2185,car,out,True
2026-07-28 01:44:56.009,truck_ID_1013,truck,in,True
2026-07-28 01:44:56.045,car_ID_2183,car,in,True
2026-07-28 01:44:56.109,bus_ID_383,bus,in,True
2026-07-28 01:44:56.247,car_ID_2177,car,in,True
2026-07-28 01:44:56.310,truck_ID_1025,truck,out,True
2026-07-28 01:44:56.975,car_ID_2201,car,out,True
2026-07-28 01:44:57.378,car_ID_2191,car,out,True
2026-07-28 01:44:57.609,car_ID_2188,car,in,True
2026-07-28 01:44:57.609,car_ID_2193,car,out,True
2026-07-28 01:44:58.111,truck_ID_1023,truck,out,True
2026-07-28 01:44:58.979,car_ID_2196,car,out,True
2026-07-28 01:44:59.009,car_ID_2187,car,in,True
2026-07-28 01:44:59.348,car_ID_2197,car,out,True
2026-07-28 01:44:59.578,car_ID_2194,car,in,True
2026-07-28 01:45:00.341,car_ID_2207,car,out,True
2026-07-28 01:45:00.911,car_ID_2198,car,in,True
2026-07-28 01:45:00.974,car_ID_2202,car,in,True
2026-07-28 01:45:01.144,truck_ID_1034,truck,out,True
2026-07-28 01:45:02.111,car_ID_2209,car,out,True
2026-07-28 01:45:02.344,truck_ID_1040,truck,out,True
2026-07-28 01:45:02.377,truck_ID_1041,truck,in,True
2026-07-28 01:45:02.610,car_ID_2199,car,in,True
2026-07-28 01:45:02.646,car_ID_2206,car,out,True
2026-07-28 01:45:02.743,car_ID_2204,car,in,True
2026-07-28 01:45:02.946,car_ID_2223,car,out,True
2026-07-28 01:45:03.781,car_ID_2213,car,out,True
2026-07-28 01:45:03.944,car_ID_2205,car,in,True
2026-07-28 01:45:04.147,car_ID_2215,car,out,True
2026-07-28 01:45:04.345,car_ID_2208,car,in,True
2026-07-28 01:45:05.010,car_ID_2222,car,out,True
2026-07-28 01:45:05.210,car_ID_2211,car,in,True
2026-07-28 01:45:05.210,car_ID_2228,car,out,True
2026-07-28 01:45:05.510,car_ID_2224,car,out,True
2026-07-28 01:45:05.910,car_ID_2231,car,out,True
2026-07-28 01:45:06.046,car_ID_2214,car,in,True
2026-07-28 01:45:06.046,car_ID_2227,car,out,True
2026-07-28 01:45:06.744,car_ID_2218,car,in,True
2026-07-28 01:45:07.142,car_ID_2232,car,out,True
2026-07-28 01:45:07.211,car_ID_2220,car,in,True
2026-07-28 01:45:07.344,car_ID_2234,car,out,True
2026-07-28 01:45:07.545,bus_ID_393,bus,in,True
2026-07-28 01:45:08.346,car_ID_2245,car,out,True
2026-07-28 01:45:08.409,car_ID_2233,car,in,True
2026-07-28 01:45:09.374,car_ID_2238,car,out,True
2026-07-28 01:45:09.443,car_ID_2230,car,in,True
2026-07-28 01:45:09.575,car_ID_2229,car,in,True
2026-07-28 01:45:10.111,car_ID_2244,car,out,True
2026-07-28 01:45:10.343,truck_ID_1053,truck,in,True
2026-07-28 01:45:10.409,car_ID_2242,car,out,True
2026-07-28 01:45:10.575,car_ID_2252,car,in,True
2026-07-28 01:45:11.111,truck_ID_1052,truck,in,True
2026-07-28 01:45:11.741,truck_ID_1056,truck,in,True
2026-07-28 01:45:11.744,car_ID_2257,car,in,True
2026-07-28 01:45:11.811,car_ID_2247,car,out,True
2026-07-28 01:45:12.145,car_ID_2248,car,in,True
2026-07-28 01:45:12.211,car_ID_2250,car,out,True
2026-07-28 01:45:12.246,truck_ID_1055,truck,in,True
2026-07-28 01:45:12.409,car_ID_2240,car,in,True
2026-07-28 01:45:12.708,car_ID_2253,car,out,True
2026-07-28 01:45:12.746,car_ID_2241,car,in,True
2026-07-28 01:45:12.943,car_ID_2243,car,in,True
2026-07-28 01:45:13.645,car_ID_2254,car,in,True
2026-07-28 01:45:14.009,car_ID_2256,car,out,True
2026-07-28 01:45:14.176,car_ID_2263,car,in,True
2026-07-28 01:45:14.209,car_ID_2249,car,in,True
2026-07-28 01:45:14.911,car_ID_2262,car,out,True
2026-07-28 01:45:14.941,car_ID_2251,car,in,True
2026-07-28 01:45:14.979,truck_ID_1059,truck,in,True
2026-07-28 01:45:16.444,car_ID_2266,car,out,True
2026-07-28 01:45:16.845,car_ID_2258,car,in,True
2026-07-28 01:45:16.912,car_ID_2255,car,in,True
2026-07-28 01:45:17.009,car_ID_2267,car,out,True
2026-07-28 01:45:17.409,truck_ID_1060,truck,out,True
2026-07-28 01:45:17.511,car_ID_2259,car,in,True
2026-07-28 01:45:17.710,car_ID_2261,car,in,True
2026-07-28 01:45:18.374,car_ID_2265,car,in,True
2026-07-28 01:45:18.545,car_ID_2277,car,out,True
2026-07-28 01:45:18.778,truck_ID_1067,truck,out,True
2026-07-28 01:45:18.911,car_ID_2269,car,in,True
2026-07-28 01:45:19.109,car_ID_2280,car,out,True
2026-07-28 01:45:19.176,bus_ID_400,bus,out,True
2026-07-28 01:45:19.245,car_ID_2279,car,out,True
2026-07-28 01:45:19.344,bus_ID_401,bus,out,True
2026-07-28 01:45:19.510,car_ID_2278,car,out,True
2026-07-28 01:45:19.645,truck_ID_1065,truck,out,True
2026-07-28 01:45:19.645,car_ID_2287,car,out,True
2026-07-28 01:45:19.712,truck_ID_1064,truck,out,True
2026-07-28 01:45:20.145,car_ID_2273,car,in,True
2026-07-28 01:45:20.945,car_ID_2274,car,in,True
2026-07-28 01:45:20.945,car_ID_2286,car,out,True
2026-07-28 01:45:21.045,car_ID_2281,car,in,True
2026-07-28 01:45:21.178,car_ID_2283,car,out,True
2026-07-28 01:45:21.310,car_ID_2276,car,in,True
2026-07-28 01:45:21.710,car_ID_2288,car,out,True
2026-07-28 01:45:21.944,car_ID_2290,car,out,True
2026-07-28 01:45:22.574,bus_ID_403,bus,out,True
2026-07-28 01:45:22.975,car_ID_2289,car,out,True
2026-07-28 01:45:22.975,car_ID_2296,car,out,True
2026-07-28 01:45:23.244,truck_ID_1070,truck,out,True
2026-07-28 01:45:23.376,car_ID_2284,car,in,True
2026-07-28 01:45:24.178,car_ID_2285,car,in,True
2026-07-28 01:45:24.248,car_ID_2303,car,out,True
2026-07-28 01:45:24.344,car_ID_2298,car,out,True
2026-07-28 01:45:24.511,car_ID_2297,car,out,True
2026-07-28 01:45:24.509,car_ID_2307,car,out,True
2026-07-28 01:45:24.645,car_ID_2282,car,in,True
2026-07-28 01:45:25.777,car_ID_2294,car,in,True
2026-07-28 01:45:25.777,car_ID_2305,car,out,True
2026-07-28 01:45:25.842,car_ID_2293,car,in,True
2026-07-28 01:45:26.514,car_ID_2318,car,in,True
2026-07-28 01:45:26.547,car_ID_2312,car,out,True
2026-07-28 01:45:26.849,truck_ID_1080,truck,out,True
2026-07-28 01:45:26.849,car_ID_2295,car,in,True
2026-07-28 01:45:26.910,car_ID_2325,car,out,True
2026-07-28 01:45:27.410,car_ID_2306,car,in,True
2026-07-28 01:45:27.410,car_ID_2311,car,out,True
2026-07-28 01:45:27.447,truck_ID_1081,truck,out,True
2026-07-28 01:45:28.145,car_ID_2317,car,out,True
2026-07-28 01:45:28.209,car_ID_2316,car,out,True
2026-07-28 01:45:28.845,car_ID_2322,car,out,True
2026-07-28 01:45:29.111,car_ID_2309,car,in,True
2026-07-28 01:45:29.176,car_ID_2314,car,in,True
2026-07-28 01:45:29.176,car_ID_2320,car,out,True
2026-07-28 01:45:29.378,car_ID_2321,car,out,True
2026-07-28 01:45:29.979,car_ID_2315,car,in,True
2026-07-28 01:45:30.176,car_ID_2326,car,out,True
2026-07-28 01:45:30.643,truck_ID_1084,truck,out,True
2026-07-28 01:45:30.944,car_ID_2333,car,out,True
2026-07-28 01:45:31.042,car_ID_2332,car,out,True
2026-07-28 01:45:31.110,car_ID_2340,car,out,True
2026-07-28 01:45:31.579,car_ID_2323,car,in,True
2026-07-28 01:45:31.709,car_ID_2330,car,out,True
2026-07-28 01:45:31.908,car_ID_2324,car,in,True
2026-07-28 01:45:32.142,truck_ID_1089,truck,in,True
2026-07-28 01:45:32.210,car_ID_2327,car,in,True
2026-07-28 01:45:32.309,car_ID_2337,car,out,True
2026-07-28 01:45:32.343,car_ID_2345,car,in,True
2026-07-28 01:45:32.843,truck_ID_1088,truck,in,True
2026-07-28 01:45:33.008,car_ID_2335,car,out,True
2026-07-28 01:45:33.511,car_ID_2328,car,in,True
2026-07-28 01:45:33.578,person_ID_22,person,in,True
2026-07-28 01:45:33.646,truck_ID_1092,truck,in,True
2026-07-28 01:45:33.709,car_ID_2329,car,in,True
2026-07-28 01:45:33.809,motorcycle_ID_20,motorcycle,in,True
2026-07-28 01:45:33.946,car_ID_2334,car,in,True
2026-07-28 01:45:33.946,car_ID_2341,car,out,True
2026-07-28 01:45:34.510,truck_ID_1083,truck,in,True
2026-07-28 01:45:35.175,car_ID_2343,car,out,True
2026-07-28 01:45:35.310,car_ID_2342,car,out,True
2026-07-28 01:45:35.376,car_ID_2336,car,in,True
2026-07-28 01:45:35.709,car_ID_2339,car,in,True
2026-07-28 01:45:35.909,car_ID_2350,car,out,True
2026-07-28 01:45:36.445,car_ID_2346,car,in,True
2026-07-28 01:45:36.609,car_ID_2352,car,out,True
2026-07-28 01:45:36.644,car_ID_2347,car,in,True
2026-07-28 01:45:37.643,car_ID_2359,car,out,True
2026-07-28 01:45:38.145,car_ID_2358,car,out,True
2026-07-28 01:45:38.711,car_ID_2360,car,out,True
2026-07-28 01:45:39.247,car_ID_2353,car,in,True
2026-07-28 01:45:39.946,car_ID_2355,car,in,True
2026-07-28 01:45:40.010,car_ID_2356,car,in,True
2026-07-28 01:45:40.010,car_ID_2367,car,out,True
2026-07-28 01:45:40.042,car_ID_2363,car,out,True
2026-07-28 01:45:40.243,car_ID_2364,car,in,True
2026-07-28 01:45:40.713,car_ID_2371,car,out,True
2026-07-28 01:45:40.974,truck_ID_1106,truck,out,True
2026-07-28 01:45:41.312,truck_ID_1105,truck,out,True
2026-07-28 01:45:41.312,car_ID_2369,car,out,True
2026-07-28 01:45:41.379,car_ID_2365,car,in,True
2026-07-28 01:45:41.508,truck_ID_1109,truck,in,True
2026-07-28 01:45:41.510,car_ID_2382,car,out,True
2026-07-28 01:45:41.543,car_ID_2362,car,in,True
2026-07-28 01:45:41.578,car_ID_2373,car,out,True
2026-07-28 01:45:42.175,bus_ID_413,bus,in,True
2026-07-28 01:45:42.512,truck_ID_1100,truck,out,True
2026-07-28 01:45:42.512,car_ID_2378,car,out,True
2026-07-28 01:45:42.945,car_ID_2376,car,out,True
2026-07-28 01:45:43.443,truck_ID_1112,truck,out,True
2026-07-28 01:45:43.443,car_ID_2380,car,out,True
2026-07-28 01:45:43.442,car_ID_2390,car,out,True
2026-07-28 01:45:43.909,car_ID_2381,car,out,True
2026-07-28 01:45:43.945,truck_ID_1113,truck,out,True
2026-07-28 01:45:43.945,car_ID_2374,car,in,True
2026-07-28 01:45:44.109,car_ID_2379,car,out,True
2026-07-28 01:45:44.946,car_ID_2375,car,in,True
2026-07-28 01:45:45.376,car_ID_2385,car,out,True
2026-07-28 01:45:45.409,car_ID_2388,car,out,True
2026-07-28 01:45:46.210,car_ID_2384,car,in,True
2026-07-28 01:45:46.581,car_ID_2387,car,in,True
2026-07-28 01:45:46.778,car_ID_2391,car,out,True
2026-07-28 01:45:47.112,bus_ID_421,bus,in,True
2026-07-28 01:45:47.110,truck_ID_1118,truck,in,True
2026-07-28 01:45:47.143,car_ID_2399,car,in,True
2026-07-28 01:45:47.412,car_ID_2397,car,out,True
2026-07-28 01:45:47.609,bus_ID_420,bus,in,True
2026-07-28 01:45:47.712,car_ID_2395,car,out,True
2026-07-28 01:45:47.746,car_ID_2386,car,in,True
2026-07-28 01:45:47.746,car_ID_2392,car,out,True
2026-07-28 01:45:47.778,car_ID_2411,car,out,True
2026-07-28 01:45:47.980,car_ID_2393,car,in,True
2026-07-28 01:45:48.245,truck_ID_1121,truck,out,True
2026-07-28 01:45:48.311,truck_ID_1122,truck,out,True
2026-07-28 01:45:48.643,car_ID_2401,car,out,True
2026-07-28 01:45:48.711,car_ID_2389,car,in,True
2026-07-28 01:45:48.844,car_ID_2400,car,out,True
2026-07-28 01:45:48.877,car_ID_2398,car,out,True
2026-07-28 01:45:48.977,car_ID_2394,car,in,True
2026-07-28 01:45:49.278,truck_ID_1123,truck,in,True
2026-07-28 01:45:49.711,car_ID_2408,car,out,True
2026-07-28 01:45:49.843,car_ID_2396,car,in,True
2026-07-28 01:45:50.378,car_ID_2406,car,out,True
2026-07-28 01:45:50.578,car_ID_2410,car,out,True
2026-07-28 01:45:51.343,car_ID_2416,car,out,True
2026-07-28 01:45:51.709,truck_ID_1119,truck,in,True
2026-07-28 01:45:51.847,car_ID_2409,car,in,True
2026-07-28 01:45:51.910,car_ID_2404,car,in,True
2026-07-28 01:45:52.544,truck_ID_1131,truck,in,True
2026-07-28 01:45:52.609,car_ID_2415,car,out,True
2026-07-28 01:45:52.980,truck_ID_1132,truck,in,True
2026-07-28 01:45:53.710,car_ID_2421,car,out,True
2026-07-28 01:45:53.775,car_ID_2419,car,out,True
2026-07-28 01:45:54.544,car_ID_2413,car,in,True
2026-07-28 01:45:54.808,car_ID_2422,car,out,True
2026-07-28 01:45:54.913,bus_ID_427,bus,in,True
2026-07-28 01:45:55.177,car_ID_2424,car,out,True
2026-07-28 01:45:55.644,car_ID_2420,car,in,True
2026-07-28 01:45:55.744,car_ID_2423,car,out,True
2026-07-28 01:45:55.744,car_ID_2438,car,out,True
2026-07-28 01:45:57.143,car_ID_2436,car,out,True
2026-07-28 01:45:57.309,car_ID_2429,car,in,True
2026-07-28 01:45:57.343,car_ID_2440,car,out,True
2026-07-28 01:45:57.779,car_ID_2431,car,in,True
2026-07-28 01:45:57.845,car_ID_2433,car,in,True
2026-07-28 01:45:58.410,car_ID_2441,car,out,True
2026-07-28 01:45:58.543,car_ID_2443,car,out,True
2026-07-28 01:45:59.179,car_ID_2435,car,in,True
2026-07-28 01:45:59.444,car_ID_2444,car,out,True
2026-07-28 01:45:59.542,car_ID_2446,car,out,True
2026-07-28 01:46:00.179,car_ID_2449,car,out,True
2026-07-28 01:46:00.509,car_ID_2447,car,in,True
2026-07-28 01:46:00.576,car_ID_2442,car,in,True
2026-07-28 01:46:00.610,truck_ID_1138,truck,out,True
2026-07-28 01:46:01.180,car_ID_2450,car,out,True
2026-07-28 01:46:01.778,car_ID_2454,car,out,True
2026-07-28 01:46:01.809,car_ID_2445,car,in,True
2026-07-28 01:46:02.178,car_ID_2458,car,out,True
2026-07-28 01:46:02.510,car_ID_2448,car,in,True
2026-07-28 01:46:02.844,car_ID_2456,car,out,True
2026-07-28 01:46:03.511,car_ID_2457,car,out,True
2026-07-28 01:46:03.912,car_ID_2451,car,in,True
2026-07-28 01:46:04.180,car_ID_2455,car,in,True
2026-07-28 01:46:05.341,car_ID_2459,car,in,True
2026-07-28 01:46:05.478,bus_ID_432,bus,in,True
2026-07-28 01:46:05.509,bus_ID_431,bus,in,True
2026-07-28 01:46:05.510,car_ID_2460,car,in,True
2026-07-28 01:46:05.545,car_ID_2464,car,out,True
2026-07-28 01:46:05.608,truck_ID_1151,truck,in,True
2026-07-28 01:46:05.609,car_ID_2480,car,in,True
2026-07-28 01:46:05.809,car_ID_2465,car,out,True
2026-07-28 01:46:06.112,truck_ID_1152,truck,in,True
2026-07-28 01:46:06.310,car_ID_2461,car,in,True
2026-07-28 01:46:06.376,car_ID_2468,car,out,True
2026-07-28 01:46:06.808,car_ID_2463,car,in,True
2026-07-28 01:46:07.244,car_ID_2474,car,out,True
2026-07-28 01:46:07.577,car_ID_2470,car,out,True
2026-07-28 01:46:08.008,car_ID_2469,car,in,True
2026-07-28 01:46:08.243,car_ID_2467,car,in,True
2026-07-28 01:46:08.276,car_ID_2477,car,out,True
2026-07-28 01:46:09.610,car_ID_2479,car,out,True
2026-07-28 01:46:09.711,car_ID_2476,car,out,True
2026-07-28 01:46:09.809,car_ID_2473,car,in,True
2026-07-28 01:46:10.844,car_ID_2493,car,in,True
2026-07-28 01:46:11.009,car_ID_2478,car,in,True
2026-07-28 01:46:11.108,car_ID_2485,car,out,True
2026-07-28 01:46:11.408,car_ID_2481,car,in,True
2026-07-28 01:46:11.444,car_ID_2483,car,in,True
2026-07-28 01:46:12.445,car_ID_2490,car,out,True
2026-07-28 01:46:12.945,car_ID_2486,car,in,True
2026-07-28 01:46:13.510,car_ID_2491,car,in,True
2026-07-28 01:46:13.609,car_ID_2487,car,in,True
2026-07-28 01:46:14.142,car_ID_2488,car,in,True
2026-07-28 01:46:14.410,car_ID_2495,car,in,True
2026-07-28 01:46:14.546,car_ID_2497,car,out,True
2026-07-28 01:46:14.710,truck_ID_1159,truck,in,True
2026-07-28 01:46:14.911,bus_ID_437,bus,out,True
2026-07-28 01:46:15.646,truck_ID_1165,truck,out,True
2026-07-28 01:46:16.111,car_ID_2496,car,out,True
2026-07-28 01:46:16.145,car_ID_2501,car,out,True
2026-07-28 01:46:16.145,car_ID_2502,car,out,True
2026-07-28 01:46:16.442,car_ID_2509,car,in,True
2026-07-28 01:46:16.845,car_ID_2499,car,in,True
2026-07-28 01:46:17.075,truck_ID_1167,truck,in,True
2026-07-28 01:46:17.311,car_ID_2506,car,out,True
2026-07-28 01:46:17.943,car_ID_2504,car,in,True
2026-07-28 01:46:18.112,car_ID_2508,car,out,True
2026-07-28 01:46:18.512,car_ID_2503,car,in,True
2026-07-28 01:46:18.609,car_ID_2513,car,out,True
2026-07-28 01:46:18.809,car_ID_2500,car,in,True
2026-07-28 01:46:19.478,truck_ID_1175,truck,in,True
2026-07-28 01:46:19.474,car_ID_2515,car,out,True
2026-07-28 01:46:19.945,car_ID_2527,car,in,True
2026-07-28 01:46:20.345,car_ID_2505,car,in,True
2026-07-28 01:46:21.111,car_ID_2522,car,out,True
2026-07-28 01:46:21.912,truck_ID_1179,truck,out,True
2026-07-28 01:46:22.173,car_ID_2512,car,in,True
2026-07-28 01:46:22.244,car_ID_2533,car,out,True
2026-07-28 01:46:22.442,car_ID_2526,car,out,True
2026-07-28 01:46:22.943,car_ID_2517,car,in,True
2026-07-28 01:46:23.310,car_ID_2521,car,in,True
2026-07-28 01:46:23.540,car_ID_2516,car,in,True
2026-07-28 01:46:23.942,car_ID_2525,car,in,True
2026-07-28 01:46:25.010,car_ID_2532,car,out,True
2026-07-28 01:46:25.545,car_ID_2520,car,in,True
2026-07-28 01:46:27.378,car_ID_2536,car,out,True
2026-07-28 01:46:27.408,car_ID_2530,car,in,True
2026-07-28 01:46:27.974,car_ID_2535,car,in,True
2026-07-28 01:46:28.043,car_ID_2538,car,in,True
2026-07-28 01:46:28.244,truck_ID_1184,truck,in,True
2026-07-28 01:46:28.341,car_ID_2531,car,in,True
2026-07-28 01:46:28.809,car_ID_2534,car,in,True
2026-07-28 01:46:30.342,car_ID_2539,car,in,True
2026-07-28 01:46:30.374,car_ID_2541,car,out,True
2026-07-28 01:46:30.974,car_ID_2543,car,in,True
2026-07-28 01:46:31.243,car_ID_2546,car,out,True
2026-07-28 01:46:31.976,truck_ID_1189,truck,in,True
2026-07-28 01:46:32.041,truck_ID_1188,truck,in,True
2026-07-28 01:46:32.378,car_ID_2547,car,in,True
2026-07-28 01:46:32.509,car_ID_2560,car,in,True
2026-07-28 01:46:33.009,car_ID_2552,car,out,True
2026-07-28 01:46:33.344,car_ID_2545,car,in,True
2026-07-28 01:46:33.775,car_ID_2557,car,out,True
2026-07-28 01:46:35.140,car_ID_2559,car,out,True
2026-07-28 01:46:36.010,truck_ID_1186,truck,in,True
2026-07-28 01:46:36.177,car_ID_2556,car,in,True
2026-07-28 01:46:36.775,car_ID_2562,car,out,True
2026-07-28 01:46:37.179,car_ID_2554,car,in,True
2026-07-28 01:46:37.376,car_ID_2555,car,in,True
2026-07-28 01:46:37.641,car_ID_2566,car,out,True
2026-07-28 01:46:38.609,car_ID_2568,car,out,True
2026-07-28 01:46:38.645,car_ID_2564,car,in,True
2026-07-28 01:46:38.842,car_ID_2561,car,in,True
2026-07-28 01:46:39.244,car_ID_2574,car,out,True
2026-07-28 01:46:40.010,car_ID_2565,car,in,True
2026-07-28 01:46:40.576,car_ID_2571,car,out,True
2026-07-28 01:46:41.409,car_ID_2580,car,in,True
2026-07-28 01:46:41.609,car_ID_2569,car,in,True
2026-07-28 01:46:41.609,car_ID_2573,car,in,True
2026-07-28 01:46:41.980,car_ID_2575,car,in,True
2026-07-28 01:46:42.410,car_ID_2577,car,in,True
2026-07-28 01:46:42.513,car_ID_2582,car,out,True
2026-07-28 01:46:42.609,car_ID_2570,car,in,True
2026-07-28 01:46:42.745,truck_ID_1197,truck,in,True
2026-07-28 01:46:43.912,car_ID_2579,car,in,True
2026-07-28 01:46:44.444,car_ID_2584,car,out,True
2026-07-28 01:46:44.977,car_ID_2583,car,in,True
2026-07-28 01:46:45.379,truck_ID_1196,truck,in,True
2026-07-28 01:46:45.643,car_ID_2586,car,out,True
2026-07-28 01:46:45.711,car_ID_2589,car,out,True
2026-07-28 01:46:46.511,truck_ID_1202,truck,out,True
2026-07-28 01:46:47.142,car_ID_2585,car,in,True
2026-07-28 01:46:47.209,car_ID_2587,car,in,True
2026-07-28 01:46:47.209,car_ID_2592,car,out,True
2026-07-28 01:46:47.373,car_ID_2590,car,out,True
2026-07-28 01:46:49.407,car_ID_2591,car,in,True
2026-07-28 01:46:50.109,truck_ID_1201,truck,in,True
2026-07-28 01:46:50.776,car_ID_2600,car,out,True
2026-07-28 01:46:51.008,car_ID_2601,car,out,True
2026-07-28 01:46:51.442,car_ID_2594,car,in,True
2026-07-28 01:46:51.708,car_ID_2602,car,out,True
2026-07-28 01:46:52.110,truck_ID_1207,truck,in,True
2026-07-28 01:46:52.943,car_ID_2596,car,in,True
2026-07-28 01:46:53.907,truck_ID_1205,truck,in,True
2026-07-28 01:46:53.942,truck_ID_1214,truck,in,True
2026-07-28 01:46:55.345,car_ID_2607,car,out,True
2026-07-28 01:46:55.444,car_ID_2604,car,in,True
2026-07-28 01:46:55.779,car_ID_2613,car,in,True
2026-07-28 01:46:56.107,bus_ID_467,bus,in,True
2026-07-28 01:46:56.142,car_ID_2610,car,out,True
2026-07-28 01:46:56.344,truck_ID_1219,truck,in,True
2026-07-28 01:46:56.844,bus_ID_466,bus,in,True
2026-07-28 01:46:56.942,car_ID_2605,car,in,True
2026-07-28 01:46:57.176,car_ID_2609,car,in,True
2026-07-28 01:46:57.645,car_ID_2617,car,out,True
2026-07-28 01:46:57.777,car_ID_2612,car,in,True
2026-07-28 01:46:58.175,bus_ID_465,bus,out,True
2026-07-28 01:46:58.245,car_ID_2606,car,in,True
2026-07-28 01:46:58.410,car_ID_2618,car,out,True
2026-07-28 01:46:58.543,car_ID_2608,car,in,True
2026-07-28 01:46:58.742,truck_ID_1216,truck,in,True
2026-07-28 01:46:59.312,car_ID_2614,car,in,True
2026-07-28 01:47:00.176,car_ID_2620,car,out,True
2026-07-28 01:47:00.711,car_ID_2619,car,in,True
2026-07-28 01:47:01.508,bus_ID_469,bus,in,True
2026-07-28 01:47:01.541,car_ID_2639,car,in,True
2026-07-28 01:47:01.645,car_ID_2627,car,out,True
2026-07-28 01:47:01.745,car_ID_2626,car,out,True
2026-07-28 01:47:02.043,car_ID_2636,car,in,True
2026-07-28 01:47:02.142,car_ID_2622,car,in,True
2026-07-28 01:47:02.175,car_ID_2638,car,in,True
2026-07-28 01:47:02.443,truck_ID_1230,truck,in,True
2026-07-28 01:47:02.577,car_ID_2632,car,out,True
2026-07-28 01:47:02.609,truck_ID_1229,truck,in,True
2026-07-28 01:47:03.177,car_ID_2635,car,out,True
2026-07-28 01:47:03.308,car_ID_2630,car,out,True
2026-07-28 01:47:03.511,car_ID_2628,car,in,True
2026-07-28 01:47:03.876,bus_ID_475,bus,in,True
2026-07-28 01:47:03.876,car_ID_2633,car,in,True
2026-07-28 01:47:04.379,truck_ID_1231,truck,in,True
2026-07-28 01:47:04.409,car_ID_2629,car,in,True
2026-07-28 01:47:05.145,car_ID_2631,car,in,True
2026-07-28 01:47:05.444,truck_ID_1232,truck,in,True
2026-07-28 01:47:06.177,car_ID_2646,car,out,True
2026-07-28 01:47:06.541,car_ID_2634,car,in,True
2026-07-28 01:47:06.541,car_ID_2651,car,in,True
2026-07-28 01:47:07.045,truck_ID_1242,truck,in,True
2026-07-28 01:47:08.341,car_ID_2648,car,out,True
2026-07-28 01:47:09.046,car_ID_2645,car,in,True
2026-07-28 01:47:09.345,car_ID_2650,car,out,True
2026-07-28 01:47:10.710,car_ID_2654,car,in,True
2026-07-28 01:47:10.877,truck_ID_1252,truck,in,True
2026-07-28 01:47:10.976,truck_ID_1253,truck,in,True
2026-07-28 01:47:11.045,car_ID_2655,car,out,True
2026-07-28 01:47:11.211,car_ID_2657,car,out,True
2026-07-28 01:47:11.445,car_ID_2670,car,in,True
2026-07-28 01:47:11.545,car_ID_2652,car,in,True
2026-07-28 01:47:12.209,car_ID_2667,car,out,True
2026-07-28 01:47:12.378,car_ID_2653,car,in,True
2026-07-28 01:47:12.378,car_ID_2663,car,out,True
2026-07-28 01:47:13.042,bus_ID_485,bus,in,True
2026-07-28 01:47:13.409,car_ID_2665,car,in,True
2026-07-28 01:47:13.610,car_ID_2669,car,in,True
2026-07-28 01:47:13.675,truck_ID_1259,truck,in,True
2026-07-28 01:47:14.643,car_ID_2673,car,out,True
2026-07-28 01:47:15.178,car_ID_2666,car,in,True
2026-07-28 01:47:15.178,car_ID_2677,car,out,True
2026-07-28 01:47:16.446,car_ID_2679,car,out,True
2026-07-28 01:47:16.574,bus_ID_490,bus,in,True
2026-07-28 01:47:16.574,car_ID_2671,car,in,True
2026-07-28 01:47:16.575,car_ID_2675,car,in,True
2026-07-28 01:47:16.646,bus_ID_491,bus,in,True
2026-07-28 01:47:17.009,car_ID_2674,car,in,True
2026-07-28 01:47:17.208,car_ID_2678,car,in,True
2026-07-28 01:47:17.243,truck_ID_1265,truck,in,True
2026-07-28 01:47:18.178,car_ID_2683,car,in,True
2026-07-28 01:47:18.310,truck_ID_1266,truck,in,True
2026-07-28 01:47:18.610,truck_ID_1258,truck,out,True
2026-07-28 01:47:18.843,car_ID_2688,car,out,True
2026-07-28 01:47:19.511,car_ID_2682,car,in,True
2026-07-28 01:47:19.779,car_ID_2686,car,out,True
2026-07-28 01:47:19.809,car_ID_2689,car,out,True
2026-07-28 01:47:20.145,car_ID_2685,car,in,True
2026-07-28 01:47:21.509,car_ID_2687,car,in,True
2026-07-28 01:47:21.575,car_ID_2693,car,out,True
2026-07-28 01:47:22.508,car_ID_2696,car,in,True
2026-07-28 01:47:22.980,car_ID_2701,car,out,True
2026-07-28 01:47:23.744,car_ID_2700,car,out,True
2026-07-28 01:47:24.110,car_ID_2698,car,out,True
2026-07-28 01:47:24.145,car_ID_2695,car,in,True
2026-07-28 01:47:24.279,bus_ID_494,bus,out,True
2026-07-28 01:47:24.444,car_ID_2692,car,in,True
2026-07-28 01:47:24.744,car_ID_2703,car,out,True
2026-07-28 01:47:24.778,truck_ID_1272,truck,out,True
2026-07-28 01:47:25.042,car_ID_2697,car,in,True
2026-07-28 01:47:25.243,truck_ID_1278,truck,in,True
2026-07-28 01:47:25.243,car_ID_2712,car,in,True
2026-07-28 01:47:25.576,car_ID_2702,car,in,True
2026-07-28 01:47:25.608,car_ID_2704,car,in,True
2026-07-28 01:47:25.741,truck_ID_1277,truck,in,True
2026-07-28 01:47:26.110,car_ID_2709,car,out,True
2026-07-28 01:47:26.376,car_ID_2706,car,out,True
2026-07-28 01:47:26.844,truck_ID_1274,truck,in,True
2026-07-28 01:47:27.377,car_ID_2716,car,out,True
2026-07-28 01:47:27.443,truck_ID_1287,truck,out,True
2026-07-28 01:47:27.711,car_ID_2717,car,out,True
2026-07-28 01:47:27.809,car_ID_2715,car,in,True
2026-07-28 01:47:27.909,car_ID_2718,car,out,True
2026-07-28 01:47:27.942,bus_ID_498,bus,out,True
2026-07-28 01:47:28.210,car_ID_2730,car,out,True
2026-07-28 01:47:28.510,truck_ID_1286,truck,out,True
2026-07-28 01:47:29.774,car_ID_2710,car,in,True
2026-07-28 01:47:30.509,car_ID_2723,car,out,True
2026-07-28 01:47:30.644,car_ID_2732,car,in,True
2026-07-28 01:47:30.974,car_ID_2713,car,in,True
2026-07-28 01:47:31.476,car_ID_2731,car,out,True
2026-07-28 01:47:31.744,car_ID_2719,car,in,True
2026-07-28 01:47:31.778,car_ID_2721,car,in,True
2026-07-28 01:47:31.976,truck_ID_1292,truck,out,True
2026-07-28 01:47:32.009,truck_ID_1289,truck,in,True
2026-07-28 01:47:32.342,car_ID_2720,car,in,True
2026-07-28 01:47:32.911,car_ID_2727,car,in,True
2026-07-28 01:47:33.209,car_ID_2736,car,out,True
2026-07-28 01:47:33.344,car_ID_2726,car,in,True
2026-07-28 01:47:33.642,truck_ID_1295,truck,out,True
2026-07-28 01:47:34.177,car_ID_2747,car,out,True
2026-07-28 01:47:34.241,car_ID_2725,car,in,True
2026-07-28 01:47:35.909,car_ID_2738,car,in,True
2026-07-28 01:47:37.409,car_ID_2743,car,in,True
2026-07-28 01:47:37.744,car_ID_2739,car,in,True
2026-07-28 01:47:38.245,car_ID_2752,car,out,True
2026-07-28 01:47:38.308,truck_ID_1298,truck,out,True
2026-07-28 01:47:38.709,car_ID_2745,car,in,True
2026-07-28 01:47:38.809,truck_ID_1299,truck,out,True
2026-07-28 01:47:38.843,car_ID_2758,car,out,True
2026-07-28 01:47:39.177,truck_ID_1301,truck,in,True
2026-07-28 01:47:39.177,car_ID_2765,car,in,True
2026-07-28 01:47:39.809,car_ID_2751,car,in,True
2026-07-28 01:47:40.510,car_ID_2749,car,in,True
2026-07-28 01:47:40.607,car_ID_2750,car,in,True
2026-07-28 01:47:40.775,car_ID_2748,car,in,True
2026-07-28 01:47:41.145,truck_ID_1303,truck,in,True
2026-07-28 01:47:41.145,car_ID_2770,car,in,True
2026-07-28 01:47:41.642,truck_ID_1304,truck,in,True
2026-07-28 01:47:41.743,car_ID_2761,car,out,True
2026-07-28 01:47:42.009,car_ID_2764,car,out,True
2026-07-28 01:47:42.378,car_ID_2756,car,in,True
2026-07-28 01:47:42.542,truck_ID_1307,truck,in,True
2026-07-28 01:47:42.543,car_ID_2754,car,in,True
2026-07-28 01:47:42.577,truck_ID_1306,truck,in,True
2026-07-28 01:47:42.910,car_ID_2755,car,in,True
2026-07-28 01:47:43.043,car_ID_2774,car,in,True
2026-07-28 01:47:44.112,car_ID_2760,car,in,True
2026-07-28 01:47:44.343,car_ID_2766,car,out,True
2026-07-28 01:47:44.809,car_ID_2762,car,in,True
2026-07-28 01:47:45.177,car_ID_2767,car,out,True
2026-07-28 01:47:47.143,car_ID_2769,car,in,True
2026-07-28 01:47:47.342,car_ID_2768,car,in,True
2026-07-28 01:47:47.377,car_ID_2771,car,in,True
2026-07-28 01:47:47.942,car_ID_2779,car,out,True
2026-07-28 01:47:49.542,car_ID_2783,car,out,True
2026-07-28 01:47:49.942,bus_ID_506,bus,in,True
2026-07-28 01:47:49.942,truck_ID_1315,truck,in,True
2026-07-28 01:47:50.043,truck_ID_1313,truck,out,True
2026-07-28 01:47:50.111,car_ID_2775,car,in,True
2026-07-28 01:47:50.111,car_ID_2796,car,out,True
2026-07-28 01:47:50.244,car_ID_2777,car,in,True
2026-07-28 01:47:50.310,car_ID_2776,car,in,True
2026-07-28 01:47:50.578,car_ID_2781,car,in,True
2026-07-28 01:47:50.943,truck_ID_1318,truck,in,True
2026-07-28 01:47:51.377,car_ID_2784,car,in,True
2026-07-28 01:47:51.644,car_ID_2789,car,in,True
2026-07-28 01:47:51.713,car_ID_2788,car,in,True
2026-07-28 01:47:51.912,car_ID_2787,car,in,True
2026-07-28 01:47:52.178,car_ID_2790,car,in,True
2026-07-28 01:47:52.445,car_ID_2791,car,in,True
2026-07-28 01:47:52.576,car_ID_2793,car,out,True
2026-07-28 01:47:54.242,car_ID_2795,car,in,True
2026-07-28 01:47:54.376,truck_ID_1325,truck,in,True
2026-07-28 01:47:54.545,car_ID_2801,car,out,True
2026-07-28 01:47:55.176,truck_ID_1320,truck,out,True
2026-07-28 01:47:55.609,bus_ID_511,bus,out,True
2026-07-28 01:47:55.776,truck_ID_1324,truck,out,True
2026-07-28 01:47:55.876,truck_ID_1326,truck,out,True
2026-07-28 01:47:56.175,car_ID_2798,car,in,True
2026-07-28 01:47:56.377,car_ID_2813,car,out,True
2026-07-28 01:47:56.609,truck_ID_1331,truck,in,True
2026-07-28 01:47:57.011,car_ID_2810,car,out,True
2026-07-28 01:47:57.209,car_ID_2814,car,out,True
2026-07-28 01:47:57.578,car_ID_2804,car,in,True
2026-07-28 01:47:58.207,car_ID_2806,car,in,True
2026-07-28 01:47:58.311,car_ID_2800,car,in,True
2026-07-28 01:47:58.443,car_ID_2802,car,in,True
2026-07-28 01:47:58.942,car_ID_2819,car,out,True
2026-07-28 01:47:59.543,car_ID_2821,car,out,True
2026-07-28 01:47:59.909,car_ID_2811,car,in,True
2026-07-28 01:48:00.044,car_ID_2809,car,in,True
2026-07-28 01:48:00.177,car_ID_2828,car,in,True
2026-07-28 01:48:00.577,car_ID_2816,car,in,True
2026-07-28 01:48:00.709,truck_ID_1335,truck,in,True
2026-07-28 01:48:00.947,car_ID_2820,car,in,True
2026-07-28 01:48:01.046,truck_ID_1334,truck,in,True
2026-07-28 01:48:03.410,car_ID_2822,car,in,True
2026-07-28 01:48:04.377,car_ID_2826,car,in,True
2026-07-28 01:48:04.609,car_ID_2824,car,in,True
2026-07-28 01:48:05.107,bus_ID_515,bus,in,True
2026-07-28 01:48:05.107,car_ID_2823,car,in,True
2026-07-28 01:48:05.244,car_ID_2833,car,out,True
2026-07-28 01:48:05.711,car_ID_2830,car,in,True
2026-07-28 01:48:05.942,car_ID_2839,car,out,True
2026-07-28 01:48:06.410,car_ID_2835,car,in,True
2026-07-28 01:48:06.746,car_ID_2842,car,out,True
2026-07-28 01:48:06.777,car_ID_2831,car,in,True
2026-07-28 01:48:08.241,car_ID_2851,car,out,True
2026-07-28 01:48:08.513,car_ID_2840,car,in,True
2026-07-28 01:48:08.512,car_ID_2845,car,out,True
2026-07-28 01:48:08.979,car_ID_2838,car,in,True
2026-07-28 01:48:09.309,truck_ID_1345,truck,in,True
2026-07-28 01:48:09.746,car_ID_2850,car,out,True
2026-07-28 01:48:09.944,car_ID_2843,car,in,True
2026-07-28 01:48:09.945,car_ID_2853,car,out,True
2026-07-28 01:48:10.410,car_ID_2844,car,in,True
2026-07-28 01:48:11.243,car_ID_2855,car,out,True
2026-07-28 01:48:11.342,car_ID_2857,car,out,True
2026-07-28 01:48:11.712,car_ID_2848,car,in,True
2026-07-28 01:48:11.809,car_ID_2856,car,in,True
2026-07-28 01:48:11.911,car_ID_2859,car,out,True
2026-07-28 01:48:12.177,car_ID_2852,car,in,True
2026-07-28 01:48:13.911,car_ID_2865,car,out,True
2026-07-28 01:48:13.912,car_ID_2867,car,out,True
2026-07-28 01:48:14.611,car_ID_2858,car,in,True
2026-07-28 01:48:14.645,car_ID_2872,car,out,True
2026-07-28 01:48:14.810,car_ID_2854,car,in,True
2026-07-28 01:48:14.945,car_ID_2862,car,in,True
2026-07-28 01:48:15.143,car_ID_2866,car,in,True
2026-07-28 01:48:15.143,car_ID_2870,car,out,True
2026-07-28 01:48:15.609,car_ID_2860,car,in,True
2026-07-28 01:48:16.375,car_ID_2864,car,in,True
2026-07-28 01:48:17.912,car_ID_2880,car,out,True
2026-07-28 01:48:18.046,car_ID_2871,car,in,True
2026-07-28 01:48:18.312,car_ID_2869,car,in,True
2026-07-28 01:48:18.745,car_ID_2875,car,in,True
2026-07-28 01:48:18.844,car_ID_2879,car,in,True
2026-07-28 01:48:18.944,car_ID_2874,car,in,True
2026-07-28 01:48:18.944,car_ID_2883,car,in,True
2026-07-28 01:48:19.312,bus_ID_526,bus,out,True
2026-07-28 01:48:19.477,truck_ID_1366,truck,out,True
2026-07-28 01:48:19.707,truck_ID_1363,truck,out,True
2026-07-28 01:48:19.872,car_ID_2890,car,out,True
2026-07-28 01:48:20.145,bus_ID_522,bus,in,True
2026-07-28 01:48:20.211,car_ID_2881,car,in,True
2026-07-28 01:48:20.378,truck_ID_1373,truck,out,True
2026-07-28 01:48:20.410,car_ID_2882,car,in,True
2026-07-28 01:48:20.777,bus_ID_529,bus,in,True
2026-07-28 01:48:21.010,car_ID_2891,car,out,True
2026-07-28 01:48:21.178,car_ID_2898,car,in,True
2026-07-28 01:48:21.244,truck_ID_1378,truck,out,True
2026-07-28 01:48:21.312,truck_ID_1376,truck,in,True
2026-07-28 01:48:21.344,bus_ID_531,bus,out,True
2026-07-28 01:48:21.478,truck_ID_1375,truck,in,True
2026-07-28 01:48:21.477,car_ID_2903,car,in,True
2026-07-28 01:48:21.545,car_ID_2892,car,out,True
2026-07-28 01:48:22.008,car_ID_2896,car,out,True
2026-07-28 01:48:22.643,car_ID_2893,car,in,True
2026-07-28 01:48:23.743,car_ID_2884,car,in,True
2026-07-28 01:48:23.776,car_ID_2904,car,out,True
2026-07-28 01:48:24.278,truck_ID_1382,truck,in,True
2026-07-28 01:48:24.277,car_ID_2915,car,in,True
2026-07-28 01:48:24.542,car_ID_2895,car,in,True
2026-07-28 01:48:24.578,car_ID_2907,car,out,True
2026-07-28 01:48:24.777,truck_ID_1384,truck,in,True
2026-07-28 01:48:25.010,car_ID_2910,car,out,True
2026-07-28 01:48:25.209,car_ID_2897,car,in,True
2026-07-28 01:48:25.343,car_ID_2899,car,in,True
2026-07-28 01:48:25.376,car_ID_2909,car,out,True
2026-07-28 01:48:26.575,truck_ID_1386,truck,in,True
2026-07-28 01:48:26.779,car_ID_2913,car,in,True
2026-07-28 01:48:27.544,car_ID_2900,car,in,True
2026-07-28 01:48:27.776,car_ID_2901,car,in,True
2026-07-28 01:48:27.808,car_ID_2905,car,in,True
2026-07-28 01:48:28.848,car_ID_2912,car,in,True
2026-07-28 01:48:29.145,car_ID_2906,car,in,True
2026-07-28 01:48:29.977,truck_ID_1389,truck,in,True
2026-07-28 01:48:30.344,car_ID_2922,car,out,True
2026-07-28 01:48:31.444,car_ID_2925,car,out,True
2026-07-28 01:48:31.574,car_ID_2928,car,out,True
2026-07-28 01:48:32.381,car_ID_2919,car,in,True
2026-07-28 01:48:32.609,car_ID_2926,car,in,True
2026-07-28 01:48:33.642,car_ID_2924,car,in,True
2026-07-28 01:48:34.242,bus_ID_535,bus,in,True
2026-07-28 01:48:34.745,truck_ID_1391,truck,in,True
2026-07-28 01:48:34.776,car_ID_2930,car,in,True
2026-07-28 01:48:35.009,car_ID_2927,car,in,True
2026-07-28 01:48:35.713,truck_ID_1396,truck,out,True
2026-07-28 01:48:35.810,car_ID_2935,car,out,True
2026-07-28 01:48:36.344,truck_ID_1393,truck,in,True
2026-07-28 01:48:36.445,bus_ID_542,bus,out,True
2026-07-28 01:48:36.511,car_ID_2936,car,in,True
2026-07-28 01:48:36.850,truck_ID_1402,truck,out,True
2026-07-28 01:48:36.946,car_ID_2933,car,in,True
2026-07-28 01:48:36.979,car_ID_2948,car,in,True
2026-07-28 01:48:37.446,car_ID_2929,car,in,True
2026-07-28 01:48:37.513,truck_ID_1407,truck,in,True
2026-07-28 01:48:37.908,truck_ID_1406,truck,in,True
2026-07-28 01:48:38.145,car_ID_2941,car,out,True
2026-07-28 01:48:38.175,car_ID_2945,car,out,True
2026-07-28 01:48:38.845,car_ID_2944,car,out,True
2026-07-28 01:48:39.144,bus_ID_545,bus,in,True
2026-07-28 01:48:39.545,car_ID_2939,car,in,True
2026-07-28 01:48:39.643,car_ID_2950,car,out,True
2026-07-28 01:48:39.743,bus_ID_546,bus,in,True
2026-07-28 01:48:40.376,car_ID_2934,car,in,True
2026-07-28 01:48:40.513,car_ID_2953,car,out,True
2026-07-28 01:48:40.744,truck_ID_1408,truck,in,True
2026-07-28 01:48:40.976,car_ID_2943,car,in,True
2026-07-28 01:48:41.079,truck_ID_1409,truck,in,True
2026-07-28 01:48:41.145,car_ID_2940,car,in,True
2026-07-28 01:48:41.443,car_ID_2942,car,in,True
2026-07-28 01:48:41.576,car_ID_2946,car,in,True
2026-07-28 01:48:41.609,car_ID_2947,car,in,True
2026-07-28 01:48:42.410,car_ID_2960,car,out,True
2026-07-28 01:48:42.576,car_ID_2957,car,out,True
2026-07-28 01:48:42.842,car_ID_2958,car,out,True
2026-07-28 01:48:43.544,car_ID_2964,car,out,True
2026-07-28 01:48:44.042,car_ID_2955,car,in,True
2026-07-28 01:48:45.308,truck_ID_1415,truck,out,True
2026-07-28 01:48:45.778,car_ID_2968,car,out,True
2026-07-28 01:48:46.010,car_ID_2951,car,in,True
2026-07-28 01:48:46.010,car_ID_2976,car,out,True
2026-07-28 01:48:47.343,car_ID_2962,car,in,True
2026-07-28 01:48:48.176,truck_ID_1412,truck,out,True
2026-07-28 01:48:48.177,car_ID_2972,car,in,True
2026-07-28 01:48:48.647,car_ID_2966,car,in,True
2026-07-28 01:48:48.845,car_ID_2975,car,out,True
2026-07-28 01:48:49.012,car_ID_2977,car,out,True
2026-07-28 01:48:49.443,car_ID_2980,car,out,True
2026-07-28 01:48:49.746,car_ID_2965,car,in,True
2026-07-28 01:48:49.845,car_ID_2971,car,in,True
2026-07-28 01:48:49.945,truck_ID_1420,truck,in,True
2026-07-28 01:48:49.945,car_ID_2990,car,in,True
2026-07-28 01:48:50.044,car_ID_2973,car,in,True
2026-07-28 01:48:50.444,truck_ID_1419,truck,in,True
2026-07-28 01:48:50.577,car_ID_2983,car,out,True
2026-07-28 01:48:50.577,car_ID_2996,car,out,True
2026-07-28 01:48:50.878,truck_ID_1425,truck,out,True
2026-07-28 01:48:51.048,truck_ID_1423,truck,out,True
2026-07-28 01:48:51.048,car_ID_2979,car,out,True
2026-07-28 01:48:51.380,bus_ID_553,bus,out,True
2026-07-28 01:48:51.410,car_ID_2974,car,in,True
2026-07-28 01:48:51.609,car_ID_2982,car,in,True
2026-07-28 01:48:51.741,car_ID_2986,car,out,True
2026-07-28 01:48:52.377,car_ID_2992,car,out,True
2026-07-28 01:48:52.546,truck_ID_1413,truck,in,True
2026-07-28 01:48:52.546,car_ID_2991,car,in,True
2026-07-28 01:48:52.744,truck_ID_1421,truck,in,True
2026-07-28 01:48:52.945,car_ID_2997,car,out,True
2026-07-28 01:48:53.010,car_ID_2995,car,out,True
2026-07-28 01:48:53.042,car_ID_2993,car,out,True
2026-07-28 01:48:54.044,car_ID_2985,car,in,True
2026-07-28 01:48:54.145,car_ID_2984,car,in,True
2026-07-28 01:48:54.578,car_ID_2988,car,in,True
2026-07-28 01:48:54.776,car_ID_2989,car,in,True
2026-07-28 01:48:55.341,car_ID_3000,car,out,True
2026-07-28 01:48:56.043,car_ID_3006,car,out,True
2026-07-28 01:48:56.211,car_ID_3004,car,out,True
2026-07-28 01:48:57.511,car_ID_2998,car,in,True
2026-07-28 01:48:57.777,car_ID_3002,car,in,True
2026-07-28 01:48:58.345,car_ID_3019,car,out,True
2026-07-28 01:48:58.546,car_ID_3015,car,out,True
2026-07-28 01:48:58.979,car_ID_3001,car,in,True
2026-07-28 01:48:58.979,car_ID_3017,car,out,True
2026-07-28 01:48:59.609,car_ID_3003,car,in,True
2026-07-28 01:48:59.712,car_ID_3020,car,out,True
2026-07-28 01:49:01.012,car_ID_3025,car,out,True
2026-07-28 01:49:01.047,car_ID_3012,car,in,True
2026-07-28 01:49:01.046,car_ID_3030,car,out,True
2026-07-28 01:49:01.178,car_ID_3011,car,in,True
2026-07-28 01:49:01.313,car_ID_3018,car,in,True
2026-07-28 01:49:01.611,car_ID_3010,car,in,True
2026-07-28 01:49:02.775,car_ID_3026,car,in,True
2026-07-28 01:49:03.009,car_ID_3027,car,in,True
2026-07-28 01:49:03.177,car_ID_3022,car,in,True
2026-07-28 01:49:03.576,car_ID_3038,car,out,True
2026-07-28 01:49:03.944,car_ID_3037,car,out,True
2026-07-28 01:49:04.209,car_ID_3033,car,in,True
2026-07-28 01:49:04.609,car_ID_3042,car,out,True
2026-07-28 01:49:04.843,bus_ID_560,bus,in,True
2026-07-28 01:49:04.844,truck_ID_1444,truck,in,True
2026-07-28 01:49:05.144,car_ID_3041,car,out,True
2026-07-28 01:49:05.345,bus_ID_561,bus,in,True
2026-07-28 01:49:05.375,truck_ID_1442,truck,out,True
2026-07-28 01:49:06.378,car_ID_3035,car,in,True
2026-07-28 01:49:06.574,car_ID_3029,car,in,True
2026-07-28 01:49:06.946,car_ID_3045,car,in,True
2026-07-28 01:49:07.912,car_ID_3036,car,in,True
2026-07-28 01:49:07.912,car_ID_3040,car,in,True
2026-07-28 01:49:09.145,car_ID_3044,car,in,True
2026-07-28 01:49:09.177,truck_ID_1449,truck,out,True
2026-07-28 01:49:09.310,car_ID_3043,car,in,True
2026-07-28 01:49:09.380,car_ID_3046,car,in,True
2026-07-28 01:49:09.578,truck_ID_1445,truck,out,True
2026-07-28 01:49:09.810,car_ID_3052,car,in,True
2026-07-28 01:49:09.952,car_ID_3050,car,out,True
2026-07-28 01:49:10.316,car_ID_3068,car,out,True
2026-07-28 01:49:11.113,car_ID_3060,car,out,True
2026-07-28 01:49:11.374,car_ID_3053,car,in,True
2026-07-28 01:49:11.542,truck_ID_1443,truck,in,True
2026-07-28 01:49:11.745,car_ID_3048,car,in,True
2026-07-28 01:49:11.942,car_ID_3054,car,in,True
2026-07-28 01:49:12.309,car_ID_3056,car,in,True
2026-07-28 01:49:12.546,car_ID_3064,car,out,True
2026-07-28 01:49:12.779,car_ID_3066,car,out,True
2026-07-28 01:49:13.309,car_ID_3069,car,out,True
2026-07-28 01:49:13.543,car_ID_3062,car,in,True
2026-07-28 01:49:13.642,car_ID_3070,car,out,True
2026-07-28 01:49:13.777,car_ID_3057,car,in,True
2026-07-28 01:49:15.243,car_ID_3076,car,out,True
2026-07-28 01:49:15.345,car_ID_3074,car,out,True
2026-07-28 01:49:15.778,car_ID_3063,car,in,True
2026-07-28 01:49:15.778,car_ID_3065,car,in,True
2026-07-28 01:49:16.509,car_ID_3080,car,out,True
2026-07-28 01:49:17.709,car_ID_3067,car,in,True
2026-07-28 01:49:17.945,car_ID_3083,car,out,True
2026-07-28 01:49:18.045,car_ID_3073,car,in,True
2026-07-28 01:49:18.749,car_ID_3077,car,in,True
2026-07-28 01:49:18.777,car_ID_3071,car,in,True
2026-07-28 01:49:19.210,car_ID_3087,car,out,True
2026-07-28 01:49:19.577,car_ID_3079,car,in,True
2026-07-28 01:49:19.810,car_ID_3090,car,out,True
2026-07-28 01:49:20.182,car_ID_3078,car,in,True
2026-07-28 01:49:20.345,car_ID_3098,car,out,True
2026-07-28 01:49:20.380,truck_ID_1462,truck,in,True
2026-07-28 01:49:20.978,truck_ID_1458,truck,in,True
2026-07-28 01:49:21.182,car_ID_3085,car,in,True
2026-07-28 01:49:21.443,car_ID_3088,car,in,True
2026-07-28 01:49:21.610,car_ID_3099,car,out,True
2026-07-28 01:49:21.644,car_ID_3095,car,out,True
2026-07-28 01:49:23.147,car_ID_3096,car,in,True
2026-07-28 01:49:23.148,car_ID_3102,car,in,True
2026-07-28 01:49:23.211,car_ID_3086,car,in,True
2026-07-28 01:49:23.211,car_ID_3091,car,in,True
2026-07-28 01:49:23.344,car_ID_3103,car,out,True
2026-07-28 01:49:23.410,car_ID_3094,car,in,True
2026-07-28 01:49:23.842,truck_ID_1461,truck,in,True
2026-07-28 01:49:24.445,car_ID_3108,car,out,True
2026-07-28 01:49:24.643,car_ID_3110,car,out,True
2026-07-28 01:49:24.712,car_ID_3109,car,out,True
2026-07-28 01:49:24.778,car_ID_3101,car,in,True
2026-07-28 01:49:24.944,truck_ID_1466,truck,in,True
2026-07-28 01:49:26.009,car_ID_3106,car,in,True
2026-07-28 01:49:27.011,car_ID_3118,car,out,True
2026-07-28 01:49:27.045,car_ID_3119,car,out,True
2026-07-28 01:49:27.144,car_ID_3113,car,out,True
2026-07-28 01:49:28.210,car_ID_3105,car,in,True
2026-07-28 01:49:28.443,car_ID_3111,car,in,True
2026-07-28 01:49:28.443,car_ID_3120,car,out,True
2026-07-28 01:49:29.609,car_ID_3126,car,out,True
2026-07-28 01:49:29.978,car_ID_3115,car,in,True
2026-07-28 01:49:30.209,car_ID_3121,car,in,True
2026-07-28 01:49:30.209,car_ID_3124,car,out,True
2026-07-28 01:49:30.308,car_ID_3117,car,in,True
2026-07-28 01:49:31.146,car_ID_3116,car,in,True
2026-07-28 01:49:31.210,car_ID_3129,car,out,True
2026-07-28 01:49:31.578,car_ID_3122,car,in,True
2026-07-28 01:49:32.511,car_ID_3123,car,in,True
2026-07-28 01:49:33.010,car_ID_3125,car,in,True
2026-07-28 01:49:33.313,car_ID_3131,car,in,True
2026-07-28 01:49:33.909,car_ID_3130,car,in,True
2026-07-28 01:49:34.712,car_ID_3136,car,out,True
2026-07-28 01:49:34.809,car_ID_3138,car,out,True
2026-07-28 01:49:34.842,car_ID_3128,car,in,True
2026-07-28 01:49:35.042,car_ID_3133,car,in,True
2026-07-28 01:49:35.210,car_ID_3134,car,in,True
2026-07-28 01:49:36.443,car_ID_3135,car,in,True
2026-07-28 01:49:36.645,car_ID_3141,car,out,True
2026-07-28 01:49:37.177,car_ID_3137,car,in,True
2026-07-28 01:49:37.311,car_ID_3142,car,out,True
2026-07-28 01:49:37.775,car_ID_3149,car,out,True
2026-07-28 01:49:38.151,car_ID_3140,car,in,True
2026-07-28 01:49:38.347,car_ID_3144,car,in,True
2026-07-28 01:49:38.410,car_ID_3139,car,in,True
2026-07-28 01:49:38.975,car_ID_3152,car,out,True
2026-07-28 01:49:39.910,car_ID_3143,car,in,True
2026-07-28 01:49:39.910,car_ID_3148,car,in,True
2026-07-28 01:49:40.111,car_ID_3156,car,out,True
2026-07-28 01:49:41.143,car_ID_3158,car,out,True
2026-07-28 01:49:41.712,car_ID_3147,car,in,True
2026-07-28 01:49:41.845,car_ID_3151,car,in,True
2026-07-28 01:49:41.845,car_ID_3161,car,in,True
2026-07-28 01:49:42.109,truck_ID_1483,truck,in,True
2026-07-28 01:49:42.109,car_ID_3146,car,in,True
2026-07-28 01:49:42.809,car_ID_3165,car,out,True
2026-07-28 01:49:43.176,car_ID_3155,car,in,True
2026-07-28 01:49:43.242,car_ID_3153,car,in,True
2026-07-28 01:49:43.312,truck_ID_1484,truck,out,True
2026-07-28 01:49:44.611,car_ID_3160,car,in,True
2026-07-28 01:49:44.612,car_ID_3184,car,out,True
2026-07-28 01:49:45.045,truck_ID_1492,truck,in,True
2026-07-28 01:49:45.045,car_ID_3190,car,in,True
2026-07-28 01:49:45.111,truck_ID_1488,truck,out,True
2026-07-28 01:49:45.578,truck_ID_1494,truck,in,True
2026-07-28 01:49:45.610,car_ID_3163,car,in,True
2026-07-28 01:49:46.177,car_ID_3166,car,in,True
2026-07-28 01:49:46.210,car_ID_3174,car,in,True
2026-07-28 01:49:46.373,truck_ID_1490,truck,out,True
2026-07-28 01:49:46.374,car_ID_3180,car,out,True
2026-07-28 01:49:46.512,car_ID_3175,car,in,True
2026-07-28 01:49:47.375,car_ID_3188,car,out,True
2026-07-28 01:49:47.977,car_ID_3193,car,out,True
2026-07-28 01:49:48.042,car_ID_3186,car,in,True
2026-07-28 01:49:48.108,car_ID_3187,car,out,True
2026-07-28 01:49:49.046,car_ID_3196,car,out,True
2026-07-28 01:49:49.046,car_ID_3198,car,out,True
2026-07-28 01:49:49.240,car_ID_3197,car,out,True
2026-07-28 01:49:49.410,car_ID_3181,car,in,True
2026-07-28 01:49:50.043,car_ID_3179,car,in,True
2026-07-28 01:49:50.145,car_ID_3206,car,out,True
2026-07-28 01:49:50.376,car_ID_3203,car,out,True
2026-07-28 01:49:50.843,car_ID_3178,car,in,True
2026-07-28 01:49:51.244,car_ID_3192,car,in,True
2026-07-28 01:49:51.410,car_ID_3207,car,out,True
2026-07-28 01:49:51.442,car_ID_3208,car,out,True
2026-07-28 01:49:52.211,car_ID_3194,car,in,True
2026-07-28 01:49:53.014,car_ID_3201,car,in,True
2026-07-28 01:49:53.210,car_ID_3214,car,out,True
2026-07-28 01:49:53.344,car_ID_3211,car,in,True
2026-07-28 01:49:53.412,car_ID_3212,car,out,True
2026-07-28 01:49:53.944,car_ID_3217,car,out,True
2026-07-28 01:49:54.010,car_ID_3218,car,out,True
2026-07-28 01:49:54.076,truck_ID_1505,truck,out,True
2026-07-28 01:49:54.321,car_ID_3220,car,out,True
2026-07-28 01:49:54.643,car_ID_3209,car,in,True
2026-07-28 01:49:54.978,bus_ID_589,bus,in,True
2026-07-28 01:49:55.531,truck_ID_1502,truck,in,True
2026-07-28 01:49:55.785,car_ID_3216,car,in,True
2026-07-28 01:49:55.852,car_ID_3215,car,in,True
2026-07-28 01:49:55.852,car_ID_3222,car,out,True
2026-07-28 01:49:56.377,truck_ID_1504,truck,out,True
2026-07-28 01:49:56.447,car_ID_3221,car,in,True
2026-07-28 01:49:56.507,bus_ID_592,bus,out,True
2026-07-28 01:49:56.510,car_ID_3213,car,in,True
2026-07-28 01:49:56.728,bus_ID_590,bus,in,True
2026-07-28 01:49:56.729,car_ID_3223,car,out,True
2026-07-28 01:49:57.224,car_ID_3224,car,out,True
2026-07-28 01:49:57.588,car_ID_3227,car,out,True
2026-07-28 01:49:58.143,car_ID_3219,car,in,True
2026-07-28 01:49:58.179,truck_ID_1509,truck,in,True
2026-07-28 01:49:58.213,truck_ID_1503,truck,in,True
2026-07-28 01:49:59.009,car_ID_3232,car,out,True
2026-07-28 01:49:59.114,car_ID_3233,car,out,True
2026-07-28 01:50:00.515,car_ID_3225,car,in,True
2026-07-28 01:50:01.708,truck_ID_1517,truck,out,True
2026-07-28 01:50:02.209,car_ID_3236,car,in,True
2026-07-28 01:50:02.209,car_ID_3240,car,out,True
2026-07-28 01:50:03.343,car_ID_3231,car,in,True
2026-07-28 01:50:04.414,car_ID_3250,car,in,True
2026-07-28 01:50:04.816,car_ID_3246,car,in,True
2026-07-28 01:50:05.352,truck_ID_1524,truck,out,True
2026-07-28 01:50:05.788,truck_ID_1521,truck,out,True
2026-07-28 01:50:05.910,car_ID_3253,car,in,True
2026-07-28 01:50:06.111,car_ID_3252,car,in,True
2026-07-28 01:50:06.310,car_ID_3242,car,in,True
2026-07-28 01:50:07.014,car_ID_3257,car,out,True
2026-07-28 01:50:07.456,car_ID_3266,car,out,True
2026-07-28 01:50:07.714,car_ID_3254,car,in,True
2026-07-28 01:50:07.911,car_ID_3258,car,in,True
2026-07-28 01:50:08.345,car_ID_3272,car,out,True
2026-07-28 01:50:08.385,car_ID_3274,car,out,True
2026-07-28 01:50:08.612,car_ID_3276,car,out,True
2026-07-28 01:50:09.415,car_ID_3279,car,out,True
2026-07-28 01:50:09.581,truck_ID_1527,truck,in,True
2026-07-28 01:50:10.249,car_ID_3261,car,in,True
2026-07-28 01:50:10.747,car_ID_3262,car,in,True
2026-07-28 01:50:10.746,car_ID_3273,car,in,True
2026-07-28 01:50:11.046,car_ID_3275,car,in,True
2026-07-28 01:50:11.248,car_ID_3268,car,in,True
2026-07-28 01:50:11.781,car_ID_3286,car,out,True
2026-07-28 01:50:11.813,car_ID_3280,car,in,True
2026-07-28 01:50:11.953,car_ID_3278,car,in,True
2026-07-28 01:50:12.513,truck_ID_1540,truck,out,True
2026-07-28 01:50:12.585,car_ID_3289,car,out,True
2026-07-28 01:50:12.747,truck_ID_1538,truck,out,True
2026-07-28 01:50:13.012,car_ID_3298,car,out,True
2026-07-28 01:50:13.247,car_ID_3282,car,in,True
2026-07-28 01:50:13.378,car_ID_3294,car,out,True
2026-07-28 01:50:13.449,car_ID_3297,car,out,True
2026-07-28 01:50:13.681,car_ID_3303,car,out,True
2026-07-28 01:50:14.212,truck_ID_1545,truck,out,True
2026-07-28 01:50:14.244,truck_ID_1530,truck,in,True
2026-07-28 01:50:14.312,car_ID_3281,car,in,True
2026-07-28 01:50:14.377,truck_ID_1541,truck,out,True
2026-07-28 01:50:14.412,truck_ID_1544,truck,out,True
2026-07-28 01:50:14.451,car_ID_3291,car,out,True
2026-07-28 01:50:14.948,truck_ID_1546,truck,out,True
2026-07-28 01:50:14.947,car_ID_3307,car,out,True
2026-07-28 01:50:15.111,car_ID_3285,car,in,True
2026-07-28 01:50:15.513,truck_ID_1547,truck,out,True
2026-07-28 01:50:16.317,car_ID_3301,car,out,True
2026-07-28 01:50:17.016,car_ID_3302,car,out,True
2026-07-28 01:50:17.747,car_ID_3290,car,in,True
2026-07-28 01:50:17.747,car_ID_3312,car,out,True
2026-07-28 01:50:17.913,car_ID_3306,car,out,True
2026-07-28 01:50:18.013,car_ID_3311,car,out,True
2026-07-28 01:50:18.614,car_ID_3295,car,in,True
2026-07-28 01:50:19.014,car_ID_3309,car,out,True
2026-07-28 01:50:19.178,car_ID_3314,car,out,True
2026-07-28 01:50:19.347,car_ID_3293,car,in,True
2026-07-28 01:50:19.514,car_ID_3318,car,out,True
2026-07-28 01:50:20.049,truck_ID_1551,truck,out,True
2026-07-28 01:50:20.179,car_ID_3308,car,in,True
2026-07-28 01:50:20.513,car_ID_3304,car,in,True
2026-07-28 01:50:20.543,car_ID_3328,car,out,True
2026-07-28 01:50:20.577,car_ID_3317,car,out,True
2026-07-28 01:50:20.811,car_ID_3319,car,out,True
2026-07-28 01:50:20.847,truck_ID_1553,truck,out,True
2026-07-28 01:50:20.910,car_ID_3321,car,out,True
2026-07-28 01:50:20.946,truck_ID_1554,truck,out,True
2026-07-28 01:50:21.212,car_ID_3313,car,in,True
2026-07-28 01:50:21.410,car_ID_3324,car,out,True
2026-07-28 01:50:21.846,car_ID_3331,car,out,True
2026-07-28 01:50:22.181,car_ID_3325,car,out,True
2026-07-28 01:50:22.645,truck_ID_1556,truck,out,True
2026-07-28 01:50:22.689,truck_ID_1557,truck,out,True
2026-07-28 01:50:22.946,car_ID_3322,car,out,True
2026-07-28 01:50:23.148,car_ID_3332,car,out,True
2026-07-28 01:50:23.315,car_ID_3315,car,in,True
2026-07-28 01:50:23.642,car_ID_3316,car,in,True
2026-07-28 01:50:24.181,car_ID_3329,car,out,True
2026-07-28 01:50:25.044,truck_ID_1559,truck,out,True
2026-07-28 01:50:25.042,car_ID_3337,car,out,True
2026-07-28 01:50:25.146,car_ID_3335,car,out,True
2026-07-28 01:50:25.412,car_ID_3323,car,in,True
2026-07-28 01:50:25.446,car_ID_3320,car,in,True
2026-07-28 01:50:25.578,truck_ID_1558,truck,out,True
2026-07-28 01:50:26.551,truck_ID_1555,truck,in,True
2026-07-28 01:50:26.942,car_ID_3340,car,out,True
2026-07-28 01:50:27.012,car_ID_3327,car,in,True
2026-07-28 01:50:27.544,car_ID_3343,car,out,True
2026-07-28 01:50:27.808,car_ID_3342,car,out,True
2026-07-28 01:50:28.310,car_ID_3345,car,out,True
2026-07-28 01:50:28.344,car_ID_3344,car,out,True
2026-07-28 01:50:28.512,car_ID_3350,car,out,True
2026-07-28 01:50:28.551,car_ID_3330,car,in,True
2026-07-28 01:50:29.314,car_ID_3336,car,in,True
2026-07-28 01:50:29.314,car_ID_3352,car,out,True
2026-07-28 01:50:30.314,car_ID_3338,car,in,True
2026-07-28 01:50:31.210,car_ID_3354,car,out,True
2026-07-28 01:50:32.849,car_ID_3358,car,out,True
2026-07-28 01:50:32.978,car_ID_3348,car,in,True
2026-07-28 01:50:33.179,car_ID_3347,car,in,True
2026-07-28 01:50:33.578,car_ID_3346,car,in,True
2026-07-28 01:50:33.578,car_ID_3361,car,out,True
2026-07-28 01:50:34.380,car_ID_3357,car,in,True
2026-07-28 01:50:34.513,car_ID_3359,car,out,True
2026-07-28 01:50:35.810,car_ID_3360,car,in,True
2026-07-28 01:50:35.911,car_ID_3366,car,out,True
2026-07-28 01:50:35.948,car_ID_3367,car,out,True
2026-07-28 01:50:35.980,car_ID_3355,car,in,True
2026-07-28 01:50:36.787,car_ID_3369,car,out,True
2026-07-28 01:50:37.646,car_ID_3370,car,out,True
2026-07-28 01:50:38.043,car_ID_3363,car,in,True
2026-07-28 01:50:38.648,car_ID_3374,car,out,True
2026-07-28 01:50:38.746,car_ID_3362,car,in,True
2026-07-28 01:50:39.576,car_ID_3375,car,out,True
2026-07-28 01:50:39.778,car_ID_3379,car,out,True
2026-07-28 01:50:40.411,car_ID_3365,car,in,True
2026-07-28 01:50:40.941,car_ID_3368,car,in,True
2026-07-28 01:50:40.941,car_ID_3371,car,in,True
2026-07-28 01:50:41.186,car_ID_3372,car,in,True
2026-07-28 01:50:41.984,car_ID_3383,car,out,True
2026-07-28 01:50:42.279,truck_ID_1571,truck,out,True
2026-07-28 01:50:42.648,car_ID_3380,car,out,True
2026-07-28 01:50:43.217,car_ID_3373,car,in,True
2026-07-28 01:50:43.217,car_ID_3386,car,out,True
2026-07-28 01:50:43.378,truck_ID_1568,truck,in,True
2026-07-28 01:50:43.444,car_ID_3388,car,out,True
2026-07-28 01:50:43.777,car_ID_3378,car,in,True
2026-07-28 01:50:43.809,car_ID_3377,car,in,True
2026-07-28 01:50:45.114,car_ID_3392,car,out,True
2026-07-28 01:50:45.743,car_ID_3382,car,in,True
2026-07-28 01:50:45.845,car_ID_3381,car,in,True
2026-07-28 01:50:45.916,car_ID_3395,car,out,True
2026-07-28 01:50:46.410,car_ID_3391,car,in,True
2026-07-28 01:50:46.443,car_ID_3390,car,in,True
2026-07-28 01:50:46.544,car_ID_3387,car,in,True
2026-07-28 01:50:47.215,car_ID_3396,car,in,True
2026-07-28 01:50:47.316,car_ID_3404,car,out,True
2026-07-28 01:50:47.915,car_ID_3394,car,in,True
2026-07-28 01:50:48.675,car_ID_3405,car,out,True
2026-07-28 01:50:48.810,car_ID_3407,car,out,True
2026-07-28 01:50:49.116,truck_ID_1582,truck,out,True
2026-07-28 01:50:50.310,car_ID_3402,car,in,True
2026-07-28 01:50:50.549,car_ID_3399,car,in,True
2026-07-28 01:50:50.810,car_ID_3400,car,in,True
2026-07-28 01:50:51.010,car_ID_3412,car,out,True
2026-07-28 01:50:51.212,motorcycle_ID_21,motorcycle,out,True
2026-07-28 01:50:51.644,truck_ID_1585,truck,in,True
2026-07-28 01:50:51.848,car_ID_3409,car,in,True
2026-07-28 01:50:52.116,car_ID_3417,car,out,True
2026-07-28 01:50:52.142,truck_ID_1581,truck,in,True
2026-07-28 01:50:52.379,car_ID_3403,car,in,True
2026-07-28 01:50:52.443,car_ID_3410,car,in,True
2026-07-28 01:50:53.545,car_ID_3421,car,out,True
2026-07-28 01:50:54.944,car_ID_3411,car,in,True
2026-07-28 01:50:56.446,car_ID_3429,car,out,True
2026-07-28 01:50:56.844,car_ID_3420,car,in,True
2026-07-28 01:50:57.046,car_ID_3419,car,in,True
2026-07-28 01:50:57.211,car_ID_3424,car,in,True
2026-07-28 01:50:57.813,car_ID_3431,car,out,True
2026-07-28 01:50:58.813,car_ID_3435,car,out,True
2026-07-28 01:50:58.912,car_ID_3425,car,in,True
2026-07-28 01:50:59.649,car_ID_3427,car,in,True
2026-07-28 01:50:59.713,car_ID_3437,car,out,True
2026-07-28 01:51:00.357,car_ID_3438,car,out,True
2026-07-28 01:51:00.844,car_ID_3440,car,out,True
2026-07-28 01:51:01.346,car_ID_3432,car,in,True
2026-07-28 01:51:02.210,car_ID_3433,car,in,True
2026-07-28 01:51:02.913,car_ID_3445,car,out,True
2026-07-28 01:51:03.113,truck_ID_1596,truck,out,True
2026-07-28 01:51:03.147,truck_ID_1597,truck,out,True
2026-07-28 01:51:03.546,car_ID_3434,car,in,True
2026-07-28 01:51:03.610,car_ID_3447,car,out,True
2026-07-28 01:51:04.215,car_ID_3436,car,in,True
2026-07-28 01:51:05.044,car_ID_3442,car,in,True
2026-07-28 01:51:05.044,car_ID_3443,car,in,True
2026-07-28 01:51:05.113,car_ID_3439,car,in,True
2026-07-28 01:51:05.443,car_ID_3450,car,out,True
2026-07-28 01:51:05.846,car_ID_3441,car,in,True
2026-07-28 01:51:06.185,car_ID_3444,car,in,True
2026-07-28 01:51:06.251,truck_ID_1600,truck,out,True
2026-07-28 01:51:06.648,car_ID_3452,car,out,True
2026-07-28 01:51:07.140,truck_ID_1592,truck,out,True
2026-07-28 01:51:07.944,car_ID_3455,car,out,True
2026-07-28 01:51:08.847,bus_ID_641,bus,in,True
2026-07-28 01:51:09.010,car_ID_3458,car,out,True
2026-07-28 01:51:09.114,car_ID_3449,car,in,True
2026-07-28 01:51:09.353,car_ID_3464,car,in,True
2026-07-28 01:51:09.382,car_ID_3448,car,in,True
2026-07-28 01:51:09.382,car_ID_3451,car,in,True
2026-07-28 01:51:09.515,truck_ID_1608,truck,in,True
2026-07-28 01:51:09.515,car_ID_3469,car,in,True
2026-07-28 01:51:10.014,truck_ID_1607,truck,in,True
2026-07-28 01:51:10.644,car_ID_3468,car,out,True
2026-07-28 01:51:10.676,truck_ID_1606,truck,out,True
2026-07-28 01:51:10.742,car_ID_3463,car,out,True
2026-07-28 01:51:11.178,bus_ID_639,bus,out,True
2026-07-28 01:51:11.782,car_ID_3465,car,in,True
2026-07-28 01:51:11.977,car_ID_3456,car,in,True
2026-07-28 01:51:12.112,car_ID_3471,car,out,True
2026-07-28 01:51:12.413,car_ID_3454,car,in,True
2026-07-28 01:51:13.214,car_ID_3472,car,out,True
2026-07-28 01:51:13.314,car_ID_3474,car,out,True
2026-07-28 01:51:13.314,car_ID_3475,car,out,True
2026-07-28 01:51:13.443,car_ID_3457,car,in,True
2026-07-28 01:51:13.976,car_ID_3467,car,in,True
2026-07-28 01:51:14.919,car_ID_3480,car,out,True
2026-07-28 01:51:15.080,truck_ID_1613,truck,in,True
2026-07-28 01:51:15.080,car_ID_3489,car,in,True
2026-07-28 01:51:15.410,car_ID_3481,car,out,True
2026-07-28 01:51:16.318,car_ID_3482,car,out,True
2026-07-28 01:51:16.448,car_ID_3473,car,in,True
2026-07-28 01:51:16.577,car_ID_3478,car,in,True
2026-07-28 01:51:16.714,car_ID_3470,car,in,True
2026-07-28 01:51:16.981,car_ID_3486,car,out,True
2026-07-28 01:51:18.748,car_ID_3491,car,out,True
2026-07-28 01:51:18.944,car_ID_3490,car,out,True
2026-07-28 01:51:19.212,car_ID_3479,car,in,True
2026-07-28 01:51:19.246,car_ID_3476,car,in,True
2026-07-28 01:51:19.712,car_ID_3485,car,in,True
2026-07-28 01:51:19.948,car_ID_3487,car,in,True
2026-07-28 01:51:20.513,car_ID_3498,car,out,True
2026-07-28 01:51:20.913,car_ID_3493,car,in,True
2026-07-28 01:51:20.977,car_ID_3503,car,out,True
2026-07-28 01:51:21.009,car_ID_3500,car,out,True
2026-07-28 01:51:21.111,car_ID_3497,car,out,True
2026-07-28 01:51:21.413,car_ID_3488,car,in,True
2026-07-28 01:51:22.077,truck_ID_1618,truck,in,True
2026-07-28 01:51:22.180,car_ID_3502,car,out,True
2026-07-28 01:51:22.946,car_ID_3508,car,out,True
2026-07-28 01:51:23.110,car_ID_3494,car,in,True
2026-07-28 01:51:23.381,car_ID_3499,car,in,True
2026-07-28 01:51:24.311,car_ID_3510,car,out,True
2026-07-28 01:51:24.909,car_ID_3501,car,in,True
2026-07-28 01:51:24.909,car_ID_3512,car,out,True
2026-07-28 01:51:25.679,car_ID_3522,car,out,True
2026-07-28 01:51:25.945,truck_ID_1628,truck,out,True
2026-07-28 01:51:26.144,truck_ID_1627,truck,in,True
2026-07-28 01:51:26.454,truck_ID_1626,truck,out,True
2026-07-28 01:51:26.649,car_ID_3504,car,in,True
2026-07-28 01:51:26.649,car_ID_3514,car,out,True
2026-07-28 01:51:27.042,car_ID_3507,car,in,True
2026-07-28 01:51:27.545,car_ID_3505,car,in,True
2026-07-28 01:51:28.380,car_ID_3518,car,out,True
2026-07-28 01:51:28.977,car_ID_3521,car,out,True
2026-07-28 01:51:29.011,car_ID_3523,car,out,True
2026-07-28 01:51:29.045,truck_ID_1634,truck,out,True
2026-07-28 01:51:29.245,car_ID_3511,car,in,True
2026-07-28 01:51:30.010,car_ID_3528,car,out,True
2026-07-28 01:51:30.381,truck_ID_1632,truck,out,True
2026-07-28 01:51:30.418,car_ID_3517,car,in,True
2026-07-28 01:51:30.548,car_ID_3516,car,in,True
2026-07-28 01:51:31.310,car_ID_3520,car,in,True
2026-07-28 01:51:31.642,car_ID_3532,car,out,True
2026-07-28 01:51:32.846,car_ID_3524,car,in,True
2026-07-28 01:51:33.311,truck_ID_1631,truck,in,True
2026-07-28 01:51:33.417,truck_ID_1641,truck,in,True
2026-07-28 01:51:33.582,car_ID_3537,car,out,True
2026-07-28 01:51:33.715,car_ID_3529,car,in,True
2026-07-28 01:51:34.378,car_ID_3543,car,out,True
2026-07-28 01:51:34.646,car_ID_3539,car,out,True
2026-07-28 01:51:34.955,truck_ID_1630,truck,in,True
2026-07-28 01:51:35.079,car_ID_3546,car,out,True
2026-07-28 01:51:35.416,car_ID_3547,car,out,True
2026-07-28 01:51:36.177,person_ID_27,person,in,True
2026-07-28 01:51:36.211,car_ID_3549,car,out,True
2026-07-28 01:51:36.612,motorcycle_ID_24,motorcycle,in,True
2026-07-28 01:51:36.747,car_ID_3531,car,in,True
2026-07-28 01:51:36.851,truck_ID_1642,truck,out,True
2026-07-28 01:51:37.346,car_ID_3541,car,in,True
2026-07-28 01:51:37.951,car_ID_3542,car,in,True
2026-07-28 01:51:38.178,car_ID_3553,car,in,True
2026-07-28 01:51:38.245,truck_ID_1643,truck,out,True
2026-07-28 01:51:38.346,bus_ID_660,bus,in,True
2026-07-28 01:51:38.979,truck_ID_1637,truck,in,True
2026-07-28 01:51:39.051,car_ID_3551,car,in,True
2026-07-28 01:51:39.251,bus_ID_659,bus,in,True
2026-07-28 01:51:39.548,car_ID_3550,car,in,True
2026-07-28 01:51:39.718,truck_ID_1649,truck,in,True
2026-07-28 01:51:40.344,truck_ID_1656,truck,out,True
2026-07-28 01:51:40.342,car_ID_3556,car,out,True
2026-07-28 01:51:40.644,truck_ID_1650,truck,in,True
2026-07-28 01:51:40.844,truck_ID_1654,truck,out,True
2026-07-28 01:51:41.053,car_ID_3559,car,out,True
2026-07-28 01:51:41.123,car_ID_3573,car,out,True
2026-07-28 01:51:41.176,car_ID_3574,car,out,True
2026-07-28 01:51:42.148,truck_ID_1660,truck,out,True
2026-07-28 01:51:42.610,car_ID_3566,car,out,True
2026-07-28 01:51:42.946,car_ID_3578,car,out,True
2026-07-28 01:51:44.177,car_ID_3557,car,in,True
2026-07-28 01:51:44.254,car_ID_3562,car,in,True
2026-07-28 01:51:44.612,car_ID_3577,car,out,True
2026-07-28 01:51:44.747,car_ID_3563,car,in,True
2026-07-28 01:51:44.746,car_ID_3575,car,out,True
2026-07-28 01:51:44.978,truck_ID_1665,truck,out,True
2026-07-28 01:51:45.382,truck_ID_1664,truck,out,True
2026-07-28 01:51:45.514,car_ID_3585,car,out,True
2026-07-28 01:51:45.747,truck_ID_1658,truck,out,True
2026-07-28 01:51:45.910,car_ID_3579,car,out,True
2026-07-28 01:51:46.515,truck_ID_1653,truck,in,True
2026-07-28 01:51:46.718,car_ID_3568,car,in,True
2026-07-28 01:51:47.250,car_ID_3584,car,out,True
2026-07-28 01:51:47.946,car_ID_3576,car,in,True
2026-07-28 01:51:48.145,car_ID_3580,car,in,True
2026-07-28 01:51:48.217,car_ID_3572,car,in,True
2026-07-28 01:51:48.793,car_ID_3590,car,out,True
2026-07-28 01:51:48.813,car_ID_3589,car,out,True
2026-07-28 01:51:49.813,car_ID_3592,car,out,True
2026-07-28 01:51:49.849,car_ID_3591,car,out,True
2026-07-28 01:51:50.579,car_ID_3595,car,out,True
2026-07-28 01:51:50.780,car_ID_3583,car,in,True
2026-07-28 01:51:51.210,truck_ID_1667,truck,out,True
2026-07-28 01:51:51.447,car_ID_3586,car,in,True
2026-07-28 01:51:51.810,car_ID_3581,car,in,True
2026-07-28 01:51:52.610,car_ID_3588,car,in,True
2026-07-28 01:51:52.714,car_ID_3587,car,in,True
2026-07-28 01:51:52.746,car_ID_3601,car,out,True
2026-07-28 01:51:53.442,bus_ID_672,bus,out,True
2026-07-28 01:51:53.476,truck_ID_1673,truck,out,True
2026-07-28 01:51:53.547,car_ID_3593,car,in,True
2026-07-28 01:51:54.544,truck_ID_1678,truck,out,True
2026-07-28 01:51:54.545,car_ID_3603,car,out,True
2026-07-28 01:51:54.578,car_ID_3597,car,in,True
2026-07-28 01:51:54.578,car_ID_3606,car,out,True
2026-07-28 01:51:55.010,car_ID_3598,car,in,True
2026-07-28 01:51:55.045,car_ID_3617,car,out,True
2026-07-28 01:51:55.111,truck_ID_1676,truck,out,True
2026-07-28 01:51:55.379,car_ID_3607,car,out,True
2026-07-28 01:51:55.647,car_ID_3622,car,out,True
2026-07-28 01:51:56.110,car_ID_3602,car,in,True
2026-07-28 01:51:56.147,truck_ID_1680,truck,out,True
2026-07-28 01:51:56.147,car_ID_3599,car,in,True
2026-07-28 01:51:56.278,car_ID_3612,car,out,True
2026-07-28 01:51:56.409,car_ID_3613,car,out,True
2026-07-28 01:51:56.908,truck_ID_1682,truck,out,True
2026-07-28 01:51:57.847,car_ID_3618,car,out,True
2026-07-28 01:51:58.217,car_ID_3614,car,out,True
2026-07-28 01:51:58.380,car_ID_3620,car,out,True
2026-07-28 01:51:59.154,car_ID_3608,car,in,True
2026-07-28 01:51:59.179,car_ID_3605,car,in,True
2026-07-28 01:51:59.445,car_ID_3623,car,out,True
2026-07-28 01:51:59.647,car_ID_3639,car,out,True
2026-07-28 01:51:59.846,car_ID_3611,car,in,True
2026-07-28 01:51:59.876,truck_ID_1684,truck,out,True
2026-07-28 01:51:59.915,car_ID_3629,car,out,True
2026-07-28 01:51:59.953,car_ID_3609,car,in,True
2026-07-28 01:52:00.181,car_ID_3621,car,in,True
2026-07-28 01:52:00.547,truck_ID_1686,truck,out,True
2026-07-28 01:52:00.778,car_ID_3616,car,in,True
2026-07-28 01:52:01.446,car_ID_3631,car,out,True
2026-07-28 01:52:01.477,truck_ID_1690,truck,out,True
2026-07-28 01:52:01.474,car_ID_3640,car,out,True
2026-07-28 01:52:01.548,car_ID_3619,car,in,True
2026-07-28 01:52:01.548,car_ID_3635,car,out,True
2026-07-28 01:52:02.378,car_ID_3634,car,out,True
2026-07-28 01:52:02.512,car_ID_3638,car,out,True
2026-07-28 01:52:02.915,car_ID_3642,car,out,True
2026-07-28 01:52:02.951,car_ID_3627,car,in,True
2026-07-28 01:52:03.112,car_ID_3625,car,in,True
2026-07-28 01:52:03.112,car_ID_3643,car,out,True
2026-07-28 01:52:03.153,truck_ID_1687,truck,out,True
2026-07-28 01:52:03.507,truck_ID_1694,truck,out,True
2026-07-28 01:52:04.442,car_ID_3646,car,out,True
2026-07-28 01:52:04.950,car_ID_3647,car,out,True
2026-07-28 01:52:05.046,car_ID_3644,car,out,True
2026-07-28 01:52:05.212,car_ID_3632,car,in,True
2026-07-28 01:52:05.977,car_ID_3655,car,out,True
2026-07-28 01:52:06.321,car_ID_3636,car,in,True
2026-07-28 01:52:06.579,car_ID_3633,car,in,True
2026-07-28 01:52:06.579,car_ID_3637,car,in,True
2026-07-28 01:52:06.650,car_ID_3658,car,out,True
2026-07-28 01:52:07.211,car_ID_3651,car,in,True
2026-07-28 01:52:07.312,car_ID_3641,car,in,True
2026-07-28 01:52:07.550,car_ID_3659,car,out,True
2026-07-28 01:52:07.843,truck_ID_1693,truck,out,True
2026-07-28 01:52:07.910,car_ID_3650,car,in,True
2026-07-28 01:52:08.543,car_ID_3666,car,out,True
2026-07-28 01:52:08.647,truck_ID_1703,truck,in,True
2026-07-28 01:52:08.712,bus_ID_684,bus,out,True
2026-07-28 01:52:08.884,truck_ID_1706,truck,out,True
2026-07-28 01:52:08.962,car_ID_3667,car,out,True
2026-07-28 01:52:09.212,bus_ID_682,bus,in,True
2026-07-28 01:52:09.211,car_ID_3668,car,out,True
2026-07-28 01:52:09.453,car_ID_3677,car,out,True
2026-07-28 01:52:09.548,car_ID_3654,car,in,True
2026-07-28 01:52:10.515,car_ID_3675,car,out,True
2026-07-28 01:52:10.911,car_ID_3676,car,out,True
2026-07-28 01:52:11.113,car_ID_3664,car,in,True
2026-07-28 01:52:11.589,car_ID_3661,car,in,True
2026-07-28 01:52:11.588,car_ID_3669,car,in,True
2026-07-28 01:52:11.720,car_ID_3662,car,in,True
2026-07-28 01:52:11.757,truck_ID_1708,truck,in,True
2026-07-28 01:52:11.785,car_ID_3679,car,out,True
2026-07-28 01:52:12.179,truck_ID_1712,truck,out,True
2026-07-28 01:52:12.313,car_ID_3670,car,in,True
2026-07-28 01:52:12.378,car_ID_3684,car,out,True
2026-07-28 01:52:12.845,bus_ID_690,bus,out,True
2026-07-28 01:52:13.350,truck_ID_1720,truck,out,True
2026-07-28 01:52:14.410,car_ID_3690,car,out,True
2026-07-28 01:52:14.815,car_ID_3697,car,out,True
2026-07-28 01:52:14.842,car_ID_3672,car,in,True
2026-07-28 01:52:15.810,car_ID_3683,car,in,True
2026-07-28 01:52:15.844,car_ID_3700,car,out,True
2026-07-28 01:52:17.316,car_ID_3701,car,out,True
2026-07-28 01:52:17.716,car_ID_3705,car,out,True
2026-07-28 01:52:18.513,car_ID_3691,car,in,True
2026-07-28 01:52:18.744,car_ID_3692,car,in,True
2026-07-28 01:52:19.515,car_ID_3699,car,in,True
2026-07-28 01:52:19.552,car_ID_3694,car,in,True
2026-07-28 01:52:19.717,car_ID_3710,car,out,True
2026-07-28 01:52:19.717,car_ID_3716,car,out,True
2026-07-28 01:52:19.980,truck_ID_1726,truck,out,True
2026-07-28 01:52:20.245,car_ID_3714,car,out,True
2026-07-28 01:52:20.415,car_ID_3698,car,in,True
2026-07-28 01:52:20.415,car_ID_3712,car,out,True
2026-07-28 01:52:20.844,car_ID_3717,car,out,True
2026-07-28 01:52:21.181,car_ID_3707,car,in,True
2026-07-28 01:52:21.249,car_ID_3708,car,in,True
2026-07-28 01:52:21.343,car_ID_3723,car,in,True
2026-07-28 01:52:21.577,truck_ID_1730,truck,out,True
2026-07-28 01:52:22.115,car_ID_3724,car,out,True
2026-07-28 01:52:22.115,car_ID_3725,car,out,True
2026-07-28 01:52:22.380,car_ID_3706,car,in,True
2026-07-28 01:52:22.646,car_ID_3720,car,in,True
2026-07-28 01:52:22.847,car_ID_3713,car,in,True
2026-07-28 01:52:23.380,bus_ID_693,bus,in,True
2026-07-28 01:52:23.411,car_ID_3729,car,out,True
2026-07-28 01:52:23.647,car_ID_3732,car,out,True
2026-07-28 01:52:23.748,bus_ID_692,bus,in,True
2026-07-28 01:52:24.215,truck_ID_1731,truck,in,True
2026-07-28 01:52:24.549,car_ID_3735,car,out,True
2026-07-28 01:52:24.714,car_ID_3733,car,out,True
2026-07-28 01:52:24.988,car_ID_3718,car,in,True
2026-07-28 01:52:25.050,car_ID_3740,car,out,True
2026-07-28 01:52:25.318,car_ID_3731,car,in,True
2026-07-28 01:52:25.411,car_ID_3736,car,out,True
2026-07-28 01:52:26.113,car_ID_3747,car,out,True
2026-07-28 01:52:26.310,truck_ID_1732,truck,in,True
2026-07-28 01:52:26.342,car_ID_3748,car,out,True
2026-07-28 01:52:26.644,car_ID_3749,car,out,True
2026-07-28 01:52:26.746,car_ID_3728,car,in,True
2026-07-28 01:52:27.214,car_ID_3722,car,in,True
2026-07-28 01:52:27.376,bus_ID_694,bus,in,True
2026-07-28 01:52:27.448,bus_ID_696,bus,in,True
2026-07-28 01:52:27.712,car_ID_3752,car,out,True
2026-07-28 01:52:27.910,truck_ID_1739,truck,in,True
2026-07-28 01:52:28.349,car_ID_3751,car,out,True
2026-07-28 01:52:28.647,car_ID_3744,car,in,True
2026-07-28 01:52:28.819,truck_ID_1741,truck,out,True
2026-07-28 01:52:28.950,car_ID_3734,car,in,True
2026-07-28 01:52:29.314,car_ID_3767,car,out,True
2026-07-28 01:52:29.610,car_ID_3741,car,in,True
2026-07-28 01:52:30.013,car_ID_3771,car,out,True
2026-07-28 01:52:30.043,car_ID_3759,car,out,True
2026-07-28 01:52:30.645,car_ID_3760,car,out,True
2026-07-28 01:52:30.916,car_ID_3738,car,in,True
2026-07-28 01:52:30.951,car_ID_3775,car,out,True
2026-07-28 01:52:31.245,truck_ID_1735,truck,in,True
2026-07-28 01:52:31.379,car_ID_3764,car,out,True
2026-07-28 01:52:32.713,car_ID_3768,car,out,True
2026-07-28 01:52:32.949,car_ID_3774,car,out,True
2026-07-28 01:52:33.445,car_ID_3763,car,in,True
2026-07-28 01:52:33.551,car_ID_3777,car,out,True
2026-07-28 01:52:33.846,car_ID_3750,car,in,True
2026-07-28 01:52:34.554,car_ID_3778,car,out,True
2026-07-28 01:52:34.918,car_ID_3758,car,in,True
2026-07-28 01:52:35.976,car_ID_3781,car,out,True
2026-07-28 01:52:36.651,car_ID_3772,car,in,True
2026-07-28 01:52:36.744,car_ID_3769,car,in,True
2026-07-28 01:52:36.978,car_ID_3785,car,out,True
2026-07-28 01:52:37.111,car_ID_3783,car,out,True
2026-07-28 01:52:37.209,car_ID_3780,car,in,True
2026-07-28 01:52:37.555,car_ID_3786,car,out,True
2026-07-28 01:52:38.043,car_ID_3787,car,out,True
2026-07-28 01:52:38.712,car_ID_3793,car,out,True
2026-07-28 01:52:38.788,car_ID_3794,car,out,True
2026-07-28 01:52:39.045,car_ID_3779,car,in,True
2026-07-28 01:52:39.310,car_ID_3784,car,in,True
2026-07-28 01:52:39.846,car_ID_3795,car,out,True
2026-07-28 01:52:40.010,car_ID_3797,car,out,True
2026-07-28 01:52:40.413,car_ID_3801,car,out,True
2026-07-28 01:52:40.776,car_ID_3782,car,in,True
2026-07-28 01:52:40.857,car_ID_3802,car,out,True
2026-07-28 01:52:41.446,car_ID_3803,car,out,True
2026-07-28 01:52:41.715,car_ID_3789,car,in,True
2026-07-28 01:52:41.982,car_ID_3804,car,out,True
2026-07-28 01:52:42.583,car_ID_3806,car,out,True
2026-07-28 01:52:42.777,car_ID_3790,car,in,True
2026-07-28 01:52:43.052,car_ID_3792,car,in,True
2026-07-28 01:52:43.051,car_ID_3809,car,out,True
2026-07-28 01:52:43.314,car_ID_3810,car,out,True
2026-07-28 01:52:43.343,car_ID_3823,car,out,True
2026-07-28 01:52:43.544,car_ID_3813,car,out,True
2026-07-28 01:52:43.811,truck_ID_1763,truck,out,True
2026-07-28 01:52:43.948,truck_ID_1764,truck,out,True
2026-07-28 01:52:44.378,car_ID_3796,car,in,True
2026-07-28 01:52:44.578,car_ID_3814,car,out,True
2026-07-28 01:52:45.114,truck_ID_1759,truck,out,True
2026-07-28 01:52:45.388,car_ID_3820,car,out,True
2026-07-28 01:52:45.585,car_ID_3819,car,out,True
2026-07-28 01:52:45.745,car_ID_3799,car,in,True
2026-07-28 01:52:46.580,car_ID_3828,car,out,True
2026-07-28 01:52:46.718,car_ID_3816,car,in,True
2026-07-28 01:52:46.754,car_ID_3818,car,in,True
2026-07-28 01:52:46.784,car_ID_3808,car,in,True
2026-07-28 01:52:46.812,truck_ID_1762,truck,out,True
2026-07-28 01:52:47.013,car_ID_3825,car,in,True
2026-07-28 01:52:47.213,car_ID_3829,car,out,True
2026-07-28 01:52:48.212,car_ID_3831,car,out,True
2026-07-28 01:52:48.512,car_ID_3832,car,out,True
2026-07-28 01:52:48.512,car_ID_3835,car,out,True
2026-07-28 01:52:48.577,truck_ID_1771,truck,out,True
2026-07-28 01:52:48.810,car_ID_3822,car,in,True
2026-07-28 01:52:49.082,bus_ID_710,bus,out,True
2026-07-28 01:52:49.347,car_ID_3833,car,out,True
2026-07-28 01:52:49.710,car_ID_3817,car,in,True
2026-07-28 01:52:50.049,car_ID_3838,car,out,True
2026-07-28 01:52:50.577,car_ID_3815,car,in,True
2026-07-28 01:52:50.646,car_ID_3840,car,out,True
2026-07-28 01:52:50.715,car_ID_3827,car,in,True
2026-07-28 01:52:51.188,car_ID_3846,car,in,True
2026-07-28 01:52:51.213,car_ID_3847,car,in,True
2026-07-28 01:52:51.644,car_ID_3844,car,out,True
2026-07-28 01:52:52.409,car_ID_3826,car,in,True
2026-07-28 01:52:52.711,car_ID_3836,car,in,True
2026-07-28 01:52:53.442,car_ID_3834,car,in,True
2026-07-28 01:52:53.442,car_ID_3839,car,in,True
2026-07-28 01:52:53.610,car_ID_3854,car,out,True
2026-07-28 01:52:54.346,car_ID_3842,car,in,True
2026-07-28 01:52:54.449,car_ID_3837,car,in,True
2026-07-28 01:52:56.209,car_ID_3849,car,in,True
2026-07-28 01:52:56.809,truck_ID_1783,truck,out,True
2026-07-28 01:52:56.878,car_ID_3866,car,out,True
2026-07-28 01:52:57.410,car_ID_3852,car,in,True
2026-07-28 01:52:57.847,car_ID_3869,car,out,True
2026-07-28 01:52:58.308,car_ID_3863,car,out,True
2026-07-28 01:52:58.810,truck_ID_1788,truck,out,True
2026-07-28 01:52:58.947,car_ID_3855,car,in,True
2026-07-28 01:52:59.244,car_ID_3858,car,in,True
2026-07-28 01:53:00.579,car_ID_3871,car,out,True
2026-07-28 01:53:00.747,car_ID_3870,car,out,True
2026-07-28 01:53:00.983,truck_ID_1790,truck,in,True
2026-07-28 01:53:01.613,car_ID_3867,car,in,True
2026-07-28 01:53:01.643,car_ID_3861,car,in,True
2026-07-28 01:53:02.415,car_ID_3859,car,in,True
2026-07-28 01:53:02.512,truck_ID_1793,truck,out,True
2026-07-28 01:53:02.912,truck_ID_1792,truck,out,True
2026-07-28 01:53:03.045,car_ID_3862,car,in,True
2026-07-28 01:53:03.110,car_ID_3879,car,out,True
2026-07-28 01:53:03.412,car_ID_3868,car,in,True
2026-07-28 01:53:03.949,car_ID_3883,car,out,True
2026-07-28 01:53:04.713,car_ID_3872,car,in,True
2026-07-28 01:53:04.912,car_ID_3874,car,in,True
2026-07-28 01:53:04.980,car_ID_3880,car,in,True
2026-07-28 01:53:05.147,car_ID_3884,car,out,True
2026-07-28 01:53:05.912,car_ID_3887,car,out,True
2026-07-28 01:53:05.953,car_ID_3875,car,in,True
2026-07-28 01:53:06.448,car_ID_3882,car,in,True
2026-07-28 01:53:06.519,truck_ID_1804,truck,in,True
2026-07-28 01:53:06.543,car_ID_3899,car,in,True
2026-07-28 01:53:06.915,car_ID_3892,car,in,True
2026-07-28 01:53:07.048,truck_ID_1803,truck,in,True
2026-07-28 01:53:07.417,car_ID_3896,car,out,True
2026-07-28 01:53:07.544,bus_ID_720,bus,out,True
2026-07-28 01:53:07.545,truck_ID_1805,truck,out,True
2026-07-28 01:53:07.812,car_ID_3897,car,in,True
2026-07-28 01:53:07.878,truck_ID_1806,truck,out,True
2026-07-28 01:53:08.046,bus_ID_721,bus,out,True
2026-07-28 01:53:08.046,truck_ID_1794,truck,out,True
2026-07-28 01:53:08.512,car_ID_3886,car,in,True
2026-07-28 01:53:08.780,car_ID_3885,car,in,True
2026-07-28 01:53:08.815,car_ID_3891,car,in,True
2026-07-28 01:53:08.982,car_ID_3903,car,out,True
2026-07-28 01:53:09.109,car_ID_3904,car,out,True
2026-07-28 01:53:09.348,car_ID_3890,car,in,True
2026-07-28 01:53:10.576,car_ID_3907,car,out,True
2026-07-28 01:53:10.912,car_ID_3910,car,in,True
2026-07-28 01:53:10.912,car_ID_3912,car,out,True
2026-07-28 01:53:11.844,car_ID_3898,car,in,True
2026-07-28 01:53:11.844,car_ID_3902,car,in,True
2026-07-28 01:53:12.146,car_ID_3920,car,out,True
2026-07-28 01:53:12.381,car_ID_3917,car,out,True
2026-07-28 01:53:12.643,car_ID_3906,car,in,True
2026-07-28 01:53:12.811,car_ID_3918,car,out,True
2026-07-28 01:53:12.911,car_ID_3905,car,in,True
2026-07-28 01:53:13.545,car_ID_3924,car,out,True
2026-07-28 01:53:13.916,truck_ID_1811,truck,in,True
2026-07-28 01:53:13.986,car_ID_3925,car,out,True
2026-07-28 01:53:14.610,truck_ID_1809,truck,in,True
2026-07-28 01:53:14.610,car_ID_3914,car,in,True
2026-07-28 01:53:14.945,car_ID_3931,car,out,True
2026-07-28 01:53:15.443,car_ID_3919,car,in,True
2026-07-28 01:53:15.746,car_ID_3921,car,in,True
2026-07-28 01:53:16.043,car_ID_3929,car,out,True
2026-07-28 01:53:17.644,car_ID_3935,car,in,True
2026-07-28 01:53:18.112,car_ID_3923,car,in,True
2026-07-28 01:53:18.380,bus_ID_728,bus,out,True
2026-07-28 01:53:18.412,car_ID_3927,car,in,True
2026-07-28 01:53:18.512,truck_ID_1820,truck,in,True
2026-07-28 01:53:18.877,truck_ID_1818,truck,in,True
2026-07-28 01:53:18.945,truck_ID_1817,truck,out,True
2026-07-28 01:53:19.346,car_ID_3948,car,in,True
2026-07-28 01:53:20.113,car_ID_3940,car,out,True
2026-07-28 01:53:20.183,truck_ID_1815,truck,in,True
2026-07-28 01:53:20.450,car_ID_3932,car,in,True
2026-07-28 01:53:20.646,car_ID_3941,car,in,True
2026-07-28 01:53:21.177,car_ID_3936,car,in,True
2026-07-28 01:53:21.313,truck_ID_1819,truck,in,True
2026-07-28 01:53:21.911,car_ID_3944,car,in,True
2026-07-28 01:53:22.313,car_ID_3945,car,in,True
2026-07-28 01:53:22.476,truck_ID_1824,truck,in,True
2026-07-28 01:53:22.643,car_ID_3961,car,in,True
2026-07-28 01:53:23.144,truck_ID_1823,truck,in,True
2026-07-28 01:53:23.380,car_ID_3954,car,out,True
2026-07-28 01:53:23.446,car_ID_3951,car,in,True
2026-07-28 01:53:24.382,car_ID_3953,car,in,True
2026-07-28 01:53:24.712,car_ID_3963,car,out,True
2026-07-28 01:53:24.750,car_ID_3959,car,out,True
2026-07-28 01:53:25.477,car_ID_3964,car,in,True
2026-07-28 01:53:26.050,truck_ID_1827,truck,in,True
2026-07-28 01:53:26.050,car_ID_3956,car,in,True
2026-07-28 01:53:26.250,car_ID_3957,car,in,True
2026-07-28 01:53:26.847,car_ID_3952,car,in,True
2026-07-28 01:53:27.008,car_ID_3960,car,in,True
2026-07-28 01:53:27.917,car_ID_3962,car,in,True
2026-07-28 01:53:28.643,car_ID_3966,car,out,True
2026-07-28 01:53:28.777,car_ID_3969,car,out,True
2026-07-28 01:53:29.246,truck_ID_1834,truck,out,True
2026-07-28 01:53:30.147,car_ID_3972,car,out,True
2026-07-28 01:53:30.542,car_ID_3975,car,out,True
2026-07-28 01:53:31.581,truck_ID_1835,truck,out,True
2026-07-28 01:53:31.581,car_ID_3967,car,in,True
2026-07-28 01:53:31.754,car_ID_3985,car,out,True
2026-07-28 01:53:31.816,car_ID_3965,car,in,True
2026-07-28 01:53:32.678,truck_ID_1839,truck,out,True
2026-07-28 01:53:32.920,car_ID_3970,car,in,True
2026-07-28 01:53:33.118,car_ID_3973,car,in,True
2026-07-28 01:53:33.244,car_ID_3982,car,out,True
2026-07-28 01:53:33.381,truck_ID_1830,truck,out,True
2026-07-28 01:53:33.411,truck_ID_1837,truck,out,True
2026-07-28 01:53:33.542,car_ID_3977,car,in,True
2026-07-28 01:53:33.846,car_ID_3974,car,in,True
2026-07-28 01:53:33.844,car_ID_3994,car,out,True
2026-07-28 01:53:34.613,car_ID_3988,car,out,True
2026-07-28 01:53:34.849,car_ID_3989,car,out,True
2026-07-28 01:53:35.116,car_ID_3976,car,in,True
2026-07-28 01:53:35.847,car_ID_3984,car,in,True
2026-07-28 01:53:35.978,truck_ID_1843,truck,out,True
2026-07-28 01:53:36.513,car_ID_3980,car,in,True
2026-07-28 01:53:36.549,car_ID_3991,car,out,True
2026-07-28 01:53:36.945,car_ID_3983,car,in,True
2026-07-28 01:53:36.978,car_ID_3996,car,out,True
2026-07-28 01:53:37.374,car_ID_4002,car,out,True
2026-07-28 01:53:37.948,car_ID_3997,car,out,True
2026-07-28 01:53:38.316,car_ID_3986,car,in,True
2026-07-28 01:53:38.982,car_ID_4005,car,out,True
2026-07-28 01:53:39.076,truck_ID_1851,truck,out,True
2026-07-28 01:53:39.311,car_ID_3990,car,in,True
2026-07-28 01:53:39.578,car_ID_4011,car,out,True
2026-07-28 01:53:39.913,car_ID_3992,car,in,True
2026-07-28 01:53:40.911,car_ID_4012,car,out,True
2026-07-28 01:53:40.945,car_ID_4000,car,in,True
2026-07-28 01:53:40.945,car_ID_4003,car,in,True
2026-07-28 01:53:40.944,car_ID_4016,car,out,True
2026-07-28 01:53:41.518,car_ID_3999,car,in,True
2026-07-28 01:53:41.579,car_ID_4021,car,out,True
2026-07-28 01:53:41.991,car_ID_4018,car,out,True
2026-07-28 01:53:42.176,car_ID_4008,car,in,True
2026-07-28 01:53:42.778,car_ID_4010,car,in,True
2026-07-28 01:53:42.949,car_ID_4025,car,out,True
2026-07-28 01:53:43.444,car_ID_4030,car,out,True
2026-07-28 01:53:43.580,car_ID_4006,car,in,True
2026-07-28 01:53:43.844,car_ID_4023,car,out,True
2026-07-28 01:53:44.175,car_ID_4033,car,out,True
2026-07-28 01:53:44.378,truck_ID_1859,truck,out,True
2026-07-28 01:53:44.810,truck_ID_1858,truck,out,True
2026-07-28 01:53:45.320,car_ID_4017,car,in,True
2026-07-28 01:53:45.320,car_ID_4043,car,out,True
2026-07-28 01:53:45.351,car_ID_4032,car,out,True
2026-07-28 01:53:46.148,car_ID_4020,car,in,True
2026-07-28 01:53:46.378,truck_ID_1862,truck,out,True
2026-07-28 01:53:46.712,car_ID_4019,car,in,True
2026-07-28 01:53:46.915,car_ID_4047,car,out,True
2026-07-28 01:53:47.045,car_ID_4040,car,out,True
2026-07-28 01:53:47.147,car_ID_4038,car,out,True
2026-07-28 01:53:47.349,car_ID_4026,car,in,True
2026-07-28 01:53:47.444,car_ID_4028,car,in,True
2026-07-28 01:53:48.248,car_ID_4029,car,in,True
2026-07-28 01:53:48.712,car_ID_4048,car,out,True
2026-07-28 01:53:48.712,car_ID_4050,car,out,True
2026-07-28 01:53:49.309,car_ID_4045,car,out,True
2026-07-28 01:53:49.383,car_ID_4039,car,in,True
2026-07-28 01:53:49.749,car_ID_4053,car,out,True
2026-07-28 01:53:49.947,car_ID_4041,car,in,True
2026-07-28 01:53:50.609,car_ID_4060,car,out,True
2026-07-28 01:53:51.112,car_ID_4059,car,out,True
2026-07-28 01:53:51.210,car_ID_4046,car,in,True
2026-07-28 01:53:51.611,car_ID_4061,car,out,True
2026-07-28 01:53:51.746,car_ID_4051,car,in,True
2026-07-28 01:53:51.917,car_ID_4037,car,in,True
2026-07-28 01:53:51.917,car_ID_4049,car,in,True
2026-07-28 01:53:52.380,truck_ID_1868,truck,in,True
2026-07-28 01:53:52.442,car_ID_4063,car,out,True
2026-07-28 01:53:52.747,bus_ID_745,bus,in,True
2026-07-28 01:53:53.046,car_ID_4065,car,out,True
2026-07-28 01:53:53.242,car_ID_4068,car,out,True
2026-07-28 01:53:53.387,car_ID_4057,car,in,True
2026-07-28 01:53:53.715,car_ID_4056,car,in,True
2026-07-28 01:53:54.120,car_ID_4067,car,out,True
2026-07-28 01:53:54.244,truck_ID_1877,truck,out,True
2026-07-28 01:53:54.280,car_ID_4066,car,out,True
2026-07-28 01:53:54.916,truck_ID_1876,truck,out,True
2026-07-28 01:53:55.180,car_ID_4081,car,out,True
2026-07-28 01:53:55.445,car_ID_4076,car,out,True
2026-07-28 01:53:55.781,car_ID_4058,car,in,True
2026-07-28 01:53:56.443,car_ID_4071,car,in,True
2026-07-28 01:53:56.575,car_ID_4062,car,in,True
2026-07-28 01:53:57.209,truck_ID_1871,truck,in,True
2026-07-28 01:53:57.644,car_ID_4088,car,out,True
2026-07-28 01:53:57.810,car_ID_4084,car,out,True
2026-07-28 01:53:58.249,car_ID_4080,car,out,True
2026-07-28 01:53:58.545,car_ID_4070,car,in,True
2026-07-28 01:53:58.745,bus_ID_751,bus,out,True
2026-07-28 01:53:58.910,car_ID_4090,car,out,True
2026-07-28 01:53:59.415,car_ID_4100,car,out,True
2026-07-28 01:53:59.644,car_ID_4077,car,in,True
2026-07-28 01:53:59.676,car_ID_4095,car,out,True
2026-07-28 01:53:59.981,car_ID_4075,car,in,True
2026-07-28 01:54:00.147,car_ID_4097,car,out,True
2026-07-28 01:54:00.181,car_ID_4083,car,in,True
2026-07-28 01:54:01.146,car_ID_4102,car,out,True
2026-07-28 01:54:01.211,car_ID_4101,car,out,True
2026-07-28 01:54:01.310,truck_ID_1888,truck,in,True
2026-07-28 01:54:01.310,car_ID_4111,car,in,True
2026-07-28 01:54:01.350,car_ID_4099,car,out,True
2026-07-28 01:54:01.945,truck_ID_1887,truck,in,True
2026-07-28 01:54:02.381,car_ID_4085,car,in,True
2026-07-28 01:54:02.411,car_ID_4087,car,in,True
2026-07-28 01:54:02.443,car_ID_4089,car,in,True
2026-07-28 01:54:02.782,car_ID_4106,car,out,True
2026-07-28 01:54:03.447,car_ID_4105,car,out,True
2026-07-28 01:54:03.848,car_ID_4092,car,in,True
2026-07-28 01:54:04.049,car_ID_4112,car,out,True
2026-07-28 01:54:04.210,car_ID_4113,car,out,True
2026-07-28 01:54:04.578,car_ID_4116,car,out,True
2026-07-28 01:54:04.775,car_ID_4103,car,in,True
2026-07-28 01:54:05.078,truck_ID_1890,truck,in,True
2026-07-28 01:54:05.108,bus_ID_756,bus,out,True
2026-07-28 01:54:05.150,car_ID_4094,car,in,True
2026-07-28 01:54:05.348,truck_ID_1896,truck,out,True
2026-07-28 01:54:05.513,car_ID_4114,car,in,True
2026-07-28 01:54:05.709,truck_ID_1889,truck,in,True
2026-07-28 01:54:05.744,bus_ID_754,bus,in,True
2026-07-28 01:54:05.856,car_ID_4115,car,out,True
2026-07-28 01:54:05.882,car_ID_4120,car,out,True
2026-07-28 01:54:06.245,car_ID_4122,car,out,True
2026-07-28 01:54:06.376,truck_ID_1899,truck,out,True
2026-07-28 01:54:06.478,bus_ID_755,bus,in,True
2026-07-28 01:54:06.508,bus_ID_757,bus,in,True
2026-07-28 01:54:06.580,car_ID_4108,car,in,True
2026-07-28 01:54:06.980,truck_ID_1901,truck,in,True
2026-07-28 01:54:07.008,truck_ID_1903,truck,out,True
2026-07-28 01:54:07.008,car_ID_4132,car,out,True
2026-07-28 01:54:07.508,truck_ID_1902,truck,out,True
2026-07-28 01:54:07.510,car_ID_4110,car,in,True
2026-07-28 01:54:07.809,car_ID_4127,car,out,True
2026-07-28 01:54:07.842,truck_ID_1904,truck,out,True
2026-07-28 01:54:07.976,car_ID_4140,car,out,True
2026-07-28 01:54:08.709,car_ID_4130,car,out,True
2026-07-28 01:54:08.778,car_ID_4136,car,out,True
2026-07-28 01:54:09.546,car_ID_4135,car,out,True
2026-07-28 01:54:09.778,car_ID_4117,car,in,True
2026-07-28 01:54:10.552,car_ID_4124,car,in,True
2026-07-28 01:54:10.849,truck_ID_1907,truck,out,True
2026-07-28 01:54:11.011,car_ID_4139,car,out,True
2026-07-28 01:54:11.380,car_ID_4144,car,out,True
2026-07-28 01:54:11.380,car_ID_4155,car,out,True
2026-07-28 01:54:12.010,car_ID_4146,car,out,True
2026-07-28 01:54:12.812,car_ID_4129,car,in,True
2026-07-28 01:54:13.176,car_ID_4151,car,in,True
2026-07-28 01:54:13.344,car_ID_4149,car,out,True
2026-07-28 01:54:13.345,car_ID_4153,car,out,True
2026-07-28 01:54:13.711,car_ID_4152,car,out,True
2026-07-28 01:54:13.749,truck_ID_1895,truck,in,True
2026-07-28 01:54:13.842,car_ID_4145,car,in,True
2026-07-28 01:54:13.944,car_ID_4164,car,in,True
2026-07-28 01:54:14.212,car_ID_4157,car,out,True
2026-07-28 01:54:14.247,car_ID_4141,car,in,True
2026-07-28 01:54:14.278,bus_ID_760,bus,out,True
2026-07-28 01:54:14.409,car_ID_4138,car,in,True
2026-07-28 01:54:14.444,truck_ID_1911,truck,in,True
2026-07-28 01:54:15.044,car_ID_4169,car,out,True
2026-07-28 01:54:15.713,car_ID_4163,car,out,True
2026-07-28 01:54:15.848,car_ID_4159,car,out,True
2026-07-28 01:54:15.874,bus_ID_764,bus,out,True
2026-07-28 01:54:15.875,car_ID_4167,car,in,True
2026-07-28 01:54:16.178,car_ID_4160,car,out,True
2026-07-28 01:54:16.377,truck_ID_1912,truck,in,True
2026-07-28 01:54:16.746,bus_ID_763,bus,out,True
2026-07-28 01:54:16.778,car_ID_4181,car,out,True
2026-07-28 01:54:17.142,car_ID_4168,car,out,True
2026-07-28 01:54:17.242,car_ID_4178,car,out,True
2026-07-28 01:54:17.547,car_ID_4148,car,in,True
2026-07-28 01:54:17.547,car_ID_4154,car,in,True
2026-07-28 01:54:18.175,truck_ID_1927,truck,out,True
2026-07-28 01:54:18.344,truck_ID_1913,truck,in,True
2026-07-28 01:54:18.378,car_ID_4172,car,out,True
2026-07-28 01:54:18.444,truck_ID_1926,truck,out,True
2026-07-28 01:54:18.948,car_ID_4177,car,out,True
2026-07-28 01:54:18.979,car_ID_4191,car,out,True
2026-07-28 01:54:19.344,car_ID_4161,car,in,True
2026-07-28 01:54:19.410,car_ID_4184,car,out,True
2026-07-28 01:54:19.946,car_ID_4182,car,out,True
2026-07-28 01:54:20.609,car_ID_4188,car,out,True
2026-07-28 01:54:20.842,car_ID_4196,car,in,True
2026-07-28 01:54:21.012,car_ID_4199,car,in,True
2026-07-28 01:54:21.146,car_ID_4198,car,in,True
2026-07-28 01:54:21.810,car_ID_4193,car,out,True
2026-07-28 01:54:21.844,car_ID_4192,car,out,True
2026-07-28 01:54:21.976,car_ID_4176,car,in,True
2026-07-28 01:54:22.248,car_ID_4187,car,in,True
2026-07-28 01:54:22.377,car_ID_4171,car,in,True
2026-07-28 01:54:22.442,car_ID_4206,car,in,True
2026-07-28 01:54:22.477,truck_ID_1930,truck,in,True
2026-07-28 01:54:22.742,truck_ID_1933,truck,out,True
2026-07-28 01:54:23.243,truck_ID_1936,truck,out,True
2026-07-28 01:54:23.442,car_ID_4180,car,in,True
2026-07-28 01:54:23.442,car_ID_4197,car,out,True
2026-07-28 01:54:23.622,car_ID_4212,car,out,True
2026-07-28 01:54:23.745,car_ID_4205,car,out,True
2026-07-28 01:54:24.144,car_ID_4185,car,in,True
2026-07-28 01:54:24.144,car_ID_4195,car,in,True
2026-07-28 01:54:24.410,car_ID_4208,car,out,True
2026-07-28 01:54:24.444,car_ID_4186,car,in,True
2026-07-28 01:54:25.482,truck_ID_1938,truck,in,True
2026-07-28 01:54:25.777,car_ID_4207,car,out,True
2026-07-28 01:54:25.910,car_ID_4211,car,out,True
2026-07-28 01:54:26.111,truck_ID_1931,truck,in,True
2026-07-28 01:54:26.143,car_ID_4209,car,out,True
2026-07-28 01:54:26.909,car_ID_4202,car,in,True
2026-07-28 01:54:27.111,car_ID_4210,car,out,True
2026-07-28 01:54:29.241,car_ID_4226,car,in,True
2026-07-28 01:54:29.513,car_ID_4214,car,in,True
2026-07-28 01:54:29.742,car_ID_4217,car,in,True
2026-07-28 01:54:29.742,car_ID_4221,car,in,True
2026-07-28 01:54:30.113,car_ID_4218,car,in,True
2026-07-28 01:54:30.645,car_ID_4230,car,out,True
2026-07-28 01:54:31.209,car_ID_4223,car,in,True
2026-07-28 01:54:31.573,car_ID_4233,car,out,True
2026-07-28 01:54:32.043,car_ID_4234,car,out,True
2026-07-28 01:54:32.175,car_ID_4224,car,in,True
2026-07-28 01:54:32.980,car_ID_4239,car,out,True
2026-07-28 01:54:33.309,car_ID_4227,car,in,True
2026-07-28 01:54:33.980,car_ID_4232,car,in,True
2026-07-28 01:54:34.444,truck_ID_1950,truck,out,True
2026-07-28 01:54:34.810,car_ID_4249,car,out,True
2026-07-28 01:54:35.142,car_ID_4235,car,in,True
2026-07-28 01:54:36.509,truck_ID_1953,truck,out,True
2026-07-28 01:54:36.578,truck_ID_1954,truck,out,True
2026-07-28 01:54:36.812,car_ID_4251,car,out,True
2026-07-28 01:54:36.976,car_ID_4247,car,out,True
2026-07-28 01:54:37.009,car_ID_4240,car,in,True
2026-07-28 01:54:37.212,car_ID_4259,car,out,True
2026-07-28 01:54:37.242,car_ID_4245,car,out,True
2026-07-28 01:54:37.844,car_ID_4242,car,in,True
2026-07-28 01:54:37.945,truck_ID_1949,truck,in,True
2026-07-28 01:54:38.306,car_ID_4254,car,out,True
2026-07-28 01:54:38.609,car_ID_4262,car,in,True
2026-07-28 01:54:39.244,car_ID_4258,car,out,True
2026-07-28 01:54:39.541,car_ID_4243,car,in,True
2026-07-28 01:54:39.710,car_ID_4244,car,in,True
2026-07-28 01:54:39.844,bus_ID_774,bus,in,True
2026-07-28 01:54:39.909,truck_ID_1961,truck,out,True
2026-07-28 01:54:39.944,truck_ID_1959,truck,in,True
2026-07-28 01:54:39.944,truck_ID_1960,truck,out,True
2026-07-28 01:54:40.110,car_ID_4248,car,in,True
2026-07-28 01:54:40.379,car_ID_4250,car,in,True
2026-07-28 01:54:40.409,car_ID_4268,car,out,True
2026-07-28 01:54:40.544,bus_ID_773,bus,in,True
2026-07-28 01:54:40.743,car_ID_4257,car,out,True
2026-07-28 01:54:40.777,car_ID_4253,car,in,True
2026-07-28 01:54:42.009,car_ID_4264,car,out,True
2026-07-28 01:54:42.378,truck_ID_1963,truck,out,True
2026-07-28 01:54:42.575,car_ID_4255,car,in,True
2026-07-28 01:54:42.742,car_ID_4265,car,out,True
2026-07-28 01:54:43.112,car_ID_4266,car,out,True
2026-07-28 01:54:43.209,car_ID_4267,car,out,True
2026-07-28 01:54:43.710,car_ID_4256,car,in,True
2026-07-28 01:54:43.844,car_ID_4270,car,out,True
2026-07-28 01:54:44.309,truck_ID_1957,truck,in,True
2026-07-28 01:54:44.911,car_ID_4261,car,in,True
2026-07-28 01:54:46.346,car_ID_4269,car,in,True
2026-07-28 01:54:48.311,car_ID_4271,car,in,True
2026-07-28 01:54:48.544,car_ID_4278,car,out,True
2026-07-28 01:54:48.943,car_ID_4272,car,in,True
2026-07-28 01:54:49.110,truck_ID_1972,truck,out,True
2026-07-28 01:54:49.110,car_ID_4279,car,out,True
2026-07-28 01:54:49.742,car_ID_4274,car,in,True
2026-07-28 01:54:50.543,car_ID_4275,car,in,True
2026-07-28 01:54:50.609,car_ID_4277,car,in,True
2026-07-28 01:54:52.009,car_ID_4280,car,in,True
2026-07-28 01:54:52.111,car_ID_4287,car,out,True
2026-07-28 01:54:52.342,car_ID_4281,car,in,True
2026-07-28 01:54:52.342,car_ID_4283,car,in,True
2026-07-28 01:54:52.445,bus_ID_777,bus,out,True
2026-07-28 01:54:53.946,car_ID_4285,car,in,True
2026-07-28 01:54:56.376,car_ID_4286,car,in,True
2026-07-28 01:54:56.542,car_ID_4289,car,in,True
2026-07-28 01:54:56.843,car_ID_4290,car,in,True
2026-07-28 01:54:57.175,car_ID_4291,car,in,True
2026-07-28 01:54:58.980,car_ID_4292,car,in,True
2026-07-28 01:54:59.175,car_ID_4307,car,in,True
2026-07-28 01:54:59.310,car_ID_4293,car,in,True
2026-07-28 01:54:59.376,car_ID_4303,car,out,True
2026-07-28 01:54:59.910,car_ID_4299,car,in,True
2026-07-28 01:54:59.943,car_ID_4298,car,in,True
2026-07-28 01:55:00.179,car_ID_4294,car,in,True
2026-07-28 01:55:00.179,car_ID_4300,car,in,True
2026-07-28 01:55:00.314,truck_ID_1980,truck,out,True
2026-07-28 01:55:00.645,truck_ID_1983,truck,in,True
2026-07-28 01:55:01.244,car_ID_4312,car,out,True
2026-07-28 01:55:01.442,car_ID_4313,car,in,True
2026-07-28 01:55:01.646,car_ID_4306,car,out,True
2026-07-28 01:55:02.041,car_ID_4305,car,in,True
2026-07-28 01:55:02.775,car_ID_4308,car,out,True
2026-07-28 01:55:03.345,car_ID_4304,car,in,True
2026-07-28 01:55:04.646,car_ID_4319,car,out,True
2026-07-28 01:55:04.711,car_ID_4314,car,out,True
2026-07-28 01:55:04.809,car_ID_4318,car,out,True
2026-07-28 01:55:05.110,car_ID_4316,car,in,True
2026-07-28 01:55:05.348,car_ID_4323,car,out,True
2026-07-28 01:55:05.711,car_ID_4309,car,in,True
2026-07-28 01:55:05.842,truck_ID_1988,truck,out,True
2026-07-28 01:55:05.914,car_ID_4331,car,out,True
2026-07-28 01:55:05.981,car_ID_4311,car,in,True
2026-07-28 01:55:05.981,car_ID_4317,car,in,True
2026-07-28 01:55:06.344,bus_ID_782,bus,out,True
2026-07-28 01:55:06.375,truck_ID_1989,truck,out,True
2026-07-28 01:55:06.410,truck_ID_1990,truck,out,True
2026-07-28 01:55:06.612,car_ID_4324,car,out,True
2026-07-28 01:55:06.777,car_ID_4315,car,in,True
2026-07-28 01:55:06.909,truck_ID_1994,truck,out,True
2026-07-28 01:55:06.911,car_ID_4325,car,out,True
2026-07-28 01:55:07.344,car_ID_4329,car,out,True
2026-07-28 01:55:07.408,car_ID_4330,car,out,True
2026-07-28 01:55:07.477,bus_ID_785,bus,out,True
2026-07-28 01:55:07.511,truck_ID_1992,truck,out,True
2026-07-28 01:55:07.745,car_ID_4338,car,out,True
2026-07-28 01:55:08.742,car_ID_4334,car,out,True
2026-07-28 01:55:09.379,car_ID_4322,car,in,True
2026-07-28 01:55:09.709,car_ID_4321,car,in,True
2026-07-28 01:55:10.842,car_ID_4327,car,in,True
2026-07-28 01:55:10.974,car_ID_4328,car,in,True
2026-07-28 01:55:11.945,car_ID_4341,car,out,True
2026-07-28 01:55:12.576,car_ID_4344,car,out,True
2026-07-28 01:55:12.716,car_ID_4332,car,in,True
2026-07-28 01:55:13.009,car_ID_4347,car,out,True
2026-07-28 01:55:13.244,car_ID_4335,car,in,True
2026-07-28 01:55:13.407,bus_ID_790,bus,in,True
2026-07-28 01:55:13.609,car_ID_4337,car,in,True
2026-07-28 01:55:13.743,truck_ID_2000,truck,in,True
2026-07-28 01:55:14.045,car_ID_4342,car,in,True
2026-07-28 01:55:14.243,bus_ID_789,bus,in,True
2026-07-28 01:55:14.312,car_ID_4352,car,out,True
2026-07-28 01:55:14.625,truck_ID_2003,truck,out,True
2026-07-28 01:55:14.652,truck_ID_2001,truck,in,True
2026-07-28 01:55:14.664,truck_ID_2002,truck,out,True
2026-07-28 01:55:15.109,car_ID_4360,car,out,True
2026-07-28 01:55:15.210,car_ID_4346,car,out,True
2026-07-28 01:55:15.946,car_ID_4349,car,in,True
2026-07-28 01:55:16.410,car_ID_4357,car,out,True
2026-07-28 01:55:16.745,car_ID_4348,car,in,True
2026-07-28 01:55:16.911,car_ID_4361,car,out,True
2026-07-28 01:55:17.042,car_ID_4359,car,out,True
2026-07-28 01:55:17.947,truck_ID_1998,truck,in,True
2026-07-28 01:55:18.209,car_ID_4351,car,in,True
2026-07-28 01:55:18.945,car_ID_4353,car,in,True
2026-07-28 01:55:19.047,car_ID_4367,car,out,True
2026-07-28 01:55:19.175,bus_ID_794,bus,in,True
2026-07-28 01:55:19.242,bus_ID_795,bus,in,True
2026-07-28 01:55:19.574,car_ID_4369,car,out,True
2026-07-28 01:55:19.775,car_ID_4368,car,out,True
2026-07-28 01:55:19.976,truck_ID_1999,truck,in,True
2026-07-28 01:55:20.042,truck_ID_2012,truck,in,True
2026-07-28 01:55:20.173,truck_ID_2011,truck,in,True
2026-07-28 01:55:20.643,car_ID_4375,car,in,True
2026-07-28 01:55:20.777,car_ID_4355,car,in,True
2026-07-28 01:55:20.981,car_ID_4358,car,in,True
2026-07-28 01:55:22.145,car_ID_4364,car,in,True
2026-07-28 01:55:22.244,car_ID_4370,car,in,True
2026-07-28 01:55:22.642,car_ID_4371,car,in,True
2026-07-28 01:55:24.544,car_ID_4373,car,in,True
2026-07-28 01:55:24.641,car_ID_4372,car,in,True
2026-07-28 01:55:25.544,car_ID_4374,car,in,True
2026-07-28 01:55:26.310,truck_ID_2017,truck,out,True
2026-07-28 01:55:26.310,car_ID_4391,car,out,True
2026-07-28 01:55:26.809,car_ID_4379,car,out,True
2026-07-28 01:55:26.844,truck_ID_2018,truck,out,True
2026-07-28 01:55:27.042,car_ID_4376,car,in,True
2026-07-28 01:55:27.042,car_ID_4385,car,in,True
2026-07-28 01:55:27.575,car_ID_4378,car,in,True
2026-07-28 01:55:28.009,car_ID_4377,car,in,True
2026-07-28 01:55:28.378,car_ID_4380,car,in,True
2026-07-28 01:55:29.315,car_ID_4392,car,out,True
2026-07-28 01:55:29.543,car_ID_4381,car,in,True
2026-07-28 01:55:29.908,car_ID_4382,car,in,True
2026-07-28 01:55:30.173,car_ID_4383,car,in,True
2026-07-28 01:55:31.609,car_ID_4387,car,in,True
2026-07-28 01:55:31.643,car_ID_4388,car,in,True
2026-07-28 01:55:31.810,car_ID_4394,car,out,True
2026-07-28 01:55:32.777,truck_ID_2019,truck,in,True
2026-07-28 01:55:32.944,car_ID_4390,car,in,True
2026-07-28 01:55:33.777,car_ID_4398,car,out,True
2026-07-28 01:55:34.045,car_ID_4393,car,in,True
2026-07-28 01:55:34.809,car_ID_4399,car,out,True
2026-07-28 01:55:34.976,car_ID_4395,car,in,True
2026-07-28 01:55:35.341,truck_ID_2027,truck,out,True
2026-07-28 01:55:35.776,car_ID_4396,car,in,True
2026-07-28 01:55:35.846,car_ID_4397,car,in,True
2026-07-28 01:55:36.145,car_ID_4404,car,out,True
2026-07-28 01:55:36.641,car_ID_4406,car,out,True
2026-07-28 01:55:36.842,car_ID_4405,car,out,True
2026-07-28 01:55:38.043,car_ID_4411,car,out,True
2026-07-28 01:55:38.514,car_ID_4414,car,out,True
2026-07-28 01:55:38.746,car_ID_4401,car,in,True
2026-07-28 01:55:38.810,car_ID_4403,car,in,True
2026-07-28 01:55:39.242,truck_ID_2024,truck,in,True
2026-07-28 01:55:39.711,car_ID_4407,car,in,True
2026-07-28 01:55:40.173,car_ID_4408,car,in,True
2026-07-28 01:55:40.979,car_ID_4418,car,out,True
2026-07-28 01:55:41.344,car_ID_4421,car,out,True
2026-07-28 01:55:41.511,car_ID_4422,car,out,True
2026-07-28 01:55:41.909,car_ID_4409,car,in,True
2026-07-28 01:55:42.912,car_ID_4428,car,out,True
2026-07-28 01:55:43.177,car_ID_4413,car,in,True
2026-07-28 01:55:43.444,car_ID_4416,car,in,True
2026-07-28 01:55:43.543,car_ID_4427,car,out,True
2026-07-28 01:55:44.175,truck_ID_2039,truck,out,True
2026-07-28 01:55:44.244,truck_ID_2036,truck,out,True
2026-07-28 01:55:44.344,car_ID_4430,car,out,True
2026-07-28 01:55:44.710,car_ID_4419,car,in,True
2026-07-28 01:55:44.941,car_ID_4432,car,out,True
2026-07-28 01:55:45.111,car_ID_4423,car,in,True
2026-07-28 01:55:45.344,car_ID_4417,car,in,True
2026-07-28 01:55:45.843,car_ID_4434,car,out,True
2026-07-28 01:55:45.943,car_ID_4438,car,out,True
2026-07-28 01:55:46.409,car_ID_4443,car,out,True
2026-07-28 01:55:46.609,car_ID_4439,car,out,True
2026-07-28 01:55:46.943,car_ID_4426,car,in,True
2026-07-28 01:55:47.177,truck_ID_2040,truck,out,True
2026-07-28 01:55:47.712,car_ID_4425,car,in,True
2026-07-28 01:55:47.842,car_ID_4440,car,out,True
2026-07-28 01:55:48.210,car_ID_4442,car,out,True
2026-07-28 01:55:48.374,truck_ID_2045,truck,out,True
2026-07-28 01:55:48.677,truck_ID_2048,truck,out,True
2026-07-28 01:55:48.712,truck_ID_2047,truck,out,True
2026-07-28 01:55:49.176,car_ID_4448,car,out,True
2026-07-28 01:55:49.543,car_ID_4457,car,out,True
2026-07-28 01:55:49.744,car_ID_4435,car,in,True
2026-07-28 01:55:49.744,car_ID_4447,car,in,True
2026-07-28 01:55:49.879,truck_ID_2049,truck,in,True
2026-07-28 01:55:50.109,car_ID_4450,car,out,True
2026-07-28 01:55:50.609,car_ID_4437,car,in,True
2026-07-28 01:55:51.042,car_ID_4454,car,out,True
2026-07-28 01:55:51.543,car_ID_4445,car,in,True
2026-07-28 01:55:51.746,car_ID_4446,car,in,True
2026-07-28 01:55:51.844,car_ID_4436,car,in,True
2026-07-28 01:55:51.975,truck_ID_2046,truck,in,True
2026-07-28 01:55:52.978,car_ID_4449,car,in,True
2026-07-28 01:55:53.379,car_ID_4453,car,in,True
2026-07-28 01:55:53.576,car_ID_4456,car,out,True
2026-07-28 01:55:53.642,car_ID_4470,car,out,True
2026-07-28 01:55:54.109,truck_ID_2058,truck,out,True
2026-07-28 01:55:54.142,truck_ID_2059,truck,out,True
2026-07-28 01:55:54.844,car_ID_4458,car,in,True
2026-07-28 01:55:55.346,car_ID_4467,car,out,True
2026-07-28 01:55:55.778,car_ID_4462,car,in,True
2026-07-28 01:55:56.145,car_ID_4459,car,in,True
2026-07-28 01:55:56.377,car_ID_4469,car,out,True
2026-07-28 01:55:56.646,car_ID_4466,car,in,True
2026-07-28 01:55:57.376,car_ID_4483,car,in,True
2026-07-28 01:55:57.410,car_ID_4472,car,out,True
2026-07-28 01:55:57.545,car_ID_4476,car,out,True
2026-07-28 01:55:57.877,truck_ID_2069,truck,in,True
2026-07-28 01:55:58.210,car_ID_4465,car,in,True
2026-07-28 01:55:58.644,truck_ID_2075,truck,out,True
2026-07-28 01:55:58.810,car_ID_4464,car,in,True
2026-07-28 01:55:59.009,car_ID_4492,car,out,True
2026-07-28 01:55:59.210,car_ID_4480,car,out,True
2026-07-28 01:56:00.178,car_ID_4484,car,out,True
2026-07-28 01:56:00.244,truck_ID_2064,truck,in,True
2026-07-28 01:56:00.343,car_ID_4468,car,in,True
2026-07-28 01:56:00.644,car_ID_4475,car,in,True
2026-07-28 01:56:00.873,bus_ID_814,bus,out,True
2026-07-28 01:56:01.045,car_ID_4474,car,in,True
2026-07-28 01:56:01.311,truck_ID_2060,truck,in,True
2026-07-28 01:56:02.009,car_ID_4490,car,out,True
2026-07-28 01:56:02.912,car_ID_4477,car,in,True
2026-07-28 01:56:03.177,car_ID_4485,car,in,True
2026-07-28 01:56:05.378,car_ID_4499,car,out,True
2026-07-28 01:56:05.512,car_ID_4488,car,in,True
2026-07-28 01:56:05.542,car_ID_4489,car,in,True
2026-07-28 01:56:06.477,truck_ID_2084,truck,in,True
2026-07-28 01:56:06.576,truck_ID_2085,truck,in,True
2026-07-28 01:56:06.978,car_ID_4493,car,in,True
2026-07-28 01:56:07.112,bus_ID_818,bus,in,True
2026-07-28 01:56:07.377,truck_ID_2087,truck,out,True
2026-07-28 01:56:08.643,bus_ID_819,bus,in,True
2026-07-28 01:56:08.742,car_ID_4494,car,in,True
2026-07-28 01:56:08.742,car_ID_4496,car,in,True
2026-07-28 01:56:09.109,car_ID_4495,car,in,True
2026-07-28 01:56:09.274,truck_ID_2089,truck,in,True
2026-07-28 01:56:09.677,truck_ID_2090,truck,in,True
2026-07-28 01:56:10.145,car_ID_4517,car,in,True
2026-07-28 01:56:10.179,car_ID_4502,car,in,True
2026-07-28 01:56:10.509,car_ID_4503,car,in,True
2026-07-28 01:56:10.778,car_ID_4510,car,out,True
2026-07-28 01:56:11.178,car_ID_4512,car,out,True
2026-07-28 01:56:12.774,car_ID_4506,car,in,True
2026-07-28 01:56:12.911,car_ID_4513,car,in,True
2026-07-28 01:56:13.710,car_ID_4507,car,in,True
2026-07-28 01:56:15.610,car_ID_4515,car,in,True
2026-07-28 01:56:15.642,car_ID_4518,car,in,True
2026-07-28 01:56:17.512,car_ID_4516,car,in,True
2026-07-28 01:56:17.512,car_ID_4519,car,in,True
2026-07-28 01:56:17.711,car_ID_4520,car,in,True
2026-07-28 01:56:17.809,car_ID_4532,car,in,True
2026-07-28 01:56:18.044,car_ID_4522,car,in,True
2026-07-28 01:56:18.311,car_ID_4525,car,out,True
2026-07-28 01:56:18.577,car_ID_4527,car,in,True
2026-07-28 01:56:18.909,car_ID_4526,car,out,True
2026-07-28 01:56:19.109,car_ID_4528,car,out,True
2026-07-28 01:56:19.244,car_ID_4521,car,in,True
2026-07-28 01:56:19.578,car_ID_4529,car,in,True
2026-07-28 01:56:20.176,truck_ID_2092,truck,in,True
2026-07-28 01:56:20.377,car_ID_4534,car,out,True
2026-07-28 01:56:21.010,car_ID_4523,car,in,True
2026-07-28 01:56:21.120,car_ID_4524,car,in,True
2026-07-28 01:56:21.609,car_ID_4537,car,out,True
2026-07-28 01:56:21.977,truck_ID_2106,truck,in,True
2026-07-28 01:56:22.346,truck_ID_2107,truck,in,True
2026-07-28 01:56:22.808,car_ID_4547,car,in,True
2026-07-28 01:56:23.044,car_ID_4530,car,in,True
2026-07-28 01:56:23.173,truck_ID_2103,truck,out,True
2026-07-28 01:56:24.309,car_ID_4536,car,in,True
2026-07-28 01:56:24.578,car_ID_4535,car,in,True
2026-07-28 01:56:25.746,truck_ID_2113,truck,in,True
2026-07-28 01:56:25.779,car_ID_4542,car,in,True
2026-07-28 01:56:26.310,truck_ID_2114,truck,in,True
2026-07-28 01:56:26.779,car_ID_4563,car,in,True
2026-07-28 01:56:26.947,car_ID_4544,car,in,True
2026-07-28 01:56:27.244,car_ID_4540,car,in,True
2026-07-28 01:56:27.443,car_ID_4559,car,out,True
2026-07-28 01:56:27.610,car_ID_4545,car,in,True
2026-07-28 01:56:27.610,car_ID_4562,car,out,True
2026-07-28 01:56:27.742,bus_ID_830,bus,out,True
2026-07-28 01:56:27.842,car_ID_4552,car,in,True
2026-07-28 01:56:28.409,truck_ID_2111,truck,out,True
2026-07-28 01:56:28.442,bus_ID_832,bus,in,True
2026-07-28 01:56:28.847,car_ID_4564,car,out,True
2026-07-28 01:56:29.177,car_ID_4555,car,in,True
2026-07-28 01:56:29.511,car_ID_4565,car,in,True
2026-07-28 01:56:29.809,car_ID_4569,car,out,True
2026-07-28 01:56:29.843,car_ID_4571,car,out,True
2026-07-28 01:56:30.112,car_ID_4561,car,in,True
2026-07-28 01:56:30.145,truck_ID_2117,truck,in,True
2026-07-28 01:56:30.876,car_ID_4570,car,out,True
2026-07-28 01:56:31.009,car_ID_4577,car,out,True
2026-07-28 01:56:31.376,car_ID_4582,car,out,True
2026-07-28 01:56:31.644,car_ID_4553,car,in,True
2026-07-28 01:56:31.943,truck_ID_2116,truck,in,True
2026-07-28 01:56:33.609,car_ID_4578,car,out,True
2026-07-28 01:56:35.874,truck_ID_2130,truck,in,True
2026-07-28 01:56:36.145,car_ID_4572,car,in,True
2026-07-28 01:56:36.775,truck_ID_2131,truck,out,True
2026-07-28 01:56:37.176,car_ID_4575,car,in,True
2026-07-28 01:56:38.048,car_ID_4593,car,out,True
2026-07-28 01:56:38.181,car_ID_4594,car,out,True
2026-07-28 01:56:38.312,car_ID_4589,car,out,True
2026-07-28 01:56:38.476,bus_ID_844,bus,out,True
2026-07-28 01:56:38.513,car_ID_4580,car,in,True
2026-07-28 01:56:38.713,bus_ID_843,bus,out,True
2026-07-28 01:56:38.844,car_ID_4586,car,in,True
2026-07-28 01:56:38.945,truck_ID_2138,truck,out,True
2026-07-28 01:56:38.945,car_ID_4583,car,in,True
2026-07-28 01:56:39.078,truck_ID_2139,truck,out,True
2026-07-28 01:56:39.244,truck_ID_2134,truck,out,True
2026-07-28 01:56:39.345,truck_ID_2133,truck,out,True
2026-07-28 01:56:39.547,car_ID_4595,car,out,True
2026-07-28 01:56:39.710,car_ID_4598,car,out,True
2026-07-28 01:56:39.776,car_ID_4604,car,out,True
2026-07-28 01:56:40.743,car_ID_4592,car,in,True
2026-07-28 01:56:40.978,car_ID_4588,car,in,True
2026-07-28 01:56:41.441,car_ID_4601,car,out,True
2026-07-28 01:56:41.576,car_ID_4600,car,out,True
2026-07-28 01:56:41.844,truck_ID_2126,truck,in,True
2026-07-28 01:56:42.344,car_ID_4591,car,in,True
2026-07-28 01:56:42.644,car_ID_4606,car,out,True
2026-07-28 01:56:43.208,car_ID_4597,car,in,True
2026-07-28 01:56:43.543,car_ID_4608,car,out,True
2026-07-28 01:56:43.809,car_ID_4609,car,out,True
2026-07-28 01:56:44.410,car_ID_4599,car,in,True
2026-07-28 01:56:45.111,car_ID_4612,car,out,True
2026-07-28 01:56:45.343,car_ID_4603,car,in,True
2026-07-28 01:56:45.543,car_ID_4602,car,in,True
2026-07-28 01:56:45.578,car_ID_4605,car,in,True
2026-07-28 01:56:46.313,car_ID_4616,car,out,True
2026-07-28 01:56:46.609,car_ID_4617,car,out,True
2026-07-28 01:56:46.847,truck_ID_2145,truck,out,True
2026-07-28 01:56:46.847,car_ID_4619,car,out,True
2026-07-28 01:56:46.847,car_ID_4625,car,out,True
2026-07-28 01:56:47.345,car_ID_4618,car,out,True
2026-07-28 01:56:47.409,truck_ID_2143,truck,in,True
2026-07-28 01:56:47.443,truck_ID_2146,truck,out,True
2026-07-28 01:56:47.509,car_ID_4611,car,in,True
2026-07-28 01:56:48.108,car_ID_4610,car,in,True
2026-07-28 01:56:49.578,car_ID_4613,car,in,True
2026-07-28 01:56:50.113,car_ID_4621,car,in,True
2026-07-28 01:56:50.645,car_ID_4620,car,in,True
2026-07-28 01:56:51.042,car_ID_4628,car,out,True
2026-07-28 01:56:51.843,car_ID_4622,car,in,True
2026-07-28 01:56:52.009,car_ID_4629,car,out,True
2026-07-28 01:56:53.144,car_ID_4627,car,in,True
2026-07-28 01:56:53.544,car_ID_4635,car,out,True
2026-07-28 01:56:54.145,truck_ID_2152,truck,out,True
2026-07-28 01:56:54.513,car_ID_4626,car,in,True
2026-07-28 01:56:54.610,car_ID_4641,car,out,True
2026-07-28 01:56:54.946,truck_ID_2155,truck,in,True
2026-07-28 01:56:54.979,truck_ID_2156,truck,in,True
2026-07-28 01:56:55.245,car_ID_4634,car,in,True
2026-07-28 01:56:55.342,bus_ID_855,bus,out,True
2026-07-28 01:56:55.442,car_ID_4650,car,in,True
2026-07-28 01:56:55.718,car_ID_4630,car,in,True
2026-07-28 01:56:55.718,car_ID_4645,car,out,True
2026-07-28 01:56:55.845,truck_ID_2154,truck,out,True
2026-07-28 01:56:56.009,car_ID_4651,car,out,True
2026-07-28 01:56:56.177,car_ID_4631,car,in,True
2026-07-28 01:56:57.078,truck_ID_2163,truck,out,True
2026-07-28 01:56:57.079,car_ID_4649,car,out,True
2026-07-28 01:56:57.111,car_ID_4636,car,in,True
2026-07-28 01:56:57.177,car_ID_4642,car,in,True
2026-07-28 01:56:57.542,car_ID_4637,car,in,True
2026-07-28 01:56:57.646,truck_ID_2162,truck,out,True
2026-07-28 01:56:57.646,car_ID_4653,car,out,True
2026-07-28 01:56:57.712,car_ID_4667,car,out,True
2026-07-28 01:56:57.911,car_ID_4657,car,out,True
2026-07-28 01:56:58.576,car_ID_4662,car,out,True
2026-07-28 01:56:58.909,car_ID_4652,car,in,True
2026-07-28 01:56:58.906,car_ID_4668,car,out,True
2026-07-28 01:56:58.944,car_ID_4644,car,in,True
2026-07-28 01:56:58.944,car_ID_4654,car,in,True
2026-07-28 01:56:59.410,truck_ID_2167,truck,out,True
2026-07-28 01:56:59.944,car_ID_4675,car,out,True
2026-07-28 01:57:00.509,car_ID_4673,car,out,True
2026-07-28 01:57:00.545,car_ID_4664,car,out,True
2026-07-28 01:57:00.644,car_ID_4677,car,out,True
2026-07-28 01:57:01.942,truck_ID_2173,truck,in,True
2026-07-28 01:57:02.111,bus_ID_859,bus,out,True
2026-07-28 01:57:02.377,car_ID_4676,car,out,True
2026-07-28 01:57:02.578,car_ID_4685,car,out,True
2026-07-28 01:57:02.808,car_ID_4665,car,in,True
2026-07-28 01:57:02.943,car_ID_4663,car,in,True
2026-07-28 01:57:03.346,car_ID_4669,car,in,True
2026-07-28 01:57:04.610,car_ID_4698,car,out,True
2026-07-28 01:57:04.741,car_ID_4670,car,in,True
2026-07-28 01:57:04.809,car_ID_4674,car,in,True
2026-07-28 01:57:05.176,car_ID_4694,car,out,True
2026-07-28 01:57:05.511,car_ID_4693,car,out,True
2026-07-28 01:57:05.544,car_ID_4678,car,in,True
2026-07-28 01:57:06.109,car_ID_4690,car,out,True
2026-07-28 01:57:06.712,car_ID_4699,car,out,True
2026-07-28 01:57:07.209,car_ID_4683,car,in,True
2026-07-28 01:57:07.245,car_ID_4687,car,in,True
2026-07-28 01:57:07.377,car_ID_4700,car,out,True
2026-07-28 01:57:08.311,car_ID_4705,car,out,True
2026-07-28 01:57:08.544,car_ID_4704,car,out,True
2026-07-28 01:57:08.911,car_ID_4691,car,in,True
2026-07-28 01:57:09.176,car_ID_4689,car,in,True
2026-07-28 01:57:09.311,car_ID_4696,car,in,True
2026-07-28 01:57:10.044,car_ID_4695,car,in,True
2026-07-28 01:57:10.211,car_ID_4710,car,out,True
2026-07-28 01:57:11.409,car_ID_4709,car,out,True
2026-07-28 01:57:11.809,car_ID_4701,car,in,True
2026-07-28 01:57:12.209,car_ID_4712,car,out,True
2026-07-28 01:57:12.273,motorcycle_ID_28,motorcycle,out,True
2026-07-28 01:57:12.312,car_ID_4702,car,in,True
2026-07-28 01:57:12.577,car_ID_4703,car,in,True
2026-07-28 01:57:12.845,person_ID_29,person,out,True
2026-07-28 01:57:13.145,truck_ID_2183,truck,in,True
2026-07-28 01:57:14.008,truck_ID_2184,truck,out,True
2026-07-28 01:57:14.243,car_ID_4716,car,out,True
2026-07-28 01:57:14.310,car_ID_4706,car,in,True
2026-07-28 01:57:14.510,car_ID_4708,car,in,True
2026-07-28 01:57:14.710,car_ID_4715,car,out,True
2026-07-28 01:57:15.209,car_ID_4720,car,out,True
2026-07-28 01:57:15.809,car_ID_4711,car,in,True
2026-07-28 01:57:16.646,car_ID_4724,car,out,True
2026-07-28 01:57:16.941,car_ID_4723,car,out,True
2026-07-28 01:57:17.546,car_ID_4728,car,out,True
2026-07-28 01:57:18.112,car_ID_4713,car,in,True
2026-07-28 01:57:18.412,car_ID_4730,car,out,True
2026-07-28 01:57:18.445,car_ID_4718,car,in,True
2026-07-28 01:57:18.577,car_ID_4722,car,in,True
2026-07-28 01:57:18.577,car_ID_4729,car,out,True
2026-07-28 01:57:18.645,car_ID_4717,car,in,True
2026-07-28 01:57:18.712,car_ID_4719,car,in,True
2026-07-28 01:57:19.578,car_ID_4731,car,out,True
2026-07-28 01:57:19.641,car_ID_4733,car,out,True
2026-07-28 01:57:20.143,truck_ID_2195,truck,out,True
2026-07-28 01:57:20.342,car_ID_4738,car,out,True
2026-07-28 01:57:20.410,car_ID_4726,car,in,True
2026-07-28 01:57:20.610,car_ID_4725,car,in,True
2026-07-28 01:57:20.641,car_ID_4740,car,out,True
2026-07-28 01:57:22.312,car_ID_4739,car,out,True
2026-07-28 01:57:22.512,car_ID_4727,car,in,True
2026-07-28 01:57:22.742,car_ID_4732,car,in,True
2026-07-28 01:57:23.310,car_ID_4745,car,out,True
2026-07-28 01:57:24.110,car_ID_4734,car,in,True
2026-07-28 01:57:24.717,car_ID_4737,car,in,True
2026-07-28 01:57:24.743,car_ID_4746,car,out,True
2026-07-28 01:57:24.845,car_ID_4752,car,out,True
2026-07-28 01:57:25.180,car_ID_4741,car,in,True
2026-07-28 01:57:25.545,person_ID_33,person,in,True
2026-07-28 01:57:25.780,car_ID_4744,car,in,True
2026-07-28 01:57:26.177,car_ID_4736,car,in,True
2026-07-28 01:57:26.978,car_ID_4747,car,in,True
2026-07-28 01:57:27.410,car_ID_4756,car,out,True
2026-07-28 01:57:27.713,car_ID_4742,car,in,True
2026-07-28 01:57:28.209,car_ID_4758,car,out,True
2026-07-28 01:57:28.412,car_ID_4757,car,out,True
2026-07-28 01:57:28.577,car_ID_4753,car,in,True
2026-07-28 01:57:29.043,car_ID_4770,car,in,True
2026-07-28 01:57:29.374,car_ID_4762,car,out,True
2026-07-28 01:57:29.579,truck_ID_2206,truck,in,True
2026-07-28 01:57:29.980,bus_ID_867,bus,out,True
2026-07-28 01:57:30.145,car_ID_4751,car,in,True
2026-07-28 01:57:30.145,car_ID_4755,car,in,True
2026-07-28 01:57:31.146,car_ID_4772,car,out,True
2026-07-28 01:57:31.208,car_ID_4765,car,in,True
2026-07-28 01:57:31.645,truck_ID_2205,truck,in,True
2026-07-28 01:57:31.712,car_ID_4754,car,in,True
2026-07-28 01:57:31.874,car_ID_4774,car,out,True
2026-07-28 01:57:32.109,car_ID_4775,car,out,True
2026-07-28 01:57:32.843,car_ID_4759,car,in,True
2026-07-28 01:57:33.776,car_ID_4766,car,in,True
2026-07-28 01:57:33.809,car_ID_4778,car,out,True
2026-07-28 01:57:34.209,truck_ID_2203,truck,in,True
2026-07-28 01:57:34.710,car_ID_4769,car,in,True
2026-07-28 01:57:34.842,car_ID_4781,car,out,True
2026-07-28 01:57:35.977,car_ID_4782,car,out,True
2026-07-28 01:57:36.643,car_ID_4773,car,in,True
2026-07-28 01:57:36.747,car_ID_4771,car,in,True
2026-07-28 01:57:36.978,car_ID_4785,car,out,True
2026-07-28 01:57:37.111,car_ID_4767,car,in,True
2026-07-28 01:57:37.610,car_ID_4786,car,out,True
2026-07-28 01:57:38.810,car_ID_4790,car,out,True
2026-07-28 01:57:38.977,bus_ID_873,bus,in,True
2026-07-28 01:57:38.977,truck_ID_2218,truck,out,True
2026-07-28 01:57:39.045,truck_ID_2226,truck,out,True
2026-07-28 01:57:39.542,car_ID_4801,car,out,True
2026-07-28 01:57:39.849,car_ID_4784,car,in,True
2026-07-28 01:57:39.874,bus_ID_874,bus,in,True
2026-07-28 01:57:40.345,car_ID_4776,car,in,True
2026-07-28 01:57:40.378,car_ID_4783,car,in,True
2026-07-28 01:57:40.911,truck_ID_2222,truck,in,True
2026-07-28 01:57:41.379,car_ID_4796,car,out,True
2026-07-28 01:57:41.644,car_ID_4788,car,in,True
2026-07-28 01:57:41.746,truck_ID_2221,truck,in,True
2026-07-28 01:57:41.745,car_ID_4792,car,in,True
2026-07-28 01:57:41.774,car_ID_4793,car,in,True
2026-07-28 01:57:41.841,car_ID_4803,car,out,True
2026-07-28 01:57:43.477,car_ID_4811,car,out,True
2026-07-28 01:57:43.975,truck_ID_2235,truck,out,True
2026-07-28 01:57:44.143,car_ID_4823,car,out,True
2026-07-28 01:57:44.312,car_ID_4812,car,out,True
2026-07-28 01:57:44.645,truck_ID_2236,truck,out,True
2026-07-28 01:57:44.712,truck_ID_2232,truck,out,True
2026-07-28 01:57:44.712,car_ID_4802,car,in,True
2026-07-28 01:57:44.712,car_ID_4809,car,in,True
2026-07-28 01:57:45.512,car_ID_4804,car,in,True
2026-07-28 01:57:46.178,car_ID_4824,car,out,True
2026-07-28 01:57:46.646,car_ID_4814,car,in,True
2026-07-28 01:57:46.712,truck_ID_2239,truck,out,True
2026-07-28 01:57:46.846,car_ID_4810,car,in,True
2026-07-28 01:57:47.112,car_ID_4833,car,out,True
2026-07-28 01:57:47.511,truck_ID_2224,truck,in,True
2026-07-28 01:57:47.511,car_ID_4827,car,out,True
2026-07-28 01:57:48.144,car_ID_4830,car,out,True
2026-07-28 01:57:48.410,car_ID_4834,car,out,True
2026-07-28 01:57:48.880,car_ID_4831,car,in,True
2026-07-28 01:57:49.343,car_ID_4837,car,in,True
2026-07-28 01:57:49.713,car_ID_4825,car,in,True
2026-07-28 01:57:49.945,truck_ID_2230,truck,in,True
2026-07-28 01:57:50.176,car_ID_4813,car,in,True
2026-07-28 01:57:50.343,car_ID_4835,car,out,True
2026-07-28 01:57:50.646,bus_ID_890,bus,in,True
2026-07-28 01:57:50.843,car_ID_4822,car,in,True
2026-07-28 01:57:51.109,truck_ID_2242,truck,in,True
2026-07-28 01:57:51.545,bus_ID_891,bus,in,True
2026-07-28 01:57:52.011,car_ID_4841,car,out,True
2026-07-28 01:57:52.143,car_ID_4839,car,out,True
2026-07-28 01:57:53.073,truck_ID_2250,truck,in,True
2026-07-28 01:57:53.278,truck_ID_2249,truck,in,True
2026-07-28 01:57:53.344,car_ID_4826,car,in,True
2026-07-28 01:57:53.945,car_ID_4828,car,in,True
2026-07-28 01:57:54.044,car_ID_4843,car,in,True
2026-07-28 01:57:54.341,truck_ID_2256,truck,out,True
2026-07-28 01:57:54.478,car_ID_4845,car,in,True
2026-07-28 01:57:54.776,car_ID_4849,car,out,True
2026-07-28 01:57:54.810,car_ID_4829,car,in,True
2026-07-28 01:57:54.944,car_ID_4854,car,out,True
2026-07-28 01:57:55.210,car_ID_4866,car,out,True
2026-07-28 01:57:55.744,truck_ID_2259,truck,out,True
2026-07-28 01:57:56.976,truck_ID_2270,truck,in,True
2026-07-28 01:57:57.176,car_ID_4857,car,out,True
2026-07-28 01:57:57.276,truck_ID_2248,truck,in,True
2026-07-28 01:57:57.911,car_ID_4863,car,out,True
2026-07-28 01:57:58.711,truck_ID_2271,truck,out,True
2026-07-28 01:57:59.044,car_ID_4867,car,in,True
2026-07-28 01:57:59.179,truck_ID_2269,truck,in,True
2026-07-28 01:57:59.246,truck_ID_2261,truck,out,True
2026-07-28 01:57:59.776,car_ID_4855,car,in,True
2026-07-28 01:58:00.045,truck_ID_2284,truck,in,True
2026-07-28 01:58:00.510,truck_ID_2282,truck,in,True
2026-07-28 01:58:00.578,bus_ID_905,bus,in,True
2026-07-28 01:58:00.710,car_ID_4876,car,out,True
2026-07-28 01:58:00.913,truck_ID_2278,truck,out,True
2026-07-28 01:58:00.947,bus_ID_903,bus,out,True
2026-07-28 01:58:01.344,car_ID_4879,car,out,True
2026-07-28 01:58:01.544,car_ID_4892,car,out,True
2026-07-28 01:58:01.809,car_ID_4853,car,in,True
2026-07-28 01:58:02.109,car_ID_4864,car,in,True
2026-07-28 01:58:02.812,car_ID_4862,car,in,True
2026-07-28 01:58:02.984,car_ID_4873,car,in,True
2026-07-28 01:58:03.112,car_ID_4891,car,out,True
2026-07-28 01:58:03.376,car_ID_4880,car,in,True
2026-07-28 01:58:03.609,truck_ID_2289,truck,out,True
2026-07-28 01:58:03.809,car_ID_4895,car,out,True
2026-07-28 01:58:03.946,car_ID_4902,car,out,True
2026-07-28 01:58:03.974,car_ID_4872,car,in,True
2026-07-28 01:58:03.975,car_ID_4878,car,in,True
2026-07-28 01:58:04.409,car_ID_4893,car,out,True
2026-07-28 01:58:06.445,car_ID_4882,car,in,True
2026-07-28 01:58:07.245,car_ID_4906,car,out,True
2026-07-28 01:58:08.047,car_ID_4887,car,in,True
2026-07-28 01:58:08.410,truck_ID_2291,truck,out,True
2026-07-28 01:58:08.576,car_ID_4886,car,in,True
2026-07-28 01:58:09.046,truck_ID_2281,truck,in,True
2026-07-28 01:58:09.112,car_ID_4896,car,in,True
2026-07-28 01:58:09.409,car_ID_4897,car,in,True
2026-07-28 01:58:09.978,car_ID_4909,car,out,True
2026-07-28 01:58:10.844,car_ID_4910,car,out,True
2026-07-28 01:58:10.909,car_ID_4900,car,in,True
2026-07-28 01:58:11.209,car_ID_4898,car,in,True
2026-07-28 01:58:11.309,car_ID_4901,car,in,True
2026-07-28 01:58:11.442,car_ID_4905,car,in,True
2026-07-28 01:58:11.712,car_ID_4915,car,out,True
2026-07-28 01:58:12.610,car_ID_4907,car,in,True
2026-07-28 01:58:12.678,truck_ID_2305,truck,out,True
2026-07-28 01:58:12.712,car_ID_4916,car,out,True
2026-07-28 01:58:15.114,car_ID_4919,car,out,True
2026-07-28 01:58:15.114,car_ID_4922,car,out,True
2026-07-28 01:58:15.147,car_ID_4918,car,in,True
2026-07-28 01:58:15.179,car_ID_4925,car,out,True
2026-07-28 01:58:15.310,car_ID_4908,car,in,True
2026-07-28 01:58:15.648,truck_ID_2295,truck,in,True
2026-07-28 01:58:15.811,car_ID_4912,car,in,True
2026-07-28 01:58:15.912,car_ID_4928,car,out,True
2026-07-28 01:58:16.010,truck_ID_2303,truck,in,True
2026-07-28 01:58:16.514,bus_ID_912,bus,in,True
2026-07-28 01:58:16.581,car_ID_4946,car,out,True
2026-07-28 01:58:16.643,truck_ID_2317,truck,out,True
2026-07-28 01:58:16.777,car_ID_4949,car,out,True
2026-07-28 01:58:16.946,car_ID_4932,car,out,True
2026-07-28 01:58:16.977,bus_ID_913,bus,in,True
2026-07-28 01:58:17.146,car_ID_4914,car,in,True
2026-07-28 01:58:17.409,truck_ID_2318,truck,out,True
2026-07-28 01:58:17.410,car_ID_4929,car,out,True
2026-07-28 01:58:17.544,car_ID_4941,car,out,True
2026-07-28 01:58:18.113,truck_ID_2306,truck,in,True
2026-07-28 01:58:18.114,car_ID_4938,car,out,True
2026-07-28 01:58:18.209,car_ID_4920,car,in,True
2026-07-28 01:58:18.508,car_ID_4947,car,out,True
2026-07-28 01:58:18.643,car_ID_4943,car,out,True
2026-07-28 01:58:19.846,car_ID_4926,car,in,True
2026-07-28 01:58:20.144,truck_ID_2301,truck,in,True
2026-07-28 01:58:20.243,car_ID_4954,car,out,True
2026-07-28 01:58:20.311,car_ID_4948,car,out,True
2026-07-28 01:58:21.242,bus_ID_922,bus,in,True
2026-07-28 01:58:21.243,truck_ID_2307,truck,in,True
2026-07-28 01:58:22.382,truck_ID_2326,truck,in,True
2026-07-28 01:58:23.111,car_ID_4936,car,in,True
2026-07-28 01:58:23.111,car_ID_4964,car,in,True
2026-07-28 01:58:23.375,car_ID_4966,car,out,True
2026-07-28 01:58:23.580,truck_ID_2328,truck,in,True
2026-07-28 01:58:23.748,car_ID_4937,car,in,True
2026-07-28 01:58:23.747,car_ID_4962,car,out,True
2026-07-28 01:58:24.707,truck_ID_2324,truck,in,True
2026-07-28 01:58:24.706,car_ID_4965,car,out,True
2026-07-28 01:58:25.142,truck_ID_2333,truck,in,True
2026-07-28 01:58:25.142,car_ID_4969,car,in,True
2026-07-28 01:58:25.242,car_ID_4955,car,in,True
2026-07-28 01:58:26.045,car_ID_4951,car,in,True
2026-07-28 01:58:26.178,car_ID_4950,car,in,True
2026-07-28 01:58:26.709,car_ID_4957,car,in,True
2026-07-28 01:58:26.909,car_ID_4960,car,in,True
2026-07-28 01:58:28.582,car_ID_4982,car,out,True
2026-07-28 01:58:28.779,car_ID_4981,car,out,True
2026-07-28 01:58:29.975,truck_ID_2345,truck,in,True
2026-07-28 01:58:30.345,car_ID_4967,car,in,True
2026-07-28 01:58:30.508,bus_ID_929,bus,in,True
2026-07-28 01:58:31.311,car_ID_4968,car,in,True
2026-07-28 01:58:31.579,car_ID_4979,car,in,True
2026-07-28 01:58:31.914,car_ID_4983,car,in,True
2026-07-28 01:58:33.212,truck_ID_2344,truck,in,True
2026-07-28 01:58:33.510,car_ID_4992,car,out,True
2026-07-28 01:58:33.577,car_ID_4977,car,in,True
2026-07-28 01:58:34.579,car_ID_4994,car,out,True
2026-07-28 01:58:35.209,car_ID_4984,car,in,True
2026-07-28 01:58:36.045,truck_ID_2352,truck,in,True
2026-07-28 01:58:36.210,car_ID_4999,car,out,True
2026-07-28 01:58:36.344,truck_ID_2349,truck,out,True
2026-07-28 01:58:36.810,car_ID_4989,car,in,True
2026-07-28 01:58:37.261,car_ID_5002,car,out,True
2026-07-28 01:58:37.322,car_ID_5004,car,out,True
2026-07-28 01:58:37.778,truck_ID_2340,truck,in,True
2026-07-28 01:58:37.778,car_ID_4993,car,in,True
2026-07-28 01:58:39.111,car_ID_5006,car,out,True
2026-07-28 01:58:39.309,car_ID_5007,car,out,True
2026-07-28 01:58:39.609,car_ID_4996,car,in,True
2026-07-28 01:58:39.712,car_ID_5010,car,out,True
2026-07-28 01:58:39.779,car_ID_5008,car,out,True
2026-07-28 01:58:40.111,car_ID_4995,car,in,True
2026-07-28 01:58:40.543,car_ID_5012,car,out,True
2026-07-28 01:58:41.010,car_ID_5013,car,in,True
2026-07-28 01:58:41.514,car_ID_5014,car,out,True
2026-07-28 01:58:42.043,car_ID_5015,car,out,True
2026-07-28 01:58:42.075,bus_ID_952,bus,in,True
2026-07-28 01:58:42.107,bus_ID_951,bus,in,True
2026-07-28 01:58:42.512,car_ID_5000,car,in,True
2026-07-28 01:58:42.579,truck_ID_2371,truck,in,True
2026-07-28 01:58:42.976,car_ID_5001,car,in,True
2026-07-28 01:58:42.976,car_ID_5016,car,in,True
2026-07-28 01:58:44.177,car_ID_5005,car,in,True
2026-07-28 01:58:44.509,car_ID_5003,car,in,True
2026-07-28 01:58:45.244,car_ID_5011,car,in,True
2026-07-28 01:58:45.542,truck_ID_2375,truck,in,True
2026-07-28 01:58:45.847,truck_ID_2374,truck,in,True
2026-07-28 01:58:47.210,car_ID_5009,car,in,True
2026-07-28 01:58:47.244,car_ID_5019,car,out,True
2026-07-28 01:58:47.311,car_ID_5022,car,out,True
2026-07-28 01:58:47.779,car_ID_5023,car,out,True
2026-07-28 01:58:49.113,car_ID_5026,car,out,True
2026-07-28 01:58:49.177,car_ID_5017,car,in,True
2026-07-28 01:58:49.675,truck_ID_2381,truck,out,True
2026-07-28 01:58:49.709,car_ID_5030,car,in,True
2026-07-28 01:58:49.744,truck_ID_2382,truck,out,True
2026-07-28 01:58:49.809,car_ID_5021,car,in,True
2026-07-28 01:58:50.143,car_ID_5020,car,in,True
2026-07-28 01:58:50.211,car_ID_5029,car,out,True
2026-07-28 01:58:50.409,car_ID_5031,car,out,True
2026-07-28 01:58:50.579,car_ID_5038,car,out,True
2026-07-28 01:58:51.976,truck_ID_2367,truck,in,True
2026-07-28 01:58:52.177,car_ID_5036,car,out,True
2026-07-28 01:58:52.743,truck_ID_2386,truck,out,True
2026-07-28 01:58:52.908,car_ID_5025,car,in,True
2026-07-28 01:58:52.945,car_ID_5046,car,out,True
2026-07-28 01:58:53.276,bus_ID_963,bus,out,True
2026-07-28 01:58:53.810,truck_ID_2384,truck,out,True
2026-07-28 01:58:54.045,car_ID_5043,car,out,True
2026-07-28 01:58:54.409,car_ID_5027,car,in,True
2026-07-28 01:58:55.912,car_ID_5034,car,in,True
2026-07-28 01:58:56.246,car_ID_5051,car,out,True
2026-07-28 01:58:56.377,car_ID_5052,car,out,True
2026-07-28 01:58:57.242,car_ID_5053,car,out,True
2026-07-28 01:58:57.446,truck_ID_2377,truck,in,True
2026-07-28 01:58:57.610,car_ID_5039,car,in,True
2026-07-28 01:58:57.978,car_ID_5042,car,in,True
2026-07-28 01:58:58.844,car_ID_5057,car,out,True
2026-07-28 01:58:59.346,car_ID_5040,car,in,True
2026-07-28 01:58:59.910,car_ID_5045,car,in,True
2026-07-28 01:59:00.511,car_ID_5048,car,in,True
2026-07-28 01:59:01.179,car_ID_5056,car,in,True
2026-07-28 01:59:01.246,car_ID_5071,car,in,True
2026-07-28 01:59:01.409,truck_ID_2398,truck,out,True
2026-07-28 01:59:01.409,car_ID_5062,car,out,True
2026-07-28 01:59:01.610,car_ID_5047,car,in,True
2026-07-28 01:59:01.708,bus_ID_968,bus,in,True
2026-07-28 01:59:01.911,bus_ID_967,bus,in,True
2026-07-28 01:59:01.946,truck_ID_2399,truck,out,True
2026-07-28 01:59:02.043,car_ID_5067,car,out,True
2026-07-28 01:59:02.144,car_ID_5076,car,out,True
2026-07-28 01:59:02.246,bus_ID_964,bus,in,True
2026-07-28 01:59:02.843,car_ID_5066,car,in,True
2026-07-28 01:59:02.909,car_ID_5055,car,in,True
2026-07-28 01:59:03.045,car_ID_5054,car,in,True
2026-07-28 01:59:03.143,truck_ID_2394,truck,in,True
2026-07-28 01:59:03.210,car_ID_5050,car,in,True
2026-07-28 01:59:03.209,car_ID_5072,car,out,True
2026-07-28 01:59:03.310,truck_ID_2391,truck,in,True
2026-07-28 01:59:03.544,car_ID_5058,car,in,True
2026-07-28 01:59:04.410,car_ID_5077,car,out,True
2026-07-28 01:59:04.512,car_ID_5080,car,out,True
2026-07-28 01:59:04.976,car_ID_5063,car,in,True
2026-07-28 01:59:04.976,car_ID_5068,car,in,True
2026-07-28 01:59:05.243,truck_ID_2405,truck,out,True
2026-07-28 01:59:05.581,car_ID_5099,car,out,True
2026-07-28 01:59:05.843,car_ID_5086,car,out,True
2026-07-28 01:59:06.111,truck_ID_2407,truck,out,True
2026-07-28 01:59:06.379,truck_ID_2402,truck,out,True
2026-07-28 01:59:06.610,truck_ID_2404,truck,in,True
2026-07-28 01:59:06.947,car_ID_5088,car,out,True
2026-07-28 01:59:07.144,bus_ID_978,bus,out,True
2026-07-28 01:59:07.178,truck_ID_2416,truck,out,True
2026-07-28 01:59:07.709,car_ID_5109,car,out,True
2026-07-28 01:59:07.746,car_ID_5095,car,out,True
2026-07-28 01:59:08.146,truck_ID_2396,truck,in,True
2026-07-28 01:59:08.746,car_ID_5100,car,out,True
2026-07-28 01:59:08.913,car_ID_5102,car,out,True
2026-07-28 01:59:09.045,truck_ID_2409,truck,in,True
2026-07-28 01:59:09.345,bus_ID_982,bus,out,True
2026-07-28 01:59:09.345,car_ID_5104,car,out,True
2026-07-28 01:59:09.409,car_ID_5078,car,in,True
2026-07-28 01:59:09.643,truck_ID_2423,truck,out,True
2026-07-28 01:59:09.676,truck_ID_2422,truck,out,True
2026-07-28 01:59:10.143,car_ID_5119,car,out,True
2026-07-28 01:59:10.179,truck_ID_2424,truck,out,True
2026-07-28 01:59:10.211,car_ID_5110,car,out,True
2026-07-28 01:59:11.113,car_ID_5113,car,out,True
2026-07-28 01:59:11.210,car_ID_5114,car,out,True
2026-07-28 01:59:11.909,car_ID_5118,car,out,True
2026-07-28 01:59:12.012,car_ID_5093,car,in,True
2026-07-28 01:59:13.045,car_ID_5121,car,out,True
2026-07-28 01:59:13.446,car_ID_5123,car,out,True
2026-07-28 01:59:13.844,car_ID_5124,car,out,True
2026-07-28 01:59:14.242,truck_ID_2425,truck,out,True
2026-07-28 01:59:14.548,car_ID_5106,car,in,True
2026-07-28 01:59:14.583,bus_ID_987,bus,out,True
2026-07-28 01:59:15.009,car_ID_5112,car,in,True
2026-07-28 01:59:15.179,truck_ID_2430,truck,out,True
2026-07-28 01:59:15.179,car_ID_5105,car,in,True
2026-07-28 01:59:15.743,car_ID_5117,car,in,True
2026-07-28 01:59:15.809,car_ID_5120,car,in,True
2026-07-28 01:59:16.576,car_ID_5116,car,in,True
2026-07-28 01:59:16.576,car_ID_5137,car,out,True
2026-07-28 01:59:17.010,car_ID_5144,car,out,True
2026-07-28 01:59:17.174,car_ID_5139,car,out,True
2026-07-28 01:59:17.545,car_ID_5127,car,in,True
2026-07-28 01:59:17.779,car_ID_5145,car,out,True
2026-07-28 01:59:18.009,car_ID_5142,car,out,True
2026-07-28 01:59:18.379,car_ID_5131,car,in,True
2026-07-28 01:59:18.611,truck_ID_2433,truck,out,True
2026-07-28 01:59:19.443,car_ID_5130,car,in,True
2026-07-28 01:59:19.443,car_ID_5134,car,in,True
2026-07-28 01:59:19.645,car_ID_5147,car,out,True
2026-07-28 01:59:20.110,car_ID_5138,car,in,True
2026-07-28 01:59:20.178,car_ID_5149,car,out,True
2026-07-28 01:59:21.210,car_ID_5152,car,out,True
2026-07-28 01:59:21.243,car_ID_5141,car,in,True
2026-07-28 01:59:21.709,car_ID_5153,car,out,True
2026-07-28 01:59:21.809,car_ID_5148,car,in,True
2026-07-28 01:59:21.944,car_ID_5155,car,out,True
2026-07-28 01:59:22.577,car_ID_5156,car,out,True
2026-07-28 01:59:23.046,car_ID_5158,car,out,True
2026-07-28 01:59:23.311,car_ID_5143,car,in,True
2026-07-28 01:59:23.610,truck_ID_2439,truck,in,True
2026-07-28 01:59:23.645,car_ID_5163,car,in,True
2026-07-28 01:59:24.144,truck_ID_2441,truck,in,True
2026-07-28 01:59:24.345,truck_ID_2442,truck,out,True
2026-07-28 01:59:24.445,car_ID_5150,car,in,True
2026-07-28 01:59:24.477,truck_ID_2440,truck,out,True
2026-07-28 01:59:24.510,bus_ID_990,bus,out,True
2026-07-28 01:59:24.710,car_ID_5154,car,in,True
2026-07-28 01:59:24.946,bus_ID_992,bus,out,True
2026-07-28 01:59:25.743,car_ID_5151,car,in,True
2026-07-28 01:59:25.743,car_ID_5157,car,in,True
2026-07-28 01:59:25.774,car_ID_5159,car,in,True
2026-07-28 01:59:26.308,car_ID_5164,car,out,True
2026-07-28 01:59:26.748,car_ID_5165,car,out,True
2026-07-28 01:59:27.142,car_ID_5167,car,out,True
2026-07-28 01:59:28.043,car_ID_5160,car,in,True
2026-07-28 01:59:28.509,car_ID_5162,car,in,True
2026-07-28 01:59:28.610,car_ID_5166,car,out,True
2026-07-28 01:59:28.712,car_ID_5173,car,out,True
2026-07-28 01:59:28.877,truck_ID_2447,truck,in,True
2026-07-28 01:59:28.978,car_ID_5161,car,in,True
2026-07-28 01:59:29.112,car_ID_5174,car,out,True
2026-07-28 01:59:29.243,truck_ID_2448,truck,in,True
2026-07-28 01:59:29.711,car_ID_5179,car,in,True
2026-07-28 01:59:30.075,truck_ID_2451,truck,out,True
2026-07-28 01:59:30.278,truck_ID_2450,truck,out,True
2026-07-28 01:59:30.578,car_ID_5175,car,out,True
2026-07-28 01:59:30.809,car_ID_5182,car,out,True
2026-07-28 01:59:31.142,car_ID_5168,car,in,True
2026-07-28 01:59:31.442,car_ID_5169,car,in,True
2026-07-28 01:59:31.610,car_ID_5170,car,in,True
2026-07-28 01:59:31.944,car_ID_5176,car,in,True
2026-07-28 01:59:32.080,truck_ID_2452,truck,out,True
2026-07-28 01:59:32.110,truck_ID_2454,truck,out,True
2026-07-28 01:59:32.580,car_ID_5185,car,out,True
2026-07-28 01:59:32.607,car_ID_5194,car,out,True
2026-07-28 01:59:32.744,car_ID_5184,car,out,True
2026-07-28 01:59:33.209,car_ID_5177,car,in,True
2026-07-28 01:59:33.843,car_ID_5188,car,out,True
2026-07-28 01:59:34.076,truck_ID_2456,truck,in,True
2026-07-28 01:59:34.185,car_ID_5192,car,in,True
2026-07-28 01:59:34.278,truck_ID_2455,truck,in,True
2026-07-28 01:59:35.009,car_ID_5189,car,in,True
2026-07-28 01:59:35.575,truck_ID_2459,truck,out,True
2026-07-28 01:59:35.575,car_ID_5197,car,out,True
2026-07-28 01:59:35.575,car_ID_5204,car,out,True
2026-07-28 01:59:36.112,car_ID_5195,car,out,True
2026-07-28 01:59:36.145,truck_ID_2461,truck,out,True
2026-07-28 01:59:36.310,car_ID_5187,car,in,True
2026-07-28 01:59:36.776,car_ID_5199,car,out,True
2026-07-28 01:59:37.909,car_ID_5183,car,in,True
2026-07-28 01:59:38.378,car_ID_5191,car,in,True
2026-07-28 01:59:38.580,truck_ID_2463,truck,in,True
2026-07-28 01:59:38.709,bus_ID_1001,bus,in,True
2026-07-28 01:59:38.779,car_ID_5207,car,out,True
2026-07-28 01:59:39.109,bus_ID_1002,bus,in,True
2026-07-28 01:59:39.377,car_ID_5193,car,in,True
2026-07-28 01:59:39.409,car_ID_5201,car,in,True
2026-07-28 01:59:40.342,truck_ID_2464,truck,in,True
2026-07-28 01:59:40.342,car_ID_5196,car,in,True
2026-07-28 01:59:41.144,car_ID_5198,car,in,True
2026-07-28 01:59:41.244,car_ID_5202,car,in,True
2026-07-28 01:59:42.244,car_ID_5212,car,out,True
2026-07-28 01:59:42.510,truck_ID_2467,truck,out,True
2026-07-28 01:59:42.509,car_ID_5221,car,out,True
2026-07-28 01:59:42.710,car_ID_5214,car,out,True
2026-07-28 01:59:42.778,car_ID_5200,car,in,True
2026-07-28 01:59:43.009,truck_ID_2466,truck,out,True
2026-07-28 01:59:43.177,car_ID_5223,car,out,True
2026-07-28 01:59:44.711,car_ID_5208,car,in,True
2026-07-28 01:59:44.843,car_ID_5209,car,in,True
2026-07-28 01:59:45.413,car_ID_5222,car,out,True
2026-07-28 01:59:45.578,car_ID_5218,car,out,True
2026-07-28 01:59:45.778,car_ID_5210,car,in,True
2026-07-28 01:59:45.993,car_ID_5213,car,in,True
2026-07-28 01:59:46.258,car_ID_5217,car,in,True
2026-07-28 01:59:46.847,car_ID_5232,car,out,True
2026-07-28 01:59:46.910,car_ID_5228,car,out,True
2026-07-28 01:59:46.976,bus_ID_1004,bus,in,True
2026-07-28 01:59:47.009,car_ID_5227,car,out,True
2026-07-28 01:59:47.312,car_ID_5225,car,out,True
2026-07-28 01:59:47.678,truck_ID_2470,truck,in,True
2026-07-28 01:59:48.081,truck_ID_2468,truck,in,True
2026-07-28 01:59:48.576,truck_ID_2477,truck,out,True
2026-07-28 01:59:48.810,car_ID_5236,car,out,True
2026-07-28 01:59:49.211,car_ID_5238,car,out,True
2026-07-28 01:59:49.374,car_ID_5226,car,in,True
2026-07-28 01:59:49.445,car_ID_5220,car,in,True
2026-07-28 01:59:49.809,car_ID_5240,car,out,True
2026-07-28 01:59:49.809,car_ID_5243,car,out,True
2026-07-28 01:59:50.175,car_ID_5229,car,in,True
2026-07-28 01:59:50.545,car_ID_5253,car,out,True
2026-07-28 01:59:50.575,bus_ID_1010,bus,out,True
2026-07-28 01:59:51.111,truck_ID_2480,truck,out,True
2026-07-28 01:59:51.111,car_ID_5249,car,out,True
2026-07-28 01:59:51.574,car_ID_5224,car,in,True
2026-07-28 01:59:51.880,truck_ID_2484,truck,out,True
2026-07-28 01:59:52.144,car_ID_5250,car,out,True
2026-07-28 01:59:52.508,car_ID_5233,car,in,True
2026-07-28 01:59:52.609,car_ID_5237,car,in,True
2026-07-28 01:59:52.710,car_ID_5260,car,out,True
2026-07-28 01:59:53.043,car_ID_5252,car,out,True
2026-07-28 01:59:53.180,truck_ID_2475,truck,in,True
2026-07-28 01:59:53.245,truck_ID_2485,truck,out,True
2026-07-28 01:59:53.543,truck_ID_2471,truck,in,True
2026-07-28 01:59:54.309,car_ID_5239,car,in,True
2026-07-28 01:59:55.644,car_ID_5259,car,out,True
2026-07-28 01:59:56.511,car_ID_5266,car,out,True
2026-07-28 01:59:57.045,truck_ID_2489,truck,out,True
2026-07-28 01:59:57.177,car_ID_5246,car,in,True
2026-07-28 01:59:57.710,car_ID_5251,car,in,True
2026-07-28 01:59:57.947,car_ID_5257,car,in,True
2026-07-28 01:59:58.711,car_ID_5255,car,in,True
2026-07-28 01:59:58.945,truck_ID_2490,truck,out,True
2026-07-28 01:59:59.711,car_ID_5273,car,out,True
2026-07-28 02:00:00.211,car_ID_5280,car,out,True
2026-07-28 02:00:00.344,car_ID_5256,car,in,True
2026-07-28 02:00:00.646,car_ID_5275,car,out,True
2026-07-28 02:00:01.144,car_ID_5279,car,out,True
2026-07-28 02:00:02.209,car_ID_5264,car,in,True
2026-07-28 02:00:02.209,car_ID_5265,car,in,True
2026-07-28 02:00:02.243,car_ID_5267,car,in,True
2026-07-28 02:00:02.809,car_ID_5284,car,out,True
2026-07-28 02:00:03.642,car_ID_5287,car,out,True
2026-07-28 02:00:04.343,car_ID_5276,car,in,True
2026-07-28 02:00:04.343,car_ID_5278,car,in,True
2026-07-28 02:00:04.444,car_ID_5272,car,in,True
2026-07-28 02:00:04.510,car_ID_5271,car,in,True
2026-07-28 02:00:05.409,car_ID_5277,car,in,True
2026-07-28 02:00:05.744,truck_ID_2492,truck,out,True
2026-07-28 02:00:06.209,bus_ID_1018,bus,out,True
2026-07-28 02:00:06.377,car_ID_5290,car,out,True
2026-07-28 02:00:07.710,car_ID_5282,car,in,True
2026-07-28 02:00:08.009,car_ID_5294,car,in,True
2026-07-28 02:00:08.110,car_ID_5295,car,out,True
2026-07-28 02:00:08.310,car_ID_5283,car,in,True
2026-07-28 02:00:08.310,car_ID_5292,car,in,True
2026-07-28 02:00:08.577,car_ID_5293,car,in,True
2026-07-28 02:00:08.774,car_ID_5304,car,out,True
2026-07-28 02:00:08.943,car_ID_5300,car,out,True
2026-07-28 02:00:09.675,truck_ID_2503,truck,out,True
2026-07-28 02:00:10.045,car_ID_5307,car,out,True
2026-07-28 02:00:10.180,car_ID_5314,car,out,True
2026-07-28 02:00:10.209,car_ID_5296,car,in,True
2026-07-28 02:00:10.447,car_ID_5291,car,in,True
2026-07-28 02:00:10.844,car_ID_5312,car,out,True
2026-07-28 02:00:10.978,truck_ID_2505,truck,out,True
2026-07-28 02:00:11.311,truck_ID_2494,truck,in,True
2026-07-28 02:00:11.945,car_ID_5317,car,out,True
2026-07-28 02:00:12.177,truck_ID_2498,truck,in,True
2026-07-28 02:00:12.178,car_ID_5297,car,in,True
2026-07-28 02:00:12.178,car_ID_5299,car,in,True
2026-07-28 02:00:12.909,car_ID_5319,car,out,True
2026-07-28 02:00:13.810,car_ID_5311,car,in,True
2026-07-28 02:00:13.911,car_ID_5302,car,in,True
2026-07-28 02:00:13.977,car_ID_5321,car,out,True
2026-07-28 02:00:14.045,car_ID_5320,car,out,True
2026-07-28 02:00:14.143,car_ID_5310,car,in,True
2026-07-28 02:00:14.774,car_ID_5328,car,out,True
2026-07-28 02:00:15.044,car_ID_5322,car,in,True
2026-07-28 02:00:15.143,car_ID_5313,car,in,True
2026-07-28 02:00:15.343,car_ID_5331,car,out,True
2026-07-28 02:00:16.009,car_ID_5329,car,out,True
2026-07-28 02:00:16.310,car_ID_5333,car,out,True
2026-07-28 02:00:16.379,car_ID_5316,car,in,True
2026-07-28 02:00:16.779,truck_ID_2517,truck,out,True
2026-07-28 02:00:17.411,car_ID_5340,car,out,True
2026-07-28 02:00:17.513,truck_ID_2508,truck,out,True
2026-07-28 02:00:18.111,car_ID_5341,car,out,True
2026-07-28 02:00:18.250,car_ID_5326,car,in,True
2026-07-28 02:00:18.979,car_ID_5327,car,in,True
2026-07-28 02:00:19.111,car_ID_5347,car,out,True
2026-07-28 02:00:19.146,car_ID_5330,car,in,True
2026-07-28 02:00:19.244,car_ID_5336,car,in,True
2026-07-28 02:00:19.311,car_ID_5334,car,in,True
2026-07-28 02:00:19.945,car_ID_5352,car,out,True
2026-07-28 02:00:20.111,car_ID_5346,car,out,True
2026-07-28 02:00:20.313,car_ID_5339,car,in,True
2026-07-28 02:00:20.313,car_ID_5351,car,out,True
2026-07-28 02:00:20.579,car_ID_5360,car,out,True
2026-07-28 02:00:20.845,truck_ID_2524,truck,out,True
2026-07-28 02:00:20.846,car_ID_5337,car,in,True
2026-07-28 02:00:21.112,truck_ID_2521,truck,out,True
2026-07-28 02:00:21.112,car_ID_5342,car,in,True
2026-07-28 02:00:21.278,car_ID_5372,car,out,True
2026-07-28 02:00:21.378,car_ID_5369,car,out,True
2026-07-28 02:00:21.478,truck_ID_2523,truck,out,True
2026-07-28 02:00:21.546,car_ID_5363,car,out,True
2026-07-28 02:00:21.977,truck_ID_2525,truck,out,True
2026-07-28 02:00:21.977,car_ID_5358,car,out,True
2026-07-28 02:00:22.046,car_ID_5362,car,out,True
2026-07-28 02:00:22.743,car_ID_5367,car,out,True
2026-07-28 02:00:23.380,car_ID_5345,car,in,True
2026-07-28 02:00:23.578,car_ID_5371,car,out,True
2026-07-28 02:00:23.712,car_ID_5374,car,out,True
2026-07-28 02:00:23.778,car_ID_5348,car,in,True
2026-07-28 02:00:23.777,car_ID_5377,car,out,True
2026-07-28 02:00:23.844,car_ID_5354,car,in,True
2026-07-28 02:00:24.542,car_ID_5379,car,out,True
2026-07-28 02:00:25.179,car_ID_5361,car,in,True
2026-07-28 02:00:25.544,car_ID_5381,car,out,True
2026-07-28 02:00:25.979,truck_ID_2529,truck,in,True
2026-07-28 02:00:26.176,car_ID_5359,car,in,True
2026-07-28 02:00:26.342,car_ID_5385,car,out,True
2026-07-28 02:00:26.442,car_ID_5395,car,in,True
2026-07-28 02:00:26.978,car_ID_5384,car,out,True
2026-07-28 02:00:27.110,car_ID_5388,car,out,True
2026-07-28 02:00:27.410,car_ID_5373,car,in,True
2026-07-28 02:00:28.441,car_ID_5390,car,out,True
2026-07-28 02:00:28.643,car_ID_5392,car,out,True
2026-07-28 02:00:28.778,car_ID_5375,car,in,True
2026-07-28 02:00:29.111,car_ID_5370,car,in,True
2026-07-28 02:00:29.544,car_ID_5394,car,out,True
2026-07-28 02:00:30.243,car_ID_5400,car,out,True
2026-07-28 02:00:30.308,car_ID_5398,car,out,True
2026-07-28 02:00:30.545,car_ID_5382,car,in,True
2026-07-28 02:00:30.808,truck_ID_2534,truck,out,True
2026-07-28 02:00:31.445,car_ID_5383,car,in,True
2026-07-28 02:00:31.445,car_ID_5387,car,in,True
2026-07-28 02:00:32.312,car_ID_5401,car,out,True
2026-07-28 02:00:32.644,car_ID_5391,car,in,True
2026-07-28 02:00:33.045,car_ID_5404,car,out,True
2026-07-28 02:00:33.175,truck_ID_2540,truck,in,True
2026-07-28 02:00:33.175,car_ID_5417,car,in,True
2026-07-28 02:00:33.508,truck_ID_2531,truck,out,True
2026-07-28 02:00:33.810,car_ID_5393,car,in,True
2026-07-28 02:00:34.209,truck_ID_2541,truck,out,True
2026-07-28 02:00:34.409,car_ID_5399,car,in,True
2026-07-28 02:00:34.511,car_ID_5397,car,in,True
2026-07-28 02:00:35.009,car_ID_5410,car,out,True
2026-07-28 02:00:35.145,truck_ID_2547,truck,out,True
2026-07-28 02:00:35.178,car_ID_5409,car,out,True
2026-07-28 02:00:35.711,truck_ID_2545,truck,out,True
2026-07-28 02:00:35.744,car_ID_5416,car,out,True
2026-07-28 02:00:36.176,truck_ID_2549,truck,out,True
2026-07-28 02:00:36.646,car_ID_5424,car,out,True
2026-07-28 02:00:36.910,car_ID_5418,car,out,True
2026-07-28 02:00:36.943,car_ID_5427,car,out,True
2026-07-28 02:00:37.145,car_ID_5402,car,in,True
2026-07-28 02:00:38.210,car_ID_5406,car,in,True
2026-07-28 02:00:38.577,car_ID_5403,car,in,True
2026-07-28 02:00:38.707,car_ID_5428,car,out,True
2026-07-28 02:00:40.142,car_ID_5414,car,in,True
2026-07-28 02:00:40.178,car_ID_5415,car,in,True
2026-07-28 02:00:40.744,car_ID_5411,car,in,True
2026-07-28 02:00:41.609,car_ID_5419,car,in,True
2026-07-28 02:00:42.713,car_ID_5429,car,in,True
2026-07-28 02:00:42.743,car_ID_5422,car,in,True
2026-07-28 02:00:43.177,car_ID_5432,car,out,True
2026-07-28 02:00:44.110,truck_ID_2550,truck,in,True
2026-07-28 02:00:44.511,car_ID_5426,car,in,True
2026-07-28 02:00:44.543,car_ID_5435,car,out,True
2026-07-28 02:00:44.575,car_ID_5433,car,out,True
2026-07-28 02:00:45.609,car_ID_5431,car,in,True
2026-07-28 02:00:46.011,car_ID_5438,car,out,True
2026-07-28 02:00:46.144,car_ID_5430,car,in,True
2026-07-28 02:00:46.377,car_ID_5436,car,in,True
2026-07-28 02:00:47.577,car_ID_5447,car,out,True
2026-07-28 02:00:47.712,car_ID_5443,car,out,True
2026-07-28 02:00:48.246,car_ID_5434,car,in,True
2026-07-28 02:00:49.443,car_ID_5449,car,out,True
2026-07-28 02:00:49.947,car_ID_5452,car,in,True
2026-07-28 02:00:50.210,car_ID_5439,car,in,True
2026-07-28 02:00:50.510,car_ID_5440,car,in,True
2026-07-28 02:00:51.344,bus_ID_1042,bus,out,True
2026-07-28 02:00:51.512,car_ID_5444,car,in,True
2026-07-28 02:00:51.542,truck_ID_2565,truck,out,True
2026-07-28 02:00:51.576,car_ID_5441,car,in,True
2026-07-28 02:00:52.176,bus_ID_1041,bus,in,True
2026-07-28 02:00:52.243,car_ID_5455,car,in,True
2026-07-28 02:00:52.712,truck_ID_2567,truck,in,True
2026-07-28 02:00:52.712,car_ID_5453,car,in,True
2026-07-28 02:00:52.743,car_ID_5446,car,in,True
2026-07-28 02:00:53.976,bus_ID_1040,bus,in,True
2026-07-28 02:00:54.744,car_ID_5457,car,in,True
2026-07-28 02:00:54.910,truck_ID_2566,truck,in,True
2026-07-28 02:00:54.945,car_ID_5465,car,out,True
2026-07-28 02:00:56.342,car_ID_5467,car,out,True
2026-07-28 02:00:56.544,car_ID_5470,car,out,True
2026-07-28 02:00:56.711,car_ID_5460,car,in,True
2026-07-28 02:00:57.176,car_ID_5464,car,in,True
2026-07-28 02:00:57.808,truck_ID_2574,truck,out,True
2026-07-28 02:00:58.211,car_ID_5474,car,out,True
2026-07-28 02:00:58.343,car_ID_5472,car,out,True
2026-07-28 02:00:58.809,car_ID_5461,car,in,True
2026-07-28 02:00:59.708,truck_ID_2578,truck,out,True
2026-07-28 02:00:59.746,car_ID_5473,car,in,True
2026-07-28 02:00:59.842,car_ID_5468,car,in,True
2026-07-28 02:00:59.909,car_ID_5471,car,in,True
2026-07-28 02:00:59.976,car_ID_5469,car,in,True
2026-07-28 02:01:00.380,car_ID_5481,car,out,True
2026-07-28 02:01:01.544,car_ID_5487,car,out,True
2026-07-28 02:01:01.845,car_ID_5475,car,in,True
2026-07-28 02:01:02.011,car_ID_5477,car,in,True
2026-07-28 02:01:02.479,bus_ID_1048,bus,in,True
2026-07-28 02:01:02.578,car_ID_5482,car,in,True
2026-07-28 02:01:02.776,bus_ID_1047,bus,in,True
2026-07-28 02:01:03.146,car_ID_5476,car,in,True
2026-07-28 02:01:03.310,car_ID_5488,car,out,True
2026-07-28 02:01:03.411,car_ID_5479,car,in,True
2026-07-28 02:01:04.610,car_ID_5494,car,out,True
2026-07-28 02:01:04.780,car_ID_5499,car,out,True
2026-07-28 02:01:04.845,car_ID_5490,car,in,True
2026-07-28 02:01:05.044,car_ID_5505,car,out,True
2026-07-28 02:01:05.312,person_ID_42,person,in,True
2026-07-28 02:01:05.511,car_ID_5483,car,in,True
2026-07-28 02:01:05.574,truck_ID_2585,truck,out,True
2026-07-28 02:01:05.744,bus_ID_1050,bus,out,True
2026-07-28 02:01:06.249,truck_ID_2587,truck,out,True
2026-07-28 02:01:06.312,truck_ID_2579,truck,in,True
2026-07-28 02:01:06.344,car_ID_5492,car,in,True
2026-07-28 02:01:06.379,car_ID_5496,car,in,True
2026-07-28 02:01:06.579,car_ID_5504,car,out,True
2026-07-28 02:01:07.009,car_ID_5491,car,in,True
2026-07-28 02:01:07.846,truck_ID_2581,truck,in,True
2026-07-28 02:01:07.846,car_ID_5503,car,out,True
2026-07-28 02:01:08.244,car_ID_5507,car,out,True
2026-07-28 02:01:08.610,truck_ID_2591,truck,in,True
2026-07-28 02:01:08.678,bus_ID_1053,bus,in,True
2026-07-28 02:01:08.711,car_ID_5495,car,in,True
2026-07-28 02:01:09.144,car_ID_5514,car,out,True
2026-07-28 02:01:09.176,truck_ID_2592,truck,in,True
2026-07-28 02:01:09.176,car_ID_5501,car,in,True
2026-07-28 02:01:09.644,car_ID_5502,car,in,True
2026-07-28 02:01:09.810,car_ID_5509,car,in,True
2026-07-28 02:01:09.845,car_ID_5510,car,in,True
2026-07-28 02:01:10.110,truck_ID_2593,truck,in,True
2026-07-28 02:01:10.444,car_ID_5518,car,out,True
2026-07-28 02:01:10.510,car_ID_5519,car,out,True
2026-07-28 02:01:10.574,car_ID_5517,car,out,True
2026-07-28 02:01:10.615,bus_ID_1052,bus,in,True
2026-07-28 02:01:11.144,car_ID_5524,car,out,True
2026-07-28 02:01:11.346,car_ID_5522,car,out,True
2026-07-28 02:01:12.176,truck_ID_2595,truck,out,True
2026-07-28 02:01:12.846,car_ID_5523,car,out,True
2026-07-28 02:01:13.776,car_ID_5529,car,out,True
2026-07-28 02:01:13.811,car_ID_5511,car,in,True
2026-07-28 02:01:14.111,car_ID_5528,car,out,True
2026-07-28 02:01:14.312,car_ID_5520,car,in,True
2026-07-28 02:01:15.046,car_ID_5532,car,out,True
2026-07-28 02:01:15.046,car_ID_5537,car,out,True
2026-07-28 02:01:15.445,car_ID_5521,car,in,True
2026-07-28 02:01:15.809,car_ID_5538,car,out,True
2026-07-28 02:01:15.977,bus_ID_1059,bus,in,True
2026-07-28 02:01:16.209,car_ID_5539,car,out,True
2026-07-28 02:01:16.643,truck_ID_2604,truck,in,True
2026-07-28 02:01:17.009,car_ID_5542,car,out,True
2026-07-28 02:01:17.009,car_ID_5543,car,out,True
2026-07-28 02:01:17.079,car_ID_5547,car,out,True
2026-07-28 02:01:17.244,truck_ID_2603,truck,in,True
2026-07-28 02:01:17.608,truck_ID_2608,truck,out,True
2026-07-28 02:01:17.712,car_ID_5540,car,in,True
2026-07-28 02:01:17.747,truck_ID_2607,truck,out,True
2026-07-28 02:01:17.781,car_ID_5527,car,in,True
2026-07-28 02:01:17.842,car_ID_5545,car,out,True
2026-07-28 02:01:18.143,car_ID_5526,car,in,True
2026-07-28 02:01:18.374,car_ID_5549,car,out,True
2026-07-28 02:01:18.441,car_ID_5530,car,in,True
2026-07-28 02:01:18.475,car_ID_5550,car,in,True
2026-07-28 02:01:18.910,car_ID_5535,car,in,True
2026-07-28 02:01:19.473,truck_ID_2614,truck,in,True
2026-07-28 02:01:19.711,car_ID_5548,car,out,True
2026-07-28 02:01:19.910,car_ID_5541,car,in,True
2026-07-28 02:01:20.044,car_ID_5534,car,in,True
2026-07-28 02:01:20.543,car_ID_5551,car,out,True
2026-07-28 02:01:20.609,truck_ID_2610,truck,in,True
2026-07-28 02:01:21.777,car_ID_5555,car,out,True
2026-07-28 02:01:21.844,bus_ID_1063,bus,out,True
2026-07-28 02:01:22.045,car_ID_5546,car,in,True
2026-07-28 02:01:22.045,car_ID_5553,car,in,True
2026-07-28 02:01:22.145,car_ID_5563,car,out,True
2026-07-28 02:01:22.610,truck_ID_2605,truck,in,True
2026-07-28 02:01:24.146,car_ID_5564,car,out,True
2026-07-28 02:01:24.313,car_ID_5562,car,out,True
2026-07-28 02:01:25.011,car_ID_5556,car,in,True
2026-07-28 02:01:25.345,car_ID_5554,car,in,True
2026-07-28 02:01:26.044,car_ID_5568,car,out,True
2026-07-28 02:01:26.246,car_ID_5567,car,out,True
2026-07-28 02:01:26.378,car_ID_5571,car,out,True
2026-07-28 02:01:26.411,car_ID_5557,car,in,True
2026-07-28 02:01:26.776,car_ID_5572,car,out,True
2026-07-28 02:01:27.143,car_ID_5561,car,in,True
2026-07-28 02:01:27.311,car_ID_5565,car,in,True
2026-07-28 02:01:27.709,bus_ID_1072,bus,out,True
2026-07-28 02:01:27.777,car_ID_5588,car,out,True
2026-07-28 02:01:27.911,truck_ID_2627,truck,out,True
2026-07-28 02:01:28.347,car_ID_5579,car,out,True
2026-07-28 02:01:28.410,truck_ID_2629,truck,out,True
2026-07-28 02:01:28.444,car_ID_5580,car,out,True
2026-07-28 02:01:28.743,bus_ID_1070,bus,out,True
2026-07-28 02:01:28.910,truck_ID_2628,truck,out,True
2026-07-28 02:01:28.943,car_ID_5566,car,in,True
2026-07-28 02:01:29.112,car_ID_5575,car,in,True
2026-07-28 02:01:29.146,car_ID_5574,car,in,True
2026-07-28 02:01:29.510,car_ID_5576,car,in,True
2026-07-28 02:01:29.609,car_ID_5584,car,out,True
2026-07-28 02:01:30.044,car_ID_5589,car,out,True
2026-07-28 02:01:30.642,car_ID_5592,car,out,True
2026-07-28 02:01:31.010,bus_ID_1069,bus,out,True
2026-07-28 02:01:31.409,car_ID_5578,car,in,True
2026-07-28 02:01:31.712,car_ID_5599,car,out,True
2026-07-28 02:01:31.743,car_ID_5590,car,out,True
2026-07-28 02:01:31.876,bus_ID_1075,bus,out,True
2026-07-28 02:01:32.510,car_ID_5600,car,out,True
2026-07-28 02:01:32.809,car_ID_5581,car,in,True
2026-07-28 02:01:33.779,car_ID_5604,car,out,True
2026-07-28 02:01:33.809,car_ID_5607,car,out,True
2026-07-28 02:01:34.009,car_ID_5597,car,out,True
2026-07-28 02:01:34.112,car_ID_5586,car,in,True
2026-07-28 02:01:34.643,car_ID_5596,car,in,True
2026-07-28 02:01:35.111,car_ID_5595,car,in,True
2026-07-28 02:01:35.978,car_ID_5593,car,in,True
2026-07-28 02:01:36.177,car_ID_5611,car,out,True
2026-07-28 02:01:36.311,car_ID_5613,car,out,True
2026-07-28 02:01:36.510,car_ID_5605,car,in,True
2026-07-28 02:01:36.710,car_ID_5603,car,in,True
2026-07-28 02:01:37.044,car_ID_5612,car,out,True
2026-07-28 02:01:37.212,car_ID_5609,car,in,True
2026-07-28 02:01:37.980,car_ID_5615,car,out,True
2026-07-28 02:01:38.043,car_ID_5601,car,in,True
2026-07-28 02:01:38.643,car_ID_5614,car,out,True
2026-07-28 02:01:38.745,car_ID_5608,car,in,True
2026-07-28 02:01:39.009,car_ID_5610,car,in,True
2026-07-28 02:01:39.009,car_ID_5619,car,out,True
2026-07-28 02:01:39.978,car_ID_5621,car,out,True
2026-07-28 02:01:40.145,bus_ID_1081,bus,out,True
2026-07-28 02:01:40.410,car_ID_5617,car,in,True
2026-07-28 02:01:40.578,car_ID_5626,car,out,True
2026-07-28 02:01:40.944,car_ID_5629,car,out,True
2026-07-28 02:01:41.010,car_ID_5631,car,out,True
2026-07-28 02:01:41.610,car_ID_5616,car,in,True
2026-07-28 02:01:41.642,car_ID_5625,car,out,True
2026-07-28 02:01:42.245,car_ID_5618,car,in,True
2026-07-28 02:01:42.312,car_ID_5628,car,out,True
2026-07-28 02:01:42.645,car_ID_5620,car,in,True
2026-07-28 02:01:42.978,car_ID_5632,car,out,True
2026-07-28 02:01:43.444,car_ID_5635,car,out,True
2026-07-28 02:01:43.543,car_ID_5633,car,out,True
2026-07-28 02:01:43.876,truck_ID_2645,truck,in,True
2026-07-28 02:01:44.382,truck_ID_2646,truck,in,True
2026-07-28 02:01:44.412,car_ID_5623,car,in,True
2026-07-28 02:01:44.412,car_ID_5639,car,out,True
2026-07-28 02:01:44.512,car_ID_5634,car,out,True
2026-07-28 02:01:45.111,car_ID_5622,car,in,True
2026-07-28 02:01:45.946,car_ID_5645,car,out,True
2026-07-28 02:01:46.043,bus_ID_1078,bus,in,True
2026-07-28 02:01:46.578,car_ID_5647,car,out,True
2026-07-28 02:01:46.611,car_ID_5630,car,in,True
2026-07-28 02:01:46.945,car_ID_5648,car,out,True
2026-07-28 02:01:47.047,car_ID_5651,car,in,True
2026-07-28 02:01:48.010,car_ID_5638,car,in,True
2026-07-28 02:01:48.046,car_ID_5637,car,in,True
2026-07-28 02:01:48.045,car_ID_5649,car,out,True
2026-07-28 02:01:48.445,truck_ID_2657,truck,out,True
2026-07-28 02:01:49.210,car_ID_5650,car,in,True
2026-07-28 02:01:49.376,car_ID_5656,car,out,True
2026-07-28 02:01:49.376,car_ID_5658,car,out,True
2026-07-28 02:01:49.648,car_ID_5654,car,in,True
2026-07-28 02:01:49.776,car_ID_5643,car,in,True
2026-07-28 02:01:49.978,car_ID_5655,car,out,True
2026-07-28 02:01:50.078,truck_ID_2660,truck,in,True
2026-07-28 02:01:50.546,car_ID_5669,car,in,True
2026-07-28 02:01:50.743,car_ID_5657,car,out,True
2026-07-28 02:01:51.346,car_ID_5666,car,out,True
2026-07-28 02:01:51.610,car_ID_5670,car,out,True
2026-07-28 02:01:51.945,car_ID_5659,car,in,True
2026-07-28 02:01:52.178,car_ID_5644,car,in,True
2026-07-28 02:01:52.379,car_ID_5672,car,out,True
2026-07-28 02:01:52.576,car_ID_5653,car,in,True
2026-07-28 02:01:52.646,truck_ID_2648,truck,in,True
2026-07-28 02:01:53.244,car_ID_5663,car,in,True
2026-07-28 02:01:54.512,truck_ID_2669,truck,out,True
2026-07-28 02:01:54.544,car_ID_5678,car,out,True
2026-07-28 02:01:54.744,car_ID_5665,car,in,True
2026-07-28 02:01:54.847,car_ID_5671,car,in,True
2026-07-28 02:01:54.942,car_ID_5667,car,in,True
2026-07-28 02:01:55.745,car_ID_5683,car,out,True
2026-07-28 02:01:56.444,car_ID_5674,car,in,True
2026-07-28 02:01:56.644,car_ID_5686,car,out,True
2026-07-28 02:01:57.577,car_ID_5688,car,out,True
2026-07-28 02:01:57.744,car_ID_5676,car,in,True
2026-07-28 02:01:57.910,car_ID_5679,car,in,True
2026-07-28 02:01:58.179,car_ID_5687,car,out,True
2026-07-28 02:01:59.546,car_ID_5685,car,in,True
2026-07-28 02:01:59.610,car_ID_5684,car,in,True
2026-07-28 02:02:00.244,car_ID_5695,car,out,True
2026-07-28 02:02:00.576,car_ID_5689,car,in,True
2026-07-28 02:02:00.713,car_ID_5690,car,in,True
2026-07-28 02:02:01.512,car_ID_5696,car,out,True
2026-07-28 02:02:01.913,car_ID_5691,car,in,True
2026-07-28 02:02:01.946,car_ID_5699,car,out,True
2026-07-28 02:02:02.146,truck_ID_2670,truck,in,True
2026-07-28 02:02:02.343,car_ID_5692,car,in,True
2026-07-28 02:02:02.743,car_ID_5707,car,in,True
2026-07-28 02:02:02.912,car_ID_5704,car,out,True
2026-07-28 02:02:03.108,truck_ID_2678,truck,in,True
2026-07-28 02:02:03.578,car_ID_5697,car,in,True
2026-07-28 02:02:03.610,car_ID_5708,car,out,True
2026-07-28 02:02:03.720,car_ID_5706,car,in,True
2026-07-28 02:02:04.309,car_ID_5703,car,out,True
2026-07-28 02:02:04.379,car_ID_5698,car,in,True
2026-07-28 02:02:04.543,car_ID_5700,car,in,True
2026-07-28 02:02:05.077,truck_ID_2679,truck,in,True
2026-07-28 02:02:05.344,car_ID_5714,car,out,True
2026-07-28 02:02:05.544,car_ID_5705,car,in,True
2026-07-28 02:02:05.581,car_ID_5702,car,in,True
2026-07-28 02:02:05.811,car_ID_5716,car,out,True
2026-07-28 02:02:06.044,car_ID_5709,car,in,True
2026-07-28 02:02:06.709,car_ID_5720,car,out,True
2026-07-28 02:02:07.141,truck_ID_2680,truck,out,True
2026-07-28 02:02:07.342,car_ID_5721,car,out,True
2026-07-28 02:02:08.244,car_ID_5715,car,in,True
2026-07-28 02:02:08.310,car_ID_5726,car,out,True
2026-07-28 02:02:08.411,car_ID_5710,car,in,True
2026-07-28 02:02:09.043,car_ID_5712,car,in,True
2026-07-28 02:02:09.178,bus_ID_1099,bus,in,True
2026-07-28 02:02:09.645,truck_ID_2690,truck,in,True
2026-07-28 02:02:10.543,car_ID_5718,car,in,True
2026-07-28 02:02:11.149,truck_ID_2688,truck,in,True
2026-07-28 02:02:11.219,car_ID_5719,car,in,True
2026-07-28 02:02:12.165,car_ID_5727,car,in,True
2026-07-28 02:02:12.252,car_ID_5722,car,in,True
2026-07-28 02:02:13.248,car_ID_5728,car,in,True
2026-07-28 02:02:14.378,car_ID_5746,car,out,True
2026-07-28 02:02:14.844,car_ID_5745,car,out,True
2026-07-28 02:02:15.580,car_ID_5749,car,out,True
2026-07-28 02:02:16.650,car_ID_5750,car,out,True
2026-07-28 02:02:16.777,car_ID_5733,car,in,True
2026-07-28 02:02:16.777,car_ID_5742,car,in,True
2026-07-28 02:02:16.912,bus_ID_1107,bus,in,True
2026-07-28 02:02:16.947,car_ID_5736,car,in,True
2026-07-28 02:02:17.412,truck_ID_2694,truck,out,True
2026-07-28 02:02:17.682,bus_ID_1108,bus,in,True
2026-07-28 02:02:17.978,truck_ID_2696,truck,in,True
2026-07-28 02:02:18.044,car_ID_5758,car,out,True
2026-07-28 02:02:18.146,car_ID_5756,car,out,True
2026-07-28 02:02:18.344,truck_ID_2695,truck,in,True
2026-07-28 02:02:18.746,car_ID_5747,car,in,True
2026-07-28 02:02:19.011,car_ID_5759,car,out,True
2026-07-28 02:02:19.810,car_ID_5752,car,in,True
2026-07-28 02:02:19.943,car_ID_5751,car,in,True
2026-07-28 02:02:19.979,car_ID_5763,car,out,True
2026-07-28 02:02:20.451,car_ID_5754,car,in,True
2026-07-28 02:02:21.314,car_ID_5767,car,out,True
2026-07-28 02:02:21.315,car_ID_5768,car,out,True
2026-07-28 02:02:21.580,car_ID_5757,car,in,True
2026-07-28 02:02:21.641,car_ID_5760,car,in,True
2026-07-28 02:02:22.546,car_ID_5785,car,out,True
2026-07-28 02:02:22.681,car_ID_5774,car,out,True
2026-07-28 02:02:23.010,car_ID_5773,car,out,True
2026-07-28 02:02:23.145,truck_ID_2701,truck,out,True
2026-07-28 02:02:23.185,truck_ID_2702,truck,out,True
2026-07-28 02:02:23.414,car_ID_5775,car,out,True
2026-07-28 02:02:23.546,car_ID_5762,car,in,True
2026-07-28 02:02:24.387,car_ID_5761,car,in,True
2026-07-28 02:02:24.647,truck_ID_2699,truck,out,True
2026-07-28 02:02:24.816,truck_ID_2705,truck,out,True
2026-07-28 02:02:25.047,car_ID_5793,car,out,True
2026-07-28 02:02:25.211,car_ID_5770,car,in,True
2026-07-28 02:02:25.248,car_ID_5783,car,out,True
2026-07-28 02:02:25.310,bus_ID_1111,bus,in,True
2026-07-28 02:02:25.949,car_ID_5766,car,in,True
2026-07-28 02:02:26.047,car_ID_5789,car,out,True
2026-07-28 02:02:26.210,car_ID_5782,car,in,True
2026-07-28 02:02:26.444,car_ID_5769,car,in,True
2026-07-28 02:02:26.510,truck_ID_2709,truck,in,True
2026-07-28 02:02:26.589,car_ID_5796,car,in,True
2026-07-28 02:02:26.742,truck_ID_2714,truck,out,True
2026-07-28 02:02:26.777,truck_ID_2715,truck,out,True
2026-07-28 02:02:26.780,car_ID_5794,car,in,True
2026-07-28 02:02:27.111,car_ID_5788,car,out,True
2026-07-28 02:02:27.248,car_ID_5792,car,out,True
2026-07-28 02:02:27.779,car_ID_5772,car,in,True
2026-07-28 02:02:28.010,car_ID_5776,car,in,True
2026-07-28 02:02:28.711,car_ID_5780,car,in,True
2026-07-28 02:02:29.879,car_ID_5795,car,in,True
2026-07-28 02:02:30.312,car_ID_5803,car,out,True
2026-07-28 02:02:30.374,car_ID_5807,car,out,True
2026-07-28 02:02:30.509,car_ID_5791,car,in,True
2026-07-28 02:02:31.149,car_ID_5804,car,out,True
2026-07-28 02:02:31.211,bus_ID_1116,bus,out,True
2026-07-28 02:02:31.346,bus_ID_1122,bus,out,True
2026-07-28 02:02:31.642,truck_ID_2722,truck,out,True
2026-07-28 02:02:31.709,truck_ID_2712,truck,in,True
2026-07-28 02:02:31.846,car_ID_5797,car,in,True
2026-07-28 02:02:32.583,car_ID_5812,car,out,True
2026-07-28 02:02:32.610,car_ID_5809,car,out,True
2026-07-28 02:02:32.647,car_ID_5810,car,out,True
2026-07-28 02:02:33.111,bus_ID_1123,bus,in,True
2026-07-28 02:02:33.110,truck_ID_2721,truck,in,True
2026-07-28 02:02:33.610,bus_ID_1124,bus,in,True
2026-07-28 02:02:33.812,car_ID_5799,car,in,True
2026-07-28 02:02:34.113,car_ID_5817,car,out,True
2026-07-28 02:02:34.411,car_ID_5818,car,out,True
2026-07-28 02:02:34.548,car_ID_5820,car,out,True
2026-07-28 02:02:35.609,truck_ID_2723,truck,in,True
2026-07-28 02:02:35.846,car_ID_5822,car,out,True
2026-07-28 02:02:36.046,car_ID_5805,car,in,True
2026-07-28 02:02:36.210,car_ID_5821,car,out,True
2026-07-28 02:02:36.248,car_ID_5806,car,in,True
2026-07-28 02:02:36.378,truck_ID_2724,truck,in,True
2026-07-28 02:02:36.578,car_ID_5808,car,in,True
2026-07-28 02:02:38.210,car_ID_5829,car,out,True
2026-07-28 02:02:38.246,car_ID_5827,car,out,True
2026-07-28 02:02:38.244,car_ID_5832,car,out,True
2026-07-28 02:02:38.376,car_ID_5811,car,in,True
2026-07-28 02:02:39.313,car_ID_5835,car,out,True
2026-07-28 02:02:39.774,car_ID_5824,car,in,True
2026-07-28 02:02:39.984,car_ID_5836,car,out,True
2026-07-28 02:02:40.043,car_ID_5819,car,in,True
2026-07-28 02:02:40.410,car_ID_5823,car,in,True
2026-07-28 02:02:40.644,car_ID_5838,car,out,True
2026-07-28 02:02:41.377,car_ID_5825,car,in,True
2026-07-28 02:02:41.913,car_ID_5826,car,in,True
2026-07-28 02:02:43.777,car_ID_5831,car,in,True
2026-07-28 02:02:44.778,car_ID_5846,car,out,True
2026-07-28 02:02:44.912,car_ID_5830,car,in,True
2026-07-28 02:02:44.977,car_ID_5834,car,in,True
2026-07-28 02:02:45.043,car_ID_5848,car,out,True
2026-07-28 02:02:45.577,car_ID_5837,car,in,True
2026-07-28 02:02:46.045,car_ID_5839,car,in,True
2026-07-28 02:02:46.111,car_ID_5841,car,in,True
2026-07-28 02:02:46.410,car_ID_5842,car,in,True
2026-07-28 02:02:46.810,car_ID_5853,car,out,True
2026-07-28 02:02:47.443,car_ID_5843,car,in,True
2026-07-28 02:02:47.509,car_ID_5844,car,in,True
2026-07-28 02:02:47.509,car_ID_5845,car,in,True
2026-07-28 02:02:48.244,truck_ID_2740,truck,out,True
2026-07-28 02:02:48.410,car_ID_5858,car,out,True
2026-07-28 02:02:48.844,car_ID_5860,car,out,True
2026-07-28 02:02:49.610,truck_ID_2738,truck,out,True
2026-07-28 02:02:49.610,car_ID_5850,car,in,True
2026-07-28 02:02:49.711,car_ID_5849,car,in,True
2026-07-28 02:02:49.813,truck_ID_2742,truck,out,True
2026-07-28 02:02:50.177,car_ID_5861,car,out,True
2026-07-28 02:02:50.912,car_ID_5865,car,out,True
2026-07-28 02:02:52.010,car_ID_5852,car,in,True
2026-07-28 02:02:52.110,car_ID_5854,car,in,True
2026-07-28 02:02:52.215,car_ID_5851,car,in,True
2026-07-28 02:02:52.978,truck_ID_2748,truck,out,True
2026-07-28 02:02:53.444,car_ID_5872,car,out,True
2026-07-28 02:02:53.445,car_ID_5873,car,out,True
2026-07-28 02:02:53.445,car_ID_5878,car,out,True
2026-07-28 02:02:53.545,car_ID_5874,car,out,True
2026-07-28 02:02:53.743,car_ID_5866,car,in,True
2026-07-28 02:02:53.780,car_ID_5881,car,out,True
2026-07-28 02:02:54.712,truck_ID_2744,truck,in,True
2026-07-28 02:02:54.743,car_ID_5880,car,out,True
2026-07-28 02:02:54.810,car_ID_5857,car,in,True
2026-07-28 02:02:54.909,truck_ID_2746,truck,in,True
2026-07-28 02:02:54.911,car_ID_5862,car,in,True
2026-07-28 02:02:55.644,car_ID_5855,car,in,True
2026-07-28 02:02:56.010,car_ID_5882,car,out,True
2026-07-28 02:02:56.179,car_ID_5869,car,in,True
2026-07-28 02:02:56.377,car_ID_5859,car,in,True
2026-07-28 02:02:57.145,bus_ID_1137,bus,in,True
2026-07-28 02:02:57.242,bus_ID_1138,bus,in,True
2026-07-28 02:02:57.344,car_ID_5888,car,out,True
2026-07-28 02:02:57.382,car_ID_5885,car,out,True
2026-07-28 02:02:57.713,truck_ID_2751,truck,in,True
2026-07-28 02:02:57.713,car_ID_5887,car,out,True
2026-07-28 02:02:59.248,car_ID_5890,car,out,True
2026-07-28 02:03:00.010,car_ID_5871,car,in,True
2026-07-28 02:03:00.777,car_ID_5901,car,out,True
2026-07-28 02:03:00.910,truck_ID_2749,truck,out,True
2026-07-28 02:03:00.944,car_ID_5879,car,in,True
2026-07-28 02:03:01.047,car_ID_5884,car,in,True
2026-07-28 02:03:01.578,truck_ID_2757,truck,out,True
2026-07-28 02:03:02.047,car_ID_5898,car,out,True
2026-07-28 02:03:03.178,car_ID_5900,car,out,True
2026-07-28 02:03:03.410,car_ID_5899,car,out,True
2026-07-28 02:03:04.146,truck_ID_2755,truck,in,True
2026-07-28 02:03:04.146,car_ID_5894,car,in,True
2026-07-28 02:03:04.612,car_ID_5907,car,out,True
2026-07-28 02:03:04.745,car_ID_5905,car,out,True
2026-07-28 02:03:04.844,car_ID_5883,car,in,True
2026-07-28 02:03:05.179,car_ID_5893,car,in,True
2026-07-28 02:03:05.810,car_ID_5910,car,out,True
2026-07-28 02:03:06.345,car_ID_5911,car,out,True
2026-07-28 02:03:07.145,car_ID_5914,car,out,True
2026-07-28 02:03:07.179,car_ID_5902,car,in,True
2026-07-28 02:03:07.347,car_ID_5913,car,out,True
2026-07-28 02:03:07.844,car_ID_5897,car,in,True
2026-07-28 02:03:08.246,bus_ID_1145,bus,in,True
2026-07-28 02:03:08.443,truck_ID_2762,truck,in,True
2026-07-28 02:03:08.645,truck_ID_2759,truck,out,True
2026-07-28 02:03:08.645,car_ID_5916,car,out,True
2026-07-28 02:03:08.712,truck_ID_2760,truck,in,True
2026-07-28 02:03:08.945,bus_ID_1144,bus,in,True
2026-07-28 02:03:09.185,car_ID_5918,car,out,True
2026-07-28 02:03:09.246,car_ID_5896,car,in,True
2026-07-28 02:03:09.344,truck_ID_2764,truck,out,True
2026-07-28 02:03:09.577,car_ID_5904,car,in,True
2026-07-28 02:03:10.647,bus_ID_1150,bus,in,True
2026-07-28 02:03:10.780,car_ID_5928,car,out,True
2026-07-28 02:03:11.108,car_ID_5924,car,out,True
2026-07-28 02:03:11.410,car_ID_5912,car,in,True
2026-07-28 02:03:11.609,car_ID_5922,car,out,True
2026-07-28 02:03:11.943,bus_ID_1154,bus,out,True
2026-07-28 02:03:12.178,car_ID_5926,car,out,True
2026-07-28 02:03:12.244,car_ID_5909,car,in,True
2026-07-28 02:03:12.314,car_ID_5919,car,in,True
2026-07-28 02:03:12.779,truck_ID_2775,truck,out,True
2026-07-28 02:03:13.144,car_ID_5915,car,in,True
2026-07-28 02:03:13.176,truck_ID_2784,truck,out,True
2026-07-28 02:03:13.645,car_ID_5930,car,out,True
2026-07-28 02:03:13.977,car_ID_5932,car,out,True
2026-07-28 02:03:13.977,car_ID_5943,car,out,True
2026-07-28 02:03:14.509,bus_ID_1160,bus,in,True
2026-07-28 02:03:14.545,bus_ID_1157,bus,in,True
2026-07-28 02:03:14.911,car_ID_5935,car,out,True
2026-07-28 02:03:14.910,car_ID_5942,car,in,True
2026-07-28 02:03:15.310,car_ID_5945,car,out,True
2026-07-28 02:03:15.343,car_ID_5937,car,out,True
2026-07-28 02:03:15.544,truck_ID_2783,truck,in,True
2026-07-28 02:03:15.943,truck_ID_2781,truck,in,True
2026-07-28 02:03:16.045,truck_ID_2765,truck,in,True
2026-07-28 02:03:16.045,truck_ID_2768,truck,in,True
2026-07-28 02:03:16.111,truck_ID_2788,truck,out,True
2026-07-28 02:03:16.246,car_ID_5921,car,in,True
2026-07-28 02:03:16.312,car_ID_5953,car,out,True
2026-07-28 02:03:16.710,car_ID_5944,car,in,True
2026-07-28 02:03:16.912,car_ID_5929,car,in,True
2026-07-28 02:03:16.911,car_ID_5940,car,out,True
2026-07-28 02:03:17.244,car_ID_5939,car,in,True
2026-07-28 02:03:17.311,car_ID_5948,car,out,True
2026-07-28 02:03:17.410,car_ID_5933,car,in,True
2026-07-28 02:03:17.941,car_ID_5952,car,out,True
2026-07-28 02:03:18.346,car_ID_5949,car,out,True
2026-07-28 02:03:18.444,truck_ID_2787,truck,in,True
2026-07-28 02:03:19.076,car_ID_5956,car,out,True
2026-07-28 02:03:19.211,car_ID_5927,car,in,True
2026-07-28 02:03:19.344,car_ID_5950,car,in,True
2026-07-28 02:03:19.343,car_ID_5951,car,out,True
2026-07-28 02:03:19.977,car_ID_5946,car,in,True
2026-07-28 02:03:20.411,car_ID_5938,car,in,True
2026-07-28 02:03:20.914,car_ID_5957,car,out,True
2026-07-28 02:03:21.243,car_ID_5960,car,in,True
2026-07-28 02:03:21.310,car_ID_5961,car,out,True
2026-07-28 02:03:21.575,car_ID_5958,car,out,True
2026-07-28 02:03:22.778,car_ID_5947,car,in,True
2026-07-28 02:03:23.714,car_ID_5968,car,out,True
2026-07-28 02:03:24.045,car_ID_5964,car,out,True
2026-07-28 02:03:24.144,truck_ID_2791,truck,in,True
2026-07-28 02:03:24.546,car_ID_5965,car,out,True
2026-07-28 02:03:24.844,car_ID_5954,car,in,True
2026-07-28 02:03:25.109,car_ID_5967,car,out,True
2026-07-28 02:03:25.309,car_ID_5959,car,in,True
2026-07-28 02:03:25.779,car_ID_5970,car,out,True
2026-07-28 02:03:26.380,car_ID_5974,car,out,True
2026-07-28 02:03:26.646,truck_ID_2793,truck,in,True
2026-07-28 02:03:26.711,truck_ID_2798,truck,out,True
2026-07-28 02:03:26.844,car_ID_5962,car,in,True
2026-07-28 02:03:27.314,car_ID_5976,car,out,True
2026-07-28 02:03:27.577,car_ID_5969,car,in,True
2026-07-28 02:03:27.577,car_ID_5980,car,in,True
2026-07-28 02:03:28.009,car_ID_5975,car,out,True
2026-07-28 02:03:28.377,truck_ID_2802,truck,in,True
2026-07-28 02:03:28.646,car_ID_5983,car,out,True
2026-07-28 02:03:28.709,car_ID_5966,car,in,True
2026-07-28 02:03:30.211,car_ID_5984,car,out,True
2026-07-28 02:03:30.349,car_ID_5973,car,in,True
2026-07-28 02:03:30.410,car_ID_5972,car,in,True
2026-07-28 02:03:30.575,car_ID_5977,car,in,True
2026-07-28 02:03:30.645,car_ID_5985,car,out,True
2026-07-28 02:03:31.009,car_ID_5971,car,in,True
2026-07-28 02:03:31.577,car_ID_5987,car,out,True
2026-07-28 02:03:31.610,car_ID_5988,car,out,True
2026-07-28 02:03:31.876,truck_ID_2808,truck,out,True
2026-07-28 02:03:32.113,bus_ID_1179,bus,in,True
2026-07-28 02:03:32.113,truck_ID_2803,truck,in,True
2026-07-28 02:03:32.380,truck_ID_2807,truck,out,True
2026-07-28 02:03:32.380,car_ID_5995,car,out,True
2026-07-28 02:03:32.810,bus_ID_1177,bus,in,True
2026-07-28 02:03:33.309,truck_ID_2804,truck,in,True
2026-07-28 02:03:33.380,car_ID_5991,car,out,True
2026-07-28 02:03:33.447,car_ID_5979,car,in,True
2026-07-28 02:03:34.276,truck_ID_2810,truck,out,True
2026-07-28 02:03:34.783,car_ID_6005,car,out,True
2026-07-28 02:03:35.010,car_ID_5997,car,out,True
2026-07-28 02:03:35.112,truck_ID_2814,truck,in,True
2026-07-28 02:03:36.214,car_ID_5999,car,out,True
2026-07-28 02:03:36.448,car_ID_5990,car,in,True
2026-07-28 02:03:36.546,car_ID_5986,car,in,True
2026-07-28 02:03:37.543,car_ID_5992,car,in,True
2026-07-28 02:03:37.843,car_ID_6004,car,out,True
2026-07-28 02:03:38.209,car_ID_6001,car,out,True
2026-07-28 02:03:38.846,truck_ID_2813,truck,in,True
2026-07-28 02:03:39.146,car_ID_5994,car,in,True
2026-07-28 02:03:39.511,car_ID_5998,car,in,True
2026-07-28 02:03:40.115,car_ID_5996,car,in,True
2026-07-28 02:03:40.246,car_ID_6013,car,out,True
2026-07-28 02:03:40.278,truck_ID_2825,truck,in,True
2026-07-28 02:03:40.378,car_ID_6015,car,out,True
2026-07-28 02:03:40.613,car_ID_6014,car,in,True
2026-07-28 02:03:40.711,truck_ID_2823,truck,out,True
2026-07-28 02:03:40.945,car_ID_6019,car,in,True
2026-07-28 02:03:41.010,car_ID_6002,car,in,True
2026-07-28 02:03:41.346,car_ID_6003,car,in,True
2026-07-28 02:03:41.746,car_ID_6017,car,in,True
2026-07-28 02:03:41.882,truck_ID_2824,truck,in,True
2026-07-28 02:03:42.574,car_ID_6022,car,out,True
2026-07-28 02:03:42.574,car_ID_6023,car,out,True
2026-07-28 02:03:43.110,car_ID_6012,car,in,True
2026-07-28 02:03:43.177,car_ID_6037,car,in,True
2026-07-28 02:03:43.545,car_ID_6025,car,out,True
2026-07-28 02:03:43.844,car_ID_6011,car,in,True
2026-07-28 02:03:43.913,car_ID_6030,car,out,True
2026-07-28 02:03:44.509,car_ID_6031,car,out,True
2026-07-28 02:03:45.114,car_ID_6036,car,out,True
2026-07-28 02:03:45.378,car_ID_6021,car,in,True
2026-07-28 02:03:45.445,car_ID_6024,car,in,True
2026-07-28 02:03:46.180,car_ID_6026,car,in,True
2026-07-28 02:03:46.180,car_ID_6038,car,out,True
2026-07-28 02:03:46.809,car_ID_6047,car,out,True
2026-07-28 02:03:46.848,car_ID_6027,car,in,True
2026-07-28 02:03:46.877,bus_ID_1190,bus,out,True
2026-07-28 02:03:46.945,car_ID_6040,car,out,True
2026-07-28 02:03:47.311,car_ID_6029,car,in,True
2026-07-28 02:03:47.510,car_ID_6035,car,in,True
2026-07-28 02:03:47.645,car_ID_6046,car,out,True
2026-07-28 02:03:47.646,car_ID_6057,car,out,True
2026-07-28 02:03:48.210,car_ID_6032,car,in,True
2026-07-28 02:03:48.642,car_ID_6049,car,out,True
2026-07-28 02:03:48.642,car_ID_6051,car,out,True
2026-07-28 02:03:49.045,car_ID_6050,car,out,True
2026-07-28 02:03:49.780,car_ID_6041,car,in,True
2026-07-28 02:03:49.910,car_ID_6059,car,out,True
2026-07-28 02:03:49.977,car_ID_6063,car,out,True
2026-07-28 02:03:50.446,car_ID_6044,car,in,True
2026-07-28 02:03:50.550,car_ID_6048,car,in,True
2026-07-28 02:03:50.576,car_ID_6056,car,out,True
2026-07-28 02:03:50.642,car_ID_6043,car,in,True
2026-07-28 02:03:51.247,car_ID_6062,car,out,True
2026-07-28 02:03:51.312,truck_ID_2831,truck,in,True
2026-07-28 02:03:52.213,car_ID_6064,car,out,True
2026-07-28 02:03:52.247,car_ID_6068,car,out,True
2026-07-28 02:03:52.311,car_ID_6069,car,out,True
2026-07-28 02:03:52.379,car_ID_6052,car,in,True
2026-07-28 02:03:52.976,car_ID_6053,car,in,True
2026-07-28 02:03:53.044,car_ID_6074,car,out,True
2026-07-28 02:03:53.076,bus_ID_1193,bus,in,True
2026-07-28 02:03:53.076,truck_ID_2838,truck,in,True
2026-07-28 02:03:53.142,bus_ID_1195,bus,out,True
2026-07-28 02:03:53.311,truck_ID_2841,truck,out,True
2026-07-28 02:03:53.576,truck_ID_2837,truck,in,True
2026-07-28 02:03:53.576,car_ID_6073,car,out,True
2026-07-28 02:03:53.712,truck_ID_2840,truck,out,True
2026-07-28 02:03:53.912,car_ID_6058,car,in,True
2026-07-28 02:03:54.580,car_ID_6083,car,out,True
2026-07-28 02:03:54.648,car_ID_6085,car,out,True
2026-07-28 02:03:54.979,car_ID_6088,car,out,True
2026-07-28 02:03:55.146,car_ID_6060,car,in,True
2026-07-28 02:03:56.110,car_ID_6066,car,in,True
2026-07-28 02:03:56.110,car_ID_6081,car,out,True
2026-07-28 02:03:57.209,car_ID_6065,car,in,True
2026-07-28 02:03:57.209,car_ID_6067,car,in,True
2026-07-28 02:03:58.246,truck_ID_2848,truck,out,True
2026-07-28 02:03:58.382,car_ID_6082,car,in,True
2026-07-28 02:03:58.546,car_ID_6094,car,out,True
2026-07-28 02:03:59.213,car_ID_6089,car,in,True
2026-07-28 02:03:59.355,car_ID_6101,car,out,True
2026-07-28 02:03:59.379,truck_ID_2846,truck,in,True
2026-07-28 02:03:59.409,car_ID_6086,car,in,True
2026-07-28 02:03:59.714,bus_ID_1192,bus,in,True
2026-07-28 02:04:00.177,car_ID_6103,car,out,True
2026-07-28 02:04:00.542,car_ID_6105,car,out,True
2026-07-28 02:04:00.575,truck_ID_2858,truck,out,True
2026-07-28 02:04:01.043,car_ID_6112,car,out,True
2026-07-28 02:04:01.514,car_ID_6111,car,in,True
2026-07-28 02:04:01.576,car_ID_6106,car,out,True
2026-07-28 02:04:01.710,truck_ID_2859,truck,out,True
2026-07-28 02:04:02.048,truck_ID_2853,truck,in,True
2026-07-28 02:04:02.144,car_ID_6097,car,in,True
2026-07-28 02:04:02.144,car_ID_6127,car,out,True
2026-07-28 02:04:02.178,car_ID_6092,car,in,True
2026-07-28 02:04:02.314,car_ID_6098,car,in,True
2026-07-28 02:04:02.910,truck_ID_2855,truck,in,True
2026-07-28 02:04:03.112,car_ID_6095,car,in,True
2026-07-28 02:04:03.145,car_ID_6118,car,out,True
2026-07-28 02:04:03.312,car_ID_6119,car,out,True
2026-07-28 02:04:03.711,car_ID_6122,car,out,True
2026-07-28 02:04:04.247,car_ID_6114,car,in,True
2026-07-28 02:04:04.446,car_ID_6102,car,in,True
2026-07-28 02:04:04.576,car_ID_6129,car,out,True
2026-07-28 02:04:04.611,car_ID_6109,car,in,True
2026-07-28 02:04:04.812,car_ID_6113,car,in,True
2026-07-28 02:04:04.911,car_ID_6128,car,out,True
2026-07-28 02:04:05.250,car_ID_6130,car,out,True
2026-07-28 02:04:05.609,car_ID_6116,car,in,True
2026-07-28 02:04:05.645,car_ID_6137,car,out,True
2026-07-28 02:04:05.914,car_ID_6136,car,out,True
2026-07-28 02:04:06.178,car_ID_6134,car,out,True
2026-07-28 02:04:06.507,car_ID_6139,car,out,True
2026-07-28 02:04:06.811,car_ID_6131,car,in,True
2026-07-28 02:04:06.984,car_ID_6124,car,in,True
2026-07-28 02:04:07.010,car_ID_6132,car,in,True
2026-07-28 02:04:07.081,car_ID_6145,car,out,True
2026-07-28 02:04:07.244,truck_ID_2867,truck,out,True
2026-07-28 02:04:07.412,car_ID_6140,car,out,True
2026-07-28 02:04:07.448,car_ID_6126,car,in,True
2026-07-28 02:04:07.514,truck_ID_2868,truck,in,True
2026-07-28 02:04:07.513,car_ID_6152,car,in,True
2026-07-28 02:04:07.749,car_ID_6148,car,out,True
2026-07-28 02:04:07.910,truck_ID_2866,truck,out,True
2026-07-28 02:04:08.011,truck_ID_2869,truck,in,True
2026-07-28 02:04:08.048,car_ID_6143,car,out,True
2026-07-28 02:04:08.245,car_ID_6147,car,out,True
2026-07-28 02:04:08.411,car_ID_6135,car,in,True
2026-07-28 02:04:08.516,truck_ID_2876,truck,out,True
2026-07-28 02:04:08.553,truck_ID_2875,truck,out,True
2026-07-28 02:04:08.847,car_ID_6133,car,in,True
2026-07-28 02:04:08.879,bus_ID_1203,bus,in,True
2026-07-28 02:04:09.147,car_ID_6151,car,out,True
2026-07-28 02:04:09.174,car_ID_6154,car,out,True
2026-07-28 02:04:09.475,truck_ID_2879,truck,out,True
2026-07-28 02:04:09.576,car_ID_6155,car,out,True
2026-07-28 02:04:09.707,car_ID_6142,car,in,True
2026-07-28 02:04:10.009,car_ID_6156,car,out,True
2026-07-28 02:04:10.146,truck_ID_2878,truck,out,True
2026-07-28 02:04:10.145,car_ID_6166,car,out,True
2026-07-28 02:04:10.548,car_ID_6160,car,out,True
2026-07-28 02:04:10.909,car_ID_6158,car,in,True
2026-07-28 02:04:11.310,car_ID_6162,car,out,True
2026-07-28 02:04:11.410,truck_ID_2873,truck,in,True
2026-07-28 02:04:11.446,car_ID_6157,car,out,True
2026-07-28 02:04:11.843,car_ID_6149,car,in,True
2026-07-28 02:04:11.874,truck_ID_2881,truck,out,True
2026-07-28 02:04:11.911,car_ID_6141,car,in,True
2026-07-28 02:04:11.911,car_ID_6153,car,in,True
2026-07-28 02:04:11.944,truck_ID_2872,truck,in,True
2026-07-28 02:04:12.579,car_ID_6163,car,out,True
2026-07-28 02:04:13.445,car_ID_6167,car,out,True
2026-07-28 02:04:13.913,car_ID_6169,car,out,True
2026-07-28 02:04:13.980,car_ID_6150,car,in,True
2026-07-28 02:04:14.181,car_ID_6171,car,out,True
2026-07-28 02:04:14.447,car_ID_6159,car,in,True
2026-07-28 02:04:14.643,car_ID_6178,car,out,True
2026-07-28 02:04:14.877,car_ID_6173,car,out,True
2026-07-28 02:04:15.178,car_ID_6164,car,in,True
2026-07-28 02:04:15.412,car_ID_6165,car,in,True
2026-07-28 02:04:15.546,car_ID_6182,car,out,True
2026-07-28 02:04:15.676,truck_ID_2883,truck,in,True
2026-07-28 02:04:16.810,car_ID_6194,car,in,True
2026-07-28 02:04:17.176,car_ID_6183,car,out,True
2026-07-28 02:04:17.176,car_ID_6187,car,out,True
2026-07-28 02:04:17.316,car_ID_6168,car,in,True
2026-07-28 02:04:18.010,car_ID_6192,car,out,True
2026-07-28 02:04:18.244,truck_ID_2894,truck,out,True
2026-07-28 02:04:18.344,car_ID_6205,car,out,True
2026-07-28 02:04:18.545,car_ID_6172,car,in,True
2026-07-28 02:04:18.578,car_ID_6189,car,out,True
2026-07-28 02:04:18.612,car_ID_6176,car,in,True
2026-07-28 02:04:18.679,truck_ID_2891,truck,in,True
2026-07-28 02:04:18.854,truck_ID_2895,truck,out,True
2026-07-28 02:04:18.854,car_ID_6200,car,out,True
2026-07-28 02:04:18.978,car_ID_6197,car,out,True
2026-07-28 02:04:19.179,bus_ID_1211,bus,in,True
2026-07-28 02:04:19.177,car_ID_6210,car,out,True
2026-07-28 02:04:19.511,bus_ID_1212,bus,in,True
2026-07-28 02:04:19.645,truck_ID_2898,truck,out,True
2026-07-28 02:04:19.747,truck_ID_2899,truck,out,True
2026-07-28 02:04:19.747,car_ID_6201,car,out,True
2026-07-28 02:04:19.977,car_ID_6199,car,out,True
2026-07-28 02:04:20.211,car_ID_6177,car,in,True
2026-07-28 02:04:20.211,car_ID_6184,car,in,True
2026-07-28 02:04:21.810,car_ID_6212,car,out,True
2026-07-28 02:04:21.911,car_ID_6208,car,out,True
2026-07-28 02:04:22.044,car_ID_6207,car,out,True
2026-07-28 02:04:22.208,truck_ID_2905,truck,in,True
2026-07-28 02:04:22.209,car_ID_6220,car,in,True
2026-07-28 02:04:22.642,car_ID_6188,car,in,True
2026-07-28 02:04:22.747,truck_ID_2887,truck,in,True
2026-07-28 02:04:23.111,car_ID_6211,car,out,True
2026-07-28 02:04:23.146,car_ID_6209,car,out,True
2026-07-28 02:04:23.179,car_ID_6203,car,in,True
2026-07-28 02:04:24.114,car_ID_6214,car,out,True
2026-07-28 02:04:24.310,car_ID_6204,car,in,True
2026-07-28 02:04:24.742,truck_ID_2910,truck,in,True
2026-07-28 02:04:24.844,truck_ID_2909,truck,in,True
2026-07-28 02:04:24.979,car_ID_6206,car,in,True
2026-07-28 02:04:25.309,car_ID_6202,car,in,True
2026-07-28 02:04:25.380,car_ID_6219,car,out,True
2026-07-28 02:04:26.346,car_ID_6213,car,in,True
2026-07-28 02:04:26.745,car_ID_6228,car,out,True
2026-07-28 02:04:26.975,car_ID_6225,car,out,True
2026-07-28 02:04:27.779,car_ID_6227,car,out,True
2026-07-28 02:04:28.346,car_ID_6216,car,in,True
2026-07-28 02:04:28.379,car_ID_6224,car,out,True
2026-07-28 02:04:28.645,car_ID_6217,car,in,True
2026-07-28 02:04:28.976,car_ID_6231,car,out,True
2026-07-28 02:04:30.145,car_ID_6223,car,in,True
2026-07-28 02:04:31.011,car_ID_6236,car,out,True
2026-07-28 02:04:31.044,car_ID_6226,car,in,True
2026-07-28 02:04:31.182,truck_ID_2913,truck,in,True
2026-07-28 02:04:31.313,car_ID_6222,car,in,True
2026-07-28 02:04:31.643,car_ID_6237,car,out,True
2026-07-28 02:04:31.945,car_ID_6230,car,in,True
2026-07-28 02:04:31.977,car_ID_6232,car,in,True
2026-07-28 02:04:32.012,car_ID_6233,car,in,True
2026-07-28 02:04:32.844,car_ID_6241,car,out,True
2026-07-28 02:04:33.214,car_ID_6244,car,out,True
2026-07-28 02:04:33.746,car_ID_6245,car,out,True
2026-07-28 02:04:33.978,car_ID_6235,car,in,True
2026-07-28 02:04:34.311,truck_ID_2924,truck,out,True
2026-07-28 02:04:34.609,car_ID_6257,car,out,True
2026-07-28 02:04:34.784,car_ID_6247,car,out,True
2026-07-28 02:04:35.380,car_ID_6243,car,in,True
2026-07-28 02:04:35.979,car_ID_6250,car,out,True
2026-07-28 02:04:36.310,car_ID_6240,car,in,True
2026-07-28 02:04:36.643,car_ID_6253,car,out,True
2026-07-28 02:04:36.809,car_ID_6255,car,out,True
2026-07-28 02:04:38.010,car_ID_6248,car,in,True
2026-07-28 02:04:38.046,bus_ID_1218,bus,out,True
2026-07-28 02:04:38.046,car_ID_6259,car,out,True
2026-07-28 02:04:38.377,car_ID_6252,car,in,True
2026-07-28 02:04:38.410,car_ID_6261,car,out,True
2026-07-28 02:04:38.781,car_ID_6251,car,in,True
2026-07-28 02:04:39.109,car_ID_6262,car,out,True
2026-07-28 02:04:39.177,car_ID_6254,car,in,True
2026-07-28 02:04:39.512,car_ID_6256,car,in,True
2026-07-28 02:04:39.645,car_ID_6266,car,out,True
2026-07-28 02:04:40.313,car_ID_6268,car,out,True
2026-07-28 02:04:40.414,car_ID_6267,car,out,True
2026-07-28 02:04:41.210,car_ID_6272,car,out,True
2026-07-28 02:04:41.279,car_ID_6275,car,out,True
2026-07-28 02:04:41.979,car_ID_6273,car,out,True
2026-07-28 02:04:42.010,car_ID_6260,car,in,True
2026-07-28 02:04:42.944,car_ID_6277,car,out,True
2026-07-28 02:04:43.411,car_ID_6264,car,in,True
2026-07-28 02:04:43.643,car_ID_6276,car,out,True
2026-07-28 02:04:43.675,truck_ID_2938,truck,in,True
2026-07-28 02:04:43.847,car_ID_6263,car,in,True
2026-07-28 02:04:44.079,truck_ID_2939,truck,in,True
2026-07-28 02:04:44.212,car_ID_6278,car,out,True
2026-07-28 02:04:44.415,car_ID_6279,car,out,True
2026-07-28 02:04:44.545,car_ID_6269,car,in,True
2026-07-28 02:04:44.545,car_ID_6287,car,in,True
2026-07-28 02:04:44.980,truck_ID_2934,truck,in,True
2026-07-28 02:04:45.345,car_ID_6271,car,in,True
2026-07-28 02:04:45.544,truck_ID_2931,truck,in,True
2026-07-28 02:04:45.911,car_ID_6291,car,out,True
2026-07-28 02:04:45.979,car_ID_6284,car,out,True
2026-07-28 02:04:46.444,car_ID_6274,car,in,True
2026-07-28 02:04:46.716,car_ID_6286,car,out,True
2026-07-28 02:04:46.746,car_ID_6305,car,out,True
2026-07-28 02:04:47.576,car_ID_6294,car,out,True
2026-07-28 02:04:47.643,truck_ID_2947,truck,out,True
2026-07-28 02:04:47.886,truck_ID_2946,truck,out,True
2026-07-28 02:04:48.346,car_ID_6309,car,out,True
2026-07-28 02:04:48.511,car_ID_6297,car,out,True
2026-07-28 02:04:48.912,car_ID_6304,car,out,True
2026-07-28 02:04:48.947,car_ID_6302,car,out,True
2026-07-28 02:04:50.610,car_ID_6283,car,in,True
2026-07-28 02:04:50.948,car_ID_6306,car,out,True
2026-07-28 02:04:51.108,car_ID_6296,car,in,True
2026-07-28 02:04:51.209,car_ID_6300,car,in,True
2026-07-28 02:04:51.245,car_ID_6290,car,in,True
2026-07-28 02:04:51.513,car_ID_6298,car,in,True
2026-07-28 02:04:51.944,car_ID_6301,car,in,True
2026-07-28 02:04:52.244,car_ID_6312,car,out,True
2026-07-28 02:04:52.978,car_ID_6314,car,out,True
2026-07-28 02:04:53.511,car_ID_6313,car,out,True
2026-07-28 02:04:53.643,car_ID_6307,car,in,True
2026-07-28 02:04:55.009,car_ID_6303,car,in,True
2026-07-28 02:04:55.146,car_ID_6308,car,in,True
2026-07-28 02:04:55.377,truck_ID_2956,truck,out,True
2026-07-28 02:04:55.446,truck_ID_2958,truck,out,True
2026-07-28 02:04:55.847,car_ID_6322,car,out,True
2026-07-28 02:04:55.908,car_ID_6315,car,out,True
2026-07-28 02:04:56.044,car_ID_6330,car,out,True
2026-07-28 02:04:56.380,car_ID_6310,car,in,True
2026-07-28 02:04:56.510,car_ID_6311,car,in,True
2026-07-28 02:04:56.509,car_ID_6327,car,in,True
2026-07-28 02:04:57.010,truck_ID_2955,truck,in,True
2026-07-28 02:04:57.141,car_ID_6323,car,out,True
2026-07-28 02:04:57.445,car_ID_6325,car,out,True
2026-07-28 02:04:58.850,car_ID_6317,car,in,True
2026-07-28 02:04:58.976,truck_ID_2959,truck,out,True
2026-07-28 02:04:59.355,bus_ID_1236,bus,out,True
2026-07-28 02:04:59.813,car_ID_6321,car,in,True
2026-07-28 02:05:00.179,car_ID_6318,car,in,True
2026-07-28 02:05:01.642,car_ID_6328,car,in,True
2026-07-28 02:05:01.944,truck_ID_2966,truck,in,True
2026-07-28 02:05:02.511,truck_ID_2953,truck,in,True
2026-07-28 02:05:02.648,car_ID_6324,car,in,True
2026-07-28 02:05:03.113,car_ID_6333,car,in,True
2026-07-28 02:05:03.345,car_ID_6331,car,in,True
2026-07-28 02:05:03.980,car_ID_6337,car,in,True
2026-07-28 02:05:03.980,car_ID_6343,car,out,True
2026-07-28 02:05:04.044,car_ID_6336,car,in,True
2026-07-28 02:05:04.174,car_ID_6341,car,out,True
2026-07-28 02:05:04.375,car_ID_6335,car,in,True
2026-07-28 02:05:06.382,car_ID_6342,car,in,True
2026-07-28 02:05:06.573,car_ID_6340,car,in,True
2026-07-28 02:05:08.244,car_ID_6346,car,in,True
2026-07-28 02:05:08.979,car_ID_6355,car,in,True
2026-07-28 02:05:09.111,car_ID_6351,car,in,True
2026-07-28 02:05:09.344,car_ID_6352,car,in,True
2026-07-28 02:05:09.511,car_ID_6353,car,in,True
2026-07-28 02:05:10.245,car_ID_6356,car,in,True
2026-07-28 02:05:10.279,truck_ID_2979,truck,in,True
2026-07-28 02:05:10.279,car_ID_6369,car,in,True
2026-07-28 02:05:10.780,truck_ID_2978,truck,in,True
2026-07-28 02:05:10.979,car_ID_6362,car,out,True
2026-07-28 02:05:11.945,car_ID_6368,car,out,True
2026-07-28 02:05:11.979,car_ID_6357,car,in,True
2026-07-28 02:05:12.011,car_ID_6366,car,out,True
2026-07-28 02:05:12.778,car_ID_6358,car,in,True
2026-07-28 02:05:12.976,car_ID_6359,car,in,True
2026-07-28 02:05:13.050,car_ID_6370,car,out,True
2026-07-28 02:05:13.078,truck_ID_2985,truck,in,True
2026-07-28 02:05:13.177,car_ID_6364,car,in,True
2026-07-28 02:05:13.346,car_ID_6360,car,in,True
2026-07-28 02:05:13.609,car_ID_6378,car,in,True
2026-07-28 02:05:13.710,car_ID_6363,car,in,True
2026-07-28 02:05:14.343,car_ID_6377,car,out,True
2026-07-28 02:05:14.775,car_ID_6373,car,in,True
2026-07-28 02:05:15.181,car_ID_6371,car,in,True
2026-07-28 02:05:15.181,car_ID_6372,car,in,True
2026-07-28 02:05:15.710,truck_ID_2990,truck,in,True
2026-07-28 02:05:15.781,car_ID_6381,car,out,True
2026-07-28 02:05:16.046,car_ID_6385,car,out,True
2026-07-28 02:05:16.143,car_ID_6384,car,out,True
2026-07-28 02:05:16.309,truck_ID_2989,truck,in,True
2026-07-28 02:05:16.777,car_ID_6394,car,in,True
2026-07-28 02:05:17.012,car_ID_6380,car,in,True
2026-07-28 02:05:17.611,car_ID_6389,car,out,True
2026-07-28 02:05:18.144,car_ID_6393,car,out,True
2026-07-28 02:05:18.446,car_ID_6379,car,in,True
2026-07-28 02:05:18.913,car_ID_6382,car,in,True
2026-07-28 02:05:19.580,car_ID_6398,car,out,True
2026-07-28 02:05:19.814,car_ID_6387,car,in,True
2026-07-28 02:05:20.011,car_ID_6399,car,out,True
2026-07-28 02:05:20.212,car_ID_6386,car,in,True
2026-07-28 02:05:20.945,car_ID_6402,car,out,True
2026-07-28 02:05:21.211,car_ID_6392,car,in,True
2026-07-28 02:05:21.245,car_ID_6390,car,in,True
2026-07-28 02:05:21.611,car_ID_6401,car,out,True
2026-07-28 02:05:21.746,car_ID_6404,car,out,True
2026-07-28 02:05:22.245,car_ID_6391,car,in,True
2026-07-28 02:05:22.380,car_ID_6410,car,out,True
2026-07-28 02:05:22.448,car_ID_6411,car,out,True
2026-07-28 02:05:23.914,car_ID_6415,car,out,True
2026-07-28 02:05:23.945,car_ID_6417,car,out,True
2026-07-28 02:05:24.010,car_ID_6400,car,in,True
2026-07-28 02:05:24.010,car_ID_6414,car,out,True
2026-07-28 02:05:24.243,car_ID_6418,car,out,True
2026-07-28 02:05:24.578,car_ID_6403,car,in,True
2026-07-28 02:05:24.913,car_ID_6421,car,out,True
2026-07-28 02:05:25.142,car_ID_6422,car,out,True
2026-07-28 02:05:25.311,car_ID_6408,car,in,True
2026-07-28 02:05:25.347,car_ID_6419,car,out,True
2026-07-28 02:05:25.445,truck_ID_3006,truck,out,True
2026-07-28 02:05:25.812,car_ID_6431,car,out,True
2026-07-28 02:05:26.345,car_ID_6426,car,out,True
2026-07-28 02:05:27.344,car_ID_6412,car,in,True
2026-07-28 02:05:27.711,car_ID_6430,car,out,True
2026-07-28 02:05:27.945,car_ID_6428,car,out,True
2026-07-28 02:05:28.179,car_ID_6409,car,in,True
2026-07-28 02:05:28.247,car_ID_6413,car,in,True
2026-07-28 02:05:28.344,truck_ID_3009,truck,out,True
2026-07-28 02:05:28.646,car_ID_6433,car,out,True
2026-07-28 02:05:28.976,car_ID_6416,car,in,True
2026-07-28 02:05:29.612,car_ID_6420,car,in,True
2026-07-28 02:05:29.650,car_ID_6427,car,in,True
2026-07-28 02:05:30.209,car_ID_6425,car,in,True
2026-07-28 02:05:30.444,car_ID_6437,car,out,True
2026-07-28 02:05:30.779,bus_ID_1245,bus,in,True
2026-07-28 02:05:31.108,car_ID_6435,car,in,True
2026-07-28 02:05:31.108,car_ID_6439,car,out,True
2026-07-28 02:05:31.409,car_ID_6432,car,in,True
2026-07-28 02:05:31.710,car_ID_6442,car,out,True
2026-07-28 02:05:32.245,bus_ID_1247,bus,out,True
2026-07-28 02:05:32.445,car_ID_6445,car,out,True
2026-07-28 02:05:32.847,car_ID_6438,car,in,True
2026-07-28 02:05:33.146,bus_ID_1252,bus,out,True
2026-07-28 02:05:33.546,car_ID_6455,car,out,True
2026-07-28 02:05:33.646,truck_ID_3014,truck,out,True
2026-07-28 02:05:33.708,car_ID_6440,car,in,True
2026-07-28 02:05:34.411,car_ID_6446,car,in,True
2026-07-28 02:05:34.512,car_ID_6441,car,in,True
2026-07-28 02:05:34.641,truck_ID_3021,truck,in,True
2026-07-28 02:05:35.009,car_ID_6450,car,out,True
2026-07-28 02:05:35.043,car_ID_6452,car,out,True
2026-07-28 02:05:36.109,car_ID_6443,car,in,True
2026-07-28 02:05:36.447,car_ID_6444,car,in,True
2026-07-28 02:05:36.610,car_ID_6448,car,in,True
2026-07-28 02:05:36.810,car_ID_6458,car,out,True
2026-07-28 02:05:37.211,truck_ID_3019,truck,out,True
2026-07-28 02:05:37.781,car_ID_6459,car,out,True
2026-07-28 02:05:37.781,car_ID_6461,car,out,True
2026-07-28 02:05:38.110,car_ID_6463,car,out,True
2026-07-28 02:05:38.144,car_ID_6460,car,in,True
2026-07-28 02:05:38.640,car_ID_6465,car,out,True
2026-07-28 02:05:39.041,car_ID_6451,car,in,True
2026-07-28 02:05:39.576,car_ID_6469,car,out,True
2026-07-28 02:05:39.716,car_ID_6454,car,in,True
2026-07-28 02:05:39.843,car_ID_6456,car,in,True
2026-07-28 02:05:40.578,bus_ID_1259,bus,out,True
2026-07-28 02:05:40.677,truck_ID_3032,truck,out,True
2026-07-28 02:05:41.513,car_ID_6470,car,out,True
2026-07-28 02:05:41.775,truck_ID_3040,truck,out,True
2026-07-28 02:05:41.846,car_ID_6476,car,out,True
2026-07-28 02:05:42.045,car_ID_6479,car,out,True
2026-07-28 02:05:42.380,car_ID_6492,car,out,True
2026-07-28 02:05:42.512,car_ID_6466,car,in,True
2026-07-28 02:05:42.780,car_ID_6484,car,out,True
2026-07-28 02:05:43.009,car_ID_6482,car,out,True
2026-07-28 02:05:43.209,car_ID_6485,car,out,True
2026-07-28 02:05:44.109,car_ID_6468,car,in,True
2026-07-28 02:05:44.446,car_ID_6467,car,in,True
2026-07-28 02:05:44.582,car_ID_6488,car,out,True
2026-07-28 02:05:44.613,car_ID_6491,car,out,True
2026-07-28 02:05:44.913,truck_ID_3041,truck,in,True
2026-07-28 02:05:45.345,truck_ID_3037,truck,out,True
2026-07-28 02:05:45.542,truck_ID_3045,truck,out,True
2026-07-28 02:05:45.979,car_ID_6473,car,in,True
2026-07-28 02:05:46.108,car_ID_6503,car,out,True
2026-07-28 02:05:46.145,car_ID_6477,car,in,True
2026-07-28 02:05:46.744,car_ID_6478,car,in,True
2026-07-28 02:05:47.377,truck_ID_3049,truck,out,True
2026-07-28 02:05:47.511,truck_ID_3048,truck,out,True
2026-07-28 02:05:47.578,car_ID_6498,car,out,True
2026-07-28 02:05:47.912,car_ID_6512,car,out,True
2026-07-28 02:05:48.778,car_ID_6489,car,in,True
2026-07-28 02:05:49.110,car_ID_6500,car,out,True
2026-07-28 02:05:49.145,car_ID_6501,car,out,True
2026-07-28 02:05:49.577,car_ID_6502,car,in,True
2026-07-28 02:05:49.774,truck_ID_3054,truck,out,True
2026-07-28 02:05:49.841,truck_ID_3056,truck,out,True
2026-07-28 02:05:50.313,car_ID_6506,car,out,True
2026-07-28 02:05:50.313,car_ID_6510,car,out,True
2026-07-28 02:05:50.444,car_ID_6504,car,in,True
2026-07-28 02:05:50.777,car_ID_6508,car,out,True
2026-07-28 02:05:51.010,car_ID_6499,car,in,True
2026-07-28 02:05:51.443,car_ID_6513,car,out,True
2026-07-28 02:05:51.547,truck_ID_3043,truck,in,True
2026-07-28 02:05:52.179,car_ID_6519,car,out,True
2026-07-28 02:05:52.744,car_ID_6516,car,out,True
2026-07-28 02:05:53.044,car_ID_6511,car,in,True
2026-07-28 02:05:53.511,car_ID_6509,car,in,True
2026-07-28 02:05:53.848,car_ID_6507,car,in,True
2026-07-28 02:05:53.848,car_ID_6514,car,in,True
2026-07-28 02:05:54.413,car_ID_6515,car,in,True
2026-07-28 02:05:54.644,car_ID_6520,car,in,True
2026-07-28 02:05:54.943,car_ID_6530,car,out,True
2026-07-28 02:05:55.776,car_ID_6517,car,in,True
2026-07-28 02:05:55.912,car_ID_6532,car,out,True
2026-07-28 02:05:56.643,car_ID_6538,car,out,True
2026-07-28 02:05:56.713,car_ID_6535,car,out,True
2026-07-28 02:05:56.779,car_ID_6536,car,out,True
2026-07-28 02:05:57.442,car_ID_6540,car,out,True
2026-07-28 02:05:57.645,car_ID_6521,car,in,True
2026-07-28 02:05:57.714,car_ID_6541,car,out,True
2026-07-28 02:05:58.910,car_ID_6525,car,in,True
2026-07-28 02:05:59.913,car_ID_6529,car,in,True
2026-07-28 02:05:59.942,car_ID_6524,car,in,True
2026-07-28 02:06:00.045,car_ID_6531,car,in,True
2026-07-28 02:06:00.679,truck_ID_3070,truck,out,True
2026-07-28 02:06:01.312,car_ID_6550,car,out,True
2026-07-28 02:06:01.645,car_ID_6537,car,in,True
2026-07-28 02:06:01.782,car_ID_6546,car,in,True
2026-07-28 02:06:02.381,car_ID_6554,car,out,True
2026-07-28 02:06:02.448,car_ID_6551,car,out,True
2026-07-28 02:06:02.544,truck_ID_3071,truck,in,True
2026-07-28 02:06:03.041,truck_ID_3079,truck,out,True
2026-07-28 02:06:03.042,car_ID_6557,car,out,True
2026-07-28 02:06:03.178,car_ID_6556,car,out,True
2026-07-28 02:06:03.446,car_ID_6545,car,in,True
2026-07-28 02:06:03.610,truck_ID_3078,truck,out,True
2026-07-28 02:06:03.675,bus_ID_1271,bus,in,True
2026-07-28 02:06:03.716,car_ID_6553,car,in,True
2026-07-28 02:06:03.809,car_ID_6571,car,out,True
2026-07-28 02:06:03.849,car_ID_6563,car,in,True
2026-07-28 02:06:03.911,bus_ID_1272,bus,in,True
2026-07-28 02:06:04.347,truck_ID_3075,truck,in,True
2026-07-28 02:06:04.442,truck_ID_3072,truck,in,True
2026-07-28 02:06:04.578,truck_ID_3063,truck,in,True
2026-07-28 02:06:04.610,car_ID_6564,car,out,True
2026-07-28 02:06:05.210,car_ID_6547,car,in,True
2026-07-28 02:06:05.847,car_ID_6569,car,out,True
2026-07-28 02:06:06.444,car_ID_6549,car,in,True
2026-07-28 02:06:08.613,truck_ID_3080,truck,out,True
2026-07-28 02:06:08.753,car_ID_6566,car,in,True
2026-07-28 02:06:08.847,car_ID_6558,car,in,True
2026-07-28 02:06:09.347,car_ID_6578,car,out,True
2026-07-28 02:06:09.347,car_ID_6579,car,out,True
2026-07-28 02:06:09.713,car_ID_6562,car,in,True
2026-07-28 02:06:10.780,car_ID_6583,car,out,True
2026-07-28 02:06:10.810,car_ID_6590,car,out,True
2026-07-28 02:06:11.246,car_ID_6575,car,in,True
2026-07-28 02:06:11.547,car_ID_6572,car,in,True
2026-07-28 02:06:11.678,truck_ID_3089,truck,in,True
2026-07-28 02:06:11.745,car_ID_6573,car,in,True
2026-07-28 02:06:11.910,car_ID_6576,car,in,True
2026-07-28 02:06:12.446,car_ID_6594,car,out,True
2026-07-28 02:06:12.844,car_ID_6582,car,in,True
2026-07-28 02:06:12.910,truck_ID_3093,truck,out,True
2026-07-28 02:06:13.119,car_ID_6581,car,in,True
2026-07-28 02:06:13.410,car_ID_6580,car,in,True
2026-07-28 02:06:13.410,car_ID_6597,car,out,True
2026-07-28 02:06:14.144,truck_ID_3097,truck,in,True
2026-07-28 02:06:14.244,car_ID_6598,car,out,True
2026-07-28 02:06:14.275,truck_ID_3095,truck,in,True
2026-07-28 02:06:14.312,car_ID_6599,car,out,True
2026-07-28 02:06:14.514,car_ID_6592,car,in,True
2026-07-28 02:06:14.745,car_ID_6609,car,in,True
2026-07-28 02:06:15.110,car_ID_6588,car,in,True
2026-07-28 02:06:15.176,car_ID_6591,car,in,True
2026-07-28 02:06:15.811,car_ID_6601,car,out,True
2026-07-28 02:06:16.377,car_ID_6607,car,out,True
2026-07-28 02:06:16.411,car_ID_6603,car,out,True
2026-07-28 02:06:16.845,truck_ID_3101,truck,in,True
2026-07-28 02:06:16.876,truck_ID_3100,truck,in,True
2026-07-28 02:06:16.913,car_ID_6595,car,in,True
2026-07-28 02:06:16.944,car_ID_6596,car,in,True
2026-07-28 02:06:17.343,car_ID_6618,car,in,True
2026-07-28 02:06:17.411,car_ID_6611,car,out,True
2026-07-28 02:06:18.116,car_ID_6612,car,out,True
2026-07-28 02:06:18.978,truck_ID_3109,truck,out,True
2026-07-28 02:06:19.114,bus_ID_1287,bus,out,True
2026-07-28 02:06:19.543,car_ID_6615,car,out,True
2026-07-28 02:06:19.645,bus_ID_1288,bus,out,True
2026-07-28 02:06:19.713,car_ID_6619,car,out,True
2026-07-28 02:06:19.777,truck_ID_3104,truck,out,True
2026-07-28 02:06:19.944,truck_ID_3116,truck,out,True
2026-07-28 02:06:19.976,truck_ID_3115,truck,out,True
2026-07-28 02:06:20.180,car_ID_6606,car,in,True
2026-07-28 02:06:20.248,car_ID_6610,car,in,True
2026-07-28 02:06:20.445,car_ID_6621,car,out,True
2026-07-28 02:06:20.746,car_ID_6631,car,out,True
2026-07-28 02:06:21.515,car_ID_6617,car,in,True
2026-07-28 02:06:21.611,car_ID_6630,car,out,True
2026-07-28 02:06:22.446,car_ID_6632,car,out,True
2026-07-28 02:06:22.544,car_ID_6633,car,out,True
2026-07-28 02:06:22.578,car_ID_6616,car,in,True
2026-07-28 02:06:23.245,car_ID_6614,car,in,True
2026-07-28 02:06:23.313,car_ID_6634,car,out,True
2026-07-28 02:06:23.378,truck_ID_3114,truck,in,True
2026-07-28 02:06:23.510,car_ID_6622,car,in,True
2026-07-28 02:06:23.545,car_ID_6623,car,in,True
2026-07-28 02:06:23.912,truck_ID_3120,truck,in,True
2026-07-28 02:06:24.010,car_ID_6628,car,in,True
2026-07-28 02:06:24.210,car_ID_6645,car,out,True
2026-07-28 02:06:24.510,car_ID_6637,car,in,True
2026-07-28 02:06:24.611,car_ID_6641,car,in,True
2026-07-28 02:06:25.010,car_ID_6646,car,out,True
2026-07-28 02:06:25.644,car_ID_6647,car,out,True
2026-07-28 02:06:26.046,truck_ID_3132,truck,out,True
2026-07-28 02:06:26.144,car_ID_6635,car,in,True
2026-07-28 02:06:26.509,car_ID_6666,car,out,True
2026-07-28 02:06:27.144,truck_ID_3135,truck,out,True
2026-07-28 02:06:27.144,car_ID_6660,car,out,True
2026-07-28 02:06:27.380,truck_ID_3136,truck,out,True
2026-07-28 02:06:27.708,car_ID_6638,car,in,True
2026-07-28 02:06:27.745,car_ID_6661,car,out,True
2026-07-28 02:06:27.842,car_ID_6662,car,out,True
2026-07-28 02:06:29.976,car_ID_6670,car,out,True
2026-07-28 02:06:30.148,car_ID_6672,car,out,True
2026-07-28 02:06:30.312,car_ID_6651,car,in,True
2026-07-28 02:06:30.513,car_ID_6671,car,out,True
2026-07-28 02:06:30.544,bus_ID_1295,bus,out,True
2026-07-28 02:06:30.777,car_ID_6654,car,in,True
2026-07-28 02:06:31.113,truck_ID_3137,truck,out,True
2026-07-28 02:06:31.243,car_ID_6659,car,in,True
2026-07-28 02:06:31.445,truck_ID_3142,truck,out,True
2026-07-28 02:06:31.512,bus_ID_1296,bus,out,True
2026-07-28 02:06:31.779,car_ID_6677,car,out,True
2026-07-28 02:06:32.009,car_ID_6687,car,out,True
2026-07-28 02:06:32.442,truck_ID_3144,truck,in,True
2026-07-28 02:06:32.710,car_ID_6663,car,in,True
2026-07-28 02:06:33.176,car_ID_6664,car,in,True
2026-07-28 02:06:33.213,car_ID_6675,car,in,True
2026-07-28 02:06:33.241,car_ID_6667,car,in,True
2026-07-28 02:06:33.912,car_ID_6673,car,in,True
2026-07-28 02:06:34.010,car_ID_6686,car,out,True
2026-07-28 02:06:34.177,car_ID_6678,car,in,True
2026-07-28 02:06:35.242,car_ID_6691,car,out,True
2026-07-28 02:06:36.412,car_ID_6679,car,in,True
2026-07-28 02:06:36.744,truck_ID_3150,truck,out,True
2026-07-28 02:06:37.143,car_ID_6681,car,in,True
2026-07-28 02:06:37.246,car_ID_6703,car,out,True
2026-07-28 02:06:37.310,car_ID_6688,car,in,True
2026-07-28 02:06:37.581,car_ID_6684,car,in,True
2026-07-28 02:06:38.586,car_ID_6692,car,in,True
2026-07-28 02:06:39.181,car_ID_6699,car,out,True
2026-07-28 02:06:39.547,car_ID_6704,car,out,True
2026-07-28 02:06:39.809,car_ID_6690,car,in,True
2026-07-28 02:06:40.578,car_ID_6709,car,out,True
2026-07-28 02:06:40.945,car_ID_6694,car,in,True
2026-07-28 02:06:41.109,car_ID_6706,car,out,True
2026-07-28 02:06:41.142,car_ID_6695,car,in,True
2026-07-28 02:06:41.779,car_ID_6710,car,out,True
2026-07-28 02:06:42.112,car_ID_6712,car,out,True
2026-07-28 02:06:42.210,car_ID_6697,car,in,True
2026-07-28 02:06:42.347,car_ID_6713,car,in,True
2026-07-28 02:06:42.446,bus_ID_1303,bus,in,True
2026-07-28 02:06:42.447,car_ID_6711,car,out,True
2026-07-28 02:06:42.909,truck_ID_3153,truck,in,True
2026-07-28 02:06:43.512,car_ID_6702,car,in,True
2026-07-28 02:06:44.313,car_ID_6718,car,out,True
2026-07-28 02:06:44.545,car_ID_6708,car,in,True
2026-07-28 02:06:44.645,car_ID_6700,car,in,True
2026-07-28 02:06:45.047,car_ID_6707,car,in,True
2026-07-28 02:06:46.047,bus_ID_1304,bus,in,True
2026-07-28 02:06:46.775,truck_ID_3160,truck,out,True
2026-07-28 02:06:47.075,truck_ID_3155,truck,in,True
2026-07-28 02:06:47.378,car_ID_6722,car,out,True
2026-07-28 02:06:48.146,car_ID_6716,car,in,True
2026-07-28 02:06:48.178,truck_ID_3161,truck,out,True
2026-07-28 02:06:48.813,car_ID_6724,car,out,True
2026-07-28 02:06:49.050,car_ID_6723,car,in,True
2026-07-28 02:06:49.048,car_ID_6731,car,out,True
2026-07-28 02:06:49.215,car_ID_6726,car,out,True
2026-07-28 02:06:49.342,bus_ID_1302,bus,in,True
2026-07-28 02:06:49.376,truck_ID_3156,truck,in,True
2026-07-28 02:06:49.576,bus_ID_1306,bus,in,True
2026-07-28 02:06:50.109,truck_ID_3159,truck,in,True
2026-07-28 02:06:50.310,truck_ID_3158,truck,in,True
2026-07-28 02:06:50.779,car_ID_6729,car,out,True
2026-07-28 02:06:52.044,car_ID_6735,car,out,True
2026-07-28 02:06:52.246,car_ID_6725,car,in,True
2026-07-28 02:06:52.642,truck_ID_3168,truck,in,True
2026-07-28 02:06:52.744,truck_ID_3171,truck,in,True
2026-07-28 02:06:52.744,car_ID_6738,car,out,True
2026-07-28 02:06:52.844,car_ID_6737,car,out,True
2026-07-28 02:06:53.177,bus_ID_1305,bus,in,True
2026-07-28 02:06:53.211,car_ID_6741,car,in,True
2026-07-28 02:06:53.808,car_ID_6730,car,in,True
2026-07-28 02:06:53.979,car_ID_6739,car,out,True
2026-07-28 02:06:54.210,car_ID_6727,car,in,True
2026-07-28 02:06:55.009,car_ID_6733,car,in,True
2026-07-28 02:06:55.410,car_ID_6734,car,in,True
2026-07-28 02:06:56.045,car_ID_6746,car,out,True
2026-07-28 02:06:56.275,truck_ID_3176,truck,out,True
2026-07-28 02:06:56.310,car_ID_6743,car,out,True
2026-07-28 02:06:56.341,car_ID_6756,car,out,True
2026-07-28 02:06:56.776,car_ID_6747,car,out,True
2026-07-28 02:06:57.315,car_ID_6736,car,in,True
2026-07-28 02:06:58.243,car_ID_6740,car,in,True
2026-07-28 02:06:58.315,car_ID_6742,car,in,True
2026-07-28 02:06:58.315,car_ID_6744,car,in,True
2026-07-28 02:06:59.513,car_ID_6752,car,out,True
2026-07-28 02:06:59.843,car_ID_6758,car,out,True
2026-07-28 02:07:00.111,car_ID_6745,car,in,True
2026-07-28 02:07:00.174,car_ID_6749,car,in,True
2026-07-28 02:07:00.980,car_ID_6760,car,out,True
2026-07-28 02:07:01.149,car_ID_6748,car,in,True
2026-07-28 02:07:01.180,car_ID_6761,car,out,True
2026-07-28 02:07:01.509,car_ID_6750,car,in,True
2026-07-28 02:07:02.049,car_ID_6751,car,in,True
2026-07-28 02:07:02.345,car_ID_6753,car,in,True
2026-07-28 02:07:02.378,car_ID_6759,car,in,True
2026-07-28 02:07:02.944,car_ID_6757,car,in,True
2026-07-28 02:07:03.010,car_ID_6762,car,in,True
2026-07-28 02:07:03.581,car_ID_6764,car,in,True
2026-07-28 02:07:04.046,car_ID_6771,car,out,True
2026-07-28 02:07:04.144,car_ID_6765,car,in,True
2026-07-28 02:07:04.649,car_ID_6768,car,in,True
2026-07-28 02:07:04.947,truck_ID_3178,truck,in,True
2026-07-28 02:07:04.948,car_ID_6774,car,out,True
2026-07-28 02:07:05.546,car_ID_6775,car,out,True
2026-07-28 02:07:05.810,car_ID_6778,car,in,True
2026-07-28 02:07:06.148,truck_ID_3182,truck,out,True
2026-07-28 02:07:06.448,truck_ID_3179,truck,in,True
2026-07-28 02:07:06.579,bus_ID_1315,bus,out,True
2026-07-28 02:07:06.580,car_ID_6767,car,in,True
2026-07-28 02:07:06.649,bus_ID_1316,bus,out,True
2026-07-28 02:07:07.011,car_ID_6773,car,in,True
2026-07-28 02:07:07.112,truck_ID_3183,truck,out,True
2026-07-28 02:07:07.144,car_ID_6782,car,out,True
2026-07-28 02:07:07.377,car_ID_6770,car,in,True
2026-07-28 02:07:07.413,car_ID_6772,car,in,True
2026-07-28 02:07:07.911,truck_ID_3184,truck,in,True
2026-07-28 02:07:08.179,car_ID_6779,car,in,True
2026-07-28 02:07:08.215,car_ID_6785,car,out,True
2026-07-28 02:07:08.444,car_ID_6784,car,out,True
2026-07-28 02:07:08.882,truck_ID_3190,truck,in,True
2026-07-28 02:07:09.410,car_ID_6789,car,out,True
2026-07-28 02:07:09.644,car_ID_6776,car,in,True
2026-07-28 02:07:09.644,car_ID_6792,car,in,True
2026-07-28 02:07:09.779,truck_ID_3189,truck,in,True
2026-07-28 02:07:09.978,car_ID_6788,car,out,True
2026-07-28 02:07:10.146,car_ID_6777,car,in,True
2026-07-28 02:07:10.581,bus_ID_1323,bus,out,True
2026-07-28 02:07:10.782,bus_ID_1324,bus,out,True
2026-07-28 02:07:10.877,truck_ID_3191,truck,out,True
2026-07-28 02:07:11.042,truck_ID_3198,truck,out,True
2026-07-28 02:07:11.246,truck_ID_3194,truck,out,True
2026-07-28 02:07:11.314,truck_ID_3197,truck,out,True
2026-07-28 02:07:11.611,car_ID_6786,car,in,True
2026-07-28 02:07:11.912,car_ID_6781,car,in,True
2026-07-28 02:07:12.211,car_ID_6795,car,out,True
2026-07-28 02:07:12.345,car_ID_6799,car,out,True
2026-07-28 02:07:13.109,car_ID_6797,car,out,True
2026-07-28 02:07:13.109,car_ID_6810,car,in,True
2026-07-28 02:07:13.247,car_ID_6806,car,out,True
2026-07-28 02:07:14.042,truck_ID_3207,truck,out,True
2026-07-28 02:07:14.112,car_ID_6808,car,out,True
2026-07-28 02:07:14.176,truck_ID_3205,truck,in,True
2026-07-28 02:07:14.245,truck_ID_3204,truck,in,True
2026-07-28 02:07:14.513,bus_ID_1328,bus,in,True
2026-07-28 02:07:14.712,car_ID_6820,car,in,True
2026-07-28 02:07:14.976,truck_ID_3209,truck,out,True
2026-07-28 02:07:14.981,car_ID_6793,car,in,True
2026-07-28 02:07:14.980,car_ID_6800,car,in,True
2026-07-28 02:07:15.011,car_ID_6791,car,in,True
2026-07-28 02:07:15.046,truck_ID_3211,truck,out,True
2026-07-28 02:07:15.146,car_ID_6814,car,out,True
2026-07-28 02:07:15.513,car_ID_6818,car,out,True
2026-07-28 02:07:15.646,car_ID_6824,car,out,True
2026-07-28 02:07:15.713,car_ID_6790,car,in,True
2026-07-28 02:07:16.346,car_ID_6817,car,out,True
2026-07-28 02:07:16.546,truck_ID_3206,truck,in,True
2026-07-28 02:07:16.775,car_ID_6803,car,in,True
2026-07-28 02:07:16.810,car_ID_6798,car,in,True
2026-07-28 02:07:16.846,car_ID_6811,car,in,True
2026-07-28 02:07:17.147,car_ID_6796,car,in,True
2026-07-28 02:07:17.711,car_ID_6823,car,out,True
2026-07-28 02:07:18.112,car_ID_6821,car,out,True
2026-07-28 02:07:18.181,car_ID_6812,car,in,True
2026-07-28 02:07:18.742,car_ID_6831,car,out,True
2026-07-28 02:07:19.811,car_ID_6819,car,in,True
2026-07-28 02:07:20.011,car_ID_6826,car,out,True
2026-07-28 02:07:20.244,bus_ID_1327,bus,in,True
2026-07-28 02:07:20.378,truck_ID_3208,truck,in,True
2026-07-28 02:07:20.866,car_ID_6832,car,out,True
2026-07-28 02:07:21.041,bus_ID_1329,bus,in,True
2026-07-28 02:07:21.129,car_ID_6838,car,out,True
2026-07-28 02:07:21.445,car_ID_6846,car,out,True
2026-07-28 02:07:21.510,car_ID_6825,car,in,True
2026-07-28 02:07:21.545,car_ID_6836,car,out,True
2026-07-28 02:07:21.610,truck_ID_3219,truck,out,True
2026-07-28 02:07:21.946,truck_ID_3220,truck,out,True
2026-07-28 02:07:22.750,truck_ID_3202,truck,in,True
2026-07-28 02:07:22.746,car_ID_6841,car,out,True
2026-07-28 02:07:22.780,car_ID_6830,car,in,True
2026-07-28 02:07:23.210,car_ID_6829,car,in,True
2026-07-28 02:07:23.249,car_ID_6834,car,in,True
2026-07-28 02:07:24.150,car_ID_6840,car,in,True
2026-07-28 02:07:24.378,truck_ID_3224,truck,out,True
2026-07-28 02:07:24.944,car_ID_6827,car,in,True
2026-07-28 02:07:24.977,car_ID_6835,car,in,True
2026-07-28 02:07:25.378,car_ID_6845,car,out,True
2026-07-28 02:07:25.413,car_ID_6839,car,in,True
2026-07-28 02:07:26.113,car_ID_6848,car,out,True
2026-07-28 02:07:26.781,car_ID_6844,car,in,True
2026-07-28 02:07:27.178,car_ID_6843,car,in,True
2026-07-28 02:07:27.376,car_ID_6850,car,in,True
2026-07-28 02:07:27.812,car_ID_6859,car,out,True
2026-07-28 02:07:28.247,car_ID_6858,car,out,True
2026-07-28 02:07:28.315,car_ID_6857,car,out,True
2026-07-28 02:07:28.713,car_ID_6853,car,in,True
2026-07-28 02:07:29.211,car_ID_6854,car,in,True
2026-07-28 02:07:29.580,car_ID_6868,car,out,True
2026-07-28 02:07:29.946,car_ID_6865,car,out,True
2026-07-28 02:07:30.011,car_ID_6862,car,in,True
2026-07-28 02:07:30.710,car_ID_6851,car,in,True
2026-07-28 02:07:30.751,car_ID_6876,car,out,True
2026-07-28 02:07:31.113,car_ID_6874,car,out,True
2026-07-28 02:07:31.143,car_ID_6861,car,in,True
2026-07-28 02:07:31.214,car_ID_6867,car,in,True
2026-07-28 02:07:31.444,car_ID_6870,car,out,True
2026-07-28 02:07:31.844,car_ID_6877,car,out,True
2026-07-28 02:07:32.214,truck_ID_3230,truck,out,True
2026-07-28 02:07:32.345,car_ID_6860,car,in,True
2026-07-28 02:07:32.378,car_ID_6879,car,out,True
2026-07-28 02:07:32.712,truck_ID_3231,truck,out,True
2026-07-28 02:07:33.014,car_ID_6878,car,out,True
2026-07-28 02:07:33.047,car_ID_6881,car,out,True
2026-07-28 02:07:33.144,car_ID_6869,car,in,True
2026-07-28 02:07:33.379,car_ID_6866,car,in,True
2026-07-28 02:07:33.515,car_ID_6884,car,out,True
2026-07-28 02:07:34.182,car_ID_6882,car,out,True
2026-07-28 02:07:34.744,car_ID_6894,car,out,True
2026-07-28 02:07:34.910,truck_ID_3233,truck,in,True
2026-07-28 02:07:35.177,car_ID_6890,car,out,True
2026-07-28 02:07:35.446,car_ID_6873,car,in,True
2026-07-28 02:07:35.713,car_ID_6880,car,in,True
2026-07-28 02:07:35.945,car_ID_6883,car,in,True
2026-07-28 02:07:36.011,car_ID_6886,car,in,True
2026-07-28 02:07:36.109,car_ID_6900,car,out,True
2026-07-28 02:07:36.215,car_ID_6903,car,out,True
2026-07-28 02:07:36.377,car_ID_6875,car,in,True
2026-07-28 02:07:37.379,car_ID_6915,car,out,True
2026-07-28 02:07:37.610,car_ID_6906,car,out,True
2026-07-28 02:07:37.715,car_ID_6895,car,out,True
2026-07-28 02:07:37.845,car_ID_6887,car,in,True
2026-07-28 02:07:38.247,car_ID_6891,car,in,True
2026-07-28 02:07:38.845,car_ID_6912,car,out,True
2026-07-28 02:07:38.845,car_ID_6914,car,out,True
2026-07-28 02:07:39.610,car_ID_6918,car,out,True
2026-07-28 02:07:39.845,truck_ID_3245,truck,out,True
2026-07-28 02:07:39.878,bus_ID_1347,bus,out,True
2026-07-28 02:07:39.946,car_ID_6893,car,in,True
2026-07-28 02:07:39.979,truck_ID_3241,truck,out,True
2026-07-28 02:07:40.144,car_ID_6901,car,in,True
2026-07-28 02:07:40.145,car_ID_6913,car,out,True
2026-07-28 02:07:40.380,bus_ID_1349,bus,out,True
2026-07-28 02:07:40.381,car_ID_6919,car,out,True
2026-07-28 02:07:41.011,car_ID_6899,car,in,True
2026-07-28 02:07:41.043,car_ID_6923,car,out,True
2026-07-28 02:07:42.212,car_ID_6927,car,out,True
2026-07-28 02:07:42.415,car_ID_6926,car,out,True
2026-07-28 02:07:42.517,car_ID_6937,car,out,True
2026-07-28 02:07:43.588,car_ID_6910,car,in,True
2026-07-28 02:07:43.915,car_ID_6932,car,out,True
2026-07-28 02:07:44.182,car_ID_6911,car,in,True
2026-07-28 02:07:44.377,car_ID_6909,car,in,True
2026-07-28 02:07:44.614,car_ID_6931,car,in,True
2026-07-28 02:07:44.747,car_ID_6938,car,out,True
2026-07-28 02:07:44.914,car_ID_6921,car,in,True
2026-07-28 02:07:45.580,car_ID_6944,car,out,True
2026-07-28 02:07:45.983,car_ID_6943,car,out,True
2026-07-28 02:07:46.177,car_ID_6930,car,in,True
2026-07-28 02:07:47.043,car_ID_6946,car,out,True
2026-07-28 02:07:47.410,car_ID_6934,car,in,True
2026-07-28 02:07:47.609,car_ID_6924,car,in,True
2026-07-28 02:07:47.876,truck_ID_3255,truck,out,True
2026-07-28 02:07:48.042,car_ID_6939,car,in,True
2026-07-28 02:07:48.310,car_ID_6940,car,in,True
2026-07-28 02:07:48.375,car_ID_6945,car,out,True
2026-07-28 02:07:48.581,car_ID_6954,car,out,True
2026-07-28 02:07:48.976,car_ID_6955,car,out,True
2026-07-28 02:07:49.545,car_ID_6958,car,out,True
2026-07-28 02:07:49.745,truck_ID_3252,truck,out,True
2026-07-28 02:07:49.745,car_ID_6947,car,in,True
2026-07-28 02:07:50.646,car_ID_6959,car,out,True
2026-07-28 02:07:51.545,car_ID_6949,car,in,True
2026-07-28 02:07:51.777,car_ID_6957,car,out,True
2026-07-28 02:07:52.612,car_ID_6953,car,in,True
2026-07-28 02:07:52.911,car_ID_6965,car,out,True
2026-07-28 02:07:53.215,car_ID_6960,car,in,True
2026-07-28 02:07:53.245,car_ID_6967,car,out,True
2026-07-28 02:07:53.779,truck_ID_3262,truck,in,True
2026-07-28 02:07:53.779,car_ID_6952,car,in,True
2026-07-28 02:07:54.448,car_ID_6956,car,in,True
2026-07-28 02:07:54.645,bus_ID_1355,bus,in,True
2026-07-28 02:07:54.944,car_ID_6970,car,out,True
2026-07-28 02:07:55.112,car_ID_6968,car,out,True
2026-07-28 02:07:55.341,truck_ID_3272,truck,out,True
2026-07-28 02:07:55.341,car_ID_6974,car,out,True
2026-07-28 02:07:55.377,truck_ID_3273,truck,out,True
2026-07-28 02:07:55.378,car_ID_6964,car,in,True
2026-07-28 02:07:55.449,truck_ID_3261,truck,in,True
2026-07-28 02:07:55.449,car_ID_6961,car,in,True
2026-07-28 02:07:55.748,car_ID_6966,car,in,True
2026-07-28 02:07:55.844,car_ID_6976,car,out,True
2026-07-28 02:07:55.914,bus_ID_1354,bus,in,True
2026-07-28 02:07:56.177,car_ID_6983,car,out,True
2026-07-28 02:07:56.310,car_ID_6969,car,in,True
2026-07-28 02:07:56.511,car_ID_6978,car,out,True
2026-07-28 02:07:57.048,car_ID_6982,car,out,True
2026-07-28 02:07:57.381,bus_ID_1356,bus,in,True
2026-07-28 02:07:57.513,car_ID_6971,car,out,True
2026-07-28 02:07:58.111,car_ID_6981,car,out,True
2026-07-28 02:07:58.348,car_ID_6980,car,out,True
2026-07-28 02:07:58.946,truck_ID_3263,truck,in,True
2026-07-28 02:07:59.310,car_ID_6984,car,out,True
2026-07-28 02:07:59.446,car_ID_6989,car,out,True
2026-07-28 02:08:00.113,car_ID_6990,car,out,True
2026-07-28 02:08:00.377,car_ID_6986,car,out,True
2026-07-28 02:08:00.644,car_ID_6979,car,in,True
2026-07-28 02:08:00.910,car_ID_6995,car,out,True
2026-07-28 02:08:00.945,car_ID_6977,car,in,True
2026-07-28 02:08:00.976,car_ID_6972,car,in,True
2026-07-28 02:08:01.174,car_ID_6992,car,out,True
2026-07-28 02:08:01.947,bus_ID_1353,bus,in,True
2026-07-28 02:08:02.748,car_ID_6998,car,out,True
2026-07-28 02:08:02.977,car_ID_6988,car,in,True
2026-07-28 02:08:03.145,car_ID_6985,car,in,True
2026-07-28 02:08:04.012,truck_ID_3267,truck,out,True
2026-07-28 02:08:04.046,car_ID_7002,car,out,True
2026-07-28 02:08:04.410,car_ID_6999,car,out,True
2026-07-28 02:08:05.377,car_ID_7003,car,out,True
2026-07-28 02:08:05.843,car_ID_6996,car,in,True
2026-07-28 02:08:06.345,car_ID_7011,car,out,True
2026-07-28 02:08:06.546,car_ID_7006,car,out,True
2026-07-28 02:08:06.612,car_ID_7000,car,in,True
2026-07-28 02:08:06.741,truck_ID_3284,truck,out,True
2026-07-28 02:08:06.846,car_ID_7008,car,out,True
2026-07-28 02:08:07.380,truck_ID_3283,truck,out,True
2026-07-28 02:08:07.542,car_ID_6994,car,in,True
2026-07-28 02:08:07.577,car_ID_6993,car,in,True
2026-07-28 02:08:07.677,car_ID_7014,car,out,True
2026-07-28 02:08:07.913,car_ID_7005,car,in,True
2026-07-28 02:08:08.180,truck_ID_3286,truck,out,True
2026-07-28 02:08:08.180,car_ID_7024,car,out,True
2026-07-28 02:08:08.747,car_ID_7020,car,out,True
2026-07-28 02:08:09.346,car_ID_7001,car,in,True
2026-07-28 02:08:09.847,car_ID_7007,car,in,True
2026-07-28 02:08:09.944,car_ID_7012,car,in,True
2026-07-28 02:08:10.010,car_ID_7019,car,out,True
2026-07-28 02:08:10.610,car_ID_7009,car,in,True
2026-07-28 02:08:10.777,car_ID_7027,car,out,True
2026-07-28 02:08:10.842,car_ID_7017,car,in,True
2026-07-28 02:08:11.113,car_ID_7023,car,out,True
2026-07-28 02:08:11.177,car_ID_7016,car,in,True
2026-07-28 02:08:11.544,bus_ID_1367,bus,out,True
2026-07-28 02:08:11.915,truck_ID_3288,truck,out,True
2026-07-28 02:08:12.209,car_ID_7022,car,in,True
2026-07-28 02:08:12.246,car_ID_7021,car,in,True
2026-07-28 02:08:12.313,car_ID_7025,car,in,True
2026-07-28 02:08:12.313,car_ID_7033,car,in,True
2026-07-28 02:08:12.313,car_ID_7041,car,in,True
2026-07-28 02:08:12.376,truck_ID_3290,truck,out,True
2026-07-28 02:08:12.374,car_ID_7029,car,in,True
2026-07-28 02:08:12.376,car_ID_7036,car,in,True
2026-07-28 02:08:12.376,car_ID_7046,car,out,True
