timestamp,display_id,label,direction,is_transition
2026-08-01 07:10:18.381,car_ID_1,car,Regen-Potsdam->Regen-Berlin,True
2026-08-01 07:11:23.919,car_ID_2,car,Regen-Potsdam->Regen-Berlin,True
2026-08-01 07:11:26.817,car_ID_3,car,Regen-Potsdam->Regen-Berlin,True
2026-08-01 07:11:27.085,truck_ID_1,truck,Regen-Berlin (kein Wechsel),False
2026-08-01 07:11:27.385,truck_ID_2,truck,Regen-Berlin (kein Wechsel),False
2026-08-01 07:11:28.056,car_ID_4,car,Regen-Berlin (kein Wechsel),False
2026-08-01 07:11:29.757,car_ID_5,car,Regen-Potsdam->Regen-Berlin,True
2026-08-01 07:12:26.630,car_ID_6,car,Regen-Potsdam (kein Wechsel),False
2026-08-01 07:12:28.393,bus_ID_1,bus,Regen-Berlin (kein Wechsel),False
2026-08-01 07:12:28.591,truck_ID_3,truck,Regen-Potsdam->Regen-Berlin,True
2026-08-01 07:14:02.464,car_ID_7,car,Regen-Potsdam->Regen-Berlin,True
2026-08-01 07:14:40.434,car_ID_8,car,Regen-Potsdam (kein Wechsel),False
2026-08-01 07:14:42.005,car_ID_9,car,Regen-Potsdam->Regen-Berlin,True
2026-08-01 07:15:17.105,car_ID_12,car,Regen-Potsdam (kein Wechsel),False
2026-08-01 07:15:17.235,car_ID_10,car,Regen-Berlin (kein Wechsel),False
2026-08-01 07:15:20.300,car_ID_11,car,Regen-Potsdam->Regen-Berlin,True
2026-08-01 07:15:24.734,car_ID_13,car,Regen-Berlin (kein Wechsel),False
2026-08-01 07:15:26.265,car_ID_14,car,Regen-Berlin (kein Wechsel),False
2026-08-01 07:15:39.033,car_ID_15,car,Regen-Potsdam->Regen-Berlin,True
2026-08-01 07:15:39.871,car_ID_16,car,Regen-Berlin->Regen-Potsdam,True
2026-08-01 07:17:19.108,car_ID_17,car,Regen-Potsdam->Regen-Berlin,True
2026-08-01 07:18:15.779,car_ID_18,car,Regen-Potsdam->Regen-Berlin,True
2026-08-01 07:19:23.017,car_ID_19,car,Regen-Berlin (kein Wechsel),False
2026-08-01 07:19:23.181,truck_ID_4,truck,Regen-Berlin (kein Wechsel),False
2026-08-01 07:19:26.115,bus_ID_2,bus,Regen-Berlin->Regen-Potsdam,True
2026-08-01 07:20:13.419,person_ID_1,person,Regen-Berlin->Regen-Potsdam,True
2026-08-01 07:20:14.323,person_ID_2,person,Regen-Potsdam (kein Wechsel),False
2026-08-01 07:20:17.684,person_ID_3,person,Regen-Potsdam (kein Wechsel),False
2026-08-01 07:20:27.451,car_ID_20,car,Regen-Potsdam->Regen-Berlin,True
2026-08-01 07:23:00.831,motorcycle_ID_1,motorcycle,Regen-Berlin (kein Wechsel),False
2026-08-01 07:23:01.431,car_ID_21,car,Regen-Berlin->Regen-Potsdam,True
2026-08-01 07:24:41.673,bus_ID_3,bus,Regen-Potsdam->Regen-Berlin,True
2026-08-01 07:24:42.569,car_ID_22,car,Regen-Berlin (kein Wechsel),False
2026-08-01 07:26:39.173,car_ID_23,car,Regen-Potsdam->Regen-Berlin,True
2026-08-01 07:26:44.845,car_ID_24,car,Regen-Berlin (kein Wechsel),False
2026-08-01 07:28:31.118,car_ID_25,car,Regen-Berlin->Regen-Potsdam,True
2026-08-01 07:30:01.358,car_ID_26,car,Regen-Berlin->Regen-Potsdam,True
2026-08-01 07:31:05.726,car_ID_27,car,Regen-Berlin->Regen-Potsdam,True
2026-08-01 07:38:53.186,car_ID_28,car,Regen-Berlin (kein Wechsel),False
2026-08-01 07:38:56.953,bus_ID_4,bus,Regen-Berlin->Regen-Potsdam,True
2026-08-01 07:38:58.789,car_ID_29,car,Regen-Potsdam (kein Wechsel),False
2026-08-01 07:39:13.822,car_ID_30,car,Regen-Berlin->Regen-Potsdam,True
2026-08-01 07:40:44.594,car_ID_32,car,Regen-Potsdam (kein Wechsel),False
2026-08-01 07:40:44.627,car_ID_31,car,Regen-Berlin->Regen-Potsdam,True
2026-08-01 07:40:44.659,truck_ID_5,truck,Regen-Potsdam (kein Wechsel),False
2026-08-01 07:40:46.194,car_ID_33,car,Regen-Potsdam (kein Wechsel),False
2026-08-01 07:43:58.345,truck_ID_6,truck,Regen-Potsdam (kein Wechsel),False
2026-08-01 07:43:59.109,car_ID_34,car,Regen-Potsdam (kein Wechsel),False
2026-08-01 07:44:02.872,bus_ID_5,bus,Regen-Potsdam->Regen-Berlin,True
2026-08-01 07:44:03.105,car_ID_35,car,Regen-Berlin (kein Wechsel),False
2026-08-01 07:51:50.804,car_ID_36,car,Regen-Potsdam->Regen-Berlin,True
2026-08-01 07:51:54.272,car_ID_37,car,Regen-Potsdam->Regen-Berlin,True
2026-08-01 07:52:00.803,car_ID_38,car,Regen-Berlin (kein Wechsel),False
2026-08-01 07:52:05.006,car_ID_39,car,Regen-Berlin->Regen-Potsdam,True
2026-08-01 07:52:25.608,car_ID_40,car,Regen-Potsdam->Regen-Berlin,True
2026-08-01 07:52:44.105,car_ID_41,car,Regen-Potsdam->Regen-Berlin,True
2026-08-01 07:53:25.475,car_ID_42,car,Regen-Potsdam (kein Wechsel),False
2026-08-01 07:53:28.140,car_ID_43,car,Regen-Potsdam->Regen-Berlin,True
2026-08-01 07:54:55.180,car_ID_44,car,Regen-Berlin->Regen-Potsdam,True
2026-08-01 07:56:51.794,truck_ID_8,truck,Regen-Potsdam (kein Wechsel),False
2026-08-01 07:56:51.991,car_ID_46,car,Regen-Berlin->Regen-Potsdam,True
2026-08-01 07:56:52.560,truck_ID_7,truck,Regen-Berlin->Regen-Potsdam,True
2026-08-01 07:56:53.390,car_ID_45,car,Regen-Berlin->Regen-Potsdam,True
2026-08-01 07:57:09.656,car_ID_47,car,Regen-Berlin (kein Wechsel),False
2026-08-01 07:57:19.155,car_ID_49,car,Regen-Berlin->Regen-Potsdam,True
2026-08-01 07:57:19.487,truck_ID_9,truck,Regen-Berlin->Regen-Potsdam,True
2026-08-01 07:57:19.487,truck_ID_10,truck,Regen-Berlin->Regen-Potsdam,True
2026-08-01 07:57:20.622,car_ID_48,car,Regen-Berlin->Regen-Potsdam,True
2026-08-01 07:59:14.164,car_ID_50,car,Regen-Berlin (kein Wechsel),False
2026-08-01 07:59:14.364,truck_ID_11,truck,Regen-Berlin (kein Wechsel),False
2026-08-01 07:59:14.564,bus_ID_7,bus,Regen-Berlin (kein Wechsel),False
2026-08-01 07:59:14.841,truck_ID_12,truck,Regen-Berlin (kein Wechsel),False
2026-08-01 07:59:17.429,bus_ID_6,bus,Regen-Berlin->Regen-Potsdam,True
2026-08-01 07:59:19.097,car_ID_51,car,Regen-Potsdam (kein Wechsel),False
2026-08-01 08:00:54.373,truck_ID_13,truck,Regen-Potsdam->Regen-Berlin,True
2026-08-01 08:00:54.511,truck_ID_14,truck,Regen-Potsdam->Regen-Berlin,True
2026-08-01 08:00:54.770,car_ID_53,car,Regen-Berlin (kein Wechsel),False
2026-08-01 08:00:56.269,bus_ID_8,bus,Regen-Berlin (kein Wechsel),False
2026-08-01 08:00:56.969,car_ID_52,car,Regen-Potsdam->Regen-Berlin,True
2026-08-01 08:04:10.082,car_ID_54,car,Regen-Potsdam (kein Wechsel),False
2026-08-01 08:04:11.850,bus_ID_9,bus,Regen-Potsdam->Regen-Berlin,True
2026-08-01 08:04:12.515,bus_ID_11,bus,Regen-Berlin (kein Wechsel),False
2026-08-01 08:04:13.149,truck_ID_15,truck,Regen-Berlin (kein Wechsel),False
2026-08-01 08:04:13.180,truck_ID_16,truck,Regen-Berlin (kein Wechsel),False
2026-08-01 08:04:13.947,bus_ID_10,bus,Regen-Potsdam->Regen-Berlin,True
2026-08-01 08:04:14.215,car_ID_55,car,Regen-Berlin (kein Wechsel),False
2026-08-01 08:04:24.718,car_ID_56,car,Regen-Potsdam (kein Wechsel),False
2026-08-01 08:04:26.816,car_ID_57,car,Regen-Potsdam->Regen-Berlin,True
2026-08-01 08:06:29.225,person_ID_4,person,Regen-Potsdam (kein Wechsel),False
2026-08-01 08:06:31.793,person_ID_5,person,Regen-Potsdam (kein Wechsel),False
2026-08-01 08:06:37.358,person_ID_6,person,Regen-Potsdam->Regen-Berlin,True
2026-08-01 08:06:39.396,person_ID_7,person,Regen-Berlin (kein Wechsel),False
2026-08-01 08:07:42.993,car_ID_59,car,Regen-Berlin (kein Wechsel),False
2026-08-01 08:07:43.493,car_ID_58,car,Regen-Potsdam->Regen-Berlin,True
2026-08-01 08:07:51.494,car_ID_60,car,Regen-Potsdam->Regen-Berlin,True
2026-08-01 08:09:30.935,person_ID_9,person,Regen-Berlin (kein Wechsel),False
2026-08-01 08:09:35.940,person_ID_8,person,Regen-Berlin->Regen-Potsdam,True
2026-08-01 08:10:33.741,person_ID_10,person,Regen-Potsdam->Regen-Berlin,True
2026-08-01 08:10:48.706,car_ID_61,car,Regen-Potsdam->Regen-Berlin,True
2026-08-01 08:11:04.207,car_ID_62,car,Regen-Berlin->Regen-Potsdam,True
2026-08-01 08:12:06.374,car_ID_63,car,Regen-Potsdam->Regen-Berlin,True
2026-08-01 08:12:45.344,car_ID_65,car,Regen-Berlin (kein Wechsel),False
2026-08-01 08:12:46.244,truck_ID_17,truck,Regen-Berlin (kein Wechsel),False
2026-08-01 08:12:46.712,car_ID_66,car,Regen-Berlin (kein Wechsel),False
2026-08-01 08:12:46.921,car_ID_64,car,Regen-Potsdam->Regen-Berlin,True
2026-08-01 08:13:53.886,person_ID_12,person,Regen-Potsdam (kein Wechsel),False
2026-08-01 08:13:53.951,person_ID_11,person,Regen-Potsdam (kein Wechsel),False
2026-08-01 08:16:11.529,car_ID_67,car,Regen-Berlin (kein Wechsel),False
2026-08-01 08:16:34.495,car_ID_68,car,Regen-Berlin->Regen-Potsdam,True
2026-08-01 08:16:56.493,car_ID_69,car,Regen-Potsdam->Regen-Berlin,True
2026-08-01 08:17:33.165,car_ID_70,car,Regen-Berlin->Regen-Potsdam,True
2026-08-01 08:18:49.837,truck_ID_18,truck,Regen-Berlin (kein Wechsel),False
2026-08-01 08:18:49.869,truck_ID_19,truck,Regen-Berlin (kein Wechsel),False
2026-08-01 08:18:50.339,bus_ID_12,bus,Regen-Berlin (kein Wechsel),False
2026-08-01 08:18:52.933,bus_ID_13,bus,Regen-Berlin->Regen-Potsdam,True
2026-08-01 08:18:53.933,truck_ID_20,truck,Regen-Potsdam (kein Wechsel),False
2026-08-01 08:18:54.301,car_ID_71,car,Regen-Potsdam (kein Wechsel),False
2026-08-01 08:22:28.080,car_ID_72,car,Regen-Potsdam->Regen-Berlin,True
2026-08-01 08:23:14.282,car_ID_73,car,Regen-Potsdam (kein Wechsel),False
2026-08-01 08:23:16.650,car_ID_74,car,Regen-Potsdam->Regen-Berlin,True
2026-08-01 08:24:11.226,car_ID_75,car,Regen-Potsdam (kein Wechsel),False
2026-08-01 08:24:13.221,bus_ID_15,bus,Regen-Berlin (kein Wechsel),False
2026-08-01 08:24:14.821,bus_ID_14,bus,Regen-Potsdam->Regen-Berlin,True
2026-08-01 08:24:15.055,car_ID_76,car,Regen-Berlin (kein Wechsel),False
2026-08-01 08:24:25.726,car_ID_77,car,Regen-Potsdam->Regen-Berlin,True
2026-08-01 08:25:59.694,car_ID_78,car,Regen-Potsdam->Regen-Berlin,True
2026-08-01 08:27:22.999,car_ID_79,car,Regen-Berlin->Regen-Potsdam,True
2026-08-01 08:28:00.236,car_ID_80,car,Regen-Potsdam->Regen-Berlin,True
2026-08-01 08:33:07.356,bicycle_ID_1,bicycle,Regen-Potsdam (kein Wechsel),False
2026-08-01 08:33:08.120,person_ID_13,person,Regen-Potsdam (kein Wechsel),False
2026-08-01 08:33:12.622,bicycle_ID_2,bicycle,Regen-Berlin (kein Wechsel),False
2026-08-01 08:33:12.855,person_ID_14,person,Regen-Potsdam->Regen-Berlin,True
2026-08-01 08:35:49.495,car_ID_81,car,Regen-Potsdam->Regen-Berlin,True
2026-08-01 08:38:05.210,person_ID_15,person,Regen-Potsdam (kein Wechsel),False
2026-08-01 08:38:14.973,person_ID_16,person,Regen-Potsdam (kein Wechsel),False
2026-08-01 08:38:28.745,person_ID_17,person,Regen-Potsdam (kein Wechsel),False
2026-08-01 08:38:30.507,person_ID_19,person,Regen-Potsdam (kein Wechsel),False
2026-08-01 08:38:38.507,person_ID_18,person,Regen-Potsdam (kein Wechsel),False
2026-08-01 08:39:03.810,car_ID_82,car,Regen-Potsdam->Regen-Berlin,True
2026-08-01 08:39:16.709,car_ID_83,car,Regen-Potsdam->Regen-Berlin,True
2026-08-01 08:40:10.350,car_ID_84,car,Regen-Berlin (kein Wechsel),False
2026-08-01 08:40:10.817,truck_ID_22,truck,Regen-Berlin (kein Wechsel),False
2026-08-01 08:40:10.886,truck_ID_21,truck,Regen-Berlin (kein Wechsel),False
2026-08-01 08:40:11.821,bus_ID_17,bus,Regen-Berlin (kein Wechsel),False
2026-08-01 08:40:12.712,bus_ID_16,bus,Regen-Berlin->Regen-Potsdam,True
2026-08-01 08:40:14.612,bus_ID_18,bus,Regen-Berlin->Regen-Potsdam,True
2026-08-01 08:42:08.325,car_ID_85,car,Regen-Berlin->Regen-Potsdam,True
2026-08-01 08:43:03.390,car_ID_86,car,Regen-Berlin (kein Wechsel),False
2026-08-01 08:43:03.988,truck_ID_23,truck,Regen-Berlin (kein Wechsel),False
2026-08-01 08:43:13.561,car_ID_88,car,Regen-Berlin (kein Wechsel),False
2026-08-01 08:43:13.592,car_ID_87,car,Regen-Berlin (kein Wechsel),False
2026-08-01 08:43:14.256,truck_ID_25,truck,Regen-Berlin (kein Wechsel),False
2026-08-01 08:43:16.492,truck_ID_24,truck,Regen-Berlin->Regen-Potsdam,True
2026-08-01 08:44:53.061,car_ID_89,car,Regen-Berlin->Regen-Potsdam,True
2026-08-01 08:44:53.796,car_ID_90,car,Regen-Potsdam (kein Wechsel),False
2026-08-01 08:45:07.401,truck_ID_26,truck,Regen-Potsdam (kein Wechsel),False
2026-08-01 08:45:11.630,bus_ID_19,bus,Regen-Potsdam->Regen-Berlin,True
2026-08-01 08:45:11.766,car_ID_91,car,Regen-Berlin (kein Wechsel),False
2026-08-01 08:47:02.871,car_ID_92,car,Regen-Berlin->Regen-Potsdam,True
2026-08-01 08:47:03.003,car_ID_93,car,Regen-Potsdam (kein Wechsel),False
2026-08-01 08:47:10.871,car_ID_94,car,Regen-Berlin (kein Wechsel),False
2026-08-01 08:47:45.240,car_ID_95,car,Regen-Potsdam->Regen-Berlin,True
2026-08-01 08:48:22.775,car_ID_96,car,Regen-Berlin->Regen-Potsdam,True
2026-08-01 08:48:27.143,car_ID_97,car,Regen-Berlin->Regen-Potsdam,True
2026-08-01 08:49:01.509,car_ID_98,car,Regen-Berlin->Regen-Potsdam,True
2026-08-01 08:49:03.877,car_ID_99,car,Regen-Berlin->Regen-Potsdam,True
2026-08-01 08:49:04.044,car_ID_100,car,Regen-Potsdam (kein Wechsel),False
2026-08-01 08:49:50.583,car_ID_101,car,Regen-Potsdam->Regen-Berlin,True
2026-08-01 08:49:56.047,bicycle_ID_3,bicycle,Regen-Potsdam (kein Wechsel),False
2026-08-01 08:49:58.951,person_ID_20,person,Regen-Berlin (kein Wechsel),False
2026-08-01 08:49:59.118,bicycle_ID_4,bicycle,Regen-Potsdam->Regen-Berlin,True
2026-08-01 08:49:59.382,motorcycle_ID_2,motorcycle,Regen-Berlin (kein Wechsel),False
2026-08-01 08:50:00.418,bicycle_ID_5,bicycle,Regen-Berlin (kein Wechsel),False
2026-08-01 08:50:00.918,bicycle_ID_6,bicycle,Regen-Berlin (kein Wechsel),False
2026-08-01 08:50:00.983,person_ID_21,person,Regen-Berlin (kein Wechsel),False
2026-08-01 08:50:37.049,car_ID_102,car,Regen-Berlin->Regen-Potsdam,True
2026-08-01 08:50:54.953,car_ID_104,car,Regen-Berlin (kein Wechsel),False
2026-08-01 08:50:55.154,car_ID_103,car,Regen-Berlin->Regen-Potsdam,True
2026-08-01 08:53:36.261,person_ID_22,person,Regen-Berlin (kein Wechsel),False
2026-08-01 08:53:41.494,car_ID_105,car,Regen-Potsdam->Regen-Berlin,True
2026-08-01 08:53:49.863,person_ID_23,person,Regen-Berlin->Regen-Potsdam,True
2026-08-01 08:53:55.395,car_ID_106,car,Regen-Berlin (kein Wechsel),False
2026-08-01 08:56:09.069,car_ID_107,car,Regen-Berlin->Regen-Potsdam,True
2026-08-01 08:56:09.169,truck_ID_28,truck,Regen-Potsdam (kein Wechsel),False
2026-08-01 08:56:09.609,truck_ID_27,truck,Regen-Berlin->Regen-Potsdam,True
2026-08-01 08:56:09.673,car_ID_108,car,Regen-Berlin->Regen-Potsdam,True
2026-08-01 08:56:10.408,car_ID_110,car,Regen-Potsdam (kein Wechsel),False
2026-08-01 08:56:12.205,car_ID_109,car,Regen-Berlin->Regen-Potsdam,True
2026-08-01 08:56:14.338,car_ID_111,car,Regen-Berlin->Regen-Potsdam,True
2026-08-01 08:56:15.644,car_ID_112,car,Regen-Potsdam (kein Wechsel),False
2026-08-01 08:57:56.347,car_ID_113,car,Regen-Berlin (kein Wechsel),False
2026-08-01 08:57:57.377,truck_ID_29,truck,Regen-Berlin (kein Wechsel),False
2026-08-01 08:57:58.378,bus_ID_20,bus,Regen-Berlin (kein Wechsel),False
2026-08-01 08:58:00.778,bus_ID_21,bus,Regen-Berlin->Regen-Potsdam,True
2026-08-01 08:58:21.048,bicycle_ID_7,bicycle,Regen-Berlin (kein Wechsel),False
2026-08-01 08:58:21.880,motorcycle_ID_3,motorcycle,Regen-Berlin (kein Wechsel),False
2026-08-01 08:58:22.579,person_ID_24,person,Regen-Berlin (kein Wechsel),False
2026-08-01 08:58:23.943,bicycle_ID_8,bicycle,Regen-Berlin->Regen-Potsdam,True
2026-08-01 08:58:23.943,person_ID_25,person,Regen-Berlin->Regen-Potsdam,True
2026-08-01 08:58:38.915,car_ID_114,car,Regen-Potsdam->Regen-Berlin,True
2026-08-01 08:59:45.716,truck_ID_30,truck,Regen-Potsdam->Regen-Berlin,True
2026-08-01 08:59:45.784,truck_ID_31,truck,Regen-Potsdam->Regen-Berlin,True
2026-08-01 08:59:45.851,car_ID_116,car,Regen-Potsdam->Regen-Berlin,True
2026-08-01 08:59:46.816,car_ID_115,car,Regen-Potsdam->Regen-Berlin,True
2026-08-01 08:59:46.951,car_ID_117,car,Regen-Berlin (kein Wechsel),False
2026-08-01 08:59:53.951,car_ID_119,car,Regen-Berlin (kein Wechsel),False
2026-08-01 08:59:54.551,bus_ID_22,bus,Regen-Berlin (kein Wechsel),False
2026-08-01 08:59:54.716,car_ID_118,car,Regen-Potsdam->Regen-Berlin,True
2026-08-01 09:01:03.155,truck_ID_32,truck,Regen-Berlin (kein Wechsel),False
2026-08-01 09:01:04.555,truck_ID_33,truck,Regen-Berlin (kein Wechsel),False
2026-08-01 09:01:05.356,car_ID_120,car,Regen-Potsdam->Regen-Berlin,True
2026-08-01 09:01:07.655,car_ID_121,car,Regen-Berlin->Regen-Potsdam,True
2026-08-01 09:01:08.555,car_ID_122,car,Regen-Potsdam (kein Wechsel),False
2026-08-01 09:01:27.056,person_ID_26,person,Regen-Berlin->Regen-Potsdam,True
2026-08-01 09:03:48.500,car_ID_123,car,Regen-Berlin->Regen-Potsdam,True
2026-08-01 09:03:51.772,car_ID_124,car,Regen-Berlin->Regen-Potsdam,True
2026-08-01 09:03:55.170,person_ID_27,person,Regen-Potsdam->Regen-Berlin,True
2026-08-01 09:04:00.900,person_ID_28,person,Regen-Berlin (kein Wechsel),False
2026-08-01 09:04:10.367,bus_ID_24,bus,Regen-Berlin (kein Wechsel),False
2026-08-01 09:04:12.767,bus_ID_23,bus,Regen-Potsdam->Regen-Berlin,True
2026-08-01 09:04:13.400,car_ID_125,car,Regen-Berlin (kein Wechsel),False
2026-08-01 09:04:25.443,bicycle_ID_9,bicycle,Regen-Berlin (kein Wechsel),False
2026-08-01 09:04:26.768,person_ID_29,person,Regen-Berlin->Regen-Potsdam,True
2026-08-01 09:04:26.833,bicycle_ID_10,bicycle,Regen-Potsdam (kein Wechsel),False
2026-08-01 09:04:50.234,car_ID_126,car,Regen-Potsdam->Regen-Berlin,True
2026-08-01 09:04:50.635,car_ID_127,car,Regen-Berlin->Regen-Potsdam,True
2026-08-01 09:07:59.180,car_ID_128,car,Regen-Potsdam->Regen-Berlin,True
2026-08-01 09:08:46.456,bicycle_ID_11,bicycle,Regen-Potsdam (kein Wechsel),False
2026-08-01 09:08:47.224,bicycle_ID_12,bicycle,Regen-Potsdam (kein Wechsel),False
2026-08-01 09:08:47.750,bicycle_ID_13,bicycle,Regen-Potsdam (kein Wechsel),False
2026-08-01 09:08:47.817,person_ID_31,person,Regen-Potsdam (kein Wechsel),False
2026-08-01 09:08:50.917,bicycle_ID_14,bicycle,Regen-Potsdam->Regen-Berlin,True
2026-08-01 09:08:51.183,person_ID_30,person,Regen-Potsdam->Regen-Berlin,True
2026-08-01 09:08:51.385,motorcycle_ID_4,motorcycle,Regen-Berlin (kein Wechsel),False
2026-08-01 09:08:52.382,bicycle_ID_15,bicycle,Regen-Berlin (kein Wechsel),False
2026-08-01 09:08:52.585,bicycle_ID_16,bicycle,Regen-Berlin (kein Wechsel),False
2026-08-01 09:08:53.521,motorcycle_ID_5,motorcycle,Regen-Berlin (kein Wechsel),False
2026-08-01 09:09:18.490,motorcycle_ID_6,motorcycle,Regen-Berlin (kein Wechsel),False
2026-08-01 09:09:27.288,person_ID_32,person,Regen-Berlin (kein Wechsel),False
2026-08-01 09:09:28.520,person_ID_33,person,Regen-Berlin (kein Wechsel),False
2026-08-01 09:09:31.623,person_ID_34,person,Regen-Potsdam (kein Wechsel),False
2026-08-01 09:09:34.493,person_ID_35,person,Regen-Potsdam (kein Wechsel),False
2026-08-01 09:09:41.824,person_ID_36,person,Regen-Potsdam (kein Wechsel),False
2026-08-01 09:09:44.226,person_ID_37,person,Regen-Potsdam (kein Wechsel),False
2026-08-01 09:09:46.587,person_ID_38,person,Regen-Potsdam (kein Wechsel),False
2026-08-01 09:10:23.854,car_ID_129,car,Regen-Berlin (kein Wechsel),False
2026-08-01 09:11:05.827,car_ID_130,car,Regen-Berlin->Regen-Potsdam,True
2026-08-01 09:11:18.996,car_ID_131,car,Regen-Berlin (kein Wechsel),False
2026-08-01 09:11:19.925,truck_ID_35,truck,Regen-Berlin (kein Wechsel),False
2026-08-01 09:11:20.894,truck_ID_34,truck,Regen-Berlin->Regen-Potsdam,True
2026-08-01 09:11:25.560,car_ID_132,car,Regen-Berlin->Regen-Potsdam,True
2026-08-01 09:11:41.698,car_ID_133,car,Regen-Berlin->Regen-Potsdam,True
2026-08-01 09:11:42.229,car_ID_134,car,Regen-Potsdam (kein Wechsel),False
2026-08-01 09:12:11.695,car_ID_135,car,Regen-Potsdam->Regen-Berlin,True
2026-08-01 09:13:12.670,car_ID_136,car,Regen-Berlin->Regen-Potsdam,True
2026-08-01 09:16:04.814,car_ID_137,car,Regen-Berlin (kein Wechsel),False
2026-08-01 09:16:41.944,car_ID_138,car,Regen-Potsdam->Regen-Berlin,True
2026-08-01 09:17:25.219,car_ID_139,car,Regen-Berlin->Regen-Potsdam,True
2026-08-01 09:17:26.517,car_ID_140,car,Regen-Potsdam (kein Wechsel),False
2026-08-01 09:17:41.651,car_ID_141,car,Regen-Potsdam->Regen-Berlin,True
2026-08-01 09:18:00.884,car_ID_142,car,Regen-Berlin->Regen-Potsdam,True
2026-08-01 09:18:02.284,car_ID_143,car,Regen-Potsdam (kein Wechsel),False
2026-08-01 09:18:11.252,car_ID_144,car,Regen-Berlin->Regen-Potsdam,True
2026-08-01 09:18:12.452,car_ID_145,car,Regen-Potsdam (kein Wechsel),False
2026-08-01 09:19:18.792,car_ID_146,car,Regen-Berlin->Regen-Potsdam,True
2026-08-01 09:19:47.190,car_ID_147,car,Regen-Berlin (kein Wechsel),False
2026-08-01 09:19:49.990,bus_ID_25,bus,Regen-Berlin->Regen-Potsdam,True
2026-08-01 09:21:19.336,car_ID_148,car,Regen-Berlin->Regen-Potsdam,True
2026-08-01 09:21:20.603,car_ID_149,car,Regen-Potsdam (kein Wechsel),False
2026-08-01 09:22:01.064,car_ID_150,car,Regen-Berlin->Regen-Potsdam,True
2026-08-01 09:22:01.232,car_ID_151,car,Regen-Potsdam (kein Wechsel),False
2026-08-01 09:22:40.577,car_ID_152,car,Regen-Berlin->Regen-Potsdam,True
2026-08-01 09:23:31.205,car_ID_153,car,Regen-Potsdam->Regen-Berlin,True
2026-08-01 09:23:35.277,car_ID_154,car,Regen-Berlin->Regen-Potsdam,True
2026-08-01 09:24:16.006,car_ID_155,car,Regen-Berlin->Regen-Potsdam,True
2026-08-01 09:24:41.443,bus_ID_26,bus,Regen-Potsdam->Regen-Berlin,True
2026-08-01 09:24:41.609,car_ID_156,car,Regen-Berlin (kein Wechsel),False
2026-08-01 09:24:51.209,car_ID_157,car,Regen-Berlin->Regen-Potsdam,True
2026-08-01 09:25:01.578,car_ID_158,car,Regen-Potsdam (kein Wechsel),False
2026-08-01 09:25:01.645,car_ID_159,car,Regen-Potsdam (kein Wechsel),False
2026-08-01 09:25:02.378,truck_ID_37,truck,Regen-Potsdam (kein Wechsel),False
2026-08-01 09:25:03.445,truck_ID_38,truck,Regen-Berlin (kein Wechsel),False
2026-08-01 09:25:03.545,truck_ID_36,truck,Regen-Potsdam->Regen-Berlin,True
2026-08-01 09:25:03.645,bus_ID_27,bus,Regen-Berlin (kein Wechsel),False
2026-08-01 09:25:04.345,car_ID_160,car,Regen-Berlin (kein Wechsel),False
2026-08-01 09:25:30.410,car_ID_161,car,Regen-Potsdam->Regen-Berlin,True
2026-08-01 09:25:33.911,car_ID_162,car,Regen-Berlin->Regen-Potsdam,True
2026-08-01 09:27:41.820,car_ID_163,car,Regen-Potsdam->Regen-Berlin,True
2026-08-01 09:29:22.793,car_ID_164,car,Regen-Berlin->Regen-Potsdam,True
2026-08-01 09:29:40.397,truck_ID_39,truck,Regen-Berlin (kein Wechsel),False
2026-08-01 09:29:40.397,car_ID_165,car,Regen-Berlin (kein Wechsel),False
2026-08-01 09:29:40.663,car_ID_166,car,Regen-Berlin->Regen-Potsdam,True
2026-08-01 09:29:40.997,truck_ID_40,truck,Regen-Berlin->Regen-Potsdam,True
2026-08-01 09:29:42.262,car_ID_167,car,Regen-Potsdam (kein Wechsel),False
2026-08-01 09:29:57.801,car_ID_168,car,Regen-Berlin->Regen-Potsdam,True
2026-08-01 09:30:35.266,car_ID_169,car,Regen-Berlin->Regen-Potsdam,True
2026-08-01 09:31:10.535,car_ID_170,car,Regen-Potsdam (kein Wechsel),False
2026-08-01 09:31:11.669,truck_ID_41,truck,Regen-Potsdam (kein Wechsel),False
2026-08-01 09:31:14.367,truck_ID_42,truck,Regen-Potsdam->Regen-Berlin,True
2026-08-01 09:31:14.467,bus_ID_28,bus,Regen-Berlin (kein Wechsel),False
2026-08-01 09:31:25.871,car_ID_171,car,Regen-Berlin->Regen-Potsdam,True
2026-08-01 09:31:52.902,car_ID_172,car,Regen-Potsdam->Regen-Berlin,True
2026-08-01 09:31:54.469,person_ID_39,person,Regen-Berlin->Regen-Potsdam,True
2026-08-01 09:31:57.076,car_ID_173,car,Regen-Berlin (kein Wechsel),False
2026-08-01 09:32:02.475,person_ID_40,person,Regen-Potsdam (kein Wechsel),False
2026-08-01 09:32:38.775,car_ID_174,car,Regen-Potsdam (kein Wechsel),False
2026-08-01 09:32:41.404,car_ID_175,car,Regen-Potsdam->Regen-Berlin,True
2026-08-01 09:33:01.340,car_ID_176,car,Regen-Potsdam->Regen-Berlin,True
2026-08-01 09:34:03.644,person_ID_41,person,Regen-Potsdam (kein Wechsel),False
2026-08-01 09:34:09.580,person_ID_42,person,Regen-Berlin (kein Wechsel),False
2026-08-01 09:34:11.215,person_ID_43,person,Regen-Berlin (kein Wechsel),False
2026-08-01 09:34:14.045,person_ID_44,person,Regen-Berlin (kein Wechsel),False
2026-08-01 09:34:15.744,person_ID_45,person,Regen-Berlin (kein Wechsel),False
2026-08-01 09:34:16.851,person_ID_46,person,Regen-Berlin (kein Wechsel),False
2026-08-01 09:34:24.178,car_ID_177,car,Regen-Potsdam->Regen-Berlin,True
2026-08-01 09:34:26.212,car_ID_178,car,Regen-Berlin->Regen-Potsdam,True
2026-08-01 09:34:46.214,truck_ID_44,truck,Regen-Berlin (kein Wechsel),False
2026-08-01 09:34:46.314,car_ID_180,car,Regen-Berlin (kein Wechsel),False
2026-08-01 09:34:46.481,car_ID_181,car,Regen-Berlin->Regen-Potsdam,True
2026-08-01 09:34:46.781,truck_ID_43,truck,Regen-Berlin->Regen-Potsdam,True
2026-08-01 09:34:48.047,car_ID_179,car,Regen-Potsdam->Regen-Berlin,True
2026-08-01 09:34:58.021,person_ID_47,person,Regen-Potsdam (kein Wechsel),False
2026-08-01 09:35:01.114,car_ID_182,car,Regen-Potsdam->Regen-Berlin,True
2026-08-01 09:35:05.748,person_ID_48,person,Regen-Potsdam->Regen-Berlin,True
2026-08-01 09:35:06.115,bicycle_ID_17,bicycle,Regen-Berlin (kein Wechsel),False
2026-08-01 09:35:06.582,car_ID_183,car,Regen-Potsdam->Regen-Berlin,True
2026-08-01 09:35:08.447,person_ID_49,person,Regen-Berlin (kein Wechsel),False
2026-08-01 09:35:09.115,person_ID_50,person,Regen-Berlin (kein Wechsel),False
2026-08-01 09:36:26.651,car_ID_184,car,Regen-Potsdam->Regen-Berlin,True
2026-08-01 09:37:11.325,car_ID_186,car,Regen-Berlin (kein Wechsel),False
2026-08-01 09:37:11.325,car_ID_187,car,Regen-Berlin (kein Wechsel),False
2026-08-01 09:37:12.221,car_ID_185,car,Regen-Potsdam->Regen-Berlin,True
2026-08-01 09:37:12.421,truck_ID_45,truck,Regen-Berlin->Regen-Potsdam,True
2026-08-01 09:37:13.457,car_ID_188,car,Regen-Berlin (kein Wechsel),False
2026-08-01 09:37:47.127,motorcycle_ID_7,motorcycle,Regen-Berlin (kein Wechsel),False
2026-08-01 09:37:47.458,person_ID_52,person,Regen-Berlin (kein Wechsel),False
2026-08-01 09:37:47.491,bicycle_ID_19,bicycle,Regen-Berlin (kein Wechsel),False
2026-08-01 09:37:48.191,person_ID_53,person,Regen-Berlin (kein Wechsel),False
2026-08-01 09:37:48.358,bicycle_ID_18,bicycle,Regen-Berlin->Regen-Potsdam,True
2026-08-01 09:37:48.591,person_ID_54,person,Regen-Potsdam (kein Wechsel),False
2026-08-01 09:37:48.758,person_ID_55,person,Regen-Potsdam (kein Wechsel),False
2026-08-01 09:38:00.960,person_ID_51,person,Regen-Berlin->Regen-Potsdam,True
2026-08-01 09:39:28.799,car_ID_190,car,Regen-Berlin (kein Wechsel),False
2026-08-01 09:39:30.864,car_ID_189,car,Regen-Potsdam (kein Wechsel),False
2026-08-01 09:39:31.932,bus_ID_30,bus,Regen-Potsdam->Regen-Berlin,True
2026-08-01 09:39:32.267,bus_ID_29,bus,Regen-Berlin->Regen-Potsdam,True
2026-08-01 09:39:32.496,car_ID_191,car,Regen-Berlin (kein Wechsel),False
2026-08-01 09:39:57.101,car_ID_192,car,Regen-Berlin->Regen-Potsdam,True
2026-08-01 09:40:16.168,car_ID_193,car,Regen-Berlin->Regen-Potsdam,True
2026-08-01 09:40:17.001,car_ID_194,car,Regen-Potsdam (kein Wechsel),False
2026-08-01 09:40:29.966,car_ID_195,car,Regen-Potsdam->Regen-Berlin,True
2026-08-01 09:40:30.940,car_ID_196,car,Regen-Berlin->Regen-Potsdam,True
2026-08-01 09:40:31.367,car_ID_197,car,Regen-Potsdam (kein Wechsel),False
2026-08-01 09:41:06.268,car_ID_198,car,Regen-Potsdam->Regen-Berlin,True
2026-08-01 09:42:15.308,car_ID_199,car,Regen-Potsdam->Regen-Berlin,True
2026-08-01 09:42:24.009,car_ID_200,car,Regen-Berlin->Regen-Potsdam,True
2026-08-01 09:43:22.482,car_ID_201,car,Regen-Potsdam->Regen-Berlin,True
2026-08-01 09:44:04.213,car_ID_202,car,Regen-Potsdam (kein Wechsel),False
2026-08-01 09:44:06.654,bus_ID_31,bus,Regen-Potsdam->Regen-Berlin,True
2026-08-01 09:44:08.684,bus_ID_33,bus,Regen-Berlin (kein Wechsel),False
2026-08-01 09:44:09.582,bus_ID_32,bus,Regen-Potsdam->Regen-Berlin,True
2026-08-01 09:44:09.748,car_ID_203,car,Regen-Berlin (kein Wechsel),False
2026-08-01 09:44:13.854,car_ID_204,car,Regen-Potsdam->Regen-Berlin,True
2026-08-01 09:46:29.624,car_ID_205,car,Regen-Potsdam->Regen-Berlin,True
2026-08-01 09:47:17.694,car_ID_206,car,Regen-Berlin->Regen-Potsdam,True
2026-08-01 09:48:42.998,car_ID_207,car,Regen-Potsdam->Regen-Berlin,True
2026-08-01 09:49:09.068,car_ID_208,car,Regen-Berlin->Regen-Potsdam,True
2026-08-01 09:50:31.772,car_ID_209,car,Regen-Potsdam->Regen-Berlin,True
2026-08-01 09:51:39.282,bicycle_ID_21,bicycle,Regen-Berlin (kein Wechsel),False
2026-08-01 09:51:39.312,bicycle_ID_20,bicycle,Regen-Berlin (kein Wechsel),False
2026-08-01 09:51:39.379,bicycle_ID_22,bicycle,Regen-Berlin (kein Wechsel),False
2026-08-01 09:51:39.809,motorcycle_ID_9,motorcycle,Regen-Berlin->Regen-Potsdam,True
2026-08-01 09:51:40.143,motorcycle_ID_8,motorcycle,Regen-Berlin->Regen-Potsdam,True
2026-08-01 09:51:40.276,person_ID_56,person,Regen-Berlin->Regen-Potsdam,True
2026-08-01 09:52:46.447,truck_ID_46,truck,Regen-Potsdam (kein Wechsel),False
2026-08-01 09:52:46.615,car_ID_211,car,Regen-Berlin->Regen-Potsdam,True
2026-08-01 09:52:48.152,car_ID_210,car,Regen-Berlin->Regen-Potsdam,True
2026-08-01 09:53:12.816,person_ID_57,person,Regen-Berlin->Regen-Potsdam,True
2026-08-01 09:53:15.216,person_ID_58,person,Regen-Potsdam (kein Wechsel),False
2026-08-01 09:53:17.551,person_ID_59,person,Regen-Potsdam (kein Wechsel),False
2026-08-01 09:53:23.449,car_ID_212,car,Regen-Berlin->Regen-Potsdam,True
2026-08-01 09:53:25.216,person_ID_60,person,Regen-Potsdam (kein Wechsel),False
2026-08-01 09:53:31.581,person_ID_61,person,Regen-Potsdam (kein Wechsel),False
2026-08-01 09:53:40.686,car_ID_213,car,Regen-Potsdam (kein Wechsel),False
2026-08-01 09:53:42.917,car_ID_214,car,Regen-Potsdam->Regen-Berlin,True
2026-08-01 09:55:44.491,car_ID_215,car,Regen-Berlin->Regen-Potsdam,True
2026-08-01 09:55:44.825,truck_ID_47,truck,Regen-Berlin->Regen-Potsdam,True
2026-08-01 09:56:17.261,car_ID_216,car,Regen-Berlin->Regen-Potsdam,True
2026-08-01 09:56:17.461,car_ID_217,car,Regen-Potsdam (kein Wechsel),False
2026-08-01 09:57:06.064,car_ID_218,car,Regen-Berlin->Regen-Potsdam,True
2026-08-01 09:58:49.670,bus_ID_34,bus,Regen-Berlin (kein Wechsel),False
2026-08-01 09:58:50.368,truck_ID_48,truck,Regen-Berlin (kein Wechsel),False
2026-08-01 09:58:52.409,bus_ID_35,bus,Regen-Berlin->Regen-Potsdam,True
2026-08-01 09:58:55.070,car_ID_219,car,Regen-Berlin (kein Wechsel),False
2026-08-01 09:58:56.804,truck_ID_49,truck,Regen-Berlin->Regen-Potsdam,True
2026-08-01 09:59:12.004,car_ID_220,car,Regen-Potsdam->Regen-Berlin,True
2026-08-01 09:59:22.070,car_ID_221,car,Regen-Berlin->Regen-Potsdam,True
2026-08-01 09:59:39.739,car_ID_222,car,Regen-Berlin->Regen-Potsdam,True
2026-08-01 09:59:40.640,car_ID_223,car,Regen-Berlin->Regen-Potsdam,True
2026-08-01 10:00:23.543,car_ID_224,car,Regen-Potsdam->Regen-Berlin,True
2026-08-01 10:00:33.778,car_ID_225,car,Regen-Potsdam->Regen-Berlin,True
2026-08-01 10:00:41.142,car_ID_226,car,Regen-Berlin->Regen-Potsdam,True
2026-08-01 10:00:54.446,car_ID_227,car,Regen-Potsdam->Regen-Berlin,True
2026-08-01 10:01:14.543,car_ID_228,car,Regen-Potsdam->Regen-Berlin,True
2026-08-01 10:02:03.817,car_ID_229,car,Regen-Berlin->Regen-Potsdam,True
2026-08-01 10:02:22.919,truck_ID_50,truck,Regen-Potsdam (kein Wechsel),False
2026-08-01 10:02:23.454,car_ID_230,car,Regen-Berlin->Regen-Potsdam,True
2026-08-01 10:02:23.519,car_ID_231,car,Regen-Potsdam (kein Wechsel),False
2026-08-01 10:02:24.552,car_ID_232,car,Regen-Potsdam (kein Wechsel),False
2026-08-01 10:02:39.285,car_ID_233,car,Regen-Potsdam->Regen-Berlin,True
2026-08-01 10:02:41.616,car_ID_234,car,Regen-Potsdam->Regen-Berlin,True
2026-08-01 10:03:15.217,car_ID_235,car,Regen-Berlin->Regen-Potsdam,True
2026-08-01 10:03:42.620,car_ID_236,car,Regen-Potsdam->Regen-Berlin,True
2026-08-01 10:03:43.687,person_ID_63,person,Regen-Berlin (kein Wechsel),False
2026-08-01 10:03:46.793,person_ID_62,person,Regen-Berlin (kein Wechsel),False
2026-08-01 10:03:47.464,person_ID_65,person,Regen-Potsdam (kein Wechsel),False
2026-08-01 10:03:48.557,person_ID_64,person,Regen-Berlin->Regen-Potsdam,True
2026-08-01 10:04:03.524,car_ID_237,car,Regen-Berlin (kein Wechsel),False
2026-08-01 10:04:23.660,car_ID_238,car,Regen-Berlin->Regen-Potsdam,True
2026-08-01 10:04:50.758,truck_ID_51,truck,Regen-Potsdam (kein Wechsel),False
2026-08-01 10:04:50.990,bus_ID_36,bus,Regen-Potsdam (kein Wechsel),False
2026-08-01 10:04:51.158,truck_ID_52,truck,Regen-Potsdam (kein Wechsel),False
2026-08-01 10:04:52.626,bus_ID_37,bus,Regen-Potsdam->Regen-Berlin,True
2026-08-01 10:04:53.659,bus_ID_39,bus,Regen-Berlin (kein Wechsel),False
2026-08-01 10:04:55.063,bus_ID_38,bus,Regen-Potsdam->Regen-Berlin,True
2026-08-01 10:04:55.264,car_ID_239,car,Regen-Berlin (kein Wechsel),False
2026-08-01 10:05:05.460,car_ID_241,car,Regen-Berlin (kein Wechsel),False
2026-08-01 10:05:05.826,car_ID_240,car,Regen-Berlin (kein Wechsel),False
2026-08-01 10:05:06.159,truck_ID_54,truck,Regen-Berlin->Regen-Potsdam,True
2026-08-01 10:05:06.527,truck_ID_53,truck,Regen-Berlin->Regen-Potsdam,True
2026-08-01 10:08:05.336,car_ID_242,car,Regen-Berlin->Regen-Potsdam,True
2026-08-01 10:08:07.037,car_ID_243,car,Regen-Berlin->Regen-Potsdam,True
2026-08-01 10:08:08.339,car_ID_244,car,Regen-Potsdam (kein Wechsel),False
2026-08-01 10:08:23.637,car_ID_245,car,Regen-Berlin->Regen-Potsdam,True
2026-08-01 10:08:37.973,car_ID_246,car,Regen-Berlin->Regen-Potsdam,True
2026-08-01 10:08:39.637,car_ID_247,car,Regen-Potsdam (kein Wechsel),False
2026-08-01 10:10:15.211,car_ID_248,car,Regen-Potsdam->Regen-Berlin,True
2026-08-01 10:10:33.614,car_ID_249,car,Regen-Berlin->Regen-Potsdam,True
2026-08-01 10:10:50.147,car_ID_250,car,Regen-Potsdam->Regen-Berlin,True
2026-08-01 10:10:53.384,car_ID_251,car,Regen-Potsdam->Regen-Berlin,True
2026-08-01 10:11:28.482,car_ID_252,car,Regen-Berlin->Regen-Potsdam,True
2026-08-01 10:11:29.181,car_ID_253,car,Regen-Potsdam (kein Wechsel),False
2026-08-01 10:12:07.223,car_ID_254,car,Regen-Berlin->Regen-Potsdam,True
2026-08-01 10:12:08.884,car_ID_255,car,Regen-Berlin->Regen-Potsdam,True
2026-08-01 10:12:09.753,car_ID_256,car,Regen-Potsdam (kein Wechsel),False
2026-08-01 10:13:07.890,car_ID_257,car,Regen-Potsdam->Regen-Berlin,True
2026-08-01 10:14:24.063,car_ID_258,car,Regen-Berlin->Regen-Potsdam,True
2026-08-01 10:14:24.794,car_ID_259,car,Regen-Potsdam (kein Wechsel),False
2026-08-01 10:14:36.530,car_ID_260,car,Regen-Potsdam (kein Wechsel),False
2026-08-01 10:14:39.863,car_ID_261,car,Regen-Potsdam->Regen-Berlin,True
2026-08-01 10:14:50.296,car_ID_262,car,Regen-Potsdam->Regen-Berlin,True
2026-08-01 10:14:54.029,car_ID_263,car,Regen-Berlin->Regen-Potsdam,True
2026-08-01 10:15:09.265,car_ID_264,car,Regen-Potsdam->Regen-Berlin,True
2026-08-01 10:16:02.700,car_ID_265,car,Regen-Berlin->Regen-Potsdam,True
2026-08-01 10:16:03.503,car_ID_266,car,Regen-Potsdam (kein Wechsel),False
2026-08-01 10:16:38.304,car_ID_267,car,Regen-Potsdam->Regen-Berlin,True
2026-08-01 10:17:56.373,car_ID_268,car,Regen-Potsdam->Regen-Berlin,True
2026-08-01 10:18:50.111,car_ID_269,car,Regen-Potsdam->Regen-Berlin,True
2026-08-01 10:18:55.416,bus_ID_40,bus,Regen-Berlin->Regen-Potsdam,True
2026-08-01 10:20:12.515,car_ID_270,car,Regen-Potsdam->Regen-Berlin,True
2026-08-01 10:20:27.552,car_ID_271,car,Regen-Potsdam->Regen-Berlin,True
2026-08-01 10:20:48.349,car_ID_272,car,Regen-Potsdam->Regen-Berlin,True
2026-08-01 10:21:37.655,car_ID_273,car,Regen-Potsdam->Regen-Berlin,True
2026-08-01 10:22:02.289,car_ID_274,car,Regen-Potsdam->Regen-Berlin,True
2026-08-01 10:22:19.989,person_ID_66,person,Regen-Potsdam (kein Wechsel),False
2026-08-01 10:22:21.157,car_ID_275,car,Regen-Berlin->Regen-Potsdam,True
2026-08-01 10:22:22.121,car_ID_276,car,Regen-Potsdam (kein Wechsel),False
2026-08-01 10:22:33.057,person_ID_68,person,Regen-Berlin (kein Wechsel),False
2026-08-01 10:22:41.758,person_ID_67,person,Regen-Potsdam->Regen-Berlin,True
2026-08-01 10:22:43.758,person_ID_69,person,Regen-Berlin->Regen-Potsdam,True
2026-08-01 10:22:46.126,person_ID_70,person,Regen-Berlin (kein Wechsel),False
2026-08-01 10:22:47.062,person_ID_71,person,Regen-Potsdam (kein Wechsel),False
2026-08-01 10:23:51.204,car_ID_277,car,Regen-Potsdam->Regen-Berlin,True
2026-08-01 10:24:08.834,truck_ID_55,truck,Regen-Potsdam->Regen-Berlin,True
2026-08-01 10:24:08.869,truck_ID_56,truck,Regen-Potsdam->Regen-Berlin,True
2026-08-01 10:24:10.364,car_ID_279,car,Regen-Potsdam->Regen-Berlin,True
2026-08-01 10:24:10.432,bus_ID_41,bus,Regen-Berlin (kein Wechsel),False
2026-08-01 10:24:11.164,car_ID_278,car,Regen-Potsdam->Regen-Berlin,True
2026-08-01 10:24:11.230,car_ID_280,car,Regen-Berlin->Regen-Potsdam,True
2026-08-01 10:24:12.030,car_ID_281,car,Regen-Potsdam (kein Wechsel),False
2026-08-01 10:24:48.465,person_ID_72,person,Regen-Potsdam->Regen-Berlin,True
2026-08-01 10:24:52.265,car_ID_282,car,Regen-Potsdam->Regen-Berlin,True
2026-08-01 10:24:54.733,car_ID_284,car,Regen-Potsdam (kein Wechsel),False
2026-08-01 10:24:55.167,truck_ID_57,truck,Regen-Potsdam (kein Wechsel),False
2026-08-01 10:24:55.665,car_ID_283,car,Regen-Potsdam->Regen-Berlin,True
2026-08-01 10:24:59.069,bus_ID_42,bus,Regen-Potsdam->Regen-Berlin,True
2026-08-01 10:24:59.333,car_ID_285,car,Regen-Berlin (kein Wechsel),False
2026-08-01 10:26:14.737,car_ID_286,car,Regen-Berlin->Regen-Potsdam,True
2026-08-01 10:26:35.206,car_ID_287,car,Regen-Potsdam->Regen-Berlin,True
2026-08-01 10:26:44.606,car_ID_288,car,Regen-Berlin->Regen-Potsdam,True
2026-08-01 10:27:00.843,car_ID_289,car,Regen-Potsdam (kein Wechsel),False
2026-08-01 10:27:03.876,bus_ID_43,bus,Regen-Berlin (kein Wechsel),False
2026-08-01 10:27:04.111,car_ID_290,car,Regen-Potsdam->Regen-Berlin,True
2026-08-01 10:27:26.708,person_ID_73,person,Regen-Potsdam (kein Wechsel),False
2026-08-01 10:27:29.211,person_ID_74,person,Regen-Potsdam (kein Wechsel),False
2026-08-01 10:27:31.279,person_ID_75,person,Regen-Potsdam (kein Wechsel),False
2026-08-01 10:27:41.209,car_ID_291,car,Regen-Berlin->Regen-Potsdam,True
2026-08-01 10:27:41.445,car_ID_293,car,Regen-Potsdam (kein Wechsel),False
2026-08-01 10:27:42.310,car_ID_294,car,Regen-Berlin (kein Wechsel),False
2026-08-01 10:27:43.677,car_ID_292,car,Regen-Potsdam->Regen-Berlin,True
2026-08-01 10:27:47.945,person_ID_76,person,Regen-Potsdam->Regen-Berlin,True
2026-08-01 10:27:52.009,car_ID_295,car,Regen-Berlin->Regen-Potsdam,True
2026-08-01 10:27:52.610,car_ID_296,car,Regen-Potsdam (kein Wechsel),False
2026-08-01 10:27:53.709,person_ID_77,person,Regen-Berlin (kein Wechsel),False
2026-08-01 10:29:09.519,car_ID_298,car,Regen-Potsdam (kein Wechsel),False
2026-08-01 10:29:09.552,truck_ID_59,truck,Regen-Potsdam (kein Wechsel),False
2026-08-01 10:29:09.552,car_ID_297,car,Regen-Berlin->Regen-Potsdam,True
2026-08-01 10:29:09.820,truck_ID_58,truck,Regen-Berlin->Regen-Potsdam,True
2026-08-01 10:29:52.783,person_ID_78,person,Regen-Berlin->Regen-Potsdam,True
2026-08-01 10:30:09.219,car_ID_299,car,Regen-Berlin->Regen-Potsdam,True
2026-08-01 10:30:38.557,car_ID_300,car,Regen-Berlin->Regen-Potsdam,True
2026-08-01 10:30:39.657,car_ID_301,car,Regen-Potsdam (kein Wechsel),False
2026-08-01 10:31:40.629,car_ID_302,car,Regen-Potsdam->Regen-Berlin,True
2026-08-01 10:31:47.762,car_ID_303,car,Regen-Berlin->Regen-Potsdam,True
2026-08-01 10:31:55.296,car_ID_304,car,Regen-Berlin->Regen-Potsdam,True
2026-08-01 10:32:06.861,bus_ID_45,bus,Regen-Potsdam->Regen-Berlin,True
2026-08-01 10:32:07.197,truck_ID_60,truck,Regen-Berlin (kein Wechsel),False
2026-08-01 10:32:07.666,car_ID_305,car,Regen-Potsdam->Regen-Berlin,True
2026-08-01 10:32:08.459,bus_ID_44,bus,Regen-Potsdam->Regen-Berlin,True
2026-08-01 10:32:08.659,car_ID_306,car,Regen-Potsdam->Regen-Berlin,True
2026-08-01 10:32:46.460,car_ID_307,car,Regen-Potsdam->Regen-Berlin,True
2026-08-01 10:33:00.865,car_ID_308,car,Regen-Berlin->Regen-Potsdam,True
2026-08-01 10:33:02.128,car_ID_309,car,Regen-Potsdam (kein Wechsel),False
2026-08-01 10:33:04.761,car_ID_310,car,Regen-Berlin->Regen-Potsdam,True
2026-08-01 10:33:12.730,car_ID_311,car,Regen-Berlin->Regen-Potsdam,True
2026-08-01 10:33:14.130,car_ID_312,car,Regen-Potsdam (kein Wechsel),False
2026-08-01 10:33:46.566,car_ID_313,car,Regen-Berlin->Regen-Potsdam,True
2026-08-01 10:34:02.467,car_ID_315,car,Regen-Berlin->Regen-Potsdam,True
2026-08-01 10:34:03.731,car_ID_314,car,Regen-Potsdam->Regen-Berlin,True
2026-08-01 10:34:49.169,person_ID_79,person,Regen-Berlin (kein Wechsel),False
2026-08-01 10:34:50.102,person_ID_80,person,Regen-Berlin (kein Wechsel),False
2026-08-01 10:34:51.838,person_ID_81,person,Regen-Berlin (kein Wechsel),False
2026-08-01 10:35:02.072,person_ID_82,person,Regen-Berlin->Regen-Potsdam,True
2026-08-01 10:35:02.902,person_ID_83,person,Regen-Potsdam (kein Wechsel),False
2026-08-01 10:35:03.337,person_ID_84,person,Regen-Potsdam (kein Wechsel),False
2026-08-01 10:35:13.838,car_ID_316,car,Regen-Potsdam->Regen-Berlin,True
2026-08-01 10:35:32.404,car_ID_317,car,Regen-Potsdam->Regen-Berlin,True
2026-08-01 10:35:35.573,car_ID_318,car,Regen-Berlin->Regen-Potsdam,True
2026-08-01 10:36:01.173,bicycle_ID_23,bicycle,Regen-Berlin (kein Wechsel),False
2026-08-01 10:36:01.240,person_ID_85,person,Regen-Berlin (kein Wechsel),False
2026-08-01 10:36:01.305,motorcycle_ID_10,motorcycle,Regen-Berlin (kein Wechsel),False
2026-08-01 10:36:03.710,person_ID_86,person,Regen-Berlin->Regen-Potsdam,True
2026-08-01 10:36:04.041,bicycle_ID_24,bicycle,Regen-Berlin->Regen-Potsdam,True
2026-08-01 10:36:09.876,car_ID_319,car,Regen-Berlin->Regen-Potsdam,True
2026-08-01 10:36:10.341,car_ID_320,car,Regen-Potsdam (kein Wechsel),False
2026-08-01 10:36:25.706,car_ID_321,car,Regen-Berlin (kein Wechsel),False
2026-08-01 10:36:26.207,truck_ID_61,truck,Regen-Berlin->Regen-Potsdam,True
2026-08-01 10:36:26.243,car_ID_322,car,Regen-Berlin->Regen-Potsdam,True
2026-08-01 10:36:26.276,car_ID_323,car,Regen-Potsdam (kein Wechsel),False
2026-08-01 10:37:07.343,car_ID_324,car,Regen-Potsdam->Regen-Berlin,True
2026-08-01 10:37:14.609,car_ID_325,car,Regen-Berlin->Regen-Potsdam,True
2026-08-01 10:37:26.210,truck_ID_62,truck,Regen-Potsdam->Regen-Berlin,True
2026-08-01 10:37:27.010,truck_ID_63,truck,Regen-Potsdam->Regen-Berlin,True
2026-08-01 10:37:27.110,car_ID_326,car,Regen-Potsdam->Regen-Berlin,True
2026-08-01 10:37:27.577,bus_ID_46,bus,Regen-Berlin (kein Wechsel),False
2026-08-01 10:37:27.810,car_ID_327,car,Regen-Potsdam->Regen-Berlin,True
2026-08-01 10:37:32.313,car_ID_328,car,Regen-Berlin->Regen-Potsdam,True
2026-08-01 10:38:12.850,car_ID_329,car,Regen-Berlin->Regen-Potsdam,True
2026-08-01 10:38:13.083,car_ID_330,car,Regen-Potsdam (kein Wechsel),False
2026-08-01 10:38:41.384,car_ID_331,car,Regen-Berlin->Regen-Potsdam,True
2026-08-01 10:38:58.121,bicycle_ID_25,bicycle,Regen-Potsdam (kein Wechsel),False
2026-08-01 10:39:00.951,bicycle_ID_27,bicycle,Regen-Potsdam (kein Wechsel),False
2026-08-01 10:39:02.918,motorcycle_ID_11,motorcycle,Regen-Berlin (kein Wechsel),False
2026-08-01 10:39:04.418,bicycle_ID_26,bicycle,Regen-Potsdam->Regen-Berlin,True
2026-08-01 10:39:05.625,car_ID_332,car,Regen-Berlin (kein Wechsel),False
2026-08-01 10:39:08.018,car_ID_333,car,Regen-Berlin->Regen-Potsdam,True
2026-08-01 10:39:10.585,car_ID_334,car,Regen-Berlin->Regen-Potsdam,True
2026-08-01 10:39:18.522,car_ID_335,car,Regen-Berlin (kein Wechsel),False
2026-08-01 10:39:18.854,truck_ID_65,truck,Regen-Berlin (kein Wechsel),False
2026-08-01 10:39:18.954,truck_ID_64,truck,Regen-Berlin (kein Wechsel),False
2026-08-01 10:39:19.422,bus_ID_48,bus,Regen-Berlin (kein Wechsel),False
2026-08-01 10:39:21.586,bus_ID_49,bus,Regen-Berlin->Regen-Potsdam,True
2026-08-01 10:39:22.819,bus_ID_47,bus,Regen-Berlin->Regen-Potsdam,True
2026-08-01 10:39:40.655,car_ID_336,car,Regen-Berlin->Regen-Potsdam,True
2026-08-01 10:39:40.891,car_ID_337,car,Regen-Potsdam (kein Wechsel),False
2026-08-01 10:39:41.921,car_ID_338,car,Regen-Potsdam (kein Wechsel),False
2026-08-01 10:40:53.297,motorcycle_ID_12,motorcycle,Regen-Berlin (kein Wechsel),False
2026-08-01 10:40:53.327,motorcycle_ID_13,motorcycle,Regen-Berlin (kein Wechsel),False
2026-08-01 10:40:54.891,person_ID_87,person,Regen-Berlin (kein Wechsel),False
2026-08-01 10:40:56.392,bicycle_ID_28,bicycle,Regen-Berlin->Regen-Potsdam,True
2026-08-01 10:40:56.793,person_ID_88,person,Regen-Potsdam (kein Wechsel),False
2026-08-01 10:41:08.095,car_ID_339,car,Regen-Berlin->Regen-Potsdam,True
2026-08-01 10:41:14.792,car_ID_340,car,Regen-Berlin->Regen-Potsdam,True
2026-08-01 10:41:27.396,car_ID_341,car,Regen-Potsdam->Regen-Berlin,True
2026-08-01 10:41:36.099,car_ID_342,car,Regen-Potsdam->Regen-Berlin,True
2026-08-01 10:41:51.362,car_ID_343,car,Regen-Potsdam->Regen-Berlin,True
2026-08-01 10:42:54.669,car_ID_344,car,Regen-Berlin->Regen-Potsdam,True
2026-08-01 10:42:55.540,car_ID_345,car,Regen-Potsdam (kein Wechsel),False
2026-08-01 10:42:58.132,car_ID_346,car,Regen-Berlin->Regen-Potsdam,True
2026-08-01 10:44:08.205,car_ID_347,car,Regen-Potsdam->Regen-Berlin,True
2026-08-01 10:44:47.271,car_ID_348,car,Regen-Berlin->Regen-Potsdam,True
2026-08-01 10:44:49.142,car_ID_349,car,Regen-Potsdam->Regen-Berlin,True
2026-08-01 10:45:19.180,car_ID_350,car,Regen-Potsdam->Regen-Berlin,True
2026-08-01 10:45:28.415,bicycle_ID_29,bicycle,Regen-Potsdam (kein Wechsel),False
2026-08-01 10:45:29.879,bicycle_ID_30,bicycle,Regen-Potsdam (kein Wechsel),False
2026-08-01 10:45:29.944,motorcycle_ID_14,motorcycle,Regen-Potsdam (kein Wechsel),False
2026-08-01 10:45:31.741,motorcycle_ID_15,motorcycle,Regen-Potsdam->Regen-Berlin,True
2026-08-01 10:45:45.809,bus_ID_50,bus,Regen-Potsdam->Regen-Berlin,True
2026-08-01 10:45:45.977,car_ID_351,car,Regen-Berlin (kein Wechsel),False
2026-08-01 10:47:13.217,car_ID_352,car,Regen-Potsdam->Regen-Berlin,True
2026-08-01 10:47:42.850,car_ID_353,car,Regen-Potsdam->Regen-Berlin,True
2026-08-01 10:47:47.652,car_ID_354,car,Regen-Potsdam->Regen-Berlin,True
2026-08-01 10:48:06.784,car_ID_355,car,Regen-Potsdam->Regen-Berlin,True
2026-08-01 10:48:16.117,car_ID_356,car,Regen-Berlin (kein Wechsel),False
2026-08-01 10:48:37.253,car_ID_357,car,Regen-Potsdam->Regen-Berlin,True
2026-08-01 10:48:59.455,car_ID_358,car,Regen-Potsdam->Regen-Berlin,True
2026-08-01 10:49:06.555,car_ID_360,car,Regen-Potsdam (kein Wechsel),False
2026-08-01 10:49:06.622,car_ID_359,car,Regen-Potsdam (kein Wechsel),False
2026-08-01 10:49:08.259,bus_ID_51,bus,Regen-Potsdam->Regen-Berlin,True
2026-08-01 10:49:08.826,bus_ID_52,bus,Regen-Berlin (kein Wechsel),False
2026-08-01 10:49:09.387,truck_ID_67,truck,Regen-Berlin (kein Wechsel),False
2026-08-01 10:49:09.422,truck_ID_66,truck,Regen-Berlin (kein Wechsel),False
2026-08-01 10:49:32.396,truck_ID_68,truck,Regen-Potsdam (kein Wechsel),False
2026-08-01 10:49:32.889,car_ID_361,car,Regen-Potsdam (kein Wechsel),False
2026-08-01 10:49:35.259,truck_ID_70,truck,Regen-Berlin (kein Wechsel),False
2026-08-01 10:49:35.289,car_ID_362,car,Regen-Potsdam->Regen-Berlin,True
2026-08-01 10:49:35.657,truck_ID_69,truck,Regen-Potsdam->Regen-Berlin,True
2026-08-01 10:49:35.824,car_ID_363,car,Regen-Potsdam->Regen-Berlin,True
2026-08-01 10:49:36.290,car_ID_364,car,Regen-Berlin->Regen-Potsdam,True
2026-08-01 10:49:36.956,car_ID_365,car,Regen-Potsdam (kein Wechsel),False
2026-08-01 10:50:56.999,car_ID_366,car,Regen-Berlin->Regen-Potsdam,True
2026-08-01 10:52:11.336,car_ID_367,car,Regen-Potsdam->Regen-Berlin,True
2026-08-01 10:52:38.869,car_ID_368,car,Regen-Potsdam->Regen-Berlin,True
2026-08-01 10:53:26.236,truck_ID_72,truck,Regen-Potsdam (kein Wechsel),False
2026-08-01 10:53:26.504,truck_ID_71,truck,Regen-Potsdam (kein Wechsel),False
2026-08-01 10:53:27.036,car_ID_369,car,Regen-Potsdam (kein Wechsel),False
2026-08-01 10:53:28.675,car_ID_371,car,Regen-Berlin (kein Wechsel),False
2026-08-01 10:53:29.637,bus_ID_53,bus,Regen-Berlin (kein Wechsel),False
2026-08-01 10:53:29.937,car_ID_370,car,Regen-Potsdam->Regen-Berlin,True
2026-08-01 10:53:35.608,car_ID_372,car,Regen-Berlin (kein Wechsel),False
2026-08-01 10:54:39.511,car_ID_373,car,Regen-Potsdam (kein Wechsel),False
2026-08-01 10:54:41.607,car_ID_374,car,Regen-Potsdam->Regen-Berlin,True
2026-08-01 10:54:52.908,car_ID_375,car,Regen-Berlin->Regen-Potsdam,True
2026-08-01 10:54:53.682,car_ID_376,car,Regen-Potsdam (kein Wechsel),False
2026-08-01 10:55:04.313,truck_ID_73,truck,Regen-Potsdam (kein Wechsel),False
2026-08-01 10:55:04.347,car_ID_377,car,Regen-Potsdam (kein Wechsel),False
2026-08-01 10:55:05.378,car_ID_379,car,Regen-Potsdam (kein Wechsel),False
2026-08-01 10:55:05.877,car_ID_378,car,Regen-Berlin->Regen-Potsdam,True
2026-08-01 10:55:07.344,bus_ID_54,bus,Regen-Berlin (kein Wechsel),False
2026-08-01 10:55:07.344,person_ID_90,person,Regen-Potsdam->Regen-Berlin,True
2026-08-01 10:55:07.409,truck_ID_74,truck,Regen-Potsdam->Regen-Berlin,True
2026-08-01 10:55:07.545,person_ID_89,person,Regen-Potsdam->Regen-Berlin,True
2026-08-01 10:55:07.909,bus_ID_55,bus,Regen-Berlin (kein Wechsel),False
2026-08-01 10:55:22.213,car_ID_380,car,Regen-Berlin->Regen-Potsdam,True
2026-08-01 10:55:38.479,bicycle_ID_32,bicycle,Regen-Berlin (kein Wechsel),False
2026-08-01 10:55:39.046,motorcycle_ID_16,motorcycle,Regen-Berlin (kein Wechsel),False
2026-08-01 10:55:39.114,bicycle_ID_33,bicycle,Regen-Berlin (kein Wechsel),False
2026-08-01 10:55:39.346,motorcycle_ID_17,motorcycle,Regen-Potsdam (kein Wechsel),False
2026-08-01 10:55:39.478,bicycle_ID_31,bicycle,Regen-Berlin->Regen-Potsdam,True
2026-08-01 10:55:39.478,person_ID_91,person,Regen-Berlin->Regen-Potsdam,True
2026-08-01 10:55:44.485,car_ID_381,car,Regen-Potsdam->Regen-Berlin,True
2026-08-01 10:55:45.150,car_ID_382,car,Regen-Berlin->Regen-Potsdam,True
2026-08-01 10:55:46.414,car_ID_383,car,Regen-Potsdam (kein Wechsel),False
2026-08-01 10:56:22.748,car_ID_384,car,Regen-Berlin->Regen-Potsdam,True
2026-08-01 10:56:23.750,car_ID_385,car,Regen-Potsdam (kein Wechsel),False
2026-08-01 10:56:31.349,car_ID_386,car,Regen-Berlin->Regen-Potsdam,True
2026-08-01 10:56:41.781,car_ID_387,car,Regen-Berlin->Regen-Potsdam,True
2026-08-01 10:57:12.522,car_ID_388,car,Regen-Berlin->Regen-Potsdam,True
2026-08-01 10:57:33.690,car_ID_389,car,Regen-Berlin->Regen-Potsdam,True
2026-08-01 10:57:33.861,car_ID_390,car,Regen-Potsdam (kein Wechsel),False
2026-08-01 10:57:37.452,car_ID_391,car,Regen-Berlin->Regen-Potsdam,True
2026-08-01 10:57:40.791,car_ID_392,car,Regen-Berlin->Regen-Potsdam,True
2026-08-01 10:57:53.127,car_ID_393,car,Regen-Berlin->Regen-Potsdam,True
2026-08-01 10:57:54.021,car_ID_394,car,Regen-Potsdam (kein Wechsel),False
2026-08-01 10:59:08.328,car_ID_395,car,Regen-Berlin (kein Wechsel),False
2026-08-01 10:59:08.827,truck_ID_76,truck,Regen-Berlin (kein Wechsel),False
2026-08-01 10:59:09.324,bus_ID_57,bus,Regen-Berlin (kein Wechsel),False
2026-08-01 10:59:09.360,truck_ID_75,truck,Regen-Berlin (kein Wechsel),False
2026-08-01 10:59:12.660,bus_ID_56,bus,Regen-Berlin->Regen-Potsdam,True
2026-08-01 10:59:23.929,bicycle_ID_34,bicycle,Regen-Potsdam (kein Wechsel),False
2026-08-01 10:59:24.164,motorcycle_ID_18,motorcycle,Regen-Potsdam (kein Wechsel),False
2026-08-01 10:59:25.693,car_ID_396,car,Regen-Potsdam->Regen-Berlin,True
2026-08-01 10:59:26.761,bicycle_ID_36,bicycle,Regen-Potsdam (kein Wechsel),False
2026-08-01 10:59:26.961,bicycle_ID_35,bicycle,Regen-Potsdam (kein Wechsel),False
2026-08-01 10:59:27.196,bicycle_ID_37,bicycle,Regen-Berlin (kein Wechsel),False
2026-08-01 10:59:27.326,motorcycle_ID_19,motorcycle,Regen-Potsdam->Regen-Berlin,True
2026-08-01 10:59:28.861,motorcycle_ID_20,motorcycle,Regen-Berlin (kein Wechsel),False
2026-08-01 10:59:29.061,bicycle_ID_38,bicycle,Regen-Berlin (kein Wechsel),False
2026-08-01 10:59:30.464,person_ID_92,person,Regen-Potsdam->Regen-Berlin,True
2026-08-01 10:59:30.664,bicycle_ID_39,bicycle,Regen-Berlin (kein Wechsel),False
2026-08-01 11:00:19.164,car_ID_397,car,Regen-Berlin->Regen-Potsdam,True
2026-08-01 11:00:20.098,car_ID_398,car,Regen-Potsdam (kein Wechsel),False
2026-08-01 11:01:30.973,car_ID_399,car,Regen-Berlin->Regen-Potsdam,True
2026-08-01 11:01:32.535,car_ID_400,car,Regen-Potsdam (kein Wechsel),False
2026-08-01 11:02:44.644,truck_ID_78,truck,Regen-Berlin (kein Wechsel),False
2026-08-01 11:02:44.710,truck_ID_77,truck,Regen-Berlin (kein Wechsel),False
2026-08-01 11:02:45.206,car_ID_401,car,Regen-Potsdam->Regen-Berlin,True
2026-08-01 11:02:45.639,bus_ID_58,bus,Regen-Berlin (kein Wechsel),False
2026-08-01 11:02:45.771,car_ID_402,car,Regen-Berlin (kein Wechsel),False
2026-08-01 11:03:21.641,car_ID_403,car,Regen-Berlin->Regen-Potsdam,True
2026-08-01 11:04:12.153,bus_ID_60,bus,Regen-Berlin (kein Wechsel),False
2026-08-01 11:04:15.077,bus_ID_59,bus,Regen-Potsdam->Regen-Berlin,True
2026-08-01 11:04:15.277,car_ID_404,car,Regen-Berlin (kein Wechsel),False
2026-08-01 11:04:19.277,person_ID_93,person,Regen-Potsdam (kein Wechsel),False
2026-08-01 11:04:38.584,person_ID_94,person,Regen-Potsdam->Regen-Berlin,True
2026-08-01 11:04:40.814,car_ID_405,car,Regen-Berlin->Regen-Potsdam,True
2026-08-01 11:04:41.581,car_ID_406,car,Regen-Potsdam (kein Wechsel),False
2026-08-01 11:04:42.546,person_ID_95,person,Regen-Berlin (kein Wechsel),False
2026-08-01 11:04:44.084,person_ID_96,person,Regen-Berlin (kein Wechsel),False
2026-08-01 11:05:07.650,car_ID_407,car,Regen-Berlin->Regen-Potsdam,True
2026-08-01 11:05:11.447,car_ID_408,car,Regen-Berlin->Regen-Potsdam,True
2026-08-01 11:05:11.815,car_ID_409,car,Regen-Potsdam (kein Wechsel),False
2026-08-01 11:05:47.452,car_ID_410,car,Regen-Berlin->Regen-Potsdam,True
2026-08-01 11:05:48.289,car_ID_411,car,Regen-Potsdam (kein Wechsel),False
2026-08-01 11:06:06.717,car_ID_412,car,Regen-Potsdam->Regen-Berlin,True
2026-08-01 11:07:27.757,car_ID_413,car,Regen-Berlin->Regen-Potsdam,True
2026-08-01 11:07:28.589,car_ID_415,car,Regen-Potsdam (kein Wechsel),False
2026-08-01 11:07:28.789,car_ID_414,car,Regen-Potsdam->Regen-Berlin,True
2026-08-01 11:07:41.858,car_ID_416,car,Regen-Potsdam->Regen-Berlin,True
2026-08-01 11:08:55.266,car_ID_417,car,Regen-Berlin (kein Wechsel),False
2026-08-01 11:08:59.462,car_ID_418,car,Regen-Berlin->Regen-Potsdam,True
2026-08-01 11:08:59.694,car_ID_419,car,Regen-Potsdam (kein Wechsel),False
2026-08-01 11:09:01.730,car_ID_420,car,Regen-Berlin->Regen-Potsdam,True
2026-08-01 11:09:02.962,car_ID_421,car,Regen-Potsdam (kein Wechsel),False
2026-08-01 11:09:58.004,bus_ID_61,bus,Regen-Berlin (kein Wechsel),False
2026-08-01 11:09:58.103,car_ID_422,car,Regen-Potsdam->Regen-Berlin,True
2026-08-01 11:11:17.837,car_ID_423,car,Regen-Berlin->Regen-Potsdam,True
2026-08-01 11:11:44.511,car_ID_424,car,Regen-Potsdam->Regen-Berlin,True
2026-08-01 11:12:31.181,truck_ID_79,truck,Regen-Potsdam (kein Wechsel),False
2026-08-01 11:12:31.181,car_ID_426,car,Regen-Potsdam (kein Wechsel),False
2026-08-01 11:12:31.212,car_ID_425,car,Regen-Berlin->Regen-Potsdam,True
2026-08-01 11:12:56.711,car_ID_427,car,Regen-Berlin->Regen-Potsdam,True
2026-08-01 11:13:05.878,car_ID_428,car,Regen-Berlin->Regen-Potsdam,True
2026-08-01 11:13:05.943,bus_ID_62,bus,Regen-Potsdam (kein Wechsel),False
2026-08-01 11:13:19.311,car_ID_429,car,Regen-Berlin->Regen-Potsdam,True
2026-08-01 11:13:59.882,car_ID_430,car,Regen-Potsdam->Regen-Berlin,True
2026-08-01 11:14:09.849,car_ID_431,car,Regen-Berlin->Regen-Potsdam,True
2026-08-01 11:14:09.881,truck_ID_80,truck,Regen-Berlin->Regen-Potsdam,True
2026-08-01 11:14:10.048,truck_ID_81,truck,Regen-Berlin->Regen-Potsdam,True
2026-08-01 11:14:10.149,car_ID_432,car,Regen-Berlin->Regen-Potsdam,True
2026-08-01 11:14:24.321,car_ID_434,car,Regen-Berlin (kein Wechsel),False
2026-08-01 11:14:24.353,car_ID_433,car,Regen-Berlin (kein Wechsel),False
2026-08-01 11:14:24.554,truck_ID_82,truck,Regen-Berlin (kein Wechsel),False
2026-08-01 11:14:25.917,truck_ID_83,truck,Regen-Berlin->Regen-Potsdam,True
2026-08-01 11:14:26.082,car_ID_435,car,Regen-Potsdam (kein Wechsel),False
2026-08-01 11:14:26.382,truck_ID_84,truck,Regen-Potsdam (kein Wechsel),False
2026-08-01 11:14:41.023,car_ID_436,car,Regen-Potsdam->Regen-Berlin,True
2026-08-01 11:15:50.286,car_ID_437,car,Regen-Berlin->Regen-Potsdam,True
2026-08-01 11:16:27.027,car_ID_438,car,Regen-Potsdam->Regen-Berlin,True
2026-08-01 11:16:30.556,car_ID_439,car,Regen-Berlin->Regen-Potsdam,True
2026-08-01 11:16:31.956,car_ID_440,car,Regen-Potsdam->Regen-Berlin,True
2026-08-01 11:16:36.496,car_ID_441,car,Regen-Potsdam (kein Wechsel),False
2026-08-01 11:16:44.057,car_ID_442,car,Regen-Potsdam->Regen-Berlin,True
2026-08-01 11:16:49.528,car_ID_443,car,Regen-Berlin->Regen-Potsdam,True
2026-08-01 11:16:50.528,car_ID_444,car,Regen-Potsdam (kein Wechsel),False
2026-08-01 11:17:42.065,car_ID_445,car,Regen-Potsdam->Regen-Berlin,True
2026-08-01 11:17:49.671,car_ID_446,car,Regen-Berlin->Regen-Potsdam,True
2026-08-01 11:18:03.104,person_ID_97,person,Regen-Berlin (kein Wechsel),False
2026-08-01 11:18:09.972,person_ID_98,person,Regen-Berlin->Regen-Potsdam,True
2026-08-01 11:18:12.036,person_ID_99,person,Regen-Potsdam (kein Wechsel),False
2026-08-01 11:18:14.168,person_ID_100,person,Regen-Potsdam (kein Wechsel),False
2026-08-01 11:18:15.868,person_ID_101,person,Regen-Potsdam (kein Wechsel),False
2026-08-01 11:18:20.397,person_ID_102,person,Regen-Potsdam (kein Wechsel),False
2026-08-01 11:18:22.133,person_ID_103,person,Regen-Potsdam (kein Wechsel),False
2026-08-01 11:18:45.104,bicycle_ID_40,bicycle,Regen-Potsdam (kein Wechsel),False
2026-08-01 11:18:46.935,motorcycle_ID_21,motorcycle,Regen-Potsdam (kein Wechsel),False
2026-08-01 11:18:47.372,motorcycle_ID_22,motorcycle,Regen-Potsdam (kein Wechsel),False
2026-08-01 11:18:47.471,bicycle_ID_43,bicycle,Regen-Potsdam (kein Wechsel),False
2026-08-01 11:18:47.503,bicycle_ID_41,bicycle,Regen-Potsdam (kein Wechsel),False
2026-08-01 11:18:47.667,bicycle_ID_42,bicycle,Regen-Potsdam->Regen-Berlin,True
2026-08-01 11:18:47.867,person_ID_104,person,Regen-Potsdam->Regen-Berlin,True
2026-08-01 11:18:48.070,motorcycle_ID_24,motorcycle,Regen-Berlin (kein Wechsel),False
2026-08-01 11:18:48.432,bicycle_ID_44,bicycle,Regen-Berlin (kein Wechsel),False
2026-08-01 11:18:48.468,motorcycle_ID_23,motorcycle,Regen-Berlin (kein Wechsel),False
2026-08-01 11:18:49.366,motorcycle_ID_25,motorcycle,Regen-Berlin (kein Wechsel),False
2026-08-01 11:18:49.899,bicycle_ID_45,bicycle,Regen-Berlin (kein Wechsel),False
2026-08-01 11:18:50.166,person_ID_105,person,Regen-Berlin (kein Wechsel),False
2026-08-01 11:19:03.703,car_ID_447,car,Regen-Berlin (kein Wechsel),False
2026-08-01 11:19:06.802,bus_ID_63,bus,Regen-Berlin->Regen-Potsdam,True
2026-08-01 11:19:07.433,bus_ID_64,bus,Regen-Potsdam (kein Wechsel),False
2026-08-01 11:19:07.732,car_ID_448,car,Regen-Berlin (kein Wechsel),False
2026-08-01 11:19:18.436,truck_ID_85,truck,Regen-Berlin (kein Wechsel),False
2026-08-01 11:19:18.471,car_ID_450,car,Regen-Berlin (kein Wechsel),False
2026-08-01 11:19:18.571,car_ID_449,car,Regen-Berlin (kein Wechsel),False
2026-08-01 11:19:20.668,truck_ID_86,truck,Regen-Berlin->Regen-Potsdam,True
2026-08-01 11:19:53.338,car_ID_451,car,Regen-Potsdam->Regen-Berlin,True
2026-08-01 11:20:10.141,car_ID_452,car,Regen-Berlin->Regen-Potsdam,True
2026-08-01 11:20:41.041,car_ID_453,car,Regen-Berlin->Regen-Potsdam,True
2026-08-01 11:20:43.608,car_ID_454,car,Regen-Berlin->Regen-Potsdam,True
2026-08-01 11:21:48.011,person_ID_106,person,Regen-Berlin (kein Wechsel),False
2026-08-01 11:22:09.609,car_ID_455,car,Regen-Potsdam->Regen-Berlin,True
2026-08-01 11:22:12.909,car_ID_456,car,Regen-Potsdam->Regen-Berlin,True
2026-08-01 11:22:29.346,car_ID_458,car,Regen-Berlin (kein Wechsel),False
2026-08-01 11:22:30.383,car_ID_457,car,Regen-Berlin->Regen-Potsdam,True
2026-08-01 11:22:30.917,car_ID_459,car,Regen-Potsdam (kein Wechsel),False
2026-08-01 11:22:31.117,car_ID_460,car,Regen-Berlin (kein Wechsel),False
2026-08-01 11:22:50.547,car_ID_461,car,Regen-Potsdam->Regen-Berlin,True
2026-08-01 11:23:05.485,car_ID_462,car,Regen-Potsdam->Regen-Berlin,True
2026-08-01 11:23:32.152,car_ID_463,car,Regen-Berlin->Regen-Potsdam,True
2026-08-01 11:23:33.152,car_ID_464,car,Regen-Potsdam (kein Wechsel),False
2026-08-01 11:23:56.819,car_ID_465,car,Regen-Potsdam->Regen-Berlin,True
2026-08-01 11:23:57.351,car_ID_466,car,Regen-Berlin (kein Wechsel),False
2026-08-01 11:24:13.489,car_ID_467,car,Regen-Potsdam (kein Wechsel),False
2026-08-01 11:24:16.019,bus_ID_65,bus,Regen-Potsdam->Regen-Berlin,True
2026-08-01 11:24:18.120,bus_ID_66,bus,Regen-Potsdam->Regen-Berlin,True
2026-08-01 11:24:18.287,car_ID_468,car,Regen-Berlin (kein Wechsel),False
2026-08-01 11:24:32.125,truck_ID_88,truck,Regen-Potsdam (kein Wechsel),False
2026-08-01 11:24:32.156,car_ID_470,car,Regen-Potsdam (kein Wechsel),False
2026-08-01 11:24:32.721,car_ID_469,car,Regen-Potsdam (kein Wechsel),False
2026-08-01 11:24:34.087,truck_ID_87,truck,Regen-Potsdam->Regen-Berlin,True
2026-08-01 11:24:34.187,truck_ID_89,truck,Regen-Berlin (kein Wechsel),False
2026-08-01 11:24:34.387,car_ID_471,car,Regen-Berlin (kein Wechsel),False
2026-08-01 11:24:34.588,bus_ID_67,bus,Regen-Berlin (kein Wechsel),False
2026-08-01 11:24:41.957,person_ID_107,person,Regen-Potsdam (kein Wechsel),False
2026-08-01 11:24:45.424,person_ID_108,person,Regen-Potsdam (kein Wechsel),False
2026-08-01 11:25:02.357,bus_ID_69,bus,Regen-Berlin (kein Wechsel),False
2026-08-01 11:25:02.557,bus_ID_68,bus,Regen-Berlin (kein Wechsel),False
2026-08-01 11:25:02.722,car_ID_472,car,Regen-Potsdam->Regen-Berlin,True
2026-08-01 11:25:06.925,car_ID_473,car,Regen-Berlin->Regen-Potsdam,True
2026-08-01 11:25:07.993,person_ID_109,person,Regen-Potsdam->Regen-Berlin,True
2026-08-01 11:25:09.857,person_ID_110,person,Regen-Berlin (kein Wechsel),False
2026-08-01 11:25:55.427,car_ID_474,car,Regen-Berlin (kein Wechsel),False
2026-08-01 11:26:31.698,car_ID_475,car,Regen-Berlin (kein Wechsel),False
2026-08-01 11:26:33.533,truck_ID_90,truck,Regen-Berlin->Regen-Potsdam,True
2026-08-01 11:26:36.294,car_ID_476,car,Regen-Berlin->Regen-Potsdam,True
2026-08-01 11:26:37.529,car_ID_477,car,Regen-Potsdam (kein Wechsel),False
2026-08-01 11:26:49.330,car_ID_478,car,Regen-Potsdam->Regen-Berlin,True
2026-08-01 11:27:30.138,car_ID_480,car,Regen-Berlin (kein Wechsel),False
2026-08-01 11:27:30.199,truck_ID_91,truck,Regen-Berlin (kein Wechsel),False
2026-08-01 11:27:30.397,car_ID_479,car,Regen-Berlin->Regen-Potsdam,True
2026-08-01 11:27:30.532,truck_ID_92,truck,Regen-Potsdam (kein Wechsel),False
2026-08-01 11:27:30.565,car_ID_481,car,Regen-Berlin->Regen-Potsdam,True
2026-08-01 11:27:56.267,car_ID_482,car,Regen-Potsdam->Regen-Berlin,True
2026-08-01 11:27:56.398,car_ID_483,car,Regen-Berlin->Regen-Potsdam,True
2026-08-01 11:27:57.733,car_ID_484,car,Regen-Potsdam (kein Wechsel),False
2026-08-01 11:28:02.367,car_ID_485,car,Regen-Berlin->Regen-Potsdam,True
2026-08-01 11:28:12.134,car_ID_486,car,Regen-Berlin->Regen-Potsdam,True
2026-08-01 11:28:36.309,bicycle_ID_46,bicycle,Regen-Potsdam (kein Wechsel),False
2026-08-01 11:28:37.736,bicycle_ID_47,bicycle,Regen-Potsdam (kein Wechsel),False
2026-08-01 11:28:38.069,person_ID_111,person,Regen-Potsdam (kein Wechsel),False
2026-08-01 11:28:38.969,car_ID_487,car,Regen-Potsdam->Regen-Berlin,True
2026-08-01 11:28:39.203,motorcycle_ID_26,motorcycle,Regen-Potsdam (kein Wechsel),False
2026-08-01 11:28:39.505,bicycle_ID_48,bicycle,Regen-Potsdam (kein Wechsel),False
2026-08-01 11:28:42.007,motorcycle_ID_27,motorcycle,Regen-Berlin (kein Wechsel),False
2026-08-01 11:28:44.369,person_ID_112,person,Regen-Potsdam->Regen-Berlin,True
2026-08-01 11:28:46.003,person_ID_113,person,Regen-Potsdam (kein Wechsel),False
2026-08-01 11:28:48.436,person_ID_114,person,Regen-Potsdam (kein Wechsel),False
2026-08-01 11:28:51.710,person_ID_115,person,Regen-Potsdam (kein Wechsel),False
2026-08-01 11:28:54.336,person_ID_116,person,Regen-Potsdam (kein Wechsel),False
2026-08-01 11:28:56.169,person_ID_117,person,Regen-Potsdam (kein Wechsel),False
2026-08-01 11:28:58.510,person_ID_118,person,Regen-Potsdam (kein Wechsel),False
2026-08-01 11:29:01.570,person_ID_119,person,Regen-Potsdam->Regen-Berlin,True
2026-08-01 11:29:04.304,person_ID_120,person,Regen-Berlin (kein Wechsel),False
2026-08-01 11:29:07.411,car_ID_489,car,Regen-Potsdam (kein Wechsel),False
2026-08-01 11:29:07.544,person_ID_121,person,Regen-Berlin (kein Wechsel),False
2026-08-01 11:29:09.205,car_ID_488,car,Regen-Potsdam->Regen-Berlin,True
2026-08-01 11:29:19.005,car_ID_490,car,Regen-Berlin (kein Wechsel),False
2026-08-01 11:29:19.238,truck_ID_94,truck,Regen-Berlin->Regen-Potsdam,True
2026-08-01 11:29:19.270,truck_ID_93,truck,Regen-Berlin->Regen-Potsdam,True
2026-08-01 11:29:19.670,car_ID_491,car,Regen-Potsdam (kein Wechsel),False
2026-08-01 11:30:48.610,car_ID_492,car,Regen-Potsdam->Regen-Berlin,True
2026-08-01 11:30:56.943,car_ID_493,car,Regen-Berlin->Regen-Potsdam,True
2026-08-01 11:32:01.850,car_ID_494,car,Regen-Potsdam->Regen-Berlin,True
2026-08-01 11:32:17.815,person_ID_122,person,Regen-Potsdam (kein Wechsel),False
2026-08-01 11:32:19.086,person_ID_123,person,Regen-Potsdam (kein Wechsel),False
2026-08-01 11:32:25.354,person_ID_124,person,Regen-Berlin (kein Wechsel),False
2026-08-01 11:32:26.583,person_ID_125,person,Regen-Berlin (kein Wechsel),False
2026-08-01 11:32:27.015,person_ID_126,person,Regen-Berlin (kein Wechsel),False
2026-08-01 11:32:29.050,bicycle_ID_49,bicycle,Regen-Berlin (kein Wechsel),False
2026-08-01 11:32:31.788,person_ID_127,person,Regen-Berlin (kein Wechsel),False
2026-08-01 11:32:36.951,car_ID_495,car,Regen-Potsdam->Regen-Berlin,True
2026-08-01 11:32:44.284,car_ID_496,car,Regen-Potsdam (kein Wechsel),False
2026-08-01 11:32:47.317,car_ID_497,car,Regen-Potsdam->Regen-Berlin,True
2026-08-01 11:33:10.355,car_ID_498,car,Regen-Potsdam->Regen-Berlin,True
2026-08-01 11:33:46.462,car_ID_499,car,Regen-Berlin->Regen-Potsdam,True
2026-08-01 11:33:51.792,car_ID_500,car,Regen-Berlin->Regen-Potsdam,True
2026-08-01 11:35:08.030,car_ID_501,car,Regen-Potsdam->Regen-Berlin,True
2026-08-01 11:35:46.928,car_ID_502,car,Regen-Berlin->Regen-Potsdam,True
2026-08-01 11:36:13.862,car_ID_503,car,Regen-Berlin->Regen-Potsdam,True
2026-08-01 11:36:29.998,car_ID_504,car,Regen-Potsdam->Regen-Berlin,True
2026-08-01 11:36:30.530,car_ID_505,car,Regen-Potsdam (kein Wechsel),False
2026-08-01 11:36:32.762,car_ID_506,car,Regen-Potsdam->Regen-Berlin,True
2026-08-01 11:36:34.234,car_ID_507,car,Regen-Berlin->Regen-Potsdam,True
2026-08-01 11:37:37.802,car_ID_508,car,Regen-Berlin->Regen-Potsdam,True
2026-08-01 11:38:16.179,person_ID_129,person,Regen-Potsdam (kein Wechsel),False
2026-08-01 11:38:19.506,person_ID_130,person,Regen-Potsdam (kein Wechsel),False
2026-08-01 11:38:21.804,bicycle_ID_50,bicycle,Regen-Berlin->Regen-Potsdam,True
2026-08-01 11:38:22.971,person_ID_131,person,Regen-Berlin->Regen-Potsdam,True
2026-08-01 11:38:30.372,person_ID_128,person,Regen-Potsdam->Regen-Berlin,True
2026-08-01 11:38:35.376,person_ID_133,person,Regen-Berlin (kein Wechsel),False
2026-08-01 11:38:37.108,person_ID_132,person,Regen-Berlin (kein Wechsel),False
2026-08-01 11:38:37.276,person_ID_134,person,Regen-Berlin (kein Wechsel),False
2026-08-01 11:38:48.676,car_ID_509,car,Regen-Potsdam (kein Wechsel),False
2026-08-01 11:38:51.142,car_ID_510,car,Regen-Potsdam->Regen-Berlin,True
2026-08-01 11:39:04.006,car_ID_511,car,Regen-Berlin->Regen-Potsdam,True
2026-08-01 11:39:05.880,car_ID_512,car,Regen-Berlin->Regen-Potsdam,True
2026-08-01 11:39:23.442,car_ID_513,car,Regen-Berlin (kein Wechsel),False
2026-08-01 11:39:23.842,truck_ID_95,truck,Regen-Berlin (kein Wechsel),False
2026-08-01 11:39:26.510,truck_ID_96,truck,Regen-Potsdam (kein Wechsel),False
2026-08-01 11:39:26.680,bus_ID_70,bus,Regen-Berlin->Regen-Potsdam,True
2026-08-01 11:39:29.643,car_ID_514,car,Regen-Berlin->Regen-Potsdam,True
2026-08-01 11:39:43.011,car_ID_515,car,Regen-Berlin->Regen-Potsdam,True
2026-08-01 11:41:04.114,car_ID_516,car,Regen-Potsdam->Regen-Berlin,True
2026-08-01 11:41:18.722,car_ID_517,car,Regen-Berlin->Regen-Potsdam,True
2026-08-01 11:41:44.081,car_ID_518,car,Regen-Potsdam->Regen-Berlin,True
2026-08-01 11:41:59.718,car_ID_519,car,Regen-Potsdam->Regen-Berlin,True
2026-08-01 11:42:19.686,car_ID_520,car,Regen-Berlin->Regen-Potsdam,True
2026-08-01 11:42:30.492,person_ID_135,person,Regen-Berlin->Regen-Potsdam,True
2026-08-01 11:42:34.190,car_ID_521,car,Regen-Potsdam->Regen-Berlin,True
2026-08-01 11:42:45.825,person_ID_136,person,Regen-Berlin->Regen-Potsdam,True
2026-08-01 11:42:59.754,car_ID_522,car,Regen-Berlin (kein Wechsel),False
2026-08-01 11:43:20.061,person_ID_137,person,Regen-Potsdam->Regen-Berlin,True
2026-08-01 11:43:21.854,person_ID_138,person,Regen-Potsdam->Regen-Berlin,True
2026-08-01 11:43:43.891,person_ID_139,person,Regen-Berlin->Regen-Potsdam,True
2026-08-01 11:43:44.259,bicycle_ID_51,bicycle,Regen-Berlin->Regen-Potsdam,True
2026-08-01 11:43:57.492,bus_ID_71,bus,Regen-Potsdam (kein Wechsel),False
2026-08-01 11:44:01.324,bus_ID_72,bus,Regen-Potsdam->Regen-Berlin,True
2026-08-01 11:44:01.928,car_ID_523,car,Regen-Berlin (kein Wechsel),False
2026-08-01 11:44:31.729,bicycle_ID_53,bicycle,Regen-Berlin (kein Wechsel),False
2026-08-01 11:44:32.993,person_ID_140,person,Regen-Berlin->Regen-Potsdam,True
2026-08-01 11:44:33.427,bicycle_ID_52,bicycle,Regen-Berlin->Regen-Potsdam,True
2026-08-01 11:44:48.130,car_ID_524,car,Regen-Berlin->Regen-Potsdam,True
2026-08-01 11:44:58.630,car_ID_525,car,Regen-Potsdam (kein Wechsel),False
2026-08-01 11:45:05.365,car_ID_526,car,Regen-Potsdam (kein Wechsel),False
2026-08-01 11:45:19.032,car_ID_527,car,Regen-Potsdam->Regen-Berlin,True
2026-08-01 11:45:26.231,motorcycle_ID_28,motorcycle,Regen-Berlin (kein Wechsel),False
2026-08-01 11:45:27.164,person_ID_141,person,Regen-Berlin (kein Wechsel),False
2026-08-01 11:45:27.231,bicycle_ID_55,bicycle,Regen-Berlin (kein Wechsel),False
2026-08-01 11:45:27.896,bicycle_ID_54,bicycle,Regen-Berlin->Regen-Potsdam,True
2026-08-01 11:45:28.032,person_ID_142,person,Regen-Berlin->Regen-Potsdam,True
2026-08-01 11:45:28.531,bicycle_ID_56,bicycle,Regen-Potsdam (kein Wechsel),False
2026-08-01 11:45:28.531,person_ID_143,person,Regen-Potsdam (kein Wechsel),False
2026-08-01 11:45:45.067,car_ID_528,car,Regen-Berlin->Regen-Potsdam,True
2026-08-01 11:45:46.232,car_ID_529,car,Regen-Potsdam (kein Wechsel),False
2026-08-01 11:47:25.237,car_ID_530,car,Regen-Potsdam->Regen-Berlin,True
2026-08-01 11:47:36.274,car_ID_531,car,Regen-Berlin->Regen-Potsdam,True
2026-08-01 11:47:37.306,car_ID_532,car,Regen-Potsdam (kein Wechsel),False
2026-08-01 11:47:57.241,car_ID_533,car,Regen-Potsdam->Regen-Berlin,True
2026-08-01 11:48:28.113,car_ID_534,car,Regen-Potsdam->Regen-Berlin,True
2026-08-01 11:48:32.372,car_ID_535,car,Regen-Potsdam->Regen-Berlin,True
2026-08-01 11:49:26.975,car_ID_536,car,Regen-Berlin->Regen-Potsdam,True
2026-08-01 11:49:55.816,car_ID_537,car,Regen-Berlin->Regen-Potsdam,True
2026-08-01 11:50:10.581,car_ID_538,car,Regen-Potsdam->Regen-Berlin,True
2026-08-01 11:50:33.783,car_ID_540,car,Regen-Berlin (kein Wechsel),False
2026-08-01 11:50:33.950,truck_ID_97,truck,Regen-Berlin (kein Wechsel),False
2026-08-01 11:50:34.685,car_ID_539,car,Regen-Potsdam->Regen-Berlin,True
2026-08-01 11:50:55.451,car_ID_542,car,Regen-Potsdam (kein Wechsel),False
2026-08-01 11:50:57.297,car_ID_541,car,Regen-Potsdam->Regen-Berlin,True
2026-08-01 11:51:17.986,car_ID_543,car,Regen-Potsdam->Regen-Berlin,True
2026-08-01 11:51:32.186,motorcycle_ID_29,motorcycle,Regen-Berlin (kein Wechsel),False
2026-08-01 11:51:32.353,bicycle_ID_57,bicycle,Regen-Berlin (kein Wechsel),False
2026-08-01 11:51:33.454,bicycle_ID_58,bicycle,Regen-Berlin (kein Wechsel),False
2026-08-01 11:51:33.954,motorcycle_ID_30,motorcycle,Regen-Berlin (kein Wechsel),False
2026-08-01 11:51:34.486,motorcycle_ID_31,motorcycle,Regen-Berlin (kein Wechsel),False
2026-08-01 11:51:34.953,motorcycle_ID_32,motorcycle,Regen-Berlin (kein Wechsel),False
2026-08-01 11:51:35.253,bicycle_ID_59,bicycle,Regen-Berlin->Regen-Potsdam,True
2026-08-01 11:51:35.685,person_ID_144,person,Regen-Berlin->Regen-Potsdam,True
2026-08-01 11:51:38.418,person_ID_145,person,Regen-Potsdam (kein Wechsel),False
2026-08-01 11:51:56.754,car_ID_544,car,Regen-Berlin->Regen-Potsdam,True
2026-08-01 11:52:07.491,bicycle_ID_60,bicycle,Regen-Potsdam (kein Wechsel),False
2026-08-01 11:52:07.957,motorcycle_ID_33,motorcycle,Regen-Potsdam (kein Wechsel),False
2026-08-01 11:52:09.458,person_ID_146,person,Regen-Potsdam (kein Wechsel),False
2026-08-01 11:52:10.423,bicycle_ID_62,bicycle,Regen-Potsdam (kein Wechsel),False
2026-08-01 11:52:10.556,bicycle_ID_63,bicycle,Regen-Potsdam (kein Wechsel),False
2026-08-01 11:52:10.655,motorcycle_ID_35,motorcycle,Regen-Potsdam (kein Wechsel),False
2026-08-01 11:52:10.687,motorcycle_ID_34,motorcycle,Regen-Potsdam (kein Wechsel),False
2026-08-01 11:52:11.789,bicycle_ID_64,bicycle,Regen-Berlin (kein Wechsel),False
2026-08-01 11:52:12.761,bicycle_ID_61,bicycle,Regen-Potsdam->Regen-Berlin,True
2026-08-01 11:52:13.123,person_ID_147,person,Regen-Potsdam->Regen-Berlin,True
2026-08-01 11:52:13.155,motorcycle_ID_37,motorcycle,Regen-Berlin (kein Wechsel),False
2026-08-01 11:52:13.587,motorcycle_ID_36,motorcycle,Regen-Berlin (kein Wechsel),False
2026-08-01 11:52:14.455,bicycle_ID_65,bicycle,Regen-Berlin (kein Wechsel),False
2026-08-01 11:52:14.787,person_ID_148,person,Regen-Berlin (kein Wechsel),False
2026-08-01 11:52:18.123,car_ID_545,car,Regen-Berlin (kein Wechsel),False
2026-08-01 11:52:18.256,truck_ID_98,truck,Regen-Berlin->Regen-Potsdam,True
2026-08-01 11:52:18.323,car_ID_547,car,Regen-Berlin->Regen-Potsdam,True
2026-08-01 11:52:18.623,truck_ID_99,truck,Regen-Berlin->Regen-Potsdam,True
2026-08-01 11:52:18.723,car_ID_546,car,Regen-Berlin->Regen-Potsdam,True
2026-08-01 11:52:19.888,car_ID_548,car,Regen-Potsdam (kein Wechsel),False
2026-08-01 11:52:24.356,truck_ID_100,truck,Regen-Potsdam (kein Wechsel),False
2026-08-01 11:52:24.356,car_ID_550,car,Regen-Berlin->Regen-Potsdam,True
2026-08-01 11:52:24.488,car_ID_549,car,Regen-Berlin->Regen-Potsdam,True
2026-08-01 11:52:24.889,truck_ID_101,truck,Regen-Potsdam (kein Wechsel),False
2026-08-01 11:52:25.756,car_ID_551,car,Regen-Potsdam (kein Wechsel),False
2026-08-01 11:52:29.331,car_ID_552,car,Regen-Berlin->Regen-Potsdam,True
2026-08-01 11:53:41.660,car_ID_553,car,Regen-Potsdam->Regen-Berlin,True
2026-08-01 11:53:51.292,car_ID_554,car,Regen-Potsdam->Regen-Berlin,True
2026-08-01 11:53:59.129,car_ID_555,car,Regen-Berlin->Regen-Potsdam,True
2026-08-01 11:54:17.534,car_ID_556,car,Regen-Potsdam (kein Wechsel),False
2026-08-01 11:54:19.997,car_ID_557,car,Regen-Potsdam->Regen-Berlin,True
2026-08-01 11:54:31.262,car_ID_558,car,Regen-Berlin->Regen-Potsdam,True
2026-08-01 11:55:02.331,car_ID_559,car,Regen-Berlin->Regen-Potsdam,True
2026-08-01 11:55:02.899,car_ID_560,car,Regen-Potsdam (kein Wechsel),False
2026-08-01 11:55:08.003,car_ID_561,car,Regen-Berlin (kein Wechsel),False
2026-08-01 11:55:20.464,person_ID_149,person,Regen-Potsdam (kein Wechsel),False
2026-08-01 11:55:25.933,car_ID_562,car,Regen-Berlin->Regen-Potsdam,True
2026-08-01 11:55:40.505,person_ID_150,person,Regen-Potsdam->Regen-Berlin,True
2026-08-01 11:55:47.534,car_ID_563,car,Regen-Potsdam->Regen-Berlin,True
2026-08-01 11:56:07.503,car_ID_564,car,Regen-Berlin->Regen-Potsdam,True
2026-08-01 11:56:26.345,car_ID_566,car,Regen-Berlin->Regen-Potsdam,True
2026-08-01 11:56:27.404,person_ID_151,person,Regen-Potsdam (kein Wechsel),False
2026-08-01 11:56:27.503,car_ID_567,car,Regen-Potsdam (kein Wechsel),False
2026-08-01 11:56:29.003,car_ID_568,car,Regen-Potsdam (kein Wechsel),False
2026-08-01 11:56:32.209,car_ID_569,car,Regen-Potsdam (kein Wechsel),False
2026-08-01 11:56:39.672,car_ID_570,car,Regen-Berlin->Regen-Potsdam,True
2026-08-01 11:56:40.804,car_ID_571,car,Regen-Potsdam (kein Wechsel),False
2026-08-01 11:56:40.836,person_ID_152,person,Regen-Potsdam (kein Wechsel),False
2026-08-01 11:56:41.572,person_ID_153,person,Regen-Potsdam (kein Wechsel),False
2026-08-01 11:56:42.037,car_ID_572,car,Regen-Potsdam (kein Wechsel),False
2026-08-01 11:56:59.676,car_ID_573,car,Regen-Potsdam (kein Wechsel),False
2026-08-01 11:56:59.776,person_ID_154,person,Regen-Potsdam (kein Wechsel),False
2026-08-01 11:57:02.576,person_ID_155,person,Regen-Potsdam (kein Wechsel),False
2026-08-01 11:57:06.605,car_ID_574,car,Regen-Berlin->Regen-Potsdam,True
2026-08-01 11:57:07.908,car_ID_575,car,Regen-Potsdam (kein Wechsel),False
2026-08-01 11:57:13.006,car_ID_576,car,Regen-Berlin->Regen-Potsdam,True
2026-08-01 11:57:21.774,car_ID_577,car,Regen-Berlin->Regen-Potsdam,True
2026-08-01 11:57:23.242,car_ID_578,car,Regen-Potsdam (kein Wechsel),False
2026-08-01 11:57:26.407,car_ID_579,car,Regen-Berlin (kein Wechsel),False
2026-08-01 11:57:29.107,car_ID_565,car,Regen-Potsdam->Regen-Berlin,True
2026-08-01 11:58:08.045,bicycle_ID_66,bicycle,Regen-Berlin->Regen-Potsdam,True
2026-08-01 11:58:08.045,person_ID_156,person,Regen-Berlin->Regen-Potsdam,True
2026-08-01 11:58:35.510,car_ID_580,car,Regen-Potsdam->Regen-Berlin,True
2026-08-01 11:58:38.010,car_ID_581,car,Regen-Potsdam->Regen-Berlin,True
2026-08-01 11:58:42.316,car_ID_582,car,Regen-Potsdam->Regen-Berlin,True
2026-08-01 11:58:47.710,car_ID_583,car,Regen-Berlin (kein Wechsel),False
2026-08-01 11:58:47.942,truck_ID_102,truck,Regen-Berlin (kein Wechsel),False
2026-08-01 11:58:51.446,bus_ID_73,bus,Regen-Berlin->Regen-Potsdam,True
2026-08-01 11:58:53.513,car_ID_584,car,Regen-Potsdam (kein Wechsel),False
2026-08-01 11:59:27.185,truck_ID_103,truck,Regen-Berlin (kein Wechsel),False
2026-08-01 11:59:28.219,car_ID_585,car,Regen-Berlin->Regen-Potsdam,True
2026-08-01 11:59:28.481,car_ID_586,car,Regen-Potsdam (kein Wechsel),False
2026-08-01 11:59:32.481,car_ID_587,car,Regen-Berlin->Regen-Potsdam,True
2026-08-01 11:59:33.081,car_ID_588,car,Regen-Potsdam (kein Wechsel),False
2026-08-01 11:59:41.285,car_ID_589,car,Regen-Berlin->Regen-Potsdam,True
2026-08-01 12:00:01.551,bus_ID_74,bus,Regen-Berlin (kein Wechsel),False
2026-08-01 12:00:01.851,car_ID_590,car,Regen-Potsdam->Regen-Berlin,True
2026-08-01 12:00:04.686,car_ID_591,car,Regen-Potsdam->Regen-Berlin,True
2026-08-01 12:00:15.586,person_ID_157,person,Regen-Potsdam (kein Wechsel),False
2026-08-01 12:00:18.783,person_ID_158,person,Regen-Potsdam (kein Wechsel),False
2026-08-01 12:00:20.983,person_ID_159,person,Regen-Potsdam (kein Wechsel),False
2026-08-01 12:00:22.018,car_ID_592,car,Regen-Berlin (kein Wechsel),False
2026-08-01 12:00:23.587,person_ID_160,person,Regen-Potsdam (kein Wechsel),False
2026-08-01 12:00:34.151,person_ID_161,person,Regen-Potsdam->Regen-Berlin,True
2026-08-01 12:00:38.589,person_ID_162,person,Regen-Berlin (kein Wechsel),False
2026-08-01 12:00:40.485,motorcycle_ID_39,motorcycle,Regen-Berlin (kein Wechsel),False
2026-08-01 12:00:40.685,motorcycle_ID_38,motorcycle,Regen-Berlin (kein Wechsel),False
2026-08-01 12:00:57.892,car_ID_593,car,Regen-Berlin->Regen-Potsdam,True
2026-08-01 12:00:58.592,car_ID_594,car,Regen-Potsdam (kein Wechsel),False
2026-08-01 12:01:25.555,car_ID_595,car,Regen-Berlin->Regen-Potsdam,True
2026-08-01 12:01:26.722,car_ID_596,car,Regen-Potsdam (kein Wechsel),False
2026-08-01 12:01:41.127,car_ID_597,car,Regen-Berlin->Regen-Potsdam,True
2026-08-01 12:02:03.631,car_ID_598,car,Regen-Berlin->Regen-Potsdam,True
2026-08-01 12:02:16.296,car_ID_599,car,Regen-Potsdam->Regen-Berlin,True
2026-08-01 12:02:31.860,car_ID_600,car,Regen-Potsdam->Regen-Berlin,True
2026-08-01 12:02:35.194,car_ID_601,car,Regen-Berlin->Regen-Potsdam,True
2026-08-01 12:02:51.598,car_ID_603,car,Regen-Berlin (kein Wechsel),False
2026-08-01 12:02:52.801,car_ID_602,car,Regen-Potsdam->Regen-Berlin,True
2026-08-01 12:02:55.494,car_ID_604,car,Regen-Potsdam->Regen-Berlin,True
2026-08-01 12:03:00.530,car_ID_605,car,Regen-Berlin (kein Wechsel),False
2026-08-01 12:03:39.430,bicycle_ID_67,bicycle,Regen-Potsdam (kein Wechsel),False
2026-08-01 12:03:39.630,person_ID_163,person,Regen-Berlin (kein Wechsel),False
2026-08-01 12:03:39.930,bicycle_ID_68,bicycle,Regen-Berlin (kein Wechsel),False
2026-08-01 12:03:40.198,person_ID_164,person,Regen-Berlin (kein Wechsel),False
2026-08-01 12:03:41.496,bicycle_ID_69,bicycle,Regen-Berlin (kein Wechsel),False
2026-08-01 12:03:52.165,car_ID_606,car,Regen-Berlin->Regen-Potsdam,True
2026-08-01 12:04:04.571,truck_ID_104,truck,Regen-Potsdam (kein Wechsel),False
2026-08-01 12:04:05.003,bus_ID_76,bus,Regen-Potsdam (kein Wechsel),False
2026-08-01 12:04:05.571,bus_ID_75,bus,Regen-Potsdam->Regen-Berlin,True
2026-08-01 12:04:08.631,bus_ID_77,bus,Regen-Potsdam->Regen-Berlin,True
2026-08-01 12:04:09.401,car_ID_607,car,Regen-Berlin (kein Wechsel),False
2026-08-01 12:04:14.999,car_ID_608,car,Regen-Berlin->Regen-Potsdam,True
2026-08-01 12:04:15.734,car_ID_609,car,Regen-Potsdam (kein Wechsel),False
2026-08-01 12:04:36.835,car_ID_610,car,Regen-Potsdam->Regen-Berlin,True
2026-08-01 12:05:03.972,car_ID_611,car,Regen-Berlin->Regen-Potsdam,True
2026-08-01 12:05:11.672,car_ID_612,car,Regen-Berlin->Regen-Potsdam,True
2026-08-01 12:05:27.402,bus_ID_78,bus,Regen-Berlin (kein Wechsel),False
2026-08-01 12:05:28.138,car_ID_613,car,Regen-Potsdam->Regen-Berlin,True
2026-08-01 12:05:46.840,truck_ID_105,truck,Regen-Berlin (kein Wechsel),False
2026-08-01 12:05:48.471,car_ID_616,car,Regen-Berlin (kein Wechsel),False
2026-08-01 12:05:49.808,car_ID_615,car,Regen-Berlin->Regen-Potsdam,True
2026-08-01 12:05:49.876,car_ID_614,car,Regen-Potsdam->Regen-Berlin,True
2026-08-01 12:06:54.274,car_ID_617,car,Regen-Potsdam->Regen-Berlin,True
2026-08-01 12:07:04.174,car_ID_618,car,Regen-Berlin->Regen-Potsdam,True
2026-08-01 12:07:19.046,car_ID_619,car,Regen-Potsdam->Regen-Berlin,True
2026-08-01 12:07:50.584,person_ID_166,person,Regen-Berlin (kein Wechsel),False
2026-08-01 12:07:53.314,car_ID_620,car,Regen-Berlin->Regen-Potsdam,True
2026-08-01 12:08:06.014,person_ID_165,person,Regen-Berlin->Regen-Potsdam,True
2026-08-01 12:08:21.450,car_ID_621,car,Regen-Berlin->Regen-Potsdam,True
2026-08-01 12:08:54.149,person_ID_167,person,Regen-Potsdam (kein Wechsel),False
2026-08-01 12:08:54.684,bicycle_ID_72,bicycle,Regen-Potsdam (kein Wechsel),False
2026-08-01 12:08:54.816,bicycle_ID_71,bicycle,Regen-Potsdam (kein Wechsel),False
2026-08-01 12:08:54.948,motorcycle_ID_40,motorcycle,Regen-Potsdam (kein Wechsel),False
2026-08-01 12:08:54.948,person_ID_169,person,Regen-Potsdam (kein Wechsel),False
2026-08-01 12:08:55.253,motorcycle_ID_41,motorcycle,Regen-Potsdam (kein Wechsel),False
2026-08-01 12:08:55.817,bicycle_ID_74,bicycle,Regen-Potsdam (kein Wechsel),False
2026-08-01 12:08:56.017,bicycle_ID_70,bicycle,Regen-Potsdam->Regen-Berlin,True
2026-08-01 12:08:56.384,bicycle_ID_80,bicycle,Regen-Potsdam (kein Wechsel),False
2026-08-01 12:08:56.449,bicycle_ID_73,bicycle,Regen-Potsdam->Regen-Berlin,True
2026-08-01 12:08:56.486,bicycle_ID_79,bicycle,Regen-Potsdam->Regen-Berlin,True
2026-08-01 12:08:56.519,motorcycle_ID_44,motorcycle,Regen-Potsdam (kein Wechsel),False
2026-08-01 12:08:56.684,motorcycle_ID_47,motorcycle,Regen-Berlin (kein Wechsel),False
2026-08-01 12:08:56.717,motorcycle_ID_46,motorcycle,Regen-Potsdam (kein Wechsel),False
2026-08-01 12:08:56.886,person_ID_172,person,Regen-Potsdam (kein Wechsel),False
2026-08-01 12:08:56.950,bicycle_ID_78,bicycle,Regen-Potsdam (kein Wechsel),False
2026-08-01 12:08:56.984,bicycle_ID_77,bicycle,Regen-Potsdam (kein Wechsel),False
2026-08-01 12:08:56.984,person_ID_170,person,Regen-Potsdam (kein Wechsel),False
2026-08-01 12:08:57.150,motorcycle_ID_45,motorcycle,Regen-Potsdam (kein Wechsel),False
2026-08-01 12:08:57.285,motorcycle_ID_48,motorcycle,Regen-Potsdam (kein Wechsel),False
2026-08-01 12:08:57.285,car_ID_622,car,Regen-Berlin->Regen-Potsdam,True
2026-08-01 12:08:57.318,bicycle_ID_75,bicycle,Regen-Potsdam (kein Wechsel),False
2026-08-01 12:08:57.518,bicycle_ID_82,bicycle,Regen-Potsdam->Regen-Berlin,True
2026-08-01 12:08:58.085,motorcycle_ID_53,motorcycle,Regen-Potsdam (kein Wechsel),False
2026-08-01 12:08:58.119,person_ID_168,person,Regen-Potsdam->Regen-Berlin,True
2026-08-01 12:08:58.187,motorcycle_ID_54,motorcycle,Regen-Potsdam (kein Wechsel),False
2026-08-01 12:08:58.222,person_ID_173,person,Regen-Potsdam (kein Wechsel),False
2026-08-01 12:08:58.352,motorcycle_ID_42,motorcycle,Regen-Potsdam->Regen-Berlin,True
2026-08-01 12:08:58.484,bicycle_ID_87,bicycle,Regen-Potsdam (kein Wechsel),False
2026-08-01 12:08:58.517,bicycle_ID_81,bicycle,Regen-Potsdam->Regen-Berlin,True
2026-08-01 12:08:58.517,person_ID_175,person,Regen-Potsdam->Regen-Berlin,True
2026-08-01 12:08:58.550,bicycle_ID_88,bicycle,Regen-Berlin (kein Wechsel),False
2026-08-01 12:08:58.550,person_ID_171,person,Regen-Potsdam->Regen-Berlin,True
2026-08-01 12:08:58.750,bicycle_ID_86,bicycle,Regen-Potsdam (kein Wechsel),False
2026-08-01 12:08:58.790,bicycle_ID_76,bicycle,Regen-Potsdam (kein Wechsel),False
2026-08-01 12:08:58.853,person_ID_178,person,Regen-Berlin (kein Wechsel),False
2026-08-01 12:08:58.986,person_ID_174,person,Regen-Potsdam->Regen-Berlin,True
2026-08-01 12:08:59.088,bicycle_ID_84,bicycle,Regen-Potsdam (kein Wechsel),False
2026-08-01 12:08:59.119,motorcycle_ID_49,motorcycle,Regen-Potsdam->Regen-Berlin,True
2026-08-01 12:08:59.420,bicycle_ID_89,bicycle,Regen-Potsdam (kein Wechsel),False
2026-08-01 12:08:59.420,person_ID_177,person,Regen-Berlin (kein Wechsel),False
2026-08-01 12:08:59.451,motorcycle_ID_55,motorcycle,Regen-Berlin (kein Wechsel),False
2026-08-01 12:08:59.451,motorcycle_ID_59,motorcycle,Regen-Potsdam (kein Wechsel),False
2026-08-01 12:08:59.517,bicycle_ID_85,bicycle,Regen-Potsdam (kein Wechsel),False
2026-08-01 12:08:59.550,person_ID_183,person,Regen-Potsdam (kein Wechsel),False
2026-08-01 12:08:59.750,motorcycle_ID_43,motorcycle,Regen-Berlin (kein Wechsel),False
2026-08-01 12:08:59.750,bicycle_ID_91,bicycle,Regen-Potsdam (kein Wechsel),False
2026-08-01 12:08:59.953,motorcycle_ID_61,motorcycle,Regen-Potsdam (kein Wechsel),False
2026-08-01 12:09:00.018,person_ID_182,person,Regen-Potsdam (kein Wechsel),False
2026-08-01 12:09:00.050,motorcycle_ID_51,motorcycle,Regen-Potsdam->Regen-Berlin,True
2026-08-01 12:09:00.118,person_ID_179,person,Regen-Potsdam (kein Wechsel),False
2026-08-01 12:09:00.118,person_ID_181,person,Regen-Berlin (kein Wechsel),False
2026-08-01 12:09:00.184,motorcycle_ID_50,motorcycle,Regen-Potsdam->Regen-Berlin,True
2026-08-01 12:09:00.217,person_ID_180,person,Regen-Berlin (kein Wechsel),False
2026-08-01 12:09:00.317,person_ID_184,person,Regen-Berlin (kein Wechsel),False
2026-08-01 12:09:00.587,motorcycle_ID_64,motorcycle,Regen-Berlin (kein Wechsel),False
2026-08-01 12:09:00.651,motorcycle_ID_56,motorcycle,Regen-Berlin (kein Wechsel),False
2026-08-01 12:09:00.651,bicycle_ID_90,bicycle,Regen-Potsdam->Regen-Berlin,True
2026-08-01 12:09:00.719,motorcycle_ID_57,motorcycle,Regen-Potsdam->Regen-Berlin,True
2026-08-01 12:09:00.719,bicycle_ID_83,bicycle,Regen-Potsdam (kein Wechsel),False
2026-08-01 12:09:00.719,car_ID_624,car,Regen-Berlin (kein Wechsel),False
2026-08-01 12:09:00.820,bicycle_ID_96,bicycle,Regen-Berlin (kein Wechsel),False
2026-08-01 12:09:00.851,bicycle_ID_94,bicycle,Regen-Berlin (kein Wechsel),False
2026-08-01 12:09:00.851,bicycle_ID_97,bicycle,Regen-Berlin (kein Wechsel),False
2026-08-01 12:09:00.885,motorcycle_ID_65,motorcycle,Regen-Potsdam (kein Wechsel),False
2026-08-01 12:09:00.885,bicycle_ID_95,bicycle,Regen-Potsdam (kein Wechsel),False
2026-08-01 12:09:00.885,person_ID_186,person,Regen-Berlin (kein Wechsel),False
2026-08-01 12:09:00.949,person_ID_189,person,Regen-Potsdam (kein Wechsel),False
2026-08-01 12:09:01.018,bicycle_ID_92,bicycle,Regen-Potsdam (kein Wechsel),False
2026-08-01 12:09:01.054,person_ID_188,person,Regen-Berlin (kein Wechsel),False
2026-08-01 12:09:01.156,motorcycle_ID_67,motorcycle,Regen-Potsdam (kein Wechsel),False
2026-08-01 12:09:01.156,car_ID_623,car,Regen-Berlin (kein Wechsel),False
2026-08-01 12:09:01.320,person_ID_191,person,Regen-Potsdam (kein Wechsel),False
2026-08-01 12:09:01.489,motorcycle_ID_63,motorcycle,Regen-Berlin (kein Wechsel),False
2026-08-01 12:09:01.520,motorcycle_ID_66,motorcycle,Regen-Berlin (kein Wechsel),False
2026-08-01 12:09:01.552,person_ID_192,person,Regen-Berlin (kein Wechsel),False
2026-08-01 12:09:01.620,motorcycle_ID_68,motorcycle,Regen-Potsdam (kein Wechsel),False
2026-08-01 12:09:01.688,bicycle_ID_99,bicycle,Regen-Potsdam (kein Wechsel),False
2026-08-01 12:09:01.819,motorcycle_ID_58,motorcycle,Regen-Potsdam->Regen-Berlin,True
2026-08-01 12:09:01.951,bicycle_ID_98,bicycle,Regen-Potsdam (kein Wechsel),False
2026-08-01 12:09:02.019,bicycle_ID_100,bicycle,Regen-Potsdam->Regen-Berlin,True
2026-08-01 12:09:02.051,motorcycle_ID_69,motorcycle,Regen-Berlin (kein Wechsel),False
2026-08-01 12:09:02.318,motorcycle_ID_52,motorcycle,Regen-Potsdam->Regen-Berlin,True
2026-08-01 12:09:02.486,motorcycle_ID_60,motorcycle,Regen-Potsdam->Regen-Berlin,True
2026-08-01 12:09:02.486,motorcycle_ID_71,motorcycle,Regen-Berlin (kein Wechsel),False
2026-08-01 12:09:02.619,bicycle_ID_103,bicycle,Regen-Berlin (kein Wechsel),False
2026-08-01 12:09:02.986,person_ID_176,person,Regen-Potsdam->Regen-Berlin,True
2026-08-01 12:09:03.018,bicycle_ID_102,bicycle,Regen-Potsdam (kein Wechsel),False
2026-08-01 12:09:03.084,motorcycle_ID_62,motorcycle,Regen-Potsdam->Regen-Berlin,True
2026-08-01 12:09:03.419,bicycle_ID_93,bicycle,Regen-Potsdam (kein Wechsel),False
2026-08-01 12:09:03.487,motorcycle_ID_74,motorcycle,Regen-Potsdam (kein Wechsel),False
2026-08-01 12:09:03.487,person_ID_194,person,Regen-Berlin (kein Wechsel),False
2026-08-01 12:09:03.519,motorcycle_ID_70,motorcycle,Regen-Berlin (kein Wechsel),False
2026-08-01 12:09:03.519,motorcycle_ID_75,motorcycle,Regen-Berlin (kein Wechsel),False
2026-08-01 12:09:03.584,bicycle_ID_101,bicycle,Regen-Berlin (kein Wechsel),False
2026-08-01 12:09:03.584,bicycle_ID_105,bicycle,Regen-Berlin (kein Wechsel),False
2026-08-01 12:09:03.584,person_ID_185,person,Regen-Potsdam->Regen-Berlin,True
2026-08-01 12:09:03.750,motorcycle_ID_72,motorcycle,Regen-Potsdam->Regen-Berlin,True
2026-08-01 12:09:04.017,car_ID_625,car,Regen-Berlin (kein Wechsel),False
2026-08-01 12:09:04.118,bicycle_ID_108,bicycle,Regen-Berlin (kein Wechsel),False
2026-08-01 12:09:04.317,motorcycle_ID_73,motorcycle,Regen-Potsdam->Regen-Berlin,True
2026-08-01 12:09:04.420,bicycle_ID_104,bicycle,Regen-Potsdam->Regen-Berlin,True
2026-08-01 12:09:04.420,bicycle_ID_106,bicycle,Regen-Berlin (kein Wechsel),False
2026-08-01 12:09:04.785,motorcycle_ID_77,motorcycle,Regen-Berlin (kein Wechsel),False
2026-08-01 12:09:04.820,person_ID_190,person,Regen-Potsdam->Regen-Berlin,True
2026-08-01 12:09:05.024,motorcycle_ID_78,motorcycle,Regen-Berlin (kein Wechsel),False
2026-08-01 12:09:05.150,bicycle_ID_109,bicycle,Regen-Berlin (kein Wechsel),False
2026-08-01 12:09:05.249,bicycle_ID_107,bicycle,Regen-Potsdam->Regen-Berlin,True
2026-08-01 12:09:05.853,motorcycle_ID_76,motorcycle,Regen-Berlin (kein Wechsel),False
2026-08-01 12:09:06.153,person_ID_187,person,Regen-Potsdam->Regen-Berlin,True
2026-08-01 12:09:06.753,person_ID_193,person,Regen-Potsdam->Regen-Berlin,True
2026-08-01 12:09:06.788,bicycle_ID_110,bicycle,Regen-Berlin (kein Wechsel),False
2026-08-01 12:09:07.887,car_ID_626,car,Regen-Berlin (kein Wechsel),False
2026-08-01 12:09:26.121,car_ID_627,car,Regen-Berlin->Regen-Potsdam,True
2026-08-01 12:09:39.819,car_ID_628,car,Regen-Berlin->Regen-Potsdam,True
2026-08-01 12:09:59.659,truck_ID_106,truck,Regen-Potsdam (kein Wechsel),False
2026-08-01 12:09:59.859,car_ID_629,car,Regen-Berlin->Regen-Potsdam,True
2026-08-01 12:10:00.189,car_ID_630,car,Regen-Berlin->Regen-Potsdam,True
2026-08-01 12:10:01.287,car_ID_631,car,Regen-Potsdam (kein Wechsel),False
2026-08-01 12:10:21.324,truck_ID_107,truck,Regen-Berlin (kein Wechsel),False
2026-08-01 12:10:21.856,car_ID_633,car,Regen-Berlin (kein Wechsel),False
2026-08-01 12:10:22.988,car_ID_632,car,Regen-Potsdam->Regen-Berlin,True
2026-08-01 12:10:33.422,person_ID_195,person,Regen-Berlin->Regen-Potsdam,True
2026-08-01 12:10:33.689,bicycle_ID_112,bicycle,Regen-Potsdam (kein Wechsel),False
2026-08-01 12:10:33.789,bicycle_ID_111,bicycle,Regen-Berlin->Regen-Potsdam,True
2026-08-01 12:10:35.824,car_ID_634,car,Regen-Potsdam->Regen-Berlin,True
2026-08-01 12:11:04.826,car_ID_635,car,Regen-Potsdam (kein Wechsel),False
2026-08-01 12:11:19.963,car_ID_636,car,Regen-Potsdam (kein Wechsel),False
2026-08-01 12:11:35.331,car_ID_637,car,Regen-Berlin (kein Wechsel),False
2026-08-01 12:11:38.327,car_ID_639,car,Regen-Potsdam (kein Wechsel),False
2026-08-01 12:11:40.627,car_ID_638,car,Regen-Potsdam->Regen-Berlin,True
2026-08-01 12:11:43.160,car_ID_640,car,Regen-Potsdam->Regen-Berlin,True
2026-08-01 12:14:00.367,car_ID_641,car,Regen-Potsdam->Regen-Berlin,True
2026-08-01 12:14:26.940,car_ID_642,car,Regen-Berlin->Regen-Potsdam,True
2026-08-01 12:15:25.079,car_ID_643,car,Regen-Berlin (kein Wechsel),False
2026-08-01 12:15:25.112,car_ID_644,car,Regen-Berlin (kein Wechsel),False
2026-08-01 12:15:25.310,truck_ID_108,truck,Regen-Berlin (kein Wechsel),False
2026-08-01 12:15:26.113,truck_ID_109,truck,Regen-Berlin->Regen-Potsdam,True
2026-08-01 12:15:26.743,car_ID_645,car,Regen-Potsdam (kein Wechsel),False
2026-08-01 12:15:40.275,car_ID_646,car,Regen-Potsdam->Regen-Berlin,True
2026-08-01 12:16:15.442,car_ID_647,car,Regen-Potsdam->Regen-Berlin,True
2026-08-01 12:17:05.016,car_ID_648,car,Regen-Berlin->Regen-Potsdam,True
2026-08-01 12:17:05.551,car_ID_649,car,Regen-Potsdam (kein Wechsel),False
2026-08-01 12:17:27.285,person_ID_196,person,Regen-Berlin (kein Wechsel),False
2026-08-01 12:17:28.986,bicycle_ID_113,bicycle,Regen-Berlin (kein Wechsel),False
2026-08-01 12:17:37.682,person_ID_197,person,Regen-Berlin->Regen-Potsdam,True
2026-08-01 12:17:39.649,person_ID_198,person,Regen-Potsdam (kein Wechsel),False
2026-08-01 12:17:41.382,person_ID_199,person,Regen-Potsdam (kein Wechsel),False
2026-08-01 12:17:43.387,person_ID_200,person,Regen-Potsdam (kein Wechsel),False
2026-08-01 12:18:10.724,car_ID_650,car,Regen-Berlin->Regen-Potsdam,True
2026-08-01 12:18:27.884,car_ID_651,car,Regen-Potsdam (kein Wechsel),False
2026-08-01 12:18:30.188,car_ID_652,car,Regen-Potsdam->Regen-Berlin,True
2026-08-01 12:18:31.488,car_ID_653,car,Regen-Berlin (kein Wechsel),False
2026-08-01 12:18:31.588,truck_ID_110,truck,Regen-Berlin (kein Wechsel),False
2026-08-01 12:18:32.354,bus_ID_79,bus,Regen-Berlin (kein Wechsel),False
2026-08-01 12:18:35.120,bus_ID_80,bus,Regen-Berlin->Regen-Potsdam,True
2026-08-01 12:18:56.657,car_ID_654,car,Regen-Berlin (kein Wechsel),False
2026-08-01 12:18:58.289,car_ID_656,car,Regen-Berlin (kein Wechsel),False
2026-08-01 12:18:58.557,car_ID_655,car,Regen-Berlin (kein Wechsel),False
2026-08-01 12:18:58.924,truck_ID_111,truck,Regen-Berlin->Regen-Potsdam,True
2026-08-01 12:19:13.254,car_ID_658,car,Regen-Berlin->Regen-Potsdam,True
2026-08-01 12:19:13.422,car_ID_657,car,Regen-Potsdam->Regen-Berlin,True
2026-08-01 12:19:25.322,car_ID_659,car,Regen-Berlin->Regen-Potsdam,True
2026-08-01 12:20:07.761,car_ID_660,car,Regen-Potsdam->Regen-Berlin,True
2026-08-01 12:20:30.658,car_ID_661,car,Regen-Berlin->Regen-Potsdam,True
2026-08-01 12:20:31.759,car_ID_663,car,Regen-Potsdam (kein Wechsel),False
2026-08-01 12:20:32.426,car_ID_662,car,Regen-Berlin->Regen-Potsdam,True
2026-08-01 12:20:35.962,car_ID_664,car,Regen-Berlin->Regen-Potsdam,True
2026-08-01 12:20:46.763,person_ID_201,person,Regen-Potsdam (kein Wechsel),False
2026-08-01 12:20:48.132,person_ID_202,person,Regen-Berlin (kein Wechsel),False
2026-08-01 12:20:48.298,motorcycle_ID_79,motorcycle,Regen-Berlin (kein Wechsel),False
2026-08-01 12:20:55.294,car_ID_665,car,Regen-Potsdam->Regen-Berlin,True
2026-08-01 12:21:07.397,car_ID_666,car,Regen-Berlin->Regen-Potsdam,True
2026-08-01 12:21:26.097,car_ID_667,car,Regen-Berlin->Regen-Potsdam,True
2026-08-01 12:21:30.964,car_ID_668,car,Regen-Potsdam->Regen-Berlin,True
2026-08-01 12:21:33.264,car_ID_669,car,Regen-Berlin->Regen-Potsdam,True
2026-08-01 12:21:49.530,car_ID_670,car,Regen-Berlin->Regen-Potsdam,True
2026-08-01 12:21:51.001,car_ID_671,car,Regen-Potsdam (kein Wechsel),False
2026-08-01 12:22:02.967,person_ID_203,person,Regen-Berlin->Regen-Potsdam,True
2026-08-01 12:22:04.099,person_ID_204,person,Regen-Potsdam (kein Wechsel),False
2026-08-01 12:22:05.566,person_ID_205,person,Regen-Potsdam (kein Wechsel),False
2026-08-01 12:22:06.599,person_ID_206,person,Regen-Potsdam (kein Wechsel),False
2026-08-01 12:22:07.299,person_ID_207,person,Regen-Potsdam (kein Wechsel),False
2026-08-01 12:22:07.935,person_ID_208,person,Regen-Potsdam (kein Wechsel),False
2026-08-01 12:22:14.100,person_ID_209,person,Regen-Potsdam->Regen-Berlin,True
2026-08-01 12:22:16.343,person_ID_211,person,Regen-Berlin (kein Wechsel),False
2026-08-01 12:22:20.101,car_ID_672,car,Regen-Berlin->Regen-Potsdam,True
2026-08-01 12:22:20.600,car_ID_673,car,Regen-Potsdam (kein Wechsel),False
2026-08-01 12:22:28.532,person_ID_210,person,Regen-Potsdam->Regen-Berlin,True
2026-08-01 12:22:30.336,person_ID_212,person,Regen-Berlin (kein Wechsel),False
2026-08-01 12:22:46.605,bicycle_ID_114,bicycle,Regen-Potsdam (kein Wechsel),False
2026-08-01 12:22:47.905,person_ID_213,person,Regen-Potsdam->Regen-Berlin,True
2026-08-01 12:22:48.836,person_ID_214,person,Regen-Berlin (kein Wechsel),False
2026-08-01 12:23:40.207,car_ID_674,car,Regen-Potsdam (kein Wechsel),False
2026-08-01 12:23:42.146,car_ID_675,car,Regen-Potsdam->Regen-Berlin,True
2026-08-01 12:23:53.171,car_ID_676,car,Regen-Berlin->Regen-Potsdam,True
2026-08-01 12:23:59.876,bicycle_ID_115,bicycle,Regen-Potsdam (kein Wechsel),False
2026-08-01 12:24:00.109,bicycle_ID_116,bicycle,Regen-Potsdam (kein Wechsel),False
2026-08-01 12:24:01.940,car_ID_677,car,Regen-Potsdam (kein Wechsel),False
2026-08-01 12:24:02.341,car_ID_679,car,Regen-Berlin (kein Wechsel),False
2026-08-01 12:24:02.941,bicycle_ID_117,bicycle,Regen-Potsdam (kein Wechsel),False
2026-08-01 12:24:04.040,car_ID_678,car,Regen-Potsdam->Regen-Berlin,True
2026-08-01 12:24:05.406,person_ID_216,person,Regen-Berlin (kein Wechsel),False
2026-08-01 12:24:05.440,motorcycle_ID_80,motorcycle,Regen-Berlin (kein Wechsel),False
2026-08-01 12:24:05.505,bicycle_ID_120,bicycle,Regen-Berlin (kein Wechsel),False
2026-08-01 12:24:05.606,motorcycle_ID_83,motorcycle,Regen-Berlin (kein Wechsel),False
2026-08-01 12:24:05.777,bicycle_ID_118,bicycle,Regen-Berlin->Regen-Potsdam,True
2026-08-01 12:24:05.947,person_ID_219,person,Regen-Potsdam (kein Wechsel),False
2026-08-01 12:24:06.173,motorcycle_ID_82,motorcycle,Regen-Berlin (kein Wechsel),False
2026-08-01 12:24:06.205,person_ID_218,person,Regen-Berlin (kein Wechsel),False
2026-08-01 12:24:06.510,bicycle_ID_121,bicycle,Regen-Berlin (kein Wechsel),False
2026-08-01 12:24:06.544,motorcycle_ID_81,motorcycle,Regen-Berlin->Regen-Potsdam,True
2026-08-01 12:24:06.640,motorcycle_ID_84,motorcycle,Regen-Potsdam (kein Wechsel),False
2026-08-01 12:24:06.805,motorcycle_ID_85,motorcycle,Regen-Potsdam (kein Wechsel),False
2026-08-01 12:24:06.906,person_ID_217,person,Regen-Berlin->Regen-Potsdam,True
2026-08-01 12:24:07.075,person_ID_215,person,Regen-Potsdam->Regen-Berlin,True
2026-08-01 12:24:07.106,bicycle_ID_119,bicycle,Regen-Berlin->Regen-Potsdam,True
2026-08-01 12:24:07.206,bicycle_ID_122,bicycle,Regen-Potsdam (kein Wechsel),False
2026-08-01 12:24:07.443,bicycle_ID_123,bicycle,Regen-Berlin->Regen-Potsdam,True
2026-08-01 12:24:07.477,person_ID_220,person,Regen-Berlin->Regen-Potsdam,True
2026-08-01 12:24:35.574,truck_ID_112,truck,Regen-Potsdam (kein Wechsel),False
2026-08-01 12:24:35.774,car_ID_681,car,Regen-Potsdam (kein Wechsel),False
2026-08-01 12:24:36.206,car_ID_680,car,Regen-Potsdam (kein Wechsel),False
2026-08-01 12:24:40.007,bus_ID_81,bus,Regen-Potsdam->Regen-Berlin,True
2026-08-01 12:24:40.243,car_ID_682,car,Regen-Berlin (kein Wechsel),False
2026-08-01 12:25:29.749,truck_ID_113,truck,Regen-Potsdam (kein Wechsel),False
2026-08-01 12:25:29.849,car_ID_683,car,Regen-Potsdam (kein Wechsel),False
2026-08-01 12:25:31.044,truck_ID_115,truck,Regen-Berlin (kein Wechsel),False
2026-08-01 12:25:31.344,car_ID_684,car,Regen-Berlin (kein Wechsel),False
2026-08-01 12:25:31.409,truck_ID_114,truck,Regen-Potsdam->Regen-Berlin,True
2026-08-01 12:25:31.544,bus_ID_82,bus,Regen-Berlin (kein Wechsel),False
2026-08-01 12:25:31.709,car_ID_685,car,Regen-Berlin (kein Wechsel),False
2026-08-01 12:25:53.778,truck_ID_117,truck,Regen-Potsdam->Regen-Berlin,True
2026-08-01 12:25:53.978,truck_ID_116,truck,Regen-Potsdam->Regen-Berlin,True
2026-08-01 12:25:54.878,car_ID_687,car,Regen-Potsdam->Regen-Berlin,True
2026-08-01 12:25:55.278,truck_ID_118,truck,Regen-Berlin (kein Wechsel),False
2026-08-01 12:25:55.413,bus_ID_83,bus,Regen-Berlin (kein Wechsel),False
2026-08-01 12:25:56.247,car_ID_686,car,Regen-Potsdam->Regen-Berlin,True
2026-08-01 12:26:29.218,person_ID_221,person,Regen-Berlin (kein Wechsel),False
2026-08-01 12:26:44.884,person_ID_222,person,Regen-Berlin->Regen-Potsdam,True
2026-08-01 12:26:45.383,car_ID_688,car,Regen-Potsdam->Regen-Berlin,True
2026-08-01 12:26:54.917,person_ID_223,person,Regen-Potsdam (kein Wechsel),False
2026-08-01 12:27:07.722,car_ID_689,car,Regen-Berlin->Regen-Potsdam,True
2026-08-01 12:27:08.926,car_ID_690,car,Regen-Potsdam (kein Wechsel),False
2026-08-01 12:27:22.285,car_ID_691,car,Regen-Potsdam->Regen-Berlin,True
2026-08-01 12:27:23.618,bus_ID_84,bus,Regen-Berlin (kein Wechsel),False
2026-08-01 12:27:24.385,car_ID_692,car,Regen-Potsdam->Regen-Berlin,True
2026-08-01 12:28:14.089,car_ID_693,car,Regen-Berlin->Regen-Potsdam,True
2026-08-01 12:28:26.822,car_ID_694,car,Regen-Berlin (kein Wechsel),False
2026-08-01 12:28:27.390,truck_ID_119,truck,Regen-Berlin->Regen-Potsdam,True
2026-08-01 12:28:27.422,truck_ID_120,truck,Regen-Potsdam (kein Wechsel),False
2026-08-01 12:28:27.589,car_ID_695,car,Regen-Berlin->Regen-Potsdam,True
2026-08-01 12:28:28.694,car_ID_696,car,Regen-Potsdam (kein Wechsel),False
2026-08-01 12:29:03.162,car_ID_697,car,Regen-Berlin->Regen-Potsdam,True
2026-08-01 12:29:18.759,car_ID_698,car,Regen-Potsdam->Regen-Berlin,True
2026-08-01 12:29:31.661,car_ID_699,car,Regen-Potsdam->Regen-Berlin,True
2026-08-01 12:29:37.230,car_ID_701,car,Regen-Potsdam (kein Wechsel),False
2026-08-01 12:29:38.360,truck_ID_121,truck,Regen-Berlin (kein Wechsel),False
2026-08-01 12:29:38.626,bus_ID_85,bus,Regen-Berlin (kein Wechsel),False
2026-08-01 12:29:38.860,car_ID_700,car,Regen-Potsdam->Regen-Berlin,True
2026-08-01 12:29:39.024,bus_ID_86,bus,Regen-Berlin (kein Wechsel),False
2026-08-01 12:30:22.730,car_ID_702,car,Regen-Potsdam->Regen-Berlin,True
2026-08-01 12:30:31.330,car_ID_703,car,Regen-Potsdam->Regen-Berlin,True
2026-08-01 12:30:40.496,car_ID_705,car,Regen-Potsdam->Regen-Berlin,True
2026-08-01 12:30:41.196,bus_ID_87,bus,Regen-Berlin (kein Wechsel),False
2026-08-01 12:30:41.566,car_ID_704,car,Regen-Potsdam->Regen-Berlin,True
2026-08-01 12:31:17.101,motorcycle_ID_86,motorcycle,Regen-Berlin (kein Wechsel),False
2026-08-01 12:31:18.973,bicycle_ID_124,bicycle,Regen-Berlin (kein Wechsel),False
2026-08-01 12:31:19.733,bicycle_ID_125,bicycle,Regen-Potsdam (kein Wechsel),False
2026-08-01 12:31:23.834,bicycle_ID_126,bicycle,Regen-Potsdam (kein Wechsel),False
2026-08-01 12:31:24.639,truck_ID_122,truck,Regen-Berlin (kein Wechsel),False
2026-08-01 12:31:25.433,car_ID_707,car,Regen-Berlin->Regen-Potsdam,True
2026-08-01 12:31:25.466,car_ID_706,car,Regen-Berlin->Regen-Potsdam,True
2026-08-01 12:31:25.634,truck_ID_123,truck,Regen-Berlin->Regen-Potsdam,True
2026-08-01 12:31:28.898,car_ID_708,car,Regen-Berlin->Regen-Potsdam,True
2026-08-01 12:31:32.938,person_ID_224,person,Regen-Potsdam->Regen-Berlin,True
2026-08-01 12:31:35.900,person_ID_225,person,Regen-Berlin (kein Wechsel),False
2026-08-01 12:32:11.036,car_ID_709,car,Regen-Potsdam->Regen-Berlin,True
2026-08-01 12:32:27.869,car_ID_710,car,Regen-Potsdam->Regen-Berlin,True
2026-08-01 12:32:35.373,bicycle_ID_127,bicycle,Regen-Potsdam (kein Wechsel),False
2026-08-01 12:32:37.137,person_ID_226,person,Regen-Potsdam (kein Wechsel),False
2026-08-01 12:32:38.204,bicycle_ID_128,bicycle,Regen-Potsdam (kein Wechsel),False
2026-08-01 12:32:38.805,bicycle_ID_129,bicycle,Regen-Berlin (kein Wechsel),False
2026-08-01 12:32:41.138,person_ID_227,person,Regen-Berlin (kein Wechsel),False
2026-08-01 12:32:41.474,truck_ID_125,truck,Regen-Berlin (kein Wechsel),False
2026-08-01 12:32:41.574,truck_ID_124,truck,Regen-Berlin (kein Wechsel),False
2026-08-01 12:32:42.376,car_ID_712,car,Regen-Berlin (kein Wechsel),False
2026-08-01 12:32:42.445,bus_ID_88,bus,Regen-Berlin (kein Wechsel),False
2026-08-01 12:32:43.169,car_ID_711,car,Regen-Potsdam->Regen-Berlin,True
2026-08-01 12:32:47.238,car_ID_714,car,Regen-Potsdam (kein Wechsel),False
2026-08-01 12:32:49.370,car_ID_713,car,Regen-Potsdam->Regen-Berlin,True
2026-08-01 12:33:13.371,car_ID_715,car,Regen-Berlin->Regen-Potsdam,True
2026-08-01 12:33:16.271,person_ID_228,person,Regen-Berlin (kein Wechsel),False
2026-08-01 12:33:17.412,car_ID_716,car,Regen-Berlin (kein Wechsel),False
2026-08-01 12:33:20.013,person_ID_229,person,Regen-Berlin (kein Wechsel),False
2026-08-01 12:33:21.142,motorcycle_ID_87,motorcycle,Regen-Berlin (kein Wechsel),False
2026-08-01 12:33:27.608,car_ID_717,car,Regen-Potsdam->Regen-Berlin,True
2026-08-01 12:33:28.343,person_ID_231,person,Regen-Berlin (kein Wechsel),False
2026-08-01 12:33:33.979,person_ID_230,person,Regen-Berlin->Regen-Potsdam,True
2026-08-01 12:33:35.479,person_ID_232,person,Regen-Potsdam (kein Wechsel),False
2026-08-01 12:33:39.843,person_ID_234,person,Regen-Potsdam (kein Wechsel),False
2026-08-01 12:33:40.912,person_ID_233,person,Regen-Potsdam (kein Wechsel),False
2026-08-01 12:33:42.314,person_ID_235,person,Regen-Potsdam (kein Wechsel),False
2026-08-01 12:33:55.676,car_ID_718,car,Regen-Potsdam->Regen-Berlin,True
2026-08-01 12:34:07.342,car_ID_719,car,Regen-Potsdam->Regen-Berlin,True
2026-08-01 12:34:28.616,car_ID_720,car,Regen-Berlin->Regen-Potsdam,True
2026-08-01 12:34:28.616,car_ID_721,car,Regen-Potsdam (kein Wechsel),False
2026-08-01 12:34:53.916,car_ID_722,car,Regen-Potsdam (kein Wechsel),False
2026-08-01 12:34:55.644,car_ID_723,car,Regen-Potsdam->Regen-Berlin,True
2026-08-01 12:34:55.870,bicycle_ID_130,bicycle,Regen-Potsdam (kein Wechsel),False
2026-08-01 12:34:57.112,bicycle_ID_131,bicycle,Regen-Potsdam (kein Wechsel),False
2026-08-01 12:35:00.080,person_ID_236,person,Regen-Potsdam->Regen-Berlin,True
2026-08-01 12:35:07.217,person_ID_237,person,Regen-Berlin (kein Wechsel),False
2026-08-01 12:35:14.148,car_ID_725,car,Regen-Potsdam (kein Wechsel),False
2026-08-01 12:35:14.213,truck_ID_126,truck,Regen-Potsdam (kein Wechsel),False
2026-08-01 12:35:14.650,car_ID_724,car,Regen-Berlin->Regen-Potsdam,True
2026-08-01 12:35:31.414,car_ID_726,car,Regen-Potsdam->Regen-Berlin,True
2026-08-01 12:35:36.285,person_ID_239,person,Regen-Potsdam (kein Wechsel),False
2026-08-01 12:35:37.717,car_ID_727,car,Regen-Potsdam->Regen-Berlin,True
2026-08-01 12:35:38.514,person_ID_238,person,Regen-Berlin->Regen-Potsdam,True
2026-08-01 12:35:50.483,car_ID_728,car,Regen-Potsdam->Regen-Berlin,True
2026-08-01 12:35:53.515,car_ID_729,car,Regen-Potsdam->Regen-Berlin,True
2026-08-01 12:36:39.121,person_ID_240,person,Regen-Berlin (kein Wechsel),False
2026-08-01 12:36:43.320,car_ID_730,car,Regen-Berlin->Regen-Potsdam,True
2026-08-01 12:36:52.157,person_ID_241,person,Regen-Berlin->Regen-Potsdam,True
2026-08-01 12:36:55.386,car_ID_731,car,Regen-Potsdam->Regen-Berlin,True
2026-08-01 12:37:36.056,motorcycle_ID_88,motorcycle,Regen-Berlin (kein Wechsel),False
2026-08-01 12:37:38.290,person_ID_242,person,Regen-Potsdam->Regen-Berlin,True
2026-08-01 12:38:43.460,car_ID_732,car,Regen-Potsdam->Regen-Berlin,True
2026-08-01 12:38:43.496,truck_ID_127,truck,Regen-Potsdam->Regen-Berlin,True
2026-08-01 12:38:43.927,truck_ID_128,truck,Regen-Potsdam->Regen-Berlin,True
2026-08-01 12:38:44.496,car_ID_733,car,Regen-Potsdam->Regen-Berlin,True
2026-08-01 12:39:05.895,car_ID_734,car,Regen-Berlin->Regen-Potsdam,True
2026-08-01 12:39:15.261,car_ID_735,car,Regen-Berlin->Regen-Potsdam,True
2026-08-01 12:39:28.602,car_ID_736,car,Regen-Berlin->Regen-Potsdam,True
2026-08-01 12:39:53.104,car_ID_737,car,Regen-Berlin (kein Wechsel),False
2026-08-01 12:39:53.834,truck_ID_130,truck,Regen-Berlin (kein Wechsel),False
2026-08-01 12:39:54.266,truck_ID_129,truck,Regen-Berlin (kein Wechsel),False
2026-08-01 12:39:54.833,bus_ID_89,bus,Regen-Berlin (kein Wechsel),False
2026-08-01 12:39:55.500,car_ID_738,car,Regen-Potsdam (kein Wechsel),False
2026-08-01 12:39:57.598,bus_ID_91,bus,Regen-Potsdam (kein Wechsel),False
2026-08-01 12:39:57.698,bus_ID_90,bus,Regen-Berlin->Regen-Potsdam,True
2026-08-01 12:39:59.802,car_ID_739,car,Regen-Potsdam->Regen-Berlin,True
2026-08-01 12:40:04.064,car_ID_740,car,Regen-Berlin->Regen-Potsdam,True
2026-08-01 12:40:04.165,truck_ID_132,truck,Regen-Potsdam (kein Wechsel),False
2026-08-01 12:40:04.198,truck_ID_131,truck,Regen-Berlin->Regen-Potsdam,True
2026-08-01 12:40:05.799,car_ID_741,car,Regen-Berlin->Regen-Potsdam,True
2026-08-01 12:40:36.833,car_ID_742,car,Regen-Potsdam->Regen-Berlin,True
2026-08-01 12:41:20.637,car_ID_743,car,Regen-Berlin->Regen-Potsdam,True
2026-08-01 12:41:28.607,bicycle_ID_133,bicycle,Regen-Berlin (kein Wechsel),False
2026-08-01 12:41:28.739,motorcycle_ID_89,motorcycle,Regen-Berlin (kein Wechsel),False
2026-08-01 12:41:28.940,bicycle_ID_132,bicycle,Regen-Berlin (kein Wechsel),False
2026-08-01 12:41:28.940,person_ID_243,person,Regen-Berlin (kein Wechsel),False
2026-08-01 12:41:29.439,bicycle_ID_134,bicycle,Regen-Berlin (kein Wechsel),False
2026-08-01 12:41:29.472,person_ID_244,person,Regen-Berlin (kein Wechsel),False
2026-08-01 12:41:58.873,car_ID_745,car,Regen-Potsdam (kein Wechsel),False
2026-08-01 12:42:00.409,car_ID_744,car,Regen-Berlin->Regen-Potsdam,True
2026-08-01 12:42:24.278,car_ID_746,car,Regen-Berlin->Regen-Potsdam,True
2026-08-01 12:42:50.375,car_ID_747,car,Regen-Berlin->Regen-Potsdam,True
2026-08-01 12:42:51.342,car_ID_748,car,Regen-Potsdam (kein Wechsel),False
2026-08-01 12:43:38.809,car_ID_749,car,Regen-Potsdam->Regen-Berlin,True
2026-08-01 12:44:07.514,car_ID_750,car,Regen-Potsdam->Regen-Berlin,True
2026-08-01 12:44:56.181,car_ID_751,car,Regen-Potsdam->Regen-Berlin,True
2026-08-01 12:45:21.122,car_ID_753,car,Regen-Potsdam (kein Wechsel),False
2026-08-01 12:45:21.288,truck_ID_133,truck,Regen-Potsdam (kein Wechsel),False
2026-08-01 12:45:21.323,car_ID_752,car,Regen-Potsdam (kein Wechsel),False
2026-08-01 12:45:24.351,truck_ID_134,truck,Regen-Potsdam->Regen-Berlin,True
2026-08-01 12:45:29.554,car_ID_755,car,Regen-Berlin (kein Wechsel),False
2026-08-01 12:45:31.251,car_ID_757,car,Regen-Berlin (kein Wechsel),False
2026-08-01 12:45:32.051,car_ID_756,car,Regen-Berlin->Regen-Potsdam,True
2026-08-01 12:45:33.550,car_ID_754,car,Regen-Potsdam->Regen-Berlin,True
2026-08-01 12:45:52.151,car_ID_758,car,Regen-Potsdam->Regen-Berlin,True
2026-08-01 12:45:58.621,bicycle_ID_135,bicycle,Regen-Berlin->Regen-Potsdam,True
2026-08-01 12:45:58.621,person_ID_245,person,Regen-Berlin->Regen-Potsdam,True
2026-08-01 12:45:59.219,bicycle_ID_136,bicycle,Regen-Potsdam (kein Wechsel),False
2026-08-01 12:45:59.287,bus_ID_92,bus,Regen-Potsdam->Regen-Berlin,True
2026-08-01 12:45:59.387,car_ID_759,car,Regen-Berlin (kein Wechsel),False
2026-08-01 12:46:07.152,car_ID_760,car,Regen-Potsdam->Regen-Berlin,True
2026-08-01 12:46:33.021,car_ID_761,car,Regen-Berlin->Regen-Potsdam,True
2026-08-01 12:46:33.953,car_ID_762,car,Regen-Potsdam (kein Wechsel),False
2026-08-01 12:46:57.855,car_ID_763,car,Regen-Berlin->Regen-Potsdam,True
2026-08-01 12:47:22.391,car_ID_764,car,Regen-Berlin->Regen-Potsdam,True
2026-08-01 12:47:41.260,car_ID_765,car,Regen-Potsdam->Regen-Berlin,True
2026-08-01 12:47:58.229,car_ID_767,car,Regen-Berlin->Regen-Potsdam,True
2026-08-01 12:47:58.464,car_ID_766,car,Regen-Berlin->Regen-Potsdam,True
2026-08-01 12:47:59.393,car_ID_768,car,Regen-Potsdam (kein Wechsel),False
2026-08-01 12:48:18.630,car_ID_769,car,Regen-Berlin->Regen-Potsdam,True
2026-08-01 12:48:19.230,car_ID_771,car,Regen-Potsdam (kein Wechsel),False
2026-08-01 12:48:21.526,car_ID_770,car,Regen-Potsdam->Regen-Berlin,True
2026-08-01 12:48:32.600,car_ID_772,car,Regen-Berlin->Regen-Potsdam,True
2026-08-01 12:48:33.299,car_ID_773,car,Regen-Potsdam (kein Wechsel),False
2026-08-01 12:48:47.028,car_ID_774,car,Regen-Potsdam->Regen-Berlin,True
2026-08-01 12:48:51.501,car_ID_775,car,Regen-Berlin->Regen-Potsdam,True
2026-08-01 12:48:51.599,car_ID_776,car,Regen-Potsdam (kein Wechsel),False
2026-08-01 12:48:58.200,bicycle_ID_138,bicycle,Regen-Berlin (kein Wechsel),False
2026-08-01 12:48:58.338,motorcycle_ID_90,motorcycle,Regen-Berlin (kein Wechsel),False
2026-08-01 12:48:59.933,bicycle_ID_137,bicycle,Regen-Berlin->Regen-Potsdam,True
2026-08-01 12:48:59.965,person_ID_246,person,Regen-Berlin->Regen-Potsdam,True
2026-08-01 12:49:02.896,bus_ID_93,bus,Regen-Berlin (kein Wechsel),False
2026-08-01 12:49:03.064,car_ID_777,car,Regen-Potsdam->Regen-Berlin,True
2026-08-01 12:49:09.900,bicycle_ID_139,bicycle,Regen-Potsdam (kein Wechsel),False
2026-08-01 12:49:10.238,person_ID_247,person,Regen-Potsdam (kein Wechsel),False
2026-08-01 12:49:12.497,car_ID_778,car,Regen-Berlin->Regen-Potsdam,True
2026-08-01 12:49:12.597,motorcycle_ID_91,motorcycle,Regen-Berlin (kein Wechsel),False
2026-08-01 12:49:12.797,car_ID_779,car,Regen-Potsdam (kein Wechsel),False
2026-08-01 12:49:13.397,bicycle_ID_140,bicycle,Regen-Potsdam->Regen-Berlin,True
2026-08-01 12:49:14.297,motorcycle_ID_92,motorcycle,Regen-Berlin (kein Wechsel),False
2026-08-01 12:49:15.132,bicycle_ID_141,bicycle,Regen-Berlin (kein Wechsel),False
2026-08-01 12:49:15.465,person_ID_248,person,Regen-Potsdam->Regen-Berlin,True
2026-08-01 12:49:19.102,car_ID_780,car,Regen-Berlin->Regen-Potsdam,True
2026-08-01 12:49:32.398,car_ID_781,car,Regen-Potsdam->Regen-Berlin,True
2026-08-01 12:49:37.698,car_ID_782,car,Regen-Potsdam->Regen-Berlin,True
2026-08-01 12:49:52.170,car_ID_784,car,Regen-Berlin (kein Wechsel),False
2026-08-01 12:49:52.303,car_ID_783,car,Regen-Potsdam->Regen-Berlin,True
2026-08-01 12:50:30.136,car_ID_785,car,Regen-Berlin->Regen-Potsdam,True
2026-08-01 12:50:41.737,car_ID_786,car,Regen-Berlin->Regen-Potsdam,True
2026-08-01 12:50:42.471,car_ID_787,car,Regen-Potsdam (kein Wechsel),False
2026-08-01 12:50:53.538,car_ID_788,car,Regen-Potsdam->Regen-Berlin,True
2026-08-01 12:50:55.374,truck_ID_136,truck,Regen-Berlin (kein Wechsel),False
2026-08-01 12:50:56.006,car_ID_790,car,Regen-Potsdam->Regen-Berlin,True
2026-08-01 12:50:56.039,truck_ID_135,truck,Regen-Potsdam->Regen-Berlin,True
2026-08-01 12:50:56.039,bus_ID_94,bus,Regen-Berlin (kein Wechsel),False
2026-08-01 12:50:56.705,car_ID_789,car,Regen-Potsdam->Regen-Berlin,True
2026-08-01 12:50:59.705,car_ID_791,car,Regen-Potsdam (kein Wechsel),False
2026-08-01 12:51:00.005,truck_ID_137,truck,Regen-Potsdam (kein Wechsel),False
2026-08-01 12:51:03.271,truck_ID_138,truck,Regen-Potsdam->Regen-Berlin,True
2026-08-01 12:51:31.239,car_ID_792,car,Regen-Potsdam->Regen-Berlin,True
2026-08-01 12:52:28.681,car_ID_793,car,Regen-Berlin (kein Wechsel),False
2026-08-01 12:52:28.881,car_ID_794,car,Regen-Berlin (kein Wechsel),False
2026-08-01 12:52:29.014,truck_ID_139,truck,Regen-Berlin (kein Wechsel),False
2026-08-01 12:52:29.513,bus_ID_95,bus,Regen-Berlin (kein Wechsel),False
2026-08-01 12:52:29.884,truck_ID_140,truck,Regen-Berlin->Regen-Potsdam,True
2026-08-01 12:52:30.020,bus_ID_96,bus,Regen-Berlin (kein Wechsel),False
2026-08-01 12:52:30.181,car_ID_795,car,Regen-Potsdam (kein Wechsel),False
2026-08-01 12:52:30.649,bus_ID_97,bus,Regen-Potsdam (kein Wechsel),False
2026-08-01 12:52:54.452,bicycle_ID_142,bicycle,Regen-Potsdam (kein Wechsel),False
2026-08-01 12:52:54.510,person_ID_249,person,Regen-Potsdam (kein Wechsel),False
2026-08-01 12:52:55.576,motorcycle_ID_93,motorcycle,Regen-Potsdam (kein Wechsel),False
2026-08-01 12:52:56.176,bicycle_ID_144,bicycle,Regen-Potsdam (kein Wechsel),False
2026-08-01 12:52:56.977,bicycle_ID_143,bicycle,Regen-Potsdam->Regen-Berlin,True
2026-08-01 12:53:00.277,person_ID_250,person,Regen-Potsdam->Regen-Berlin,True
2026-08-01 12:53:00.645,bicycle_ID_145,bicycle,Regen-Berlin (kein Wechsel),False
2026-08-01 12:53:45.847,car_ID_796,car,Regen-Berlin->Regen-Potsdam,True
2026-08-01 12:53:58.883,car_ID_798,car,Regen-Potsdam (kein Wechsel),False
2026-08-01 12:54:01.250,car_ID_797,car,Regen-Potsdam->Regen-Berlin,True
2026-08-01 12:54:14.915,car_ID_799,car,Regen-Potsdam->Regen-Berlin,True
2026-08-01 12:54:20.089,car_ID_800,car,Regen-Berlin->Regen-Potsdam,True
2026-08-01 12:54:20.815,car_ID_801,car,Regen-Potsdam (kein Wechsel),False
2026-08-01 12:55:09.653,car_ID_802,car,Regen-Berlin->Regen-Potsdam,True
2026-08-01 12:55:11.686,car_ID_803,car,Regen-Potsdam->Regen-Berlin,True
2026-08-01 12:55:21.087,car_ID_804,car,Regen-Potsdam->Regen-Berlin,True
2026-08-01 12:55:29.586,car_ID_805,car,Regen-Berlin->Regen-Potsdam,True
2026-08-01 12:55:42.926,car_ID_806,car,Regen-Potsdam->Regen-Berlin,True
2026-08-01 12:56:00.088,car_ID_808,car,Regen-Berlin (kein Wechsel),False
2026-08-01 12:56:01.092,car_ID_807,car,Regen-Potsdam->Regen-Berlin,True
2026-08-01 12:57:03.164,person_ID_251,person,Regen-Potsdam->Regen-Berlin,True
2026-08-01 12:57:11.891,car_ID_809,car,Regen-Berlin->Regen-Potsdam,True
2026-08-01 12:57:22.131,bicycle_ID_146,bicycle,Regen-Potsdam (kein Wechsel),False
2026-08-01 12:57:23.164,bicycle_ID_147,bicycle,Regen-Potsdam (kein Wechsel),False
2026-08-01 12:57:23.763,person_ID_252,person,Regen-Potsdam (kein Wechsel),False
2026-08-01 12:57:23.796,bicycle_ID_148,bicycle,Regen-Potsdam (kein Wechsel),False
2026-08-01 12:57:24.131,person_ID_253,person,Regen-Potsdam (kein Wechsel),False
2026-08-01 12:57:27.532,bicycle_ID_149,bicycle,Regen-Potsdam->Regen-Berlin,True
2026-08-01 12:57:27.660,person_ID_254,person,Regen-Potsdam->Regen-Berlin,True
2026-08-01 12:57:27.860,bicycle_ID_150,bicycle,Regen-Berlin (kein Wechsel),False
2026-08-01 12:57:53.330,car_ID_811,car,Regen-Berlin->Regen-Potsdam,True
2026-08-01 12:57:55.129,car_ID_810,car,Regen-Potsdam->Regen-Berlin,True
2026-08-01 12:58:06.962,car_ID_812,car,Regen-Potsdam->Regen-Berlin,True
2026-08-01 12:58:13.130,car_ID_813,car,Regen-Potsdam->Regen-Berlin,True
2026-08-01 12:59:01.566,person_ID_255,person,Regen-Potsdam->Regen-Berlin,True
2026-08-01 12:59:02.733,car_ID_814,car,Regen-Potsdam->Regen-Berlin,True
2026-08-01 12:59:10.575,car_ID_815,car,Regen-Potsdam->Regen-Berlin,True
2026-08-01 12:59:13.134,person_ID_256,person,Regen-Berlin->Regen-Potsdam,True
2026-08-01 12:59:13.169,bicycle_ID_151,bicycle,Regen-Berlin->Regen-Potsdam,True
2026-08-01 12:59:20.669,car_ID_816,car,Regen-Berlin->Regen-Potsdam,True
2026-08-01 13:00:16.507,car_ID_817,car,Regen-Berlin->Regen-Potsdam,True
2026-08-01 13:00:21.540,car_ID_818,car,Regen-Berlin->Regen-Potsdam,True
2026-08-01 13:00:21.776,car_ID_819,car,Regen-Potsdam (kein Wechsel),False
2026-08-01 13:00:45.641,car_ID_820,car,Regen-Berlin (kein Wechsel),False
2026-08-01 13:00:45.977,truck_ID_141,truck,Regen-Berlin (kein Wechsel),False
2026-08-01 13:00:46.606,truck_ID_142,truck,Regen-Berlin (kein Wechsel),False
2026-08-01 13:00:46.606,bus_ID_98,bus,Regen-Berlin (kein Wechsel),False
2026-08-01 13:00:50.338,bus_ID_99,bus,Regen-Berlin->Regen-Potsdam,True
2026-08-01 13:01:25.481,bus_ID_100,bus,Regen-Berlin (kein Wechsel),False
2026-08-01 13:01:25.749,car_ID_821,car,Regen-Potsdam->Regen-Berlin,True
2026-08-01 13:01:49.144,car_ID_822,car,Regen-Potsdam->Regen-Berlin,True
2026-08-01 13:02:50.415,car_ID_823,car,Regen-Potsdam->Regen-Berlin,True
2026-08-01 13:03:06.782,car_ID_824,car,Regen-Potsdam->Regen-Berlin,True
2026-08-01 13:03:18.681,bicycle_ID_152,bicycle,Regen-Berlin (kein Wechsel),False
2026-08-01 13:03:19.182,motorcycle_ID_95,motorcycle,Regen-Berlin (kein Wechsel),False
2026-08-01 13:03:19.250,bicycle_ID_153,bicycle,Regen-Berlin (kein Wechsel),False
2026-08-01 13:03:19.349,person_ID_257,person,Regen-Berlin (kein Wechsel),False
2026-08-01 13:03:19.516,motorcycle_ID_94,motorcycle,Regen-Berlin->Regen-Potsdam,True
2026-08-01 13:03:20.016,person_ID_258,person,Regen-Berlin->Regen-Potsdam,True
2026-08-01 13:03:51.518,car_ID_825,car,Regen-Berlin->Regen-Potsdam,True
2026-08-01 13:05:12.797,person_ID_259,person,Regen-Potsdam (kein Wechsel),False
2026-08-01 13:05:18.090,car_ID_826,car,Regen-Potsdam->Regen-Berlin,True
2026-08-01 13:05:20.895,car_ID_827,car,Regen-Potsdam (kein Wechsel),False
2026-08-01 13:05:21.897,bus_ID_101,bus,Regen-Potsdam (kein Wechsel),False
2026-08-01 13:05:23.561,bus_ID_103,bus,Regen-Berlin (kein Wechsel),False
2026-08-01 13:05:26.023,bus_ID_102,bus,Regen-Potsdam->Regen-Berlin,True
2026-08-01 13:05:26.190,car_ID_828,car,Regen-Berlin (kein Wechsel),False
2026-08-01 13:05:34.892,car_ID_829,car,Regen-Berlin->Regen-Potsdam,True
2026-08-01 13:05:39.494,person_ID_260,person,Regen-Potsdam (kein Wechsel),False
2026-08-01 13:05:39.627,bicycle_ID_154,bicycle,Regen-Potsdam (kein Wechsel),False
2026-08-01 13:05:40.594,person_ID_261,person,Regen-Potsdam (kein Wechsel),False
2026-08-01 13:05:40.960,bicycle_ID_155,bicycle,Regen-Potsdam (kein Wechsel),False
2026-08-01 13:05:41.424,bicycle_ID_156,bicycle,Regen-Potsdam (kein Wechsel),False
2026-08-01 13:05:41.824,bicycle_ID_157,bicycle,Regen-Potsdam->Regen-Berlin,True
2026-08-01 13:05:41.991,person_ID_262,person,Regen-Potsdam->Regen-Berlin,True
2026-08-01 13:05:43.391,person_ID_263,person,Regen-Berlin (kein Wechsel),False
2026-08-01 13:05:44.024,bicycle_ID_158,bicycle,Regen-Berlin (kein Wechsel),False
2026-08-01 13:05:54.666,car_ID_830,car,Regen-Potsdam->Regen-Berlin,True
2026-08-01 13:06:00.598,car_ID_831,car,Regen-Berlin->Regen-Potsdam,True
2026-08-01 13:06:01.861,car_ID_832,car,Regen-Potsdam (kein Wechsel),False
2026-08-01 13:06:16.098,car_ID_833,car,Regen-Berlin->Regen-Potsdam,True
2026-08-01 13:06:50.332,truck_ID_143,truck,Regen-Berlin->Regen-Potsdam,True
2026-08-01 13:06:50.496,truck_ID_144,truck,Regen-Berlin->Regen-Potsdam,True
2026-08-01 13:06:51.097,car_ID_834,car,Regen-Berlin->Regen-Potsdam,True
2026-08-01 13:06:51.396,car_ID_835,car,Regen-Berlin->Regen-Potsdam,True
2026-08-01 13:06:52.663,car_ID_836,car,Regen-Berlin->Regen-Potsdam,True
2026-08-01 13:06:53.828,car_ID_837,car,Regen-Potsdam (kein Wechsel),False
2026-08-01 13:07:30.333,car_ID_838,car,Regen-Potsdam->Regen-Berlin,True
2026-08-01 13:08:43.702,car_ID_839,car,Regen-Berlin->Regen-Potsdam,True
2026-08-01 13:08:46.201,car_ID_840,car,Regen-Berlin->Regen-Potsdam,True
2026-08-01 13:08:59.937,car_ID_841,car,Regen-Potsdam->Regen-Berlin,True
2026-08-01 13:09:02.037,car_ID_842,car,Regen-Potsdam->Regen-Berlin,True
2026-08-01 13:09:05.842,car_ID_843,car,Regen-Berlin->Regen-Potsdam,True
2026-08-01 13:09:19.838,car_ID_844,car,Regen-Potsdam->Regen-Berlin,True
2026-08-01 13:09:39.211,car_ID_846,car,Regen-Potsdam (kein Wechsel),False
2026-08-01 13:09:39.471,car_ID_845,car,Regen-Berlin->Regen-Potsdam,True
2026-08-01 13:10:29.144,car_ID_847,car,Regen-Berlin (kein Wechsel),False
2026-08-01 13:10:30.274,truck_ID_146,truck,Regen-Berlin (kein Wechsel),False
2026-08-01 13:10:30.510,truck_ID_145,truck,Regen-Berlin->Regen-Potsdam,True
2026-08-01 13:10:35.213,car_ID_848,car,Regen-Berlin->Regen-Potsdam,True
2026-08-01 13:10:36.509,car_ID_849,car,Regen-Potsdam (kein Wechsel),False
2026-08-01 13:10:48.675,person_ID_264,person,Regen-Potsdam (kein Wechsel),False
2026-08-01 13:10:50.710,bicycle_ID_159,bicycle,Regen-Potsdam (kein Wechsel),False
2026-08-01 13:10:51.379,bicycle_ID_160,bicycle,Regen-Berlin (kein Wechsel),False
2026-08-01 13:10:52.981,person_ID_265,person,Regen-Potsdam->Regen-Berlin,True
2026-08-01 13:10:53.716,person_ID_266,person,Regen-Berlin (kein Wechsel),False
2026-08-01 13:10:54.243,bicycle_ID_161,bicycle,Regen-Berlin (kein Wechsel),False
2026-08-01 13:10:54.912,person_ID_267,person,Regen-Berlin (kein Wechsel),False
2026-08-01 13:10:54.943,bicycle_ID_162,bicycle,Regen-Berlin (kein Wechsel),False
2026-08-01 13:11:44.846,motorcycle_ID_97,motorcycle,Regen-Berlin (kein Wechsel),False
2026-08-01 13:11:45.346,motorcycle_ID_96,motorcycle,Regen-Berlin->Regen-Potsdam,True
2026-08-01 13:11:45.516,person_ID_268,person,Regen-Berlin->Regen-Potsdam,True
2026-08-01 13:11:46.018,bicycle_ID_163,bicycle,Regen-Berlin->Regen-Potsdam,True
2026-08-01 13:12:02.885,car_ID_850,car,Regen-Potsdam->Regen-Berlin,True
2026-08-01 13:12:26.153,car_ID_851,car,Regen-Berlin->Regen-Potsdam,True
2026-08-01 13:12:39.849,car_ID_852,car,Regen-Berlin->Regen-Potsdam,True
2026-08-01 13:12:58.385,motorcycle_ID_98,motorcycle,Regen-Potsdam (kein Wechsel),False
2026-08-01 13:12:58.752,bicycle_ID_164,bicycle,Regen-Potsdam (kein Wechsel),False
2026-08-01 13:12:58.918,motorcycle_ID_99,motorcycle,Regen-Berlin (kein Wechsel),False
2026-08-01 13:12:59.154,bicycle_ID_167,bicycle,Regen-Berlin (kein Wechsel),False
2026-08-01 13:12:59.354,bicycle_ID_166,bicycle,Regen-Berlin (kein Wechsel),False
2026-08-01 13:12:59.517,bicycle_ID_168,bicycle,Regen-Berlin (kein Wechsel),False
2026-08-01 13:12:59.654,motorcycle_ID_100,motorcycle,Regen-Berlin (kein Wechsel),False
2026-08-01 13:12:59.986,bicycle_ID_165,bicycle,Regen-Berlin->Regen-Potsdam,True
2026-08-01 13:13:00.018,motorcycle_ID_101,motorcycle,Regen-Potsdam (kein Wechsel),False
2026-08-01 13:13:00.086,person_ID_269,person,Regen-Berlin->Regen-Potsdam,True
2026-08-01 13:13:00.553,motorcycle_ID_102,motorcycle,Regen-Potsdam (kein Wechsel),False
2026-08-01 13:13:01.152,person_ID_270,person,Regen-Berlin (kein Wechsel),False
2026-08-01 13:13:01.217,car_ID_853,car,Regen-Potsdam->Regen-Berlin,True
2026-08-01 13:13:01.317,bicycle_ID_169,bicycle,Regen-Potsdam->Regen-Berlin,True
2026-08-01 13:13:03.889,person_ID_271,person,Regen-Berlin (kein Wechsel),False
2026-08-01 13:13:23.786,car_ID_854,car,Regen-Potsdam->Regen-Berlin,True
2026-08-01 13:13:31.520,bicycle_ID_170,bicycle,Regen-Potsdam (kein Wechsel),False
2026-08-01 13:13:32.593,person_ID_272,person,Regen-Potsdam (kein Wechsel),False
2026-08-01 13:13:36.191,person_ID_273,person,Regen-Potsdam->Regen-Berlin,True
2026-08-01 13:13:36.454,motorcycle_ID_103,motorcycle,Regen-Berlin (kein Wechsel),False
2026-08-01 13:13:37.154,person_ID_274,person,Regen-Berlin (kein Wechsel),False
2026-08-01 13:13:57.024,car_ID_855,car,Regen-Berlin (kein Wechsel),False
2026-08-01 13:13:57.598,truck_ID_147,truck,Regen-Berlin (kein Wechsel),False
2026-08-01 13:13:58.089,truck_ID_149,truck,Regen-Berlin->Regen-Potsdam,True
2026-08-01 13:13:58.158,truck_ID_148,truck,Regen-Berlin->Regen-Potsdam,True
2026-08-01 13:13:58.320,car_ID_857,car,Regen-Berlin->Regen-Potsdam,True
2026-08-01 13:13:58.688,car_ID_858,car,Regen-Potsdam (kein Wechsel),False
2026-08-01 13:14:00.488,car_ID_856,car,Regen-Potsdam->Regen-Berlin,True
2026-08-01 13:14:00.691,car_ID_859,car,Regen-Berlin->Regen-Potsdam,True
2026-08-01 13:14:12.558,motorcycle_ID_104,motorcycle,Regen-Potsdam (kein Wechsel),False
2026-08-01 13:14:13.156,bicycle_ID_171,bicycle,Regen-Potsdam (kein Wechsel),False
2026-08-01 13:14:13.221,person_ID_275,person,Regen-Potsdam (kein Wechsel),False
2026-08-01 13:14:14.230,bicycle_ID_172,bicycle,Regen-Potsdam (kein Wechsel),False
2026-08-01 13:14:14.693,motorcycle_ID_106,motorcycle,Regen-Potsdam (kein Wechsel),False
2026-08-01 13:14:15.162,bicycle_ID_173,bicycle,Regen-Potsdam (kein Wechsel),False
2026-08-01 13:14:18.123,person_ID_276,person,Regen-Berlin (kein Wechsel),False
2026-08-01 13:14:18.321,bicycle_ID_174,bicycle,Regen-Berlin (kein Wechsel),False
2026-08-01 13:14:18.491,motorcycle_ID_105,motorcycle,Regen-Potsdam->Regen-Berlin,True
2026-08-01 13:14:19.958,truck_ID_150,truck,Regen-Potsdam (kein Wechsel),False
2026-08-01 13:14:20.890,car_ID_860,car,Regen-Potsdam (kein Wechsel),False
2026-08-01 13:14:21.361,truck_ID_152,truck,Regen-Berlin (kein Wechsel),False
2026-08-01 13:14:21.362,car_ID_861,car,Regen-Potsdam->Regen-Berlin,True
2026-08-01 13:14:22.760,car_ID_863,car,Regen-Berlin (kein Wechsel),False
2026-08-01 13:14:22.898,truck_ID_153,truck,Regen-Berlin (kein Wechsel),False
2026-08-01 13:14:23.162,truck_ID_151,truck,Regen-Potsdam->Regen-Berlin,True
2026-08-01 13:14:23.262,bus_ID_104,bus,Regen-Berlin (kein Wechsel),False
2026-08-01 13:14:23.460,bus_ID_105,bus,Regen-Berlin (kein Wechsel),False
2026-08-01 13:14:24.326,car_ID_862,car,Regen-Berlin (kein Wechsel),False
2026-08-01 13:14:42.690,car_ID_864,car,Regen-Potsdam->Regen-Berlin,True
2026-08-01 13:14:53.295,car_ID_865,car,Regen-Potsdam->Regen-Berlin,True
2026-08-01 13:15:13.131,car_ID_866,car,Regen-Berlin->Regen-Potsdam,True
2026-08-01 13:15:14.096,car_ID_867,car,Regen-Potsdam (kein Wechsel),False
2026-08-01 13:15:49.532,car_ID_868,car,Regen-Berlin->Regen-Potsdam,True
2026-08-01 13:15:50.662,car_ID_869,car,Regen-Potsdam (kein Wechsel),False
2026-08-01 13:16:33.065,car_ID_870,car,Regen-Potsdam->Regen-Berlin,True
2026-08-01 13:16:42.904,car_ID_871,car,Regen-Potsdam->Regen-Berlin,True
2026-08-01 13:16:58.241,car_ID_872,car,Regen-Potsdam->Regen-Berlin,True
2026-08-01 13:18:07.505,bicycle_ID_176,bicycle,Regen-Berlin (kein Wechsel),False
2026-08-01 13:18:08.004,bicycle_ID_175,bicycle,Regen-Berlin (kein Wechsel),False
2026-08-01 13:18:08.337,motorcycle_ID_108,motorcycle,Regen-Berlin (kein Wechsel),False
2026-08-01 13:18:08.405,motorcycle_ID_107,motorcycle,Regen-Berlin (kein Wechsel),False
2026-08-01 13:18:09.076,bicycle_ID_177,bicycle,Regen-Berlin->Regen-Potsdam,True
2026-08-01 13:18:09.438,person_ID_277,person,Regen-Berlin->Regen-Potsdam,True
2026-08-01 13:18:32.615,car_ID_873,car,Regen-Berlin (kein Wechsel),False
2026-08-01 13:18:33.940,person_ID_278,person,Regen-Berlin (kein Wechsel),False
2026-08-01 13:18:36.406,bus_ID_106,bus,Regen-Berlin->Regen-Potsdam,True
2026-08-01 13:18:38.246,car_ID_875,car,Regen-Potsdam (kein Wechsel),False
2026-08-01 13:18:40.474,truck_ID_154,truck,Regen-Berlin->Regen-Potsdam,True
2026-08-01 13:18:40.610,truck_ID_155,truck,Regen-Potsdam (kein Wechsel),False
2026-08-01 13:18:41.281,car_ID_874,car,Regen-Berlin->Regen-Potsdam,True
2026-08-01 13:18:42.539,car_ID_876,car,Regen-Potsdam (kein Wechsel),False
2026-08-01 13:18:45.948,car_ID_877,car,Regen-Berlin->Regen-Potsdam,True
2026-08-01 13:18:46.781,car_ID_878,car,Regen-Potsdam (kein Wechsel),False
2026-08-01 13:18:52.174,car_ID_879,car,Regen-Berlin->Regen-Potsdam,True
2026-08-01 13:19:09.808,person_ID_279,person,Regen-Berlin (kein Wechsel),False
2026-08-01 13:20:12.246,car_ID_880,car,Regen-Berlin->Regen-Potsdam,True
2026-08-01 13:20:57.052,motorcycle_ID_109,motorcycle,Regen-Potsdam->Regen-Berlin,True
2026-08-01 13:20:57.552,car_ID_881,car,Regen-Berlin (kein Wechsel),False
2026-08-01 13:21:07.717,car_ID_882,car,Regen-Potsdam->Regen-Berlin,True
2026-08-01 13:21:24.654,truck_ID_156,truck,Regen-Potsdam->Regen-Berlin,True
2026-08-01 13:21:24.819,truck_ID_157,truck,Regen-Berlin (kein Wechsel),False
2026-08-01 13:21:24.885,car_ID_885,car,Regen-Potsdam->Regen-Berlin,True
2026-08-01 13:21:24.983,car_ID_884,car,Regen-Potsdam->Regen-Berlin,True
2026-08-01 13:21:32.619,person_ID_280,person,Regen-Berlin->Regen-Potsdam,True
2026-08-01 13:21:40.084,person_ID_281,person,Regen-Potsdam (kein Wechsel),False
2026-08-01 13:22:20.621,car_ID_886,car,Regen-Potsdam->Regen-Berlin,True
2026-08-01 13:22:44.325,car_ID_887,car,Regen-Potsdam (kein Wechsel),False
2026-08-01 13:22:53.988,car_ID_890,car,Regen-Potsdam (kein Wechsel),False
2026-08-01 13:22:55.955,person_ID_282,person,Regen-Potsdam (kein Wechsel),False
2026-08-01 13:22:56.658,car_ID_888,car,Regen-Berlin->Regen-Potsdam,True
2026-08-01 13:22:56.887,bus_ID_107,bus,Regen-Berlin (kein Wechsel),False
2026-08-01 13:22:57.661,car_ID_889,car,Regen-Potsdam->Regen-Berlin,True
2026-08-01 13:22:57.926,car_ID_891,car,Regen-Potsdam (kein Wechsel),False
2026-08-01 13:22:58.359,car_ID_893,car,Regen-Potsdam (kein Wechsel),False
2026-08-01 13:22:58.828,car_ID_892,car,Regen-Potsdam (kein Wechsel),False
2026-08-01 13:23:16.598,car_ID_883,car,Regen-Potsdam->Regen-Berlin,True
2026-08-01 13:23:19.493,car_ID_894,car,Regen-Berlin->Regen-Potsdam,True
2026-08-01 13:23:45.258,car_ID_895,car,Regen-Potsdam->Regen-Berlin,True
2026-08-01 13:24:13.628,car_ID_896,car,Regen-Berlin->Regen-Potsdam,True
2026-08-01 13:24:13.827,car_ID_897,car,Regen-Potsdam (kein Wechsel),False
2026-08-01 13:25:31.842,car_ID_898,car,Regen-Potsdam->Regen-Berlin,True
2026-08-01 13:25:38.008,person_ID_283,person,Regen-Berlin (kein Wechsel),False
2026-08-01 13:25:40.303,person_ID_284,person,Regen-Berlin (kein Wechsel),False
2026-08-01 13:25:47.735,car_ID_899,car,Regen-Potsdam->Regen-Berlin,True
2026-08-01 13:26:06.903,person_ID_285,person,Regen-Berlin->Regen-Potsdam,True
2026-08-01 13:26:09.033,bus_ID_109,bus,Regen-Berlin (kein Wechsel),False
2026-08-01 13:26:09.637,person_ID_286,person,Regen-Potsdam (kein Wechsel),False
2026-08-01 13:26:11.768,bus_ID_108,bus,Regen-Potsdam->Regen-Berlin,True
2026-08-01 13:26:11.968,car_ID_900,car,Regen-Berlin (kein Wechsel),False
2026-08-01 13:26:17.401,car_ID_901,car,Regen-Potsdam->Regen-Berlin,True
2026-08-01 13:26:30.506,car_ID_902,car,Regen-Potsdam->Regen-Berlin,True
2026-08-01 13:27:22.773,car_ID_903,car,Regen-Potsdam->Regen-Berlin,True
2026-08-01 13:27:32.605,car_ID_904,car,Regen-Berlin->Regen-Potsdam,True
2026-08-01 13:28:03.182,person_ID_287,person,Regen-Potsdam (kein Wechsel),False
2026-08-01 13:28:03.745,person_ID_289,person,Regen-Potsdam (kein Wechsel),False
2026-08-01 13:28:03.810,person_ID_288,person,Regen-Potsdam (kein Wechsel),False
2026-08-01 13:28:05.077,motorcycle_ID_110,motorcycle,Regen-Berlin (kein Wechsel),False
2026-08-01 13:28:05.275,motorcycle_ID_111,motorcycle,Regen-Berlin (kein Wechsel),False
2026-08-01 13:28:05.775,person_ID_290,person,Regen-Berlin (kein Wechsel),False
2026-08-01 13:28:06.707,car_ID_905,car,Regen-Berlin (kein Wechsel),False
2026-08-01 13:28:55.978,car_ID_906,car,Regen-Potsdam->Regen-Berlin,True
2026-08-01 13:29:12.078,car_ID_907,car,Regen-Potsdam->Regen-Berlin,True
2026-08-01 13:29:20.246,car_ID_909,car,Regen-Potsdam (kein Wechsel),False
2026-08-01 13:29:20.947,truck_ID_158,truck,Regen-Potsdam->Regen-Berlin,True
2026-08-01 13:29:21.014,truck_ID_159,truck,Regen-Berlin (kein Wechsel),False
2026-08-01 13:29:21.047,car_ID_908,car,Regen-Potsdam->Regen-Berlin,True
2026-08-01 13:29:22.952,car_ID_910,car,Regen-Berlin (kein Wechsel),False
2026-08-01 13:29:24.614,car_ID_911,car,Regen-Berlin->Regen-Potsdam,True
2026-08-01 13:29:29.879,car_ID_912,car,Regen-Berlin->Regen-Potsdam,True
2026-08-01 13:29:31.046,car_ID_913,car,Regen-Potsdam (kein Wechsel),False
2026-08-01 13:30:10.984,car_ID_914,car,Regen-Potsdam->Regen-Berlin,True
2026-08-01 13:30:27.950,car_ID_915,car,Regen-Berlin->Regen-Potsdam,True
2026-08-01 13:30:45.586,person_ID_292,person,Regen-Berlin (kein Wechsel),False
2026-08-01 13:30:49.050,person_ID_291,person,Regen-Berlin->Regen-Potsdam,True
2026-08-01 13:30:57.956,car_ID_916,car,Regen-Potsdam->Regen-Berlin,True
2026-08-01 13:31:15.987,car_ID_917,car,Regen-Berlin->Regen-Potsdam,True
2026-08-01 13:31:17.256,car_ID_918,car,Regen-Potsdam (kein Wechsel),False
2026-08-01 13:31:58.159,car_ID_919,car,Regen-Potsdam->Regen-Berlin,True
2026-08-01 13:32:14.491,car_ID_920,car,Regen-Potsdam->Regen-Berlin,True
2026-08-01 13:32:58.896,truck_ID_161,truck,Regen-Berlin (kein Wechsel),False
2026-08-01 13:32:59.028,truck_ID_160,truck,Regen-Potsdam->Regen-Berlin,True
2026-08-01 13:33:00.393,car_ID_921,car,Regen-Potsdam->Regen-Berlin,True
2026-08-01 13:33:00.725,car_ID_922,car,Regen-Berlin (kein Wechsel),False
2026-08-01 13:33:24.694,person_ID_293,person,Regen-Potsdam->Regen-Berlin,True
2026-08-01 13:33:32.697,car_ID_923,car,Regen-Potsdam->Regen-Berlin,True
2026-08-01 13:33:38.369,car_ID_924,car,Regen-Berlin (kein Wechsel),False
2026-08-01 13:33:41.031,car_ID_925,car,Regen-Berlin->Regen-Potsdam,True
2026-08-01 13:33:48.799,bicycle_ID_178,bicycle,Regen-Berlin (kein Wechsel),False
2026-08-01 13:33:50.464,person_ID_294,person,Regen-Berlin->Regen-Potsdam,True
2026-08-01 13:34:41.398,car_ID_926,car,Regen-Berlin (kein Wechsel),False
2026-08-01 13:35:20.707,bus_ID_110,bus,Regen-Berlin (kein Wechsel),False
2026-08-01 13:35:21.342,car_ID_927,car,Regen-Potsdam->Regen-Berlin,True
2026-08-01 13:35:50.104,car_ID_928,car,Regen-Berlin->Regen-Potsdam,True
2026-08-01 13:36:03.975,car_ID_929,car,Regen-Potsdam->Regen-Berlin,True
2026-08-01 13:36:23.509,car_ID_930,car,Regen-Berlin->Regen-Potsdam,True
2026-08-01 13:36:24.674,car_ID_931,car,Regen-Potsdam (kein Wechsel),False
2026-08-01 13:36:47.076,car_ID_932,car,Regen-Berlin->Regen-Potsdam,True
2026-08-01 13:36:49.840,motorcycle_ID_112,motorcycle,Regen-Berlin->Regen-Potsdam,True
2026-08-01 13:36:50.140,person_ID_295,person,Regen-Berlin->Regen-Potsdam,True
2026-08-01 13:36:50.340,bicycle_ID_180,bicycle,Regen-Potsdam (kein Wechsel),False
2026-08-01 13:36:50.607,bicycle_ID_179,bicycle,Regen-Berlin->Regen-Potsdam,True
2026-08-01 13:37:07.242,bicycle_ID_181,bicycle,Regen-Potsdam (kein Wechsel),False
2026-08-01 13:37:07.612,motorcycle_ID_113,motorcycle,Regen-Potsdam (kein Wechsel),False
2026-08-01 13:37:08.509,bicycle_ID_182,bicycle,Regen-Potsdam (kein Wechsel),False
2026-08-01 13:37:08.541,motorcycle_ID_114,motorcycle,Regen-Potsdam (kein Wechsel),False
2026-08-01 13:37:11.280,motorcycle_ID_116,motorcycle,Regen-Berlin (kein Wechsel),False
2026-08-01 13:37:11.476,motorcycle_ID_115,motorcycle,Regen-Potsdam->Regen-Berlin,True
2026-08-01 13:37:12.509,bicycle_ID_184,bicycle,Regen-Berlin (kein Wechsel),False
2026-08-01 13:37:12.777,bicycle_ID_183,bicycle,Regen-Potsdam->Regen-Berlin,True
2026-08-01 13:37:12.941,person_ID_296,person,Regen-Potsdam->Regen-Berlin,True
2026-08-01 13:37:13.042,motorcycle_ID_117,motorcycle,Regen-Berlin (kein Wechsel),False
2026-08-01 13:37:15.741,car_ID_933,car,Regen-Potsdam->Regen-Berlin,True
2026-08-01 13:38:02.679,motorcycle_ID_118,motorcycle,Regen-Berlin (kein Wechsel),False
2026-08-01 13:38:04.312,bicycle_ID_186,bicycle,Regen-Berlin (kein Wechsel),False
2026-08-01 13:38:04.577,bicycle_ID_185,bicycle,Regen-Berlin->Regen-Potsdam,True
2026-08-01 13:38:04.644,motorcycle_ID_120,motorcycle,Regen-Berlin->Regen-Potsdam,True
2026-08-01 13:38:04.676,motorcycle_ID_119,motorcycle,Regen-Berlin->Regen-Potsdam,True
2026-08-01 13:38:05.212,bicycle_ID_187,bicycle,Regen-Berlin->Regen-Potsdam,True
2026-08-01 13:38:05.212,person_ID_297,person,Regen-Berlin->Regen-Potsdam,True
2026-08-01 13:38:54.115,car_ID_934,car,Regen-Berlin->Regen-Potsdam,True
2026-08-01 13:39:23.256,car_ID_935,car,Regen-Potsdam->Regen-Berlin,True
2026-08-01 13:39:23.384,car_ID_936,car,Regen-Berlin (kein Wechsel),False
2026-08-01 13:39:27.153,bus_ID_112,bus,Regen-Potsdam (kein Wechsel),False
2026-08-01 13:39:27.717,car_ID_938,car,Regen-Berlin (kein Wechsel),False
2026-08-01 13:39:27.784,bus_ID_111,bus,Regen-Berlin->Regen-Potsdam,True
2026-08-01 13:39:32.484,car_ID_937,car,Regen-Berlin->Regen-Potsdam,True
2026-08-01 13:40:05.585,car_ID_939,car,Regen-Potsdam->Regen-Berlin,True
2026-08-01 13:40:24.262,car_ID_940,car,Regen-Potsdam->Regen-Berlin,True
2026-08-01 13:41:09.360,car_ID_941,car,Regen-Berlin->Regen-Potsdam,True
2026-08-01 13:42:09.597,car_ID_942,car,Regen-Potsdam (kein Wechsel),False
2026-08-01 13:42:12.729,car_ID_943,car,Regen-Potsdam->Regen-Berlin,True
2026-08-01 13:42:16.101,car_ID_944,car,Regen-Potsdam->Regen-Berlin,True
2026-08-01 13:42:20.760,person_ID_298,person,Regen-Potsdam->Regen-Berlin,True
2026-08-01 13:42:28.264,person_ID_300,person,Regen-Berlin (kein Wechsel),False
2026-08-01 13:42:34.961,person_ID_299,person,Regen-Berlin->Regen-Potsdam,True
2026-08-01 13:43:42.600,truck_ID_162,truck,Regen-Berlin (kein Wechsel),False
2026-08-01 13:43:43.364,car_ID_946,car,Regen-Berlin (kein Wechsel),False
2026-08-01 13:43:43.665,truck_ID_163,truck,Regen-Berlin (kein Wechsel),False
2026-08-01 13:43:43.964,car_ID_945,car,Regen-Potsdam->Regen-Berlin,True
2026-08-01 13:43:51.469,car_ID_947,car,Regen-Potsdam->Regen-Berlin,True
2026-08-01 13:43:53.970,car_ID_948,car,Regen-Berlin->Regen-Potsdam,True
2026-08-01 13:44:05.237,truck_ID_164,truck,Regen-Potsdam (kein Wechsel),False
2026-08-01 13:44:07.803,bus_ID_113,bus,Regen-Potsdam->Regen-Berlin,True
2026-08-01 13:44:09.071,bus_ID_114,bus,Regen-Potsdam->Regen-Berlin,True
2026-08-01 13:45:47.107,car_ID_949,car,Regen-Berlin->Regen-Potsdam,True
2026-08-01 13:46:06.007,motorcycle_ID_121,motorcycle,Regen-Berlin (kein Wechsel),False
2026-08-01 13:46:06.507,motorcycle_ID_122,motorcycle,Regen-Berlin (kein Wechsel),False
2026-08-01 13:46:07.844,bicycle_ID_188,bicycle,Regen-Berlin->Regen-Potsdam,True
2026-08-01 13:46:08.408,person_ID_301,person,Regen-Berlin->Regen-Potsdam,True
2026-08-01 13:46:26.912,car_ID_950,car,Regen-Potsdam->Regen-Berlin,True
2026-08-01 13:46:35.612,car_ID_951,car,Regen-Berlin->Regen-Potsdam,True
2026-08-01 13:46:50.377,person_ID_302,person,Regen-Potsdam (kein Wechsel),False
2026-08-01 13:46:51.077,bicycle_ID_189,bicycle,Regen-Potsdam (kein Wechsel),False
2026-08-01 13:46:51.277,person_ID_303,person,Regen-Potsdam (kein Wechsel),False
2026-08-01 13:46:51.342,motorcycle_ID_124,motorcycle,Regen-Potsdam (kein Wechsel),False
2026-08-01 13:46:51.877,bicycle_ID_190,bicycle,Regen-Potsdam->Regen-Berlin,True
2026-08-01 13:46:51.942,bicycle_ID_191,bicycle,Regen-Berlin (kein Wechsel),False
2026-08-01 13:46:51.977,person_ID_304,person,Regen-Potsdam->Regen-Berlin,True
2026-08-01 13:46:52.141,motorcycle_ID_123,motorcycle,Regen-Potsdam->Regen-Berlin,True
2026-08-01 13:46:52.141,motorcycle_ID_125,motorcycle,Regen-Berlin (kein Wechsel),False
2026-08-01 13:46:53.077,bicycle_ID_192,bicycle,Regen-Berlin (kein Wechsel),False
2026-08-01 13:46:53.242,person_ID_306,person,Regen-Berlin (kein Wechsel),False
2026-08-01 13:46:53.342,motorcycle_ID_127,motorcycle,Regen-Berlin (kein Wechsel),False
2026-08-01 13:46:53.409,person_ID_305,person,Regen-Berlin (kein Wechsel),False
2026-08-01 13:46:53.442,motorcycle_ID_126,motorcycle,Regen-Berlin (kein Wechsel),False
2026-08-01 13:46:53.777,bicycle_ID_193,bicycle,Regen-Berlin (kein Wechsel),False
2026-08-01 13:46:54.242,person_ID_307,person,Regen-Berlin (kein Wechsel),False
2026-08-01 13:47:41.719,car_ID_952,car,Regen-Berlin->Regen-Potsdam,True
2026-08-01 13:47:43.117,car_ID_953,car,Regen-Potsdam (kein Wechsel),False
2026-08-01 13:48:18.249,car_ID_954,car,Regen-Potsdam->Regen-Berlin,True
2026-08-01 13:48:27.454,car_ID_955,car,Regen-Berlin->Regen-Potsdam,True
2026-08-01 13:48:40.583,bus_ID_115,bus,Regen-Berlin (kein Wechsel),False
2026-08-01 13:48:41.251,car_ID_956,car,Regen-Potsdam->Regen-Berlin,True
2026-08-01 13:49:04.520,car_ID_957,car,Regen-Potsdam->Regen-Berlin,True
2026-08-01 13:49:40.189,car_ID_958,car,Regen-Berlin->Regen-Potsdam,True
2026-08-01 13:49:42.122,car_ID_959,car,Regen-Berlin->Regen-Potsdam,True
2026-08-01 13:49:52.755,car_ID_960,car,Regen-Berlin->Regen-Potsdam,True
2026-08-01 13:50:07.125,car_ID_961,car,Regen-Potsdam->Regen-Berlin,True
2026-08-01 13:50:43.064,car_ID_962,car,Regen-Berlin->Regen-Potsdam,True
2026-08-01 13:50:57.225,car_ID_963,car,Regen-Potsdam->Regen-Berlin,True
2026-08-01 13:51:09.994,truck_ID_165,truck,Regen-Berlin (kein Wechsel),False
2026-08-01 13:51:10.526,truck_ID_166,truck,Regen-Berlin->Regen-Potsdam,True
2026-08-01 13:51:11.262,car_ID_965,car,Regen-Berlin->Regen-Potsdam,True
2026-08-01 13:51:12.898,car_ID_964,car,Regen-Berlin->Regen-Potsdam,True
2026-08-01 13:51:19.397,car_ID_966,car,Regen-Berlin->Regen-Potsdam,True
2026-08-01 13:51:20.363,car_ID_967,car,Regen-Potsdam (kein Wechsel),False
2026-08-01 13:52:14.797,car_ID_968,car,Regen-Berlin->Regen-Potsdam,True
2026-08-01 13:52:19.965,car_ID_969,car,Regen-Berlin->Regen-Potsdam,True
2026-08-01 13:53:24.038,person_ID_308,person,Regen-Potsdam (kein Wechsel),False
2026-08-01 13:53:24.336,car_ID_970,car,Regen-Potsdam->Regen-Berlin,True
2026-08-01 13:53:27.001,car_ID_971,car,Regen-Potsdam->Regen-Berlin,True
2026-08-01 13:53:29.700,person_ID_309,person,Regen-Potsdam->Regen-Berlin,True
2026-08-01 13:53:34.172,car_ID_972,car,Regen-Berlin->Regen-Potsdam,True
2026-08-01 13:53:39.869,person_ID_310,person,Regen-Berlin (kein Wechsel),False
2026-08-01 13:53:41.536,person_ID_311,person,Regen-Berlin (kein Wechsel),False
2026-08-01 13:53:55.840,motorcycle_ID_128,motorcycle,Regen-Potsdam (kein Wechsel),False
2026-08-01 13:53:56.106,person_ID_312,person,Regen-Potsdam (kein Wechsel),False
2026-08-01 13:53:58.438,motorcycle_ID_129,motorcycle,Regen-Potsdam->Regen-Berlin,True
2026-08-01 13:53:58.602,person_ID_313,person,Regen-Berlin (kein Wechsel),False
2026-08-01 13:53:59.338,motorcycle_ID_130,motorcycle,Regen-Potsdam->Regen-Berlin,True
2026-08-01 13:53:59.838,car_ID_973,car,Regen-Berlin (kein Wechsel),False
2026-08-01 13:54:23.075,motorcycle_ID_131,motorcycle,Regen-Berlin (kein Wechsel),False
2026-08-01 13:54:23.343,motorcycle_ID_132,motorcycle,Regen-Berlin (kein Wechsel),False
2026-08-01 13:54:23.845,bicycle_ID_195,bicycle,Regen-Berlin (kein Wechsel),False
2026-08-01 13:54:24.443,bicycle_ID_196,bicycle,Regen-Berlin (kein Wechsel),False
2026-08-01 13:54:24.941,motorcycle_ID_133,motorcycle,Regen-Berlin (kein Wechsel),False
2026-08-01 13:54:25.140,bicycle_ID_197,bicycle,Regen-Berlin (kein Wechsel),False
2026-08-01 13:54:25.172,motorcycle_ID_134,motorcycle,Regen-Berlin (kein Wechsel),False
2026-08-01 13:54:25.907,person_ID_314,person,Regen-Berlin->Regen-Potsdam,True
2026-08-01 13:54:26.006,bicycle_ID_194,bicycle,Regen-Berlin->Regen-Potsdam,True
2026-08-01 13:54:28.072,person_ID_315,person,Regen-Potsdam->Regen-Berlin,True
2026-08-01 13:54:30.080,car_ID_974,car,Regen-Berlin->Regen-Potsdam,True
2026-08-01 13:54:44.940,car_ID_975,car,Regen-Potsdam (kein Wechsel),False
2026-08-01 13:54:48.243,car_ID_976,car,Regen-Potsdam->Regen-Berlin,True
2026-08-01 13:54:50.244,car_ID_977,car,Regen-Potsdam->Regen-Berlin,True
2026-08-01 13:54:52.640,car_ID_978,car,Regen-Potsdam->Regen-Berlin,True
2026-08-01 13:55:18.982,bicycle_ID_198,bicycle,Regen-Potsdam (kein Wechsel),False
2026-08-01 13:55:24.178,bicycle_ID_199,bicycle,Regen-Potsdam->Regen-Berlin,True
2026-08-01 13:55:27.074,person_ID_317,person,Regen-Berlin (kein Wechsel),False
2026-08-01 13:55:29.176,person_ID_316,person,Regen-Potsdam->Regen-Berlin,True
2026-08-01 13:55:34.674,car_ID_979,car,Regen-Potsdam->Regen-Berlin,True
2026-08-01 13:56:29.613,car_ID_980,car,Regen-Potsdam->Regen-Berlin,True
2026-08-01 13:57:07.084,car_ID_981,car,Regen-Potsdam->Regen-Berlin,True
2026-08-01 13:57:20.784,person_ID_319,person,Regen-Berlin (kein Wechsel),False
2026-08-01 13:57:20.884,person_ID_318,person,Regen-Berlin (kein Wechsel),False
2026-08-01 13:57:38.852,car_ID_982,car,Regen-Potsdam->Regen-Berlin,True
2026-08-01 13:57:51.952,car_ID_983,car,Regen-Berlin->Regen-Potsdam,True
2026-08-01 13:58:09.959,car_ID_984,car,Regen-Berlin->Regen-Potsdam,True
2026-08-01 13:58:12.019,car_ID_985,car,Regen-Berlin->Regen-Potsdam,True
2026-08-01 13:58:24.294,car_ID_986,car,Regen-Potsdam->Regen-Berlin,True
2026-08-01 13:58:50.289,car_ID_987,car,Regen-Berlin->Regen-Potsdam,True
2026-08-01 13:58:51.455,car_ID_988,car,Regen-Potsdam (kein Wechsel),False
2026-08-01 13:59:46.094,truck_ID_167,truck,Regen-Berlin (kein Wechsel),False
2026-08-01 13:59:46.294,truck_ID_168,truck,Regen-Berlin (kein Wechsel),False
2026-08-01 13:59:46.658,car_ID_990,car,Regen-Berlin (kein Wechsel),False
2026-08-01 13:59:47.827,car_ID_989,car,Regen-Potsdam->Regen-Berlin,True
2026-08-01 14:00:12.060,car_ID_991,car,Regen-Berlin->Regen-Potsdam,True
2026-08-01 14:00:12.491,truck_ID_170,truck,Regen-Berlin->Regen-Potsdam,True
2026-08-01 14:00:12.627,truck_ID_169,truck,Regen-Berlin->Regen-Potsdam,True
2026-08-01 14:00:13.191,car_ID_992,car,Regen-Berlin->Regen-Potsdam,True
2026-08-01 14:00:23.132,car_ID_994,car,Regen-Potsdam (kein Wechsel),False
2026-08-01 14:00:23.634,truck_ID_172,truck,Regen-Potsdam (kein Wechsel),False
2026-08-01 14:00:24.496,truck_ID_173,truck,Regen-Berlin (kein Wechsel),False
2026-08-01 14:00:24.696,truck_ID_171,truck,Regen-Potsdam->Regen-Berlin,True
2026-08-01 14:00:24.931,car_ID_993,car,Regen-Potsdam->Regen-Berlin,True
2026-08-01 14:00:48.132,car_ID_995,car,Regen-Potsdam (kein Wechsel),False
2026-08-01 14:00:50.732,car_ID_996,car,Regen-Potsdam->Regen-Berlin,True
2026-08-01 14:01:24.798,car_ID_997,car,Regen-Berlin (kein Wechsel),False
2026-08-01 14:01:28.432,bus_ID_116,bus,Regen-Berlin->Regen-Potsdam,True
2026-08-01 14:02:01.201,car_ID_998,car,Regen-Potsdam->Regen-Berlin,True
2026-08-01 14:02:05.665,person_ID_320,person,Regen-Potsdam (kein Wechsel),False
2026-08-01 14:02:06.004,person_ID_321,person,Regen-Potsdam (kein Wechsel),False
2026-08-01 14:02:06.966,person_ID_322,person,Regen-Potsdam->Regen-Berlin,True
2026-08-01 14:02:08.834,person_ID_323,person,Regen-Berlin (kein Wechsel),False
2026-08-01 14:02:09.733,bicycle_ID_200,bicycle,Regen-Berlin (kein Wechsel),False
2026-08-01 14:02:14.901,car_ID_999,car,Regen-Berlin->Regen-Potsdam,True
2026-08-01 14:02:36.267,car_ID_1000,car,Regen-Berlin->Regen-Potsdam,True
2026-08-01 14:02:48.303,car_ID_1001,car,Regen-Berlin->Regen-Potsdam,True
2026-08-01 14:03:27.608,car_ID_1002,car,Regen-Berlin->Regen-Potsdam,True
2026-08-01 14:03:33.272,car_ID_1003,car,Regen-Berlin->Regen-Potsdam,True
2026-08-01 14:04:12.307,car_ID_1004,car,Regen-Berlin->Regen-Potsdam,True
2026-08-01 14:04:14.174,car_ID_1005,car,Regen-Berlin->Regen-Potsdam,True
2026-08-01 14:04:15.075,car_ID_1006,car,Regen-Potsdam (kein Wechsel),False
2026-08-01 14:04:15.140,motorcycle_ID_135,motorcycle,Regen-Potsdam (kein Wechsel),False
2026-08-01 14:04:27.143,car_ID_1007,car,Regen-Potsdam->Regen-Berlin,True
2026-08-01 14:04:28.043,person_ID_324,person,Regen-Potsdam (kein Wechsel),False
2026-08-01 14:04:29.408,motorcycle_ID_136,motorcycle,Regen-Berlin (kein Wechsel),False
2026-08-01 14:04:30.651,person_ID_326,person,Regen-Potsdam (kein Wechsel),False
2026-08-01 14:04:31.876,bicycle_ID_201,bicycle,Regen-Berlin->Regen-Potsdam,True
2026-08-01 14:04:32.043,person_ID_327,person,Regen-Potsdam (kein Wechsel),False
2026-08-01 14:04:32.308,person_ID_325,person,Regen-Berlin->Regen-Potsdam,True
2026-08-01 14:04:32.676,person_ID_328,person,Regen-Potsdam (kein Wechsel),False
2026-08-01 14:04:34.843,person_ID_329,person,Regen-Potsdam (kein Wechsel),False
2026-08-01 14:04:41.880,person_ID_330,person,Regen-Potsdam->Regen-Berlin,True
2026-08-01 14:04:42.277,person_ID_331,person,Regen-Berlin (kein Wechsel),False
2026-08-01 14:04:45.244,person_ID_332,person,Regen-Berlin (kein Wechsel),False
2026-08-01 14:04:48.277,person_ID_333,person,Regen-Berlin (kein Wechsel),False
2026-08-01 14:04:49.446,car_ID_1008,car,Regen-Berlin->Regen-Potsdam,True
2026-08-01 14:04:51.011,person_ID_334,person,Regen-Berlin (kein Wechsel),False
2026-08-01 14:04:51.509,car_ID_1009,car,Regen-Berlin->Regen-Potsdam,True
2026-08-01 14:05:03.977,bicycle_ID_202,bicycle,Regen-Potsdam (kein Wechsel),False
2026-08-01 14:05:04.610,person_ID_335,person,Regen-Potsdam (kein Wechsel),False
2026-08-01 14:05:05.942,car_ID_1010,car,Regen-Potsdam (kein Wechsel),False
2026-08-01 14:05:05.977,bicycle_ID_203,bicycle,Regen-Potsdam (kein Wechsel),False
2026-08-01 14:05:06.320,bicycle_ID_204,bicycle,Regen-Potsdam (kein Wechsel),False
2026-08-01 14:05:06.377,person_ID_336,person,Regen-Potsdam (kein Wechsel),False
2026-08-01 14:05:07.442,truck_ID_175,truck,Regen-Potsdam (kein Wechsel),False
2026-08-01 14:05:08.048,truck_ID_174,truck,Regen-Potsdam (kein Wechsel),False
2026-08-01 14:05:08.381,person_ID_337,person,Regen-Berlin (kein Wechsel),False
2026-08-01 14:05:09.010,person_ID_338,person,Regen-Berlin (kein Wechsel),False
2026-08-01 14:05:10.042,bus_ID_118,bus,Regen-Potsdam->Regen-Berlin,True
2026-08-01 14:05:11.011,bus_ID_119,bus,Regen-Berlin (kein Wechsel),False
2026-08-01 14:05:14.045,bus_ID_117,bus,Regen-Potsdam->Regen-Berlin,True
2026-08-01 14:05:36.350,car_ID_1011,car,Regen-Potsdam->Regen-Berlin,True
2026-08-01 14:06:02.587,bicycle_ID_205,bicycle,Regen-Potsdam (kein Wechsel),False
2026-08-01 14:06:05.052,motorcycle_ID_137,motorcycle,Regen-Potsdam (kein Wechsel),False
2026-08-01 14:06:05.151,bicycle_ID_207,bicycle,Regen-Potsdam (kein Wechsel),False
2026-08-01 14:06:05.384,person_ID_340,person,Regen-Potsdam (kein Wechsel),False
2026-08-01 14:06:05.651,bicycle_ID_206,bicycle,Regen-Potsdam (kein Wechsel),False
2026-08-01 14:06:05.882,motorcycle_ID_138,motorcycle,Regen-Potsdam->Regen-Berlin,True
2026-08-01 14:06:06.149,person_ID_339,person,Regen-Potsdam->Regen-Berlin,True
2026-08-01 14:06:07.681,motorcycle_ID_139,motorcycle,Regen-Berlin (kein Wechsel),False
2026-08-01 14:06:08.349,bicycle_ID_208,bicycle,Regen-Berlin (kein Wechsel),False
2026-08-01 14:06:09.249,person_ID_341,person,Regen-Berlin (kein Wechsel),False
2026-08-01 14:06:09.754,motorcycle_ID_140,motorcycle,Regen-Berlin (kein Wechsel),False
2026-08-01 14:06:24.317,car_ID_1012,car,Regen-Berlin->Regen-Potsdam,True
2026-08-01 14:06:58.318,car_ID_1013,car,Regen-Berlin->Regen-Potsdam,True
2026-08-01 14:07:30.725,car_ID_1014,car,Regen-Berlin->Regen-Potsdam,True
2026-08-01 14:07:35.720,car_ID_1016,car,Regen-Berlin->Regen-Potsdam,True
2026-08-01 14:07:35.820,truck_ID_176,truck,Regen-Potsdam (kein Wechsel),False
2026-08-01 14:07:36.224,car_ID_1015,car,Regen-Berlin->Regen-Potsdam,True
2026-08-01 14:08:00.254,car_ID_1017,car,Regen-Potsdam->Regen-Berlin,True
2026-08-01 14:08:51.993,car_ID_1018,car,Regen-Potsdam->Regen-Berlin,True
2026-08-01 14:09:01.292,car_ID_1019,car,Regen-Potsdam (kein Wechsel),False
2026-08-01 14:09:04.061,car_ID_1020,car,Regen-Potsdam->Regen-Berlin,True
2026-08-01 14:09:30.861,car_ID_1021,car,Regen-Potsdam->Regen-Berlin,True
2026-08-01 14:09:31.094,motorcycle_ID_141,motorcycle,Regen-Potsdam (kein Wechsel),False
2026-08-01 14:09:31.159,person_ID_342,person,Regen-Berlin->Regen-Potsdam,True
2026-08-01 14:09:31.559,bicycle_ID_210,bicycle,Regen-Potsdam (kein Wechsel),False
2026-08-01 14:09:31.658,bicycle_ID_209,bicycle,Regen-Berlin->Regen-Potsdam,True
2026-08-01 14:09:52.766,car_ID_1022,car,Regen-Berlin->Regen-Potsdam,True
2026-08-01 14:10:18.397,car_ID_1023,car,Regen-Berlin->Regen-Potsdam,True
2026-08-01 14:10:19.897,car_ID_1024,car,Regen-Potsdam (kein Wechsel),False
2026-08-01 14:10:52.435,car_ID_1025,car,Regen-Berlin (kein Wechsel),False
2026-08-01 14:10:52.966,car_ID_1026,car,Regen-Berlin (kein Wechsel),False
2026-08-01 14:10:53.731,truck_ID_177,truck,Regen-Berlin->Regen-Potsdam,True
2026-08-01 14:10:53.731,truck_ID_178,truck,Regen-Berlin->Regen-Potsdam,True
2026-08-01 14:11:04.566,car_ID_1028,car,Regen-Potsdam (kein Wechsel),False
2026-08-01 14:11:04.831,car_ID_1027,car,Regen-Berlin->Regen-Potsdam,True
2026-08-01 14:11:06.071,car_ID_1029,car,Regen-Potsdam (kein Wechsel),False
2026-08-01 14:11:33.937,car_ID_1030,car,Regen-Berlin->Regen-Potsdam,True
2026-08-01 14:11:36.237,car_ID_1031,car,Regen-Berlin->Regen-Potsdam,True
2026-08-01 14:11:36.769,person_ID_343,person,Regen-Potsdam (kein Wechsel),False
2026-08-01 14:12:05.137,car_ID_1032,car,Regen-Potsdam->Regen-Berlin,True
2026-08-01 14:12:12.903,car_ID_1033,car,Regen-Berlin->Regen-Potsdam,True
2026-08-01 14:12:42.975,car_ID_1034,car,Regen-Berlin->Regen-Potsdam,True
2026-08-01 14:13:10.513,car_ID_1035,car,Regen-Berlin (kein Wechsel),False
2026-08-01 14:13:22.310,truck_ID_179,truck,Regen-Potsdam (kein Wechsel),False
2026-08-01 14:13:22.310,car_ID_1038,car,Regen-Potsdam (kein Wechsel),False
2026-08-01 14:13:22.345,truck_ID_180,truck,Regen-Potsdam (kein Wechsel),False
2026-08-01 14:13:24.174,car_ID_1036,car,Regen-Berlin->Regen-Potsdam,True
2026-08-01 14:13:24.541,car_ID_1037,car,Regen-Potsdam->Regen-Berlin,True
2026-08-01 14:13:29.978,truck_ID_182,truck,Regen-Berlin->Regen-Potsdam,True
2026-08-01 14:13:30.013,car_ID_1039,car,Regen-Berlin->Regen-Potsdam,True
2026-08-01 14:13:30.048,truck_ID_181,truck,Regen-Berlin->Regen-Potsdam,True
2026-08-01 14:13:30.145,car_ID_1040,car,Regen-Berlin->Regen-Potsdam,True
2026-08-01 14:13:45.375,car_ID_1042,car,Regen-Berlin->Regen-Potsdam,True
2026-08-01 14:13:45.675,bus_ID_120,bus,Regen-Berlin (kein Wechsel),False
2026-08-01 14:13:45.975,car_ID_1041,car,Regen-Potsdam->Regen-Berlin,True
2026-08-01 14:13:50.048,car_ID_1043,car,Regen-Berlin->Regen-Potsdam,True
2026-08-01 14:13:53.776,person_ID_344,person,Regen-Potsdam (kein Wechsel),False
2026-08-01 14:13:56.343,person_ID_345,person,Regen-Potsdam (kein Wechsel),False
2026-08-01 14:14:04.312,car_ID_1044,car,Regen-Potsdam->Regen-Berlin,True
2026-08-01 14:14:11.244,person_ID_346,person,Regen-Potsdam->Regen-Berlin,True
2026-08-01 14:14:47.346,car_ID_1045,car,Regen-Potsdam->Regen-Berlin,True
2026-08-01 14:15:59.449,car_ID_1046,car,Regen-Berlin->Regen-Potsdam,True
2026-08-01 14:16:29.025,car_ID_1047,car,Regen-Potsdam->Regen-Berlin,True
2026-08-01 14:16:50.026,car_ID_1050,car,Regen-Berlin (kein Wechsel),False
2026-08-01 14:16:50.162,car_ID_1048,car,Regen-Berlin->Regen-Potsdam,True
2026-08-01 14:16:51.455,car_ID_1049,car,Regen-Potsdam->Regen-Berlin,True
2026-08-01 14:16:51.720,car_ID_1051,car,Regen-Potsdam (kein Wechsel),False
2026-08-01 14:17:01.056,car_ID_1052,car,Regen-Berlin->Regen-Potsdam,True
2026-08-01 14:17:01.657,car_ID_1053,car,Regen-Potsdam (kein Wechsel),False
2026-08-01 14:17:28.122,car_ID_1054,car,Regen-Berlin->Regen-Potsdam,True
2026-08-01 14:18:17.660,car_ID_1056,car,Regen-Berlin->Regen-Potsdam,True
2026-08-01 14:18:17.992,car_ID_1055,car,Regen-Potsdam->Regen-Berlin,True
2026-08-01 14:18:39.493,truck_ID_183,truck,Regen-Berlin (kein Wechsel),False
2026-08-01 14:18:39.528,bus_ID_122,bus,Regen-Berlin (kein Wechsel),False
2026-08-01 14:18:42.132,bus_ID_121,bus,Regen-Berlin->Regen-Potsdam,True
2026-08-01 14:18:43.628,car_ID_1057,car,Regen-Potsdam (kein Wechsel),False
2026-08-01 14:19:07.529,car_ID_1058,car,Regen-Berlin->Regen-Potsdam,True
2026-08-01 14:19:43.764,car_ID_1059,car,Regen-Potsdam->Regen-Berlin,True
2026-08-01 14:20:05.465,car_ID_1060,car,Regen-Berlin->Regen-Potsdam,True
2026-08-01 14:20:39.767,person_ID_347,person,Regen-Berlin (kein Wechsel),False
2026-08-01 14:21:02.268,person_ID_348,person,Regen-Berlin->Regen-Potsdam,True
2026-08-01 14:21:41.973,car_ID_1061,car,Regen-Berlin->Regen-Potsdam,True
2026-08-01 14:21:46.442,motorcycle_ID_142,motorcycle,Regen-Potsdam (kein Wechsel),False
2026-08-01 14:21:47.110,person_ID_349,person,Regen-Berlin->Regen-Potsdam,True
2026-08-01 14:21:47.142,bicycle_ID_211,bicycle,Regen-Berlin->Regen-Potsdam,True
2026-08-01 14:22:07.080,truck_ID_184,truck,Regen-Potsdam (kein Wechsel),False
2026-08-01 14:22:07.180,car_ID_1063,car,Regen-Potsdam (kein Wechsel),False
2026-08-01 14:22:07.712,car_ID_1062,car,Regen-Berlin->Regen-Potsdam,True
2026-08-01 14:22:21.607,car_ID_1064,car,Regen-Potsdam->Regen-Berlin,True
2026-08-01 14:22:28.008,car_ID_1065,car,Regen-Potsdam (kein Wechsel),False
2026-08-01 14:22:30.540,car_ID_1066,car,Regen-Potsdam->Regen-Berlin,True
2026-08-01 14:22:35.108,person_ID_350,person,Regen-Berlin (kein Wechsel),False
2026-08-01 14:22:43.241,person_ID_352,person,Regen-Berlin (kein Wechsel),False
2026-08-01 14:22:46.180,car_ID_1068,car,Regen-Potsdam->Regen-Berlin,True
2026-08-01 14:22:47.442,person_ID_353,person,Regen-Berlin (kein Wechsel),False
2026-08-01 14:23:08.042,person_ID_355,person,Regen-Potsdam (kein Wechsel),False
2026-08-01 14:23:09.181,car_ID_1069,car,Regen-Potsdam->Regen-Berlin,True
2026-08-01 14:23:15.110,person_ID_356,person,Regen-Potsdam (kein Wechsel),False
2026-08-01 14:23:17.343,person_ID_351,person,Regen-Berlin->Regen-Potsdam,True
2026-08-01 14:23:27.917,person_ID_357,person,Regen-Potsdam->Regen-Berlin,True
2026-08-01 14:23:47.112,person_ID_354,person,Regen-Potsdam->Regen-Berlin,True
2026-08-01 14:23:49.549,person_ID_358,person,Regen-Berlin (kein Wechsel),False
2026-08-01 14:24:04.013,person_ID_359,person,Regen-Berlin (kein Wechsel),False
2026-08-01 14:24:37.914,person_ID_360,person,Regen-Berlin (kein Wechsel),False
2026-08-01 14:24:39.483,person_ID_361,person,Regen-Berlin (kein Wechsel),False
2026-08-01 14:24:39.715,person_ID_362,person,Regen-Berlin (kein Wechsel),False
2026-08-01 14:24:40.015,motorcycle_ID_143,motorcycle,Regen-Berlin (kein Wechsel),False
2026-08-01 14:24:55.483,car_ID_1070,car,Regen-Potsdam->Regen-Berlin,True
2026-08-01 14:25:24.556,truck_ID_185,truck,Regen-Potsdam (kein Wechsel),False
2026-08-01 14:25:25.527,car_ID_1067,car,Regen-Potsdam (kein Wechsel),False
2026-08-01 14:25:28.353,bus_ID_123,bus,Regen-Potsdam->Regen-Berlin,True
2026-08-01 14:25:28.385,car_ID_1072,car,Regen-Berlin (kein Wechsel),False
2026-08-01 14:26:19.423,car_ID_1073,car,Regen-Potsdam->Regen-Berlin,True
2026-08-01 14:26:56.126,car_ID_1074,car,Regen-Berlin->Regen-Potsdam,True
2026-08-01 14:27:03.559,car_ID_1075,car,Regen-Berlin (kein Wechsel),False
2026-08-01 14:27:03.593,truck_ID_186,truck,Regen-Berlin (kein Wechsel),False
2026-08-01 14:27:05.961,truck_ID_187,truck,Regen-Berlin->Regen-Potsdam,True
2026-08-01 14:27:24.462,car_ID_1076,car,Regen-Potsdam (kein Wechsel),False
2026-08-01 14:27:27.126,car_ID_1077,car,Regen-Potsdam->Regen-Berlin,True
2026-08-01 14:28:15.497,car_ID_1078,car,Regen-Potsdam->Regen-Berlin,True
2026-08-01 14:28:22.430,person_ID_363,person,Regen-Berlin->Regen-Potsdam,True
2026-08-01 14:28:30.067,person_ID_364,person,Regen-Potsdam (kein Wechsel),False
2026-08-01 14:28:32.669,person_ID_365,person,Regen-Potsdam (kein Wechsel),False
2026-08-01 14:29:03.799,car_ID_1079,car,Regen-Berlin (kein Wechsel),False
2026-08-01 14:29:16.500,car_ID_1081,car,Regen-Potsdam->Regen-Berlin,True
2026-08-01 14:29:20.433,car_ID_1080,car,Regen-Berlin (kein Wechsel),False
2026-08-01 14:29:22.333,car_ID_1082,car,Regen-Berlin->Regen-Potsdam,True
2026-08-01 14:29:23.233,car_ID_1083,car,Regen-Potsdam (kein Wechsel),False
2026-08-01 14:29:28.468,car_ID_1084,car,Regen-Berlin->Regen-Potsdam,True
2026-08-01 14:29:29.802,car_ID_1085,car,Regen-Potsdam (kein Wechsel),False
2026-08-01 14:29:42.001,car_ID_1086,car,Regen-Berlin->Regen-Potsdam,True
2026-08-01 14:29:56.706,car_ID_1087,car,Regen-Potsdam->Regen-Berlin,True
2026-08-01 14:30:03.712,car_ID_1089,car,Regen-Berlin (kein Wechsel),False
2026-08-01 14:30:05.135,car_ID_1088,car,Regen-Potsdam->Regen-Berlin,True
2026-08-01 14:30:53.676,car_ID_1090,car,Regen-Berlin->Regen-Potsdam,True
2026-08-01 14:31:08.141,bicycle_ID_212,bicycle,Regen-Potsdam (kein Wechsel),False
2026-08-01 14:31:08.946,person_ID_366,person,Regen-Potsdam (kein Wechsel),False
2026-08-01 14:31:09.778,person_ID_367,person,Regen-Potsdam (kein Wechsel),False
2026-08-01 14:31:09.810,bicycle_ID_213,bicycle,Regen-Potsdam (kein Wechsel),False
2026-08-01 14:31:10.344,bicycle_ID_214,bicycle,Regen-Potsdam (kein Wechsel),False
2026-08-01 14:31:10.611,bicycle_ID_215,bicycle,Regen-Berlin (kein Wechsel),False
2026-08-01 14:31:10.875,motorcycle_ID_144,motorcycle,Regen-Berlin (kein Wechsel),False
2026-08-01 14:31:11.174,person_ID_368,person,Regen-Potsdam->Regen-Berlin,True
2026-08-01 14:31:11.274,car_ID_1091,car,Regen-Potsdam (kein Wechsel),False
2026-08-01 14:31:12.042,motorcycle_ID_145,motorcycle,Regen-Berlin (kein Wechsel),False
2026-08-01 14:31:12.074,motorcycle_ID_146,motorcycle,Regen-Berlin (kein Wechsel),False
2026-08-01 14:31:12.606,person_ID_369,person,Regen-Berlin (kein Wechsel),False
2026-08-01 14:31:15.374,car_ID_1092,car,Regen-Potsdam->Regen-Berlin,True
2026-08-01 14:31:16.312,car_ID_1093,car,Regen-Berlin (kein Wechsel),False
2026-08-01 14:31:17.745,car_ID_1094,car,Regen-Berlin (kein Wechsel),False
2026-08-01 14:31:27.042,car_ID_1095,car,Regen-Berlin->Regen-Potsdam,True
2026-08-01 14:31:28.175,car_ID_1096,car,Regen-Potsdam (kein Wechsel),False
2026-08-01 14:32:24.577,car_ID_1097,car,Regen-Berlin->Regen-Potsdam,True
2026-08-01 14:32:36.549,car_ID_1098,car,Regen-Potsdam (kein Wechsel),False
2026-08-01 14:32:36.753,bus_ID_124,bus,Regen-Potsdam (kein Wechsel),False
2026-08-01 14:32:38.348,truck_ID_188,truck,Regen-Potsdam->Regen-Berlin,True
2026-08-01 14:32:57.848,car_ID_1099,car,Regen-Potsdam->Regen-Berlin,True
2026-08-01 14:33:08.521,car_ID_1100,car,Regen-Berlin->Regen-Potsdam,True
2026-08-01 14:33:15.049,car_ID_1101,car,Regen-Potsdam->Regen-Berlin,True
2026-08-01 14:33:44.549,car_ID_1102,car,Regen-Potsdam->Regen-Berlin,True
2026-08-01 14:33:57.518,person_ID_371,person,Regen-Berlin (kein Wechsel),False
2026-08-01 14:33:57.918,motorcycle_ID_147,motorcycle,Regen-Berlin (kein Wechsel),False
2026-08-01 14:33:58.286,person_ID_372,person,Regen-Potsdam (kein Wechsel),False
2026-08-01 14:33:58.918,bicycle_ID_217,bicycle,Regen-Berlin (kein Wechsel),False
2026-08-01 14:33:58.918,person_ID_373,person,Regen-Potsdam (kein Wechsel),False
2026-08-01 14:33:59.385,motorcycle_ID_150,motorcycle,Regen-Berlin (kein Wechsel),False
2026-08-01 14:33:59.491,motorcycle_ID_149,motorcycle,Regen-Berlin->Regen-Potsdam,True
2026-08-01 14:33:59.852,person_ID_374,person,Regen-Berlin->Regen-Potsdam,True
2026-08-01 14:33:59.951,motorcycle_ID_151,motorcycle,Regen-Potsdam (kein Wechsel),False
2026-08-01 14:34:00.350,bicycle_ID_218,bicycle,Regen-Potsdam (kein Wechsel),False
2026-08-01 14:34:00.485,motorcycle_ID_148,motorcycle,Regen-Berlin->Regen-Potsdam,True
2026-08-01 14:34:00.618,bicycle_ID_216,bicycle,Regen-Berlin->Regen-Potsdam,True
2026-08-01 14:34:01.223,person_ID_375,person,Regen-Potsdam (kein Wechsel),False
2026-08-01 14:34:01.392,person_ID_370,person,Regen-Berlin->Regen-Potsdam,True
2026-08-01 14:34:04.589,person_ID_377,person,Regen-Potsdam (kein Wechsel),False
2026-08-01 14:34:11.551,person_ID_376,person,Regen-Potsdam->Regen-Berlin,True
2026-08-01 14:34:14.651,car_ID_1103,car,Regen-Potsdam->Regen-Berlin,True
2026-08-01 14:34:26.287,car_ID_1104,car,Regen-Berlin->Regen-Potsdam,True
2026-08-01 14:34:27.887,car_ID_1105,car,Regen-Potsdam (kein Wechsel),False
2026-08-01 14:34:51.020,car_ID_1106,car,Regen-Potsdam->Regen-Berlin,True
2026-08-01 14:35:31.096,person_ID_378,person,Regen-Berlin (kein Wechsel),False
2026-08-01 14:35:39.963,person_ID_380,person,Regen-Berlin (kein Wechsel),False
2026-08-01 14:35:42.561,person_ID_381,person,Regen-Berlin (kein Wechsel),False
2026-08-01 14:35:48.464,car_ID_1107,car,Regen-Berlin (kein Wechsel),False
2026-08-01 14:35:49.959,truck_ID_189,truck,Regen-Berlin->Regen-Potsdam,True
2026-08-01 14:35:53.892,person_ID_382,person,Regen-Berlin->Regen-Potsdam,True
2026-08-01 14:35:57.259,person_ID_379,person,Regen-Berlin->Regen-Potsdam,True
2026-08-01 14:36:02.692,person_ID_383,person,Regen-Potsdam (kein Wechsel),False
2026-08-01 14:36:03.324,car_ID_1108,car,Regen-Potsdam->Regen-Berlin,True
2026-08-01 14:36:44.694,car_ID_1071,car,Regen-Potsdam->Regen-Berlin,True
2026-08-01 14:37:06.896,car_ID_1109,car,Regen-Berlin->Regen-Potsdam,True
2026-08-01 14:37:34.732,person_ID_384,person,Regen-Berlin->Regen-Potsdam,True
2026-08-01 14:38:13.034,car_ID_1110,car,Regen-Potsdam (kein Wechsel),False
2026-08-01 14:38:16.671,truck_ID_190,truck,Regen-Potsdam->Regen-Berlin,True
2026-08-01 14:38:54.138,bicycle_ID_220,bicycle,Regen-Berlin (kein Wechsel),False
2026-08-01 14:38:54.269,bicycle_ID_221,bicycle,Regen-Berlin (kein Wechsel),False
2026-08-01 14:38:54.705,motorcycle_ID_152,motorcycle,Regen-Berlin->Regen-Potsdam,True
2026-08-01 14:38:54.738,person_ID_385,person,Regen-Berlin->Regen-Potsdam,True
2026-08-01 14:38:55.205,motorcycle_ID_153,motorcycle,Regen-Berlin->Regen-Potsdam,True
2026-08-01 14:38:55.205,bicycle_ID_219,bicycle,Regen-Berlin->Regen-Potsdam,True
2026-08-01 14:38:56.404,car_ID_1111,car,Regen-Berlin (kein Wechsel),False
2026-08-01 14:38:56.769,truck_ID_191,truck,Regen-Berlin (kein Wechsel),False
2026-08-01 14:38:56.869,truck_ID_192,truck,Regen-Berlin (kein Wechsel),False
2026-08-01 14:38:58.069,bus_ID_126,bus,Regen-Berlin (kein Wechsel),False
2026-08-01 14:39:01.607,bus_ID_125,bus,Regen-Berlin->Regen-Potsdam,True
2026-08-01 14:39:04.605,car_ID_1112,car,Regen-Berlin->Regen-Potsdam,True
2026-08-01 14:39:10.705,car_ID_1113,car,Regen-Berlin->Regen-Potsdam,True
2026-08-01 14:39:13.869,car_ID_1114,car,Regen-Berlin->Regen-Potsdam,True
2026-08-01 14:39:26.407,car_ID_1115,car,Regen-Potsdam->Regen-Berlin,True
2026-08-01 14:39:28.370,bus_ID_127,bus,Regen-Berlin (kein Wechsel),False
2026-08-01 14:39:28.939,car_ID_1116,car,Regen-Potsdam->Regen-Berlin,True
2026-08-01 14:40:04.545,car_ID_1117,car,Regen-Berlin->Regen-Potsdam,True
2026-08-01 14:40:30.645,bicycle_ID_222,bicycle,Regen-Berlin (kein Wechsel),False
2026-08-01 14:40:30.877,bicycle_ID_223,bicycle,Regen-Berlin (kein Wechsel),False
2026-08-01 14:40:31.442,motorcycle_ID_154,motorcycle,Regen-Berlin (kein Wechsel),False
2026-08-01 14:40:31.710,motorcycle_ID_156,motorcycle,Regen-Berlin (kein Wechsel),False
2026-08-01 14:40:31.710,bicycle_ID_224,bicycle,Regen-Berlin (kein Wechsel),False
2026-08-01 14:40:32.142,motorcycle_ID_155,motorcycle,Regen-Berlin->Regen-Potsdam,True
2026-08-01 14:40:32.142,person_ID_386,person,Regen-Berlin->Regen-Potsdam,True
2026-08-01 14:41:00.382,car_ID_1118,car,Regen-Potsdam (kein Wechsel),False
2026-08-01 14:41:02.979,car_ID_1119,car,Regen-Potsdam->Regen-Berlin,True
2026-08-01 14:41:28.915,car_ID_1120,car,Regen-Berlin->Regen-Potsdam,True
2026-08-01 14:41:45.045,car_ID_1121,car,Regen-Berlin->Regen-Potsdam,True
2026-08-01 14:42:01.015,car_ID_1122,car,Regen-Potsdam->Regen-Berlin,True
2026-08-01 14:42:04.181,car_ID_1123,car,Regen-Berlin->Regen-Potsdam,True
2026-08-01 14:42:07.285,car_ID_1124,car,Regen-Berlin->Regen-Potsdam,True
2026-08-01 14:42:08.885,car_ID_1125,car,Regen-Berlin->Regen-Potsdam,True
2026-08-01 14:43:11.617,car_ID_1126,car,Regen-Potsdam->Regen-Berlin,True
2026-08-01 14:44:04.125,car_ID_1127,car,Regen-Berlin->Regen-Potsdam,True
2026-08-01 14:44:04.323,truck_ID_193,truck,Regen-Potsdam (kein Wechsel),False
2026-08-01 14:44:04.855,car_ID_1128,car,Regen-Potsdam (kein Wechsel),False
2026-08-01 14:44:09.595,motorcycle_ID_157,motorcycle,Regen-Potsdam (kein Wechsel),False
2026-08-01 14:44:10.156,bicycle_ID_225,bicycle,Regen-Potsdam (kein Wechsel),False
2026-08-01 14:44:10.456,person_ID_387,person,Regen-Potsdam (kein Wechsel),False
2026-08-01 14:44:11.856,motorcycle_ID_158,motorcycle,Regen-Potsdam (kein Wechsel),False
2026-08-01 14:44:13.088,person_ID_388,person,Regen-Berlin (kein Wechsel),False
2026-08-01 14:44:13.356,motorcycle_ID_159,motorcycle,Regen-Berlin (kein Wechsel),False
2026-08-01 14:44:15.259,motorcycle_ID_160,motorcycle,Regen-Berlin (kein Wechsel),False
2026-08-01 14:44:15.528,motorcycle_ID_161,motorcycle,Regen-Berlin (kein Wechsel),False
2026-08-01 14:44:15.827,person_ID_389,person,Regen-Berlin (kein Wechsel),False
2026-08-01 14:44:16.259,bicycle_ID_226,bicycle,Regen-Berlin (kein Wechsel),False
2026-08-01 14:44:17.691,car_ID_1129,car,Regen-Berlin (kein Wechsel),False
2026-08-01 14:44:31.524,truck_ID_195,truck,Regen-Berlin (kein Wechsel),False
2026-08-01 14:44:31.757,truck_ID_194,truck,Regen-Berlin (kein Wechsel),False
2026-08-01 14:44:31.957,car_ID_1130,car,Regen-Potsdam->Regen-Berlin,True
2026-08-01 14:44:32.962,truck_ID_196,truck,Regen-Berlin (kein Wechsel),False
2026-08-01 14:44:33.762,car_ID_1132,car,Regen-Berlin (kein Wechsel),False
2026-08-01 14:44:34.196,bus_ID_128,bus,Regen-Berlin (kein Wechsel),False
2026-08-01 14:44:34.528,bus_ID_129,bus,Regen-Berlin (kein Wechsel),False
2026-08-01 14:44:35.030,car_ID_1131,car,Regen-Berlin (kein Wechsel),False
2026-08-01 14:44:52.990,car_ID_1133,car,Regen-Berlin->Regen-Potsdam,True
2026-08-01 14:45:09.894,person_ID_390,person,Regen-Potsdam->Regen-Berlin,True
2026-08-01 14:45:40.728,car_ID_1134,car,Regen-Potsdam->Regen-Berlin,True
2026-08-01 14:45:44.202,car_ID_1135,car,Regen-Potsdam (kein Wechsel),False
2026-08-01 14:45:45.761,bus_ID_131,bus,Regen-Potsdam (kein Wechsel),False
2026-08-01 14:45:46.629,bus_ID_132,bus,Regen-Potsdam (kein Wechsel),False
2026-08-01 14:45:49.428,bus_ID_130,bus,Regen-Potsdam->Regen-Berlin,True
2026-08-01 14:45:49.597,car_ID_1136,car,Regen-Berlin (kein Wechsel),False
2026-08-01 14:46:02.430,bus_ID_133,bus,Regen-Berlin (kein Wechsel),False
2026-08-01 14:46:03.061,car_ID_1137,car,Regen-Potsdam->Regen-Berlin,True
2026-08-01 14:46:17.604,bicycle_ID_227,bicycle,Regen-Berlin->Regen-Potsdam,True
2026-08-01 14:46:18.063,person_ID_391,person,Regen-Berlin->Regen-Potsdam,True
2026-08-01 14:46:18.262,person_ID_392,person,Regen-Potsdam (kein Wechsel),False
2026-08-01 14:47:07.765,car_ID_1138,car,Regen-Potsdam->Regen-Berlin,True
2026-08-01 14:47:33.772,person_ID_393,person,Regen-Berlin (kein Wechsel),False
2026-08-01 14:47:47.170,car_ID_1139,car,Regen-Berlin (kein Wechsel),False
2026-08-01 14:47:47.238,truck_ID_197,truck,Regen-Berlin (kein Wechsel),False
2026-08-01 14:47:47.735,car_ID_1140,car,Regen-Berlin (kein Wechsel),False
2026-08-01 14:47:49.306,person_ID_394,person,Regen-Berlin->Regen-Potsdam,True
2026-08-01 14:47:49.506,truck_ID_198,truck,Regen-Berlin->Regen-Potsdam,True
2026-08-01 14:47:52.403,car_ID_1141,car,Regen-Potsdam->Regen-Berlin,True
2026-08-01 14:47:55.203,truck_ID_199,truck,Regen-Berlin (kein Wechsel),False
2026-08-01 14:47:55.503,car_ID_1143,car,Regen-Berlin (kein Wechsel),False
2026-08-01 14:47:55.735,car_ID_1142,car,Regen-Potsdam->Regen-Berlin,True
2026-08-01 14:47:58.140,person_ID_396,person,Regen-Berlin (kein Wechsel),False
2026-08-01 14:47:58.704,person_ID_395,person,Regen-Potsdam (kein Wechsel),False
2026-08-01 14:47:58.971,person_ID_397,person,Regen-Potsdam (kein Wechsel),False
2026-08-01 14:47:59.003,motorcycle_ID_162,motorcycle,Regen-Berlin->Regen-Potsdam,True
2026-08-01 14:48:45.172,car_ID_1144,car,Regen-Berlin (kein Wechsel),False
2026-08-01 14:48:45.706,car_ID_1145,car,Regen-Berlin (kein Wechsel),False
2026-08-01 14:48:46.306,truck_ID_200,truck,Regen-Berlin->Regen-Potsdam,True
2026-08-01 14:48:46.805,truck_ID_201,truck,Regen-Potsdam (kein Wechsel),False
2026-08-01 14:48:50.641,car_ID_1146,car,Regen-Potsdam->Regen-Berlin,True
2026-08-01 14:49:00.674,car_ID_1147,car,Regen-Potsdam (kein Wechsel),False
2026-08-01 14:49:04.275,car_ID_1148,car,Regen-Potsdam->Regen-Berlin,True
2026-08-01 14:49:17.307,car_ID_1149,car,Regen-Potsdam->Regen-Berlin,True
2026-08-01 14:49:17.375,truck_ID_203,truck,Regen-Berlin (kein Wechsel),False
2026-08-01 14:49:17.542,truck_ID_202,truck,Regen-Potsdam->Regen-Berlin,True
2026-08-01 14:49:17.908,bus_ID_134,bus,Regen-Berlin (kein Wechsel),False
2026-08-01 14:49:18.076,car_ID_1150,car,Regen-Potsdam->Regen-Berlin,True
2026-08-01 14:49:54.344,car_ID_1151,car,Regen-Berlin->Regen-Potsdam,True
2026-08-01 14:50:12.878,person_ID_398,person,Regen-Potsdam (kein Wechsel),False
2026-08-01 14:50:15.045,person_ID_399,person,Regen-Potsdam (kein Wechsel),False
2026-08-01 14:50:20.177,truck_ID_204,truck,Regen-Potsdam->Regen-Berlin,True
2026-08-01 14:50:22.810,person_ID_400,person,Regen-Potsdam (kein Wechsel),False
2026-08-01 14:50:24.481,car_ID_1153,car,Regen-Berlin->Regen-Potsdam,True
2026-08-01 14:50:27.314,car_ID_1152,car,Regen-Berlin (kein Wechsel),False
2026-08-01 14:50:28.110,truck_ID_205,truck,Regen-Potsdam (kein Wechsel),False
2026-08-01 14:50:28.242,truck_ID_206,truck,Regen-Potsdam (kein Wechsel),False
2026-08-01 14:50:28.910,car_ID_1154,car,Regen-Berlin->Regen-Potsdam,True
2026-08-01 14:50:29.814,car_ID_1155,car,Regen-Potsdam (kein Wechsel),False
2026-08-01 14:50:31.613,car_ID_1156,car,Regen-Potsdam (kein Wechsel),False
2026-08-01 14:50:36.411,truck_ID_207,truck,Regen-Potsdam->Regen-Berlin,True
2026-08-01 14:50:41.646,car_ID_1157,car,Regen-Berlin->Regen-Potsdam,True
2026-08-01 14:50:58.615,car_ID_1158,car,Regen-Potsdam->Regen-Berlin,True
2026-08-01 14:51:01.751,car_ID_1159,car,Regen-Berlin->Regen-Potsdam,True
2026-08-01 14:51:03.550,car_ID_1161,car,Regen-Berlin (kein Wechsel),False
2026-08-01 14:51:03.581,car_ID_1160,car,Regen-Berlin->Regen-Potsdam,True
2026-08-01 14:51:36.320,person_ID_401,person,Regen-Potsdam (kein Wechsel),False
2026-08-01 14:51:39.649,person_ID_402,person,Regen-Potsdam (kein Wechsel),False
2026-08-01 14:51:43.883,car_ID_1162,car,Regen-Berlin->Regen-Potsdam,True
2026-08-01 14:51:53.819,car_ID_1163,car,Regen-Berlin->Regen-Potsdam,True
2026-08-01 14:51:58.720,car_ID_1164,car,Regen-Potsdam->Regen-Berlin,True
2026-08-01 14:52:00.552,person_ID_403,person,Regen-Potsdam->Regen-Berlin,True
2026-08-01 14:52:07.551,car_ID_1165,car,Regen-Berlin->Regen-Potsdam,True
2026-08-01 14:52:20.092,car_ID_1166,car,Regen-Potsdam->Regen-Berlin,True
2026-08-01 14:52:24.853,motorcycle_ID_164,motorcycle,Regen-Berlin (kein Wechsel),False
2026-08-01 14:52:24.985,car_ID_1167,car,Regen-Potsdam->Regen-Berlin,True
2026-08-01 14:52:25.385,motorcycle_ID_163,motorcycle,Regen-Berlin->Regen-Potsdam,True
2026-08-01 14:52:25.521,bicycle_ID_229,bicycle,Regen-Berlin (kein Wechsel),False
2026-08-01 14:52:25.521,person_ID_404,person,Regen-Berlin->Regen-Potsdam,True
2026-08-01 14:52:25.921,bicycle_ID_230,bicycle,Regen-Potsdam (kein Wechsel),False
2026-08-01 14:52:26.021,bicycle_ID_228,bicycle,Regen-Berlin->Regen-Potsdam,True
2026-08-01 14:52:36.656,car_ID_1168,car,Regen-Potsdam->Regen-Berlin,True
2026-08-01 14:52:46.622,car_ID_1169,car,Regen-Potsdam->Regen-Berlin,True
2026-08-01 14:53:27.459,car_ID_1170,car,Regen-Berlin->Regen-Potsdam,True
2026-08-01 14:54:18.964,car_ID_1171,car,Regen-Berlin->Regen-Potsdam,True
2026-08-01 14:56:12.739,car_ID_1172,car,Regen-Potsdam (kein Wechsel),False
2026-08-01 14:56:14.501,car_ID_1173,car,Regen-Potsdam->Regen-Berlin,True
2026-08-01 14:56:55.869,car_ID_1174,car,Regen-Berlin->Regen-Potsdam,True
2026-08-01 14:56:56.871,car_ID_1176,car,Regen-Potsdam (kein Wechsel),False
2026-08-01 14:56:57.737,car_ID_1175,car,Regen-Berlin->Regen-Potsdam,True
2026-08-01 14:56:58.701,car_ID_1177,car,Regen-Potsdam (kein Wechsel),False
2026-08-01 14:57:52.911,car_ID_1178,car,Regen-Berlin->Regen-Potsdam,True
2026-08-01 14:58:28.177,person_ID_405,person,Regen-Potsdam (kein Wechsel),False
2026-08-01 14:58:29.677,person_ID_406,person,Regen-Potsdam (kein Wechsel),False
2026-08-01 14:58:31.777,person_ID_407,person,Regen-Potsdam (kein Wechsel),False
2026-08-01 14:58:33.509,person_ID_408,person,Regen-Potsdam (kein Wechsel),False
2026-08-01 14:58:39.312,person_ID_409,person,Regen-Potsdam (kein Wechsel),False
2026-08-01 14:58:46.947,person_ID_410,person,Regen-Potsdam (kein Wechsel),False
2026-08-01 14:59:02.075,car_ID_1179,car,Regen-Berlin->Regen-Potsdam,True
2026-08-01 14:59:02.443,car_ID_1180,car,Regen-Potsdam (kein Wechsel),False
2026-08-01 14:59:03.010,person_ID_411,person,Regen-Potsdam->Regen-Berlin,True
2026-08-01 14:59:05.776,person_ID_412,person,Regen-Berlin (kein Wechsel),False
2026-08-01 14:59:21.476,person_ID_414,person,Regen-Berlin (kein Wechsel),False
2026-08-01 14:59:21.512,person_ID_413,person,Regen-Berlin (kein Wechsel),False
2026-08-01 14:59:21.843,car_ID_1181,car,Regen-Berlin->Regen-Potsdam,True
2026-08-01 14:59:27.281,car_ID_1182,car,Regen-Berlin->Regen-Potsdam,True
2026-08-01 14:59:31.349,car_ID_1183,car,Regen-Berlin->Regen-Potsdam,True
2026-08-01 14:59:53.784,car_ID_1184,car,Regen-Potsdam->Regen-Berlin,True
2026-08-01 14:59:54.946,car_ID_1185,car,Regen-Berlin (kein Wechsel),False
2026-08-01 14:59:55.846,truck_ID_209,truck,Regen-Berlin (kein Wechsel),False
2026-08-01 14:59:56.046,truck_ID_208,truck,Regen-Berlin (kein Wechsel),False
2026-08-01 14:59:56.514,bus_ID_136,bus,Regen-Berlin (kein Wechsel),False
2026-08-01 14:59:57.381,bus_ID_137,bus,Regen-Potsdam (kein Wechsel),False
2026-08-01 14:59:58.146,bus_ID_135,bus,Regen-Berlin->Regen-Potsdam,True
2026-08-01 15:00:01.349,car_ID_1186,car,Regen-Berlin->Regen-Potsdam,True
2026-08-01 15:03:48.593,person_ID_415,person,Regen-Berlin->Regen-Potsdam,True
2026-08-01 15:03:48.828,bicycle_ID_232,bicycle,Regen-Potsdam (kein Wechsel),False
2026-08-01 15:03:49.161,bicycle_ID_231,bicycle,Regen-Berlin->Regen-Potsdam,True
2026-08-01 15:04:03.928,car_ID_1187,car,Regen-Potsdam->Regen-Berlin,True
2026-08-01 15:04:06.028,car_ID_1188,car,Regen-Potsdam->Regen-Berlin,True
2026-08-01 15:04:08.632,car_ID_1189,car,Regen-Potsdam->Regen-Berlin,True
2026-08-01 15:04:14.329,car_ID_1190,car,Regen-Potsdam->Regen-Berlin,True
2026-08-01 15:04:30.762,car_ID_1191,car,Regen-Potsdam->Regen-Berlin,True
2026-08-01 15:04:32.130,car_ID_1192,car,Regen-Potsdam->Regen-Berlin,True
2026-08-01 15:04:33.037,bicycle_ID_233,bicycle,Regen-Berlin (kein Wechsel),False
2026-08-01 15:04:36.131,person_ID_416,person,Regen-Berlin->Regen-Potsdam,True
2026-08-01 15:04:36.163,bicycle_ID_234,bicycle,Regen-Berlin->Regen-Potsdam,True
2026-08-01 15:04:38.463,bicycle_ID_235,bicycle,Regen-Berlin (kein Wechsel),False
2026-08-01 15:04:39.331,car_ID_1193,car,Regen-Berlin->Regen-Potsdam,True
2026-08-01 15:04:41.533,motorcycle_ID_165,motorcycle,Regen-Berlin->Regen-Potsdam,True
2026-08-01 15:04:41.899,motorcycle_ID_166,motorcycle,Regen-Berlin->Regen-Potsdam,True
2026-08-01 15:04:41.899,bicycle_ID_236,bicycle,Regen-Berlin->Regen-Potsdam,True
2026-08-01 15:04:41.931,person_ID_417,person,Regen-Berlin->Regen-Potsdam,True
2026-08-01 15:04:41.963,bicycle_ID_237,bicycle,Regen-Berlin->Regen-Potsdam,True
2026-08-01 15:04:53.536,motorcycle_ID_167,motorcycle,Regen-Berlin (kein Wechsel),False
2026-08-01 15:04:54.168,person_ID_418,person,Regen-Berlin (kein Wechsel),False
2026-08-01 15:04:56.032,motorcycle_ID_168,motorcycle,Regen-Berlin (kein Wechsel),False
2026-08-01 15:04:56.164,motorcycle_ID_169,motorcycle,Regen-Berlin (kein Wechsel),False
2026-08-01 15:04:56.799,person_ID_420,person,Regen-Berlin (kein Wechsel),False
2026-08-01 15:04:57.703,motorcycle_ID_170,motorcycle,Regen-Berlin (kein Wechsel),False
2026-08-01 15:04:57.833,person_ID_421,person,Regen-Berlin (kein Wechsel),False
2026-08-01 15:04:58.264,motorcycle_ID_171,motorcycle,Regen-Potsdam (kein Wechsel),False
2026-08-01 15:05:00.369,person_ID_419,person,Regen-Berlin->Regen-Potsdam,True
2026-08-01 15:05:00.405,bicycle_ID_238,bicycle,Regen-Berlin->Regen-Potsdam,True
2026-08-01 15:05:03.165,bus_ID_138,bus,Regen-Potsdam->Regen-Berlin,True
2026-08-01 15:05:03.432,car_ID_1194,car,Regen-Berlin (kein Wechsel),False
2026-08-01 15:05:06.564,truck_ID_211,truck,Regen-Potsdam (kein Wechsel),False
2026-08-01 15:05:06.632,truck_ID_210,truck,Regen-Potsdam (kein Wechsel),False
2026-08-01 15:05:07.132,car_ID_1196,car,Regen-Potsdam (kein Wechsel),False
2026-08-01 15:05:07.364,car_ID_1195,car,Regen-Berlin->Regen-Potsdam,True
2026-08-01 15:05:17.565,car_ID_1197,car,Regen-Berlin->Regen-Potsdam,True
2026-08-01 15:05:18.933,car_ID_1198,car,Regen-Potsdam (kein Wechsel),False
2026-08-01 15:05:32.669,car_ID_1199,car,Regen-Potsdam->Regen-Berlin,True
2026-08-01 15:05:37.834,car_ID_1200,car,Regen-Potsdam->Regen-Berlin,True
2026-08-01 15:06:14.874,car_ID_1201,car,Regen-Berlin->Regen-Potsdam,True
2026-08-01 15:07:05.739,car_ID_1202,car,Regen-Potsdam->Regen-Berlin,True
2026-08-01 15:07:09.343,truck_ID_213,truck,Regen-Berlin (kein Wechsel),False
2026-08-01 15:07:09.444,car_ID_1203,car,Regen-Berlin->Regen-Potsdam,True
2026-08-01 15:07:09.679,truck_ID_212,truck,Regen-Berlin->Regen-Potsdam,True
2026-08-01 15:07:09.745,car_ID_1204,car,Regen-Berlin->Regen-Potsdam,True
2026-08-01 15:07:26.975,car_ID_1206,car,Regen-Berlin->Regen-Potsdam,True
2026-08-01 15:07:27.414,car_ID_1205,car,Regen-Potsdam->Regen-Berlin,True
2026-08-01 15:07:40.576,person_ID_422,person,Regen-Berlin (kein Wechsel),False
2026-08-01 15:07:41.840,car_ID_1207,car,Regen-Berlin->Regen-Potsdam,True
2026-08-01 15:08:07.250,car_ID_1208,car,Regen-Potsdam->Regen-Berlin,True
2026-08-01 15:08:08.047,person_ID_423,person,Regen-Berlin->Regen-Potsdam,True
2026-08-01 15:08:46.814,motorcycle_ID_172,motorcycle,Regen-Berlin (kein Wechsel),False
2026-08-01 15:08:46.946,bicycle_ID_239,bicycle,Regen-Berlin (kein Wechsel),False
2026-08-01 15:08:47.411,person_ID_424,person,Regen-Berlin (kein Wechsel),False
2026-08-01 15:08:48.642,bicycle_ID_240,bicycle,Regen-Berlin->Regen-Potsdam,True
2026-08-01 15:08:49.111,person_ID_425,person,Regen-Berlin->Regen-Potsdam,True
2026-08-01 15:09:09.085,car_ID_1209,car,Regen-Berlin->Regen-Potsdam,True
2026-08-01 15:09:55.417,car_ID_1210,car,Regen-Berlin->Regen-Potsdam,True
2026-08-01 15:11:06.486,car_ID_1211,car,Regen-Berlin (kein Wechsel),False
2026-08-01 15:11:09.486,person_ID_426,person,Regen-Berlin (kein Wechsel),False
2026-08-01 15:11:09.554,person_ID_427,person,Regen-Potsdam (kein Wechsel),False
2026-08-01 15:11:09.686,motorcycle_ID_173,motorcycle,Regen-Berlin->Regen-Potsdam,True
2026-08-01 15:11:12.854,car_ID_1212,car,Regen-Potsdam->Regen-Berlin,True
2026-08-01 15:11:30.091,car_ID_1213,car,Regen-Berlin->Regen-Potsdam,True
2026-08-01 15:12:01.857,car_ID_1214,car,Regen-Potsdam->Regen-Berlin,True
2026-08-01 15:12:27.531,person_ID_428,person,Regen-Berlin->Regen-Potsdam,True
2026-08-01 15:12:36.161,car_ID_1215,car,Regen-Berlin->Regen-Potsdam,True
2026-08-01 15:12:36.694,car_ID_1216,car,Regen-Potsdam (kein Wechsel),False
2026-08-01 15:12:54.926,car_ID_1217,car,Regen-Potsdam->Regen-Berlin,True
2026-08-01 15:13:14.969,car_ID_1219,car,Regen-Potsdam->Regen-Berlin,True
2026-08-01 15:13:15.899,bus_ID_139,bus,Regen-Berlin (kein Wechsel),False
2026-08-01 15:13:16.101,car_ID_1218,car,Regen-Potsdam->Regen-Berlin,True
2026-08-01 15:13:37.171,bicycle_ID_241,bicycle,Regen-Potsdam (kein Wechsel),False
2026-08-01 15:13:38.629,person_ID_430,person,Regen-Potsdam (kein Wechsel),False
2026-08-01 15:13:39.230,person_ID_431,person,Regen-Potsdam (kein Wechsel),False
2026-08-01 15:13:39.430,person_ID_429,person,Regen-Potsdam (kein Wechsel),False
2026-08-01 15:13:40.864,person_ID_432,person,Regen-Berlin (kein Wechsel),False
2026-08-01 15:13:41.197,motorcycle_ID_174,motorcycle,Regen-Berlin (kein Wechsel),False
2026-08-01 15:13:41.970,bicycle_ID_242,bicycle,Regen-Potsdam->Regen-Berlin,True
2026-08-01 15:13:53.497,person_ID_433,person,Regen-Potsdam->Regen-Berlin,True
2026-08-01 15:14:22.602,car_ID_1220,car,Regen-Berlin->Regen-Potsdam,True
2026-08-01 15:14:45.473,bicycle_ID_243,bicycle,Regen-Berlin->Regen-Potsdam,True
2026-08-01 15:14:46.201,person_ID_435,person,Regen-Berlin->Regen-Potsdam,True
2026-08-01 15:15:09.975,bus_ID_140,bus,Regen-Berlin (kein Wechsel),False
2026-08-01 15:15:10.240,car_ID_1221,car,Regen-Potsdam->Regen-Berlin,True
2026-08-01 15:15:16.470,person_ID_434,person,Regen-Potsdam->Regen-Berlin,True
2026-08-01 15:15:18.973,car_ID_1222,car,Regen-Potsdam->Regen-Berlin,True
2026-08-01 15:15:24.537,person_ID_436,person,Regen-Berlin (kein Wechsel),False
2026-08-01 15:15:27.343,person_ID_437,person,Regen-Berlin (kein Wechsel),False
2026-08-01 15:15:37.971,truck_ID_214,truck,Regen-Berlin (kein Wechsel),False
2026-08-01 15:15:38.603,car_ID_1223,car,Regen-Potsdam->Regen-Berlin,True
2026-08-01 15:15:52.004,car_ID_1224,car,Regen-Potsdam->Regen-Berlin,True
2026-08-01 15:15:59.105,person_ID_438,person,Regen-Berlin->Regen-Potsdam,True
2026-08-01 15:16:14.305,person_ID_439,person,Regen-Potsdam->Regen-Berlin,True
2026-08-01 15:16:20.273,person_ID_441,person,Regen-Berlin (kein Wechsel),False
2026-08-01 15:16:30.474,person_ID_440,person,Regen-Berlin->Regen-Potsdam,True
2026-08-01 15:16:33.309,car_ID_1226,car,Regen-Berlin->Regen-Potsdam,True
2026-08-01 15:16:39.273,car_ID_1225,car,Regen-Berlin (kein Wechsel),False
2026-08-01 15:17:53.211,car_ID_1227,car,Regen-Berlin (kein Wechsel),False
2026-08-01 15:17:54.877,car_ID_1228,car,Regen-Berlin->Regen-Potsdam,True
2026-08-01 15:17:58.744,car_ID_1229,car,Regen-Berlin->Regen-Potsdam,True
2026-08-01 15:18:11.114,car_ID_1230,car,Regen-Potsdam (kein Wechsel),False
2026-08-01 15:18:14.679,car_ID_1231,car,Regen-Potsdam->Regen-Berlin,True
2026-08-01 15:18:15.719,car_ID_1232,car,Regen-Potsdam->Regen-Berlin,True
2026-08-01 15:18:25.014,car_ID_1233,car,Regen-Potsdam->Regen-Berlin,True
2026-08-01 15:18:29.685,car_ID_1234,car,Regen-Potsdam->Regen-Berlin,True
2026-08-01 15:18:51.519,car_ID_1235,car,Regen-Berlin->Regen-Potsdam,True
2026-08-01 15:19:16.022,car_ID_1236,car,Regen-Berlin (kein Wechsel),False
2026-08-01 15:19:16.453,truck_ID_215,truck,Regen-Berlin (kein Wechsel),False
2026-08-01 15:19:16.921,bus_ID_142,bus,Regen-Berlin (kein Wechsel),False
2026-08-01 15:19:18.584,bus_ID_141,bus,Regen-Berlin->Regen-Potsdam,True
2026-08-01 15:19:19.417,bus_ID_143,bus,Regen-Potsdam (kein Wechsel),False
2026-08-01 15:19:22.888,car_ID_1237,car,Regen-Berlin->Regen-Potsdam,True
2026-08-01 15:19:23.720,car_ID_1238,car,Regen-Potsdam (kein Wechsel),False
2026-08-01 15:19:53.386,car_ID_1239,car,Regen-Potsdam->Regen-Berlin,True
2026-08-01 15:19:59.558,car_ID_1240,car,Regen-Potsdam (kein Wechsel),False
2026-08-01 15:20:02.059,car_ID_1241,car,Regen-Potsdam->Regen-Berlin,True
2026-08-01 15:21:18.960,bicycle_ID_244,bicycle,Regen-Berlin (kein Wechsel),False
2026-08-01 15:21:20.060,person_ID_442,person,Regen-Berlin (kein Wechsel),False
2026-08-01 15:21:20.725,bicycle_ID_245,bicycle,Regen-Berlin->Regen-Potsdam,True
2026-08-01 15:21:38.492,bicycle_ID_247,bicycle,Regen-Berlin (kein Wechsel),False
2026-08-01 15:21:38.559,motorcycle_ID_175,motorcycle,Regen-Berlin (kein Wechsel),False
2026-08-01 15:21:38.824,motorcycle_ID_176,motorcycle,Regen-Berlin (kein Wechsel),False
2026-08-01 15:21:39.763,person_ID_443,person,Regen-Berlin->Regen-Potsdam,True
2026-08-01 15:21:39.827,bicycle_ID_246,bicycle,Regen-Berlin->Regen-Potsdam,True
2026-08-01 15:21:40.692,person_ID_444,person,Regen-Berlin (kein Wechsel),False
2026-08-01 15:21:41.296,bicycle_ID_248,bicycle,Regen-Berlin->Regen-Potsdam,True
2026-08-01 15:21:41.296,person_ID_445,person,Regen-Berlin->Regen-Potsdam,True
2026-08-01 15:22:24.529,car_ID_1242,car,Regen-Berlin->Regen-Potsdam,True
2026-08-01 15:22:33.194,car_ID_1243,car,Regen-Berlin->Regen-Potsdam,True
2026-08-01 15:22:34.367,car_ID_1244,car,Regen-Berlin (kein Wechsel),False
2026-08-01 15:22:36.597,motorcycle_ID_177,motorcycle,Regen-Berlin (kein Wechsel),False
2026-08-01 15:22:38.263,bicycle_ID_249,bicycle,Regen-Berlin->Regen-Potsdam,True
2026-08-01 15:22:38.730,person_ID_446,person,Regen-Berlin->Regen-Potsdam,True
2026-08-01 15:22:55.735,car_ID_1245,car,Regen-Berlin (kein Wechsel),False
2026-08-01 15:23:07.703,car_ID_1246,car,Regen-Berlin->Regen-Potsdam,True
2026-08-01 15:23:22.565,person_ID_447,person,Regen-Potsdam (kein Wechsel),False
2026-08-01 15:23:49.003,person_ID_448,person,Regen-Berlin (kein Wechsel),False
2026-08-01 15:24:09.937,car_ID_1247,car,Regen-Potsdam->Regen-Berlin,True
2026-08-01 15:24:25.907,person_ID_449,person,Regen-Berlin->Regen-Potsdam,True
2026-08-01 15:24:33.207,car_ID_1248,car,Regen-Berlin->Regen-Potsdam,True
2026-08-01 15:24:42.970,person_ID_450,person,Regen-Potsdam (kein Wechsel),False
2026-08-01 15:24:43.538,car_ID_1250,car,Regen-Potsdam (kein Wechsel),False
2026-08-01 15:24:46.909,car_ID_1249,car,Regen-Potsdam->Regen-Berlin,True
2026-08-01 15:24:47.470,person_ID_451,person,Regen-Potsdam (kein Wechsel),False
2026-08-01 15:24:54.641,car_ID_1251,car,Regen-Potsdam->Regen-Berlin,True
2026-08-01 15:25:32.075,car_ID_1252,car,Regen-Potsdam->Regen-Berlin,True
2026-08-01 15:25:33.007,car_ID_1253,car,Regen-Potsdam (kein Wechsel),False
2026-08-01 15:25:33.440,person_ID_452,person,Regen-Potsdam->Regen-Berlin,True
2026-08-01 15:25:35.540,person_ID_453,person,Regen-Berlin (kein Wechsel),False
2026-08-01 15:25:35.577,car_ID_1254,car,Regen-Potsdam->Regen-Berlin,True
2026-08-01 15:25:42.375,car_ID_1255,car,Regen-Potsdam->Regen-Berlin,True
2026-08-01 15:26:09.545,bus_ID_144,bus,Regen-Potsdam->Regen-Berlin,True
2026-08-01 15:26:10.276,car_ID_1256,car,Regen-Berlin (kein Wechsel),False
2026-08-01 15:26:23.709,motorcycle_ID_178,motorcycle,Regen-Potsdam (kein Wechsel),False
2026-08-01 15:26:23.910,bicycle_ID_251,bicycle,Regen-Potsdam (kein Wechsel),False
2026-08-01 15:26:23.977,person_ID_454,person,Regen-Berlin->Regen-Potsdam,True
2026-08-01 15:26:24.443,bicycle_ID_250,bicycle,Regen-Berlin->Regen-Potsdam,True
2026-08-01 15:26:29.646,car_ID_1257,car,Regen-Berlin->Regen-Potsdam,True
2026-08-01 15:26:40.246,person_ID_455,person,Regen-Potsdam (kein Wechsel),False
2026-08-01 15:26:43.542,person_ID_456,person,Regen-Potsdam (kein Wechsel),False
2026-08-01 15:26:44.742,person_ID_457,person,Regen-Potsdam (kein Wechsel),False
2026-08-01 15:26:49.111,car_ID_1258,car,Regen-Potsdam->Regen-Berlin,True
2026-08-01 15:26:49.143,car_ID_1259,car,Regen-Potsdam (kein Wechsel),False
2026-08-01 15:26:49.345,car_ID_1260,car,Regen-Potsdam (kein Wechsel),False
2026-08-01 15:26:49.911,truck_ID_217,truck,Regen-Potsdam (kein Wechsel),False
2026-08-01 15:26:51.418,truck_ID_216,truck,Regen-Potsdam->Regen-Berlin,True
2026-08-01 15:26:51.484,truck_ID_218,truck,Regen-Berlin (kein Wechsel),False
2026-08-01 15:26:51.911,car_ID_1261,car,Regen-Berlin (kein Wechsel),False
2026-08-01 15:26:52.579,person_ID_459,person,Regen-Berlin (kein Wechsel),False
2026-08-01 15:26:52.812,person_ID_458,person,Regen-Potsdam->Regen-Berlin,True
2026-08-01 15:26:52.950,car_ID_1262,car,Regen-Berlin (kein Wechsel),False
2026-08-01 15:26:56.411,person_ID_460,person,Regen-Berlin (kein Wechsel),False
2026-08-01 15:26:59.417,person_ID_461,person,Regen-Berlin (kein Wechsel),False
2026-08-01 15:27:00.047,car_ID_1263,car,Regen-Berlin->Regen-Potsdam,True
2026-08-01 15:27:00.785,person_ID_462,person,Regen-Berlin (kein Wechsel),False
2026-08-01 15:27:01.084,car_ID_1264,car,Regen-Potsdam (kein Wechsel),False
2026-08-01 15:27:02.050,person_ID_463,person,Regen-Berlin (kein Wechsel),False
2026-08-01 15:27:04.347,person_ID_464,person,Regen-Berlin (kein Wechsel),False
2026-08-01 15:27:06.082,person_ID_465,person,Regen-Berlin (kein Wechsel),False
2026-08-01 15:27:08.650,person_ID_466,person,Regen-Berlin (kein Wechsel),False
2026-08-01 15:27:34.484,person_ID_467,person,Regen-Potsdam (kein Wechsel),False
2026-08-01 15:27:34.884,person_ID_468,person,Regen-Potsdam (kein Wechsel),False
2026-08-01 15:27:45.050,car_ID_1265,car,Regen-Potsdam->Regen-Berlin,True
2026-08-01 15:27:50.349,person_ID_470,person,Regen-Potsdam->Regen-Berlin,True
2026-08-01 15:27:55.014,person_ID_471,person,Regen-Berlin (kein Wechsel),False
2026-08-01 15:27:58.786,person_ID_469,person,Regen-Potsdam->Regen-Berlin,True
2026-08-01 15:28:00.419,car_ID_1266,car,Regen-Berlin (kein Wechsel),False
2026-08-01 15:28:26.683,person_ID_472,person,Regen-Potsdam (kein Wechsel),False
2026-08-01 15:28:27.391,motorcycle_ID_179,motorcycle,Regen-Potsdam (kein Wechsel),False
2026-08-01 15:28:28.519,person_ID_473,person,Regen-Potsdam (kein Wechsel),False
2026-08-01 15:28:30.319,person_ID_474,person,Regen-Potsdam (kein Wechsel),False
2026-08-01 15:28:33.187,car_ID_1267,car,Regen-Berlin->Regen-Potsdam,True
2026-08-01 15:28:33.886,motorcycle_ID_180,motorcycle,Regen-Potsdam->Regen-Berlin,True
2026-08-01 15:28:38.885,bicycle_ID_252,bicycle,Regen-Berlin (kein Wechsel),False
2026-08-01 15:28:39.252,motorcycle_ID_182,motorcycle,Regen-Berlin (kein Wechsel),False
2026-08-01 15:28:39.285,person_ID_475,person,Regen-Potsdam->Regen-Berlin,True
2026-08-01 15:28:39.420,motorcycle_ID_181,motorcycle,Regen-Berlin (kein Wechsel),False
2026-08-01 15:28:40.420,motorcycle_ID_183,motorcycle,Regen-Berlin (kein Wechsel),False
2026-08-01 15:28:40.624,bicycle_ID_254,bicycle,Regen-Berlin (kein Wechsel),False
2026-08-01 15:28:41.157,motorcycle_ID_184,motorcycle,Regen-Berlin (kein Wechsel),False
2026-08-01 15:28:42.155,bicycle_ID_255,bicycle,Regen-Berlin (kein Wechsel),False
2026-08-01 15:28:43.788,person_ID_476,person,Regen-Potsdam->Regen-Berlin,True
2026-08-01 15:28:44.123,motorcycle_ID_185,motorcycle,Regen-Berlin (kein Wechsel),False
2026-08-01 15:28:44.323,bicycle_ID_253,bicycle,Regen-Potsdam->Regen-Berlin,True
2026-08-01 15:28:47.856,bicycle_ID_256,bicycle,Regen-Potsdam (kein Wechsel),False
2026-08-01 15:28:47.958,bicycle_ID_257,bicycle,Regen-Potsdam (kein Wechsel),False
2026-08-01 15:28:48.255,person_ID_477,person,Regen-Potsdam (kein Wechsel),False
2026-08-01 15:28:48.325,bicycle_ID_259,bicycle,Regen-Potsdam (kein Wechsel),False
2026-08-01 15:28:48.886,person_ID_478,person,Regen-Potsdam (kein Wechsel),False
2026-08-01 15:28:49.921,bicycle_ID_258,bicycle,Regen-Potsdam->Regen-Berlin,True
2026-08-01 15:28:50.753,bicycle_ID_260,bicycle,Regen-Berlin (kein Wechsel),False
2026-08-01 15:28:50.987,bicycle_ID_261,bicycle,Regen-Berlin (kein Wechsel),False
2026-08-01 15:28:51.121,person_ID_479,person,Regen-Potsdam->Regen-Berlin,True
2026-08-01 15:29:06.821,car_ID_1268,car,Regen-Potsdam->Regen-Berlin,True
2026-08-01 15:29:23.393,car_ID_1269,car,Regen-Berlin->Regen-Potsdam,True
2026-08-01 15:29:43.091,car_ID_1270,car,Regen-Berlin->Regen-Potsdam,True
2026-08-01 15:29:52.526,car_ID_1271,car,Regen-Berlin->Regen-Potsdam,True
2026-08-01 15:29:53.093,car_ID_1272,car,Regen-Potsdam (kein Wechsel),False
2026-08-01 15:30:00.992,truck_ID_219,truck,Regen-Potsdam (kein Wechsel),False
2026-08-01 15:30:01.128,car_ID_1273,car,Regen-Berlin->Regen-Potsdam,True
2026-08-01 15:30:01.328,car_ID_1274,car,Regen-Berlin->Regen-Potsdam,True
2026-08-01 15:30:24.861,person_ID_480,person,Regen-Berlin (kein Wechsel),False
2026-08-01 15:30:27.261,person_ID_482,person,Regen-Berlin (kein Wechsel),False
2026-08-01 15:30:28.528,person_ID_483,person,Regen-Berlin (kein Wechsel),False
2026-08-01 15:30:31.257,person_ID_484,person,Regen-Berlin (kein Wechsel),False
2026-08-01 15:30:48.058,person_ID_485,person,Regen-Potsdam (kein Wechsel),False
2026-08-01 15:30:51.097,person_ID_486,person,Regen-Potsdam (kein Wechsel),False
2026-08-01 15:30:54.895,person_ID_481,person,Regen-Berlin->Regen-Potsdam,True
2026-08-01 15:30:54.895,person_ID_487,person,Regen-Potsdam (kein Wechsel),False
2026-08-01 15:31:10.232,car_ID_1275,car,Regen-Potsdam->Regen-Berlin,True
2026-08-01 15:31:30.864,bicycle_ID_263,bicycle,Regen-Berlin (kein Wechsel),False
2026-08-01 15:31:30.999,motorcycle_ID_186,motorcycle,Regen-Berlin (kein Wechsel),False
2026-08-01 15:31:32.030,person_ID_488,person,Regen-Berlin->Regen-Potsdam,True
2026-08-01 15:31:32.133,bicycle_ID_264,bicycle,Regen-Potsdam (kein Wechsel),False
2026-08-01 15:31:32.496,bicycle_ID_262,bicycle,Regen-Berlin->Regen-Potsdam,True
2026-08-01 15:31:32.831,car_ID_1276,car,Regen-Potsdam->Regen-Berlin,True
2026-08-01 15:32:32.806,motorcycle_ID_187,motorcycle,Regen-Berlin (kein Wechsel),False
2026-08-01 15:32:50.501,person_ID_489,person,Regen-Potsdam (kein Wechsel),False
2026-08-01 15:32:50.533,bicycle_ID_265,bicycle,Regen-Potsdam (kein Wechsel),False
2026-08-01 15:32:53.434,motorcycle_ID_189,motorcycle,Regen-Berlin (kein Wechsel),False
2026-08-01 15:32:54.069,bicycle_ID_266,bicycle,Regen-Potsdam->Regen-Berlin,True
2026-08-01 15:32:54.533,motorcycle_ID_188,motorcycle,Regen-Potsdam->Regen-Berlin,True
2026-08-01 15:32:55.508,bicycle_ID_267,bicycle,Regen-Berlin (kein Wechsel),False
2026-08-01 15:32:56.105,person_ID_490,person,Regen-Potsdam->Regen-Berlin,True
2026-08-01 15:32:56.374,bicycle_ID_268,bicycle,Regen-Berlin (kein Wechsel),False
2026-08-01 15:33:04.510,car_ID_1277,car,Regen-Berlin->Regen-Potsdam,True
2026-08-01 15:33:05.505,person_ID_491,person,Regen-Berlin->Regen-Potsdam,True
2026-08-01 15:33:08.269,person_ID_492,person,Regen-Potsdam (kein Wechsel),False
2026-08-01 15:33:08.901,person_ID_493,person,Regen-Potsdam (kein Wechsel),False
2026-08-01 15:33:12.678,car_ID_1278,car,Regen-Potsdam->Regen-Berlin,True
2026-08-01 15:33:24.137,person_ID_494,person,Regen-Potsdam (kein Wechsel),False
2026-08-01 15:33:32.335,car_ID_1279,car,Regen-Potsdam->Regen-Berlin,True
2026-08-01 15:33:46.975,car_ID_1280,car,Regen-Potsdam->Regen-Berlin,True
2026-08-01 15:34:18.912,car_ID_1281,car,Regen-Berlin->Regen-Potsdam,True
2026-08-01 15:34:31.043,car_ID_1282,car,Regen-Potsdam->Regen-Berlin,True
2026-08-01 15:34:49.849,person_ID_495,person,Regen-Potsdam (kein Wechsel),False
2026-08-01 15:35:12.076,car_ID_1284,car,Regen-Berlin->Regen-Potsdam,True
2026-08-01 15:35:12.909,car_ID_1283,car,Regen-Berlin->Regen-Potsdam,True
2026-08-01 15:35:19.809,car_ID_1285,car,Regen-Berlin->Regen-Potsdam,True
2026-08-01 15:35:32.178,car_ID_1286,car,Regen-Potsdam->Regen-Berlin,True
2026-08-01 15:36:00.017,car_ID_1287,car,Regen-Potsdam (kein Wechsel),False
2026-08-01 15:36:02.915,car_ID_1288,car,Regen-Potsdam->Regen-Berlin,True
2026-08-01 15:37:16.318,car_ID_1289,car,Regen-Potsdam->Regen-Berlin,True
2026-08-01 15:37:38.955,truck_ID_220,truck,Regen-Potsdam (kein Wechsel),False
2026-08-01 15:37:39.056,truck_ID_221,truck,Regen-Potsdam (kein Wechsel),False
2026-08-01 15:37:39.195,car_ID_1290,car,Regen-Berlin->Regen-Potsdam,True
2026-08-01 15:37:39.592,car_ID_1292,car,Regen-Potsdam (kein Wechsel),False
2026-08-01 15:37:42.088,car_ID_1291,car,Regen-Potsdam->Regen-Berlin,True
2026-08-01 15:37:54.254,car_ID_1293,car,Regen-Potsdam->Regen-Berlin,True
2026-08-01 15:37:56.688,car_ID_1294,car,Regen-Potsdam->Regen-Berlin,True
2026-08-01 15:38:04.254,person_ID_496,person,Regen-Berlin (kein Wechsel),False
2026-08-01 15:38:04.722,person_ID_497,person,Regen-Berlin (kein Wechsel),False
2026-08-01 15:38:07.425,person_ID_498,person,Regen-Berlin (kein Wechsel),False
2026-08-01 15:38:08.721,car_ID_1295,car,Regen-Potsdam->Regen-Berlin,True
2026-08-01 15:38:09.321,person_ID_499,person,Regen-Berlin (kein Wechsel),False
2026-08-01 15:38:23.889,car_ID_1296,car,Regen-Berlin (kein Wechsel),False
2026-08-01 15:38:25.755,person_ID_500,person,Regen-Berlin->Regen-Potsdam,True
2026-08-01 15:38:30.291,person_ID_501,person,Regen-Potsdam (kein Wechsel),False
2026-08-01 15:38:31.455,person_ID_502,person,Regen-Potsdam (kein Wechsel),False
2026-08-01 15:39:10.761,person_ID_504,person,Regen-Berlin (kein Wechsel),False
2026-08-01 15:39:14.660,car_ID_1297,car,Regen-Berlin (kein Wechsel),False
2026-08-01 15:39:15.160,bus_ID_145,bus,Regen-Berlin (kein Wechsel),False
2026-08-01 15:39:16.325,person_ID_505,person,Regen-Berlin (kein Wechsel),False
2026-08-01 15:39:17.094,person_ID_503,person,Regen-Berlin->Regen-Potsdam,True
2026-08-01 15:39:17.860,bus_ID_146,bus,Regen-Berlin (kein Wechsel),False
2026-08-01 15:39:18.326,bus_ID_147,bus,Regen-Potsdam (kein Wechsel),False
2026-08-01 15:39:22.060,car_ID_1298,car,Regen-Berlin->Regen-Potsdam,True
2026-08-01 15:39:23.964,car_ID_1299,car,Regen-Potsdam (kein Wechsel),False
2026-08-01 15:39:26.761,car_ID_1300,car,Regen-Berlin->Regen-Potsdam,True
2026-08-01 15:39:28.861,person_ID_506,person,Regen-Berlin->Regen-Potsdam,True
2026-08-01 15:39:31.268,person_ID_508,person,Regen-Potsdam (kein Wechsel),False
2026-08-01 15:39:33.669,person_ID_509,person,Regen-Potsdam (kein Wechsel),False
2026-08-01 15:39:39.661,person_ID_510,person,Regen-Potsdam (kein Wechsel),False
2026-08-01 15:39:43.565,person_ID_511,person,Regen-Potsdam (kein Wechsel),False
2026-08-01 15:39:44.794,person_ID_507,person,Regen-Berlin->Regen-Potsdam,True
2026-08-01 15:39:47.226,car_ID_1301,car,Regen-Berlin->Regen-Potsdam,True
2026-08-01 15:40:06.296,motorcycle_ID_191,motorcycle,Regen-Berlin (kein Wechsel),False
2026-08-01 15:40:06.928,bicycle_ID_271,bicycle,Regen-Berlin (kein Wechsel),False
2026-08-01 15:40:07.364,bicycle_ID_270,bicycle,Regen-Berlin (kein Wechsel),False
2026-08-01 15:40:07.428,motorcycle_ID_193,motorcycle,Regen-Berlin (kein Wechsel),False
2026-08-01 15:40:07.831,bicycle_ID_272,bicycle,Regen-Berlin->Regen-Potsdam,True
2026-08-01 15:40:07.864,motorcycle_ID_195,motorcycle,Regen-Potsdam (kein Wechsel),False
2026-08-01 15:40:07.896,person_ID_512,person,Regen-Berlin->Regen-Potsdam,True
2026-08-01 15:40:07.932,bicycle_ID_269,bicycle,Regen-Berlin->Regen-Potsdam,True
2026-08-01 15:40:07.967,motorcycle_ID_190,motorcycle,Regen-Berlin->Regen-Potsdam,True
2026-08-01 15:40:07.967,motorcycle_ID_192,motorcycle,Regen-Berlin (kein Wechsel),False
2026-08-01 15:40:08.265,bicycle_ID_273,bicycle,Regen-Berlin->Regen-Potsdam,True
2026-08-01 15:40:08.329,motorcycle_ID_194,motorcycle,Regen-Berlin->Regen-Potsdam,True
2026-08-01 15:40:08.732,person_ID_513,person,Regen-Berlin->Regen-Potsdam,True
2026-08-01 15:40:19.996,car_ID_1302,car,Regen-Berlin->Regen-Potsdam,True
2026-08-01 15:41:46.069,person_ID_514,person,Regen-Berlin->Regen-Potsdam,True
2026-08-01 15:41:46.137,bicycle_ID_274,bicycle,Regen-Berlin->Regen-Potsdam,True
2026-08-01 15:41:47.939,car_ID_1303,car,Regen-Potsdam->Regen-Berlin,True
2026-08-01 15:41:51.942,car_ID_1304,car,Regen-Berlin->Regen-Potsdam,True
2026-08-01 15:42:05.909,bicycle_ID_275,bicycle,Regen-Potsdam (kein Wechsel),False
2026-08-01 15:42:06.303,person_ID_516,person,Regen-Potsdam (kein Wechsel),False
2026-08-01 15:42:06.403,bicycle_ID_276,bicycle,Regen-Potsdam (kein Wechsel),False
2026-08-01 15:42:08.038,motorcycle_ID_196,motorcycle,Regen-Berlin (kein Wechsel),False
2026-08-01 15:42:08.738,bicycle_ID_278,bicycle,Regen-Potsdam (kein Wechsel),False
2026-08-01 15:42:08.970,motorcycle_ID_197,motorcycle,Regen-Berlin (kein Wechsel),False
2026-08-01 15:42:09.102,person_ID_518,person,Regen-Potsdam (kein Wechsel),False
2026-08-01 15:42:09.702,person_ID_517,person,Regen-Potsdam->Regen-Berlin,True
2026-08-01 15:42:09.737,bicycle_ID_277,bicycle,Regen-Potsdam->Regen-Berlin,True
2026-08-01 15:42:11.508,person_ID_519,person,Regen-Potsdam->Regen-Berlin,True
2026-08-01 15:42:11.576,motorcycle_ID_199,motorcycle,Regen-Berlin (kein Wechsel),False
2026-08-01 15:42:12.108,bicycle_ID_279,bicycle,Regen-Potsdam->Regen-Berlin,True
2026-08-01 15:42:12.902,person_ID_520,person,Regen-Berlin (kein Wechsel),False
2026-08-01 15:42:13.537,motorcycle_ID_198,motorcycle,Regen-Potsdam->Regen-Berlin,True
2026-08-01 15:42:16.038,person_ID_515,person,Regen-Potsdam->Regen-Berlin,True
2026-08-01 15:42:17.542,person_ID_521,person,Regen-Berlin (kein Wechsel),False
2026-08-01 15:42:17.608,person_ID_522,person,Regen-Berlin (kein Wechsel),False
2026-08-01 15:42:25.340,car_ID_1305,car,Regen-Berlin (kein Wechsel),False
2026-08-01 15:42:30.238,car_ID_1306,car,Regen-Potsdam->Regen-Berlin,True
2026-08-01 15:42:37.075,motorcycle_ID_200,motorcycle,Regen-Berlin (kein Wechsel),False
2026-08-01 15:42:37.675,motorcycle_ID_201,motorcycle,Regen-Berlin (kein Wechsel),False
2026-08-01 15:42:37.974,bicycle_ID_281,bicycle,Regen-Berlin (kein Wechsel),False
2026-08-01 15:42:39.106,bicycle_ID_280,bicycle,Regen-Berlin->Regen-Potsdam,True
2026-08-01 15:42:39.139,motorcycle_ID_202,motorcycle,Regen-Potsdam (kein Wechsel),False
2026-08-01 15:42:39.239,motorcycle_ID_203,motorcycle,Regen-Potsdam (kein Wechsel),False
2026-08-01 15:42:39.472,bicycle_ID_282,bicycle,Regen-Berlin->Regen-Potsdam,True
2026-08-01 15:42:40.074,person_ID_523,person,Regen-Berlin->Regen-Potsdam,True
2026-08-01 15:42:55.772,car_ID_1307,car,Regen-Berlin->Regen-Potsdam,True
2026-08-01 15:42:59.073,car_ID_1308,car,Regen-Berlin->Regen-Potsdam,True
2026-08-01 15:43:02.273,car_ID_1309,car,Regen-Berlin->Regen-Potsdam,True
2026-08-01 15:43:04.576,car_ID_1310,car,Regen-Berlin->Regen-Potsdam,True
2026-08-01 15:43:19.114,car_ID_1311,car,Regen-Potsdam->Regen-Berlin,True
2026-08-01 15:43:22.909,car_ID_1312,car,Regen-Potsdam->Regen-Berlin,True
2026-08-01 15:43:28.874,car_ID_1313,car,Regen-Berlin->Regen-Potsdam,True
2026-08-01 15:43:32.545,bicycle_ID_283,bicycle,Regen-Potsdam (kein Wechsel),False
2026-08-01 15:43:32.678,bicycle_ID_284,bicycle,Regen-Potsdam (kein Wechsel),False
2026-08-01 15:43:32.813,motorcycle_ID_204,motorcycle,Regen-Potsdam (kein Wechsel),False
2026-08-01 15:43:34.510,bicycle_ID_285,bicycle,Regen-Potsdam (kein Wechsel),False
2026-08-01 15:43:35.111,motorcycle_ID_205,motorcycle,Regen-Potsdam (kein Wechsel),False
2026-08-01 15:43:35.412,bicycle_ID_286,bicycle,Regen-Potsdam (kein Wechsel),False
2026-08-01 15:43:35.875,bicycle_ID_287,bicycle,Regen-Berlin (kein Wechsel),False
2026-08-01 15:43:36.243,bicycle_ID_288,bicycle,Regen-Berlin (kein Wechsel),False
2026-08-01 15:43:36.912,person_ID_525,person,Regen-Potsdam->Regen-Berlin,True
2026-08-01 15:43:37.443,person_ID_526,person,Regen-Berlin (kein Wechsel),False
2026-08-01 15:43:37.775,person_ID_524,person,Regen-Potsdam->Regen-Berlin,True
2026-08-01 15:43:38.042,motorcycle_ID_208,motorcycle,Regen-Berlin (kein Wechsel),False
2026-08-01 15:43:38.142,motorcycle_ID_206,motorcycle,Regen-Potsdam->Regen-Berlin,True
2026-08-01 15:43:38.874,motorcycle_ID_207,motorcycle,Regen-Potsdam->Regen-Berlin,True
2026-08-01 15:43:38.909,motorcycle_ID_209,motorcycle,Regen-Berlin (kein Wechsel),False
2026-08-01 15:43:58.679,car_ID_1314,car,Regen-Potsdam->Regen-Berlin,True
2026-08-01 15:43:58.779,person_ID_527,person,Regen-Berlin (kein Wechsel),False
2026-08-01 15:44:04.976,car_ID_1315,car,Regen-Berlin->Regen-Potsdam,True
2026-08-01 15:44:12.623,person_ID_528,person,Regen-Berlin->Regen-Potsdam,True
2026-08-01 15:44:14.147,person_ID_529,person,Regen-Potsdam (kein Wechsel),False
2026-08-01 15:44:16.344,person_ID_530,person,Regen-Potsdam (kein Wechsel),False
2026-08-01 15:44:21.648,car_ID_1316,car,Regen-Potsdam (kein Wechsel),False
2026-08-01 15:44:22.085,truck_ID_222,truck,Regen-Potsdam (kein Wechsel),False
2026-08-01 15:44:24.180,bus_ID_149,bus,Regen-Berlin (kein Wechsel),False
2026-08-01 15:44:25.945,bus_ID_148,bus,Regen-Potsdam->Regen-Berlin,True
2026-08-01 15:44:26.644,car_ID_1317,car,Regen-Berlin (kein Wechsel),False
2026-08-01 15:44:30.451,car_ID_1318,car,Regen-Potsdam->Regen-Berlin,True
2026-08-01 15:44:59.122,car_ID_1320,car,Regen-Berlin (kein Wechsel),False
2026-08-01 15:44:59.221,truck_ID_223,truck,Regen-Berlin (kein Wechsel),False
2026-08-01 15:44:59.450,truck_ID_224,truck,Regen-Berlin->Regen-Potsdam,True
2026-08-01 15:44:59.587,car_ID_1319,car,Regen-Berlin->Regen-Potsdam,True
2026-08-01 15:45:03.646,car_ID_1321,car,Regen-Berlin->Regen-Potsdam,True
2026-08-01 15:45:03.746,truck_ID_225,truck,Regen-Potsdam (kein Wechsel),False
2026-08-01 15:45:09.450,bicycle_ID_289,bicycle,Regen-Potsdam (kein Wechsel),False
2026-08-01 15:45:10.282,bicycle_ID_290,bicycle,Regen-Potsdam (kein Wechsel),False
2026-08-01 15:45:10.447,bicycle_ID_291,bicycle,Regen-Potsdam (kein Wechsel),False
2026-08-01 15:45:11.382,person_ID_531,person,Regen-Potsdam (kein Wechsel),False
2026-08-01 15:45:12.282,motorcycle_ID_210,motorcycle,Regen-Potsdam (kein Wechsel),False
2026-08-01 15:45:12.547,motorcycle_ID_211,motorcycle,Regen-Potsdam (kein Wechsel),False
2026-08-01 15:45:12.615,bicycle_ID_293,bicycle,Regen-Potsdam (kein Wechsel),False
2026-08-01 15:45:13.582,bicycle_ID_292,bicycle,Regen-Potsdam->Regen-Berlin,True
2026-08-01 15:45:15.486,motorcycle_ID_212,motorcycle,Regen-Berlin (kein Wechsel),False
2026-08-01 15:45:16.451,bicycle_ID_294,bicycle,Regen-Berlin (kein Wechsel),False
2026-08-01 15:45:16.618,person_ID_532,person,Regen-Potsdam->Regen-Berlin,True
2026-08-01 15:45:16.651,bicycle_ID_295,bicycle,Regen-Berlin (kein Wechsel),False
2026-08-01 15:45:16.651,person_ID_533,person,Regen-Berlin (kein Wechsel),False
2026-08-01 15:45:17.523,car_ID_1322,car,Regen-Berlin (kein Wechsel),False
2026-08-01 15:45:58.119,car_ID_1323,car,Regen-Berlin->Regen-Potsdam,True
2026-08-01 15:46:04.056,car_ID_1324,car,Regen-Berlin (kein Wechsel),False
2026-08-01 15:46:05.656,motorcycle_ID_213,motorcycle,Regen-Berlin (kein Wechsel),False
2026-08-01 15:46:05.689,person_ID_534,person,Regen-Berlin (kein Wechsel),False
2026-08-01 15:46:06.153,motorcycle_ID_214,motorcycle,Regen-Berlin (kein Wechsel),False
2026-08-01 15:46:06.557,bicycle_ID_296,bicycle,Regen-Berlin (kein Wechsel),False
2026-08-01 15:46:07.786,motorcycle_ID_215,motorcycle,Regen-Potsdam (kein Wechsel),False
2026-08-01 15:46:07.987,person_ID_535,person,Regen-Berlin->Regen-Potsdam,True
2026-08-01 15:46:08.054,person_ID_536,person,Regen-Berlin->Regen-Potsdam,True
2026-08-01 15:46:08.119,person_ID_537,person,Regen-Potsdam (kein Wechsel),False
2026-08-01 15:46:23.255,person_ID_538,person,Regen-Berlin (kein Wechsel),False
2026-08-01 15:46:25.157,person_ID_540,person,Regen-Berlin (kein Wechsel),False
2026-08-01 15:46:33.522,car_ID_1325,car,Regen-Potsdam->Regen-Berlin,True
2026-08-01 15:46:34.291,person_ID_541,person,Regen-Berlin->Regen-Potsdam,True
2026-08-01 15:46:35.294,person_ID_542,person,Regen-Potsdam (kein Wechsel),False
2026-08-01 15:46:36.991,person_ID_543,person,Regen-Potsdam (kein Wechsel),False
2026-08-01 15:46:41.355,person_ID_539,person,Regen-Berlin (kein Wechsel),False
2026-08-01 15:46:52.356,person_ID_544,person,Regen-Berlin->Regen-Potsdam,True
2026-08-01 15:46:54.288,bicycle_ID_297,bicycle,Regen-Berlin->Regen-Potsdam,True
2026-08-01 15:46:54.288,person_ID_545,person,Regen-Berlin->Regen-Potsdam,True
2026-08-01 15:46:55.620,bicycle_ID_298,bicycle,Regen-Potsdam (kein Wechsel),False
2026-08-01 15:46:56.028,person_ID_547,person,Regen-Potsdam (kein Wechsel),False
2026-08-01 15:46:57.024,motorcycle_ID_216,motorcycle,Regen-Potsdam (kein Wechsel),False
2026-08-01 15:46:57.924,bicycle_ID_299,bicycle,Regen-Potsdam->Regen-Berlin,True
2026-08-01 15:46:58.124,person_ID_548,person,Regen-Potsdam->Regen-Berlin,True
2026-08-01 15:46:58.293,motorcycle_ID_217,motorcycle,Regen-Berlin (kein Wechsel),False
2026-08-01 15:46:59.756,bicycle_ID_300,bicycle,Regen-Berlin (kein Wechsel),False
2026-08-01 15:47:00.088,person_ID_549,person,Regen-Berlin (kein Wechsel),False
2026-08-01 15:47:02.188,person_ID_546,person,Regen-Potsdam (kein Wechsel),False
2026-08-01 15:47:40.299,car_ID_1326,car,Regen-Berlin->Regen-Potsdam,True
2026-08-01 15:48:04.392,car_ID_1328,car,Regen-Berlin (kein Wechsel),False
2026-08-01 15:48:04.592,truck_ID_226,truck,Regen-Berlin (kein Wechsel),False
2026-08-01 15:48:05.527,truck_ID_228,truck,Regen-Potsdam (kein Wechsel),False
2026-08-01 15:48:05.559,car_ID_1327,car,Regen-Berlin->Regen-Potsdam,True
2026-08-01 15:48:05.791,car_ID_1329,car,Regen-Potsdam (kein Wechsel),False
2026-08-01 15:48:06.427,truck_ID_227,truck,Regen-Berlin->Regen-Potsdam,True
2026-08-01 15:48:06.492,bus_ID_150,bus,Regen-Potsdam (kein Wechsel),False
2026-08-01 15:48:06.627,car_ID_1330,car,Regen-Potsdam (kein Wechsel),False
2026-08-01 15:48:23.563,car_ID_1331,car,Regen-Potsdam->Regen-Berlin,True
2026-08-01 15:48:50.434,car_ID_1332,car,Regen-Potsdam->Regen-Berlin,True
2026-08-01 15:48:59.129,car_ID_1333,car,Regen-Berlin->Regen-Potsdam,True
2026-08-01 15:49:35.065,car_ID_1334,car,Regen-Potsdam->Regen-Berlin,True
2026-08-01 15:49:43.199,bicycle_ID_301,bicycle,Regen-Potsdam (kein Wechsel),False
2026-08-01 15:49:43.432,bicycle_ID_302,bicycle,Regen-Potsdam (kein Wechsel),False
2026-08-01 15:49:43.964,person_ID_550,person,Regen-Potsdam (kein Wechsel),False
2026-08-01 15:49:44.332,person_ID_551,person,Regen-Potsdam (kein Wechsel),False
2026-08-01 15:49:45.401,motorcycle_ID_219,motorcycle,Regen-Potsdam (kein Wechsel),False
2026-08-01 15:49:45.764,bicycle_ID_304,bicycle,Regen-Potsdam (kein Wechsel),False
2026-08-01 15:49:46.338,motorcycle_ID_220,motorcycle,Regen-Berlin (kein Wechsel),False
2026-08-01 15:49:46.369,bicycle_ID_305,bicycle,Regen-Berlin (kein Wechsel),False
2026-08-01 15:49:47.632,motorcycle_ID_218,motorcycle,Regen-Potsdam->Regen-Berlin,True
2026-08-01 15:49:48.435,bicycle_ID_303,bicycle,Regen-Potsdam->Regen-Berlin,True
2026-08-01 15:49:48.734,person_ID_553,person,Regen-Berlin (kein Wechsel),False
2026-08-01 15:49:49.203,person_ID_552,person,Regen-Potsdam->Regen-Berlin,True
2026-08-01 15:49:56.940,car_ID_1335,car,Regen-Berlin->Regen-Potsdam,True
2026-08-01 15:49:57.500,car_ID_1336,car,Regen-Potsdam (kein Wechsel),False
2026-08-01 15:50:03.469,car_ID_1337,car,Regen-Berlin->Regen-Potsdam,True
2026-08-01 15:51:20.405,car_ID_1338,car,Regen-Potsdam->Regen-Berlin,True
2026-08-01 15:51:25.813,bicycle_ID_307,bicycle,Regen-Berlin (kein Wechsel),False
2026-08-01 15:51:25.847,bicycle_ID_306,bicycle,Regen-Berlin (kein Wechsel),False
2026-08-01 15:51:26.806,motorcycle_ID_222,motorcycle,Regen-Berlin (kein Wechsel),False
2026-08-01 15:51:27.439,motorcycle_ID_221,motorcycle,Regen-Berlin->Regen-Potsdam,True
2026-08-01 15:51:27.509,motorcycle_ID_223,motorcycle,Regen-Potsdam (kein Wechsel),False
2026-08-01 15:51:27.539,person_ID_554,person,Regen-Berlin->Regen-Potsdam,True
2026-08-01 15:52:00.775,bicycle_ID_309,bicycle,Regen-Potsdam (kein Wechsel),False
2026-08-01 15:52:00.908,person_ID_555,person,Regen-Potsdam (kein Wechsel),False
2026-08-01 15:52:01.409,person_ID_556,person,Regen-Potsdam (kein Wechsel),False
2026-08-01 15:52:01.441,bicycle_ID_311,bicycle,Regen-Potsdam (kein Wechsel),False
2026-08-01 15:52:01.674,bicycle_ID_310,bicycle,Regen-Potsdam (kein Wechsel),False
2026-08-01 15:52:02.008,person_ID_558,person,Regen-Potsdam (kein Wechsel),False
2026-08-01 15:52:02.475,bicycle_ID_308,bicycle,Regen-Potsdam->Regen-Berlin,True
2026-08-01 15:52:02.675,person_ID_559,person,Regen-Potsdam (kein Wechsel),False
2026-08-01 15:52:02.840,bicycle_ID_312,bicycle,Regen-Potsdam->Regen-Berlin,True
2026-08-01 15:52:02.876,motorcycle_ID_225,motorcycle,Regen-Berlin (kein Wechsel),False
2026-08-01 15:52:03.108,bicycle_ID_313,bicycle,Regen-Berlin (kein Wechsel),False
2026-08-01 15:52:03.341,motorcycle_ID_226,motorcycle,Regen-Berlin (kein Wechsel),False
2026-08-01 15:52:03.642,motorcycle_ID_224,motorcycle,Regen-Potsdam->Regen-Berlin,True
2026-08-01 15:52:04.240,motorcycle_ID_227,motorcycle,Regen-Berlin (kein Wechsel),False
2026-08-01 15:52:04.240,person_ID_560,person,Regen-Potsdam->Regen-Berlin,True
2026-08-01 15:52:04.308,bicycle_ID_314,bicycle,Regen-Berlin (kein Wechsel),False
2026-08-01 15:52:04.642,bicycle_ID_315,bicycle,Regen-Berlin (kein Wechsel),False
2026-08-01 15:52:04.878,car_ID_1339,car,Regen-Potsdam (kein Wechsel),False
2026-08-01 15:52:05.014,car_ID_1340,car,Regen-Potsdam->Regen-Berlin,True
2026-08-01 15:52:05.044,person_ID_557,person,Regen-Potsdam->Regen-Berlin,True
2026-08-01 15:52:05.378,person_ID_561,person,Regen-Berlin (kein Wechsel),False
2026-08-01 15:52:05.579,truck_ID_230,truck,Regen-Potsdam->Regen-Berlin,True
2026-08-01 15:52:06.211,bus_ID_151,bus,Regen-Berlin (kein Wechsel),False
2026-08-01 15:52:06.310,truck_ID_229,truck,Regen-Potsdam->Regen-Berlin,True
2026-08-01 15:52:06.809,truck_ID_231,truck,Regen-Berlin (kein Wechsel),False
2026-08-01 15:52:07.008,car_ID_1342,car,Regen-Berlin (kein Wechsel),False
2026-08-01 15:52:08.575,car_ID_1341,car,Regen-Potsdam->Regen-Berlin,True
2026-08-01 15:52:36.144,car_ID_1343,car,Regen-Potsdam->Regen-Berlin,True
2026-08-01 15:53:11.142,truck_ID_232,truck,Regen-Potsdam (kein Wechsel),False
2026-08-01 15:53:11.210,truck_ID_233,truck,Regen-Potsdam (kein Wechsel),False
2026-08-01 15:53:11.443,car_ID_1344,car,Regen-Berlin->Regen-Potsdam,True
2026-08-01 15:53:11.711,car_ID_1345,car,Regen-Berlin->Regen-Potsdam,True
2026-08-01 15:53:14.646,car_ID_1346,car,Regen-Potsdam->Regen-Berlin,True
2026-08-01 15:53:31.081,car_ID_1348,car,Regen-Potsdam (kein Wechsel),False
2026-08-01 15:53:32.012,car_ID_1347,car,Regen-Potsdam->Regen-Berlin,True
2026-08-01 15:53:33.712,car_ID_1349,car,Regen-Potsdam->Regen-Berlin,True
2026-08-01 15:53:55.951,bus_ID_152,bus,Regen-Berlin (kein Wechsel),False
2026-08-01 15:53:56.552,car_ID_1350,car,Regen-Potsdam->Regen-Berlin,True
2026-08-01 15:54:35.283,car_ID_1351,car,Regen-Potsdam->Regen-Berlin,True
2026-08-01 15:54:38.987,car_ID_1352,car,Regen-Berlin->Regen-Potsdam,True
2026-08-01 15:54:40.984,car_ID_1353,car,Regen-Potsdam->Regen-Berlin,True
2026-08-01 15:54:43.484,car_ID_1354,car,Regen-Potsdam->Regen-Berlin,True
2026-08-01 15:54:49.852,car_ID_1355,car,Regen-Potsdam->Regen-Berlin,True
2026-08-01 15:56:23.595,car_ID_1356,car,Regen-Berlin->Regen-Potsdam,True
2026-08-01 15:57:23.794,car_ID_1357,car,Regen-Potsdam->Regen-Berlin,True
2026-08-01 15:57:31.160,bicycle_ID_316,bicycle,Regen-Berlin->Regen-Potsdam,True
2026-08-01 15:57:31.596,person_ID_562,person,Regen-Berlin->Regen-Potsdam,True
2026-08-01 15:57:48.829,car_ID_1358,car,Regen-Potsdam->Regen-Berlin,True
2026-08-01 15:58:03.032,car_ID_1359,car,Regen-Berlin->Regen-Potsdam,True
2026-08-01 15:58:08.536,car_ID_1360,car,Regen-Berlin->Regen-Potsdam,True
2026-08-01 15:58:14.030,bicycle_ID_317,bicycle,Regen-Berlin (kein Wechsel),False
2026-08-01 15:58:14.065,motorcycle_ID_228,motorcycle,Regen-Berlin (kein Wechsel),False
2026-08-01 15:58:14.930,person_ID_563,person,Regen-Berlin (kein Wechsel),False
2026-08-01 15:58:15.330,bicycle_ID_318,bicycle,Regen-Berlin->Regen-Potsdam,True
2026-08-01 15:58:25.901,bus_ID_153,bus,Regen-Berlin->Regen-Potsdam,True
2026-08-01 15:58:28.834,person_ID_564,person,Regen-Potsdam (kein Wechsel),False
2026-08-01 15:58:51.832,person_ID_566,person,Regen-Berlin (kein Wechsel),False
2026-08-01 15:58:52.332,person_ID_565,person,Regen-Potsdam->Regen-Berlin,True
2026-08-01 15:59:01.401,car_ID_1361,car,Regen-Berlin->Regen-Potsdam,True
2026-08-01 15:59:38.508,person_ID_567,person,Regen-Potsdam (kein Wechsel),False
2026-08-01 15:59:40.241,person_ID_568,person,Regen-Potsdam (kein Wechsel),False
2026-08-01 15:59:42.238,person_ID_569,person,Regen-Potsdam (kein Wechsel),False
2026-08-01 15:59:51.770,person_ID_570,person,Regen-Potsdam->Regen-Berlin,True
2026-08-01 15:59:53.741,person_ID_571,person,Regen-Berlin (kein Wechsel),False
2026-08-01 16:00:08.041,car_ID_1362,car,Regen-Berlin->Regen-Potsdam,True
2026-08-01 16:00:23.372,motorcycle_ID_229,motorcycle,Regen-Berlin (kein Wechsel),False
2026-08-01 16:00:24.040,motorcycle_ID_231,motorcycle,Regen-Berlin (kein Wechsel),False
2026-08-01 16:00:24.104,bicycle_ID_320,bicycle,Regen-Berlin (kein Wechsel),False
2026-08-01 16:00:24.640,person_ID_573,person,Regen-Berlin (kein Wechsel),False
2026-08-01 16:00:25.109,motorcycle_ID_230,motorcycle,Regen-Berlin->Regen-Potsdam,True
2026-08-01 16:00:25.206,bicycle_ID_319,bicycle,Regen-Berlin->Regen-Potsdam,True
2026-08-01 16:00:25.706,person_ID_574,person,Regen-Berlin->Regen-Potsdam,True
2026-08-01 16:00:27.275,car_ID_1363,car,Regen-Berlin->Regen-Potsdam,True
2026-08-01 16:00:28.673,car_ID_1364,car,Regen-Potsdam (kein Wechsel),False
2026-08-01 16:00:31.543,person_ID_575,person,Regen-Berlin (kein Wechsel),False
2026-08-01 16:00:31.974,person_ID_572,person,Regen-Potsdam->Regen-Berlin,True
2026-08-01 16:00:35.005,person_ID_576,person,Regen-Berlin (kein Wechsel),False
2026-08-01 16:00:51.745,car_ID_1365,car,Regen-Berlin->Regen-Potsdam,True
2026-08-01 16:01:04.307,car_ID_1366,car,Regen-Potsdam->Regen-Berlin,True
2026-08-01 16:01:32.311,car_ID_1367,car,Regen-Berlin->Regen-Potsdam,True
2026-08-01 16:01:45.344,motorcycle_ID_232,motorcycle,Regen-Potsdam (kein Wechsel),False
2026-08-01 16:01:45.677,car_ID_1368,car,Regen-Potsdam->Regen-Berlin,True
2026-08-01 16:01:45.744,person_ID_577,person,Regen-Potsdam (kein Wechsel),False
2026-08-01 16:01:46.411,bicycle_ID_321,bicycle,Regen-Potsdam (kein Wechsel),False
2026-08-01 16:01:47.811,bicycle_ID_322,bicycle,Regen-Potsdam->Regen-Berlin,True
2026-08-01 16:01:48.949,motorcycle_ID_233,motorcycle,Regen-Berlin (kein Wechsel),False
2026-08-01 16:01:52.108,person_ID_578,person,Regen-Potsdam->Regen-Berlin,True
2026-08-01 16:02:30.350,person_ID_579,person,Regen-Berlin->Regen-Potsdam,True
2026-08-01 16:02:34.314,person_ID_580,person,Regen-Potsdam (kein Wechsel),False
2026-08-01 16:03:25.185,car_ID_1369,car,Regen-Potsdam->Regen-Berlin,True
2026-08-01 16:03:52.291,bicycle_ID_323,bicycle,Regen-Potsdam (kein Wechsel),False
2026-08-01 16:03:52.989,person_ID_581,person,Regen-Potsdam (kein Wechsel),False
2026-08-01 16:03:54.419,bicycle_ID_324,bicycle,Regen-Potsdam->Regen-Berlin,True
2026-08-01 16:03:54.686,motorcycle_ID_234,motorcycle,Regen-Berlin (kein Wechsel),False
2026-08-01 16:03:56.251,person_ID_582,person,Regen-Potsdam->Regen-Berlin,True
2026-08-01 16:03:56.386,bicycle_ID_325,bicycle,Regen-Berlin (kein Wechsel),False
2026-08-01 16:03:56.786,motorcycle_ID_235,motorcycle,Regen-Berlin (kein Wechsel),False
2026-08-01 16:03:56.950,car_ID_1370,car,Regen-Berlin->Regen-Potsdam,True
2026-08-01 16:03:58.287,car_ID_1371,car,Regen-Potsdam (kein Wechsel),False
2026-08-01 16:04:07.423,bicycle_ID_326,bicycle,Regen-Potsdam (kein Wechsel),False
2026-08-01 16:04:07.924,bicycle_ID_327,bicycle,Regen-Potsdam (kein Wechsel),False
2026-08-01 16:04:08.655,bicycle_ID_329,bicycle,Regen-Potsdam (kein Wechsel),False
2026-08-01 16:04:08.723,person_ID_584,person,Regen-Potsdam (kein Wechsel),False
2026-08-01 16:04:08.989,person_ID_585,person,Regen-Potsdam (kein Wechsel),False
2026-08-01 16:04:09.119,bicycle_ID_328,bicycle,Regen-Potsdam (kein Wechsel),False
2026-08-01 16:04:09.388,person_ID_587,person,Regen-Berlin (kein Wechsel),False
2026-08-01 16:04:09.489,bicycle_ID_330,bicycle,Regen-Berlin (kein Wechsel),False
2026-08-01 16:04:10.251,person_ID_588,person,Regen-Berlin (kein Wechsel),False
2026-08-01 16:04:10.351,motorcycle_ID_236,motorcycle,Regen-Berlin (kein Wechsel),False
2026-08-01 16:04:10.720,bicycle_ID_331,bicycle,Regen-Berlin (kein Wechsel),False
2026-08-01 16:04:15.753,person_ID_583,person,Regen-Potsdam (kein Wechsel),False
2026-08-01 16:04:20.891,person_ID_586,person,Regen-Potsdam (kein Wechsel),False
2026-08-01 16:04:23.287,person_ID_590,person,Regen-Potsdam (kein Wechsel),False
2026-08-01 16:04:24.222,person_ID_589,person,Regen-Potsdam (kein Wechsel),False
2026-08-01 16:04:24.652,bicycle_ID_332,bicycle,Regen-Berlin (kein Wechsel),False
2026-08-01 16:04:36.620,person_ID_593,person,Regen-Berlin (kein Wechsel),False
2026-08-01 16:04:38.725,person_ID_594,person,Regen-Berlin (kein Wechsel),False
2026-08-01 16:04:39.361,person_ID_592,person,Regen-Potsdam->Regen-Berlin,True
2026-08-01 16:04:40.493,person_ID_591,person,Regen-Potsdam->Regen-Berlin,True
2026-08-01 16:04:41.821,person_ID_595,person,Regen-Berlin (kein Wechsel),False
2026-08-01 16:04:49.921,person_ID_596,person,Regen-Berlin->Regen-Potsdam,True
2026-08-01 16:04:49.989,bicycle_ID_333,bicycle,Regen-Berlin->Regen-Potsdam,True
2026-08-01 16:05:31.127,bicycle_ID_334,bicycle,Regen-Berlin (kein Wechsel),False
2026-08-01 16:05:31.262,motorcycle_ID_237,motorcycle,Regen-Berlin (kein Wechsel),False
2026-08-01 16:05:33.859,car_ID_1372,car,Regen-Potsdam (kein Wechsel),False
2026-08-01 16:05:34.359,person_ID_597,person,Regen-Berlin->Regen-Potsdam,True
2026-08-01 16:05:34.391,bicycle_ID_335,bicycle,Regen-Berlin->Regen-Potsdam,True
2026-08-01 16:05:35.324,person_ID_598,person,Regen-Potsdam (kein Wechsel),False
2026-08-01 16:05:35.459,bicycle_ID_336,bicycle,Regen-Potsdam (kein Wechsel),False
2026-08-01 16:05:35.459,bicycle_ID_337,bicycle,Regen-Potsdam (kein Wechsel),False
2026-08-01 16:05:36.692,car_ID_1373,car,Regen-Potsdam->Regen-Berlin,True
2026-08-01 16:05:37.395,bicycle_ID_339,bicycle,Regen-Potsdam (kein Wechsel),False
2026-08-01 16:05:38.492,motorcycle_ID_239,motorcycle,Regen-Potsdam (kein Wechsel),False
2026-08-01 16:05:40.759,motorcycle_ID_240,motorcycle,Regen-Berlin (kein Wechsel),False
2026-08-01 16:05:41.160,motorcycle_ID_241,motorcycle,Regen-Berlin (kein Wechsel),False
2026-08-01 16:05:41.259,motorcycle_ID_242,motorcycle,Regen-Berlin (kein Wechsel),False
2026-08-01 16:05:41.959,motorcycle_ID_238,motorcycle,Regen-Potsdam->Regen-Berlin,True
2026-08-01 16:05:42.160,bicycle_ID_338,bicycle,Regen-Potsdam->Regen-Berlin,True
2026-08-01 16:05:42.325,person_ID_599,person,Regen-Potsdam->Regen-Berlin,True
2026-08-01 16:05:42.465,person_ID_600,person,Regen-Potsdam->Regen-Berlin,True
2026-08-01 16:05:43.627,bicycle_ID_340,bicycle,Regen-Berlin (kein Wechsel),False
2026-08-01 16:05:43.763,person_ID_601,person,Regen-Berlin (kein Wechsel),False
2026-08-01 16:05:44.295,bicycle_ID_341,bicycle,Regen-Berlin (kein Wechsel),False
2026-08-01 16:05:46.329,bicycle_ID_342,bicycle,Regen-Berlin (kein Wechsel),False
2026-08-01 16:05:48.425,bicycle_ID_344,bicycle,Regen-Berlin (kein Wechsel),False
2026-08-01 16:05:49.260,motorcycle_ID_243,motorcycle,Regen-Berlin->Regen-Potsdam,True
2026-08-01 16:05:49.663,motorcycle_ID_244,motorcycle,Regen-Berlin->Regen-Potsdam,True
2026-08-01 16:05:49.695,person_ID_602,person,Regen-Berlin->Regen-Potsdam,True
2026-08-01 16:05:49.726,bus_ID_154,bus,Regen-Potsdam (kein Wechsel),False
2026-08-01 16:05:49.961,bicycle_ID_343,bicycle,Regen-Berlin->Regen-Potsdam,True
2026-08-01 16:05:50.161,truck_ID_235,truck,Regen-Potsdam (kein Wechsel),False
2026-08-01 16:05:50.559,truck_ID_234,truck,Regen-Potsdam (kein Wechsel),False
2026-08-01 16:05:51.159,bus_ID_155,bus,Regen-Potsdam->Regen-Berlin,True
2026-08-01 16:05:54.059,bus_ID_156,bus,Regen-Potsdam->Regen-Berlin,True
2026-08-01 16:06:08.597,person_ID_603,person,Regen-Potsdam (kein Wechsel),False
2026-08-01 16:06:10.093,person_ID_605,person,Regen-Potsdam (kein Wechsel),False
2026-08-01 16:06:12.693,person_ID_606,person,Regen-Potsdam (kein Wechsel),False
2026-08-01 16:06:14.967,person_ID_604,person,Regen-Potsdam (kein Wechsel),False
2026-08-01 16:06:32.794,person_ID_607,person,Regen-Potsdam->Regen-Berlin,True
2026-08-01 16:06:37.931,person_ID_609,person,Regen-Berlin (kein Wechsel),False
2026-08-01 16:06:41.495,person_ID_608,person,Regen-Berlin (kein Wechsel),False
2026-08-01 16:06:42.596,person_ID_610,person,Regen-Berlin (kein Wechsel),False
2026-08-01 16:06:44.134,person_ID_611,person,Regen-Berlin (kein Wechsel),False
2026-08-01 16:06:45.096,person_ID_612,person,Regen-Berlin (kein Wechsel),False
2026-08-01 16:06:46.195,person_ID_613,person,Regen-Berlin (kein Wechsel),False
2026-08-01 16:06:48.563,person_ID_614,person,Regen-Berlin (kein Wechsel),False
2026-08-01 16:06:51.699,car_ID_1374,car,Regen-Berlin->Regen-Potsdam,True
2026-08-01 16:07:20.067,person_ID_616,person,Regen-Potsdam (kein Wechsel),False
2026-08-01 16:07:22.764,car_ID_1375,car,Regen-Berlin->Regen-Potsdam,True
2026-08-01 16:07:28.597,person_ID_615,person,Regen-Berlin->Regen-Potsdam,True
2026-08-01 16:08:21.868,car_ID_1376,car,Regen-Berlin->Regen-Potsdam,True
2026-08-01 16:08:22.468,car_ID_1377,car,Regen-Potsdam (kein Wechsel),False
2026-08-01 16:08:23.706,person_ID_617,person,Regen-Potsdam (kein Wechsel),False
2026-08-01 16:08:30.536,car_ID_1378,car,Regen-Berlin->Regen-Potsdam,True
2026-08-01 16:08:31.769,car_ID_1379,car,Regen-Potsdam (kein Wechsel),False
2026-08-01 16:08:52.841,person_ID_618,person,Regen-Potsdam->Regen-Berlin,True
2026-08-01 16:08:56.009,person_ID_619,person,Regen-Berlin (kein Wechsel),False
2026-08-01 16:08:56.869,car_ID_1380,car,Regen-Potsdam->Regen-Berlin,True
2026-08-01 16:09:09.912,car_ID_1381,car,Regen-Berlin->Regen-Potsdam,True
2026-08-01 16:09:30.910,motorcycle_ID_245,motorcycle,Regen-Berlin (kein Wechsel),False
2026-08-01 16:09:33.643,motorcycle_ID_247,motorcycle,Regen-Berlin (kein Wechsel),False
2026-08-01 16:09:33.775,bicycle_ID_345,bicycle,Regen-Berlin->Regen-Potsdam,True
2026-08-01 16:09:34.113,motorcycle_ID_246,motorcycle,Regen-Berlin->Regen-Potsdam,True
2026-08-01 16:09:34.273,bicycle_ID_347,bicycle,Regen-Berlin->Regen-Potsdam,True
2026-08-01 16:09:34.809,person_ID_620,person,Regen-Berlin->Regen-Potsdam,True
2026-08-01 16:09:35.173,bicycle_ID_346,bicycle,Regen-Berlin->Regen-Potsdam,True
2026-08-01 16:09:35.173,person_ID_621,person,Regen-Berlin->Regen-Potsdam,True
2026-08-01 16:09:43.210,car_ID_1382,car,Regen-Berlin->Regen-Potsdam,True
2026-08-01 16:09:48.508,bicycle_ID_349,bicycle,Regen-Berlin (kein Wechsel),False
2026-08-01 16:09:49.075,motorcycle_ID_248,motorcycle,Regen-Berlin (kein Wechsel),False
2026-08-01 16:09:49.610,bicycle_ID_350,bicycle,Regen-Berlin (kein Wechsel),False
2026-08-01 16:09:50.782,bicycle_ID_351,bicycle,Regen-Potsdam (kein Wechsel),False
2026-08-01 16:09:50.941,person_ID_622,person,Regen-Berlin->Regen-Potsdam,True
2026-08-01 16:09:51.008,bicycle_ID_348,bicycle,Regen-Berlin->Regen-Potsdam,True
2026-08-01 16:09:51.340,motorcycle_ID_249,motorcycle,Regen-Potsdam (kein Wechsel),False
2026-08-01 16:10:03.176,car_ID_1383,car,Regen-Potsdam->Regen-Berlin,True
2026-08-01 16:10:05.245,car_ID_1384,car,Regen-Potsdam->Regen-Berlin,True
2026-08-01 16:10:32.081,truck_ID_236,truck,Regen-Berlin (kein Wechsel),False
2026-08-01 16:10:32.216,car_ID_1386,car,Regen-Berlin (kein Wechsel),False
2026-08-01 16:10:32.245,car_ID_1385,car,Regen-Potsdam->Regen-Berlin,True
2026-08-01 16:10:52.410,person_ID_624,person,Regen-Potsdam->Regen-Berlin,True
2026-08-01 16:10:58.243,person_ID_626,person,Regen-Potsdam (kein Wechsel),False
2026-08-01 16:10:59.476,person_ID_627,person,Regen-Potsdam (kein Wechsel),False
2026-08-01 16:11:00.680,person_ID_623,person,Regen-Berlin->Regen-Potsdam,True
2026-08-01 16:11:00.876,person_ID_628,person,Regen-Potsdam (kein Wechsel),False
2026-08-01 16:11:02.576,person_ID_629,person,Regen-Potsdam (kein Wechsel),False
2026-08-01 16:11:02.712,person_ID_630,person,Regen-Potsdam (kein Wechsel),False
2026-08-01 16:11:03.814,person_ID_631,person,Regen-Potsdam (kein Wechsel),False
2026-08-01 16:11:05.343,person_ID_625,person,Regen-Berlin (kein Wechsel),False
2026-08-01 16:11:05.543,person_ID_632,person,Regen-Potsdam (kein Wechsel),False
2026-08-01 16:11:07.076,person_ID_633,person,Regen-Potsdam (kein Wechsel),False
2026-08-01 16:11:07.076,person_ID_634,person,Regen-Berlin (kein Wechsel),False
2026-08-01 16:11:09.143,person_ID_635,person,Regen-Potsdam (kein Wechsel),False
2026-08-01 16:11:24.483,bicycle_ID_352,bicycle,Regen-Berlin (kein Wechsel),False
2026-08-01 16:11:24.817,motorcycle_ID_250,motorcycle,Regen-Berlin (kein Wechsel),False
2026-08-01 16:11:26.745,motorcycle_ID_251,motorcycle,Regen-Berlin (kein Wechsel),False
2026-08-01 16:11:27.180,bicycle_ID_353,bicycle,Regen-Berlin (kein Wechsel),False
2026-08-01 16:11:27.513,bicycle_ID_354,bicycle,Regen-Berlin->Regen-Potsdam,True
2026-08-01 16:11:27.680,person_ID_636,person,Regen-Berlin->Regen-Potsdam,True
2026-08-01 16:11:39.948,car_ID_1387,car,Regen-Potsdam->Regen-Berlin,True
2026-08-01 16:12:02.650,person_ID_637,person,Regen-Potsdam (kein Wechsel),False
2026-08-01 16:12:05.257,person_ID_638,person,Regen-Potsdam (kein Wechsel),False
2026-08-01 16:12:22.420,person_ID_640,person,Regen-Berlin (kein Wechsel),False
2026-08-01 16:12:27.957,person_ID_641,person,Regen-Berlin (kein Wechsel),False
2026-08-01 16:12:28.357,person_ID_639,person,Regen-Potsdam->Regen-Berlin,True
2026-08-01 16:13:53.757,car_ID_1388,car,Regen-Berlin->Regen-Potsdam,True
2026-08-01 16:13:53.789,bicycle_ID_355,bicycle,Regen-Potsdam (kein Wechsel),False
2026-08-01 16:13:54.689,person_ID_642,person,Regen-Potsdam (kein Wechsel),False
2026-08-01 16:13:55.256,person_ID_643,person,Regen-Potsdam (kein Wechsel),False
2026-08-01 16:13:55.423,bicycle_ID_356,bicycle,Regen-Potsdam (kein Wechsel),False
2026-08-01 16:13:56.224,person_ID_644,person,Regen-Berlin (kein Wechsel),False
2026-08-01 16:13:56.424,person_ID_645,person,Regen-Berlin (kein Wechsel),False
2026-08-01 16:13:56.656,motorcycle_ID_252,motorcycle,Regen-Berlin (kein Wechsel),False
2026-08-01 16:13:56.959,car_ID_1389,car,Regen-Berlin->Regen-Potsdam,True
2026-08-01 16:13:57.225,motorcycle_ID_253,motorcycle,Regen-Berlin (kein Wechsel),False
2026-08-01 16:13:57.859,car_ID_1391,car,Regen-Berlin (kein Wechsel),False
2026-08-01 16:13:58.762,motorcycle_ID_254,motorcycle,Regen-Berlin (kein Wechsel),False
2026-08-01 16:13:58.792,bicycle_ID_358,bicycle,Regen-Berlin (kein Wechsel),False
2026-08-01 16:13:58.792,car_ID_1390,car,Regen-Berlin->Regen-Potsdam,True
2026-08-01 16:14:00.356,motorcycle_ID_256,motorcycle,Regen-Berlin->Regen-Potsdam,True
2026-08-01 16:14:00.424,motorcycle_ID_255,motorcycle,Regen-Berlin->Regen-Potsdam,True
2026-08-01 16:14:00.989,bicycle_ID_359,bicycle,Regen-Berlin->Regen-Potsdam,True
2026-08-01 16:14:01.025,bicycle_ID_357,bicycle,Regen-Berlin->Regen-Potsdam,True
2026-08-01 16:14:01.128,person_ID_646,person,Regen-Berlin->Regen-Potsdam,True
2026-08-01 16:14:02.425,motorcycle_ID_258,motorcycle,Regen-Berlin (kein Wechsel),False
2026-08-01 16:14:02.858,bicycle_ID_361,bicycle,Regen-Berlin->Regen-Potsdam,True
2026-08-01 16:14:02.926,motorcycle_ID_257,motorcycle,Regen-Berlin->Regen-Potsdam,True
2026-08-01 16:14:03.589,bicycle_ID_360,bicycle,Regen-Berlin->Regen-Potsdam,True
2026-08-01 16:14:03.589,person_ID_647,person,Regen-Berlin->Regen-Potsdam,True
2026-08-01 16:14:15.724,bicycle_ID_362,bicycle,Regen-Potsdam (kein Wechsel),False
2026-08-01 16:14:16.490,person_ID_648,person,Regen-Potsdam (kein Wechsel),False
2026-08-01 16:14:17.457,motorcycle_ID_260,motorcycle,Regen-Potsdam (kein Wechsel),False
2026-08-01 16:14:17.826,bicycle_ID_363,bicycle,Regen-Potsdam (kein Wechsel),False
2026-08-01 16:14:19.325,bicycle_ID_364,bicycle,Regen-Potsdam (kein Wechsel),False
2026-08-01 16:14:19.524,bicycle_ID_365,bicycle,Regen-Potsdam (kein Wechsel),False
2026-08-01 16:14:19.560,motorcycle_ID_259,motorcycle,Regen-Potsdam->Regen-Berlin,True
2026-08-01 16:14:19.559,person_ID_649,person,Regen-Potsdam->Regen-Berlin,True
2026-08-01 16:14:19.724,motorcycle_ID_262,motorcycle,Regen-Potsdam (kein Wechsel),False
2026-08-01 16:14:19.858,motorcycle_ID_261,motorcycle,Regen-Potsdam (kein Wechsel),False
2026-08-01 16:14:20.125,motorcycle_ID_263,motorcycle,Regen-Berlin (kein Wechsel),False
2026-08-01 16:14:20.258,person_ID_650,person,Regen-Potsdam (kein Wechsel),False
2026-08-01 16:14:20.289,bicycle_ID_366,bicycle,Regen-Berlin (kein Wechsel),False
2026-08-01 16:14:20.525,person_ID_651,person,Regen-Berlin (kein Wechsel),False
2026-08-01 16:14:20.725,bicycle_ID_367,bicycle,Regen-Potsdam (kein Wechsel),False
2026-08-01 16:14:20.725,person_ID_653,person,Regen-Potsdam (kein Wechsel),False
2026-08-01 16:14:20.990,motorcycle_ID_264,motorcycle,Regen-Berlin (kein Wechsel),False
2026-08-01 16:14:21.390,person_ID_654,person,Regen-Potsdam (kein Wechsel),False
2026-08-01 16:14:21.759,motorcycle_ID_265,motorcycle,Regen-Potsdam (kein Wechsel),False
2026-08-01 16:14:21.989,bicycle_ID_368,bicycle,Regen-Potsdam->Regen-Berlin,True
2026-08-01 16:14:21.990,person_ID_655,person,Regen-Potsdam->Regen-Berlin,True
2026-08-01 16:14:24.193,motorcycle_ID_268,motorcycle,Regen-Berlin (kein Wechsel),False
2026-08-01 16:14:24.294,motorcycle_ID_267,motorcycle,Regen-Berlin->Regen-Potsdam,True
2026-08-01 16:14:24.563,person_ID_652,person,Regen-Potsdam->Regen-Berlin,True
2026-08-01 16:14:24.831,person_ID_656,person,Regen-Berlin->Regen-Potsdam,True
2026-08-01 16:14:25.060,motorcycle_ID_266,motorcycle,Regen-Berlin (kein Wechsel),False
2026-08-01 16:14:25.328,car_ID_1392,car,Regen-Berlin (kein Wechsel),False
2026-08-01 16:14:34.990,bicycle_ID_369,bicycle,Regen-Berlin->Regen-Potsdam,True
2026-08-01 16:14:35.425,person_ID_657,person,Regen-Berlin->Regen-Potsdam,True
2026-08-01 16:14:35.458,bicycle_ID_370,bicycle,Regen-Berlin->Regen-Potsdam,True
2026-08-01 16:14:35.590,motorcycle_ID_269,motorcycle,Regen-Berlin->Regen-Potsdam,True
2026-08-01 16:15:08.395,person_ID_658,person,Regen-Berlin->Regen-Potsdam,True
2026-08-01 16:15:10.698,motorcycle_ID_270,motorcycle,Regen-Berlin (kein Wechsel),False
2026-08-01 16:15:11.166,bicycle_ID_371,bicycle,Regen-Berlin (kein Wechsel),False
2026-08-01 16:15:11.200,motorcycle_ID_271,motorcycle,Regen-Berlin (kein Wechsel),False
2026-08-01 16:15:12.228,motorcycle_ID_272,motorcycle,Regen-Berlin (kein Wechsel),False
2026-08-01 16:15:12.628,person_ID_659,person,Regen-Berlin (kein Wechsel),False
2026-08-01 16:15:13.429,motorcycle_ID_273,motorcycle,Regen-Potsdam (kein Wechsel),False
2026-08-01 16:15:13.595,person_ID_660,person,Regen-Berlin->Regen-Potsdam,True
2026-08-01 16:15:14.199,bicycle_ID_372,bicycle,Regen-Berlin->Regen-Potsdam,True
2026-08-01 16:15:23.595,car_ID_1393,car,Regen-Berlin->Regen-Potsdam,True
2026-08-01 16:15:23.628,truck_ID_237,truck,Regen-Potsdam (kein Wechsel),False
2026-08-01 16:15:57.962,bicycle_ID_373,bicycle,Regen-Potsdam->Regen-Berlin,True
2026-08-01 16:15:58.463,person_ID_661,person,Regen-Potsdam->Regen-Berlin,True
2026-08-01 16:15:59.131,bicycle_ID_374,bicycle,Regen-Berlin (kein Wechsel),False
2026-08-01 16:15:59.899,person_ID_662,person,Regen-Berlin (kein Wechsel),False
2026-08-01 16:16:10.837,motorcycle_ID_274,motorcycle,Regen-Berlin (kein Wechsel),False
2026-08-01 16:16:11.032,bicycle_ID_376,bicycle,Regen-Berlin->Regen-Potsdam,True
2026-08-01 16:16:11.863,bicycle_ID_375,bicycle,Regen-Berlin->Regen-Potsdam,True
2026-08-01 16:16:11.862,person_ID_663,person,Regen-Berlin->Regen-Potsdam,True
2026-08-01 16:16:49.674,bus_ID_157,bus,Regen-Berlin (kein Wechsel),False
2026-08-01 16:16:50.403,car_ID_1394,car,Regen-Potsdam->Regen-Berlin,True
2026-08-01 16:17:09.041,car_ID_1395,car,Regen-Berlin->Regen-Potsdam,True
2026-08-01 16:17:14.369,bus_ID_158,bus,Regen-Berlin (kein Wechsel),False
2026-08-01 16:17:14.469,car_ID_1396,car,Regen-Potsdam->Regen-Berlin,True
2026-08-01 16:17:14.869,truck_ID_238,truck,Regen-Berlin (kein Wechsel),False
2026-08-01 16:18:42.180,car_ID_1397,car,Regen-Berlin->Regen-Potsdam,True
2026-08-01 16:18:47.945,bus_ID_159,bus,Regen-Berlin (kein Wechsel),False
2026-08-01 16:18:51.045,bus_ID_160,bus,Regen-Berlin->Regen-Potsdam,True
2026-08-01 16:19:04.644,car_ID_1398,car,Regen-Berlin->Regen-Potsdam,True
2026-08-01 16:19:05.913,car_ID_1399,car,Regen-Potsdam (kein Wechsel),False
2026-08-01 16:19:10.375,car_ID_1400,car,Regen-Berlin->Regen-Potsdam,True
2026-08-01 16:19:26.880,person_ID_664,person,Regen-Berlin (kein Wechsel),False
2026-08-01 16:19:28.508,person_ID_665,person,Regen-Berlin (kein Wechsel),False
2026-08-01 16:19:30.576,motorcycle_ID_275,motorcycle,Regen-Berlin (kein Wechsel),False
2026-08-01 16:19:30.911,bicycle_ID_378,bicycle,Regen-Berlin (kein Wechsel),False
2026-08-01 16:19:31.144,motorcycle_ID_276,motorcycle,Regen-Berlin (kein Wechsel),False
2026-08-01 16:19:31.477,person_ID_666,person,Regen-Berlin (kein Wechsel),False
2026-08-01 16:19:31.709,motorcycle_ID_277,motorcycle,Regen-Potsdam (kein Wechsel),False
2026-08-01 16:19:32.313,bicycle_ID_377,bicycle,Regen-Berlin->Regen-Potsdam,True
2026-08-01 16:19:34.544,person_ID_667,person,Regen-Berlin->Regen-Potsdam,True
2026-08-01 16:19:41.410,person_ID_668,person,Regen-Potsdam (kein Wechsel),False
2026-08-01 16:19:44.144,person_ID_669,person,Regen-Potsdam (kein Wechsel),False
2026-08-01 16:19:47.681,person_ID_670,person,Regen-Potsdam (kein Wechsel),False
2026-08-01 16:19:51.910,car_ID_1401,car,Regen-Berlin->Regen-Potsdam,True
2026-08-01 16:20:01.610,car_ID_1402,car,Regen-Berlin (kein Wechsel),False
2026-08-01 16:20:06.116,car_ID_1403,car,Regen-Berlin->Regen-Potsdam,True
2026-08-01 16:20:21.179,car_ID_1404,car,Regen-Potsdam->Regen-Berlin,True
2026-08-01 16:20:28.980,car_ID_1405,car,Regen-Berlin->Regen-Potsdam,True
2026-08-01 16:21:23.350,person_ID_671,person,Regen-Potsdam (kein Wechsel),False
2026-08-01 16:21:26.023,person_ID_672,person,Regen-Potsdam (kein Wechsel),False
2026-08-01 16:21:30.687,person_ID_674,person,Regen-Potsdam (kein Wechsel),False
2026-08-01 16:21:31.118,car_ID_1406,car,Regen-Berlin->Regen-Potsdam,True
2026-08-01 16:21:31.382,person_ID_673,person,Regen-Potsdam (kein Wechsel),False
2026-08-01 16:21:34.789,person_ID_675,person,Regen-Potsdam (kein Wechsel),False
2026-08-01 16:21:36.087,person_ID_677,person,Regen-Potsdam (kein Wechsel),False
2026-08-01 16:21:36.687,person_ID_676,person,Regen-Potsdam (kein Wechsel),False
2026-08-01 16:21:44.788,car_ID_1407,car,Regen-Potsdam->Regen-Berlin,True
2026-08-01 16:21:47.584,car_ID_1408,car,Regen-Berlin->Regen-Potsdam,True
2026-08-01 16:21:48.619,car_ID_1409,car,Regen-Potsdam (kein Wechsel),False
2026-08-01 16:21:51.051,person_ID_678,person,Regen-Potsdam->Regen-Berlin,True
2026-08-01 16:21:51.451,person_ID_679,person,Regen-Berlin (kein Wechsel),False
2026-08-01 16:21:53.656,person_ID_681,person,Regen-Potsdam (kein Wechsel),False
2026-08-01 16:21:56.355,person_ID_680,person,Regen-Berlin (kein Wechsel),False
2026-08-01 16:21:56.556,person_ID_682,person,Regen-Potsdam (kein Wechsel),False
2026-08-01 16:21:57.394,bicycle_ID_379,bicycle,Regen-Potsdam (kein Wechsel),False
2026-08-01 16:21:58.591,person_ID_683,person,Regen-Potsdam (kein Wechsel),False
2026-08-01 16:22:01.188,person_ID_685,person,Regen-Potsdam (kein Wechsel),False
2026-08-01 16:22:04.724,car_ID_1410,car,Regen-Berlin->Regen-Potsdam,True
2026-08-01 16:22:05.387,person_ID_686,person,Regen-Berlin (kein Wechsel),False
2026-08-01 16:22:05.520,car_ID_1411,car,Regen-Potsdam (kein Wechsel),False
2026-08-01 16:22:09.452,person_ID_684,person,Regen-Potsdam->Regen-Berlin,True
2026-08-01 16:22:17.853,person_ID_687,person,Regen-Berlin (kein Wechsel),False
2026-08-01 16:22:19.356,person_ID_688,person,Regen-Berlin (kein Wechsel),False
2026-08-01 16:22:23.921,motorcycle_ID_278,motorcycle,Regen-Berlin (kein Wechsel),False
2026-08-01 16:22:24.421,bicycle_ID_380,bicycle,Regen-Potsdam->Regen-Berlin,True
2026-08-01 16:22:24.921,bicycle_ID_381,bicycle,Regen-Berlin->Regen-Potsdam,True
2026-08-01 16:22:25.390,person_ID_690,person,Regen-Berlin->Regen-Potsdam,True
2026-08-01 16:22:26.092,person_ID_689,person,Regen-Potsdam->Regen-Berlin,True
2026-08-01 16:22:26.157,bicycle_ID_382,bicycle,Regen-Berlin (kein Wechsel),False
2026-08-01 16:22:26.525,person_ID_691,person,Regen-Berlin (kein Wechsel),False
2026-08-01 16:22:30.523,car_ID_1412,car,Regen-Berlin->Regen-Potsdam,True
2026-08-01 16:22:52.493,bicycle_ID_383,bicycle,Regen-Berlin (kein Wechsel),False
2026-08-01 16:22:52.660,motorcycle_ID_279,motorcycle,Regen-Berlin (kein Wechsel),False
2026-08-01 16:22:53.854,motorcycle_ID_280,motorcycle,Regen-Berlin (kein Wechsel),False
2026-08-01 16:22:53.854,motorcycle_ID_281,motorcycle,Regen-Berlin (kein Wechsel),False
2026-08-01 16:22:54.323,bicycle_ID_386,bicycle,Regen-Berlin (kein Wechsel),False
2026-08-01 16:22:54.595,person_ID_692,person,Regen-Berlin->Regen-Potsdam,True
2026-08-01 16:22:54.990,bicycle_ID_384,bicycle,Regen-Berlin->Regen-Potsdam,True
2026-08-01 16:22:55.522,bicycle_ID_385,bicycle,Regen-Berlin->Regen-Potsdam,True
2026-08-01 16:22:55.990,person_ID_693,person,Regen-Berlin->Regen-Potsdam,True
2026-08-01 16:23:04.694,bicycle_ID_387,bicycle,Regen-Potsdam (kein Wechsel),False
2026-08-01 16:23:04.759,person_ID_694,person,Regen-Potsdam (kein Wechsel),False
2026-08-01 16:23:06.023,bicycle_ID_388,bicycle,Regen-Potsdam->Regen-Berlin,True
2026-08-01 16:23:06.355,motorcycle_ID_282,motorcycle,Regen-Berlin (kein Wechsel),False
2026-08-01 16:23:06.792,person_ID_695,person,Regen-Potsdam->Regen-Berlin,True
2026-08-01 16:23:07.556,motorcycle_ID_283,motorcycle,Regen-Berlin (kein Wechsel),False
2026-08-01 16:23:08.658,person_ID_696,person,Regen-Berlin (kein Wechsel),False
2026-08-01 16:23:11.028,car_ID_1413,car,Regen-Potsdam->Regen-Berlin,True
2026-08-01 16:23:24.156,car_ID_1414,car,Regen-Berlin->Regen-Potsdam,True
2026-08-01 16:23:32.669,bicycle_ID_390,bicycle,Regen-Potsdam (kein Wechsel),False
2026-08-01 16:23:33.260,bicycle_ID_389,bicycle,Regen-Potsdam (kein Wechsel),False
2026-08-01 16:23:33.693,bicycle_ID_391,bicycle,Regen-Potsdam (kein Wechsel),False
2026-08-01 16:23:33.725,bicycle_ID_392,bicycle,Regen-Potsdam (kein Wechsel),False
2026-08-01 16:23:35.192,person_ID_698,person,Regen-Potsdam (kein Wechsel),False
2026-08-01 16:23:37.295,person_ID_699,person,Regen-Potsdam->Regen-Berlin,True
2026-08-01 16:23:37.929,motorcycle_ID_284,motorcycle,Regen-Berlin (kein Wechsel),False
2026-08-01 16:23:40.826,motorcycle_ID_285,motorcycle,Regen-Berlin (kein Wechsel),False
2026-08-01 16:23:41.025,bicycle_ID_393,bicycle,Regen-Potsdam->Regen-Berlin,True
2026-08-01 16:23:41.393,person_ID_700,person,Regen-Berlin (kein Wechsel),False
2026-08-01 16:23:41.493,person_ID_697,person,Regen-Potsdam->Regen-Berlin,True
2026-08-01 16:24:19.666,car_ID_1415,car,Regen-Berlin->Regen-Potsdam,True
2026-08-01 16:24:33.395,truck_ID_239,truck,Regen-Potsdam (kein Wechsel),False
2026-08-01 16:24:33.628,car_ID_1416,car,Regen-Potsdam (kein Wechsel),False
2026-08-01 16:24:37.064,bus_ID_161,bus,Regen-Potsdam->Regen-Berlin,True
2026-08-01 16:24:52.130,car_ID_1417,car,Regen-Potsdam->Regen-Berlin,True
2026-08-01 16:24:56.832,car_ID_1418,car,Regen-Potsdam->Regen-Berlin,True
2026-08-01 16:25:16.166,car_ID_1419,car,Regen-Potsdam->Regen-Berlin,True
2026-08-01 16:25:23.539,car_ID_1420,car,Regen-Berlin (kein Wechsel),False
2026-08-01 16:25:33.139,car_ID_1421,car,Regen-Berlin->Regen-Potsdam,True
2026-08-01 16:25:34.834,car_ID_1422,car,Regen-Berlin->Regen-Potsdam,True
2026-08-01 16:25:43.903,car_ID_1423,car,Regen-Berlin->Regen-Potsdam,True
2026-08-01 16:25:46.567,car_ID_1424,car,Regen-Berlin->Regen-Potsdam,True
2026-08-01 16:26:14.401,car_ID_1425,car,Regen-Berlin->Regen-Potsdam,True
2026-08-01 16:26:14.501,car_ID_1427,car,Regen-Potsdam (kein Wechsel),False
2026-08-01 16:26:16.108,car_ID_1426,car,Regen-Berlin->Regen-Potsdam,True
2026-08-01 16:27:28.975,motorcycle_ID_286,motorcycle,Regen-Potsdam (kein Wechsel),False
2026-08-01 16:27:29.773,bicycle_ID_394,bicycle,Regen-Potsdam (kein Wechsel),False
2026-08-01 16:27:29.973,motorcycle_ID_287,motorcycle,Regen-Potsdam (kein Wechsel),False
2026-08-01 16:27:30.041,bicycle_ID_395,bicycle,Regen-Potsdam (kein Wechsel),False
2026-08-01 16:27:30.207,person_ID_701,person,Regen-Potsdam (kein Wechsel),False
2026-08-01 16:27:30.873,person_ID_702,person,Regen-Potsdam (kein Wechsel),False
2026-08-01 16:27:33.743,bicycle_ID_397,bicycle,Regen-Berlin (kein Wechsel),False
2026-08-01 16:27:33.943,bicycle_ID_396,bicycle,Regen-Potsdam->Regen-Berlin,True
2026-08-01 16:27:34.644,motorcycle_ID_288,motorcycle,Regen-Berlin (kein Wechsel),False
2026-08-01 16:27:35.044,person_ID_703,person,Regen-Potsdam->Regen-Berlin,True
2026-08-01 16:27:53.074,bicycle_ID_398,bicycle,Regen-Berlin (kein Wechsel),False
2026-08-01 16:27:53.609,motorcycle_ID_290,motorcycle,Regen-Berlin (kein Wechsel),False
2026-08-01 16:27:53.842,motorcycle_ID_289,motorcycle,Regen-Berlin (kein Wechsel),False
2026-08-01 16:27:54.474,bicycle_ID_399,bicycle,Regen-Berlin (kein Wechsel),False
2026-08-01 16:27:55.277,bicycle_ID_400,bicycle,Regen-Berlin->Regen-Potsdam,True
2026-08-01 16:27:55.277,person_ID_704,person,Regen-Berlin->Regen-Potsdam,True
2026-08-01 16:27:57.212,car_ID_1428,car,Regen-Berlin->Regen-Potsdam,True
2026-08-01 16:28:32.579,bicycle_ID_401,bicycle,Regen-Berlin (kein Wechsel),False
2026-08-01 16:28:32.717,motorcycle_ID_291,motorcycle,Regen-Berlin (kein Wechsel),False
2026-08-01 16:28:33.544,motorcycle_ID_292,motorcycle,Regen-Berlin (kein Wechsel),False
2026-08-01 16:28:34.412,person_ID_705,person,Regen-Berlin->Regen-Potsdam,True
2026-08-01 16:28:34.644,bicycle_ID_402,bicycle,Regen-Berlin->Regen-Potsdam,True
2026-08-01 16:28:35.776,person_ID_706,person,Regen-Potsdam (kein Wechsel),False
2026-08-01 16:28:42.348,car_ID_1429,car,Regen-Berlin->Regen-Potsdam,True
2026-08-01 16:29:34.987,car_ID_1430,car,Regen-Berlin->Regen-Potsdam,True
2026-08-01 16:29:35.218,car_ID_1432,car,Regen-Potsdam (kein Wechsel),False
2026-08-01 16:29:36.250,car_ID_1431,car,Regen-Berlin->Regen-Potsdam,True
2026-08-01 16:30:02.783,bicycle_ID_403,bicycle,Regen-Berlin->Regen-Potsdam,True
2026-08-01 16:30:03.284,person_ID_707,person,Regen-Berlin->Regen-Potsdam,True
2026-08-01 16:30:05.748,car_ID_1433,car,Regen-Potsdam->Regen-Berlin,True
2026-08-01 16:30:10.716,car_ID_1434,car,Regen-Potsdam->Regen-Berlin,True
2026-08-01 16:30:15.485,car_ID_1435,car,Regen-Potsdam->Regen-Berlin,True
2026-08-01 16:30:28.385,bicycle_ID_404,bicycle,Regen-Berlin->Regen-Potsdam,True
2026-08-01 16:30:28.489,person_ID_708,person,Regen-Berlin->Regen-Potsdam,True
2026-08-01 16:30:43.921,person_ID_709,person,Regen-Berlin (kein Wechsel),False
2026-08-01 16:30:47.154,person_ID_710,person,Regen-Berlin->Regen-Potsdam,True
2026-08-01 16:30:47.585,bicycle_ID_405,bicycle,Regen-Berlin->Regen-Potsdam,True
2026-08-01 16:31:02.892,person_ID_711,person,Regen-Potsdam (kein Wechsel),False
2026-08-01 16:31:03.793,motorcycle_ID_294,motorcycle,Regen-Potsdam (kein Wechsel),False
2026-08-01 16:31:03.923,bicycle_ID_406,bicycle,Regen-Potsdam (kein Wechsel),False
2026-08-01 16:31:04.661,person_ID_712,person,Regen-Potsdam->Regen-Berlin,True
2026-08-01 16:31:05.123,motorcycle_ID_293,motorcycle,Regen-Potsdam->Regen-Berlin,True
2026-08-01 16:31:05.222,motorcycle_ID_295,motorcycle,Regen-Berlin (kein Wechsel),False
2026-08-01 16:31:28.521,car_ID_1436,car,Regen-Berlin (kein Wechsel),False
2026-08-01 16:31:39.592,car_ID_1437,car,Regen-Berlin (kein Wechsel),False
2026-08-01 16:33:09.764,car_ID_1438,car,Regen-Potsdam->Regen-Berlin,True
2026-08-01 16:33:50.798,car_ID_1439,car,Regen-Potsdam->Regen-Berlin,True
2026-08-01 16:34:07.968,person_ID_713,person,Regen-Potsdam->Regen-Berlin,True
2026-08-01 16:34:12.200,truck_ID_240,truck,Regen-Berlin (kein Wechsel),False
2026-08-01 16:34:12.864,truck_ID_241,truck,Regen-Berlin (kein Wechsel),False
2026-08-01 16:34:13.099,car_ID_1441,car,Regen-Berlin (kein Wechsel),False
2026-08-01 16:34:13.500,bus_ID_162,bus,Regen-Berlin (kein Wechsel),False
2026-08-01 16:34:13.633,car_ID_1440,car,Regen-Potsdam->Regen-Berlin,True
2026-08-01 16:34:14.432,person_ID_714,person,Regen-Berlin (kein Wechsel),False
2026-08-01 16:34:16.538,person_ID_715,person,Regen-Berlin (kein Wechsel),False
2026-08-01 16:34:18.768,person_ID_716,person,Regen-Berlin (kein Wechsel),False
2026-08-01 16:34:32.107,car_ID_1442,car,Regen-Berlin->Regen-Potsdam,True
2026-08-01 16:35:27.906,car_ID_1443,car,Regen-Berlin->Regen-Potsdam,True
2026-08-01 16:36:39.943,bicycle_ID_407,bicycle,Regen-Potsdam (kein Wechsel),False
2026-08-01 16:36:42.307,motorcycle_ID_296,motorcycle,Regen-Potsdam (kein Wechsel),False
2026-08-01 16:36:45.782,person_ID_717,person,Regen-Potsdam->Regen-Berlin,True
2026-08-01 16:36:45.911,bicycle_ID_408,bicycle,Regen-Potsdam->Regen-Berlin,True
2026-08-01 16:36:58.681,car_ID_1444,car,Regen-Berlin (kein Wechsel),False
2026-08-01 16:36:58.781,truck_ID_242,truck,Regen-Berlin->Regen-Potsdam,True
2026-08-01 16:36:58.945,truck_ID_243,truck,Regen-Potsdam (kein Wechsel),False
2026-08-01 16:36:59.046,car_ID_1445,car,Regen-Berlin->Regen-Potsdam,True
2026-08-01 16:37:22.413,car_ID_1446,car,Regen-Berlin->Regen-Potsdam,True
2026-08-01 16:37:48.483,motorcycle_ID_297,motorcycle,Regen-Berlin (kein Wechsel),False
2026-08-01 16:37:49.343,bicycle_ID_410,bicycle,Regen-Berlin (kein Wechsel),False
2026-08-01 16:37:49.411,motorcycle_ID_299,motorcycle,Regen-Berlin (kein Wechsel),False
2026-08-01 16:37:50.311,bicycle_ID_411,bicycle,Regen-Berlin->Regen-Potsdam,True
2026-08-01 16:37:50.510,motorcycle_ID_298,motorcycle,Regen-Berlin->Regen-Potsdam,True
2026-08-01 16:37:50.710,bicycle_ID_409,bicycle,Regen-Berlin->Regen-Potsdam,True
2026-08-01 16:37:51.188,person_ID_718,person,Regen-Berlin->Regen-Potsdam,True
2026-08-01 16:38:14.348,car_ID_1447,car,Regen-Berlin->Regen-Potsdam,True
2026-08-01 16:38:18.712,car_ID_1448,car,Regen-Berlin->Regen-Potsdam,True
2026-08-01 16:38:31.613,car_ID_1449,car,Regen-Potsdam->Regen-Berlin,True
2026-08-01 16:38:50.481,bicycle_ID_412,bicycle,Regen-Berlin->Regen-Potsdam,True
2026-08-01 16:38:50.614,person_ID_719,person,Regen-Berlin->Regen-Potsdam,True
2026-08-01 16:38:55.353,car_ID_1450,car,Regen-Berlin (kein Wechsel),False
2026-08-01 16:38:55.760,truck_ID_244,truck,Regen-Berlin (kein Wechsel),False
2026-08-01 16:38:56.449,truck_ID_245,truck,Regen-Berlin (kein Wechsel),False
2026-08-01 16:38:59.217,bus_ID_163,bus,Regen-Berlin->Regen-Potsdam,True
2026-08-01 16:39:01.653,car_ID_1451,car,Regen-Berlin->Regen-Potsdam,True
2026-08-01 16:39:04.921,car_ID_1452,car,Regen-Berlin->Regen-Potsdam,True
2026-08-01 16:39:06.221,car_ID_1453,car,Regen-Potsdam (kein Wechsel),False
2026-08-01 16:39:29.655,car_ID_1454,car,Regen-Potsdam (kein Wechsel),False
2026-08-01 16:39:31.452,car_ID_1455,car,Regen-Potsdam->Regen-Berlin,True
2026-08-01 16:40:31.555,car_ID_1456,car,Regen-Potsdam->Regen-Berlin,True
2026-08-01 16:40:35.993,car_ID_1458,car,Regen-Berlin->Regen-Potsdam,True
2026-08-01 16:40:36.259,car_ID_1457,car,Regen-Potsdam->Regen-Berlin,True
2026-08-01 16:40:59.425,car_ID_1459,car,Regen-Potsdam->Regen-Berlin,True
2026-08-01 16:41:04.298,car_ID_1460,car,Regen-Potsdam->Regen-Berlin,True
2026-08-01 16:41:19.625,car_ID_1462,car,Regen-Potsdam->Regen-Berlin,True
2026-08-01 16:41:21.157,car_ID_1461,car,Regen-Potsdam->Regen-Berlin,True
2026-08-01 16:41:45.930,car_ID_1463,car,Regen-Potsdam (kein Wechsel),False
2026-08-01 16:41:48.559,car_ID_1464,car,Regen-Potsdam->Regen-Berlin,True
2026-08-01 16:41:55.734,car_ID_1466,car,Regen-Berlin (kein Wechsel),False
2026-08-01 16:41:56.726,car_ID_1465,car,Regen-Berlin->Regen-Potsdam,True
2026-08-01 16:43:03.171,car_ID_1467,car,Regen-Berlin->Regen-Potsdam,True
2026-08-01 16:43:26.766,car_ID_1468,car,Regen-Potsdam->Regen-Berlin,True
2026-08-01 16:43:32.399,car_ID_1469,car,Regen-Potsdam->Regen-Berlin,True
2026-08-01 16:43:37.870,car_ID_1470,car,Regen-Berlin->Regen-Potsdam,True
2026-08-01 16:43:38.673,car_ID_1471,car,Regen-Potsdam (kein Wechsel),False
2026-08-01 16:43:48.533,person_ID_720,person,Regen-Potsdam->Regen-Berlin,True
2026-08-01 16:43:53.405,person_ID_721,person,Regen-Berlin (kein Wechsel),False
2026-08-01 16:43:56.869,truck_ID_246,truck,Regen-Berlin (kein Wechsel),False
2026-08-01 16:43:57.703,car_ID_1472,car,Regen-Potsdam->Regen-Berlin,True
2026-08-01 16:43:57.902,car_ID_1473,car,Regen-Berlin (kein Wechsel),False
2026-08-01 16:43:58.033,bus_ID_164,bus,Regen-Berlin (kein Wechsel),False
2026-08-01 16:44:00.904,car_ID_1474,car,Regen-Potsdam->Regen-Berlin,True
2026-08-01 16:44:04.569,car_ID_1475,car,Regen-Berlin->Regen-Potsdam,True
2026-08-01 16:44:07.301,car_ID_1476,car,Regen-Berlin->Regen-Potsdam,True
2026-08-01 16:44:43.876,person_ID_722,person,Regen-Potsdam (kein Wechsel),False
2026-08-01 16:44:46.039,bus_ID_166,bus,Regen-Potsdam (kein Wechsel),False
2026-08-01 16:44:49.203,bus_ID_165,bus,Regen-Potsdam->Regen-Berlin,True
2026-08-01 16:44:52.544,car_ID_1477,car,Regen-Berlin->Regen-Potsdam,True
2026-08-01 16:45:07.773,car_ID_1478,car,Regen-Potsdam->Regen-Berlin,True
2026-08-01 16:45:26.244,car_ID_1479,car,Regen-Berlin (kein Wechsel),False
2026-08-01 16:45:35.373,car_ID_1480,car,Regen-Berlin->Regen-Potsdam,True
2026-08-01 16:45:35.758,car_ID_1481,car,Regen-Potsdam->Regen-Berlin,True
