timestamp,display_id,label,direction,is_transition
2026-08-18 13:08:24.165,person_ID_1,person,Potsdam (kein Wechsel),False
2026-08-18 13:08:24.753,person_ID_2,person,Potsdam (kein Wechsel),False
2026-08-18 13:08:26.975,person_ID_3,person,Potsdam->Berlin,True
2026-08-18 13:08:29.042,person_ID_4,person,Berlin (kein Wechsel),False
2026-08-18 13:08:33.542,car_ID_1,car,Potsdam (kein Wechsel),False
2026-08-18 13:08:34.706,bicycle_ID_1,bicycle,Potsdam (kein Wechsel),False
2026-08-18 13:08:36.013,bicycle_ID_2,bicycle,Potsdam (kein Wechsel),False
2026-08-18 13:08:37.946,bicycle_ID_3,bicycle,Berlin (kein Wechsel),False
2026-08-18 13:08:38.045,person_ID_7,person,Berlin (kein Wechsel),False
2026-08-18 13:08:38.939,person_ID_8,person,Berlin (kein Wechsel),False
2026-08-18 13:08:39.846,person_ID_9,person,Berlin (kein Wechsel),False
2026-08-18 13:08:40.219,bicycle_ID_4,bicycle,Berlin (kein Wechsel),False
2026-08-18 13:08:41.615,person_ID_5,person,Potsdam (kein Wechsel),False
2026-08-18 13:08:43.509,person_ID_6,person,Potsdam (kein Wechsel),False
2026-08-18 13:08:44.510,person_ID_10,person,Potsdam (kein Wechsel),False
2026-08-18 13:08:46.179,person_ID_11,person,Potsdam (kein Wechsel),False
2026-08-18 13:08:49.544,person_ID_12,person,Potsdam (kein Wechsel),False
2026-08-18 13:08:51.280,person_ID_13,person,Potsdam->Berlin,True
2026-08-18 13:08:53.346,person_ID_14,person,Berlin (kein Wechsel),False
2026-08-18 13:08:53.409,person_ID_15,person,Berlin (kein Wechsel),False
2026-08-18 13:08:54.277,person_ID_16,person,Berlin (kein Wechsel),False
2026-08-18 13:08:56.139,person_ID_18,person,Berlin (kein Wechsel),False
2026-08-18 13:08:56.711,person_ID_17,person,Berlin (kein Wechsel),False
2026-08-18 13:08:59.450,bicycle_ID_5,bicycle,Berlin (kein Wechsel),False
2026-08-18 13:09:01.346,bicycle_ID_7,bicycle,Berlin->Potsdam,True
2026-08-18 13:09:01.512,bicycle_ID_6,bicycle,Berlin->Potsdam,True
2026-08-18 13:09:01.741,person_ID_20,person,Berlin->Potsdam,True
2026-08-18 13:09:07.536,person_ID_19,person,Berlin (kein Wechsel),False
2026-08-18 13:09:24.034,car_ID_2,car,Potsdam->Berlin,True
2026-08-18 13:09:33.166,bicycle_ID_8,bicycle,Berlin (kein Wechsel),False
2026-08-18 13:09:33.699,person_ID_21,person,Berlin (kein Wechsel),False
2026-08-18 13:09:33.967,person_ID_22,person,Berlin (kein Wechsel),False
2026-08-18 13:09:34.605,bicycle_ID_9,bicycle,Berlin->Potsdam,True
2026-08-18 13:09:35.170,person_ID_23,person,Berlin->Potsdam,True
2026-08-18 13:09:54.305,car_ID_3,car,Potsdam (kein Wechsel),False
2026-08-18 13:09:56.672,car_ID_4,car,Potsdam->Berlin,True
2026-08-18 13:10:03.340,car_ID_5,car,Berlin (kein Wechsel),False
2026-08-18 13:10:03.837,car_ID_6,car,Berlin (kein Wechsel),False
2026-08-18 13:10:11.405,bus_ID_1,bus,Berlin (kein Wechsel),False
2026-08-18 13:10:12.105,car_ID_7,car,Potsdam->Berlin,True
2026-08-18 13:10:57.276,car_ID_8,car,Potsdam (kein Wechsel),False
2026-08-18 13:10:59.676,car_ID_9,car,Potsdam->Berlin,True
2026-08-18 13:11:09.776,car_ID_11,car,Potsdam (kein Wechsel),False
2026-08-18 13:11:11.275,car_ID_10,car,Berlin->Potsdam,True
2026-08-18 13:11:12.539,car_ID_12,car,Berlin (kein Wechsel),False
2026-08-18 13:11:27.444,person_ID_24,person,Berlin (kein Wechsel),False
2026-08-18 13:11:27.878,bicycle_ID_10,bicycle,Berlin (kein Wechsel),False
2026-08-18 13:11:28.578,person_ID_25,person,Berlin (kein Wechsel),False
2026-08-18 13:11:40.579,car_ID_13,car,Potsdam->Berlin,True
2026-08-18 13:11:50.345,car_ID_14,car,Potsdam (kein Wechsel),False
2026-08-18 13:11:52.848,car_ID_15,car,Berlin (kein Wechsel),False
2026-08-18 13:11:59.481,car_ID_16,car,Potsdam (kein Wechsel),False
2026-08-18 13:12:02.746,car_ID_17,car,Potsdam->Berlin,True
2026-08-18 13:12:28.514,car_ID_18,car,Potsdam->Berlin,True
2026-08-18 13:12:56.250,car_ID_19,car,Berlin (kein Wechsel),False
2026-08-18 13:12:59.183,person_ID_29,person,Berlin->Potsdam,True
2026-08-18 13:12:59.313,person_ID_26,person,Berlin (kein Wechsel),False
2026-08-18 13:12:59.481,person_ID_27,person,Berlin (kein Wechsel),False
2026-08-18 13:12:59.548,person_ID_28,person,Berlin (kein Wechsel),False
2026-08-18 13:13:37.888,car_ID_20,car,Berlin (kein Wechsel),False
2026-08-18 13:13:59.654,person_ID_30,person,Potsdam->Berlin,True
2026-08-18 13:14:02.884,person_ID_31,person,Berlin (kein Wechsel),False
2026-08-18 13:14:11.722,car_ID_21,car,Potsdam (kein Wechsel),False
2026-08-18 13:14:12.288,person_ID_32,person,Berlin (kein Wechsel),False
2026-08-18 13:14:13.821,person_ID_33,person,Berlin (kein Wechsel),False
2026-08-18 13:14:13.853,car_ID_22,car,Potsdam->Berlin,True
2026-08-18 13:14:30.554,car_ID_23,car,Berlin (kein Wechsel),False
2026-08-18 13:14:41.884,car_ID_24,car,Berlin (kein Wechsel),False
2026-08-18 13:14:41.884,car_ID_25,car,Berlin (kein Wechsel),False
2026-08-18 13:14:43.256,car_ID_26,car,Potsdam (kein Wechsel),False
2026-08-18 13:15:42.093,car_ID_28,car,Potsdam->Berlin,True
2026-08-18 13:15:42.157,car_ID_27,car,Potsdam->Berlin,True
2026-08-18 13:15:43.096,bus_ID_2,bus,Berlin (kein Wechsel),False
2026-08-18 13:15:43.925,car_ID_29,car,Berlin (kein Wechsel),False
2026-08-18 13:15:55.494,car_ID_30,car,Potsdam (kein Wechsel),False
2026-08-18 13:15:58.193,car_ID_31,car,Berlin (kein Wechsel),False
2026-08-18 13:16:02.661,car_ID_32,car,Potsdam (kein Wechsel),False
2026-08-18 13:16:07.227,car_ID_33,car,Berlin (kein Wechsel),False
2026-08-18 13:16:29.930,car_ID_34,car,Potsdam (kein Wechsel),False
2026-08-18 13:16:32.962,car_ID_35,car,Potsdam->Berlin,True
2026-08-18 13:16:34.139,car_ID_36,car,Berlin (kein Wechsel),False
2026-08-18 13:16:40.728,car_ID_37,car,Potsdam (kein Wechsel),False
2026-08-18 13:16:41.262,car_ID_38,car,Potsdam (kein Wechsel),False
2026-08-18 13:16:58.563,person_ID_34,person,Potsdam (kein Wechsel),False
2026-08-18 13:17:03.297,person_ID_35,person,Berlin (kein Wechsel),False
2026-08-18 13:17:17.036,car_ID_39,car,Berlin (kein Wechsel),False
2026-08-18 13:18:09.232,person_ID_36,person,Potsdam (kein Wechsel),False
2026-08-18 13:18:13.499,person_ID_37,person,Berlin (kein Wechsel),False
2026-08-18 13:18:31.870,bicycle_ID_11,bicycle,Potsdam (kein Wechsel),False
2026-08-18 13:18:31.971,person_ID_38,person,Potsdam (kein Wechsel),False
2026-08-18 13:18:32.007,bicycle_ID_12,bicycle,Potsdam (kein Wechsel),False
2026-08-18 13:18:33.271,person_ID_39,person,Potsdam (kein Wechsel),False
2026-08-18 13:18:37.670,person_ID_40,person,Berlin (kein Wechsel),False
2026-08-18 13:19:56.474,person_ID_41,person,Potsdam (kein Wechsel),False
2026-08-18 13:19:58.175,person_ID_43,person,Potsdam (kein Wechsel),False
2026-08-18 13:19:58.243,person_ID_42,person,Potsdam (kein Wechsel),False
2026-08-18 13:19:59.143,person_ID_45,person,Potsdam (kein Wechsel),False
2026-08-18 13:20:00.606,person_ID_47,person,Berlin (kein Wechsel),False
2026-08-18 13:20:00.774,person_ID_44,person,Berlin (kein Wechsel),False
2026-08-18 13:20:02.076,person_ID_46,person,Berlin (kein Wechsel),False
2026-08-18 13:20:02.109,person_ID_48,person,Berlin (kein Wechsel),False
2026-08-18 13:20:02.141,bicycle_ID_13,bicycle,Berlin (kein Wechsel),False
2026-08-18 13:20:02.242,person_ID_49,person,Berlin->Potsdam,True
2026-08-18 13:20:02.804,car_ID_40,car,Potsdam (kein Wechsel),False
2026-08-18 13:20:07.140,car_ID_41,car,Potsdam->Berlin,True
2026-08-18 13:20:20.813,person_ID_50,person,Berlin (kein Wechsel),False
2026-08-18 13:21:08.846,bicycle_ID_15,bicycle,Potsdam (kein Wechsel),False
2026-08-18 13:21:09.114,bicycle_ID_14,bicycle,Potsdam (kein Wechsel),False
2026-08-18 13:21:09.480,person_ID_51,person,Potsdam (kein Wechsel),False
2026-08-18 13:21:13.247,person_ID_52,person,Berlin (kein Wechsel),False
2026-08-18 13:21:19.346,car_ID_42,car,Potsdam (kein Wechsel),False
2026-08-18 13:21:22.648,car_ID_43,car,Potsdam->Berlin,True
2026-08-18 13:22:16.118,car_ID_44,car,Berlin (kein Wechsel),False
2026-08-18 13:22:23.950,car_ID_45,car,Berlin (kein Wechsel),False
2026-08-18 13:22:34.018,car_ID_46,car,Berlin (kein Wechsel),False
2026-08-18 13:22:34.885,bus_ID_3,bus,Berlin (kein Wechsel),False
2026-08-18 13:22:35.950,car_ID_47,car,Berlin (kein Wechsel),False
2026-08-18 13:22:36.750,bus_ID_4,bus,Berlin (kein Wechsel),False
2026-08-18 13:23:28.455,bicycle_ID_16,bicycle,Berlin->Potsdam,True
2026-08-18 13:23:28.956,bicycle_ID_17,bicycle,Potsdam (kein Wechsel),False
2026-08-18 13:23:29.089,person_ID_53,person,Berlin->Potsdam,True
2026-08-18 13:23:48.320,car_ID_48,car,Potsdam (kein Wechsel),False
2026-08-18 13:23:49.558,bus_ID_5,bus,Berlin (kein Wechsel),False
2026-08-18 13:23:50.620,car_ID_50,car,Berlin (kein Wechsel),False
2026-08-18 13:23:51.257,bus_ID_6,bus,Berlin (kein Wechsel),False
2026-08-18 13:23:51.458,car_ID_49,car,Potsdam->Berlin,True
2026-08-18 13:23:56.359,person_ID_54,person,Potsdam (kein Wechsel),False
2026-08-18 13:24:06.022,person_ID_55,person,Berlin (kein Wechsel),False
2026-08-18 13:24:15.790,person_ID_56,person,Berlin (kein Wechsel),False
2026-08-18 13:24:33.822,car_ID_51,car,Potsdam->Berlin,True
2026-08-18 13:24:52.692,bicycle_ID_18,bicycle,Potsdam (kein Wechsel),False
2026-08-18 13:24:53.094,person_ID_57,person,Potsdam (kein Wechsel),False
2026-08-18 13:24:54.563,person_ID_58,person,Potsdam (kein Wechsel),False
2026-08-18 13:24:57.762,person_ID_59,person,Berlin (kein Wechsel),False
2026-08-18 13:24:58.262,bus_ID_7,bus,Potsdam->Berlin,True
2026-08-18 13:25:00.294,bus_ID_9,bus,Berlin (kein Wechsel),False
2026-08-18 13:25:01.661,car_ID_53,car,Berlin (kein Wechsel),False
2026-08-18 13:25:01.761,bus_ID_8,bus,Potsdam->Berlin,True
2026-08-18 13:25:02.224,person_ID_60,person,Berlin->Potsdam,True
2026-08-18 13:25:02.224,bus_ID_10,bus,Berlin (kein Wechsel),False
2026-08-18 13:25:02.224,bicycle_ID_19,bicycle,Berlin->Potsdam,True
2026-08-18 13:25:02.963,car_ID_52,car,Berlin->Potsdam,True
2026-08-18 13:25:06.794,person_ID_61,person,Potsdam (kein Wechsel),False
2026-08-18 13:25:09.764,car_ID_54,car,Potsdam (kein Wechsel),False
2026-08-18 13:25:10.394,car_ID_56,car,Berlin (kein Wechsel),False
2026-08-18 13:25:11.762,person_ID_62,person,Berlin (kein Wechsel),False
2026-08-18 13:25:11.862,car_ID_55,car,Potsdam->Berlin,True
2026-08-18 13:25:21.484,car_ID_57,car,Potsdam->Berlin,True
2026-08-18 13:25:28.732,car_ID_59,car,Berlin (kein Wechsel),False
2026-08-18 13:25:29.097,car_ID_58,car,Berlin (kein Wechsel),False
2026-08-18 13:26:37.696,person_ID_63,person,Berlin (kein Wechsel),False
2026-08-18 13:26:40.768,person_ID_64,person,Berlin->Potsdam,True
2026-08-18 13:27:02.167,car_ID_60,car,Potsdam (kein Wechsel),False
2026-08-18 13:27:02.235,car_ID_61,car,Potsdam (kein Wechsel),False
2026-08-18 13:27:04.434,bus_ID_11,bus,Potsdam->Berlin,True
2026-08-18 13:27:12.437,person_ID_65,person,Berlin (kein Wechsel),False
2026-08-18 13:27:13.102,person_ID_66,person,Berlin (kein Wechsel),False
2026-08-18 13:27:13.366,bicycle_ID_20,bicycle,Berlin (kein Wechsel),False
2026-08-18 13:27:13.436,bicycle_ID_21,bicycle,Berlin (kein Wechsel),False
2026-08-18 13:28:01.709,bicycle_ID_23,bicycle,Berlin (kein Wechsel),False
2026-08-18 13:28:02.851,person_ID_67,person,Berlin->Potsdam,True
2026-08-18 13:28:02.851,bicycle_ID_24,bicycle,Berlin->Potsdam,True
2026-08-18 13:28:03.045,bicycle_ID_22,bicycle,Berlin (kein Wechsel),False
2026-08-18 13:28:06.971,bicycle_ID_25,bicycle,Potsdam (kein Wechsel),False
2026-08-18 13:28:07.871,person_ID_68,person,Potsdam (kein Wechsel),False
2026-08-18 13:28:09.370,person_ID_69,person,Potsdam (kein Wechsel),False
2026-08-18 13:28:09.971,bicycle_ID_27,bicycle,Potsdam->Berlin,True
2026-08-18 13:28:10.440,person_ID_70,person,Potsdam->Berlin,True
2026-08-18 13:28:10.440,bicycle_ID_26,bicycle,Potsdam->Berlin,True
2026-08-18 13:28:12.906,person_ID_71,person,Berlin (kein Wechsel),False
2026-08-18 13:28:13.806,car_ID_62,car,Berlin (kein Wechsel),False
2026-08-18 13:28:15.039,bicycle_ID_29,bicycle,Berlin->Potsdam,True
2026-08-18 13:28:15.071,bicycle_ID_28,bicycle,Berlin->Potsdam,True
2026-08-18 13:28:15.769,person_ID_72,person,Berlin->Potsdam,True
2026-08-18 13:28:24.741,person_ID_73,person,Potsdam (kein Wechsel),False
2026-08-18 13:28:25.175,person_ID_74,person,Potsdam (kein Wechsel),False
2026-08-18 13:28:25.670,bicycle_ID_30,bicycle,Potsdam (kein Wechsel),False
2026-08-18 13:28:29.140,bicycle_ID_31,bicycle,Potsdam->Berlin,True
2026-08-18 13:28:29.408,person_ID_75,person,Potsdam->Berlin,True
2026-08-18 13:28:31.572,bicycle_ID_33,bicycle,Berlin (kein Wechsel),False
2026-08-18 13:28:31.973,bicycle_ID_34,bicycle,Berlin (kein Wechsel),False
2026-08-18 13:28:32.909,bicycle_ID_35,bicycle,Berlin->Potsdam,True
2026-08-18 13:28:32.940,person_ID_76,person,Berlin->Potsdam,True
2026-08-18 13:28:32.940,bicycle_ID_32,bicycle,Berlin->Potsdam,True
2026-08-18 13:28:40.277,car_ID_64,car,Berlin->Potsdam,True
2026-08-18 13:28:40.905,car_ID_63,car,Potsdam->Berlin,True
2026-08-18 13:29:06.440,bicycle_ID_36,bicycle,Berlin (kein Wechsel),False
2026-08-18 13:29:07.241,bicycle_ID_38,bicycle,Berlin (kein Wechsel),False
2026-08-18 13:29:08.010,bicycle_ID_37,bicycle,Berlin->Potsdam,True
2026-08-18 13:29:08.040,person_ID_77,person,Berlin->Potsdam,True
2026-08-18 13:29:08.440,bicycle_ID_39,bicycle,Potsdam (kein Wechsel),False
2026-08-18 13:29:09.042,car_ID_65,car,Potsdam->Berlin,True
2026-08-18 13:29:57.481,car_ID_66,car,Potsdam (kein Wechsel),False
2026-08-18 13:29:58.341,car_ID_67,car,Potsdam->Berlin,True
2026-08-18 13:29:58.412,car_ID_68,car,Potsdam->Berlin,True
2026-08-18 13:30:01.312,bicycle_ID_40,bicycle,Berlin (kein Wechsel),False
2026-08-18 13:30:01.744,bicycle_ID_41,bicycle,Berlin (kein Wechsel),False
2026-08-18 13:30:01.782,person_ID_78,person,Berlin (kein Wechsel),False
2026-08-18 13:30:01.782,person_ID_79,person,Berlin->Potsdam,True
2026-08-18 13:30:19.581,car_ID_69,car,Potsdam->Berlin,True
2026-08-18 13:30:40.914,car_ID_70,car,Potsdam->Berlin,True
2026-08-18 13:30:42.983,bicycle_ID_43,bicycle,Potsdam (kein Wechsel),False
2026-08-18 13:30:44.080,bicycle_ID_44,bicycle,Potsdam (kein Wechsel),False
2026-08-18 13:30:45.550,car_ID_71,car,Berlin->Potsdam,True
2026-08-18 13:30:45.550,bicycle_ID_42,bicycle,Potsdam->Berlin,True
2026-08-18 13:30:48.113,bicycle_ID_45,bicycle,Berlin (kein Wechsel),False
2026-08-18 13:30:48.214,person_ID_80,person,Potsdam->Berlin,True
2026-08-18 13:31:22.514,car_ID_72,car,Potsdam (kein Wechsel),False
2026-08-18 13:31:26.051,car_ID_73,car,Potsdam->Berlin,True
2026-08-18 13:31:44.652,car_ID_74,car,Potsdam (kein Wechsel),False
2026-08-18 13:31:46.715,car_ID_75,car,Potsdam->Berlin,True
2026-08-18 13:31:47.316,car_ID_76,car,Berlin (kein Wechsel),False
2026-08-18 13:31:48.586,car_ID_77,car,Berlin (kein Wechsel),False
2026-08-18 13:32:04.851,car_ID_78,car,Potsdam->Berlin,True
2026-08-18 13:32:16.254,car_ID_79,car,Potsdam (kein Wechsel),False
2026-08-18 13:32:20.385,car_ID_80,car,Potsdam->Berlin,True
2026-08-18 13:33:30.455,person_ID_81,person,Potsdam (kein Wechsel),False
2026-08-18 13:33:32.424,person_ID_82,person,Berlin (kein Wechsel),False
2026-08-18 13:33:33.161,car_ID_81,car,Berlin (kein Wechsel),False
2026-08-18 13:33:34.290,car_ID_82,car,Berlin (kein Wechsel),False
2026-08-18 13:33:35.492,car_ID_83,car,Potsdam (kein Wechsel),False
2026-08-18 13:33:37.924,car_ID_84,car,Potsdam->Berlin,True
2026-08-18 13:34:16.356,bicycle_ID_46,bicycle,Potsdam (kein Wechsel),False
2026-08-18 13:34:16.724,person_ID_83,person,Potsdam (kein Wechsel),False
2026-08-18 13:34:18.826,person_ID_84,person,Potsdam->Berlin,True
2026-08-18 13:34:19.757,person_ID_85,person,Berlin (kein Wechsel),False
2026-08-18 13:34:21.525,person_ID_86,person,Berlin (kein Wechsel),False
2026-08-18 13:34:35.429,bicycle_ID_48,bicycle,Berlin (kein Wechsel),False
2026-08-18 13:34:35.658,bicycle_ID_49,bicycle,Berlin (kein Wechsel),False
2026-08-18 13:34:36.263,bicycle_ID_50,bicycle,Berlin (kein Wechsel),False
2026-08-18 13:34:36.358,bicycle_ID_47,bicycle,Berlin (kein Wechsel),False
2026-08-18 13:34:36.696,person_ID_87,person,Berlin->Potsdam,True
2026-08-18 13:34:50.695,person_ID_88,person,Potsdam (kein Wechsel),False
2026-08-18 13:34:51.197,bicycle_ID_51,bicycle,Potsdam (kein Wechsel),False
2026-08-18 13:34:51.662,person_ID_89,person,Potsdam (kein Wechsel),False
2026-08-18 13:34:53.260,bicycle_ID_52,bicycle,Potsdam->Berlin,True
2026-08-18 13:34:53.329,person_ID_90,person,Berlin (kein Wechsel),False
2026-08-18 13:34:54.760,bicycle_ID_53,bicycle,Berlin (kein Wechsel),False
2026-08-18 13:35:05.329,car_ID_85,car,Potsdam (kein Wechsel),False
2026-08-18 13:35:08.158,car_ID_86,car,Potsdam->Berlin,True
2026-08-18 13:35:27.597,car_ID_88,car,Potsdam (kein Wechsel),False
2026-08-18 13:35:30.230,car_ID_87,car,Potsdam->Berlin,True
2026-08-18 13:35:33.129,car_ID_91,car,Berlin (kein Wechsel),False
2026-08-18 13:35:33.897,car_ID_89,car,Potsdam->Berlin,True
2026-08-18 13:35:34.160,car_ID_92,car,Berlin (kein Wechsel),False
2026-08-18 13:35:35.361,car_ID_90,car,Berlin (kein Wechsel),False
2026-08-18 13:35:35.497,car_ID_93,car,Potsdam (kein Wechsel),False
2026-08-18 13:35:38.230,car_ID_94,car,Potsdam->Berlin,True
2026-08-18 13:35:40.929,car_ID_96,car,Potsdam->Berlin,True
2026-08-18 13:35:42.298,bus_ID_12,bus,Berlin (kein Wechsel),False
2026-08-18 13:35:43.197,car_ID_95,car,Potsdam->Berlin,True
2026-08-18 13:36:07.665,bicycle_ID_54,bicycle,Berlin (kein Wechsel),False
2026-08-18 13:36:08.598,bicycle_ID_55,bicycle,Berlin (kein Wechsel),False
2026-08-18 13:36:11.899,bicycle_ID_56,bicycle,Berlin (kein Wechsel),False
2026-08-18 13:36:12.469,bicycle_ID_58,bicycle,Berlin (kein Wechsel),False
2026-08-18 13:36:13.136,bicycle_ID_57,bicycle,Berlin (kein Wechsel),False
2026-08-18 13:36:13.169,bicycle_ID_59,bicycle,Berlin (kein Wechsel),False
2026-08-18 13:36:13.566,bicycle_ID_61,bicycle,Berlin->Potsdam,True
2026-08-18 13:36:13.599,person_ID_91,person,Berlin->Potsdam,True
2026-08-18 13:36:14.399,person_ID_92,person,Berlin->Potsdam,True
2026-08-18 13:36:14.399,bicycle_ID_60,bicycle,Berlin->Potsdam,True
2026-08-18 13:36:14.899,car_ID_97,car,Potsdam->Berlin,True
2026-08-18 13:36:17.671,car_ID_98,car,Berlin->Potsdam,True
2026-08-18 13:36:18.366,car_ID_99,car,Potsdam (kein Wechsel),False
2026-08-18 13:36:24.765,car_ID_100,car,Berlin->Potsdam,True
2026-08-18 13:36:33.067,car_ID_102,car,Potsdam (kein Wechsel),False
2026-08-18 13:36:33.168,car_ID_101,car,Berlin->Potsdam,True
2026-08-18 13:36:34.002,car_ID_103,car,Potsdam (kein Wechsel),False
2026-08-18 13:36:44.792,person_ID_93,person,Berlin->Potsdam,True
2026-08-18 13:36:45.252,bicycle_ID_62,bicycle,Berlin->Potsdam,True
2026-08-18 13:36:45.289,bicycle_ID_63,bicycle,Berlin->Potsdam,True
2026-08-18 13:37:25.269,car_ID_105,car,Berlin (kein Wechsel),False
2026-08-18 13:37:25.404,car_ID_104,car,Potsdam->Berlin,True
2026-08-18 13:37:25.870,person_ID_94,person,Berlin (kein Wechsel),False
2026-08-18 13:37:27.869,car_ID_106,car,Berlin->Potsdam,True
2026-08-18 13:37:29.071,person_ID_95,person,Berlin->Potsdam,True
2026-08-18 13:37:33.071,person_ID_96,person,Potsdam (kein Wechsel),False
2026-08-18 13:37:44.804,car_ID_107,car,Berlin (kein Wechsel),False
2026-08-18 13:37:45.203,car_ID_109,car,Berlin->Potsdam,True
2026-08-18 13:37:45.370,car_ID_108,car,Berlin->Potsdam,True
2026-08-18 13:37:49.704,person_ID_97,person,Berlin->Potsdam,True
2026-08-18 13:37:49.704,bicycle_ID_64,bicycle,Berlin->Potsdam,True
2026-08-18 13:38:10.002,bicycle_ID_65,bicycle,Berlin (kein Wechsel),False
2026-08-18 13:38:10.305,person_ID_98,person,Berlin (kein Wechsel),False
2026-08-18 13:38:33.107,car_ID_110,car,Potsdam (kein Wechsel),False
2026-08-18 13:38:36.242,bicycle_ID_66,bicycle,Potsdam (kein Wechsel),False
2026-08-18 13:38:36.274,car_ID_111,car,Berlin (kein Wechsel),False
2026-08-18 13:38:37.174,person_ID_99,person,Potsdam (kein Wechsel),False
2026-08-18 13:38:37.275,bicycle_ID_67,bicycle,Potsdam (kein Wechsel),False
2026-08-18 13:38:37.843,person_ID_100,person,Potsdam (kein Wechsel),False
2026-08-18 13:38:37.942,person_ID_101,person,Potsdam (kein Wechsel),False
2026-08-18 13:38:39.641,bicycle_ID_68,bicycle,Berlin (kein Wechsel),False
2026-08-18 13:38:41.142,person_ID_102,person,Berlin (kein Wechsel),False
2026-08-18 13:38:41.477,person_ID_103,person,Berlin (kein Wechsel),False
2026-08-18 13:38:41.477,car_ID_112,car,Berlin (kein Wechsel),False
2026-08-18 13:38:49.303,bus_ID_13,bus,Berlin (kein Wechsel),False
2026-08-18 13:38:59.543,person_ID_104,person,Berlin (kein Wechsel),False
2026-08-18 13:38:59.644,bicycle_ID_70,bicycle,Berlin (kein Wechsel),False
2026-08-18 13:38:59.808,person_ID_105,person,Berlin (kein Wechsel),False
2026-08-18 13:38:59.838,bicycle_ID_69,bicycle,Berlin (kein Wechsel),False
2026-08-18 13:39:00.177,bicycle_ID_72,bicycle,Berlin (kein Wechsel),False
2026-08-18 13:39:00.341,person_ID_106,person,Berlin (kein Wechsel),False
2026-08-18 13:39:00.542,bicycle_ID_71,bicycle,Berlin->Potsdam,True
2026-08-18 13:39:37.846,bicycle_ID_74,bicycle,Berlin (kein Wechsel),False
2026-08-18 13:39:39.213,person_ID_107,person,Berlin (kein Wechsel),False
2026-08-18 13:39:39.413,bicycle_ID_73,bicycle,Berlin->Potsdam,True
2026-08-18 13:39:44.574,car_ID_113,car,Berlin->Potsdam,True
2026-08-18 13:39:49.980,car_ID_114,car,Potsdam->Berlin,True
2026-08-18 13:40:02.911,car_ID_115,car,Berlin (kein Wechsel),False
2026-08-18 13:40:04.614,bicycle_ID_75,bicycle,Berlin (kein Wechsel),False
2026-08-18 13:40:05.582,bicycle_ID_77,bicycle,Berlin (kein Wechsel),False
2026-08-18 13:40:05.845,bicycle_ID_76,bicycle,Berlin->Potsdam,True
2026-08-18 13:40:05.944,person_ID_108,person,Berlin->Potsdam,True
2026-08-18 13:40:18.346,car_ID_116,car,Potsdam->Berlin,True
2026-08-18 13:40:18.612,bus_ID_14,bus,Berlin (kein Wechsel),False
2026-08-18 13:40:18.845,car_ID_117,car,Berlin (kein Wechsel),False
2026-08-18 13:40:53.247,car_ID_118,car,Berlin->Potsdam,True
2026-08-18 13:41:01.416,car_ID_119,car,Potsdam->Berlin,True
2026-08-18 13:41:03.046,car_ID_122,car,Berlin (kein Wechsel),False
2026-08-18 13:41:03.251,car_ID_121,car,Berlin->Potsdam,True
2026-08-18 13:41:04.151,car_ID_123,car,Potsdam (kein Wechsel),False
2026-08-18 13:41:04.687,car_ID_120,car,Potsdam->Berlin,True
2026-08-18 13:41:32.116,person_ID_109,person,Potsdam (kein Wechsel),False
2026-08-18 13:41:32.851,person_ID_110,person,Potsdam (kein Wechsel),False
2026-08-18 13:41:33.150,person_ID_111,person,Potsdam (kein Wechsel),False
2026-08-18 13:41:36.484,person_ID_112,person,Berlin (kein Wechsel),False
2026-08-18 13:41:37.648,person_ID_113,person,Berlin (kein Wechsel),False
2026-08-18 13:42:02.418,car_ID_125,car,Potsdam (kein Wechsel),False
2026-08-18 13:42:04.385,car_ID_124,car,Potsdam->Berlin,True
2026-08-18 13:42:08.450,car_ID_126,car,Berlin->Potsdam,True
2026-08-18 13:42:22.955,car_ID_129,car,Berlin (kein Wechsel),False
2026-08-18 13:42:23.452,car_ID_127,car,Potsdam->Berlin,True
2026-08-18 13:42:24.087,car_ID_128,car,Berlin->Potsdam,True
2026-08-18 13:42:24.086,car_ID_130,car,Potsdam (kein Wechsel),False
2026-08-18 13:42:33.657,person_ID_114,person,Potsdam (kein Wechsel),False
2026-08-18 13:42:34.118,bicycle_ID_78,bicycle,Potsdam (kein Wechsel),False
2026-08-18 13:42:34.788,person_ID_115,person,Potsdam (kein Wechsel),False
2026-08-18 13:42:35.257,bicycle_ID_79,bicycle,Berlin (kein Wechsel),False
2026-08-18 13:42:35.988,person_ID_116,person,Berlin (kein Wechsel),False
2026-08-18 13:42:37.319,person_ID_117,person,Berlin (kein Wechsel),False
2026-08-18 13:42:37.319,bicycle_ID_80,bicycle,Berlin (kein Wechsel),False
2026-08-18 13:42:37.820,car_ID_131,car,Berlin->Potsdam,True
2026-08-18 13:42:44.522,car_ID_132,car,Berlin->Potsdam,True
2026-08-18 13:42:52.157,car_ID_133,car,Berlin->Potsdam,True
2026-08-18 13:42:56.922,person_ID_118,person,Potsdam (kein Wechsel),False
2026-08-18 13:43:11.422,car_ID_134,car,Potsdam->Berlin,True
2026-08-18 13:43:51.191,person_ID_119,person,Potsdam (kein Wechsel),False
2026-08-18 13:44:18.060,bicycle_ID_81,bicycle,Berlin (kein Wechsel),False
2026-08-18 13:44:18.091,car_ID_135,car,Berlin (kein Wechsel),False
2026-08-18 13:44:19.228,person_ID_120,person,Berlin->Potsdam,True
2026-08-18 13:44:19.228,bicycle_ID_82,bicycle,Berlin->Potsdam,True
2026-08-18 13:44:34.161,car_ID_136,car,Berlin (kein Wechsel),False
2026-08-18 13:44:34.661,car_ID_137,car,Berlin (kein Wechsel),False
2026-08-18 13:44:45.427,person_ID_121,person,Potsdam (kein Wechsel),False
2026-08-18 13:44:45.593,person_ID_122,person,Potsdam (kein Wechsel),False
2026-08-18 13:44:46.076,person_ID_124,person,Potsdam (kein Wechsel),False
2026-08-18 13:44:46.076,bicycle_ID_84,bicycle,Potsdam (kein Wechsel),False
2026-08-18 13:44:46.227,bicycle_ID_83,bicycle,Potsdam (kein Wechsel),False
2026-08-18 13:44:46.596,person_ID_123,person,Potsdam (kein Wechsel),False
2026-08-18 13:44:47.462,person_ID_125,person,Potsdam (kein Wechsel),False
2026-08-18 13:44:51.624,bicycle_ID_85,bicycle,Berlin (kein Wechsel),False
2026-08-18 13:44:52.027,person_ID_126,person,Berlin (kein Wechsel),False
2026-08-18 13:44:54.425,bus_ID_15,bus,Potsdam (kein Wechsel),False
2026-08-18 13:44:57.092,bus_ID_17,bus,Berlin (kein Wechsel),False
2026-08-18 13:45:00.130,car_ID_138,car,Berlin->Potsdam,True
2026-08-18 13:45:00.866,bus_ID_16,bus,Potsdam->Berlin,True
2026-08-18 13:45:48.265,car_ID_139,car,Berlin->Potsdam,True
2026-08-18 13:45:55.265,car_ID_140,car,Berlin (kein Wechsel),False
2026-08-18 13:46:20.365,car_ID_141,car,Potsdam (kein Wechsel),False
2026-08-18 13:46:22.504,car_ID_143,car,Berlin (kein Wechsel),False
2026-08-18 13:46:23.068,car_ID_142,car,Potsdam->Berlin,True
2026-08-18 13:46:30.104,car_ID_144,car,Potsdam->Berlin,True
2026-08-18 13:46:50.004,bicycle_ID_86,bicycle,Potsdam (kein Wechsel),False
2026-08-18 13:46:50.204,person_ID_127,person,Potsdam (kein Wechsel),False
2026-08-18 13:46:51.367,bicycle_ID_87,bicycle,Potsdam->Berlin,True
2026-08-18 13:46:52.105,person_ID_128,person,Potsdam->Berlin,True
2026-08-18 13:46:53.470,bicycle_ID_88,bicycle,Berlin (kein Wechsel),False
2026-08-18 13:46:53.665,person_ID_129,person,Berlin (kein Wechsel),False
2026-08-18 13:46:58.737,car_ID_146,car,Berlin (kein Wechsel),False
2026-08-18 13:46:58.803,car_ID_145,car,Berlin (kein Wechsel),False
2026-08-18 13:47:17.070,person_ID_130,person,Berlin (kein Wechsel),False
2026-08-18 13:47:17.807,person_ID_131,person,Berlin (kein Wechsel),False
2026-08-18 13:47:18.904,bicycle_ID_89,bicycle,Berlin->Potsdam,True
2026-08-18 13:47:29.038,car_ID_147,car,Berlin->Potsdam,True
2026-08-18 13:48:26.708,person_ID_132,person,Potsdam (kein Wechsel),False
2026-08-18 13:48:29.276,person_ID_133,person,Potsdam (kein Wechsel),False
2026-08-18 13:48:31.542,person_ID_134,person,Berlin (kein Wechsel),False
2026-08-18 13:48:34.441,car_ID_148,car,Berlin (kein Wechsel),False
2026-08-18 13:48:41.840,car_ID_149,car,Potsdam (kein Wechsel),False
2026-08-18 13:48:43.909,person_ID_135,person,Potsdam->Berlin,True
2026-08-18 13:48:44.609,person_ID_136,person,Berlin (kein Wechsel),False
2026-08-18 13:48:57.242,car_ID_150,car,Potsdam->Berlin,True
2026-08-18 13:49:21.346,car_ID_151,car,Potsdam->Berlin,True
2026-08-18 13:49:41.048,bicycle_ID_90,bicycle,Potsdam->Berlin,True
2026-08-18 13:49:41.247,person_ID_137,person,Berlin (kein Wechsel),False
2026-08-18 13:49:42.714,person_ID_138,person,Berlin (kein Wechsel),False
2026-08-18 13:49:42.745,bicycle_ID_91,bicycle,Berlin (kein Wechsel),False
2026-08-18 13:49:42.914,bicycle_ID_92,bicycle,Berlin (kein Wechsel),False
2026-08-18 13:50:14.014,car_ID_152,car,Berlin (kein Wechsel),False
2026-08-18 13:50:14.947,car_ID_153,car,Berlin->Potsdam,True
2026-08-18 13:50:16.984,bicycle_ID_93,bicycle,Berlin (kein Wechsel),False
2026-08-18 13:50:18.881,bicycle_ID_95,bicycle,Berlin (kein Wechsel),False
2026-08-18 13:50:19.282,bicycle_ID_94,bicycle,Berlin->Potsdam,True
2026-08-18 13:50:19.616,person_ID_139,person,Berlin->Potsdam,True
2026-08-18 13:50:22.353,car_ID_154,car,Potsdam->Berlin,True
2026-08-18 13:50:26.449,person_ID_140,person,Potsdam (kein Wechsel),False
2026-08-18 13:50:27.951,bicycle_ID_96,bicycle,Potsdam->Berlin,True
2026-08-18 13:50:29.850,bicycle_ID_97,bicycle,Berlin (kein Wechsel),False
2026-08-18 13:50:29.981,person_ID_141,person,Potsdam->Berlin,True
2026-08-18 13:50:54.251,bicycle_ID_99,bicycle,Potsdam (kein Wechsel),False
2026-08-18 13:50:54.649,person_ID_142,person,Potsdam (kein Wechsel),False
2026-08-18 13:50:56.412,bicycle_ID_101,bicycle,Berlin (kein Wechsel),False
2026-08-18 13:50:56.712,bicycle_ID_102,bicycle,Berlin (kein Wechsel),False
2026-08-18 13:50:57.217,bicycle_ID_103,bicycle,Berlin (kein Wechsel),False
2026-08-18 13:50:57.954,bicycle_ID_105,bicycle,Berlin (kein Wechsel),False
2026-08-18 13:50:58.015,bicycle_ID_104,bicycle,Berlin (kein Wechsel),False
2026-08-18 13:50:58.185,bicycle_ID_98,bicycle,Potsdam->Berlin,True
2026-08-18 13:50:58.216,bicycle_ID_100,bicycle,Potsdam->Berlin,True
2026-08-18 13:50:58.517,person_ID_143,person,Berlin (kein Wechsel),False
2026-08-18 13:51:05.914,bicycle_ID_106,bicycle,Potsdam (kein Wechsel),False
2026-08-18 13:51:06.382,bicycle_ID_107,bicycle,Potsdam (kein Wechsel),False
2026-08-18 13:51:06.850,person_ID_144,person,Potsdam (kein Wechsel),False
2026-08-18 13:51:07.854,bicycle_ID_108,bicycle,Potsdam (kein Wechsel),False
2026-08-18 13:51:08.986,bicycle_ID_110,bicycle,Potsdam (kein Wechsel),False
2026-08-18 13:51:09.888,person_ID_145,person,Potsdam->Berlin,True
2026-08-18 13:51:10.082,bicycle_ID_111,bicycle,Berlin (kein Wechsel),False
2026-08-18 13:51:10.119,bicycle_ID_113,bicycle,Berlin (kein Wechsel),False
2026-08-18 13:51:10.683,bicycle_ID_109,bicycle,Potsdam->Berlin,True
2026-08-18 13:51:11.852,bicycle_ID_112,bicycle,Berlin->Potsdam,True
2026-08-18 13:51:11.951,bicycle_ID_114,bicycle,Berlin->Potsdam,True
2026-08-18 13:51:12.455,person_ID_146,person,Berlin->Potsdam,True
2026-08-18 13:51:12.920,person_ID_147,person,Berlin (kein Wechsel),False
2026-08-18 13:51:12.920,bicycle_ID_115,bicycle,Berlin (kein Wechsel),False
2026-08-18 13:51:41.220,car_ID_156,car,Potsdam (kein Wechsel),False
2026-08-18 13:51:43.952,car_ID_155,car,Potsdam->Berlin,True
2026-08-18 13:51:45.621,car_ID_157,car,Berlin->Potsdam,True
2026-08-18 13:51:51.653,bicycle_ID_116,bicycle,Berlin (kein Wechsel),False
2026-08-18 13:51:53.390,person_ID_148,person,Berlin->Potsdam,True
2026-08-18 13:51:53.621,bicycle_ID_118,bicycle,Berlin (kein Wechsel),False
2026-08-18 13:51:53.856,bicycle_ID_117,bicycle,Berlin->Potsdam,True
2026-08-18 13:51:56.756,car_ID_158,car,Berlin->Potsdam,True
2026-08-18 13:51:59.385,car_ID_159,car,Berlin->Potsdam,True
2026-08-18 13:52:10.092,car_ID_161,car,Potsdam (kein Wechsel),False
2026-08-18 13:52:11.654,bicycle_ID_119,bicycle,Berlin (kein Wechsel),False
2026-08-18 13:52:12.455,bicycle_ID_120,bicycle,Potsdam (kein Wechsel),False
2026-08-18 13:52:12.520,car_ID_160,car,Potsdam->Berlin,True
2026-08-18 13:52:12.655,person_ID_149,person,Berlin->Potsdam,True
2026-08-18 13:52:16.890,car_ID_162,car,Berlin->Potsdam,True
2026-08-18 13:52:22.987,car_ID_163,car,Berlin->Potsdam,True
2026-08-18 13:52:47.956,person_ID_150,person,Berlin (kein Wechsel),False
2026-08-18 13:52:48.257,car_ID_165,car,Potsdam (kein Wechsel),False
2026-08-18 13:52:51.391,car_ID_164,car,Potsdam->Berlin,True
2026-08-18 13:53:00.490,person_ID_152,person,Berlin->Potsdam,True
2026-08-18 13:53:08.692,person_ID_153,person,Potsdam (kein Wechsel),False
2026-08-18 13:53:08.725,person_ID_151,person,Berlin->Potsdam,True
2026-08-18 13:53:09.894,bicycle_ID_121,bicycle,Potsdam (kein Wechsel),False
2026-08-18 13:53:10.093,person_ID_154,person,Potsdam (kein Wechsel),False
2026-08-18 13:53:11.655,person_ID_155,person,Potsdam (kein Wechsel),False
2026-08-18 13:53:12.026,bicycle_ID_123,bicycle,Potsdam (kein Wechsel),False
2026-08-18 13:53:13.991,bicycle_ID_122,bicycle,Potsdam->Berlin,True
2026-08-18 13:53:14.695,person_ID_156,person,Berlin (kein Wechsel),False
2026-08-18 13:53:29.962,bicycle_ID_124,bicycle,Berlin (kein Wechsel),False
2026-08-18 13:53:30.757,bicycle_ID_125,bicycle,Berlin->Potsdam,True
2026-08-18 13:53:31.326,person_ID_157,person,Berlin->Potsdam,True
2026-08-18 13:53:43.693,person_ID_158,person,Potsdam (kein Wechsel),False
2026-08-18 13:53:45.059,person_ID_159,person,Potsdam->Berlin,True
2026-08-18 13:53:45.060,bicycle_ID_127,bicycle,Berlin (kein Wechsel),False
2026-08-18 13:53:45.326,bicycle_ID_126,bicycle,Potsdam->Berlin,True
2026-08-18 13:53:47.064,person_ID_160,person,Berlin (kein Wechsel),False
2026-08-18 13:53:47.528,bicycle_ID_128,bicycle,Berlin (kein Wechsel),False
2026-08-18 13:53:51.529,car_ID_167,car,Potsdam (kein Wechsel),False
2026-08-18 13:53:53.728,car_ID_166,car,Potsdam->Berlin,True
2026-08-18 13:53:59.828,car_ID_168,car,Potsdam->Berlin,True
2026-08-18 13:54:05.763,car_ID_170,car,Berlin (kein Wechsel),False
2026-08-18 13:54:05.958,car_ID_169,car,Berlin->Potsdam,True
2026-08-18 13:54:23.891,car_ID_171,car,Berlin->Potsdam,True
2026-08-18 13:54:31.097,car_ID_174,car,Potsdam (kein Wechsel),False
2026-08-18 13:54:34.499,car_ID_173,car,Potsdam->Berlin,True
2026-08-18 13:54:34.766,car_ID_172,car,Berlin->Potsdam,True
2026-08-18 13:54:39.698,car_ID_176,car,Potsdam (kein Wechsel),False
2026-08-18 13:54:39.799,car_ID_175,car,Potsdam->Berlin,True
2026-08-18 13:54:41.730,car_ID_178,car,Potsdam (kein Wechsel),False
2026-08-18 13:54:42.332,car_ID_177,car,Berlin->Potsdam,True
2026-08-18 13:54:43.466,car_ID_179,car,Potsdam (kein Wechsel),False
2026-08-18 13:55:03.700,car_ID_181,car,Potsdam (kein Wechsel),False
2026-08-18 13:55:04.099,car_ID_182,car,Potsdam (kein Wechsel),False
2026-08-18 13:55:06.599,car_ID_180,car,Potsdam->Berlin,True
2026-08-18 13:55:28.599,person_ID_161,person,Berlin->Potsdam,True
2026-08-18 13:55:30.469,person_ID_163,person,Potsdam (kein Wechsel),False
2026-08-18 13:55:35.499,person_ID_162,person,Potsdam (kein Wechsel),False
2026-08-18 13:55:43.301,car_ID_184,car,Berlin (kein Wechsel),False
2026-08-18 13:55:43.370,car_ID_183,car,Berlin (kein Wechsel),False
2026-08-18 13:55:51.371,bicycle_ID_129,bicycle,Potsdam (kein Wechsel),False
2026-08-18 13:55:52.002,car_ID_185,car,Berlin->Potsdam,True
2026-08-18 13:55:52.439,person_ID_164,person,Potsdam (kein Wechsel),False
2026-08-18 13:55:52.769,bicycle_ID_130,bicycle,Potsdam (kein Wechsel),False
2026-08-18 13:55:55.233,person_ID_165,person,Berlin (kein Wechsel),False
2026-08-18 13:55:55.401,person_ID_166,person,Berlin (kein Wechsel),False
2026-08-18 13:56:52.603,car_ID_186,car,Berlin->Potsdam,True
2026-08-18 13:56:53.072,car_ID_187,car,Potsdam (kein Wechsel),False
2026-08-18 13:57:07.973,car_ID_188,car,Berlin->Potsdam,True
2026-08-18 13:57:12.506,car_ID_189,car,Potsdam->Berlin,True
2026-08-18 13:57:29.875,bicycle_ID_132,bicycle,Berlin->Potsdam,True
2026-08-18 13:57:29.982,bicycle_ID_131,bicycle,Berlin->Potsdam,True
2026-08-18 13:57:30.505,person_ID_167,person,Berlin->Potsdam,True
2026-08-18 13:57:50.439,car_ID_190,car,Berlin->Potsdam,True
2026-08-18 13:58:25.145,car_ID_191,car,Berlin->Potsdam,True
2026-08-18 13:58:38.213,car_ID_192,car,Berlin->Potsdam,True
2026-08-18 13:58:38.415,car_ID_193,car,Potsdam (kein Wechsel),False
2026-08-18 13:58:45.945,car_ID_194,car,Berlin->Potsdam,True
2026-08-18 13:58:54.679,car_ID_195,car,Potsdam->Berlin,True
2026-08-18 13:59:15.377,bicycle_ID_134,bicycle,Berlin (kein Wechsel),False
2026-08-18 13:59:16.745,person_ID_168,person,Berlin->Potsdam,True
2026-08-18 13:59:17.282,bicycle_ID_133,bicycle,Berlin->Potsdam,True
2026-08-18 13:59:17.347,bus_ID_18,bus,Berlin->Potsdam,True
2026-08-18 13:59:18.415,bus_ID_19,bus,Potsdam (kein Wechsel),False
2026-08-18 13:59:25.376,car_ID_196,car,Berlin->Potsdam,True
2026-08-18 14:00:00.053,bicycle_ID_135,bicycle,Potsdam (kein Wechsel),False
2026-08-18 14:00:01.284,bicycle_ID_136,bicycle,Potsdam (kein Wechsel),False
2026-08-18 14:00:03.015,bicycle_ID_137,bicycle,Potsdam (kein Wechsel),False
2026-08-18 14:00:03.584,bicycle_ID_138,bicycle,Potsdam->Berlin,True
2026-08-18 14:00:05.747,person_ID_169,person,Potsdam->Berlin,True
2026-08-18 14:00:05.951,bicycle_ID_139,bicycle,Berlin (kein Wechsel),False
2026-08-18 14:00:39.417,car_ID_198,car,Berlin->Potsdam,True
2026-08-18 14:00:41.286,car_ID_197,car,Potsdam->Berlin,True
2026-08-18 14:00:55.217,car_ID_199,car,Berlin->Potsdam,True
2026-08-18 14:01:10.917,car_ID_200,car,Berlin->Potsdam,True
2026-08-18 14:01:37.456,car_ID_201,car,Berlin->Potsdam,True
2026-08-18 14:01:38.321,car_ID_202,car,Potsdam (kein Wechsel),False
2026-08-18 14:01:41.590,person_ID_170,person,Potsdam (kein Wechsel),False
2026-08-18 14:01:47.988,person_ID_171,person,Potsdam (kein Wechsel),False
2026-08-18 14:01:49.422,person_ID_172,person,Potsdam->Berlin,True
2026-08-18 14:01:49.921,car_ID_203,car,Berlin->Potsdam,True
2026-08-18 14:01:50.988,car_ID_204,car,Potsdam (kein Wechsel),False
2026-08-18 14:02:01.723,person_ID_173,person,Berlin (kein Wechsel),False
2026-08-18 14:02:04.257,car_ID_205,car,Berlin->Potsdam,True
2026-08-18 14:02:11.190,person_ID_174,person,Berlin (kein Wechsel),False
2026-08-18 14:02:12.826,person_ID_175,person,Berlin (kein Wechsel),False
2026-08-18 14:02:18.120,car_ID_206,car,Potsdam (kein Wechsel),False
2026-08-18 14:02:20.224,car_ID_207,car,Potsdam->Berlin,True
2026-08-18 14:02:27.292,car_ID_208,car,Berlin->Potsdam,True
2026-08-18 14:02:43.357,car_ID_209,car,Berlin->Potsdam,True
2026-08-18 14:03:03.427,car_ID_210,car,Potsdam->Berlin,True
2026-08-18 14:03:04.624,car_ID_212,car,Potsdam->Berlin,True
2026-08-18 14:03:06.524,car_ID_211,car,Potsdam->Berlin,True
2026-08-18 14:03:24.195,car_ID_213,car,Berlin->Potsdam,True
2026-08-18 14:03:27.304,car_ID_215,car,Potsdam (kein Wechsel),False
2026-08-18 14:03:30.262,car_ID_214,car,Potsdam->Berlin,True
2026-08-18 14:03:30.906,car_ID_218,car,Potsdam (kein Wechsel),False
2026-08-18 14:03:31.264,car_ID_216,car,Potsdam (kein Wechsel),False
2026-08-18 14:03:32.792,car_ID_217,car,Potsdam->Berlin,True
2026-08-18 14:03:42.863,bicycle_ID_141,bicycle,Berlin (kein Wechsel),False
2026-08-18 14:03:43.663,bicycle_ID_142,bicycle,Berlin (kein Wechsel),False
2026-08-18 14:03:43.730,bicycle_ID_140,bicycle,Berlin (kein Wechsel),False
2026-08-18 14:03:44.496,person_ID_176,person,Berlin (kein Wechsel),False
2026-08-18 14:03:44.692,person_ID_177,person,Potsdam (kein Wechsel),False
2026-08-18 14:04:10.533,bicycle_ID_144,bicycle,Berlin (kein Wechsel),False
2026-08-18 14:04:11.464,bicycle_ID_145,bicycle,Berlin (kein Wechsel),False
2026-08-18 14:04:12.232,bicycle_ID_143,bicycle,Berlin (kein Wechsel),False
2026-08-18 14:04:12.495,person_ID_178,person,Berlin->Potsdam,True
2026-08-18 14:04:13.032,bicycle_ID_146,bicycle,Berlin->Potsdam,True
2026-08-18 14:04:19.495,bicycle_ID_148,bicycle,Potsdam (kein Wechsel),False
2026-08-18 14:04:20.066,bicycle_ID_147,bicycle,Potsdam (kein Wechsel),False
2026-08-18 14:04:20.732,person_ID_179,person,Potsdam (kein Wechsel),False
2026-08-18 14:04:22.903,bicycle_ID_150,bicycle,Potsdam (kein Wechsel),False
2026-08-18 14:04:23.465,bicycle_ID_149,bicycle,Potsdam->Berlin,True
2026-08-18 14:04:26.966,bicycle_ID_151,bicycle,Berlin (kein Wechsel),False
2026-08-18 14:04:27.035,person_ID_180,person,Potsdam->Berlin,True
2026-08-18 14:04:32.567,bus_ID_20,bus,Potsdam (kein Wechsel),False
2026-08-18 14:04:33.435,bus_ID_22,bus,Potsdam (kein Wechsel),False
2026-08-18 14:04:35.499,bus_ID_21,bus,Potsdam->Berlin,True
2026-08-18 14:04:36.564,car_ID_220,car,Potsdam (kein Wechsel),False
2026-08-18 14:04:39.566,car_ID_219,car,Potsdam->Berlin,True
2026-08-18 14:04:56.834,bicycle_ID_152,bicycle,Potsdam (kein Wechsel),False
2026-08-18 14:04:57.867,person_ID_181,person,Potsdam (kein Wechsel),False
2026-08-18 14:04:59.734,bicycle_ID_153,bicycle,Potsdam->Berlin,True
2026-08-18 14:04:59.865,person_ID_182,person,Potsdam->Berlin,True
2026-08-18 14:05:00.035,bicycle_ID_154,bicycle,Berlin (kein Wechsel),False
2026-08-18 14:05:00.869,car_ID_222,car,Berlin (kein Wechsel),False
2026-08-18 14:05:01.302,car_ID_221,car,Berlin (kein Wechsel),False
2026-08-18 14:05:01.867,car_ID_223,car,Berlin (kein Wechsel),False
2026-08-18 14:05:02.302,bicycle_ID_155,bicycle,Berlin (kein Wechsel),False
2026-08-18 14:05:02.404,person_ID_183,person,Berlin (kein Wechsel),False
2026-08-18 14:05:15.402,car_ID_224,car,Potsdam (kein Wechsel),False
2026-08-18 14:05:41.869,person_ID_184,person,Potsdam->Berlin,True
2026-08-18 14:05:57.405,car_ID_225,car,Berlin->Potsdam,True
2026-08-18 14:06:16.038,car_ID_226,car,Berlin->Potsdam,True
2026-08-18 14:06:35.813,bicycle_ID_156,bicycle,Potsdam (kein Wechsel),False
2026-08-18 14:06:36.860,person_ID_185,person,Potsdam (kein Wechsel),False
2026-08-18 14:06:37.907,bicycle_ID_157,bicycle,Potsdam->Berlin,True
2026-08-18 14:06:37.942,person_ID_186,person,Potsdam->Berlin,True
2026-08-18 14:06:38.506,bicycle_ID_158,bicycle,Berlin (kein Wechsel),False
2026-08-18 14:06:39.308,person_ID_187,person,Berlin (kein Wechsel),False
2026-08-18 14:06:46.676,car_ID_228,car,Potsdam (kein Wechsel),False
2026-08-18 14:06:46.774,car_ID_227,car,Berlin->Potsdam,True
2026-08-18 14:06:56.209,car_ID_230,car,Potsdam->Berlin,True
2026-08-18 14:06:56.639,car_ID_229,car,Potsdam->Berlin,True
2026-08-18 14:07:48.744,car_ID_231,car,Berlin->Potsdam,True
2026-08-18 14:07:49.111,car_ID_232,car,Potsdam (kein Wechsel),False
2026-08-18 14:08:27.282,bicycle_ID_159,bicycle,Berlin (kein Wechsel),False
2026-08-18 14:08:27.314,car_ID_233,car,Potsdam->Berlin,True
2026-08-18 14:08:28.212,bicycle_ID_160,bicycle,Berlin (kein Wechsel),False
2026-08-18 14:08:28.382,person_ID_188,person,Berlin->Potsdam,True
2026-08-18 14:08:28.382,bicycle_ID_161,bicycle,Berlin->Potsdam,True
2026-08-18 14:08:30.981,bicycle_ID_162,bicycle,Potsdam (kein Wechsel),False
2026-08-18 14:08:31.150,person_ID_189,person,Potsdam (kein Wechsel),False
2026-08-18 14:08:31.983,car_ID_234,car,Berlin->Potsdam,True
2026-08-18 14:08:32.981,car_ID_235,car,Potsdam (kein Wechsel),False
2026-08-18 14:08:34.116,bicycle_ID_163,bicycle,Berlin (kein Wechsel),False
2026-08-18 14:08:35.983,bicycle_ID_164,bicycle,Berlin (kein Wechsel),False
2026-08-18 14:08:36.914,person_ID_190,person,Potsdam->Berlin,True
2026-08-18 14:08:37.581,car_ID_236,car,Berlin (kein Wechsel),False
2026-08-18 14:09:24.552,bicycle_ID_165,bicycle,Berlin->Potsdam,True
2026-08-18 14:09:24.816,bicycle_ID_166,bicycle,Berlin->Potsdam,True
2026-08-18 14:09:25.284,person_ID_191,person,Berlin->Potsdam,True
2026-08-18 14:09:48.720,person_ID_192,person,Berlin (kein Wechsel),False
2026-08-18 14:09:49.184,person_ID_195,person,Berlin (kein Wechsel),False
2026-08-18 14:09:49.652,person_ID_194,person,Berlin (kein Wechsel),False
2026-08-18 14:09:50.085,bicycle_ID_167,bicycle,Berlin->Potsdam,True
2026-08-18 14:09:50.586,person_ID_196,person,Berlin->Potsdam,True
2026-08-18 14:09:52.620,person_ID_193,person,Berlin->Potsdam,True
2026-08-18 14:09:52.753,person_ID_197,person,Berlin->Potsdam,True
2026-08-18 14:09:53.919,person_ID_198,person,Potsdam (kein Wechsel),False
2026-08-18 14:09:58.256,person_ID_199,person,Berlin (kein Wechsel),False
2026-08-18 14:10:03.588,bicycle_ID_168,bicycle,Potsdam (kein Wechsel),False
2026-08-18 14:10:04.755,person_ID_201,person,Potsdam (kein Wechsel),False
2026-08-18 14:10:05.390,bicycle_ID_169,bicycle,Potsdam (kein Wechsel),False
2026-08-18 14:10:07.090,person_ID_202,person,Potsdam->Berlin,True
2026-08-18 14:10:07.090,bicycle_ID_170,bicycle,Potsdam (kein Wechsel),False
2026-08-18 14:10:08.354,person_ID_203,person,Potsdam (kein Wechsel),False
2026-08-18 14:10:08.354,person_ID_204,person,Berlin (kein Wechsel),False
2026-08-18 14:10:08.855,person_ID_205,person,Berlin (kein Wechsel),False
2026-08-18 14:10:10.022,bicycle_ID_172,bicycle,Potsdam (kein Wechsel),False
2026-08-18 14:10:10.388,bicycle_ID_171,bicycle,Potsdam->Berlin,True
2026-08-18 14:10:10.554,person_ID_206,person,Potsdam->Berlin,True
2026-08-18 14:10:12.787,person_ID_207,person,Berlin (kein Wechsel),False
2026-08-18 14:10:23.621,person_ID_200,person,Berlin->Potsdam,True
2026-08-18 14:10:35.656,bicycle_ID_173,bicycle,Berlin->Potsdam,True
2026-08-18 14:10:35.924,person_ID_209,person,Berlin->Potsdam,True
2026-08-18 14:10:35.924,bicycle_ID_174,bicycle,Berlin->Potsdam,True
2026-08-18 14:10:40.656,person_ID_208,person,Potsdam (kein Wechsel),False
2026-08-18 14:10:41.425,car_ID_237,car,Berlin->Potsdam,True
2026-08-18 14:10:53.257,person_ID_210,person,Potsdam (kein Wechsel),False
2026-08-18 14:10:54.157,person_ID_211,person,Potsdam (kein Wechsel),False
2026-08-18 14:10:54.924,bus_ID_23,bus,Berlin (kein Wechsel),False
2026-08-18 14:10:55.225,car_ID_239,car,Berlin (kein Wechsel),False
2026-08-18 14:10:55.758,car_ID_238,car,Berlin (kein Wechsel),False
2026-08-18 14:10:57.025,car_ID_240,car,Potsdam (kein Wechsel),False
2026-08-18 14:10:57.289,person_ID_212,person,Potsdam->Berlin,True
2026-08-18 14:10:57.288,bicycle_ID_175,bicycle,Potsdam->Berlin,True
2026-08-18 14:10:58.788,bicycle_ID_176,bicycle,Berlin (kein Wechsel),False
2026-08-18 14:10:59.488,person_ID_213,person,Berlin (kein Wechsel),False
2026-08-18 14:11:04.787,bicycle_ID_177,bicycle,Potsdam (kein Wechsel),False
2026-08-18 14:11:05.487,bicycle_ID_178,bicycle,Potsdam (kein Wechsel),False
2026-08-18 14:11:07.325,bicycle_ID_179,bicycle,Potsdam (kein Wechsel),False
2026-08-18 14:11:07.525,person_ID_214,person,Potsdam (kein Wechsel),False
2026-08-18 14:11:08.157,bicycle_ID_180,bicycle,Potsdam (kein Wechsel),False
2026-08-18 14:11:08.525,bicycle_ID_181,bicycle,Berlin (kein Wechsel),False
2026-08-18 14:11:08.687,car_ID_241,car,Potsdam->Berlin,True
2026-08-18 14:11:09.494,person_ID_215,person,Potsdam (kein Wechsel),False
2026-08-18 14:11:11.626,person_ID_216,person,Berlin (kein Wechsel),False
2026-08-18 14:11:11.724,person_ID_217,person,Potsdam->Berlin,True
2026-08-18 14:11:12.189,bus_ID_24,bus,Berlin (kein Wechsel),False
2026-08-18 14:11:12.291,bus_ID_25,bus,Berlin (kein Wechsel),False
2026-08-18 14:11:13.226,car_ID_243,car,Potsdam->Berlin,True
2026-08-18 14:11:13.624,bus_ID_26,bus,Berlin (kein Wechsel),False
2026-08-18 14:11:13.789,car_ID_242,car,Potsdam->Berlin,True
2026-08-18 14:11:14.690,bicycle_ID_182,bicycle,Berlin (kein Wechsel),False
2026-08-18 14:11:15.256,person_ID_218,person,Berlin (kein Wechsel),False
2026-08-18 14:11:27.093,bicycle_ID_183,bicycle,Berlin (kein Wechsel),False
2026-08-18 14:11:27.330,person_ID_219,person,Berlin (kein Wechsel),False
2026-08-18 14:11:27.626,person_ID_220,person,Berlin (kein Wechsel),False
2026-08-18 14:11:27.627,bicycle_ID_184,bicycle,Berlin (kein Wechsel),False
2026-08-18 14:11:28.957,person_ID_221,person,Berlin->Potsdam,True
2026-08-18 14:11:48.395,person_ID_222,person,Berlin (kein Wechsel),False
2026-08-18 14:11:48.801,bicycle_ID_185,bicycle,Berlin (kein Wechsel),False
2026-08-18 14:11:49.227,car_ID_244,car,Potsdam->Berlin,True
2026-08-18 14:12:22.396,car_ID_245,car,Potsdam (kein Wechsel),False
2026-08-18 14:12:25.096,car_ID_246,car,Berlin (kein Wechsel),False
2026-08-18 14:12:36.230,car_ID_247,car,Potsdam (kein Wechsel),False
2026-08-18 14:12:37.864,car_ID_248,car,Potsdam->Berlin,True
2026-08-18 14:12:41.499,car_ID_249,car,Potsdam (kein Wechsel),False
2026-08-18 14:12:43.730,car_ID_250,car,Berlin (kein Wechsel),False
2026-08-18 14:12:56.997,car_ID_251,car,Berlin->Potsdam,True
2026-08-18 14:13:07.768,car_ID_252,car,Berlin (kein Wechsel),False
2026-08-18 14:13:15.401,car_ID_253,car,Berlin->Potsdam,True
2026-08-18 14:13:16.598,car_ID_254,car,Potsdam (kein Wechsel),False
2026-08-18 14:13:26.132,person_ID_223,person,Potsdam (kein Wechsel),False
2026-08-18 14:13:27.835,car_ID_255,car,Berlin (kein Wechsel),False
2026-08-18 14:13:29.035,person_ID_224,person,Berlin (kein Wechsel),False
2026-08-18 14:13:33.902,person_ID_225,person,Berlin (kein Wechsel),False
2026-08-18 14:13:48.602,bicycle_ID_186,bicycle,Potsdam (kein Wechsel),False
2026-08-18 14:13:50.037,person_ID_226,person,Potsdam (kein Wechsel),False
2026-08-18 14:13:51.271,bicycle_ID_187,bicycle,Potsdam (kein Wechsel),False
2026-08-18 14:13:52.070,person_ID_227,person,Potsdam (kein Wechsel),False
2026-08-18 14:13:52.233,bicycle_ID_188,bicycle,Potsdam (kein Wechsel),False
2026-08-18 14:13:53.003,person_ID_228,person,Berlin (kein Wechsel),False
2026-08-18 14:13:53.902,bicycle_ID_189,bicycle,Potsdam->Berlin,True
2026-08-18 14:13:54.369,person_ID_229,person,Berlin (kein Wechsel),False
2026-08-18 14:13:54.937,person_ID_230,person,Berlin (kein Wechsel),False
2026-08-18 14:13:56.168,person_ID_231,person,Berlin (kein Wechsel),False
2026-08-18 14:13:56.402,bicycle_ID_190,bicycle,Berlin (kein Wechsel),False
2026-08-18 14:13:59.733,car_ID_257,car,Potsdam (kein Wechsel),False
2026-08-18 14:14:02.236,car_ID_258,car,Berlin (kein Wechsel),False
2026-08-18 14:14:03.701,car_ID_256,car,Potsdam->Berlin,True
2026-08-18 14:14:17.432,car_ID_259,car,Potsdam (kein Wechsel),False
2026-08-18 14:14:34.039,car_ID_260,car,Berlin->Potsdam,True
2026-08-18 14:15:29.743,car_ID_261,car,Berlin->Potsdam,True
2026-08-18 14:15:44.743,bicycle_ID_191,bicycle,Potsdam (kein Wechsel),False
2026-08-18 14:15:44.942,person_ID_232,person,Potsdam (kein Wechsel),False
2026-08-18 14:15:45.574,bicycle_ID_193,bicycle,Potsdam (kein Wechsel),False
2026-08-18 14:15:47.542,bicycle_ID_195,bicycle,Potsdam (kein Wechsel),False
2026-08-18 14:15:47.643,bicycle_ID_194,bicycle,Potsdam (kein Wechsel),False
2026-08-18 14:15:48.177,bicycle_ID_192,bicycle,Potsdam (kein Wechsel),False
2026-08-18 14:15:48.908,bicycle_ID_197,bicycle,Berlin (kein Wechsel),False
2026-08-18 14:15:51.044,person_ID_234,person,Potsdam->Berlin,True
2026-08-18 14:15:51.475,bicycle_ID_196,bicycle,Potsdam->Berlin,True
2026-08-18 14:15:51.510,bicycle_ID_198,bicycle,Berlin (kein Wechsel),False
2026-08-18 14:15:52.842,person_ID_233,person,Potsdam->Berlin,True
2026-08-18 14:15:53.776,car_ID_262,car,Potsdam->Berlin,True
2026-08-18 14:15:55.106,bicycle_ID_199,bicycle,Potsdam (kein Wechsel),False
2026-08-18 14:15:55.241,person_ID_235,person,Potsdam (kein Wechsel),False
2026-08-18 14:15:55.376,bicycle_ID_200,bicycle,Potsdam (kein Wechsel),False
2026-08-18 14:15:56.075,person_ID_236,person,Potsdam (kein Wechsel),False
2026-08-18 14:15:56.775,person_ID_237,person,Potsdam (kein Wechsel),False
2026-08-18 14:15:56.975,bicycle_ID_201,bicycle,Potsdam (kein Wechsel),False
2026-08-18 14:15:58.342,person_ID_238,person,Berlin (kein Wechsel),False
2026-08-18 14:15:59.705,person_ID_239,person,Berlin (kein Wechsel),False
2026-08-18 14:16:02.945,person_ID_240,person,Potsdam (kein Wechsel),False
2026-08-18 14:16:03.543,bicycle_ID_203,bicycle,Potsdam (kein Wechsel),False
2026-08-18 14:16:03.606,bicycle_ID_204,bicycle,Potsdam (kein Wechsel),False
2026-08-18 14:16:04.043,bicycle_ID_205,bicycle,Potsdam (kein Wechsel),False
2026-08-18 14:16:04.307,bicycle_ID_202,bicycle,Potsdam->Berlin,True
2026-08-18 14:16:05.277,person_ID_242,person,Potsdam (kein Wechsel),False
2026-08-18 14:16:05.374,person_ID_243,person,Potsdam (kein Wechsel),False
2026-08-18 14:16:05.745,bicycle_ID_208,bicycle,Potsdam (kein Wechsel),False
2026-08-18 14:16:05.777,bicycle_ID_207,bicycle,Potsdam (kein Wechsel),False
2026-08-18 14:16:06.143,bicycle_ID_209,bicycle,Berlin (kein Wechsel),False
2026-08-18 14:16:06.412,bicycle_ID_206,bicycle,Potsdam->Berlin,True
2026-08-18 14:16:06.778,person_ID_241,person,Potsdam->Berlin,True
2026-08-18 14:16:08.409,person_ID_244,person,Potsdam->Berlin,True
2026-08-18 14:16:08.842,person_ID_245,person,Potsdam->Berlin,True
2026-08-18 14:16:21.007,person_ID_246,person,Potsdam (kein Wechsel),False
2026-08-18 14:16:21.544,bicycle_ID_210,bicycle,Potsdam (kein Wechsel),False
2026-08-18 14:16:22.011,bicycle_ID_212,bicycle,Potsdam (kein Wechsel),False
2026-08-18 14:16:22.878,bicycle_ID_211,bicycle,Potsdam->Berlin,True
2026-08-18 14:16:22.912,bicycle_ID_213,bicycle,Berlin (kein Wechsel),False
2026-08-18 14:16:25.044,person_ID_247,person,Potsdam->Berlin,True
2026-08-18 14:16:25.377,bicycle_ID_214,bicycle,Berlin (kein Wechsel),False
2026-08-18 14:16:33.609,car_ID_263,car,Potsdam->Berlin,True
2026-08-18 14:16:56.514,car_ID_264,car,Potsdam->Berlin,True
2026-08-18 14:17:21.316,car_ID_265,car,Berlin (kein Wechsel),False
2026-08-18 14:17:22.519,person_ID_248,person,Berlin (kein Wechsel),False
2026-08-18 14:17:39.780,car_ID_267,car,Potsdam (kein Wechsel),False
2026-08-18 14:17:40.451,car_ID_266,car,Berlin->Potsdam,True
2026-08-18 14:17:40.648,car_ID_269,car,Berlin (kein Wechsel),False
2026-08-18 14:17:41.749,car_ID_268,car,Potsdam->Berlin,True
2026-08-18 14:17:42.217,car_ID_270,car,Berlin->Potsdam,True
2026-08-18 14:17:44.249,bicycle_ID_215,bicycle,Potsdam (kein Wechsel),False
2026-08-18 14:17:44.749,person_ID_249,person,Potsdam (kein Wechsel),False
2026-08-18 14:17:47.580,bicycle_ID_216,bicycle,Potsdam->Berlin,True
2026-08-18 14:17:47.749,person_ID_250,person,Potsdam->Berlin,True
2026-08-18 14:17:50.017,bicycle_ID_217,bicycle,Berlin (kein Wechsel),False
2026-08-18 14:17:50.679,person_ID_251,person,Berlin (kein Wechsel),False
2026-08-18 14:18:11.249,car_ID_271,car,Potsdam->Berlin,True
2026-08-18 14:18:37.752,car_ID_272,car,Berlin->Potsdam,True
2026-08-18 14:18:40.719,car_ID_273,car,Berlin->Potsdam,True
2026-08-18 14:18:41.950,car_ID_274,car,Potsdam (kein Wechsel),False
2026-08-18 14:18:58.951,car_ID_275,car,Berlin->Potsdam,True
2026-08-18 14:19:57.992,bus_ID_27,bus,Berlin (kein Wechsel),False
2026-08-18 14:19:58.389,car_ID_276,car,Berlin (kein Wechsel),False
2026-08-18 14:19:59.226,bus_ID_28,bus,Berlin (kein Wechsel),False
2026-08-18 14:20:00.358,bus_ID_29,bus,Potsdam (kein Wechsel),False
2026-08-18 14:20:19.358,car_ID_277,car,Berlin (kein Wechsel),False
2026-08-18 14:20:21.624,car_ID_278,car,Potsdam (kein Wechsel),False
2026-08-18 14:20:26.722,person_ID_252,person,Potsdam (kein Wechsel),False
2026-08-18 14:20:29.192,bicycle_ID_218,bicycle,Berlin (kein Wechsel),False
2026-08-18 14:20:29.761,person_ID_254,person,Potsdam (kein Wechsel),False
2026-08-18 14:20:30.159,person_ID_253,person,Berlin->Potsdam,True
2026-08-18 14:20:31.758,person_ID_256,person,Potsdam (kein Wechsel),False
2026-08-18 14:20:32.962,person_ID_255,person,Potsdam (kein Wechsel),False
2026-08-18 14:20:34.660,car_ID_279,car,Berlin->Potsdam,True
2026-08-18 14:20:35.624,person_ID_257,person,Potsdam (kein Wechsel),False
2026-08-18 14:20:35.728,car_ID_280,car,Berlin->Potsdam,True
2026-08-18 14:20:35.929,car_ID_281,car,Potsdam (kein Wechsel),False
2026-08-18 14:20:50.063,person_ID_258,person,Berlin (kein Wechsel),False
2026-08-18 14:20:52.062,car_ID_282,car,Potsdam (kein Wechsel),False
2026-08-18 14:20:53.795,car_ID_283,car,Berlin (kein Wechsel),False
2026-08-18 14:20:54.561,person_ID_259,person,Berlin (kein Wechsel),False
2026-08-18 14:20:54.596,person_ID_260,person,Berlin (kein Wechsel),False
2026-08-18 14:20:55.824,person_ID_261,person,Berlin (kein Wechsel),False
2026-08-18 14:21:33.764,car_ID_284,car,Potsdam (kein Wechsel),False
2026-08-18 14:21:37.397,car_ID_285,car,Berlin (kein Wechsel),False
2026-08-18 14:21:37.729,car_ID_286,car,Berlin (kein Wechsel),False
2026-08-18 14:21:43.131,person_ID_262,person,Potsdam (kein Wechsel),False
2026-08-18 14:21:44.727,person_ID_263,person,Potsdam (kein Wechsel),False
2026-08-18 14:21:48.532,person_ID_264,person,Potsdam (kein Wechsel),False
2026-08-18 14:21:56.731,car_ID_287,car,Berlin (kein Wechsel),False
2026-08-18 14:22:04.835,person_ID_265,person,Potsdam->Berlin,True
2026-08-18 14:22:13.195,car_ID_288,car,Berlin (kein Wechsel),False
2026-08-18 14:22:13.667,person_ID_266,person,Berlin (kein Wechsel),False
2026-08-18 14:22:18.765,person_ID_267,person,Berlin (kein Wechsel),False
2026-08-18 14:22:40.366,car_ID_289,car,Potsdam (kein Wechsel),False
2026-08-18 14:22:40.836,person_ID_268,person,Berlin (kein Wechsel),False
2026-08-18 14:22:46.268,person_ID_269,person,Berlin (kein Wechsel),False
2026-08-18 14:22:47.038,person_ID_271,person,Berlin (kein Wechsel),False
2026-08-18 14:22:47.100,person_ID_270,person,Berlin (kein Wechsel),False
2026-08-18 14:22:47.299,person_ID_272,person,Berlin (kein Wechsel),False
2026-08-18 14:22:49.134,person_ID_273,person,Potsdam (kein Wechsel),False
2026-08-18 14:22:52.567,person_ID_274,person,Potsdam (kein Wechsel),False
2026-08-18 14:22:52.969,car_ID_290,car,Potsdam->Berlin,True
2026-08-18 14:22:53.034,person_ID_275,person,Potsdam (kein Wechsel),False
2026-08-18 14:22:56.835,person_ID_276,person,Potsdam (kein Wechsel),False
2026-08-18 14:22:58.699,person_ID_277,person,Potsdam (kein Wechsel),False
2026-08-18 14:23:01.335,person_ID_278,person,Berlin (kein Wechsel),False
2026-08-18 14:23:30.472,car_ID_291,car,Berlin->Potsdam,True
2026-08-18 14:23:41.237,car_ID_292,car,Potsdam (kein Wechsel),False
2026-08-18 14:23:42.169,person_ID_280,person,Potsdam (kein Wechsel),False
2026-08-18 14:23:45.001,bicycle_ID_220,bicycle,Potsdam (kein Wechsel),False
2026-08-18 14:23:45.438,bicycle_ID_219,bicycle,Potsdam (kein Wechsel),False
2026-08-18 14:23:46.208,person_ID_281,person,Potsdam (kein Wechsel),False
2026-08-18 14:23:48.173,person_ID_282,person,Berlin (kein Wechsel),False
2026-08-18 14:23:50.038,person_ID_283,person,Berlin (kein Wechsel),False
2026-08-18 14:23:50.038,bicycle_ID_221,bicycle,Berlin (kein Wechsel),False
2026-08-18 14:23:54.505,person_ID_284,person,Potsdam (kein Wechsel),False
2026-08-18 14:23:56.106,person_ID_279,person,Potsdam (kein Wechsel),False
2026-08-18 14:24:19.507,person_ID_285,person,Potsdam (kein Wechsel),False
2026-08-18 14:24:25.108,person_ID_286,person,Potsdam (kein Wechsel),False
2026-08-18 14:24:28.111,person_ID_287,person,Potsdam (kein Wechsel),False
2026-08-18 14:24:36.209,person_ID_288,person,Potsdam (kein Wechsel),False
2026-08-18 14:24:36.741,person_ID_289,person,Potsdam (kein Wechsel),False
2026-08-18 14:24:39.312,person_ID_291,person,Potsdam (kein Wechsel),False
2026-08-18 14:24:42.809,person_ID_290,person,Berlin (kein Wechsel),False
2026-08-18 14:24:46.641,person_ID_292,person,Potsdam (kein Wechsel),False
2026-08-18 14:24:54.110,person_ID_293,person,Potsdam->Berlin,True
2026-08-18 14:24:55.740,person_ID_294,person,Berlin (kein Wechsel),False
2026-08-18 14:24:58.008,person_ID_295,person,Berlin (kein Wechsel),False
2026-08-18 14:24:59.772,person_ID_296,person,Berlin (kein Wechsel),False
2026-08-18 14:25:02.741,car_ID_293,car,Potsdam->Berlin,True
2026-08-18 14:25:04.474,person_ID_297,person,Berlin (kein Wechsel),False
2026-08-18 14:25:14.212,person_ID_298,person,Berlin (kein Wechsel),False
2026-08-18 14:25:14.474,car_ID_295,car,Potsdam (kein Wechsel),False
2026-08-18 14:25:15.913,car_ID_294,car,Potsdam->Berlin,True
2026-08-18 14:25:17.111,person_ID_299,person,Berlin (kein Wechsel),False
2026-08-18 14:25:19.709,person_ID_300,person,Berlin (kein Wechsel),False
2026-08-18 14:25:21.042,person_ID_301,person,Berlin->Potsdam,True
2026-08-18 14:25:21.042,bicycle_ID_222,bicycle,Berlin->Potsdam,True
2026-08-18 14:25:35.779,car_ID_296,car,Berlin->Potsdam,True
2026-08-18 14:25:37.242,car_ID_297,car,Berlin->Potsdam,True
2026-08-18 14:25:38.280,car_ID_299,car,Potsdam (kein Wechsel),False
2026-08-18 14:25:39.343,car_ID_298,car,Berlin->Potsdam,True
2026-08-18 14:25:52.379,car_ID_300,car,Berlin->Potsdam,True
2026-08-18 14:25:54.612,bicycle_ID_223,bicycle,Potsdam (kein Wechsel),False
2026-08-18 14:25:54.712,bicycle_ID_224,bicycle,Potsdam (kein Wechsel),False
2026-08-18 14:25:54.980,person_ID_302,person,Potsdam (kein Wechsel),False
2026-08-18 14:25:59.280,person_ID_303,person,Berlin (kein Wechsel),False
2026-08-18 14:26:00.448,person_ID_304,person,Berlin (kein Wechsel),False
2026-08-18 14:26:08.082,car_ID_301,car,Berlin->Potsdam,True
2026-08-18 14:26:08.812,car_ID_302,car,Potsdam (kein Wechsel),False
2026-08-18 14:26:11.843,car_ID_303,car,Berlin->Potsdam,True
2026-08-18 14:26:12.648,car_ID_304,car,Potsdam (kein Wechsel),False
2026-08-18 14:26:32.917,bicycle_ID_225,bicycle,Berlin->Potsdam,True
2026-08-18 14:26:32.947,bicycle_ID_226,bicycle,Potsdam (kein Wechsel),False
2026-08-18 14:26:33.482,person_ID_305,person,Berlin->Potsdam,True
2026-08-18 14:26:38.246,car_ID_305,car,Berlin (kein Wechsel),False
2026-08-18 14:26:46.047,car_ID_306,car,Berlin->Potsdam,True
2026-08-18 14:26:47.214,car_ID_307,car,Potsdam (kein Wechsel),False
2026-08-18 14:26:58.353,car_ID_309,car,Berlin (kein Wechsel),False
2026-08-18 14:26:58.616,car_ID_308,car,Berlin->Potsdam,True
2026-08-18 14:26:58.681,bus_ID_30,bus,Potsdam (kein Wechsel),False
2026-08-18 14:27:10.521,car_ID_311,car,Potsdam (kein Wechsel),False
2026-08-18 14:27:13.184,car_ID_312,car,Berlin->Potsdam,True
2026-08-18 14:27:14.352,car_ID_310,car,Potsdam->Berlin,True
2026-08-18 14:27:15.317,car_ID_313,car,Berlin (kein Wechsel),False
2026-08-18 14:27:15.682,car_ID_314,car,Berlin (kein Wechsel),False
2026-08-18 14:27:23.156,car_ID_316,car,Potsdam (kein Wechsel),False
2026-08-18 14:27:24.085,person_ID_306,person,Berlin->Potsdam,True
2026-08-18 14:27:24.583,bicycle_ID_227,bicycle,Berlin->Potsdam,True
2026-08-18 14:27:25.916,car_ID_317,car,Berlin (kein Wechsel),False
2026-08-18 14:27:26.320,car_ID_315,car,Potsdam->Berlin,True
2026-08-18 14:27:29.351,person_ID_307,person,Potsdam (kein Wechsel),False
2026-08-18 14:27:30.821,person_ID_308,person,Potsdam (kein Wechsel),False
2026-08-18 14:27:37.021,person_ID_309,person,Potsdam (kein Wechsel),False
2026-08-18 14:27:38.985,person_ID_311,person,Berlin (kein Wechsel),False
2026-08-18 14:27:43.484,person_ID_310,person,Berlin (kein Wechsel),False
2026-08-18 14:27:43.720,person_ID_312,person,Berlin (kein Wechsel),False
2026-08-18 14:27:45.685,car_ID_318,car,Berlin (kein Wechsel),False
2026-08-18 14:27:48.552,person_ID_313,person,Berlin (kein Wechsel),False
2026-08-18 14:27:50.017,person_ID_315,person,Berlin (kein Wechsel),False
2026-08-18 14:27:51.717,car_ID_319,car,Berlin (kein Wechsel),False
2026-08-18 14:27:53.721,person_ID_314,person,Berlin (kein Wechsel),False
2026-08-18 14:27:54.485,car_ID_320,car,Potsdam->Berlin,True
2026-08-18 14:27:54.517,person_ID_316,person,Berlin (kein Wechsel),False
2026-08-18 14:28:14.387,car_ID_321,car,Berlin (kein Wechsel),False
2026-08-18 14:28:16.855,car_ID_322,car,Berlin->Potsdam,True
2026-08-18 14:28:17.988,car_ID_323,car,Potsdam (kein Wechsel),False
2026-08-18 14:28:20.587,bicycle_ID_228,bicycle,Potsdam (kein Wechsel),False
2026-08-18 14:28:20.956,person_ID_317,person,Potsdam (kein Wechsel),False
2026-08-18 14:28:22.855,bicycle_ID_229,bicycle,Potsdam->Berlin,True
2026-08-18 14:28:25.419,person_ID_318,person,Potsdam->Berlin,True
2026-08-18 14:28:25.456,bicycle_ID_230,bicycle,Berlin (kein Wechsel),False
2026-08-18 14:28:38.257,car_ID_324,car,Potsdam->Berlin,True
2026-08-18 14:28:53.159,car_ID_325,car,Berlin->Potsdam,True
2026-08-18 14:28:56.293,car_ID_326,car,Potsdam->Berlin,True
2026-08-18 14:29:45.691,car_ID_327,car,Potsdam->Berlin,True
2026-08-18 14:30:06.160,bicycle_ID_232,bicycle,Berlin (kein Wechsel),False
2026-08-18 14:30:07.091,person_ID_319,person,Berlin (kein Wechsel),False
2026-08-18 14:30:07.828,bicycle_ID_231,bicycle,Berlin->Potsdam,True
2026-08-18 14:30:12.195,person_ID_320,person,Berlin (kein Wechsel),False
2026-08-18 14:30:13.828,car_ID_328,car,Berlin->Potsdam,True
2026-08-18 14:30:24.292,person_ID_321,person,Berlin (kein Wechsel),False
2026-08-18 14:30:31.395,car_ID_329,car,Berlin (kein Wechsel),False
2026-08-18 14:30:42.497,person_ID_322,person,Berlin->Potsdam,True
2026-08-18 14:31:16.505,car_ID_331,car,Potsdam (kein Wechsel),False
2026-08-18 14:31:18.101,car_ID_330,car,Potsdam->Berlin,True
2026-08-18 14:31:20.765,car_ID_333,car,Potsdam->Berlin,True
2026-08-18 14:31:22.799,car_ID_334,car,Potsdam (kein Wechsel),False
2026-08-18 14:31:23.963,person_ID_323,person,Potsdam (kein Wechsel),False
2026-08-18 14:31:24.032,car_ID_332,car,Potsdam->Berlin,True
2026-08-18 14:31:25.633,car_ID_336,car,Potsdam (kein Wechsel),False
2026-08-18 14:31:28.402,car_ID_335,car,Potsdam->Berlin,True
2026-08-18 14:31:29.234,person_ID_326,person,Potsdam (kein Wechsel),False
2026-08-18 14:31:29.265,person_ID_325,person,Potsdam (kein Wechsel),False
2026-08-18 14:31:29.432,bicycle_ID_233,bicycle,Potsdam (kein Wechsel),False
2026-08-18 14:31:30.200,person_ID_327,person,Potsdam (kein Wechsel),False
2026-08-18 14:31:31.001,person_ID_324,person,Potsdam (kein Wechsel),False
2026-08-18 14:31:31.233,bicycle_ID_234,bicycle,Potsdam->Berlin,True
2026-08-18 14:31:31.901,person_ID_328,person,Berlin (kein Wechsel),False
2026-08-18 14:31:32.002,bicycle_ID_235,bicycle,Berlin (kein Wechsel),False
2026-08-18 14:31:36.801,person_ID_329,person,Potsdam (kein Wechsel),False
2026-08-18 14:31:38.503,person_ID_330,person,Potsdam (kein Wechsel),False
2026-08-18 14:31:44.833,person_ID_332,person,Potsdam->Berlin,True
2026-08-18 14:31:53.900,bicycle_ID_236,bicycle,Potsdam (kein Wechsel),False
2026-08-18 14:31:54.333,person_ID_333,person,Potsdam (kein Wechsel),False
2026-08-18 14:31:54.534,bicycle_ID_237,bicycle,Potsdam (kein Wechsel),False
2026-08-18 14:31:55.702,bicycle_ID_239,bicycle,Berlin (kein Wechsel),False
2026-08-18 14:31:56.166,person_ID_335,person,Berlin (kein Wechsel),False
2026-08-18 14:31:56.166,bicycle_ID_238,bicycle,Berlin (kein Wechsel),False
2026-08-18 14:31:57.034,person_ID_334,person,Berlin->Potsdam,True
2026-08-18 14:31:57.635,person_ID_336,person,Berlin (kein Wechsel),False
2026-08-18 14:31:58.633,person_ID_331,person,Potsdam->Berlin,True
2026-08-18 14:32:01.434,car_ID_337,car,Potsdam->Berlin,True
2026-08-18 14:32:18.104,car_ID_338,car,Potsdam->Berlin,True
2026-08-18 14:32:22.170,car_ID_339,car,Berlin->Potsdam,True
2026-08-18 14:32:23.034,car_ID_340,car,Potsdam (kein Wechsel),False
2026-08-18 14:32:36.472,bicycle_ID_240,bicycle,Potsdam (kein Wechsel),False
2026-08-18 14:32:37.503,bicycle_ID_241,bicycle,Potsdam (kein Wechsel),False
2026-08-18 14:32:37.933,person_ID_337,person,Potsdam (kein Wechsel),False
2026-08-18 14:32:41.303,person_ID_338,person,Berlin (kein Wechsel),False
2026-08-18 14:32:41.803,bicycle_ID_242,bicycle,Berlin (kein Wechsel),False
2026-08-18 14:32:42.234,person_ID_339,person,Berlin (kein Wechsel),False
2026-08-18 14:33:00.904,person_ID_340,person,Potsdam (kein Wechsel),False
2026-08-18 14:33:01.605,person_ID_341,person,Berlin (kein Wechsel),False
2026-08-18 14:33:15.935,car_ID_341,car,Berlin->Potsdam,True
2026-08-18 14:33:29.037,car_ID_342,car,Potsdam (kein Wechsel),False
2026-08-18 14:33:31.337,car_ID_343,car,Potsdam->Berlin,True
2026-08-18 14:33:35.838,person_ID_342,person,Potsdam (kein Wechsel),False
2026-08-18 14:33:55.837,person_ID_343,person,Potsdam (kein Wechsel),False
2026-08-18 14:33:57.872,person_ID_345,person,Potsdam (kein Wechsel),False
2026-08-18 14:33:58.676,bicycle_ID_243,bicycle,Potsdam (kein Wechsel),False
2026-08-18 14:34:00.108,person_ID_346,person,Potsdam (kein Wechsel),False
2026-08-18 14:34:00.344,person_ID_344,person,Berlin (kein Wechsel),False
2026-08-18 14:34:01.740,bicycle_ID_244,bicycle,Potsdam (kein Wechsel),False
2026-08-18 14:34:01.908,person_ID_348,person,Potsdam (kein Wechsel),False
2026-08-18 14:34:02.808,person_ID_349,person,Berlin (kein Wechsel),False
2026-08-18 14:34:03.910,bicycle_ID_245,bicycle,Berlin (kein Wechsel),False
2026-08-18 14:34:05.444,person_ID_350,person,Berlin (kein Wechsel),False
2026-08-18 14:34:05.576,person_ID_351,person,Berlin (kein Wechsel),False
2026-08-18 14:34:05.975,person_ID_347,person,Berlin->Potsdam,True
2026-08-18 14:34:15.477,person_ID_353,person,Potsdam (kein Wechsel),False
2026-08-18 14:34:16.976,person_ID_352,person,Berlin (kein Wechsel),False
2026-08-18 14:34:22.607,car_ID_344,car,Berlin->Potsdam,True
2026-08-18 14:34:33.448,person_ID_355,person,Potsdam (kein Wechsel),False
2026-08-18 14:34:33.908,person_ID_354,person,Potsdam (kein Wechsel),False
2026-08-18 14:34:34.279,bicycle_ID_246,bicycle,Potsdam (kein Wechsel),False
2026-08-18 14:34:35.878,bicycle_ID_247,bicycle,Berlin (kein Wechsel),False
2026-08-18 14:34:37.979,person_ID_356,person,Berlin (kein Wechsel),False
2026-08-18 14:34:54.644,bicycle_ID_248,bicycle,Berlin (kein Wechsel),False
2026-08-18 14:34:54.778,person_ID_357,person,Berlin->Potsdam,True
2026-08-18 14:34:55.144,bicycle_ID_249,bicycle,Berlin->Potsdam,True
2026-08-18 14:35:12.013,car_ID_345,car,Berlin->Potsdam,True
2026-08-18 14:35:14.547,car_ID_346,car,Berlin->Potsdam,True
2026-08-18 14:35:22.347,bicycle_ID_250,bicycle,Potsdam (kein Wechsel),False
2026-08-18 14:35:23.447,bicycle_ID_251,bicycle,Potsdam (kein Wechsel),False
2026-08-18 14:35:23.747,person_ID_358,person,Potsdam (kein Wechsel),False
2026-08-18 14:35:24.880,bicycle_ID_252,bicycle,Potsdam->Berlin,True
2026-08-18 14:35:25.078,person_ID_359,person,Potsdam->Berlin,True
2026-08-18 14:35:26.711,bicycle_ID_253,bicycle,Berlin (kein Wechsel),False
2026-08-18 14:35:27.114,person_ID_360,person,Berlin (kein Wechsel),False
2026-08-18 14:35:32.381,bicycle_ID_254,bicycle,Berlin (kein Wechsel),False
2026-08-18 14:35:34.215,bicycle_ID_255,bicycle,Berlin->Potsdam,True
2026-08-18 14:35:34.249,person_ID_361,person,Berlin->Potsdam,True
2026-08-18 14:35:44.949,bicycle_ID_256,bicycle,Berlin->Potsdam,True
2026-08-18 14:35:45.412,person_ID_362,person,Berlin->Potsdam,True
2026-08-18 14:35:50.015,car_ID_348,car,Berlin->Potsdam,True
2026-08-18 14:35:50.379,car_ID_347,car,Berlin->Potsdam,True
2026-08-18 14:36:24.588,car_ID_349,car,Potsdam->Berlin,True
2026-08-18 14:36:28.518,car_ID_350,car,Potsdam->Berlin,True
2026-08-18 14:36:43.420,car_ID_351,car,Berlin (kein Wechsel),False
2026-08-18 14:36:45.919,car_ID_353,car,Potsdam (kein Wechsel),False
2026-08-18 14:36:45.951,car_ID_354,car,Potsdam (kein Wechsel),False
2026-08-18 14:36:46.752,car_ID_352,car,Berlin->Potsdam,True
2026-08-18 14:37:30.319,car_ID_355,car,Potsdam->Berlin,True
2026-08-18 14:37:33.054,person_ID_363,person,Berlin->Potsdam,True
2026-08-18 14:37:33.621,bicycle_ID_257,bicycle,Berlin->Potsdam,True
2026-08-18 14:37:52.122,car_ID_356,car,Potsdam->Berlin,True
2026-08-18 14:37:52.424,bus_ID_31,bus,Berlin (kein Wechsel),False
2026-08-18 14:37:53.121,car_ID_357,car,Berlin (kein Wechsel),False
2026-08-18 14:38:56.757,car_ID_358,car,Berlin->Potsdam,True
2026-08-18 14:39:09.926,car_ID_359,car,Berlin (kein Wechsel),False
2026-08-18 14:39:11.825,bus_ID_32,bus,Berlin (kein Wechsel),False
2026-08-18 14:39:11.927,car_ID_360,car,Potsdam (kein Wechsel),False
2026-08-18 14:39:12.440,bus_ID_33,bus,Berlin->Potsdam,True
2026-08-18 14:39:13.726,bus_ID_34,bus,Berlin->Potsdam,True
2026-08-18 14:39:15.027,bus_ID_35,bus,Potsdam (kein Wechsel),False
2026-08-18 14:39:16.059,car_ID_361,car,Berlin->Potsdam,True
2026-08-18 14:39:19.059,car_ID_362,car,Berlin->Potsdam,True
2026-08-18 14:39:20.526,car_ID_363,car,Potsdam (kein Wechsel),False
2026-08-18 14:40:07.968,car_ID_364,car,Potsdam->Berlin,True
2026-08-18 14:40:17.796,car_ID_365,car,Berlin->Potsdam,True
2026-08-18 14:40:18.635,car_ID_366,car,Potsdam (kein Wechsel),False
2026-08-18 14:40:24.197,car_ID_367,car,Berlin->Potsdam,True
2026-08-18 14:40:48.969,car_ID_368,car,Potsdam (kein Wechsel),False
2026-08-18 14:40:51.300,bus_ID_36,bus,Berlin (kein Wechsel),False
2026-08-18 14:40:51.400,car_ID_369,car,Potsdam->Berlin,True
2026-08-18 14:40:59.302,bicycle_ID_258,bicycle,Potsdam (kein Wechsel),False
2026-08-18 14:40:59.436,person_ID_364,person,Potsdam (kein Wechsel),False
2026-08-18 14:41:00.336,person_ID_365,person,Potsdam (kein Wechsel),False
2026-08-18 14:41:01.203,person_ID_366,person,Potsdam (kein Wechsel),False
2026-08-18 14:41:02.901,person_ID_367,person,Potsdam->Berlin,True
2026-08-18 14:41:03.070,bicycle_ID_259,bicycle,Potsdam->Berlin,True
2026-08-18 14:41:06.540,bicycle_ID_260,bicycle,Berlin (kein Wechsel),False
2026-08-18 14:41:06.670,person_ID_368,person,Berlin (kein Wechsel),False
2026-08-18 14:41:22.836,bicycle_ID_261,bicycle,Berlin (kein Wechsel),False
2026-08-18 14:41:25.337,person_ID_369,person,Berlin->Potsdam,True
2026-08-18 14:41:25.370,bicycle_ID_262,bicycle,Berlin->Potsdam,True
2026-08-18 14:41:27.038,car_ID_370,car,Berlin->Potsdam,True
2026-08-18 14:41:28.101,car_ID_372,car,Potsdam (kein Wechsel),False
2026-08-18 14:41:28.639,car_ID_374,car,Potsdam (kein Wechsel),False
2026-08-18 14:41:29.338,car_ID_373,car,Potsdam->Berlin,True
2026-08-18 14:41:29.969,car_ID_371,car,Berlin->Potsdam,True
2026-08-18 14:41:31.040,bus_ID_37,bus,Berlin (kein Wechsel),False
2026-08-18 14:41:31.837,car_ID_376,car,Berlin (kein Wechsel),False
2026-08-18 14:41:32.970,car_ID_375,car,Potsdam->Berlin,True
2026-08-18 14:41:35.101,bicycle_ID_263,bicycle,Potsdam (kein Wechsel),False
2026-08-18 14:41:35.970,person_ID_370,person,Potsdam (kein Wechsel),False
2026-08-18 14:41:36.805,person_ID_371,person,Potsdam (kein Wechsel),False
2026-08-18 14:41:37.640,person_ID_372,person,Potsdam->Berlin,True
2026-08-18 14:41:37.706,bicycle_ID_265,bicycle,Berlin (kein Wechsel),False
2026-08-18 14:41:38.070,bicycle_ID_264,bicycle,Potsdam->Berlin,True
2026-08-18 14:41:39.637,bicycle_ID_266,bicycle,Berlin (kein Wechsel),False
2026-08-18 14:41:52.271,car_ID_377,car,Berlin->Potsdam,True
2026-08-18 14:42:04.242,car_ID_378,car,Potsdam->Berlin,True
2026-08-18 14:42:08.041,car_ID_379,car,Berlin->Potsdam,True
2026-08-18 14:42:35.373,car_ID_380,car,Berlin->Potsdam,True
2026-08-18 14:42:44.341,car_ID_381,car,Potsdam->Berlin,True
2026-08-18 14:42:44.445,bus_ID_38,bus,Berlin (kein Wechsel),False
2026-08-18 14:42:45.210,car_ID_382,car,Potsdam->Berlin,True
2026-08-18 14:42:51.809,person_ID_373,person,Potsdam (kein Wechsel),False
2026-08-18 14:42:59.643,car_ID_383,car,Potsdam->Berlin,True
2026-08-18 14:43:00.910,bicycle_ID_267,bicycle,Potsdam (kein Wechsel),False
2026-08-18 14:43:03.343,person_ID_374,person,Berlin (kein Wechsel),False
2026-08-18 14:43:03.643,bicycle_ID_268,bicycle,Potsdam->Berlin,True
2026-08-18 14:43:04.643,person_ID_375,person,Berlin (kein Wechsel),False
2026-08-18 14:43:05.673,bicycle_ID_269,bicycle,Berlin (kein Wechsel),False
2026-08-18 14:43:05.974,car_ID_384,car,Berlin->Potsdam,True
2026-08-18 14:43:09.111,car_ID_386,car,Potsdam (kein Wechsel),False
2026-08-18 14:43:10.843,person_ID_376,person,Potsdam (kein Wechsel),False
2026-08-18 14:43:11.074,bus_ID_39,bus,Berlin (kein Wechsel),False
2026-08-18 14:43:11.411,car_ID_385,car,Potsdam->Berlin,True
2026-08-18 14:43:14.073,person_ID_377,person,Potsdam (kein Wechsel),False
2026-08-18 14:43:16.844,person_ID_378,person,Potsdam (kein Wechsel),False
2026-08-18 14:43:17.775,car_ID_387,car,Potsdam->Berlin,True
2026-08-18 14:43:19.773,person_ID_379,person,Potsdam (kein Wechsel),False
2026-08-18 14:43:20.544,car_ID_388,car,Potsdam->Berlin,True
2026-08-18 14:43:22.211,person_ID_380,person,Potsdam (kein Wechsel),False
2026-08-18 14:43:25.375,bicycle_ID_270,bicycle,Berlin->Potsdam,True
2026-08-18 14:43:25.443,person_ID_381,person,Berlin->Potsdam,True
2026-08-18 14:43:27.776,person_ID_382,person,Potsdam (kein Wechsel),False
2026-08-18 14:43:33.912,person_ID_383,person,Potsdam (kein Wechsel),False
2026-08-18 14:43:35.510,person_ID_384,person,Potsdam (kein Wechsel),False
2026-08-18 14:44:05.546,car_ID_389,car,Potsdam->Berlin,True
2026-08-18 14:44:37.985,bicycle_ID_271,bicycle,Berlin (kein Wechsel),False
2026-08-18 14:44:38.753,bicycle_ID_272,bicycle,Berlin->Potsdam,True
2026-08-18 14:44:39.218,person_ID_385,person,Berlin->Potsdam,True
2026-08-18 14:44:39.947,car_ID_390,car,Potsdam->Berlin,True
2026-08-18 14:44:48.584,car_ID_391,car,Potsdam->Berlin,True
2026-08-18 14:45:15.050,bus_ID_40,bus,Potsdam (kein Wechsel),False
2026-08-18 14:45:16.082,bus_ID_41,bus,Potsdam->Berlin,True
2026-08-18 14:45:18.349,bus_ID_42,bus,Potsdam->Berlin,True
2026-08-18 14:45:50.655,car_ID_392,car,Berlin->Potsdam,True
2026-08-18 14:46:14.056,car_ID_393,car,Berlin->Potsdam,True
2026-08-18 14:46:19.689,car_ID_395,car,Potsdam (kein Wechsel),False
2026-08-18 14:46:21.620,car_ID_394,car,Potsdam->Berlin,True
2026-08-18 14:46:31.920,car_ID_396,car,Potsdam->Berlin,True
2026-08-18 14:46:40.657,bicycle_ID_274,bicycle,Potsdam (kein Wechsel),False
2026-08-18 14:46:40.689,bicycle_ID_273,bicycle,Potsdam (kein Wechsel),False
2026-08-18 14:46:41.324,person_ID_386,person,Potsdam (kein Wechsel),False
2026-08-18 14:46:43.622,person_ID_387,person,Berlin (kein Wechsel),False
2026-08-18 14:46:43.821,person_ID_388,person,Berlin (kein Wechsel),False
2026-08-18 14:46:44.257,bicycle_ID_276,bicycle,Berlin (kein Wechsel),False
2026-08-18 14:46:44.757,bicycle_ID_275,bicycle,Potsdam->Berlin,True
2026-08-18 14:46:49.789,person_ID_390,person,Berlin (kein Wechsel),False
2026-08-18 14:46:54.027,person_ID_391,person,Berlin->Potsdam,True
2026-08-18 14:46:54.621,person_ID_389,person,Berlin->Potsdam,True
2026-08-18 14:47:20.593,car_ID_398,car,Berlin->Potsdam,True
2026-08-18 14:47:21.227,car_ID_397,car,Potsdam->Berlin,True
2026-08-18 14:47:27.924,car_ID_399,car,Berlin->Potsdam,True
2026-08-18 14:47:39.893,bicycle_ID_277,bicycle,Berlin (kein Wechsel),False
2026-08-18 14:47:39.960,person_ID_392,person,Berlin->Potsdam,True
2026-08-18 14:47:42.760,bicycle_ID_278,bicycle,Potsdam (kein Wechsel),False
2026-08-18 14:47:48.860,person_ID_393,person,Berlin (kein Wechsel),False
2026-08-18 14:47:50.530,person_ID_394,person,Berlin (kein Wechsel),False
2026-08-18 14:48:16.629,car_ID_400,car,Berlin->Potsdam,True
2026-08-18 14:48:28.897,car_ID_401,car,Potsdam->Berlin,True
2026-08-18 14:48:57.965,person_ID_395,person,Berlin->Potsdam,True
2026-08-18 14:48:57.996,bicycle_ID_279,bicycle,Berlin->Potsdam,True
2026-08-18 14:49:12.532,bicycle_ID_280,bicycle,Berlin->Potsdam,True
2026-08-18 14:49:12.566,person_ID_396,person,Berlin->Potsdam,True
2026-08-18 14:49:44.766,car_ID_402,car,Potsdam (kein Wechsel),False
2026-08-18 14:49:46.734,car_ID_403,car,Potsdam->Berlin,True
2026-08-18 14:49:48.635,person_ID_397,person,Berlin (kein Wechsel),False
2026-08-18 14:49:49.206,person_ID_398,person,Berlin (kein Wechsel),False
2026-08-18 14:49:49.702,bicycle_ID_281,bicycle,Berlin->Potsdam,True
2026-08-18 14:49:56.936,person_ID_399,person,Potsdam (kein Wechsel),False
2026-08-18 14:50:00.406,person_ID_400,person,Potsdam (kein Wechsel),False
2026-08-18 14:50:03.002,person_ID_401,person,Potsdam->Berlin,True
2026-08-18 14:50:08.671,bicycle_ID_282,bicycle,Potsdam (kein Wechsel),False
2026-08-18 14:50:08.704,person_ID_402,person,Berlin (kein Wechsel),False
2026-08-18 14:50:12.935,person_ID_403,person,Berlin (kein Wechsel),False
2026-08-18 14:50:13.905,person_ID_404,person,Berlin (kein Wechsel),False
2026-08-18 14:50:19.904,person_ID_405,person,Berlin (kein Wechsel),False
2026-08-18 14:50:34.471,bus_ID_43,bus,Potsdam (kein Wechsel),False
2026-08-18 14:50:34.936,car_ID_405,car,Potsdam (kein Wechsel),False
2026-08-18 14:50:36.538,bus_ID_44,bus,Berlin (kein Wechsel),False
2026-08-18 14:50:36.768,car_ID_406,car,Berlin (kein Wechsel),False
2026-08-18 14:50:37.005,car_ID_404,car,Potsdam->Berlin,True
2026-08-18 14:50:54.642,car_ID_408,car,Potsdam->Berlin,True
2026-08-18 14:50:54.806,car_ID_407,car,Potsdam->Berlin,True
2026-08-18 14:50:56.106,bus_ID_45,bus,Berlin (kein Wechsel),False
2026-08-18 14:50:56.539,car_ID_409,car,Berlin (kein Wechsel),False
2026-08-18 14:51:36.708,person_ID_407,person,Berlin (kein Wechsel),False
2026-08-18 14:51:37.809,person_ID_406,person,Berlin->Potsdam,True
2026-08-18 14:51:38.177,person_ID_408,person,Berlin (kein Wechsel),False
2026-08-18 14:52:09.542,bicycle_ID_283,bicycle,Berlin (kein Wechsel),False
2026-08-18 14:52:10.343,person_ID_409,person,Berlin (kein Wechsel),False
2026-08-18 14:52:17.977,person_ID_410,person,Berlin (kein Wechsel),False
2026-08-18 14:52:18.077,bicycle_ID_284,bicycle,Berlin (kein Wechsel),False
2026-08-18 14:52:18.710,bicycle_ID_286,bicycle,Berlin (kein Wechsel),False
2026-08-18 14:52:18.879,bicycle_ID_285,bicycle,Berlin (kein Wechsel),False
2026-08-18 14:52:27.411,car_ID_410,car,Berlin (kein Wechsel),False
2026-08-18 14:52:30.912,person_ID_411,person,Potsdam (kein Wechsel),False
2026-08-18 14:52:31.913,person_ID_412,person,Berlin->Potsdam,True
2026-08-18 14:52:32.379,bicycle_ID_287,bicycle,Berlin->Potsdam,True
2026-08-18 14:52:33.341,person_ID_413,person,Potsdam (kein Wechsel),False
2026-08-18 14:52:36.743,person_ID_414,person,Berlin (kein Wechsel),False
2026-08-18 14:52:36.777,person_ID_415,person,Potsdam (kein Wechsel),False
2026-08-18 14:52:39.480,person_ID_416,person,Berlin (kein Wechsel),False
2026-08-18 14:52:39.611,person_ID_417,person,Berlin (kein Wechsel),False
2026-08-18 14:52:40.482,person_ID_419,person,Berlin (kein Wechsel),False
2026-08-18 14:52:40.944,person_ID_418,person,Berlin (kein Wechsel),False
2026-08-18 14:52:41.178,person_ID_420,person,Berlin (kein Wechsel),False
2026-08-18 14:52:44.612,bicycle_ID_288,bicycle,Potsdam (kein Wechsel),False
2026-08-18 14:52:44.911,person_ID_421,person,Potsdam (kein Wechsel),False
2026-08-18 14:52:46.943,car_ID_411,car,Berlin (kein Wechsel),False
2026-08-18 14:52:48.546,bicycle_ID_289,bicycle,Potsdam (kein Wechsel),False
2026-08-18 14:52:48.980,person_ID_422,person,Potsdam (kein Wechsel),False
2026-08-18 14:52:50.243,person_ID_423,person,Potsdam (kein Wechsel),False
2026-08-18 14:52:50.742,car_ID_412,car,Berlin->Potsdam,True
2026-08-18 14:52:51.582,person_ID_425,person,Berlin (kein Wechsel),False
2026-08-18 14:52:51.945,person_ID_426,person,Berlin (kein Wechsel),False
2026-08-18 14:52:52.412,person_ID_427,person,Berlin (kein Wechsel),False
2026-08-18 14:52:52.647,person_ID_424,person,Berlin->Potsdam,True
2026-08-18 14:52:52.912,bicycle_ID_291,bicycle,Berlin (kein Wechsel),False
2026-08-18 14:52:53.013,bicycle_ID_290,bicycle,Berlin->Potsdam,True
2026-08-18 14:52:54.411,person_ID_428,person,Berlin (kein Wechsel),False
2026-08-18 14:53:22.982,bicycle_ID_292,bicycle,Berlin (kein Wechsel),False
2026-08-18 14:53:25.011,person_ID_429,person,Berlin->Potsdam,True
2026-08-18 14:53:25.011,bicycle_ID_293,bicycle,Berlin->Potsdam,True
2026-08-18 14:53:25.549,bicycle_ID_294,bicycle,Potsdam (kein Wechsel),False
2026-08-18 14:53:27.582,car_ID_413,car,Potsdam->Berlin,True
2026-08-18 14:53:34.180,person_ID_430,person,Potsdam (kein Wechsel),False
2026-08-18 14:53:35.716,bicycle_ID_295,bicycle,Potsdam (kein Wechsel),False
2026-08-18 14:53:36.414,person_ID_431,person,Berlin (kein Wechsel),False
2026-08-18 14:53:38.082,person_ID_432,person,Berlin (kein Wechsel),False
2026-08-18 14:53:42.615,bicycle_ID_296,bicycle,Berlin (kein Wechsel),False
2026-08-18 14:53:42.882,bicycle_ID_297,bicycle,Berlin->Potsdam,True
2026-08-18 14:53:43.483,person_ID_433,person,Berlin->Potsdam,True
2026-08-18 14:53:48.215,car_ID_414,car,Berlin->Potsdam,True
2026-08-18 14:54:21.016,person_ID_434,person,Berlin (kein Wechsel),False
2026-08-18 14:54:22.113,bicycle_ID_298,bicycle,Berlin->Potsdam,True
2026-08-18 14:54:33.518,person_ID_436,person,Berlin->Potsdam,True
2026-08-18 14:54:33.684,person_ID_435,person,Berlin (kein Wechsel),False
2026-08-18 14:54:38.753,person_ID_437,person,Berlin (kein Wechsel),False
2026-08-18 14:54:39.715,person_ID_438,person,Berlin (kein Wechsel),False
2026-08-18 14:54:44.454,person_ID_439,person,Berlin (kein Wechsel),False
2026-08-18 14:54:49.754,person_ID_440,person,Potsdam (kein Wechsel),False
2026-08-18 14:54:51.921,person_ID_441,person,Potsdam (kein Wechsel),False
2026-08-18 14:54:55.522,person_ID_442,person,Potsdam (kein Wechsel),False
2026-08-18 14:55:00.187,person_ID_443,person,Potsdam (kein Wechsel),False
2026-08-18 14:55:03.621,person_ID_444,person,Potsdam (kein Wechsel),False
2026-08-18 14:55:08.554,person_ID_445,person,Potsdam->Berlin,True
2026-08-18 14:55:13.154,car_ID_415,car,Potsdam->Berlin,True
2026-08-18 14:55:13.855,car_ID_416,car,Berlin->Potsdam,True
2026-08-18 14:55:19.987,car_ID_417,car,Berlin->Potsdam,True
2026-08-18 14:55:21.322,bicycle_ID_299,bicycle,Potsdam (kein Wechsel),False
2026-08-18 14:55:22.153,bicycle_ID_300,bicycle,Potsdam (kein Wechsel),False
2026-08-18 14:55:22.226,person_ID_446,person,Potsdam (kein Wechsel),False
2026-08-18 14:55:25.255,bicycle_ID_301,bicycle,Potsdam->Berlin,True
2026-08-18 14:55:27.356,bicycle_ID_302,bicycle,Berlin (kein Wechsel),False
2026-08-18 14:55:28.688,bicycle_ID_303,bicycle,Berlin (kein Wechsel),False
2026-08-18 14:55:45.594,car_ID_418,car,Potsdam->Berlin,True
2026-08-18 14:56:18.725,car_ID_419,car,Berlin->Potsdam,True
2026-08-18 14:56:33.926,car_ID_420,car,Potsdam (kein Wechsel),False
2026-08-18 14:56:35.658,car_ID_421,car,Potsdam->Berlin,True
2026-08-18 14:57:00.829,bicycle_ID_305,bicycle,Berlin (kein Wechsel),False
2026-08-18 14:57:01.463,person_ID_447,person,Berlin->Potsdam,True
2026-08-18 14:57:01.463,bicycle_ID_304,bicycle,Berlin->Potsdam,True
2026-08-18 14:57:05.258,person_ID_449,person,Berlin (kein Wechsel),False
2026-08-18 14:57:06.128,car_ID_423,car,Berlin (kein Wechsel),False
2026-08-18 14:57:06.660,bicycle_ID_306,bicycle,Berlin (kein Wechsel),False
2026-08-18 14:57:07.296,person_ID_448,person,Berlin->Potsdam,True
2026-08-18 14:57:07.360,car_ID_422,car,Potsdam->Berlin,True
2026-08-18 14:57:59.560,car_ID_424,car,Berlin->Potsdam,True
2026-08-18 14:58:06.062,bicycle_ID_307,bicycle,Berlin (kein Wechsel),False
2026-08-18 14:58:06.229,bicycle_ID_309,bicycle,Berlin->Potsdam,True
2026-08-18 14:58:06.333,person_ID_450,person,Berlin->Potsdam,True
2026-08-18 14:58:06.529,bicycle_ID_308,bicycle,Berlin (kein Wechsel),False
2026-08-18 14:58:06.632,bicycle_ID_310,bicycle,Berlin->Potsdam,True
2026-08-18 14:58:07.000,person_ID_452,person,Potsdam (kein Wechsel),False
2026-08-18 14:58:07.129,person_ID_451,person,Berlin->Potsdam,True
2026-08-18 14:58:37.001,car_ID_425,car,Potsdam->Berlin,True
2026-08-18 14:58:46.468,car_ID_426,car,Berlin->Potsdam,True
2026-08-18 14:58:56.135,bicycle_ID_311,bicycle,Potsdam->Berlin,True
2026-08-18 14:58:59.538,person_ID_453,person,Berlin (kein Wechsel),False
2026-08-18 14:59:07.002,person_ID_454,person,Berlin->Potsdam,True
2026-08-18 14:59:07.467,bicycle_ID_312,bicycle,Berlin->Potsdam,True
2026-08-18 14:59:24.002,bicycle_ID_314,bicycle,Potsdam (kein Wechsel),False
2026-08-18 14:59:24.269,bicycle_ID_313,bicycle,Potsdam (kein Wechsel),False
2026-08-18 14:59:26.570,bicycle_ID_315,bicycle,Potsdam->Berlin,True
2026-08-18 14:59:29.036,person_ID_455,person,Potsdam->Berlin,True
2026-08-18 14:59:37.305,car_ID_427,car,Berlin->Potsdam,True
2026-08-18 14:59:59.840,person_ID_456,person,Berlin->Potsdam,True
2026-08-18 15:00:04.507,car_ID_428,car,Berlin->Potsdam,True
2026-08-18 15:00:15.841,bicycle_ID_317,bicycle,Potsdam (kein Wechsel),False
2026-08-18 15:00:15.940,car_ID_429,car,Berlin->Potsdam,True
2026-08-18 15:00:16.741,person_ID_457,person,Potsdam (kein Wechsel),False
2026-08-18 15:00:16.741,bicycle_ID_316,bicycle,Potsdam (kein Wechsel),False
2026-08-18 15:00:18.073,car_ID_431,car,Potsdam (kein Wechsel),False
2026-08-18 15:00:18.606,bicycle_ID_318,bicycle,Potsdam->Berlin,True
2026-08-18 15:00:19.374,bicycle_ID_319,bicycle,Berlin->Potsdam,True
2026-08-18 15:00:19.908,person_ID_458,person,Berlin->Potsdam,True
2026-08-18 15:00:20.303,person_ID_459,person,Berlin (kein Wechsel),False
2026-08-18 15:00:21.272,car_ID_430,car,Potsdam->Berlin,True
2026-08-18 15:00:32.375,car_ID_432,car,Berlin->Potsdam,True
2026-08-18 15:00:49.408,car_ID_433,car,Berlin->Potsdam,True
2026-08-18 15:01:09.611,person_ID_460,person,Potsdam (kein Wechsel),False
2026-08-18 15:01:09.676,bicycle_ID_320,bicycle,Potsdam (kein Wechsel),False
2026-08-18 15:01:11.576,bicycle_ID_322,bicycle,Potsdam->Berlin,True
2026-08-18 15:01:11.876,bicycle_ID_321,bicycle,Potsdam->Berlin,True
2026-08-18 15:01:13.244,car_ID_434,car,Berlin->Potsdam,True
2026-08-18 15:01:13.277,person_ID_461,person,Potsdam->Berlin,True
2026-08-18 15:01:13.345,bicycle_ID_323,bicycle,Berlin (kein Wechsel),False
2026-08-18 15:01:13.477,bicycle_ID_324,bicycle,Berlin (kein Wechsel),False
2026-08-18 15:01:13.744,person_ID_462,person,Berlin (kein Wechsel),False
2026-08-18 15:01:16.744,person_ID_463,person,Potsdam (kein Wechsel),False
2026-08-18 15:01:16.743,bicycle_ID_325,bicycle,Potsdam (kein Wechsel),False
2026-08-18 15:01:17.674,bicycle_ID_326,bicycle,Potsdam (kein Wechsel),False
2026-08-18 15:01:17.745,bicycle_ID_327,bicycle,Potsdam (kein Wechsel),False
2026-08-18 15:01:19.607,bicycle_ID_328,bicycle,Berlin (kein Wechsel),False
2026-08-18 15:01:19.977,bicycle_ID_329,bicycle,Berlin (kein Wechsel),False
2026-08-18 15:01:20.576,car_ID_435,car,Potsdam->Berlin,True
2026-08-18 15:01:22.046,bicycle_ID_330,bicycle,Berlin (kein Wechsel),False
2026-08-18 15:01:22.844,person_ID_464,person,Potsdam->Berlin,True
2026-08-18 15:01:25.943,car_ID_436,car,Potsdam->Berlin,True
2026-08-18 15:01:27.344,bicycle_ID_331,bicycle,Potsdam (kein Wechsel),False
2026-08-18 15:01:28.446,person_ID_465,person,Potsdam (kein Wechsel),False
2026-08-18 15:01:29.177,car_ID_437,car,Berlin->Potsdam,True
2026-08-18 15:01:29.280,car_ID_438,car,Potsdam (kein Wechsel),False
2026-08-18 15:01:30.409,person_ID_466,person,Potsdam->Berlin,True
2026-08-18 15:01:30.646,person_ID_467,person,Berlin (kein Wechsel),False
2026-08-18 15:01:30.811,bicycle_ID_332,bicycle,Potsdam->Berlin,True
2026-08-18 15:01:31.545,person_ID_468,person,Berlin (kein Wechsel),False
2026-08-18 15:01:32.208,bicycle_ID_333,bicycle,Berlin (kein Wechsel),False
2026-08-18 15:01:32.307,person_ID_469,person,Berlin (kein Wechsel),False
2026-08-18 15:01:42.912,car_ID_439,car,Berlin->Potsdam,True
2026-08-18 15:01:43.813,car_ID_440,car,Potsdam (kein Wechsel),False
2026-08-18 15:02:45.748,car_ID_441,car,Potsdam->Berlin,True
2026-08-18 15:02:49.915,car_ID_442,car,Potsdam->Berlin,True
2026-08-18 15:02:55.880,car_ID_443,car,Berlin->Potsdam,True
2026-08-18 15:03:10.981,car_ID_445,car,Berlin (kein Wechsel),False
2026-08-18 15:03:12.250,car_ID_444,car,Berlin->Potsdam,True
2026-08-18 15:03:16.850,bicycle_ID_334,bicycle,Berlin (kein Wechsel),False
2026-08-18 15:03:18.153,person_ID_470,person,Berlin->Potsdam,True
2026-08-18 15:03:19.117,car_ID_446,car,Berlin->Potsdam,True
2026-08-18 15:03:21.718,car_ID_447,car,Berlin->Potsdam,True
2026-08-18 15:03:24.787,car_ID_448,car,Potsdam (kein Wechsel),False
2026-08-18 15:03:27.148,car_ID_449,car,Potsdam->Berlin,True
2026-08-18 15:03:36.386,bicycle_ID_336,bicycle,Berlin (kein Wechsel),False
2026-08-18 15:03:37.356,person_ID_471,person,Berlin->Potsdam,True
2026-08-18 15:03:37.387,bicycle_ID_335,bicycle,Berlin->Potsdam,True
2026-08-18 15:03:46.719,car_ID_450,car,Berlin->Potsdam,True
2026-08-18 15:03:57.654,person_ID_472,person,Potsdam (kein Wechsel),False
2026-08-18 15:04:02.455,person_ID_473,person,Berlin (kein Wechsel),False
2026-08-18 15:04:10.789,bicycle_ID_338,bicycle,Berlin (kein Wechsel),False
2026-08-18 15:04:11.588,bicycle_ID_337,bicycle,Berlin->Potsdam,True
2026-08-18 15:04:11.621,person_ID_474,person,Berlin->Potsdam,True
2026-08-18 15:04:12.488,car_ID_451,car,Potsdam->Berlin,True
2026-08-18 15:04:16.222,car_ID_452,car,Berlin->Potsdam,True
2026-08-18 15:04:33.191,person_ID_475,person,Berlin (kein Wechsel),False
2026-08-18 15:04:33.192,bicycle_ID_339,bicycle,Berlin (kein Wechsel),False
2026-08-18 15:04:34.390,person_ID_476,person,Berlin->Potsdam,True
2026-08-18 15:04:40.590,bicycle_ID_340,bicycle,Berlin->Potsdam,True
2026-08-18 15:04:40.724,person_ID_477,person,Berlin->Potsdam,True
2026-08-18 15:04:40.724,bicycle_ID_341,bicycle,Potsdam (kein Wechsel),False
2026-08-18 15:05:08.161,car_ID_453,car,Potsdam (kein Wechsel),False
2026-08-18 15:05:11.092,car_ID_454,car,Potsdam->Berlin,True
2026-08-18 15:05:13.926,car_ID_455,car,Berlin->Potsdam,True
2026-08-18 15:05:15.893,bicycle_ID_343,bicycle,Berlin (kein Wechsel),False
2026-08-18 15:05:16.560,bicycle_ID_342,bicycle,Berlin (kein Wechsel),False
2026-08-18 15:05:17.125,person_ID_478,person,Berlin->Potsdam,True
2026-08-18 15:05:17.125,bicycle_ID_344,bicycle,Berlin->Potsdam,True
2026-08-18 15:05:18.892,car_ID_456,car,Potsdam->Berlin,True
2026-08-18 15:05:49.760,car_ID_457,car,Berlin->Potsdam,True
2026-08-18 15:05:50.361,bicycle_ID_345,bicycle,Berlin (kein Wechsel),False
2026-08-18 15:05:50.394,person_ID_479,person,Berlin (kein Wechsel),False
2026-08-18 15:05:51.726,bicycle_ID_347,bicycle,Berlin (kein Wechsel),False
2026-08-18 15:05:51.794,bicycle_ID_346,bicycle,Berlin->Potsdam,True
2026-08-18 15:05:51.825,person_ID_480,person,Berlin->Potsdam,True
2026-08-18 15:06:00.195,bus_ID_46,bus,Potsdam (kein Wechsel),False
2026-08-18 15:06:02.029,bus_ID_48,bus,Berlin (kein Wechsel),False
2026-08-18 15:06:03.662,bus_ID_47,bus,Potsdam->Berlin,True
2026-08-18 15:06:12.294,car_ID_458,car,Potsdam->Berlin,True
2026-08-18 15:06:54.734,car_ID_459,car,Potsdam (kein Wechsel),False
2026-08-18 15:07:15.666,person_ID_481,person,Potsdam (kein Wechsel),False
2026-08-18 15:07:17.235,person_ID_482,person,Potsdam->Berlin,True
2026-08-18 15:07:17.235,bicycle_ID_348,bicycle,Potsdam->Berlin,True
2026-08-18 15:07:18.432,person_ID_483,person,Berlin (kein Wechsel),False
2026-08-18 15:07:29.735,car_ID_460,car,Berlin->Potsdam,True
2026-08-18 15:07:32.797,bicycle_ID_349,bicycle,Potsdam (kein Wechsel),False
2026-08-18 15:07:34.067,person_ID_484,person,Potsdam (kein Wechsel),False
2026-08-18 15:07:34.866,bicycle_ID_350,bicycle,Potsdam (kein Wechsel),False
2026-08-18 15:07:35.135,person_ID_487,person,Potsdam->Berlin,True
2026-08-18 15:07:35.235,person_ID_488,person,Berlin (kein Wechsel),False
2026-08-18 15:07:35.335,bicycle_ID_352,bicycle,Potsdam->Berlin,True
2026-08-18 15:07:36.240,person_ID_489,person,Berlin (kein Wechsel),False
2026-08-18 15:07:37.032,person_ID_485,person,Potsdam (kein Wechsel),False
2026-08-18 15:07:37.134,person_ID_486,person,Berlin->Potsdam,True
2026-08-18 15:07:37.134,bicycle_ID_351,bicycle,Berlin->Potsdam,True
2026-08-18 15:07:37.302,person_ID_490,person,Potsdam (kein Wechsel),False
2026-08-18 15:07:37.735,person_ID_491,person,Potsdam (kein Wechsel),False
2026-08-18 15:07:38.202,person_ID_492,person,Potsdam (kein Wechsel),False
2026-08-18 15:07:38.833,car_ID_461,car,Berlin->Potsdam,True
2026-08-18 15:07:39.966,person_ID_493,person,Berlin (kein Wechsel),False
2026-08-18 15:07:41.033,bicycle_ID_353,bicycle,Potsdam (kein Wechsel),False
2026-08-18 15:07:41.535,person_ID_495,person,Potsdam (kein Wechsel),False
2026-08-18 15:07:42.036,person_ID_494,person,Berlin (kein Wechsel),False
2026-08-18 15:07:42.267,car_ID_462,car,Berlin->Potsdam,True
2026-08-18 15:07:43.100,bicycle_ID_354,bicycle,Potsdam (kein Wechsel),False
2026-08-18 15:07:43.498,bicycle_ID_355,bicycle,Potsdam (kein Wechsel),False
2026-08-18 15:07:46.438,person_ID_496,person,Berlin (kein Wechsel),False
2026-08-18 15:07:46.866,car_ID_463,car,Potsdam->Berlin,True
2026-08-18 15:07:47.367,person_ID_497,person,Potsdam (kein Wechsel),False
2026-08-18 15:07:51.037,person_ID_498,person,Berlin (kein Wechsel),False
2026-08-18 15:07:53.998,person_ID_499,person,Berlin (kein Wechsel),False
2026-08-18 15:07:57.100,person_ID_500,person,Berlin (kein Wechsel),False
2026-08-18 15:08:02.167,person_ID_501,person,Berlin (kein Wechsel),False
2026-08-18 15:09:11.838,car_ID_464,car,Berlin->Potsdam,True
2026-08-18 15:09:14.839,car_ID_465,car,Potsdam->Berlin,True
2026-08-18 15:09:17.207,car_ID_466,car,Potsdam->Berlin,True
2026-08-18 15:09:20.207,car_ID_467,car,Potsdam->Berlin,True
2026-08-18 15:09:20.774,car_ID_468,car,Berlin->Potsdam,True
2026-08-18 15:09:22.606,car_ID_469,car,Berlin->Potsdam,True
2026-08-18 15:09:37.807,car_ID_470,car,Berlin->Potsdam,True
2026-08-18 15:09:40.306,bicycle_ID_357,bicycle,Berlin (kein Wechsel),False
2026-08-18 15:09:40.771,car_ID_471,car,Potsdam->Berlin,True
2026-08-18 15:09:40.909,person_ID_503,person,Berlin (kein Wechsel),False
2026-08-18 15:09:41.043,bicycle_ID_356,bicycle,Berlin (kein Wechsel),False
2026-08-18 15:09:41.141,person_ID_502,person,Berlin (kein Wechsel),False
2026-08-18 15:09:41.141,person_ID_504,person,Berlin->Potsdam,True
2026-08-18 15:09:41.673,bicycle_ID_358,bicycle,Potsdam (kein Wechsel),False
2026-08-18 15:09:41.706,car_ID_472,car,Potsdam (kein Wechsel),False
2026-08-18 15:09:43.370,car_ID_473,car,Berlin (kein Wechsel),False
2026-08-18 15:10:02.409,person_ID_505,person,Berlin (kein Wechsel),False
2026-08-18 15:10:03.110,person_ID_506,person,Berlin (kein Wechsel),False
2026-08-18 15:10:11.410,bicycle_ID_360,bicycle,Berlin (kein Wechsel),False
2026-08-18 15:10:11.610,bicycle_ID_359,bicycle,Berlin->Potsdam,True
2026-08-18 15:10:11.642,person_ID_507,person,Berlin->Potsdam,True
2026-08-18 15:10:31.277,person_ID_508,person,Berlin (kein Wechsel),False
2026-08-18 15:10:31.710,bicycle_ID_361,bicycle,Berlin (kein Wechsel),False
2026-08-18 15:10:42.444,car_ID_475,car,Potsdam->Berlin,True
2026-08-18 15:10:42.512,car_ID_474,car,Potsdam->Berlin,True
2026-08-18 15:10:42.843,car_ID_476,car,Potsdam (kein Wechsel),False
2026-08-18 15:10:45.443,car_ID_477,car,Berlin (kein Wechsel),False
2026-08-18 15:10:47.346,car_ID_478,car,Potsdam->Berlin,True
2026-08-18 15:10:50.912,person_ID_509,person,Potsdam (kein Wechsel),False
2026-08-18 15:10:52.613,car_ID_479,car,Berlin->Potsdam,True
2026-08-18 15:11:06.343,car_ID_481,car,Berlin (kein Wechsel),False
2026-08-18 15:11:07.047,car_ID_480,car,Potsdam->Berlin,True
2026-08-18 15:11:07.313,person_ID_510,person,Berlin (kein Wechsel),False
2026-08-18 15:11:12.412,person_ID_511,person,Berlin (kein Wechsel),False
2026-08-18 15:11:15.380,person_ID_512,person,Berlin (kein Wechsel),False
2026-08-18 15:11:22.016,person_ID_513,person,Berlin (kein Wechsel),False
2026-08-18 15:11:22.017,bicycle_ID_362,bicycle,Berlin (kein Wechsel),False
2026-08-18 15:11:22.911,bicycle_ID_363,bicycle,Berlin (kein Wechsel),False
2026-08-18 15:11:23.049,person_ID_514,person,Berlin (kein Wechsel),False
2026-08-18 15:11:23.218,person_ID_515,person,Berlin (kein Wechsel),False
2026-08-18 15:11:25.613,car_ID_483,car,Berlin (kein Wechsel),False
2026-08-18 15:11:26.015,car_ID_482,car,Potsdam->Berlin,True
2026-08-18 15:11:26.481,person_ID_516,person,Potsdam (kein Wechsel),False
2026-08-18 15:11:26.981,car_ID_484,car,Berlin (kein Wechsel),False
2026-08-18 15:11:28.713,person_ID_517,person,Potsdam (kein Wechsel),False
2026-08-18 15:11:33.448,person_ID_518,person,Potsdam (kein Wechsel),False
2026-08-18 15:11:38.247,person_ID_519,person,Potsdam (kein Wechsel),False
2026-08-18 15:11:38.781,person_ID_520,person,Potsdam (kein Wechsel),False
2026-08-18 15:11:52.849,car_ID_485,car,Berlin (kein Wechsel),False
2026-08-18 15:11:53.613,bus_ID_50,bus,Berlin->Potsdam,True
2026-08-18 15:11:54.014,bus_ID_49,bus,Berlin->Potsdam,True
2026-08-18 15:11:59.551,car_ID_486,car,Potsdam->Berlin,True
2026-08-18 15:12:15.514,car_ID_487,car,Potsdam->Berlin,True
2026-08-18 15:12:57.817,person_ID_521,person,Potsdam (kein Wechsel),False
2026-08-18 15:13:01.153,person_ID_522,person,Berlin (kein Wechsel),False
2026-08-18 15:13:01.818,person_ID_523,person,Berlin (kein Wechsel),False
2026-08-18 15:13:03.622,car_ID_488,car,Berlin->Potsdam,True
2026-08-18 15:13:13.320,person_ID_524,person,Berlin (kein Wechsel),False
2026-08-18 15:13:17.419,person_ID_525,person,Berlin (kein Wechsel),False
2026-08-18 15:13:18.587,person_ID_526,person,Berlin (kein Wechsel),False
2026-08-18 15:13:23.887,person_ID_528,person,Potsdam (kein Wechsel),False
2026-08-18 15:13:24.455,person_ID_527,person,Berlin->Potsdam,True
2026-08-18 15:13:24.789,bicycle_ID_364,bicycle,Potsdam (kein Wechsel),False
2026-08-18 15:13:25.056,person_ID_529,person,Potsdam (kein Wechsel),False
2026-08-18 15:13:25.419,bicycle_ID_365,bicycle,Potsdam (kein Wechsel),False
2026-08-18 15:13:26.155,bicycle_ID_366,bicycle,Berlin (kein Wechsel),False
2026-08-18 15:13:27.119,bicycle_ID_367,bicycle,Berlin (kein Wechsel),False
2026-08-18 15:13:29.220,person_ID_530,person,Potsdam (kein Wechsel),False
2026-08-18 15:13:34.591,person_ID_531,person,Potsdam (kein Wechsel),False
2026-08-18 15:13:36.688,person_ID_532,person,Potsdam (kein Wechsel),False
2026-08-18 15:13:47.257,person_ID_534,person,Potsdam (kein Wechsel),False
2026-08-18 15:13:47.691,person_ID_533,person,Potsdam (kein Wechsel),False
2026-08-18 15:13:51.491,bicycle_ID_369,bicycle,Berlin (kein Wechsel),False
2026-08-18 15:13:51.625,bicycle_ID_368,bicycle,Berlin->Potsdam,True
2026-08-18 15:13:52.092,person_ID_535,person,Berlin->Potsdam,True
2026-08-18 15:13:52.559,person_ID_536,person,Berlin (kein Wechsel),False
2026-08-18 15:13:52.856,person_ID_537,person,Berlin (kein Wechsel),False
2026-08-18 15:13:53.887,person_ID_538,person,Berlin (kein Wechsel),False
2026-08-18 15:13:54.488,person_ID_539,person,Berlin (kein Wechsel),False
2026-08-18 15:14:00.927,car_ID_489,car,Potsdam (kein Wechsel),False
2026-08-18 15:14:01.759,bicycle_ID_371,bicycle,Berlin (kein Wechsel),False
2026-08-18 15:14:01.927,bicycle_ID_370,bicycle,Berlin (kein Wechsel),False
2026-08-18 15:14:02.458,person_ID_540,person,Berlin->Potsdam,True
2026-08-18 15:14:03.359,car_ID_490,car,Potsdam->Berlin,True
2026-08-18 15:14:17.258,person_ID_541,person,Potsdam (kein Wechsel),False
2026-08-18 15:14:17.825,bicycle_ID_372,bicycle,Potsdam (kein Wechsel),False
2026-08-18 15:14:21.258,car_ID_492,car,Potsdam (kein Wechsel),False
2026-08-18 15:14:25.689,car_ID_491,car,Potsdam->Berlin,True
2026-08-18 15:14:27.288,car_ID_494,car,Potsdam (kein Wechsel),False
2026-08-18 15:14:27.459,person_ID_542,person,Berlin (kein Wechsel),False
2026-08-18 15:14:28.429,car_ID_493,car,Potsdam->Berlin,True
2026-08-18 15:14:28.528,person_ID_543,person,Berlin (kein Wechsel),False
2026-08-18 15:14:31.291,person_ID_544,person,Berlin (kein Wechsel),False
2026-08-18 15:14:31.826,car_ID_495,car,Potsdam->Berlin,True
2026-08-18 15:14:32.659,bicycle_ID_374,bicycle,Berlin (kein Wechsel),False
2026-08-18 15:14:32.959,person_ID_546,person,Berlin (kein Wechsel),False
2026-08-18 15:14:33.459,person_ID_545,person,Berlin->Potsdam,True
2026-08-18 15:14:33.459,person_ID_547,person,Berlin (kein Wechsel),False
2026-08-18 15:14:33.959,bicycle_ID_373,bicycle,Berlin->Potsdam,True
2026-08-18 15:14:35.527,car_ID_497,car,Berlin (kein Wechsel),False
2026-08-18 15:14:36.594,car_ID_496,car,Berlin->Potsdam,True
2026-08-18 15:14:36.858,person_ID_548,person,Berlin (kein Wechsel),False
2026-08-18 15:14:36.959,bicycle_ID_375,bicycle,Berlin (kein Wechsel),False
2026-08-18 15:14:37.526,bicycle_ID_376,bicycle,Berlin (kein Wechsel),False
2026-08-18 15:14:37.961,person_ID_550,person,Berlin (kein Wechsel),False
2026-08-18 15:14:38.227,person_ID_549,person,Berlin->Potsdam,True
2026-08-18 15:14:49.290,person_ID_551,person,Potsdam (kein Wechsel),False
2026-08-18 15:14:53.027,person_ID_552,person,Berlin (kein Wechsel),False
2026-08-18 15:14:53.790,person_ID_553,person,Berlin (kein Wechsel),False
2026-08-18 15:14:54.829,person_ID_554,person,Berlin (kein Wechsel),False
2026-08-18 15:15:18.158,car_ID_498,car,Potsdam->Berlin,True
2026-08-18 15:15:22.528,person_ID_555,person,Potsdam (kein Wechsel),False
2026-08-18 15:15:38.461,car_ID_499,car,Potsdam (kein Wechsel),False
2026-08-18 15:15:41.230,car_ID_500,car,Potsdam->Berlin,True
2026-08-18 15:15:43.429,car_ID_501,car,Potsdam (kein Wechsel),False
2026-08-18 15:15:44.329,person_ID_556,person,Potsdam (kein Wechsel),False
2026-08-18 15:15:46.430,car_ID_502,car,Potsdam->Berlin,True
2026-08-18 15:15:50.867,person_ID_557,person,Potsdam (kein Wechsel),False
2026-08-18 15:15:58.431,bicycle_ID_377,bicycle,Potsdam (kein Wechsel),False
2026-08-18 15:16:02.431,bicycle_ID_378,bicycle,Berlin (kein Wechsel),False
2026-08-18 15:16:02.931,person_ID_558,person,Berlin (kein Wechsel),False
2026-08-18 15:16:03.599,bicycle_ID_379,bicycle,Potsdam (kein Wechsel),False
2026-08-18 15:16:13.365,car_ID_503,car,Berlin (kein Wechsel),False
2026-08-18 15:16:13.700,car_ID_504,car,Berlin (kein Wechsel),False
2026-08-18 15:16:16.098,car_ID_505,car,Potsdam (kein Wechsel),False
2026-08-18 15:16:18.063,car_ID_506,car,Berlin->Potsdam,True
2026-08-18 15:16:29.135,car_ID_507,car,Berlin->Potsdam,True
2026-08-18 15:16:36.102,person_ID_559,person,Potsdam (kein Wechsel),False
2026-08-18 15:16:37.299,car_ID_508,car,Potsdam (kein Wechsel),False
2026-08-18 15:16:39.506,person_ID_560,person,Berlin (kein Wechsel),False
2026-08-18 15:16:40.202,person_ID_561,person,Berlin (kein Wechsel),False
2026-08-18 15:16:42.162,car_ID_509,car,Potsdam (kein Wechsel),False
2026-08-18 15:16:45.268,car_ID_510,car,Potsdam->Berlin,True
2026-08-18 15:16:48.602,car_ID_511,car,Berlin->Potsdam,True
2026-08-18 15:17:06.371,car_ID_512,car,Potsdam->Berlin,True
2026-08-18 15:17:26.735,car_ID_513,car,Potsdam (kein Wechsel),False
2026-08-18 15:17:27.902,car_ID_514,car,Berlin (kein Wechsel),False
2026-08-18 15:17:28.071,car_ID_516,car,Potsdam (kein Wechsel),False
2026-08-18 15:17:29.135,car_ID_515,car,Potsdam->Berlin,True
2026-08-18 15:17:29.905,car_ID_517,car,Potsdam (kein Wechsel),False
2026-08-18 15:17:43.171,car_ID_518,car,Berlin->Potsdam,True
2026-08-18 15:17:48.138,bicycle_ID_380,bicycle,Berlin->Potsdam,True
2026-08-18 15:17:48.637,person_ID_562,person,Berlin->Potsdam,True
2026-08-18 15:17:51.473,bicycle_ID_381,bicycle,Berlin (kein Wechsel),False
2026-08-18 15:17:51.672,person_ID_563,person,Berlin->Potsdam,True
2026-08-18 15:17:52.173,bicycle_ID_382,bicycle,Potsdam (kein Wechsel),False
2026-08-18 15:17:55.135,person_ID_565,person,Berlin (kein Wechsel),False
2026-08-18 15:17:55.572,person_ID_564,person,Berlin (kein Wechsel),False
2026-08-18 15:18:00.405,person_ID_568,person,Berlin (kein Wechsel),False
2026-08-18 15:18:03.675,person_ID_566,person,Potsdam (kein Wechsel),False
2026-08-18 15:18:04.704,person_ID_569,person,Berlin (kein Wechsel),False
2026-08-18 15:18:07.138,car_ID_519,car,Potsdam->Berlin,True
2026-08-18 15:18:08.272,person_ID_570,person,Potsdam (kein Wechsel),False
2026-08-18 15:18:08.874,person_ID_567,person,Berlin->Potsdam,True
2026-08-18 15:18:10.708,bicycle_ID_383,bicycle,Berlin (kein Wechsel),False
2026-08-18 15:18:11.274,person_ID_573,person,Berlin->Potsdam,True
2026-08-18 15:18:13.474,person_ID_571,person,Potsdam->Berlin,True
2026-08-18 15:18:15.242,person_ID_574,person,Berlin (kein Wechsel),False
2026-08-18 15:18:16.635,person_ID_575,person,Berlin->Potsdam,True
2026-08-18 15:18:16.635,bicycle_ID_385,bicycle,Berlin->Potsdam,True
2026-08-18 15:18:16.704,bicycle_ID_384,bicycle,Berlin->Potsdam,True
2026-08-18 15:18:20.073,person_ID_572,person,Potsdam (kein Wechsel),False
2026-08-18 15:18:20.406,person_ID_577,person,Potsdam (kein Wechsel),False
2026-08-18 15:18:22.038,person_ID_576,person,Berlin (kein Wechsel),False
2026-08-18 15:18:26.641,person_ID_578,person,Berlin (kein Wechsel),False
2026-08-18 15:18:35.038,car_ID_520,car,Potsdam->Berlin,True
2026-08-18 15:18:37.674,car_ID_521,car,Berlin->Potsdam,True
2026-08-18 15:18:49.007,bicycle_ID_386,bicycle,Potsdam (kein Wechsel),False
2026-08-18 15:18:49.774,person_ID_579,person,Potsdam (kein Wechsel),False
2026-08-18 15:18:51.544,bicycle_ID_387,bicycle,Potsdam (kein Wechsel),False
2026-08-18 15:18:51.806,bicycle_ID_388,bicycle,Potsdam (kein Wechsel),False
2026-08-18 15:18:52.711,bicycle_ID_389,bicycle,Berlin (kein Wechsel),False
2026-08-18 15:19:02.205,bicycle_ID_390,bicycle,Berlin->Potsdam,True
2026-08-18 15:19:02.675,person_ID_580,person,Berlin->Potsdam,True
2026-08-18 15:19:25.208,bicycle_ID_391,bicycle,Berlin (kein Wechsel),False
2026-08-18 15:19:25.777,person_ID_582,person,Berlin (kein Wechsel),False
2026-08-18 15:19:26.345,bicycle_ID_393,bicycle,Berlin->Potsdam,True
2026-08-18 15:19:26.412,bicycle_ID_392,bicycle,Berlin->Potsdam,True
2026-08-18 15:19:26.878,person_ID_583,person,Berlin->Potsdam,True
2026-08-18 15:19:30.975,person_ID_584,person,Potsdam (kein Wechsel),False
2026-08-18 15:19:31.745,person_ID_585,person,Potsdam (kein Wechsel),False
2026-08-18 15:19:33.310,car_ID_522,car,Potsdam->Berlin,True
2026-08-18 15:19:33.777,bicycle_ID_394,bicycle,Berlin (kein Wechsel),False
2026-08-18 15:19:34.945,person_ID_586,person,Berlin (kein Wechsel),False
2026-08-18 15:19:38.410,person_ID_587,person,Berlin->Potsdam,True
2026-08-18 15:19:38.444,bicycle_ID_395,bicycle,Berlin->Potsdam,True
2026-08-18 15:19:43.812,person_ID_581,person,Berlin (kein Wechsel),False
2026-08-18 15:19:45.312,person_ID_588,person,Berlin (kein Wechsel),False
2026-08-18 15:19:54.879,car_ID_523,car,Potsdam->Berlin,True
2026-08-18 15:20:00.583,person_ID_589,person,Potsdam (kein Wechsel),False
2026-08-18 15:20:02.178,person_ID_590,person,Potsdam (kein Wechsel),False
2026-08-18 15:20:03.010,person_ID_591,person,Berlin (kein Wechsel),False
2026-08-18 15:20:04.115,person_ID_592,person,Berlin (kein Wechsel),False
2026-08-18 15:20:05.047,person_ID_593,person,Potsdam (kein Wechsel),False
2026-08-18 15:20:05.614,person_ID_594,person,Berlin (kein Wechsel),False
2026-08-18 15:20:07.346,person_ID_595,person,Potsdam (kein Wechsel),False
2026-08-18 15:20:07.648,car_ID_524,car,Potsdam->Berlin,True
2026-08-18 15:20:10.209,person_ID_596,person,Berlin (kein Wechsel),False
2026-08-18 15:20:21.112,person_ID_597,person,Potsdam->Berlin,True
2026-08-18 15:20:21.412,person_ID_598,person,Potsdam (kein Wechsel),False
2026-08-18 15:20:23.010,bicycle_ID_396,bicycle,Potsdam (kein Wechsel),False
2026-08-18 15:20:23.047,person_ID_600,person,Potsdam (kein Wechsel),False
2026-08-18 15:20:23.179,person_ID_599,person,Berlin (kein Wechsel),False
2026-08-18 15:20:23.448,person_ID_601,person,Potsdam (kein Wechsel),False
2026-08-18 15:20:24.380,bicycle_ID_397,bicycle,Potsdam (kein Wechsel),False
2026-08-18 15:20:25.147,person_ID_603,person,Potsdam (kein Wechsel),False
2026-08-18 15:20:26.018,car_ID_525,car,Potsdam->Berlin,True
2026-08-18 15:20:26.450,person_ID_602,person,Berlin->Potsdam,True
2026-08-18 15:20:26.450,bicycle_ID_398,bicycle,Berlin->Potsdam,True
2026-08-18 15:20:26.816,person_ID_604,person,Berlin (kein Wechsel),False
2026-08-18 15:20:27.416,person_ID_605,person,Berlin (kein Wechsel),False
2026-08-18 15:20:37.852,car_ID_526,car,Potsdam->Berlin,True
2026-08-18 15:20:38.249,car_ID_527,car,Berlin->Potsdam,True
2026-08-18 15:20:47.949,car_ID_528,car,Potsdam->Berlin,True
2026-08-18 15:20:54.715,car_ID_529,car,Berlin->Potsdam,True
2026-08-18 15:20:55.116,car_ID_530,car,Potsdam (kein Wechsel),False
2026-08-18 15:21:02.619,person_ID_607,person,Potsdam (kein Wechsel),False
2026-08-18 15:21:03.022,bicycle_ID_402,bicycle,Potsdam (kein Wechsel),False
2026-08-18 15:21:03.319,bicycle_ID_401,bicycle,Potsdam (kein Wechsel),False
2026-08-18 15:21:03.519,bicycle_ID_403,bicycle,Berlin (kein Wechsel),False
2026-08-18 15:21:03.619,bicycle_ID_400,bicycle,Potsdam (kein Wechsel),False
2026-08-18 15:21:03.851,person_ID_606,person,Berlin->Potsdam,True
2026-08-18 15:21:04.319,bicycle_ID_404,bicycle,Potsdam (kein Wechsel),False
2026-08-18 15:21:04.385,bicycle_ID_399,bicycle,Berlin->Potsdam,True
2026-08-18 15:21:06.084,car_ID_531,car,Potsdam->Berlin,True
2026-08-18 15:21:06.382,car_ID_533,car,Berlin (kein Wechsel),False
2026-08-18 15:21:06.749,car_ID_532,car,Berlin (kein Wechsel),False
2026-08-18 15:21:07.318,bicycle_ID_405,bicycle,Berlin (kein Wechsel),False
2026-08-18 15:21:08.551,person_ID_608,person,Berlin (kein Wechsel),False
2026-08-18 15:21:09.286,person_ID_609,person,Berlin (kein Wechsel),False
2026-08-18 15:21:21.150,bicycle_ID_406,bicycle,Berlin (kein Wechsel),False
2026-08-18 15:21:24.481,bicycle_ID_408,bicycle,Berlin (kein Wechsel),False
2026-08-18 15:21:24.816,bicycle_ID_407,bicycle,Berlin (kein Wechsel),False
2026-08-18 15:21:25.019,person_ID_610,person,Berlin->Potsdam,True
2026-08-18 15:21:25.351,car_ID_534,car,Potsdam->Berlin,True
2026-08-18 15:21:29.751,person_ID_611,person,Potsdam (kein Wechsel),False
2026-08-18 15:21:30.019,bicycle_ID_409,bicycle,Potsdam (kein Wechsel),False
2026-08-18 15:21:30.420,person_ID_612,person,Potsdam (kein Wechsel),False
2026-08-18 15:21:32.784,bicycle_ID_410,bicycle,Potsdam->Berlin,True
2026-08-18 15:21:32.951,person_ID_613,person,Potsdam->Berlin,True
2026-08-18 15:21:33.218,person_ID_615,person,Berlin (kein Wechsel),False
2026-08-18 15:21:33.781,person_ID_614,person,Berlin (kein Wechsel),False
2026-08-18 15:21:35.982,person_ID_616,person,Potsdam (kein Wechsel),False
2026-08-18 15:21:36.552,person_ID_617,person,Potsdam (kein Wechsel),False
2026-08-18 15:21:38.582,person_ID_619,person,Potsdam (kein Wechsel),False
2026-08-18 15:21:39.486,person_ID_618,person,Berlin (kein Wechsel),False
2026-08-18 15:21:49.720,person_ID_620,person,Potsdam (kein Wechsel),False
2026-08-18 15:21:51.121,car_ID_535,car,Berlin->Potsdam,True
2026-08-18 15:21:56.953,car_ID_536,car,Berlin->Potsdam,True
2026-08-18 15:22:07.788,bicycle_ID_412,bicycle,Berlin (kein Wechsel),False
2026-08-18 15:22:07.952,bicycle_ID_411,bicycle,Berlin->Potsdam,True
2026-08-18 15:22:08.152,person_ID_622,person,Berlin (kein Wechsel),False
2026-08-18 15:22:08.420,person_ID_621,person,Berlin->Potsdam,True
2026-08-18 15:22:13.456,person_ID_624,person,Berlin->Potsdam,True
2026-08-18 15:22:13.488,bicycle_ID_413,bicycle,Berlin->Potsdam,True
2026-08-18 15:22:18.156,car_ID_537,car,Berlin (kein Wechsel),False
2026-08-18 15:22:18.189,car_ID_538,car,Berlin (kein Wechsel),False
2026-08-18 15:22:19.022,person_ID_623,person,Berlin (kein Wechsel),False
2026-08-18 15:22:19.590,person_ID_625,person,Potsdam (kein Wechsel),False
2026-08-18 15:22:20.589,car_ID_539,car,Potsdam (kein Wechsel),False
2026-08-18 15:22:20.788,person_ID_626,person,Potsdam (kein Wechsel),False
2026-08-18 15:22:24.088,person_ID_627,person,Potsdam (kein Wechsel),False
2026-08-18 15:22:25.158,person_ID_628,person,Potsdam (kein Wechsel),False
2026-08-18 15:22:25.422,car_ID_541,car,Potsdam->Berlin,True
2026-08-18 15:22:25.756,car_ID_540,car,Potsdam->Berlin,True
2026-08-18 15:22:31.289,person_ID_629,person,Potsdam (kein Wechsel),False
2026-08-18 15:22:32.852,person_ID_630,person,Potsdam (kein Wechsel),False
2026-08-18 15:22:34.057,bicycle_ID_414,bicycle,Berlin->Potsdam,True
2026-08-18 15:22:34.589,person_ID_631,person,Berlin->Potsdam,True
2026-08-18 15:22:43.021,car_ID_542,car,Berlin->Potsdam,True
2026-08-18 15:22:55.291,person_ID_632,person,Potsdam (kein Wechsel),False
2026-08-18 15:22:58.793,person_ID_633,person,Potsdam (kein Wechsel),False
2026-08-18 15:23:01.023,person_ID_634,person,Potsdam (kein Wechsel),False
2026-08-18 15:23:06.293,person_ID_635,person,Berlin (kein Wechsel),False
2026-08-18 15:23:06.893,person_ID_636,person,Berlin (kein Wechsel),False
2026-08-18 15:23:19.992,car_ID_543,car,Berlin (kein Wechsel),False
2026-08-18 15:23:21.659,bus_ID_51,bus,Berlin->Potsdam,True
2026-08-18 15:23:22.526,bus_ID_52,bus,Berlin (kein Wechsel),False
2026-08-18 15:23:23.725,bus_ID_53,bus,Potsdam (kein Wechsel),False
2026-08-18 15:23:36.793,person_ID_637,person,Berlin->Potsdam,True
2026-08-18 15:23:36.793,bicycle_ID_415,bicycle,Berlin->Potsdam,True
2026-08-18 15:23:42.292,car_ID_544,car,Berlin->Potsdam,True
2026-08-18 15:24:13.561,car_ID_545,car,Berlin->Potsdam,True
2026-08-18 15:24:14.564,bicycle_ID_417,bicycle,Berlin (kein Wechsel),False
2026-08-18 15:24:14.696,car_ID_546,car,Potsdam (kein Wechsel),False
2026-08-18 15:24:15.164,bicycle_ID_418,bicycle,Berlin (kein Wechsel),False
2026-08-18 15:24:15.195,person_ID_638,person,Berlin (kein Wechsel),False
2026-08-18 15:24:15.226,bicycle_ID_416,bicycle,Berlin->Potsdam,True
2026-08-18 15:24:15.498,person_ID_641,person,Berlin (kein Wechsel),False
2026-08-18 15:24:15.627,person_ID_639,person,Berlin (kein Wechsel),False
2026-08-18 15:24:15.698,person_ID_640,person,Berlin->Potsdam,True
2026-08-18 15:24:15.697,person_ID_642,person,Berlin (kein Wechsel),False
2026-08-18 15:24:15.727,bicycle_ID_419,bicycle,Berlin (kein Wechsel),False
2026-08-18 15:24:24.797,person_ID_643,person,Potsdam (kein Wechsel),False
2026-08-18 15:24:26.560,person_ID_644,person,Berlin (kein Wechsel),False
2026-08-18 15:24:27.361,person_ID_645,person,Berlin (kein Wechsel),False
2026-08-18 15:24:28.361,person_ID_646,person,Berlin (kein Wechsel),False
2026-08-18 15:24:38.810,bus_ID_54,bus,Potsdam->Berlin,True
2026-08-18 15:24:41.068,bus_ID_55,bus,Potsdam->Berlin,True
2026-08-18 15:24:44.729,car_ID_547,car,Potsdam (kein Wechsel),False
2026-08-18 15:24:45.498,person_ID_647,person,Potsdam (kein Wechsel),False
2026-08-18 15:24:47.130,car_ID_548,car,Potsdam->Berlin,True
2026-08-18 15:24:48.198,person_ID_648,person,Berlin (kein Wechsel),False
2026-08-18 15:24:49.462,car_ID_549,car,Potsdam->Berlin,True
2026-08-18 15:24:50.064,person_ID_649,person,Berlin (kein Wechsel),False
2026-08-18 15:24:53.595,car_ID_550,car,Potsdam->Berlin,True
2026-08-18 15:24:57.064,car_ID_551,car,Potsdam->Berlin,True
2026-08-18 15:24:58.028,car_ID_552,car,Berlin->Potsdam,True
2026-08-18 15:24:59.030,person_ID_650,person,Berlin (kein Wechsel),False
2026-08-18 15:25:06.130,car_ID_553,car,Potsdam (kein Wechsel),False
2026-08-18 15:25:08.998,car_ID_554,car,Potsdam->Berlin,True
2026-08-18 15:25:11.029,bicycle_ID_420,bicycle,Berlin (kein Wechsel),False
2026-08-18 15:25:11.829,person_ID_651,person,Berlin (kein Wechsel),False
2026-08-18 15:25:12.298,bicycle_ID_421,bicycle,Berlin (kein Wechsel),False
2026-08-18 15:25:12.497,bicycle_ID_422,bicycle,Potsdam (kein Wechsel),False
2026-08-18 15:25:23.167,person_ID_652,person,Potsdam (kein Wechsel),False
2026-08-18 15:25:24.965,person_ID_653,person,Potsdam->Berlin,True
2026-08-18 15:25:28.301,person_ID_654,person,Berlin (kein Wechsel),False
2026-08-18 15:25:29.668,car_ID_555,car,Berlin->Potsdam,True
2026-08-18 15:25:30.530,person_ID_655,person,Berlin (kein Wechsel),False
2026-08-18 15:25:48.305,car_ID_556,car,Berlin->Potsdam,True
2026-08-18 15:26:39.738,car_ID_557,car,Berlin->Potsdam,True
2026-08-18 15:26:41.071,person_ID_656,person,Berlin->Potsdam,True
2026-08-18 15:26:41.070,bicycle_ID_423,bicycle,Berlin->Potsdam,True
2026-08-18 15:26:57.737,bicycle_ID_425,bicycle,Berlin (kein Wechsel),False
2026-08-18 15:26:58.973,person_ID_657,person,Berlin->Potsdam,True
2026-08-18 15:26:59.171,person_ID_658,person,Potsdam (kein Wechsel),False
2026-08-18 15:26:59.469,bicycle_ID_424,bicycle,Berlin->Potsdam,True
2026-08-18 15:27:01.702,person_ID_659,person,Potsdam (kein Wechsel),False
2026-08-18 15:27:01.740,bicycle_ID_427,bicycle,Potsdam (kein Wechsel),False
2026-08-18 15:27:02.139,bicycle_ID_426,bicycle,Potsdam->Berlin,True
2026-08-18 15:27:03.370,bicycle_ID_428,bicycle,Potsdam (kein Wechsel),False
2026-08-18 15:27:03.973,person_ID_660,person,Berlin (kein Wechsel),False
2026-08-18 15:27:04.873,bicycle_ID_429,bicycle,Berlin (kein Wechsel),False
2026-08-18 15:27:05.039,person_ID_661,person,Potsdam (kein Wechsel),False
2026-08-18 15:27:18.740,car_ID_558,car,Potsdam->Berlin,True
2026-08-18 15:27:48.675,car_ID_559,car,Berlin->Potsdam,True
2026-08-18 15:27:49.742,car_ID_560,car,Potsdam (kein Wechsel),False
2026-08-18 15:28:00.075,car_ID_561,car,Potsdam (kein Wechsel),False
2026-08-18 15:28:00.511,car_ID_562,car,Potsdam (kein Wechsel),False
2026-08-18 15:28:04.310,car_ID_563,car,Potsdam->Berlin,True
2026-08-18 15:28:05.746,car_ID_564,car,Berlin (kein Wechsel),False
2026-08-18 15:28:20.578,car_ID_565,car,Berlin->Potsdam,True
2026-08-18 15:28:33.410,person_ID_663,person,Berlin->Potsdam,True
2026-08-18 15:28:33.575,person_ID_662,person,Berlin (kein Wechsel),False
2026-08-18 15:28:41.612,bicycle_ID_430,bicycle,Potsdam (kein Wechsel),False
2026-08-18 15:28:41.713,bicycle_ID_431,bicycle,Potsdam (kein Wechsel),False
2026-08-18 15:28:41.974,person_ID_664,person,Potsdam (kein Wechsel),False
2026-08-18 15:28:42.844,person_ID_665,person,Potsdam (kein Wechsel),False
2026-08-18 15:28:43.812,bicycle_ID_432,bicycle,Potsdam (kein Wechsel),False
2026-08-18 15:28:43.912,bicycle_ID_434,bicycle,Potsdam (kein Wechsel),False
2026-08-18 15:28:44.644,bicycle_ID_433,bicycle,Potsdam (kein Wechsel),False
2026-08-18 15:28:44.710,person_ID_667,person,Potsdam (kein Wechsel),False
2026-08-18 15:28:45.046,person_ID_666,person,Potsdam->Berlin,True
2026-08-18 15:28:46.744,person_ID_668,person,Berlin (kein Wechsel),False
2026-08-18 15:28:46.745,bicycle_ID_436,bicycle,Berlin (kein Wechsel),False
2026-08-18 15:28:46.775,bicycle_ID_438,bicycle,Potsdam (kein Wechsel),False
2026-08-18 15:28:46.813,bicycle_ID_439,bicycle,Potsdam (kein Wechsel),False
2026-08-18 15:28:47.711,person_ID_670,person,Potsdam (kein Wechsel),False
2026-08-18 15:28:48.245,bicycle_ID_435,bicycle,Potsdam->Berlin,True
2026-08-18 15:28:49.212,bicycle_ID_440,bicycle,Potsdam (kein Wechsel),False
2026-08-18 15:28:49.576,bicycle_ID_437,bicycle,Potsdam->Berlin,True
2026-08-18 15:28:49.879,person_ID_669,person,Potsdam->Berlin,True
2026-08-18 15:28:50.175,bicycle_ID_441,bicycle,Potsdam->Berlin,True
2026-08-18 15:28:52.212,person_ID_671,person,Potsdam->Berlin,True
2026-08-18 15:29:06.413,car_ID_566,car,Potsdam (kein Wechsel),False
2026-08-18 15:29:09.582,car_ID_567,car,Potsdam->Berlin,True
2026-08-18 15:29:10.881,car_ID_568,car,Potsdam->Berlin,True
2026-08-18 15:29:11.181,person_ID_672,person,Potsdam (kein Wechsel),False
2026-08-18 15:29:15.916,person_ID_674,person,Berlin (kein Wechsel),False
2026-08-18 15:29:16.115,person_ID_673,person,Potsdam (kein Wechsel),False
2026-08-18 15:29:16.683,bicycle_ID_443,bicycle,Berlin (kein Wechsel),False
2026-08-18 15:29:18.248,person_ID_675,person,Berlin->Potsdam,True
2026-08-18 15:29:18.248,bicycle_ID_442,bicycle,Berlin->Potsdam,True
2026-08-18 15:29:18.548,person_ID_676,person,Potsdam (kein Wechsel),False
2026-08-18 15:29:22.013,person_ID_677,person,Potsdam (kein Wechsel),False
2026-08-18 15:29:23.950,car_ID_569,car,Berlin->Potsdam,True
2026-08-18 15:29:31.215,person_ID_678,person,Potsdam (kein Wechsel),False
2026-08-18 15:29:48.682,car_ID_571,car,Potsdam (kein Wechsel),False
2026-08-18 15:29:52.117,car_ID_570,car,Potsdam->Berlin,True
2026-08-18 15:30:02.116,person_ID_679,person,Potsdam (kein Wechsel),False
2026-08-18 15:30:05.416,person_ID_680,person,Potsdam (kein Wechsel),False
2026-08-18 15:30:12.588,person_ID_681,person,Potsdam (kein Wechsel),False
2026-08-18 15:30:23.547,person_ID_682,person,Potsdam (kein Wechsel),False
2026-08-18 15:30:28.817,person_ID_683,person,Potsdam (kein Wechsel),False
2026-08-18 15:30:30.786,person_ID_684,person,Berlin (kein Wechsel),False
2026-08-18 15:30:32.552,person_ID_685,person,Berlin (kein Wechsel),False
2026-08-18 15:30:33.219,car_ID_572,car,Potsdam->Berlin,True
2026-08-18 15:30:39.017,car_ID_573,car,Potsdam->Berlin,True
2026-08-18 15:30:43.052,person_ID_686,person,Potsdam (kein Wechsel),False
2026-08-18 15:30:44.786,bicycle_ID_444,bicycle,Berlin->Potsdam,True
2026-08-18 15:30:45.286,person_ID_687,person,Berlin->Potsdam,True
2026-08-18 15:30:49.818,person_ID_688,person,Potsdam (kein Wechsel),False
2026-08-18 15:30:51.455,person_ID_689,person,Potsdam (kein Wechsel),False
2026-08-18 15:31:01.453,car_ID_574,car,Berlin->Potsdam,True
2026-08-18 15:31:12.120,person_ID_691,person,Berlin->Potsdam,True
2026-08-18 15:31:12.724,bicycle_ID_445,bicycle,Berlin->Potsdam,True
2026-08-18 15:31:15.855,person_ID_690,person,Potsdam (kein Wechsel),False
2026-08-18 15:31:17.790,person_ID_692,person,Potsdam (kein Wechsel),False
2026-08-18 15:31:19.153,person_ID_693,person,Potsdam (kein Wechsel),False
2026-08-18 15:31:23.354,person_ID_696,person,Potsdam (kein Wechsel),False
2026-08-18 15:31:24.420,person_ID_694,person,Berlin (kein Wechsel),False
2026-08-18 15:31:25.419,person_ID_695,person,Berlin (kein Wechsel),False
2026-08-18 15:31:31.223,person_ID_697,person,Potsdam (kein Wechsel),False
2026-08-18 15:31:34.287,person_ID_698,person,Potsdam (kein Wechsel),False
2026-08-18 15:31:37.356,person_ID_699,person,Potsdam (kein Wechsel),False
2026-08-18 15:31:39.823,car_ID_575,car,Berlin->Potsdam,True
2026-08-18 15:31:43.360,car_ID_576,car,Berlin->Potsdam,True
2026-08-18 15:32:04.490,car_ID_577,car,Potsdam->Berlin,True
2026-08-18 15:32:06.720,person_ID_700,person,Potsdam (kein Wechsel),False
2026-08-18 15:32:07.957,car_ID_578,car,Potsdam->Berlin,True
2026-08-18 15:32:08.458,person_ID_701,person,Berlin (kein Wechsel),False
2026-08-18 15:32:08.591,bicycle_ID_446,bicycle,Berlin->Potsdam,True
2026-08-18 15:32:08.921,bicycle_ID_447,bicycle,Berlin (kein Wechsel),False
2026-08-18 15:32:10.721,car_ID_580,car,Berlin (kein Wechsel),False
2026-08-18 15:32:10.757,bus_ID_56,bus,Berlin (kein Wechsel),False
2026-08-18 15:32:10.990,car_ID_579,car,Berlin (kein Wechsel),False
2026-08-18 15:32:11.824,bus_ID_58,bus,Potsdam (kein Wechsel),False
2026-08-18 15:32:12.693,bus_ID_57,bus,Berlin->Potsdam,True
2026-08-18 15:32:17.157,person_ID_702,person,Berlin (kein Wechsel),False
2026-08-18 15:32:17.859,car_ID_581,car,Potsdam->Berlin,True
2026-08-18 15:32:17.958,person_ID_703,person,Potsdam (kein Wechsel),False
2026-08-18 15:32:27.992,person_ID_705,person,Potsdam (kein Wechsel),False
2026-08-18 15:32:28.457,person_ID_704,person,Potsdam (kein Wechsel),False
2026-08-18 15:32:28.457,person_ID_706,person,Potsdam (kein Wechsel),False
2026-08-18 15:32:29.327,person_ID_707,person,Potsdam (kein Wechsel),False
2026-08-18 15:32:30.590,person_ID_708,person,Berlin (kein Wechsel),False
2026-08-18 15:32:32.459,person_ID_709,person,Berlin (kein Wechsel),False
2026-08-18 15:32:33.959,person_ID_710,person,Berlin (kein Wechsel),False
2026-08-18 15:32:43.860,person_ID_711,person,Berlin (kein Wechsel),False
2026-08-18 15:32:44.895,person_ID_712,person,Berlin->Potsdam,True
2026-08-18 15:32:48.129,person_ID_713,person,Potsdam (kein Wechsel),False
2026-08-18 15:32:50.026,person_ID_714,person,Potsdam (kein Wechsel),False
2026-08-18 15:33:05.894,bicycle_ID_448,bicycle,Berlin (kein Wechsel),False
2026-08-18 15:33:07.495,bicycle_ID_449,bicycle,Berlin->Potsdam,True
2026-08-18 15:33:07.560,person_ID_715,person,Berlin->Potsdam,True
2026-08-18 15:33:18.194,person_ID_716,person,Potsdam (kein Wechsel),False
2026-08-18 15:33:20.193,car_ID_582,car,Potsdam->Berlin,True
2026-08-18 15:33:22.230,person_ID_717,person,Berlin (kein Wechsel),False
2026-08-18 15:33:28.627,person_ID_718,person,Berlin (kein Wechsel),False
2026-08-18 15:33:28.830,bicycle_ID_450,bicycle,Berlin (kein Wechsel),False
2026-08-18 15:33:29.492,person_ID_719,person,Berlin (kein Wechsel),False
2026-08-18 15:33:40.066,person_ID_720,person,Potsdam (kein Wechsel),False
2026-08-18 15:33:40.875,person_ID_721,person,Potsdam (kein Wechsel),False
2026-08-18 15:33:40.903,bicycle_ID_451,bicycle,Potsdam (kein Wechsel),False
2026-08-18 15:33:41.096,person_ID_722,person,Potsdam (kein Wechsel),False
2026-08-18 15:33:41.895,person_ID_723,person,Berlin (kein Wechsel),False
2026-08-18 15:33:41.927,bicycle_ID_452,bicycle,Berlin (kein Wechsel),False
2026-08-18 15:33:42.595,bicycle_ID_454,bicycle,Berlin (kein Wechsel),False
2026-08-18 15:33:42.912,person_ID_725,person,Berlin (kein Wechsel),False
2026-08-18 15:33:43.894,bicycle_ID_455,bicycle,Berlin (kein Wechsel),False
2026-08-18 15:33:44.394,person_ID_724,person,Berlin->Potsdam,True
2026-08-18 15:33:44.394,bicycle_ID_453,bicycle,Berlin->Potsdam,True
2026-08-18 15:33:59.264,person_ID_726,person,Berlin (kein Wechsel),False
2026-08-18 15:34:01.095,person_ID_727,person,Berlin (kein Wechsel),False
2026-08-18 15:34:11.332,car_ID_583,car,Potsdam->Berlin,True
2026-08-18 15:34:56.302,bicycle_ID_456,bicycle,Potsdam (kein Wechsel),False
2026-08-18 15:35:00.566,car_ID_584,car,Berlin->Potsdam,True
2026-08-18 15:35:10.369,bicycle_ID_458,bicycle,Berlin (kein Wechsel),False
2026-08-18 15:35:11.070,person_ID_728,person,Berlin->Potsdam,True
2026-08-18 15:35:11.071,bicycle_ID_457,bicycle,Berlin->Potsdam,True
2026-08-18 15:35:21.866,person_ID_729,person,Potsdam (kein Wechsel),False
2026-08-18 15:35:27.403,person_ID_730,person,Potsdam (kein Wechsel),False
2026-08-18 15:35:32.703,person_ID_731,person,Potsdam (kein Wechsel),False
2026-08-18 15:35:33.968,person_ID_732,person,Potsdam (kein Wechsel),False
2026-08-18 15:35:36.567,person_ID_734,person,Potsdam (kein Wechsel),False
2026-08-18 15:35:36.867,car_ID_585,car,Potsdam->Berlin,True
2026-08-18 15:35:37.702,person_ID_733,person,Potsdam (kein Wechsel),False
2026-08-18 15:35:41.268,person_ID_736,person,Potsdam->Berlin,True
2026-08-18 15:35:41.736,person_ID_735,person,Berlin->Potsdam,True
2026-08-18 15:35:42.003,bicycle_ID_460,bicycle,Berlin (kein Wechsel),False
2026-08-18 15:35:42.170,bicycle_ID_459,bicycle,Berlin->Potsdam,True
2026-08-18 15:35:44.269,person_ID_737,person,Berlin (kein Wechsel),False
2026-08-18 15:35:44.866,car_ID_586,car,Potsdam->Berlin,True
2026-08-18 15:35:44.904,person_ID_738,person,Potsdam (kein Wechsel),False
2026-08-18 15:35:45.705,car_ID_587,car,Berlin->Potsdam,True
2026-08-18 15:35:45.805,person_ID_739,person,Potsdam (kein Wechsel),False
2026-08-18 15:35:47.402,person_ID_740,person,Potsdam->Berlin,True
2026-08-18 15:35:49.205,person_ID_741,person,Berlin->Potsdam,True
2026-08-18 15:35:49.205,person_ID_743,person,Berlin (kein Wechsel),False
2026-08-18 15:35:49.205,bicycle_ID_461,bicycle,Berlin->Potsdam,True
2026-08-18 15:35:50.204,person_ID_742,person,Berlin (kein Wechsel),False
2026-08-18 15:35:53.137,person_ID_744,person,Berlin (kein Wechsel),False
2026-08-18 15:36:03.139,car_ID_589,car,Berlin (kein Wechsel),False
2026-08-18 15:36:03.204,bus_ID_59,bus,Berlin (kein Wechsel),False
2026-08-18 15:36:04.105,car_ID_588,car,Potsdam->Berlin,True
2026-08-18 15:36:07.104,car_ID_590,car,Potsdam->Berlin,True
2026-08-18 15:36:12.336,car_ID_592,car,Potsdam (kein Wechsel),False
2026-08-18 15:36:14.174,car_ID_591,car,Potsdam->Berlin,True
2026-08-18 15:36:17.506,car_ID_593,car,Berlin->Potsdam,True
2026-08-18 15:36:20.308,car_ID_594,car,Berlin->Potsdam,True
2026-08-18 15:36:23.240,car_ID_595,car,Potsdam->Berlin,True
2026-08-18 15:36:28.140,bicycle_ID_462,bicycle,Potsdam (kein Wechsel),False
2026-08-18 15:36:30.240,bicycle_ID_463,bicycle,Berlin (kein Wechsel),False
2026-08-18 15:36:33.007,person_ID_745,person,Potsdam (kein Wechsel),False
2026-08-18 15:36:34.474,person_ID_746,person,Potsdam (kein Wechsel),False
2026-08-18 15:36:35.721,car_ID_596,car,Berlin->Potsdam,True
2026-08-18 15:36:37.673,person_ID_747,person,Berlin (kein Wechsel),False
2026-08-18 15:36:41.208,person_ID_749,person,Potsdam (kein Wechsel),False
2026-08-18 15:36:43.837,car_ID_597,car,Berlin->Potsdam,True
2026-08-18 15:36:47.338,person_ID_750,person,Potsdam (kein Wechsel),False
2026-08-18 15:36:48.437,person_ID_748,person,Berlin->Potsdam,True
2026-08-18 15:36:49.209,person_ID_751,person,Potsdam (kein Wechsel),False
2026-08-18 15:36:49.908,person_ID_752,person,Potsdam (kein Wechsel),False
2026-08-18 15:36:51.807,person_ID_753,person,Potsdam (kein Wechsel),False
2026-08-18 15:36:54.652,person_ID_754,person,Berlin (kein Wechsel),False
2026-08-18 15:36:58.576,person_ID_756,person,Berlin (kein Wechsel),False
2026-08-18 15:36:58.607,person_ID_755,person,Potsdam (kein Wechsel),False
2026-08-18 15:37:02.441,person_ID_757,person,Berlin (kein Wechsel),False
2026-08-18 15:37:05.239,car_ID_598,car,Potsdam->Berlin,True
2026-08-18 15:37:13.442,car_ID_599,car,Berlin->Potsdam,True
2026-08-18 15:37:16.611,car_ID_600,car,Berlin->Potsdam,True
2026-08-18 15:37:21.075,person_ID_758,person,Potsdam (kein Wechsel),False
2026-08-18 15:37:23.008,person_ID_759,person,Berlin (kein Wechsel),False
2026-08-18 15:37:23.479,bicycle_ID_464,bicycle,Berlin (kein Wechsel),False
2026-08-18 15:37:23.875,bicycle_ID_465,bicycle,Berlin->Potsdam,True
2026-08-18 15:37:25.140,person_ID_760,person,Potsdam (kein Wechsel),False
2026-08-18 15:37:28.376,car_ID_601,car,Potsdam->Berlin,True
2026-08-18 15:37:30.112,person_ID_761,person,Potsdam (kein Wechsel),False
2026-08-18 15:37:31.111,car_ID_602,car,Potsdam->Berlin,True
2026-08-18 15:37:31.610,car_ID_603,car,Potsdam (kein Wechsel),False
2026-08-18 15:37:33.110,car_ID_605,car,Berlin (kein Wechsel),False
2026-08-18 15:37:33.175,bus_ID_60,bus,Berlin (kein Wechsel),False
2026-08-18 15:37:33.609,car_ID_604,car,Potsdam->Berlin,True
2026-08-18 15:37:34.978,person_ID_762,person,Potsdam (kein Wechsel),False
2026-08-18 15:37:37.779,person_ID_763,person,Potsdam (kein Wechsel),False
2026-08-18 15:37:37.877,person_ID_764,person,Potsdam (kein Wechsel),False
2026-08-18 15:37:41.846,person_ID_765,person,Potsdam (kein Wechsel),False
2026-08-18 15:37:44.348,person_ID_766,person,Potsdam (kein Wechsel),False
2026-08-18 15:37:46.210,person_ID_767,person,Potsdam (kein Wechsel),False
2026-08-18 15:37:48.478,person_ID_768,person,Potsdam (kein Wechsel),False
2026-08-18 15:37:49.647,bus_ID_61,bus,Potsdam (kein Wechsel),False
2026-08-18 15:37:49.779,car_ID_606,car,Potsdam->Berlin,True
2026-08-18 15:37:49.980,car_ID_608,car,Berlin (kein Wechsel),False
2026-08-18 15:37:50.212,person_ID_769,person,Potsdam (kein Wechsel),False
2026-08-18 15:37:50.444,car_ID_607,car,Potsdam->Berlin,True
2026-08-18 15:37:50.746,bicycle_ID_467,bicycle,Berlin (kein Wechsel),False
2026-08-18 15:37:51.080,bus_ID_63,bus,Berlin (kein Wechsel),False
2026-08-18 15:37:51.245,bus_ID_62,bus,Potsdam->Berlin,True
2026-08-18 15:37:51.947,bicycle_ID_468,bicycle,Berlin->Potsdam,True
2026-08-18 15:37:52.078,bicycle_ID_466,bicycle,Berlin->Potsdam,True
2026-08-18 15:37:52.278,person_ID_771,person,Potsdam (kein Wechsel),False
2026-08-18 15:37:52.546,person_ID_770,person,Berlin->Potsdam,True
2026-08-18 15:37:54.244,person_ID_772,person,Potsdam (kein Wechsel),False
2026-08-18 15:37:54.412,person_ID_774,person,Potsdam (kein Wechsel),False
2026-08-18 15:37:54.611,bicycle_ID_469,bicycle,Potsdam (kein Wechsel),False
2026-08-18 15:37:56.146,person_ID_775,person,Berlin (kein Wechsel),False
2026-08-18 15:37:57.646,person_ID_773,person,Potsdam (kein Wechsel),False
2026-08-18 15:38:05.808,person_ID_777,person,Berlin->Potsdam,True
2026-08-18 15:38:05.809,bicycle_ID_470,bicycle,Berlin->Potsdam,True
2026-08-18 15:38:07.044,person_ID_776,person,Potsdam (kein Wechsel),False
2026-08-18 15:38:08.946,person_ID_778,person,Potsdam (kein Wechsel),False
2026-08-18 15:38:10.048,person_ID_779,person,Potsdam (kein Wechsel),False
2026-08-18 15:38:11.179,person_ID_780,person,Potsdam (kein Wechsel),False
2026-08-18 15:38:12.451,person_ID_781,person,Potsdam (kein Wechsel),False
2026-08-18 15:38:15.210,person_ID_782,person,Berlin (kein Wechsel),False
2026-08-18 15:38:24.349,person_ID_783,person,Potsdam (kein Wechsel),False
2026-08-18 15:38:30.111,person_ID_784,person,Berlin->Potsdam,True
2026-08-18 15:38:30.112,bicycle_ID_471,bicycle,Berlin->Potsdam,True
2026-08-18 15:38:47.252,bicycle_ID_472,bicycle,Berlin (kein Wechsel),False
2026-08-18 15:38:48.113,person_ID_786,person,Berlin (kein Wechsel),False
2026-08-18 15:38:49.081,person_ID_785,person,Berlin->Potsdam,True
2026-08-18 15:38:49.081,bicycle_ID_473,bicycle,Berlin->Potsdam,True
2026-08-18 15:38:51.783,car_ID_609,car,Berlin->Potsdam,True
2026-08-18 15:38:54.217,car_ID_610,car,Berlin->Potsdam,True
2026-08-18 15:38:55.650,car_ID_611,car,Potsdam->Berlin,True
2026-08-18 15:38:55.682,car_ID_612,car,Berlin (kein Wechsel),False
2026-08-18 15:39:35.581,car_ID_613,car,Potsdam->Berlin,True
2026-08-18 15:39:38.382,car_ID_614,car,Berlin->Potsdam,True
2026-08-18 15:40:07.822,person_ID_787,person,Berlin->Potsdam,True
2026-08-18 15:40:07.822,bicycle_ID_474,bicycle,Berlin->Potsdam,True
2026-08-18 15:40:17.321,person_ID_788,person,Berlin->Potsdam,True
2026-08-18 15:40:17.321,bicycle_ID_475,bicycle,Berlin->Potsdam,True
2026-08-18 15:40:26.723,car_ID_615,car,Berlin->Potsdam,True
2026-08-18 15:40:28.086,car_ID_616,car,Potsdam (kein Wechsel),False
2026-08-18 15:40:34.454,person_ID_789,person,Berlin (kein Wechsel),False
2026-08-18 15:41:05.624,bicycle_ID_476,bicycle,Berlin (kein Wechsel),False
2026-08-18 15:41:06.555,person_ID_791,person,Berlin (kein Wechsel),False
2026-08-18 15:41:06.724,person_ID_790,person,Berlin (kein Wechsel),False
2026-08-18 15:41:07.360,bicycle_ID_477,bicycle,Berlin->Potsdam,True
2026-08-18 15:41:11.990,bus_ID_64,bus,Berlin->Potsdam,True
2026-08-18 15:41:31.657,car_ID_617,car,Berlin->Potsdam,True
2026-08-18 15:41:53.729,car_ID_618,car,Berlin->Potsdam,True
2026-08-18 15:42:01.096,bicycle_ID_478,bicycle,Berlin->Potsdam,True
2026-08-18 15:42:01.325,person_ID_792,person,Berlin->Potsdam,True
2026-08-18 15:42:01.559,person_ID_793,person,Potsdam (kein Wechsel),False
2026-08-18 15:42:22.293,car_ID_619,car,Berlin (kein Wechsel),False
2026-08-18 15:42:28.461,car_ID_620,car,Potsdam (kein Wechsel),False
2026-08-18 15:42:30.827,car_ID_621,car,Potsdam->Berlin,True
2026-08-18 15:42:39.163,car_ID_622,car,Potsdam->Berlin,True
2026-08-18 15:42:40.663,person_ID_794,person,Potsdam (kein Wechsel),False
2026-08-18 15:42:42.163,bicycle_ID_479,bicycle,Potsdam (kein Wechsel),False
2026-08-18 15:42:55.495,car_ID_623,car,Berlin->Potsdam,True
2026-08-18 15:42:58.529,person_ID_795,person,Berlin (kein Wechsel),False
2026-08-18 15:43:11.197,car_ID_624,car,Potsdam->Berlin,True
2026-08-18 15:43:26.232,car_ID_625,car,Berlin->Potsdam,True
2026-08-18 15:43:27.698,person_ID_796,person,Berlin->Potsdam,True
2026-08-18 15:43:27.698,bicycle_ID_480,bicycle,Berlin->Potsdam,True
2026-08-18 15:43:45.800,bicycle_ID_481,bicycle,Berlin (kein Wechsel),False
2026-08-18 15:43:47.068,person_ID_798,person,Berlin->Potsdam,True
2026-08-18 15:43:47.101,bicycle_ID_482,bicycle,Berlin->Potsdam,True
2026-08-18 15:43:47.131,person_ID_797,person,Berlin (kein Wechsel),False
2026-08-18 15:43:47.201,person_ID_799,person,Berlin (kein Wechsel),False
2026-08-18 15:43:50.131,person_ID_800,person,Berlin (kein Wechsel),False
2026-08-18 15:43:51.432,person_ID_801,person,Berlin (kein Wechsel),False
2026-08-18 15:43:52.599,car_ID_627,car,Berlin (kein Wechsel),False
2026-08-18 15:43:53.401,car_ID_626,car,Berlin->Potsdam,True
2026-08-18 15:43:53.799,car_ID_628,car,Potsdam (kein Wechsel),False
2026-08-18 15:43:55.633,car_ID_629,car,Berlin (kein Wechsel),False
2026-08-18 15:43:55.870,car_ID_631,car,Potsdam (kein Wechsel),False
2026-08-18 15:43:57.802,car_ID_630,car,Potsdam->Berlin,True
2026-08-18 15:43:58.801,person_ID_802,person,Berlin (kein Wechsel),False
2026-08-18 15:43:59.932,person_ID_803,person,Berlin (kein Wechsel),False
2026-08-18 15:44:01.700,person_ID_804,person,Berlin (kein Wechsel),False
2026-08-18 15:44:06.632,person_ID_805,person,Berlin->Potsdam,True
2026-08-18 15:44:09.035,person_ID_806,person,Potsdam (kein Wechsel),False
2026-08-18 15:44:10.232,car_ID_632,car,Potsdam->Berlin,True
2026-08-18 15:44:11.201,person_ID_807,person,Potsdam (kein Wechsel),False
2026-08-18 15:44:11.569,car_ID_633,car,Potsdam->Berlin,True
2026-08-18 15:44:11.935,car_ID_634,car,Potsdam->Berlin,True
2026-08-18 15:44:13.837,car_ID_635,car,Potsdam (kein Wechsel),False
2026-08-18 15:44:15.369,person_ID_809,person,Potsdam (kein Wechsel),False
2026-08-18 15:44:15.401,bicycle_ID_483,bicycle,Potsdam (kein Wechsel),False
2026-08-18 15:44:16.002,bicycle_ID_485,bicycle,Berlin (kein Wechsel),False
2026-08-18 15:44:16.567,car_ID_636,car,Potsdam->Berlin,True
2026-08-18 15:44:17.269,bicycle_ID_486,bicycle,Potsdam (kein Wechsel),False
2026-08-18 15:44:17.703,person_ID_811,person,Potsdam (kein Wechsel),False
2026-08-18 15:44:18.002,person_ID_810,person,Berlin->Potsdam,True
2026-08-18 15:44:18.002,bicycle_ID_484,bicycle,Berlin->Potsdam,True
2026-08-18 15:44:18.069,person_ID_808,person,Potsdam (kein Wechsel),False
2026-08-18 15:44:18.070,car_ID_638,car,Potsdam (kein Wechsel),False
2026-08-18 15:44:18.102,person_ID_812,person,Potsdam->Berlin,True
2026-08-18 15:44:18.934,car_ID_639,car,Potsdam (kein Wechsel),False
2026-08-18 15:44:19.835,person_ID_813,person,Berlin (kein Wechsel),False
2026-08-18 15:44:20.368,person_ID_814,person,Potsdam (kein Wechsel),False
2026-08-18 15:44:21.100,person_ID_815,person,Potsdam (kein Wechsel),False
2026-08-18 15:44:21.900,car_ID_637,car,Potsdam->Berlin,True
2026-08-18 15:44:24.503,car_ID_640,car,Berlin->Potsdam,True
2026-08-18 15:44:26.503,car_ID_641,car,Potsdam (kein Wechsel),False
2026-08-18 15:44:29.205,car_ID_642,car,Potsdam->Berlin,True
2026-08-18 15:44:31.271,bicycle_ID_487,bicycle,Berlin (kein Wechsel),False
2026-08-18 15:44:33.339,car_ID_643,car,Berlin->Potsdam,True
2026-08-18 15:44:33.370,person_ID_816,person,Berlin->Potsdam,True
2026-08-18 15:44:33.838,bicycle_ID_488,bicycle,Berlin->Potsdam,True
2026-08-18 15:44:59.938,car_ID_645,car,Potsdam (kein Wechsel),False
2026-08-18 15:45:01.408,car_ID_644,car,Potsdam->Berlin,True
2026-08-18 15:45:02.341,car_ID_646,car,Berlin->Potsdam,True
2026-08-18 15:45:16.904,bus_ID_65,bus,Potsdam (kein Wechsel),False
2026-08-18 15:45:18.707,bus_ID_66,bus,Potsdam->Berlin,True
2026-08-18 15:45:21.073,bus_ID_67,bus,Potsdam->Berlin,True
2026-08-18 15:45:33.341,car_ID_647,car,Potsdam->Berlin,True
2026-08-18 15:45:36.304,car_ID_648,car,Potsdam->Berlin,True
2026-08-18 15:45:37.173,person_ID_817,person,Potsdam (kein Wechsel),False
2026-08-18 15:45:40.707,person_ID_819,person,Potsdam (kein Wechsel),False
2026-08-18 15:45:40.808,person_ID_818,person,Potsdam->Berlin,True
2026-08-18 15:45:42.443,person_ID_820,person,Potsdam->Berlin,True
2026-08-18 15:45:44.404,person_ID_821,person,Berlin (kein Wechsel),False
2026-08-18 15:45:49.841,person_ID_823,person,Potsdam (kein Wechsel),False
2026-08-18 15:45:51.205,person_ID_824,person,Potsdam->Berlin,True
2026-08-18 15:45:51.673,person_ID_825,person,Berlin (kein Wechsel),False
2026-08-18 15:45:52.073,person_ID_826,person,Berlin (kein Wechsel),False
2026-08-18 15:45:56.443,person_ID_822,person,Potsdam->Berlin,True
2026-08-18 15:46:10.174,car_ID_649,car,Potsdam->Berlin,True
2026-08-18 15:46:19.876,bicycle_ID_489,bicycle,Berlin (kein Wechsel),False
2026-08-18 15:46:20.545,bicycle_ID_491,bicycle,Berlin (kein Wechsel),False
2026-08-18 15:46:22.212,person_ID_827,person,Berlin->Potsdam,True
2026-08-18 15:46:22.278,bicycle_ID_490,bicycle,Berlin->Potsdam,True
2026-08-18 15:46:22.944,person_ID_828,person,Berlin (kein Wechsel),False
2026-08-18 15:46:23.343,person_ID_829,person,Potsdam (kein Wechsel),False
2026-08-18 15:46:23.910,bicycle_ID_492,bicycle,Berlin->Potsdam,True
2026-08-18 15:46:27.313,car_ID_651,car,Berlin->Potsdam,True
2026-08-18 15:46:27.542,car_ID_650,car,Potsdam->Berlin,True
2026-08-18 15:46:27.844,person_ID_830,person,Berlin (kein Wechsel),False
2026-08-18 15:46:28.382,car_ID_652,car,Potsdam (kein Wechsel),False
2026-08-18 15:46:29.312,person_ID_832,person,Berlin (kein Wechsel),False
2026-08-18 15:46:33.114,person_ID_831,person,Berlin (kein Wechsel),False
2026-08-18 15:46:33.611,person_ID_833,person,Berlin (kein Wechsel),False
2026-08-18 15:46:34.979,person_ID_834,person,Berlin (kein Wechsel),False
2026-08-18 15:46:35.744,bicycle_ID_493,bicycle,Berlin (kein Wechsel),False
2026-08-18 15:46:36.275,bicycle_ID_494,bicycle,Berlin (kein Wechsel),False
2026-08-18 15:46:38.576,bicycle_ID_495,bicycle,Potsdam (kein Wechsel),False
2026-08-18 15:46:38.845,person_ID_835,person,Potsdam (kein Wechsel),False
2026-08-18 15:46:42.845,bicycle_ID_496,bicycle,Potsdam (kein Wechsel),False
2026-08-18 15:46:42.912,bicycle_ID_497,bicycle,Potsdam (kein Wechsel),False
2026-08-18 15:46:43.511,person_ID_836,person,Potsdam (kein Wechsel),False
2026-08-18 15:46:43.980,bicycle_ID_498,bicycle,Potsdam (kein Wechsel),False
2026-08-18 15:46:44.579,person_ID_837,person,Potsdam (kein Wechsel),False
2026-08-18 15:46:44.743,bicycle_ID_500,bicycle,Potsdam (kein Wechsel),False
2026-08-18 15:46:46.080,car_ID_653,car,Potsdam->Berlin,True
2026-08-18 15:46:46.345,bicycle_ID_499,bicycle,Potsdam->Berlin,True
2026-08-18 15:46:46.545,person_ID_838,person,Berlin (kein Wechsel),False
2026-08-18 15:47:06.078,car_ID_654,car,Potsdam->Berlin,True
2026-08-18 15:47:49.615,car_ID_656,car,Potsdam (kein Wechsel),False
2026-08-18 15:47:49.748,car_ID_655,car,Potsdam (kein Wechsel),False
2026-08-18 15:47:53.949,car_ID_658,car,Berlin (kein Wechsel),False
2026-08-18 15:47:54.382,car_ID_659,car,Berlin (kein Wechsel),False
2026-08-18 15:47:54.947,car_ID_657,car,Potsdam->Berlin,True
2026-08-18 15:48:02.785,person_ID_839,person,Potsdam (kein Wechsel),False
2026-08-18 15:48:03.349,person_ID_840,person,Potsdam (kein Wechsel),False
2026-08-18 15:48:03.816,bicycle_ID_502,bicycle,Potsdam (kein Wechsel),False
2026-08-18 15:48:05.583,bicycle_ID_503,bicycle,Potsdam->Berlin,True
2026-08-18 15:48:05.815,bicycle_ID_501,bicycle,Potsdam->Berlin,True
2026-08-18 15:48:05.952,person_ID_841,person,Potsdam->Berlin,True
2026-08-18 15:48:08.251,person_ID_842,person,Berlin (kein Wechsel),False
2026-08-18 15:48:09.885,car_ID_661,car,Berlin (kein Wechsel),False
2026-08-18 15:48:09.916,car_ID_660,car,Berlin (kein Wechsel),False
2026-08-18 15:48:11.384,bicycle_ID_504,bicycle,Berlin->Potsdam,True
2026-08-18 15:48:11.916,person_ID_843,person,Berlin->Potsdam,True
2026-08-18 15:48:17.347,car_ID_662,car,Potsdam->Berlin,True
2026-08-18 15:48:19.985,bicycle_ID_505,bicycle,Potsdam (kein Wechsel),False
2026-08-18 15:48:20.885,bicycle_ID_506,bicycle,Potsdam (kein Wechsel),False
2026-08-18 15:48:23.419,person_ID_844,person,Potsdam->Berlin,True
2026-08-18 15:48:23.584,bicycle_ID_507,bicycle,Potsdam->Berlin,True
2026-08-18 15:48:24.584,person_ID_845,person,Berlin (kein Wechsel),False
2026-08-18 15:48:24.817,bicycle_ID_508,bicycle,Berlin (kein Wechsel),False
2026-08-18 15:48:25.448,person_ID_846,person,Berlin (kein Wechsel),False
2026-08-18 15:48:39.519,car_ID_663,car,Potsdam->Berlin,True
2026-08-18 15:48:39.850,car_ID_664,car,Berlin->Potsdam,True
2026-08-18 15:48:40.550,car_ID_666,car,Berlin (kein Wechsel),False
2026-08-18 15:48:41.619,car_ID_665,car,Potsdam->Berlin,True
2026-08-18 15:49:01.619,person_ID_847,person,Berlin (kein Wechsel),False
2026-08-18 15:49:03.618,bicycle_ID_510,bicycle,Potsdam (kein Wechsel),False
2026-08-18 15:49:05.687,person_ID_848,person,Berlin->Potsdam,True
2026-08-18 15:49:06.220,bicycle_ID_509,bicycle,Berlin->Potsdam,True
2026-08-18 15:49:06.390,person_ID_849,person,Potsdam (kein Wechsel),False
2026-08-18 15:49:06.620,bicycle_ID_513,bicycle,Potsdam (kein Wechsel),False
2026-08-18 15:49:07.220,bicycle_ID_514,bicycle,Potsdam (kein Wechsel),False
2026-08-18 15:49:07.287,bicycle_ID_511,bicycle,Potsdam (kein Wechsel),False
2026-08-18 15:49:08.288,bicycle_ID_512,bicycle,Berlin->Potsdam,True
2026-08-18 15:49:11.155,person_ID_850,person,Potsdam (kein Wechsel),False
2026-08-18 15:49:11.818,person_ID_851,person,Potsdam (kein Wechsel),False
2026-08-18 15:49:12.349,bicycle_ID_515,bicycle,Potsdam (kein Wechsel),False
2026-08-18 15:49:12.418,person_ID_852,person,Potsdam (kein Wechsel),False
2026-08-18 15:49:13.452,bicycle_ID_516,bicycle,Berlin (kein Wechsel),False
2026-08-18 15:49:13.587,person_ID_853,person,Berlin (kein Wechsel),False
2026-08-18 15:49:15.920,person_ID_854,person,Berlin (kein Wechsel),False
2026-08-18 15:49:17.754,person_ID_855,person,Potsdam (kein Wechsel),False
2026-08-18 15:49:20.550,person_ID_856,person,Potsdam (kein Wechsel),False
2026-08-18 15:49:23.922,person_ID_857,person,Potsdam (kein Wechsel),False
2026-08-18 15:49:25.051,person_ID_858,person,Potsdam (kein Wechsel),False
2026-08-18 15:49:28.785,person_ID_859,person,Potsdam (kein Wechsel),False
2026-08-18 15:49:30.519,person_ID_860,person,Potsdam (kein Wechsel),False
2026-08-18 15:49:34.787,person_ID_861,person,Potsdam (kein Wechsel),False
2026-08-18 15:49:39.459,bicycle_ID_517,bicycle,Berlin (kein Wechsel),False
2026-08-18 15:49:41.120,bicycle_ID_518,bicycle,Berlin->Potsdam,True
2026-08-18 15:49:41.619,person_ID_862,person,Berlin->Potsdam,True
2026-08-18 15:49:46.122,bicycle_ID_521,bicycle,Berlin (kein Wechsel),False
2026-08-18 15:49:46.256,bicycle_ID_520,bicycle,Berlin (kein Wechsel),False
2026-08-18 15:49:47.023,bicycle_ID_522,bicycle,Berlin (kein Wechsel),False
2026-08-18 15:49:47.023,bicycle_ID_523,bicycle,Berlin (kein Wechsel),False
2026-08-18 15:49:47.055,person_ID_863,person,Berlin->Potsdam,True
2026-08-18 15:49:47.056,person_ID_864,person,Berlin (kein Wechsel),False
2026-08-18 15:49:47.121,person_ID_865,person,Berlin (kein Wechsel),False
2026-08-18 15:49:47.325,bicycle_ID_519,bicycle,Berlin->Potsdam,True
2026-08-18 15:49:51.490,car_ID_667,car,Berlin->Potsdam,True
2026-08-18 15:50:01.021,person_ID_866,person,Potsdam (kein Wechsel),False
2026-08-18 15:50:28.059,car_ID_668,car,Berlin->Potsdam,True
2026-08-18 15:50:30.793,person_ID_868,person,Potsdam (kein Wechsel),False
2026-08-18 15:50:32.121,person_ID_867,person,Potsdam (kein Wechsel),False
2026-08-18 15:50:32.858,person_ID_869,person,Potsdam (kein Wechsel),False
2026-08-18 15:50:33.093,bicycle_ID_524,bicycle,Berlin (kein Wechsel),False
2026-08-18 15:50:33.458,person_ID_870,person,Potsdam (kein Wechsel),False
2026-08-18 15:50:34.125,person_ID_873,person,Potsdam (kein Wechsel),False
2026-08-18 15:50:35.060,person_ID_871,person,Berlin->Potsdam,True
2026-08-18 15:50:35.060,bicycle_ID_525,bicycle,Berlin->Potsdam,True
2026-08-18 15:50:35.260,car_ID_669,car,Berlin->Potsdam,True
2026-08-18 15:50:35.393,person_ID_872,person,Potsdam->Berlin,True
2026-08-18 15:50:36.091,car_ID_670,car,Potsdam (kein Wechsel),False
2026-08-18 15:50:38.227,person_ID_874,person,Berlin (kein Wechsel),False
2026-08-18 15:50:39.762,person_ID_875,person,Potsdam (kein Wechsel),False
2026-08-18 15:50:42.559,person_ID_876,person,Potsdam (kein Wechsel),False
2026-08-18 15:50:56.523,bicycle_ID_526,bicycle,Berlin (kein Wechsel),False
2026-08-18 15:50:56.893,bicycle_ID_527,bicycle,Berlin (kein Wechsel),False
2026-08-18 15:50:59.559,person_ID_877,person,Berlin->Potsdam,True
2026-08-18 15:50:59.559,bicycle_ID_528,bicycle,Berlin->Potsdam,True
2026-08-18 15:51:31.662,person_ID_878,person,Potsdam (kein Wechsel),False
2026-08-18 15:51:47.068,car_ID_672,car,Berlin (kein Wechsel),False
2026-08-18 15:51:47.132,person_ID_879,person,Potsdam (kein Wechsel),False
2026-08-18 15:51:47.899,car_ID_671,car,Berlin->Potsdam,True
2026-08-18 15:51:52.731,person_ID_880,person,Potsdam (kein Wechsel),False
2026-08-18 15:51:58.995,person_ID_881,person,Potsdam (kein Wechsel),False
2026-08-18 15:52:01.496,bicycle_ID_529,bicycle,Berlin (kein Wechsel),False
2026-08-18 15:52:03.863,person_ID_882,person,Berlin->Potsdam,True
2026-08-18 15:52:04.364,bicycle_ID_530,bicycle,Berlin->Potsdam,True
2026-08-18 15:52:04.599,car_ID_673,car,Potsdam->Berlin,True
2026-08-18 15:52:04.794,bus_ID_68,bus,Berlin (kein Wechsel),False
2026-08-18 15:52:04.965,person_ID_883,person,Potsdam (kein Wechsel),False
2026-08-18 15:52:06.165,car_ID_674,car,Berlin->Potsdam,True
2026-08-18 15:52:06.694,car_ID_676,car,Potsdam (kein Wechsel),False
2026-08-18 15:52:08.166,car_ID_675,car,Berlin->Potsdam,True
2026-08-18 15:52:08.200,person_ID_884,person,Berlin (kein Wechsel),False
2026-08-18 15:52:09.294,car_ID_677,car,Potsdam (kein Wechsel),False
2026-08-18 15:52:11.897,car_ID_678,car,Berlin->Potsdam,True
2026-08-18 15:52:19.897,car_ID_679,car,Potsdam->Berlin,True
2026-08-18 15:52:20.432,car_ID_680,car,Berlin->Potsdam,True
2026-08-18 15:53:06.036,person_ID_885,person,Potsdam (kein Wechsel),False
2026-08-18 15:53:06.366,person_ID_886,person,Potsdam (kein Wechsel),False
2026-08-18 15:53:07.535,person_ID_887,person,Berlin (kein Wechsel),False
2026-08-18 15:53:08.464,person_ID_888,person,Berlin (kein Wechsel),False
2026-08-18 15:53:20.103,person_ID_889,person,Potsdam (kein Wechsel),False
2026-08-18 15:53:21.235,person_ID_891,person,Potsdam (kein Wechsel),False
2026-08-18 15:53:21.637,person_ID_890,person,Berlin (kein Wechsel),False
2026-08-18 15:53:22.567,person_ID_892,person,Potsdam (kein Wechsel),False
2026-08-18 15:53:23.301,car_ID_681,car,Berlin->Potsdam,True
2026-08-18 15:53:23.739,person_ID_893,person,Berlin (kein Wechsel),False
2026-08-18 15:53:24.871,person_ID_894,person,Berlin (kein Wechsel),False
2026-08-18 15:53:29.403,car_ID_682,car,Potsdam->Berlin,True
2026-08-18 15:53:37.770,car_ID_683,car,Berlin->Potsdam,True
2026-08-18 15:53:45.835,person_ID_895,person,Berlin (kein Wechsel),False
2026-08-18 15:53:47.069,person_ID_896,person,Potsdam (kein Wechsel),False
2026-08-18 15:53:51.737,person_ID_897,person,Potsdam (kein Wechsel),False
2026-08-18 15:53:53.669,person_ID_898,person,Potsdam (kein Wechsel),False
2026-08-18 15:53:55.706,car_ID_684,car,Berlin->Potsdam,True
2026-08-18 15:53:56.006,person_ID_899,person,Potsdam->Berlin,True
2026-08-18 15:54:00.670,person_ID_900,person,Berlin (kein Wechsel),False
2026-08-18 15:54:01.737,car_ID_685,car,Potsdam (kein Wechsel),False
2026-08-18 15:54:02.437,person_ID_901,person,Berlin (kein Wechsel),False
2026-08-18 15:54:03.138,car_ID_686,car,Berlin->Potsdam,True
2026-08-18 15:54:03.968,car_ID_687,car,Potsdam->Berlin,True
2026-08-18 15:54:04.106,person_ID_902,person,Berlin (kein Wechsel),False
2026-08-18 15:54:16.907,car_ID_688,car,Berlin->Potsdam,True
2026-08-18 15:54:22.439,car_ID_689,car,Potsdam->Berlin,True
2026-08-18 15:54:26.569,car_ID_690,car,Potsdam (kein Wechsel),False
2026-08-18 15:54:28.873,car_ID_691,car,Potsdam->Berlin,True
2026-08-18 15:54:33.140,person_ID_903,person,Potsdam (kein Wechsel),False
2026-08-18 15:54:33.870,person_ID_904,person,Berlin (kein Wechsel),False
2026-08-18 15:54:34.873,bicycle_ID_531,bicycle,Berlin->Potsdam,True
2026-08-18 15:54:34.971,person_ID_905,person,Berlin->Potsdam,True
2026-08-18 15:54:35.406,bicycle_ID_532,bicycle,Potsdam (kein Wechsel),False
2026-08-18 15:54:35.706,person_ID_906,person,Berlin (kein Wechsel),False
2026-08-18 15:54:43.910,person_ID_907,person,Potsdam (kein Wechsel),False
2026-08-18 15:54:48.111,person_ID_908,person,Potsdam (kein Wechsel),False
2026-08-18 15:54:55.674,person_ID_909,person,Berlin->Potsdam,True
2026-08-18 15:54:57.211,car_ID_693,car,Potsdam (kein Wechsel),False
2026-08-18 15:54:58.345,person_ID_910,person,Berlin (kein Wechsel),False
2026-08-18 15:54:59.208,car_ID_692,car,Potsdam->Berlin,True
2026-08-18 15:54:59.208,car_ID_694,car,Berlin (kein Wechsel),False
2026-08-18 15:55:00.076,person_ID_911,person,Berlin (kein Wechsel),False
2026-08-18 15:55:02.140,person_ID_912,person,Potsdam (kein Wechsel),False
2026-08-18 15:55:02.677,bicycle_ID_533,bicycle,Berlin (kein Wechsel),False
2026-08-18 15:55:02.840,person_ID_913,person,Potsdam (kein Wechsel),False
2026-08-18 15:55:03.246,bicycle_ID_535,bicycle,Berlin (kein Wechsel),False
2026-08-18 15:55:03.547,bicycle_ID_534,bicycle,Berlin (kein Wechsel),False
2026-08-18 15:55:04.240,person_ID_915,person,Potsdam (kein Wechsel),False
2026-08-18 15:55:04.377,person_ID_914,person,Potsdam (kein Wechsel),False
2026-08-18 15:55:04.809,bicycle_ID_536,bicycle,Potsdam (kein Wechsel),False
2026-08-18 15:55:06.208,person_ID_916,person,Potsdam (kein Wechsel),False
2026-08-18 15:55:06.379,bicycle_ID_537,bicycle,Potsdam (kein Wechsel),False
2026-08-18 15:55:07.708,bicycle_ID_538,bicycle,Potsdam (kein Wechsel),False
2026-08-18 15:55:10.043,car_ID_695,car,Berlin->Potsdam,True
2026-08-18 15:55:18.540,person_ID_917,person,Berlin (kein Wechsel),False
2026-08-18 15:55:20.178,person_ID_918,person,Berlin (kein Wechsel),False
2026-08-18 15:55:23.441,person_ID_919,person,Berlin (kein Wechsel),False
2026-08-18 15:55:47.780,person_ID_920,person,Berlin->Potsdam,True
2026-08-18 15:55:47.980,car_ID_696,car,Potsdam (kein Wechsel),False
2026-08-18 15:55:50.645,car_ID_697,car,Potsdam->Berlin,True
2026-08-18 15:55:53.910,person_ID_921,person,Potsdam (kein Wechsel),False
2026-08-18 15:55:55.611,person_ID_922,person,Potsdam (kein Wechsel),False
2026-08-18 15:55:58.180,person_ID_923,person,Potsdam (kein Wechsel),False
2026-08-18 15:56:00.845,person_ID_924,person,Potsdam (kein Wechsel),False
2026-08-18 15:56:06.644,person_ID_925,person,Berlin (kein Wechsel),False
2026-08-18 15:56:10.446,person_ID_926,person,Berlin (kein Wechsel),False
2026-08-18 15:56:14.113,bicycle_ID_539,bicycle,Berlin->Potsdam,True
2026-08-18 15:56:14.680,person_ID_928,person,Berlin->Potsdam,True
2026-08-18 15:56:17.082,person_ID_929,person,Berlin (kein Wechsel),False
2026-08-18 15:56:22.580,person_ID_927,person,Berlin->Potsdam,True
2026-08-18 15:56:24.143,person_ID_930,person,Potsdam (kein Wechsel),False
2026-08-18 15:56:25.644,person_ID_931,person,Potsdam (kein Wechsel),False
2026-08-18 15:56:27.443,person_ID_933,person,Potsdam (kein Wechsel),False
2026-08-18 15:56:27.812,person_ID_934,person,Potsdam (kein Wechsel),False
2026-08-18 15:56:28.546,person_ID_932,person,Potsdam (kein Wechsel),False
2026-08-18 15:56:29.644,bicycle_ID_540,bicycle,Berlin (kein Wechsel),False
2026-08-18 15:56:29.913,person_ID_935,person,Potsdam->Berlin,True
2026-08-18 15:56:31.283,person_ID_937,person,Berlin (kein Wechsel),False
2026-08-18 15:56:36.880,person_ID_936,person,Potsdam (kein Wechsel),False
2026-08-18 15:56:48.914,person_ID_938,person,Potsdam (kein Wechsel),False
2026-08-18 15:56:50.414,person_ID_939,person,Potsdam (kein Wechsel),False
2026-08-18 15:56:51.117,person_ID_940,person,Berlin (kein Wechsel),False
2026-08-18 15:56:51.550,person_ID_941,person,Berlin (kein Wechsel),False
2026-08-18 15:56:52.683,person_ID_942,person,Berlin (kein Wechsel),False
2026-08-18 15:56:55.816,car_ID_698,car,Berlin->Potsdam,True
2026-08-18 15:57:00.551,car_ID_699,car,Berlin->Potsdam,True
2026-08-18 15:57:07.082,bus_ID_70,bus,Berlin (kein Wechsel),False
2026-08-18 15:57:07.514,bus_ID_69,bus,Berlin (kein Wechsel),False
2026-08-18 15:57:07.618,car_ID_700,car,Berlin->Potsdam,True
2026-08-18 15:57:26.852,car_ID_701,car,Potsdam->Berlin,True
2026-08-18 15:57:32.352,person_ID_943,person,Berlin (kein Wechsel),False
2026-08-18 15:57:32.653,person_ID_944,person,Berlin (kein Wechsel),False
2026-08-18 15:57:33.255,bicycle_ID_541,bicycle,Berlin->Potsdam,True
2026-08-18 15:57:53.516,car_ID_702,car,Berlin (kein Wechsel),False
2026-08-18 15:57:56.216,bicycle_ID_542,bicycle,Potsdam (kein Wechsel),False
2026-08-18 15:57:56.953,person_ID_945,person,Potsdam (kein Wechsel),False
2026-08-18 15:57:58.753,bicycle_ID_543,bicycle,Potsdam (kein Wechsel),False
2026-08-18 15:57:59.585,car_ID_703,car,Berlin->Potsdam,True
2026-08-18 15:57:59.887,bicycle_ID_544,bicycle,Potsdam (kein Wechsel),False
2026-08-18 15:58:00.015,person_ID_946,person,Potsdam->Berlin,True
2026-08-18 15:58:00.454,bicycle_ID_545,bicycle,Berlin (kein Wechsel),False
2026-08-18 15:58:01.055,car_ID_704,car,Potsdam (kein Wechsel),False
2026-08-18 15:58:01.654,person_ID_947,person,Berlin (kein Wechsel),False
2026-08-18 15:58:01.755,bicycle_ID_546,bicycle,Berlin (kein Wechsel),False
2026-08-18 15:58:01.953,bicycle_ID_548,bicycle,Berlin (kein Wechsel),False
2026-08-18 15:58:02.687,person_ID_948,person,Potsdam->Berlin,True
2026-08-18 15:58:02.687,bicycle_ID_547,bicycle,Potsdam->Berlin,True
2026-08-18 15:58:02.786,bicycle_ID_549,bicycle,Berlin (kein Wechsel),False
2026-08-18 15:58:03.254,person_ID_949,person,Berlin (kein Wechsel),False
2026-08-18 15:58:03.819,person_ID_950,person,Berlin (kein Wechsel),False
2026-08-18 15:58:04.420,car_ID_705,car,Potsdam (kein Wechsel),False
2026-08-18 15:58:05.885,car_ID_708,car,Potsdam (kein Wechsel),False
2026-08-18 15:58:06.453,car_ID_706,car,Potsdam->Berlin,True
2026-08-18 15:58:06.552,car_ID_709,car,Berlin->Potsdam,True
2026-08-18 15:58:07.285,car_ID_707,car,Berlin->Potsdam,True
2026-08-18 15:58:08.653,car_ID_710,car,Berlin (kein Wechsel),False
2026-08-18 15:58:13.855,car_ID_711,car,Berlin->Potsdam,True
2026-08-18 15:58:15.089,bicycle_ID_550,bicycle,Potsdam (kein Wechsel),False
2026-08-18 15:58:15.685,person_ID_951,person,Potsdam (kein Wechsel),False
2026-08-18 15:58:16.125,person_ID_952,person,Potsdam (kein Wechsel),False
2026-08-18 15:58:17.555,person_ID_953,person,Potsdam (kein Wechsel),False
2026-08-18 15:58:18.355,person_ID_954,person,Berlin (kein Wechsel),False
2026-08-18 15:58:18.785,bicycle_ID_551,bicycle,Potsdam->Berlin,True
2026-08-18 15:58:19.454,bicycle_ID_553,bicycle,Potsdam (kein Wechsel),False
2026-08-18 15:58:20.286,person_ID_956,person,Berlin (kein Wechsel),False
2026-08-18 15:58:20.286,bicycle_ID_552,bicycle,Potsdam->Berlin,True
2026-08-18 15:58:21.820,person_ID_955,person,Berlin (kein Wechsel),False
2026-08-18 15:58:21.984,bicycle_ID_554,bicycle,Berlin (kein Wechsel),False
2026-08-18 15:58:23.124,person_ID_957,person,Berlin (kein Wechsel),False
2026-08-18 15:58:26.656,car_ID_713,car,Potsdam (kein Wechsel),False
2026-08-18 15:58:29.722,car_ID_712,car,Potsdam->Berlin,True
2026-08-18 15:58:30.454,car_ID_714,car,Potsdam (kein Wechsel),False
2026-08-18 15:58:30.622,car_ID_715,car,Potsdam (kein Wechsel),False
2026-08-18 15:58:31.954,car_ID_716,car,Potsdam (kein Wechsel),False
2026-08-18 15:58:32.256,bus_ID_72,bus,Berlin (kein Wechsel),False
2026-08-18 15:58:32.921,bus_ID_71,bus,Berlin (kein Wechsel),False
2026-08-18 15:58:33.289,person_ID_958,person,Berlin->Potsdam,True
2026-08-18 15:58:33.822,bicycle_ID_555,bicycle,Berlin->Potsdam,True
2026-08-18 15:58:56.586,bicycle_ID_556,bicycle,Berlin (kein Wechsel),False
2026-08-18 15:58:57.424,bicycle_ID_558,bicycle,Berlin (kein Wechsel),False
2026-08-18 15:58:57.589,person_ID_959,person,Berlin->Potsdam,True
2026-08-18 15:58:57.755,bicycle_ID_557,bicycle,Berlin->Potsdam,True
2026-08-18 15:59:03.657,bicycle_ID_559,bicycle,Berlin (kein Wechsel),False
2026-08-18 15:59:04.124,bicycle_ID_560,bicycle,Berlin (kein Wechsel),False
2026-08-18 15:59:04.725,bicycle_ID_561,bicycle,Berlin->Potsdam,True
2026-08-18 15:59:05.192,person_ID_960,person,Berlin->Potsdam,True
2026-08-18 15:59:06.888,car_ID_717,car,Potsdam->Berlin,True
2026-08-18 15:59:08.787,person_ID_962,person,Berlin (kein Wechsel),False
2026-08-18 15:59:08.955,person_ID_961,person,Berlin (kein Wechsel),False
2026-08-18 15:59:10.291,person_ID_963,person,Potsdam (kein Wechsel),False
2026-08-18 15:59:18.524,bicycle_ID_563,bicycle,Berlin (kein Wechsel),False
2026-08-18 15:59:19.856,bicycle_ID_562,bicycle,Berlin->Potsdam,True
2026-08-18 15:59:20.357,person_ID_964,person,Berlin->Potsdam,True
2026-08-18 15:59:47.191,car_ID_718,car,Potsdam->Berlin,True
2026-08-18 15:59:53.159,car_ID_719,car,Potsdam->Berlin,True
2026-08-18 16:00:03.528,person_ID_966,person,Berlin (kein Wechsel),False
2026-08-18 16:00:03.596,person_ID_965,person,Berlin (kein Wechsel),False
2026-08-18 16:00:04.195,bicycle_ID_564,bicycle,Berlin->Potsdam,True
2026-08-18 16:00:32.393,car_ID_720,car,Potsdam->Berlin,True
2026-08-18 16:00:40.096,car_ID_721,car,Potsdam->Berlin,True
2026-08-18 16:00:47.063,car_ID_722,car,Potsdam->Berlin,True
2026-08-18 16:00:51.430,car_ID_723,car,Berlin (kein Wechsel),False
2026-08-18 16:00:55.029,bus_ID_73,bus,Berlin->Potsdam,True
2026-08-18 16:01:04.030,bicycle_ID_566,bicycle,Berlin (kein Wechsel),False
2026-08-18 16:01:04.061,person_ID_967,person,Berlin (kein Wechsel),False
2026-08-18 16:01:04.130,bicycle_ID_565,bicycle,Berlin (kein Wechsel),False
2026-08-18 16:01:04.498,person_ID_968,person,Berlin (kein Wechsel),False
2026-08-18 16:01:05.099,bicycle_ID_567,bicycle,Berlin->Potsdam,True
2026-08-18 16:01:08.659,bicycle_ID_568,bicycle,Potsdam (kein Wechsel),False
2026-08-18 16:01:09.063,bicycle_ID_569,bicycle,Potsdam (kein Wechsel),False
2026-08-18 16:01:09.098,person_ID_969,person,Potsdam (kein Wechsel),False
2026-08-18 16:01:09.665,person_ID_970,person,Potsdam (kein Wechsel),False
2026-08-18 16:01:11.296,car_ID_724,car,Berlin->Potsdam,True
2026-08-18 16:01:14.265,person_ID_971,person,Berlin (kein Wechsel),False
2026-08-18 16:01:19.598,car_ID_725,car,Potsdam->Berlin,True
2026-08-18 16:01:31.799,bicycle_ID_570,bicycle,Potsdam (kein Wechsel),False
2026-08-18 16:01:33.532,bicycle_ID_571,bicycle,Potsdam (kein Wechsel),False
2026-08-18 16:01:33.862,bicycle_ID_572,bicycle,Potsdam (kein Wechsel),False
2026-08-18 16:01:34.200,person_ID_972,person,Potsdam (kein Wechsel),False
2026-08-18 16:01:36.998,bicycle_ID_573,bicycle,Berlin (kein Wechsel),False
2026-08-18 16:01:46.268,bicycle_ID_574,bicycle,Potsdam (kein Wechsel),False
2026-08-18 16:01:46.833,car_ID_726,car,Potsdam (kein Wechsel),False
2026-08-18 16:01:47.002,bicycle_ID_575,bicycle,Potsdam->Berlin,True
2026-08-18 16:01:47.068,person_ID_974,person,Berlin (kein Wechsel),False
2026-08-18 16:01:48.469,person_ID_975,person,Berlin (kein Wechsel),False
2026-08-18 16:01:48.533,car_ID_727,car,Berlin (kein Wechsel),False
2026-08-18 16:01:48.732,bicycle_ID_576,bicycle,Berlin (kein Wechsel),False
2026-08-18 16:01:52.432,car_ID_729,car,Potsdam (kein Wechsel),False
2026-08-18 16:01:55.268,car_ID_728,car,Potsdam->Berlin,True
2026-08-18 16:01:57.168,person_ID_973,person,Berlin->Potsdam,True
2026-08-18 16:02:04.038,person_ID_976,person,Potsdam (kein Wechsel),False
2026-08-18 16:02:12.904,car_ID_730,car,Berlin->Potsdam,True
2026-08-18 16:02:14.803,car_ID_731,car,Berlin->Potsdam,True
2026-08-18 16:02:33.671,person_ID_977,person,Potsdam (kein Wechsel),False
2026-08-18 16:02:35.232,car_ID_732,car,Potsdam (kein Wechsel),False
2026-08-18 16:02:38.004,bicycle_ID_577,bicycle,Berlin (kein Wechsel),False
2026-08-18 16:02:39.936,bicycle_ID_578,bicycle,Berlin->Potsdam,True
2026-08-18 16:02:40.003,person_ID_979,person,Berlin->Potsdam,True
2026-08-18 16:02:43.234,person_ID_978,person,Potsdam->Berlin,True
2026-08-18 16:02:48.039,bicycle_ID_579,bicycle,Berlin (kein Wechsel),False
2026-08-18 16:02:48.772,person_ID_981,person,Berlin->Potsdam,True
2026-08-18 16:02:48.772,bicycle_ID_580,bicycle,Berlin->Potsdam,True
2026-08-18 16:02:49.806,person_ID_980,person,Berlin (kein Wechsel),False
2026-08-18 16:02:51.532,bicycle_ID_581,bicycle,Potsdam (kein Wechsel),False
2026-08-18 16:02:52.738,car_ID_733,car,Potsdam (kein Wechsel),False
2026-08-18 16:02:53.004,person_ID_982,person,Berlin (kein Wechsel),False
2026-08-18 16:02:55.037,person_ID_983,person,Berlin (kein Wechsel),False
2026-08-18 16:02:55.138,bicycle_ID_582,bicycle,Potsdam->Berlin,True
2026-08-18 16:02:56.835,bicycle_ID_585,bicycle,Berlin (kein Wechsel),False
2026-08-18 16:02:57.104,person_ID_985,person,Berlin (kein Wechsel),False
2026-08-18 16:02:57.305,person_ID_986,person,Berlin->Potsdam,True
2026-08-18 16:02:57.305,bicycle_ID_583,bicycle,Berlin->Potsdam,True
2026-08-18 16:02:57.370,bicycle_ID_586,bicycle,Berlin (kein Wechsel),False
2026-08-18 16:02:57.503,person_ID_984,person,Berlin->Potsdam,True
2026-08-18 16:02:57.872,bicycle_ID_584,bicycle,Berlin->Potsdam,True
2026-08-18 16:02:58.633,person_ID_987,person,Berlin (kein Wechsel),False
2026-08-18 16:03:01.770,car_ID_734,car,Berlin->Potsdam,True
2026-08-18 16:03:03.236,bicycle_ID_587,bicycle,Berlin (kein Wechsel),False
2026-08-18 16:03:04.106,person_ID_988,person,Berlin (kein Wechsel),False
2026-08-18 16:03:10.335,bicycle_ID_588,bicycle,Potsdam (kein Wechsel),False
2026-08-18 16:03:11.533,car_ID_735,car,Potsdam (kein Wechsel),False
2026-08-18 16:03:13.039,bicycle_ID_589,bicycle,Berlin (kein Wechsel),False
2026-08-18 16:03:14.404,person_ID_989,person,Berlin (kein Wechsel),False
2026-08-18 16:03:15.538,bicycle_ID_590,bicycle,Berlin (kein Wechsel),False
2026-08-18 16:03:17.573,bicycle_ID_591,bicycle,Potsdam (kein Wechsel),False
2026-08-18 16:03:19.005,person_ID_990,person,Potsdam (kein Wechsel),False
2026-08-18 16:03:19.506,bicycle_ID_592,bicycle,Potsdam (kein Wechsel),False
2026-08-18 16:03:20.140,bicycle_ID_593,bicycle,Potsdam->Berlin,True
2026-08-18 16:03:21.773,person_ID_991,person,Potsdam->Berlin,True
2026-08-18 16:03:39.274,car_ID_736,car,Potsdam->Berlin,True
2026-08-18 16:03:42.675,car_ID_737,car,Potsdam->Berlin,True
2026-08-18 16:04:00.775,bicycle_ID_594,bicycle,Potsdam (kein Wechsel),False
2026-08-18 16:04:02.107,bicycle_ID_595,bicycle,Potsdam (kein Wechsel),False
2026-08-18 16:04:02.875,car_ID_738,car,Berlin->Potsdam,True
2026-08-18 16:04:03.442,person_ID_992,person,Berlin (kein Wechsel),False
2026-08-18 16:04:03.442,bicycle_ID_596,bicycle,Berlin (kein Wechsel),False
2026-08-18 16:04:04.375,person_ID_993,person,Berlin (kein Wechsel),False
2026-08-18 16:04:05.105,bicycle_ID_597,bicycle,Berlin (kein Wechsel),False
2026-08-18 16:04:06.475,bicycle_ID_598,bicycle,Potsdam (kein Wechsel),False
2026-08-18 16:04:06.941,person_ID_994,person,Potsdam (kein Wechsel),False
2026-08-18 16:04:07.077,bicycle_ID_599,bicycle,Potsdam (kein Wechsel),False
2026-08-18 16:04:08.406,bicycle_ID_600,bicycle,Potsdam (kein Wechsel),False
2026-08-18 16:04:08.674,bicycle_ID_603,bicycle,Potsdam (kein Wechsel),False
2026-08-18 16:04:08.709,person_ID_995,person,Potsdam (kein Wechsel),False
2026-08-18 16:04:08.778,person_ID_996,person,Potsdam (kein Wechsel),False
2026-08-18 16:04:09.208,bicycle_ID_601,bicycle,Potsdam->Berlin,True
2026-08-18 16:04:09.576,bicycle_ID_605,bicycle,Potsdam (kein Wechsel),False
2026-08-18 16:04:09.674,person_ID_999,person,Potsdam (kein Wechsel),False
2026-08-18 16:04:09.705,car_ID_739,car,Berlin (kein Wechsel),False
2026-08-18 16:04:09.776,person_ID_997,person,Berlin (kein Wechsel),False
2026-08-18 16:04:09.875,person_ID_998,person,Berlin (kein Wechsel),False
2026-08-18 16:04:09.943,person_ID_1001,person,Berlin (kein Wechsel),False
2026-08-18 16:04:10.176,bicycle_ID_602,bicycle,Potsdam (kein Wechsel),False
2026-08-18 16:04:10.444,bicycle_ID_604,bicycle,Potsdam->Berlin,True
2026-08-18 16:04:10.607,bicycle_ID_607,bicycle,Berlin (kein Wechsel),False
2026-08-18 16:04:11.476,bicycle_ID_606,bicycle,Berlin (kein Wechsel),False
2026-08-18 16:04:11.544,bicycle_ID_609,bicycle,Berlin (kein Wechsel),False
2026-08-18 16:04:11.710,bicycle_ID_608,bicycle,Berlin (kein Wechsel),False
2026-08-18 16:04:11.845,person_ID_1002,person,Berlin (kein Wechsel),False
2026-08-18 16:04:11.845,person_ID_1003,person,Berlin (kein Wechsel),False
2026-08-18 16:04:11.876,bicycle_ID_610,bicycle,Berlin (kein Wechsel),False
2026-08-18 16:04:12.405,person_ID_1000,person,Berlin->Potsdam,True
2026-08-18 16:04:12.942,bicycle_ID_611,bicycle,Berlin (kein Wechsel),False
2026-08-18 16:04:13.542,person_ID_1004,person,Berlin (kein Wechsel),False
2026-08-18 16:04:27.776,car_ID_740,car,Potsdam->Berlin,True
2026-08-18 16:04:32.278,car_ID_741,car,Potsdam->Berlin,True
2026-08-18 16:04:37.546,car_ID_743,car,Berlin (kein Wechsel),False
2026-08-18 16:04:37.611,car_ID_742,car,Berlin (kein Wechsel),False
2026-08-18 16:04:44.843,car_ID_745,car,Potsdam (kein Wechsel),False
2026-08-18 16:04:47.176,car_ID_744,car,Potsdam->Berlin,True
2026-08-18 16:05:05.777,bicycle_ID_612,bicycle,Berlin->Potsdam,True
2026-08-18 16:05:05.813,person_ID_1005,person,Berlin->Potsdam,True
2026-08-18 16:05:07.446,bicycle_ID_614,bicycle,Berlin (kein Wechsel),False
2026-08-18 16:05:08.513,person_ID_1006,person,Berlin (kein Wechsel),False
2026-08-18 16:05:09.247,person_ID_1007,person,Berlin->Potsdam,True
2026-08-18 16:05:09.746,bicycle_ID_613,bicycle,Berlin->Potsdam,True
2026-08-18 16:05:10.113,bicycle_ID_616,bicycle,Berlin (kein Wechsel),False
2026-08-18 16:05:11.480,person_ID_1008,person,Berlin (kein Wechsel),False
2026-08-18 16:05:11.480,bicycle_ID_617,bicycle,Berlin (kein Wechsel),False
2026-08-18 16:05:11.515,bicycle_ID_615,bicycle,Berlin (kein Wechsel),False
2026-08-18 16:05:14.215,car_ID_746,car,Berlin->Potsdam,True
2026-08-18 16:05:18.616,person_ID_1009,person,Potsdam (kein Wechsel),False
2026-08-18 16:05:18.775,bicycle_ID_618,bicycle,Potsdam (kein Wechsel),False
2026-08-18 16:05:19.218,bicycle_ID_619,bicycle,Potsdam (kein Wechsel),False
2026-08-18 16:05:19.247,person_ID_1010,person,Potsdam (kein Wechsel),False
2026-08-18 16:05:19.646,car_ID_747,car,Berlin->Potsdam,True
2026-08-18 16:05:21.347,person_ID_1011,person,Potsdam->Berlin,True
2026-08-18 16:05:21.347,bicycle_ID_620,bicycle,Potsdam->Berlin,True
2026-08-18 16:05:23.247,bicycle_ID_621,bicycle,Berlin (kein Wechsel),False
2026-08-18 16:05:23.477,car_ID_748,car,Potsdam->Berlin,True
2026-08-18 16:05:23.678,person_ID_1012,person,Berlin (kein Wechsel),False
2026-08-18 16:05:23.678,car_ID_750,car,Potsdam (kein Wechsel),False
2026-08-18 16:05:27.779,car_ID_749,car,Potsdam->Berlin,True
2026-08-18 16:05:44.248,bus_ID_74,bus,Potsdam->Berlin,True
2026-08-18 16:05:46.879,bus_ID_75,bus,Potsdam->Berlin,True
2026-08-18 16:05:48.216,car_ID_752,car,Potsdam (kein Wechsel),False
2026-08-18 16:05:50.383,bicycle_ID_623,bicycle,Berlin (kein Wechsel),False
2026-08-18 16:05:50.948,person_ID_1013,person,Berlin->Potsdam,True
2026-08-18 16:05:51.217,car_ID_751,car,Potsdam->Berlin,True
2026-08-18 16:05:51.447,bicycle_ID_622,bicycle,Berlin->Potsdam,True
2026-08-18 16:06:04.848,bicycle_ID_624,bicycle,Potsdam (kein Wechsel),False
2026-08-18 16:06:05.549,person_ID_1014,person,Potsdam (kein Wechsel),False
2026-08-18 16:06:05.849,person_ID_1015,person,Potsdam (kein Wechsel),False
2026-08-18 16:06:06.517,bicycle_ID_625,bicycle,Potsdam (kein Wechsel),False
2026-08-18 16:06:06.616,person_ID_1016,person,Potsdam (kein Wechsel),False
2026-08-18 16:06:06.879,person_ID_1017,person,Potsdam (kein Wechsel),False
2026-08-18 16:06:07.280,person_ID_1018,person,Berlin (kein Wechsel),False
2026-08-18 16:06:07.417,bicycle_ID_626,bicycle,Berlin (kein Wechsel),False
2026-08-18 16:06:07.680,car_ID_753,car,Potsdam->Berlin,True
2026-08-18 16:06:07.880,person_ID_1019,person,Berlin (kein Wechsel),False
2026-08-18 16:06:08.386,person_ID_1020,person,Berlin (kein Wechsel),False
2026-08-18 16:06:45.151,car_ID_754,car,Berlin->Potsdam,True
2026-08-18 16:06:52.687,person_ID_1021,person,Berlin->Potsdam,True
2026-08-18 16:06:52.687,bicycle_ID_627,bicycle,Berlin->Potsdam,True
2026-08-18 16:06:53.587,car_ID_755,car,Potsdam->Berlin,True
2026-08-18 16:07:00.620,car_ID_756,car,Berlin->Potsdam,True
2026-08-18 16:07:03.250,car_ID_758,car,Berlin->Potsdam,True
2026-08-18 16:07:03.288,car_ID_757,car,Berlin->Potsdam,True
2026-08-18 16:07:22.021,car_ID_759,car,Berlin->Potsdam,True
2026-08-18 16:07:23.121,bicycle_ID_628,bicycle,Berlin (kein Wechsel),False
2026-08-18 16:07:23.221,car_ID_760,car,Potsdam (kein Wechsel),False
2026-08-18 16:07:24.521,person_ID_1022,person,Berlin->Potsdam,True
2026-08-18 16:07:24.521,bicycle_ID_629,bicycle,Berlin->Potsdam,True
2026-08-18 16:07:27.219,car_ID_761,car,Berlin->Potsdam,True
2026-08-18 16:07:37.220,bicycle_ID_630,bicycle,Potsdam->Berlin,True
2026-08-18 16:07:41.290,person_ID_1023,person,Berlin->Potsdam,True
2026-08-18 16:07:57.121,car_ID_762,car,Potsdam->Berlin,True
2026-08-18 16:07:59.755,bicycle_ID_631,bicycle,Potsdam (kein Wechsel),False
2026-08-18 16:08:01.054,person_ID_1024,person,Potsdam (kein Wechsel),False
2026-08-18 16:08:01.191,bicycle_ID_632,bicycle,Potsdam (kein Wechsel),False
2026-08-18 16:08:02.591,person_ID_1025,person,Potsdam (kein Wechsel),False
2026-08-18 16:08:02.753,person_ID_1026,person,Berlin (kein Wechsel),False
2026-08-18 16:08:03.421,person_ID_1027,person,Berlin (kein Wechsel),False
2026-08-18 16:08:15.889,person_ID_1029,person,Potsdam (kein Wechsel),False
2026-08-18 16:08:19.560,person_ID_1031,person,Berlin (kein Wechsel),False
2026-08-18 16:08:25.625,car_ID_763,car,Potsdam->Berlin,True
2026-08-18 16:08:27.591,bicycle_ID_634,bicycle,Berlin (kein Wechsel),False
2026-08-18 16:08:27.724,bicycle_ID_633,bicycle,Berlin (kein Wechsel),False
2026-08-18 16:08:28.257,bicycle_ID_635,bicycle,Berlin->Potsdam,True
2026-08-18 16:08:28.794,person_ID_1032,person,Berlin->Potsdam,True
2026-08-18 16:08:30.925,bicycle_ID_636,bicycle,Berlin (kein Wechsel),False
2026-08-18 16:08:31.593,person_ID_1028,person,Potsdam->Berlin,True
2026-08-18 16:08:32.327,person_ID_1033,person,Berlin (kein Wechsel),False
2026-08-18 16:08:32.661,person_ID_1034,person,Berlin (kein Wechsel),False
2026-08-18 16:08:32.859,bicycle_ID_637,bicycle,Berlin (kein Wechsel),False
2026-08-18 16:08:32.891,bicycle_ID_638,bicycle,Berlin (kein Wechsel),False
2026-08-18 16:08:33.029,person_ID_1030,person,Potsdam->Berlin,True
2026-08-18 16:08:33.362,person_ID_1035,person,Berlin (kein Wechsel),False
2026-08-18 16:08:33.827,person_ID_1036,person,Potsdam (kein Wechsel),False
2026-08-18 16:08:34.461,bicycle_ID_639,bicycle,Potsdam (kein Wechsel),False
2026-08-18 16:08:34.927,bicycle_ID_640,bicycle,Potsdam (kein Wechsel),False
2026-08-18 16:08:42.559,car_ID_764,car,Berlin->Potsdam,True
2026-08-18 16:08:43.427,person_ID_1037,person,Berlin (kein Wechsel),False
2026-08-18 16:08:43.991,person_ID_1038,person,Berlin (kein Wechsel),False
2026-08-18 16:08:44.461,bicycle_ID_641,bicycle,Berlin->Potsdam,True
2026-08-18 16:08:48.124,car_ID_765,car,Berlin->Potsdam,True
2026-08-18 16:08:49.327,car_ID_766,car,Potsdam (kein Wechsel),False
2026-08-18 16:09:14.694,bicycle_ID_642,bicycle,Potsdam (kein Wechsel),False
2026-08-18 16:09:15.031,bicycle_ID_643,bicycle,Potsdam (kein Wechsel),False
2026-08-18 16:09:15.763,person_ID_1039,person,Berlin (kein Wechsel),False
2026-08-18 16:09:16.262,bicycle_ID_644,bicycle,Potsdam (kein Wechsel),False
2026-08-18 16:09:17.925,person_ID_1040,person,Potsdam->Berlin,True
2026-08-18 16:09:20.326,person_ID_1041,person,Berlin (kein Wechsel),False
2026-08-18 16:09:21.324,car_ID_767,car,Potsdam->Berlin,True
2026-08-18 16:09:34.695,bicycle_ID_646,bicycle,Potsdam (kein Wechsel),False
2026-08-18 16:09:35.362,bicycle_ID_645,bicycle,Potsdam (kein Wechsel),False
2026-08-18 16:09:35.462,person_ID_1042,person,Potsdam (kein Wechsel),False
2026-08-18 16:09:38.727,person_ID_1043,person,Potsdam (kein Wechsel),False
2026-08-18 16:09:39.063,bicycle_ID_647,bicycle,Potsdam (kein Wechsel),False
2026-08-18 16:09:39.096,car_ID_768,car,Potsdam->Berlin,True
2026-08-18 16:09:39.794,person_ID_1044,person,Potsdam (kein Wechsel),False
2026-08-18 16:09:40.697,bicycle_ID_648,bicycle,Potsdam (kein Wechsel),False
2026-08-18 16:09:42.193,person_ID_1045,person,Potsdam (kein Wechsel),False
2026-08-18 16:09:48.159,person_ID_1046,person,Potsdam->Berlin,True
2026-08-18 16:09:52.628,person_ID_1047,person,Berlin (kein Wechsel),False
2026-08-18 16:09:57.425,bicycle_ID_649,bicycle,Berlin->Potsdam,True
2026-08-18 16:09:57.495,person_ID_1048,person,Berlin->Potsdam,True
2026-08-18 16:09:58.327,person_ID_1049,person,Potsdam (kein Wechsel),False
2026-08-18 16:10:06.696,bicycle_ID_650,bicycle,Potsdam (kein Wechsel),False
2026-08-18 16:10:07.430,person_ID_1050,person,Potsdam (kein Wechsel),False
2026-08-18 16:10:08.263,bicycle_ID_651,bicycle,Potsdam (kein Wechsel),False
2026-08-18 16:10:08.832,person_ID_1051,person,Potsdam (kein Wechsel),False
2026-08-18 16:10:11.497,person_ID_1052,person,Berlin (kein Wechsel),False
2026-08-18 16:10:35.933,bicycle_ID_652,bicycle,Berlin (kein Wechsel),False
2026-08-18 16:10:36.700,car_ID_770,car,Potsdam (kein Wechsel),False
2026-08-18 16:10:36.933,bicycle_ID_653,bicycle,Berlin->Potsdam,True
2026-08-18 16:10:36.966,person_ID_1053,person,Berlin->Potsdam,True
2026-08-18 16:10:37.544,bicycle_ID_654,bicycle,Berlin->Potsdam,True
2026-08-18 16:10:39.366,car_ID_769,car,Potsdam->Berlin,True
2026-08-18 16:10:41.399,bicycle_ID_656,bicycle,Berlin (kein Wechsel),False
2026-08-18 16:10:41.634,bicycle_ID_657,bicycle,Berlin (kein Wechsel),False
2026-08-18 16:10:42.566,person_ID_1054,person,Berlin->Potsdam,True
2026-08-18 16:10:42.566,bicycle_ID_655,bicycle,Berlin->Potsdam,True
2026-08-18 16:10:59.135,car_ID_772,car,Berlin (kein Wechsel),False
2026-08-18 16:10:59.168,car_ID_771,car,Berlin (kein Wechsel),False
2026-08-18 16:11:04.268,person_ID_1055,person,Berlin->Potsdam,True
2026-08-18 16:11:04.434,person_ID_1056,person,Berlin->Potsdam,True
2026-08-18 16:11:04.601,bicycle_ID_658,bicycle,Berlin->Potsdam,True
2026-08-18 16:11:04.733,bicycle_ID_659,bicycle,Berlin->Potsdam,True
2026-08-18 16:11:05.400,car_ID_774,car,Potsdam (kein Wechsel),False
2026-08-18 16:11:07.867,car_ID_773,car,Potsdam->Berlin,True
2026-08-18 16:11:13.568,car_ID_775,car,Potsdam->Berlin,True
2026-08-18 16:11:29.569,car_ID_776,car,Berlin->Potsdam,True
2026-08-18 16:11:31.304,person_ID_1057,person,Potsdam (kein Wechsel),False
2026-08-18 16:11:31.536,car_ID_777,car,Potsdam (kein Wechsel),False
2026-08-18 16:11:32.068,car_ID_778,car,Potsdam (kein Wechsel),False
2026-08-18 16:11:33.504,person_ID_1058,person,Potsdam (kein Wechsel),False
2026-08-18 16:11:33.705,car_ID_779,car,Potsdam->Berlin,True
2026-08-18 16:11:33.801,car_ID_781,car,Potsdam (kein Wechsel),False
2026-08-18 16:11:34.368,car_ID_780,car,Berlin->Potsdam,True
2026-08-18 16:11:35.002,person_ID_1059,person,Potsdam (kein Wechsel),False
2026-08-18 16:11:43.636,person_ID_1060,person,Potsdam->Berlin,True
2026-08-18 16:11:52.602,bicycle_ID_660,bicycle,Berlin (kein Wechsel),False
2026-08-18 16:11:52.970,person_ID_1061,person,Berlin (kein Wechsel),False
2026-08-18 16:11:53.103,person_ID_1063,person,Berlin->Potsdam,True
2026-08-18 16:11:53.169,car_ID_783,car,Potsdam (kein Wechsel),False
2026-08-18 16:11:53.300,person_ID_1062,person,Berlin (kein Wechsel),False
2026-08-18 16:11:53.600,bicycle_ID_661,bicycle,Berlin->Potsdam,True
2026-08-18 16:11:55.804,car_ID_782,car,Potsdam->Berlin,True
2026-08-18 16:11:57.839,person_ID_1064,person,Potsdam (kein Wechsel),False
2026-08-18 16:11:59.038,bicycle_ID_662,bicycle,Potsdam (kein Wechsel),False
2026-08-18 16:11:59.238,person_ID_1065,person,Potsdam (kein Wechsel),False
2026-08-18 16:11:59.806,bicycle_ID_663,bicycle,Potsdam (kein Wechsel),False
2026-08-18 16:11:59.870,person_ID_1066,person,Potsdam (kein Wechsel),False
2026-08-18 16:12:00.506,person_ID_1067,person,Berlin (kein Wechsel),False
2026-08-18 16:12:01.337,person_ID_1068,person,Berlin (kein Wechsel),False
2026-08-18 16:12:10.471,car_ID_785,car,Potsdam (kein Wechsel),False
2026-08-18 16:12:12.840,car_ID_786,car,Berlin (kein Wechsel),False
2026-08-18 16:12:13.811,car_ID_784,car,Potsdam->Berlin,True
2026-08-18 16:12:16.106,car_ID_787,car,Berlin (kein Wechsel),False
2026-08-18 16:12:16.842,car_ID_788,car,Berlin (kein Wechsel),False
2026-08-18 16:12:31.607,car_ID_789,car,Potsdam->Berlin,True
2026-08-18 16:12:37.473,bicycle_ID_665,bicycle,Potsdam (kein Wechsel),False
2026-08-18 16:12:38.107,bicycle_ID_664,bicycle,Potsdam (kein Wechsel),False
2026-08-18 16:12:38.140,person_ID_1069,person,Potsdam (kein Wechsel),False
2026-08-18 16:12:38.240,person_ID_1070,person,Potsdam (kein Wechsel),False
2026-08-18 16:12:38.907,person_ID_1071,person,Potsdam (kein Wechsel),False
2026-08-18 16:12:39.407,car_ID_790,car,Potsdam->Berlin,True
2026-08-18 16:12:39.714,person_ID_1073,person,Potsdam (kein Wechsel),False
2026-08-18 16:12:39.779,bicycle_ID_667,bicycle,Potsdam (kein Wechsel),False
2026-08-18 16:12:40.073,bicycle_ID_666,bicycle,Potsdam->Berlin,True
2026-08-18 16:12:41.271,bicycle_ID_668,bicycle,Berlin (kein Wechsel),False
2026-08-18 16:12:43.240,bicycle_ID_669,bicycle,Berlin (kein Wechsel),False
2026-08-18 16:12:43.841,person_ID_1072,person,Potsdam->Berlin,True
2026-08-18 16:12:58.440,bicycle_ID_670,bicycle,Berlin (kein Wechsel),False
2026-08-18 16:12:59.209,person_ID_1074,person,Berlin->Potsdam,True
2026-08-18 16:12:59.872,person_ID_1075,person,Potsdam (kein Wechsel),False
2026-08-18 16:13:08.341,car_ID_792,car,Potsdam (kein Wechsel),False
2026-08-18 16:13:08.375,car_ID_793,car,Potsdam (kein Wechsel),False
2026-08-18 16:13:12.041,car_ID_791,car,Potsdam->Berlin,True
2026-08-18 16:13:19.573,car_ID_794,car,Berlin->Potsdam,True
2026-08-18 16:13:32.976,car_ID_796,car,Potsdam (kein Wechsel),False
2026-08-18 16:13:33.342,car_ID_795,car,Berlin->Potsdam,True
2026-08-18 16:13:38.075,person_ID_1077,person,Berlin (kein Wechsel),False
2026-08-18 16:13:38.644,person_ID_1076,person,Berlin (kein Wechsel),False
2026-08-18 16:13:38.673,bicycle_ID_671,bicycle,Berlin (kein Wechsel),False
2026-08-18 16:13:39.475,person_ID_1078,person,Berlin->Potsdam,True
2026-08-18 16:13:39.509,bicycle_ID_672,bicycle,Berlin->Potsdam,True
2026-08-18 16:13:39.575,person_ID_1079,person,Potsdam (kein Wechsel),False
2026-08-18 16:13:39.575,bicycle_ID_673,bicycle,Potsdam (kein Wechsel),False
2026-08-18 16:13:39.911,person_ID_1080,person,Potsdam (kein Wechsel),False
2026-08-18 16:13:41.541,car_ID_798,car,Potsdam (kein Wechsel),False
2026-08-18 16:13:42.678,bicycle_ID_675,bicycle,Berlin (kein Wechsel),False
2026-08-18 16:13:43.044,person_ID_1081,person,Berlin (kein Wechsel),False
2026-08-18 16:13:43.245,bicycle_ID_674,bicycle,Berlin->Potsdam,True
2026-08-18 16:13:43.449,car_ID_797,car,Potsdam->Berlin,True
2026-08-18 16:14:03.443,person_ID_1082,person,Potsdam (kein Wechsel),False
2026-08-18 16:14:05.011,person_ID_1083,person,Potsdam->Berlin,True
2026-08-18 16:14:06.043,person_ID_1084,person,Berlin (kein Wechsel),False
2026-08-18 16:14:06.180,bicycle_ID_676,bicycle,Potsdam->Berlin,True
2026-08-18 16:14:06.382,bicycle_ID_677,bicycle,Berlin (kein Wechsel),False
2026-08-18 16:14:06.780,person_ID_1085,person,Berlin (kein Wechsel),False
2026-08-18 16:14:06.812,bicycle_ID_678,bicycle,Berlin (kein Wechsel),False
2026-08-18 16:14:07.512,car_ID_799,car,Berlin (kein Wechsel),False
2026-08-18 16:14:09.979,car_ID_801,car,Potsdam (kein Wechsel),False
2026-08-18 16:14:10.745,car_ID_802,car,Berlin (kein Wechsel),False
2026-08-18 16:14:11.612,car_ID_800,car,Potsdam->Berlin,True
2026-08-18 16:14:11.648,bicycle_ID_680,bicycle,Potsdam (kein Wechsel),False
2026-08-18 16:14:13.116,car_ID_803,car,Potsdam (kein Wechsel),False
2026-08-18 16:14:13.116,bicycle_ID_681,bicycle,Potsdam (kein Wechsel),False
2026-08-18 16:14:13.280,person_ID_1086,person,Potsdam->Berlin,True
2026-08-18 16:14:13.612,bicycle_ID_682,bicycle,Potsdam (kein Wechsel),False
2026-08-18 16:14:14.080,person_ID_1087,person,Potsdam->Berlin,True
2026-08-18 16:14:14.144,person_ID_1088,person,Berlin (kein Wechsel),False
2026-08-18 16:14:14.812,bicycle_ID_679,bicycle,Potsdam->Berlin,True
2026-08-18 16:14:15.544,bicycle_ID_683,bicycle,Berlin (kein Wechsel),False
2026-08-18 16:14:16.011,person_ID_1089,person,Berlin (kein Wechsel),False
2026-08-18 16:14:18.613,car_ID_804,car,Potsdam (kein Wechsel),False
2026-08-18 16:14:19.845,car_ID_805,car,Potsdam (kein Wechsel),False
2026-08-18 16:14:23.880,car_ID_808,car,Berlin->Potsdam,True
2026-08-18 16:14:23.979,car_ID_806,car,Berlin->Potsdam,True
2026-08-18 16:14:24.580,car_ID_807,car,Potsdam (kein Wechsel),False
2026-08-18 16:14:30.046,car_ID_809,car,Potsdam (kein Wechsel),False
2026-08-18 16:14:31.248,car_ID_810,car,Potsdam (kein Wechsel),False
2026-08-18 16:14:34.581,car_ID_811,car,Potsdam (kein Wechsel),False
2026-08-18 16:14:37.048,car_ID_812,car,Potsdam (kein Wechsel),False
2026-08-18 16:14:42.845,car_ID_813,car,Berlin->Potsdam,True
2026-08-18 16:14:44.648,car_ID_814,car,Potsdam (kein Wechsel),False
2026-08-18 16:14:48.312,car_ID_815,car,Potsdam (kein Wechsel),False
2026-08-18 16:14:50.785,bicycle_ID_685,bicycle,Berlin (kein Wechsel),False
2026-08-18 16:14:51.382,person_ID_1090,person,Berlin (kein Wechsel),False
2026-08-18 16:14:51.413,bicycle_ID_684,bicycle,Berlin->Potsdam,True
2026-08-18 16:14:52.447,bicycle_ID_686,bicycle,Berlin->Potsdam,True
2026-08-18 16:14:52.914,person_ID_1091,person,Berlin->Potsdam,True
2026-08-18 16:14:53.946,car_ID_816,car,Potsdam (kein Wechsel),False
2026-08-18 16:14:54.881,car_ID_817,car,Potsdam->Berlin,True
2026-08-18 16:14:58.984,bicycle_ID_687,bicycle,Berlin (kein Wechsel),False
2026-08-18 16:14:59.948,bicycle_ID_688,bicycle,Berlin (kein Wechsel),False
2026-08-18 16:15:00.781,person_ID_1092,person,Berlin->Potsdam,True
2026-08-18 16:15:02.315,car_ID_818,car,Potsdam (kein Wechsel),False
2026-08-18 16:15:03.982,car_ID_819,car,Potsdam (kein Wechsel),False
2026-08-18 16:15:04.148,car_ID_821,car,Potsdam (kein Wechsel),False
2026-08-18 16:15:04.946,person_ID_1093,person,Potsdam (kein Wechsel),False
2026-08-18 16:15:05.380,car_ID_820,car,Potsdam (kein Wechsel),False
2026-08-18 16:15:06.848,bus_ID_76,bus,Berlin (kein Wechsel),False
2026-08-18 16:15:07.015,bus_ID_77,bus,Berlin (kein Wechsel),False
2026-08-18 16:15:07.885,car_ID_822,car,Potsdam (kein Wechsel),False
2026-08-18 16:15:09.983,car_ID_823,car,Potsdam (kein Wechsel),False
2026-08-18 16:15:11.746,person_ID_1094,person,Potsdam (kein Wechsel),False
2026-08-18 16:15:17.352,person_ID_1096,person,Potsdam (kein Wechsel),False
2026-08-18 16:15:20.549,bicycle_ID_689,bicycle,Berlin (kein Wechsel),False
2026-08-18 16:15:20.915,car_ID_824,car,Potsdam (kein Wechsel),False
2026-08-18 16:15:22.717,bicycle_ID_691,bicycle,Berlin (kein Wechsel),False
2026-08-18 16:15:23.553,person_ID_1097,person,Berlin->Potsdam,True
2026-08-18 16:15:23.616,bicycle_ID_690,bicycle,Berlin->Potsdam,True
2026-08-18 16:15:24.115,person_ID_1095,person,Potsdam->Berlin,True
2026-08-18 16:15:29.285,car_ID_825,car,Potsdam (kein Wechsel),False
2026-08-18 16:15:29.615,person_ID_1098,person,Berlin (kein Wechsel),False
2026-08-18 16:15:31.284,person_ID_1099,person,Berlin (kein Wechsel),False
2026-08-18 16:15:35.152,bicycle_ID_692,bicycle,Berlin (kein Wechsel),False
2026-08-18 16:15:35.452,bicycle_ID_694,bicycle,Berlin (kein Wechsel),False
2026-08-18 16:15:36.816,bicycle_ID_695,bicycle,Berlin (kein Wechsel),False
2026-08-18 16:15:37.386,person_ID_1100,person,Berlin->Potsdam,True
2026-08-18 16:15:37.386,bicycle_ID_693,bicycle,Berlin->Potsdam,True
2026-08-18 16:15:48.986,car_ID_826,car,Potsdam (kein Wechsel),False
2026-08-18 16:15:49.487,car_ID_827,car,Potsdam (kein Wechsel),False
2026-08-18 16:15:50.453,car_ID_829,car,Potsdam->Berlin,True
2026-08-18 16:15:51.585,car_ID_828,car,Potsdam->Berlin,True
2026-08-18 16:15:52.717,car_ID_831,car,Potsdam (kein Wechsel),False
2026-08-18 16:15:52.752,bus_ID_78,bus,Potsdam (kein Wechsel),False
2026-08-18 16:15:53.015,car_ID_830,car,Potsdam (kein Wechsel),False
2026-08-18 16:15:54.955,car_ID_832,car,Potsdam (kein Wechsel),False
2026-08-18 16:15:57.317,car_ID_833,car,Potsdam (kein Wechsel),False
2026-08-18 16:15:58.515,car_ID_834,car,Potsdam (kein Wechsel),False
2026-08-18 16:16:00.420,car_ID_835,car,Potsdam->Berlin,True
2026-08-18 16:16:01.054,car_ID_837,car,Potsdam (kein Wechsel),False
2026-08-18 16:16:04.252,car_ID_836,car,Potsdam->Berlin,True
2026-08-18 16:16:24.921,car_ID_838,car,Potsdam (kein Wechsel),False
2026-08-18 16:16:42.489,person_ID_1101,person,Potsdam (kein Wechsel),False
2026-08-18 16:16:42.519,bicycle_ID_696,bicycle,Potsdam (kein Wechsel),False
2026-08-18 16:16:42.890,person_ID_1102,person,Potsdam (kein Wechsel),False
2026-08-18 16:16:44.123,person_ID_1103,person,Potsdam (kein Wechsel),False
2026-08-18 16:16:44.123,bicycle_ID_697,bicycle,Potsdam (kein Wechsel),False
2026-08-18 16:16:45.424,bicycle_ID_698,bicycle,Potsdam->Berlin,True
2026-08-18 16:16:46.288,person_ID_1104,person,Potsdam->Berlin,True
2026-08-18 16:16:46.857,person_ID_1105,person,Berlin (kein Wechsel),False
2026-08-18 16:16:47.090,bicycle_ID_699,bicycle,Berlin (kein Wechsel),False
2026-08-18 16:17:02.524,car_ID_839,car,Potsdam (kein Wechsel),False
2026-08-18 16:17:02.889,person_ID_1106,person,Berlin->Potsdam,True
2026-08-18 16:17:02.888,bicycle_ID_700,bicycle,Berlin->Potsdam,True
2026-08-18 16:17:05.290,car_ID_840,car,Potsdam->Berlin,True
2026-08-18 16:17:11.458,car_ID_841,car,Berlin->Potsdam,True
2026-08-18 16:17:11.888,car_ID_842,car,Potsdam (kein Wechsel),False
2026-08-18 16:17:12.226,car_ID_844,car,Potsdam (kein Wechsel),False
2026-08-18 16:17:13.258,car_ID_843,car,Berlin->Potsdam,True
2026-08-18 16:17:14.525,car_ID_845,car,Potsdam->Berlin,True
2026-08-18 16:17:16.758,bicycle_ID_701,bicycle,Potsdam (kein Wechsel),False
2026-08-18 16:17:17.292,bicycle_ID_702,bicycle,Potsdam (kein Wechsel),False
2026-08-18 16:17:17.726,person_ID_1107,person,Potsdam (kein Wechsel),False
2026-08-18 16:17:18.288,bicycle_ID_704,bicycle,Potsdam (kein Wechsel),False
2026-08-18 16:17:21.556,bicycle_ID_703,bicycle,Potsdam->Berlin,True
2026-08-18 16:17:21.593,person_ID_1108,person,Potsdam->Berlin,True
2026-08-18 16:17:23.260,person_ID_1109,person,Potsdam->Berlin,True
2026-08-18 16:17:29.257,bicycle_ID_705,bicycle,Berlin->Potsdam,True
2026-08-18 16:17:29.490,person_ID_1110,person,Berlin (kein Wechsel),False
2026-08-18 16:17:29.756,person_ID_1111,person,Potsdam (kein Wechsel),False
2026-08-18 16:17:31.026,car_ID_846,car,Potsdam (kein Wechsel),False
2026-08-18 16:17:33.258,car_ID_847,car,Potsdam->Berlin,True
2026-08-18 16:17:33.359,bicycle_ID_706,bicycle,Potsdam (kein Wechsel),False
2026-08-18 16:17:33.927,person_ID_1112,person,Potsdam (kein Wechsel),False
2026-08-18 16:17:33.927,person_ID_1113,person,Potsdam (kein Wechsel),False
2026-08-18 16:17:34.890,person_ID_1114,person,Potsdam (kein Wechsel),False
2026-08-18 16:17:34.927,person_ID_1115,person,Berlin (kein Wechsel),False
2026-08-18 16:17:35.789,person_ID_1116,person,Berlin (kein Wechsel),False
2026-08-18 16:17:36.958,bicycle_ID_707,bicycle,Berlin (kein Wechsel),False
2026-08-18 16:17:37.259,person_ID_1117,person,Berlin (kein Wechsel),False
2026-08-18 16:17:37.958,person_ID_1119,person,Berlin (kein Wechsel),False
2026-08-18 16:17:38.596,person_ID_1118,person,Berlin (kein Wechsel),False
2026-08-18 16:17:39.659,bicycle_ID_708,bicycle,Berlin (kein Wechsel),False
2026-08-18 16:17:43.291,person_ID_1121,person,Berlin (kein Wechsel),False
2026-08-18 16:17:44.259,bicycle_ID_710,bicycle,Berlin->Potsdam,True
2026-08-18 16:17:44.291,person_ID_1120,person,Berlin->Potsdam,True
2026-08-18 16:17:45.690,bicycle_ID_709,bicycle,Berlin (kein Wechsel),False
2026-08-18 16:17:48.191,person_ID_1122,person,Berlin (kein Wechsel),False
2026-08-18 16:17:49.790,bicycle_ID_711,bicycle,Berlin (kein Wechsel),False
2026-08-18 16:17:52.658,bicycle_ID_712,bicycle,Berlin (kein Wechsel),False
2026-08-18 16:17:55.960,bicycle_ID_713,bicycle,Potsdam (kein Wechsel),False
2026-08-18 16:17:57.890,person_ID_1123,person,Potsdam (kein Wechsel),False
2026-08-18 16:17:57.995,bicycle_ID_714,bicycle,Potsdam (kein Wechsel),False
2026-08-18 16:17:59.359,bicycle_ID_715,bicycle,Potsdam (kein Wechsel),False
2026-08-18 16:18:05.025,bicycle_ID_718,bicycle,Berlin (kein Wechsel),False
2026-08-18 16:18:05.025,bicycle_ID_719,bicycle,Potsdam (kein Wechsel),False
2026-08-18 16:18:05.832,bicycle_ID_717,bicycle,Berlin->Potsdam,True
2026-08-18 16:18:06.392,person_ID_1124,person,Berlin->Potsdam,True
2026-08-18 16:18:07.660,bicycle_ID_716,bicycle,Potsdam (kein Wechsel),False
2026-08-18 16:18:09.194,bicycle_ID_720,bicycle,Potsdam (kein Wechsel),False
2026-08-18 16:18:09.529,person_ID_1125,person,Berlin (kein Wechsel),False
2026-08-18 16:18:09.996,car_ID_849,car,Berlin->Potsdam,True
2026-08-18 16:18:11.262,car_ID_848,car,Potsdam->Berlin,True
2026-08-18 16:18:12.095,car_ID_850,car,Berlin->Potsdam,True
2026-08-18 16:18:12.791,person_ID_1127,person,Berlin (kein Wechsel),False
2026-08-18 16:18:15.692,person_ID_1126,person,Berlin (kein Wechsel),False
2026-08-18 16:18:23.629,person_ID_1129,person,Potsdam (kein Wechsel),False
2026-08-18 16:18:28.063,person_ID_1128,person,Berlin->Potsdam,True
2026-08-18 16:18:28.728,person_ID_1130,person,Potsdam (kein Wechsel),False
2026-08-18 16:18:32.128,person_ID_1132,person,Potsdam (kein Wechsel),False
2026-08-18 16:18:33.629,person_ID_1131,person,Potsdam (kein Wechsel),False
2026-08-18 16:18:36.061,person_ID_1133,person,Potsdam (kein Wechsel),False
2026-08-18 16:18:36.093,person_ID_1134,person,Potsdam (kein Wechsel),False
2026-08-18 16:18:56.098,car_ID_851,car,Potsdam->Berlin,True
2026-08-18 16:18:59.566,person_ID_1135,person,Berlin (kein Wechsel),False
2026-08-18 16:18:59.731,person_ID_1136,person,Berlin (kein Wechsel),False
2026-08-18 16:19:00.132,bicycle_ID_721,bicycle,Potsdam (kein Wechsel),False
2026-08-18 16:19:15.862,car_ID_852,car,Berlin (kein Wechsel),False
2026-08-18 16:19:20.362,bus_ID_79,bus,Berlin->Potsdam,True
2026-08-18 16:19:28.333,person_ID_1137,person,Berlin->Potsdam,True
2026-08-18 16:19:28.431,bicycle_ID_722,bicycle,Berlin->Potsdam,True
2026-08-18 16:19:38.932,car_ID_853,car,Berlin->Potsdam,True
2026-08-18 16:19:49.132,bicycle_ID_723,bicycle,Potsdam (kein Wechsel),False
2026-08-18 16:19:49.366,person_ID_1138,person,Potsdam (kein Wechsel),False
2026-08-18 16:19:51.065,person_ID_1139,person,Potsdam (kein Wechsel),False
2026-08-18 16:19:51.065,person_ID_1140,person,Potsdam (kein Wechsel),False
2026-08-18 16:19:54.369,person_ID_1141,person,Berlin (kein Wechsel),False
2026-08-18 16:19:56.403,car_ID_854,car,Potsdam->Berlin,True
2026-08-18 16:19:57.801,car_ID_856,car,Berlin->Potsdam,True
2026-08-18 16:19:57.933,car_ID_855,car,Potsdam->Berlin,True
2026-08-18 16:20:01.800,car_ID_857,car,Potsdam->Berlin,True
2026-08-18 16:20:04.304,car_ID_858,car,Berlin->Potsdam,True
2026-08-18 16:20:13.966,bicycle_ID_724,bicycle,Berlin (kein Wechsel),False
2026-08-18 16:20:14.835,bicycle_ID_727,bicycle,Berlin (kein Wechsel),False
2026-08-18 16:20:15.165,bicycle_ID_725,bicycle,Berlin->Potsdam,True
2026-08-18 16:20:15.202,person_ID_1142,person,Berlin->Potsdam,True
2026-08-18 16:20:15.433,bicycle_ID_726,bicycle,Berlin->Potsdam,True
2026-08-18 16:20:15.502,person_ID_1143,person,Berlin->Potsdam,True
2026-08-18 16:20:16.068,bicycle_ID_729,bicycle,Potsdam (kein Wechsel),False
2026-08-18 16:20:16.102,bicycle_ID_728,bicycle,Berlin->Potsdam,True
2026-08-18 16:20:16.134,person_ID_1144,person,Berlin->Potsdam,True
2026-08-18 16:20:17.334,person_ID_1145,person,Potsdam (kein Wechsel),False
2026-08-18 16:20:36.773,person_ID_1146,person,Berlin->Potsdam,True
2026-08-18 16:20:36.937,bicycle_ID_730,bicycle,Potsdam (kein Wechsel),False
2026-08-18 16:20:37.604,bicycle_ID_731,bicycle,Potsdam (kein Wechsel),False
2026-08-18 16:20:37.734,bicycle_ID_732,bicycle,Potsdam (kein Wechsel),False
2026-08-18 16:20:37.904,person_ID_1147,person,Potsdam (kein Wechsel),False
2026-08-18 16:20:38.702,person_ID_1148,person,Potsdam (kein Wechsel),False
2026-08-18 16:20:39.070,person_ID_1149,person,Potsdam (kein Wechsel),False
2026-08-18 16:20:39.270,bicycle_ID_733,bicycle,Potsdam (kein Wechsel),False
2026-08-18 16:20:39.670,person_ID_1150,person,Potsdam (kein Wechsel),False
2026-08-18 16:20:39.971,bicycle_ID_734,bicycle,Berlin (kein Wechsel),False
2026-08-18 16:20:41.104,bicycle_ID_735,bicycle,Potsdam->Berlin,True
2026-08-18 16:20:41.970,person_ID_1151,person,Potsdam->Berlin,True
2026-08-18 16:20:42.770,person_ID_1152,person,Berlin (kein Wechsel),False
2026-08-18 16:20:48.639,bicycle_ID_736,bicycle,Potsdam (kein Wechsel),False
2026-08-18 16:20:49.273,person_ID_1153,person,Potsdam (kein Wechsel),False
2026-08-18 16:20:51.173,bicycle_ID_737,bicycle,Potsdam->Berlin,True
2026-08-18 16:20:51.302,person_ID_1154,person,Potsdam->Berlin,True
2026-08-18 16:20:53.634,person_ID_1155,person,Berlin (kein Wechsel),False
2026-08-18 16:20:58.902,person_ID_1156,person,Berlin->Potsdam,True
2026-08-18 16:20:58.902,bicycle_ID_738,bicycle,Berlin->Potsdam,True
2026-08-18 16:21:00.273,bicycle_ID_739,bicycle,Berlin (kein Wechsel),False
2026-08-18 16:21:01.335,person_ID_1157,person,Berlin->Potsdam,True
2026-08-18 16:21:01.374,bicycle_ID_740,bicycle,Berlin->Potsdam,True
2026-08-18 16:21:22.639,car_ID_859,car,Potsdam->Berlin,True
2026-08-18 16:21:34.741,person_ID_1158,person,Potsdam (kein Wechsel),False
2026-08-18 16:21:38.007,person_ID_1159,person,Potsdam (kein Wechsel),False
2026-08-18 16:21:40.444,person_ID_1160,person,Potsdam (kein Wechsel),False
2026-08-18 16:21:51.373,car_ID_860,car,Berlin->Potsdam,True
2026-08-18 16:21:53.175,car_ID_861,car,Berlin->Potsdam,True
2026-08-18 16:21:56.039,person_ID_1161,person,Potsdam->Berlin,True
2026-08-18 16:22:00.940,person_ID_1162,person,Berlin (kein Wechsel),False
2026-08-18 16:22:09.577,person_ID_1163,person,Berlin (kein Wechsel),False
2026-08-18 16:22:10.007,bicycle_ID_741,bicycle,Berlin (kein Wechsel),False
2026-08-18 16:22:10.307,car_ID_862,car,Potsdam->Berlin,True
2026-08-18 16:22:13.143,bicycle_ID_742,bicycle,Berlin (kein Wechsel),False
2026-08-18 16:22:13.440,person_ID_1164,person,Berlin (kein Wechsel),False
2026-08-18 16:22:16.775,person_ID_1165,person,Potsdam (kein Wechsel),False
2026-08-18 16:22:20.809,bicycle_ID_743,bicycle,Potsdam (kein Wechsel),False
2026-08-18 16:22:22.409,person_ID_1166,person,Potsdam (kein Wechsel),False
2026-08-18 16:22:23.745,person_ID_1167,person,Potsdam (kein Wechsel),False
2026-08-18 16:22:34.978,car_ID_863,car,Berlin->Potsdam,True
2026-08-18 16:22:41.848,car_ID_864,car,Berlin->Potsdam,True
2026-08-18 16:22:53.446,car_ID_865,car,Berlin->Potsdam,True
2026-08-18 16:23:01.808,car_ID_866,car,Berlin->Potsdam,True
2026-08-18 16:23:16.310,car_ID_867,car,Potsdam->Berlin,True
2026-08-18 16:23:37.548,person_ID_1168,person,Potsdam (kein Wechsel),False
2026-08-18 16:23:39.050,person_ID_1169,person,Potsdam (kein Wechsel),False
2026-08-18 16:23:39.082,bicycle_ID_744,bicycle,Potsdam (kein Wechsel),False
2026-08-18 16:23:39.781,car_ID_868,car,Berlin->Potsdam,True
2026-08-18 16:23:40.047,bicycle_ID_745,bicycle,Berlin (kein Wechsel),False
2026-08-18 16:23:40.313,person_ID_1170,person,Berlin (kein Wechsel),False
2026-08-18 16:23:42.282,person_ID_1171,person,Berlin (kein Wechsel),False
2026-08-18 16:23:56.016,bicycle_ID_746,bicycle,Berlin->Potsdam,True
2026-08-18 16:23:56.450,person_ID_1172,person,Berlin->Potsdam,True
2026-08-18 16:23:58.047,person_ID_1173,person,Berlin->Potsdam,True
2026-08-18 16:23:58.580,bicycle_ID_747,bicycle,Berlin->Potsdam,True
2026-08-18 16:24:32.652,car_ID_869,car,Potsdam (kein Wechsel),False
2026-08-18 16:24:34.283,car_ID_870,car,Potsdam->Berlin,True
2026-08-18 16:24:51.882,car_ID_871,car,Berlin->Potsdam,True
2026-08-18 16:25:00.351,person_ID_1174,person,Potsdam (kein Wechsel),False
2026-08-18 16:25:01.386,car_ID_872,car,Berlin->Potsdam,True
2026-08-18 16:25:07.523,person_ID_1175,person,Potsdam->Berlin,True
2026-08-18 16:25:10.658,bus_ID_80,bus,Potsdam->Berlin,True
2026-08-18 16:25:17.091,person_ID_1176,person,Berlin (kein Wechsel),False
2026-08-18 16:25:19.254,person_ID_1177,person,Berlin (kein Wechsel),False
2026-08-18 16:25:29.490,car_ID_874,car,Berlin->Potsdam,True
2026-08-18 16:25:29.921,car_ID_873,car,Potsdam (kein Wechsel),False
2026-08-18 16:25:30.254,car_ID_875,car,Potsdam (kein Wechsel),False
2026-08-18 16:25:32.354,car_ID_877,car,Berlin (kein Wechsel),False
2026-08-18 16:25:33.654,person_ID_1178,person,Berlin (kein Wechsel),False
2026-08-18 16:25:33.987,person_ID_1179,person,Berlin->Potsdam,True
2026-08-18 16:25:34.554,person_ID_1180,person,Berlin (kein Wechsel),False
2026-08-18 16:25:35.589,person_ID_1182,person,Berlin (kein Wechsel),False
2026-08-18 16:25:38.187,person_ID_1181,person,Berlin (kein Wechsel),False
2026-08-18 16:25:38.483,bicycle_ID_748,bicycle,Berlin->Potsdam,True
2026-08-18 16:25:43.889,person_ID_1183,person,Berlin (kein Wechsel),False
2026-08-18 16:25:45.352,person_ID_1184,person,Berlin (kein Wechsel),False
2026-08-18 16:25:54.454,car_ID_876,car,Potsdam (kein Wechsel),False
2026-08-18 16:25:54.756,person_ID_1185,person,Potsdam (kein Wechsel),False
2026-08-18 16:25:58.792,car_ID_879,car,Potsdam->Berlin,True
2026-08-18 16:26:06.689,person_ID_1186,person,Berlin->Potsdam,True
2026-08-18 16:26:06.688,bicycle_ID_749,bicycle,Berlin->Potsdam,True
2026-08-18 16:26:10.391,car_ID_878,car,Potsdam->Berlin,True
2026-08-18 16:26:26.392,car_ID_880,car,Berlin->Potsdam,True
2026-08-18 16:26:33.799,car_ID_881,car,Berlin (kein Wechsel),False
2026-08-18 16:26:34.026,car_ID_882,car,Berlin (kein Wechsel),False
2026-08-18 16:26:37.790,person_ID_1187,person,Potsdam (kein Wechsel),False
2026-08-18 16:26:42.258,person_ID_1189,person,Berlin (kein Wechsel),False
2026-08-18 16:26:43.258,person_ID_1190,person,Berlin (kein Wechsel),False
2026-08-18 16:26:43.460,person_ID_1188,person,Berlin (kein Wechsel),False
2026-08-18 16:26:59.095,person_ID_1191,person,Berlin (kein Wechsel),False
2026-08-18 16:26:59.425,car_ID_883,car,Potsdam->Berlin,True
2026-08-18 16:27:01.360,person_ID_1192,person,Potsdam (kein Wechsel),False
2026-08-18 16:27:05.026,person_ID_1193,person,Berlin (kein Wechsel),False
2026-08-18 16:27:06.125,person_ID_1194,person,Berlin (kein Wechsel),False
2026-08-18 16:27:16.062,car_ID_884,car,Potsdam->Berlin,True
2026-08-18 16:27:16.826,car_ID_885,car,Potsdam->Berlin,True
2026-08-18 16:27:18.857,person_ID_1195,person,Berlin (kein Wechsel),False
2026-08-18 16:27:21.062,person_ID_1196,person,Potsdam (kein Wechsel),False
2026-08-18 16:27:23.055,person_ID_1197,person,Potsdam (kein Wechsel),False
2026-08-18 16:27:23.794,person_ID_1198,person,Potsdam (kein Wechsel),False
2026-08-18 16:27:25.026,person_ID_1199,person,Potsdam (kein Wechsel),False
2026-08-18 16:27:28.765,bicycle_ID_750,bicycle,Berlin (kein Wechsel),False
2026-08-18 16:27:29.761,bicycle_ID_753,bicycle,Berlin (kein Wechsel),False
2026-08-18 16:27:29.929,bicycle_ID_751,bicycle,Berlin (kein Wechsel),False
2026-08-18 16:27:30.063,bicycle_ID_752,bicycle,Berlin (kein Wechsel),False
2026-08-18 16:27:30.426,person_ID_1200,person,Berlin->Potsdam,True
2026-08-18 16:28:06.461,car_ID_886,car,Potsdam->Berlin,True
2026-08-18 16:28:06.663,car_ID_887,car,Potsdam->Berlin,True
2026-08-18 16:28:06.800,car_ID_888,car,Berlin->Potsdam,True
2026-08-18 16:28:14.598,car_ID_889,car,Potsdam->Berlin,True
2026-08-18 16:28:15.465,person_ID_1201,person,Berlin (kein Wechsel),False
2026-08-18 16:28:16.765,person_ID_1202,person,Berlin (kein Wechsel),False
2026-08-18 16:28:38.766,car_ID_891,car,Berlin (kein Wechsel),False
2026-08-18 16:28:40.630,car_ID_890,car,Potsdam->Berlin,True
2026-08-18 16:28:46.632,car_ID_892,car,Potsdam->Berlin,True
2026-08-18 16:28:49.566,car_ID_893,car,Potsdam->Berlin,True
2026-08-18 16:29:14.668,person_ID_1203,person,Berlin (kein Wechsel),False
2026-08-18 16:29:15.900,person_ID_1204,person,Berlin (kein Wechsel),False
2026-08-18 16:29:19.503,car_ID_894,car,Potsdam->Berlin,True
2026-08-18 16:29:40.569,car_ID_895,car,Potsdam->Berlin,True
2026-08-18 16:29:54.504,bicycle_ID_755,bicycle,Berlin (kein Wechsel),False
2026-08-18 16:29:54.938,bicycle_ID_754,bicycle,Potsdam->Berlin,True
2026-08-18 16:29:55.470,person_ID_1205,person,Berlin (kein Wechsel),False
2026-08-18 16:29:59.970,car_ID_896,car,Potsdam->Berlin,True
2026-08-18 16:30:21.070,car_ID_897,car,Potsdam->Berlin,True
2026-08-18 16:30:25.244,car_ID_899,car,Potsdam (kein Wechsel),False
2026-08-18 16:30:26.501,car_ID_900,car,Potsdam->Berlin,True
2026-08-18 16:30:26.540,car_ID_898,car,Potsdam->Berlin,True
2026-08-18 16:30:28.472,car_ID_902,car,Berlin (kein Wechsel),False
2026-08-18 16:30:28.669,car_ID_901,car,Berlin (kein Wechsel),False
2026-08-18 16:30:32.073,person_ID_1206,person,Potsdam (kein Wechsel),False
2026-08-18 16:30:33.001,car_ID_903,car,Potsdam (kein Wechsel),False
2026-08-18 16:30:33.241,person_ID_1207,person,Berlin (kein Wechsel),False
2026-08-18 16:30:34.106,person_ID_1208,person,Berlin (kein Wechsel),False
2026-08-18 16:30:36.003,car_ID_904,car,Potsdam->Berlin,True
2026-08-18 16:30:38.308,car_ID_905,car,Potsdam->Berlin,True
2026-08-18 16:30:51.309,car_ID_906,car,Potsdam->Berlin,True
2026-08-18 16:30:53.840,car_ID_907,car,Potsdam->Berlin,True
2026-08-18 16:31:00.910,person_ID_1209,person,Potsdam (kein Wechsel),False
2026-08-18 16:31:01.740,person_ID_1210,person,Potsdam (kein Wechsel),False
2026-08-18 16:31:03.710,person_ID_1212,person,Potsdam (kein Wechsel),False
2026-08-18 16:31:03.876,person_ID_1211,person,Potsdam->Berlin,True
2026-08-18 16:31:04.310,person_ID_1213,person,Potsdam (kein Wechsel),False
2026-08-18 16:31:05.341,person_ID_1214,person,Potsdam (kein Wechsel),False
2026-08-18 16:31:05.609,person_ID_1215,person,Berlin (kein Wechsel),False
2026-08-18 16:31:06.375,person_ID_1216,person,Potsdam->Berlin,True
2026-08-18 16:31:07.174,person_ID_1217,person,Berlin (kein Wechsel),False
2026-08-18 16:31:07.842,person_ID_1218,person,Berlin (kein Wechsel),False
2026-08-18 16:31:08.874,car_ID_908,car,Berlin->Potsdam,True
2026-08-18 16:31:12.877,car_ID_910,car,Potsdam (kein Wechsel),False
2026-08-18 16:31:13.775,car_ID_912,car,Berlin (kein Wechsel),False
2026-08-18 16:31:13.976,car_ID_909,car,Potsdam->Berlin,True
2026-08-18 16:31:13.976,car_ID_911,car,Potsdam->Berlin,True
2026-08-18 16:31:14.444,bus_ID_81,bus,Berlin (kein Wechsel),False
2026-08-18 16:31:14.508,car_ID_913,car,Berlin (kein Wechsel),False
2026-08-18 16:31:15.573,person_ID_1219,person,Potsdam (kein Wechsel),False
2026-08-18 16:31:19.109,person_ID_1220,person,Potsdam (kein Wechsel),False
2026-08-18 16:31:26.942,person_ID_1222,person,Potsdam (kein Wechsel),False
2026-08-18 16:31:28.172,person_ID_1221,person,Potsdam->Berlin,True
2026-08-18 16:31:29.671,car_ID_914,car,Berlin (kein Wechsel),False
2026-08-18 16:31:29.742,person_ID_1223,person,Berlin (kein Wechsel),False
2026-08-18 16:32:00.143,person_ID_1224,person,Potsdam (kein Wechsel),False
2026-08-18 16:32:01.012,person_ID_1225,person,Potsdam (kein Wechsel),False
2026-08-18 16:32:02.675,person_ID_1226,person,Potsdam (kein Wechsel),False
2026-08-18 16:32:05.112,person_ID_1227,person,Potsdam->Berlin,True
2026-08-18 16:32:05.375,person_ID_1228,person,Berlin (kein Wechsel),False
2026-08-18 16:32:05.944,person_ID_1229,person,Berlin (kein Wechsel),False
2026-08-18 16:32:07.143,person_ID_1230,person,Berlin (kein Wechsel),False
2026-08-18 16:32:08.513,car_ID_915,car,Potsdam (kein Wechsel),False
2026-08-18 16:32:10.543,car_ID_917,car,Potsdam (kein Wechsel),False
2026-08-18 16:32:10.844,person_ID_1231,person,Potsdam (kein Wechsel),False
2026-08-18 16:32:11.146,car_ID_919,car,Potsdam (kein Wechsel),False
2026-08-18 16:32:11.477,car_ID_916,car,Potsdam->Berlin,True
2026-08-18 16:32:12.909,car_ID_918,car,Potsdam->Berlin,True
2026-08-18 16:32:14.045,car_ID_920,car,Potsdam (kein Wechsel),False
2026-08-18 16:32:14.812,person_ID_1232,person,Berlin (kein Wechsel),False
2026-08-18 16:32:15.480,car_ID_922,car,Potsdam (kein Wechsel),False
2026-08-18 16:32:16.112,person_ID_1233,person,Berlin (kein Wechsel),False
2026-08-18 16:32:16.913,car_ID_921,car,Potsdam->Berlin,True
2026-08-18 16:32:18.380,car_ID_923,car,Potsdam->Berlin,True
2026-08-18 16:32:31.113,car_ID_924,car,Berlin->Potsdam,True
2026-08-18 16:32:32.144,person_ID_1234,person,Potsdam (kein Wechsel),False
2026-08-18 16:32:33.344,car_ID_925,car,Berlin->Potsdam,True
2026-08-18 16:32:35.945,person_ID_1235,person,Potsdam->Berlin,True
2026-08-18 16:32:40.120,car_ID_927,car,Berlin (kein Wechsel),False
2026-08-18 16:32:40.913,car_ID_926,car,Berlin->Potsdam,True
2026-08-18 16:32:48.650,bicycle_ID_756,bicycle,Berlin->Potsdam,True
2026-08-18 16:32:48.746,person_ID_1236,person,Berlin->Potsdam,True
2026-08-18 16:32:56.981,person_ID_1238,person,Potsdam (kein Wechsel),False
2026-08-18 16:32:57.144,person_ID_1237,person,Potsdam (kein Wechsel),False
2026-08-18 16:33:00.646,person_ID_1239,person,Potsdam->Berlin,True
2026-08-18 16:33:02.284,bus_ID_82,bus,Berlin (kein Wechsel),False
2026-08-18 16:33:02.513,car_ID_928,car,Berlin (kein Wechsel),False
2026-08-18 16:33:07.984,car_ID_929,car,Potsdam->Berlin,True
2026-08-18 16:33:16.982,car_ID_930,car,Berlin->Potsdam,True
2026-08-18 16:33:39.515,bicycle_ID_757,bicycle,Berlin (kein Wechsel),False
2026-08-18 16:33:40.916,bicycle_ID_759,bicycle,Potsdam (kein Wechsel),False
2026-08-18 16:33:41.086,bicycle_ID_758,bicycle,Berlin->Potsdam,True
2026-08-18 16:33:41.186,person_ID_1241,person,Potsdam (kein Wechsel),False
2026-08-18 16:33:41.586,person_ID_1240,person,Berlin->Potsdam,True
2026-08-18 16:33:41.849,bicycle_ID_760,bicycle,Berlin->Potsdam,True
2026-08-18 16:33:42.118,person_ID_1242,person,Berlin (kein Wechsel),False
2026-08-18 16:33:42.683,bicycle_ID_762,bicycle,Potsdam (kein Wechsel),False
2026-08-18 16:33:43.316,bicycle_ID_761,bicycle,Potsdam->Berlin,True
2026-08-18 16:33:43.616,person_ID_1243,person,Potsdam->Berlin,True
2026-08-18 16:33:45.385,person_ID_1244,person,Berlin (kein Wechsel),False
2026-08-18 16:33:45.448,car_ID_931,car,Potsdam->Berlin,True
2026-08-18 16:33:58.153,person_ID_1245,person,Berlin (kein Wechsel),False
2026-08-18 16:34:00.952,person_ID_1246,person,Berlin (kein Wechsel),False
2026-08-18 16:34:13.350,person_ID_1249,person,Berlin (kein Wechsel),False
2026-08-18 16:34:17.923,person_ID_1248,person,Berlin (kein Wechsel),False
2026-08-18 16:34:19.154,person_ID_1251,person,Potsdam (kein Wechsel),False
2026-08-18 16:34:19.457,person_ID_1252,person,Potsdam (kein Wechsel),False
2026-08-18 16:34:20.021,person_ID_1247,person,Berlin->Potsdam,True
2026-08-18 16:34:20.253,person_ID_1250,person,Berlin (kein Wechsel),False
2026-08-18 16:34:20.623,bicycle_ID_763,bicycle,Potsdam (kein Wechsel),False
2026-08-18 16:34:20.923,car_ID_933,car,Potsdam (kein Wechsel),False
2026-08-18 16:34:21.557,person_ID_1253,person,Potsdam (kein Wechsel),False
2026-08-18 16:34:21.622,car_ID_934,car,Potsdam (kein Wechsel),False
2026-08-18 16:34:21.754,bicycle_ID_764,bicycle,Potsdam (kein Wechsel),False
2026-08-18 16:34:23.554,bicycle_ID_765,bicycle,Potsdam (kein Wechsel),False
2026-08-18 16:34:23.718,car_ID_936,car,Berlin (kein Wechsel),False
2026-08-18 16:34:23.754,person_ID_1254,person,Potsdam (kein Wechsel),False
2026-08-18 16:34:23.956,car_ID_932,car,Potsdam->Berlin,True
2026-08-18 16:34:23.956,bicycle_ID_766,bicycle,Potsdam (kein Wechsel),False
2026-08-18 16:34:24.356,bicycle_ID_767,bicycle,Potsdam (kein Wechsel),False
2026-08-18 16:34:25.023,person_ID_1255,person,Potsdam (kein Wechsel),False
2026-08-18 16:34:25.319,car_ID_935,car,Potsdam->Berlin,True
2026-08-18 16:34:26.719,bicycle_ID_768,bicycle,Potsdam (kein Wechsel),False
2026-08-18 16:34:26.857,person_ID_1256,person,Potsdam (kein Wechsel),False
2026-08-18 16:34:27.087,person_ID_1257,person,Potsdam (kein Wechsel),False
2026-08-18 16:34:27.118,bicycle_ID_769,bicycle,Potsdam (kein Wechsel),False
2026-08-18 16:34:27.687,person_ID_1258,person,Berlin (kein Wechsel),False
2026-08-18 16:34:27.820,bicycle_ID_770,bicycle,Potsdam->Berlin,True
2026-08-18 16:34:28.121,person_ID_1260,person,Potsdam (kein Wechsel),False
2026-08-18 16:34:28.386,person_ID_1261,person,Berlin (kein Wechsel),False
2026-08-18 16:34:28.585,bicycle_ID_771,bicycle,Berlin (kein Wechsel),False
2026-08-18 16:34:28.719,person_ID_1262,person,Berlin (kein Wechsel),False
2026-08-18 16:34:28.786,car_ID_937,car,Potsdam (kein Wechsel),False
2026-08-18 16:34:29.289,person_ID_1264,person,Potsdam (kein Wechsel),False
2026-08-18 16:34:29.788,person_ID_1259,person,Potsdam (kein Wechsel),False
2026-08-18 16:34:31.923,car_ID_938,car,Potsdam->Berlin,True
2026-08-18 16:34:32.519,car_ID_940,car,Berlin (kein Wechsel),False
2026-08-18 16:34:33.620,person_ID_1265,person,Potsdam (kein Wechsel),False
2026-08-18 16:34:34.488,car_ID_939,car,Potsdam->Berlin,True
2026-08-18 16:34:36.086,person_ID_1266,person,Potsdam (kein Wechsel),False
2026-08-18 16:34:37.718,person_ID_1263,person,Potsdam->Berlin,True
2026-08-18 16:34:44.121,person_ID_1267,person,Berlin (kein Wechsel),False
2026-08-18 16:34:46.761,person_ID_1268,person,Berlin (kein Wechsel),False
2026-08-18 16:34:47.422,person_ID_1269,person,Berlin (kein Wechsel),False
2026-08-18 16:35:10.720,car_ID_941,car,Potsdam->Berlin,True
2026-08-18 16:35:12.361,person_ID_1270,person,Berlin->Potsdam,True
2026-08-18 16:35:12.625,person_ID_1271,person,Potsdam (kein Wechsel),False
2026-08-18 16:35:12.789,bicycle_ID_772,bicycle,Berlin->Potsdam,True
2026-08-18 16:35:16.658,person_ID_1272,person,Potsdam (kein Wechsel),False
2026-08-18 16:35:20.788,person_ID_1274,person,Potsdam (kein Wechsel),False
2026-08-18 16:35:21.690,person_ID_1275,person,Potsdam (kein Wechsel),False
2026-08-18 16:35:21.957,person_ID_1273,person,Potsdam (kein Wechsel),False
2026-08-18 16:35:23.490,person_ID_1276,person,Berlin (kein Wechsel),False
2026-08-18 16:35:23.889,bicycle_ID_773,bicycle,Potsdam->Berlin,True
2026-08-18 16:35:25.390,person_ID_1277,person,Berlin (kein Wechsel),False
2026-08-18 16:35:27.489,person_ID_1278,person,Berlin (kein Wechsel),False
2026-08-18 16:35:36.925,car_ID_942,car,Berlin->Potsdam,True
2026-08-18 16:35:40.059,car_ID_943,car,Potsdam->Berlin,True
2026-08-18 16:35:42.594,person_ID_1279,person,Potsdam (kein Wechsel),False
2026-08-18 16:35:43.392,person_ID_1280,person,Potsdam (kein Wechsel),False
2026-08-18 16:35:44.195,person_ID_1281,person,Potsdam->Berlin,True
2026-08-18 16:35:45.789,person_ID_1282,person,Berlin (kein Wechsel),False
2026-08-18 16:35:46.124,car_ID_944,car,Potsdam->Berlin,True
2026-08-18 16:35:49.291,car_ID_945,car,Potsdam->Berlin,True
2026-08-18 16:36:11.728,car_ID_946,car,Potsdam (kein Wechsel),False
2026-08-18 16:36:13.360,car_ID_947,car,Potsdam->Berlin,True
2026-08-18 16:36:17.028,person_ID_1283,person,Potsdam->Berlin,True
2026-08-18 16:36:18.062,person_ID_1284,person,Berlin (kein Wechsel),False
2026-08-18 16:36:19.292,car_ID_948,car,Berlin->Potsdam,True
2026-08-18 16:36:31.794,car_ID_949,car,Potsdam->Berlin,True
2026-08-18 16:36:32.762,bicycle_ID_775,bicycle,Berlin (kein Wechsel),False
2026-08-18 16:36:33.428,bicycle_ID_774,bicycle,Berlin->Potsdam,True
2026-08-18 16:36:33.527,person_ID_1285,person,Berlin->Potsdam,True
2026-08-18 16:36:41.093,bicycle_ID_777,bicycle,Berlin (kein Wechsel),False
2026-08-18 16:36:41.262,bicycle_ID_776,bicycle,Berlin->Potsdam,True
2026-08-18 16:36:41.297,person_ID_1286,person,Berlin->Potsdam,True
2026-08-18 16:36:41.799,person_ID_1287,person,Potsdam (kein Wechsel),False
2026-08-18 16:36:54.230,person_ID_1288,person,Potsdam->Berlin,True
2026-08-18 16:36:57.228,person_ID_1289,person,Berlin (kein Wechsel),False
2026-08-18 16:37:12.992,car_ID_950,car,Potsdam->Berlin,True
2026-08-18 16:37:18.225,person_ID_1290,person,Berlin (kein Wechsel),False
2026-08-18 16:37:19.069,bicycle_ID_778,bicycle,Berlin->Potsdam,True
2026-08-18 16:37:31.534,person_ID_1292,person,Potsdam (kein Wechsel),False
2026-08-18 16:37:32.831,person_ID_1293,person,Potsdam (kein Wechsel),False
2026-08-18 16:37:35.896,person_ID_1291,person,Potsdam (kein Wechsel),False
2026-08-18 16:37:36.996,person_ID_1295,person,Potsdam (kein Wechsel),False
2026-08-18 16:37:38.465,person_ID_1296,person,Berlin (kein Wechsel),False
2026-08-18 16:37:40.034,person_ID_1294,person,Potsdam (kein Wechsel),False
2026-08-18 16:37:40.569,person_ID_1297,person,Potsdam (kein Wechsel),False
2026-08-18 16:37:40.999,person_ID_1300,person,Potsdam (kein Wechsel),False
2026-08-18 16:37:41.166,person_ID_1298,person,Berlin (kein Wechsel),False
2026-08-18 16:37:42.496,person_ID_1301,person,Potsdam (kein Wechsel),False
2026-08-18 16:37:43.134,person_ID_1303,person,Potsdam (kein Wechsel),False
2026-08-18 16:37:43.264,person_ID_1302,person,Berlin (kein Wechsel),False
2026-08-18 16:37:43.734,person_ID_1299,person,Berlin (kein Wechsel),False
2026-08-18 16:37:44.465,person_ID_1306,person,Potsdam (kein Wechsel),False
2026-08-18 16:37:45.167,person_ID_1307,person,Potsdam (kein Wechsel),False
2026-08-18 16:37:45.232,person_ID_1308,person,Potsdam (kein Wechsel),False
2026-08-18 16:37:45.333,person_ID_1305,person,Potsdam (kein Wechsel),False
2026-08-18 16:37:47.270,bicycle_ID_779,bicycle,Potsdam (kein Wechsel),False
2026-08-18 16:37:47.567,person_ID_1309,person,Potsdam (kein Wechsel),False
2026-08-18 16:37:47.567,person_ID_1311,person,Berlin (kein Wechsel),False
2026-08-18 16:37:49.834,person_ID_1312,person,Potsdam->Berlin,True
2026-08-18 16:37:52.463,person_ID_1313,person,Berlin (kein Wechsel),False
2026-08-18 16:37:53.832,person_ID_1314,person,Berlin->Potsdam,True
2026-08-18 16:37:53.864,bicycle_ID_780,bicycle,Berlin->Potsdam,True
2026-08-18 16:37:56.067,person_ID_1304,person,Potsdam->Berlin,True
2026-08-18 16:38:01.833,person_ID_1310,person,Potsdam->Berlin,True
2026-08-18 16:38:02.769,person_ID_1315,person,Potsdam (kein Wechsel),False
2026-08-18 16:38:04.401,bicycle_ID_781,bicycle,Potsdam (kein Wechsel),False
2026-08-18 16:38:04.699,person_ID_1316,person,Berlin (kein Wechsel),False
2026-08-18 16:38:20.965,person_ID_1317,person,Potsdam (kein Wechsel),False
2026-08-18 16:38:24.102,person_ID_1318,person,Potsdam->Berlin,True
2026-08-18 16:38:47.866,car_ID_951,car,Potsdam->Berlin,True
2026-08-18 16:38:48.739,person_ID_1319,person,Berlin (kein Wechsel),False
2026-08-18 16:38:49.073,person_ID_1320,person,Berlin (kein Wechsel),False
2026-08-18 16:38:56.303,person_ID_1321,person,Potsdam (kein Wechsel),False
2026-08-18 16:38:56.334,person_ID_1322,person,Potsdam (kein Wechsel),False
2026-08-18 16:38:57.367,person_ID_1323,person,Potsdam (kein Wechsel),False
2026-08-18 16:38:58.165,person_ID_1324,person,Potsdam (kein Wechsel),False
2026-08-18 16:38:58.334,bicycle_ID_782,bicycle,Potsdam (kein Wechsel),False
2026-08-18 16:38:59.268,bicycle_ID_783,bicycle,Berlin (kein Wechsel),False
2026-08-18 16:38:59.437,person_ID_1325,person,Berlin (kein Wechsel),False
2026-08-18 16:39:00.306,bicycle_ID_784,bicycle,Berlin (kein Wechsel),False
2026-08-18 16:39:00.505,person_ID_1326,person,Berlin (kein Wechsel),False
2026-08-18 16:39:01.135,bicycle_ID_785,bicycle,Berlin (kein Wechsel),False
2026-08-18 16:39:01.936,person_ID_1328,person,Berlin (kein Wechsel),False
2026-08-18 16:39:01.971,person_ID_1327,person,Berlin->Potsdam,True
2026-08-18 16:39:01.970,bicycle_ID_786,bicycle,Berlin->Potsdam,True
2026-08-18 16:39:02.903,person_ID_1329,person,Berlin (kein Wechsel),False
2026-08-18 16:39:03.903,person_ID_1330,person,Berlin->Potsdam,True
2026-08-18 16:39:03.939,bicycle_ID_787,bicycle,Berlin->Potsdam,True
2026-08-18 16:39:21.538,car_ID_952,car,Berlin (kein Wechsel),False
2026-08-18 16:39:23.538,car_ID_953,car,Berlin->Potsdam,True
2026-08-18 16:39:28.774,car_ID_954,car,Potsdam->Berlin,True
2026-08-18 16:39:33.206,person_ID_1331,person,Berlin (kein Wechsel),False
2026-08-18 16:39:34.205,bicycle_ID_788,bicycle,Berlin->Potsdam,True
2026-08-18 16:39:37.805,bicycle_ID_789,bicycle,Berlin (kein Wechsel),False
2026-08-18 16:39:40.104,person_ID_1332,person,Berlin (kein Wechsel),False
2026-08-18 16:39:40.275,car_ID_955,car,Berlin->Potsdam,True
2026-08-18 16:39:41.341,person_ID_1333,person,Berlin (kein Wechsel),False
2026-08-18 16:39:48.938,car_ID_956,car,Berlin (kein Wechsel),False
2026-08-18 16:39:53.139,bus_ID_83,bus,Berlin->Potsdam,True
2026-08-18 16:39:58.174,car_ID_957,car,Berlin->Potsdam,True
2026-08-18 16:40:00.806,car_ID_958,car,Berlin->Potsdam,True
2026-08-18 16:40:03.575,car_ID_959,car,Berlin->Potsdam,True
2026-08-18 16:40:07.242,car_ID_960,car,Berlin->Potsdam,True
2026-08-18 16:40:08.576,car_ID_961,car,Potsdam (kein Wechsel),False
2026-08-18 16:40:11.939,car_ID_962,car,Berlin->Potsdam,True
2026-08-18 16:40:18.577,car_ID_963,car,Berlin->Potsdam,True
2026-08-18 16:40:20.638,car_ID_964,car,Berlin->Potsdam,True
2026-08-18 16:40:21.946,car_ID_965,car,Potsdam (kein Wechsel),False
2026-08-18 16:40:38.879,car_ID_968,car,Potsdam (kein Wechsel),False
2026-08-18 16:40:39.840,car_ID_966,car,Berlin->Potsdam,True
2026-08-18 16:40:40.807,bus_ID_84,bus,Berlin (kein Wechsel),False
2026-08-18 16:40:41.209,car_ID_969,car,Berlin (kein Wechsel),False
2026-08-18 16:40:41.643,car_ID_967,car,Potsdam->Berlin,True
2026-08-18 16:40:42.209,bicycle_ID_791,bicycle,Berlin (kein Wechsel),False
2026-08-18 16:40:42.341,car_ID_970,car,Potsdam (kein Wechsel),False
2026-08-18 16:40:43.576,bicycle_ID_792,bicycle,Berlin (kein Wechsel),False
2026-08-18 16:40:44.513,person_ID_1334,person,Berlin->Potsdam,True
2026-08-18 16:40:44.513,bicycle_ID_790,bicycle,Berlin->Potsdam,True
2026-08-18 16:40:47.398,bicycle_ID_793,bicycle,Berlin (kein Wechsel),False
2026-08-18 16:40:47.589,bicycle_ID_794,bicycle,Potsdam (kein Wechsel),False
2026-08-18 16:40:48.142,person_ID_1335,person,Berlin->Potsdam,True
2026-08-18 16:40:55.878,car_ID_971,car,Potsdam->Berlin,True
2026-08-18 16:40:58.043,car_ID_973,car,Potsdam (kein Wechsel),False
2026-08-18 16:40:59.512,car_ID_972,car,Potsdam->Berlin,True
2026-08-18 16:41:11.448,person_ID_1336,person,Potsdam (kein Wechsel),False
2026-08-18 16:41:11.811,person_ID_1337,person,Potsdam (kein Wechsel),False
2026-08-18 16:41:13.748,person_ID_1338,person,Potsdam->Berlin,True
2026-08-18 16:41:14.816,bicycle_ID_795,bicycle,Berlin (kein Wechsel),False
2026-08-18 16:41:15.145,person_ID_1339,person,Berlin (kein Wechsel),False
2026-08-18 16:41:44.647,car_ID_974,car,Potsdam->Berlin,True
2026-08-18 16:41:52.580,bicycle_ID_796,bicycle,Potsdam (kein Wechsel),False
2026-08-18 16:41:54.650,bicycle_ID_797,bicycle,Potsdam (kein Wechsel),False
2026-08-18 16:41:54.979,person_ID_1340,person,Berlin (kein Wechsel),False
2026-08-18 16:41:55.683,bicycle_ID_798,bicycle,Berlin (kein Wechsel),False
2026-08-18 16:41:56.346,person_ID_1341,person,Berlin (kein Wechsel),False
2026-08-18 16:41:57.012,bicycle_ID_799,bicycle,Berlin (kein Wechsel),False
2026-08-18 16:42:09.482,bicycle_ID_800,bicycle,Berlin (kein Wechsel),False
2026-08-18 16:42:11.152,person_ID_1342,person,Berlin->Potsdam,True
2026-08-18 16:42:11.152,bicycle_ID_801,bicycle,Berlin->Potsdam,True
2026-08-18 16:42:13.383,car_ID_975,car,Potsdam->Berlin,True
2026-08-18 16:42:17.682,bicycle_ID_802,bicycle,Berlin->Potsdam,True
2026-08-18 16:42:17.713,person_ID_1343,person,Berlin->Potsdam,True
2026-08-18 16:42:28.318,car_ID_976,car,Potsdam->Berlin,True
2026-08-18 16:42:31.449,car_ID_977,car,Potsdam->Berlin,True
2026-08-18 16:42:34.383,car_ID_979,car,Potsdam (kein Wechsel),False
2026-08-18 16:42:34.418,car_ID_978,car,Potsdam->Berlin,True
2026-08-18 16:42:36.849,car_ID_980,car,Potsdam->Berlin,True
2026-08-18 16:42:38.849,car_ID_981,car,Potsdam->Berlin,True
2026-08-18 16:42:47.682,car_ID_982,car,Potsdam->Berlin,True
2026-08-18 16:42:47.983,bus_ID_85,bus,Berlin (kein Wechsel),False
2026-08-18 16:42:48.582,car_ID_983,car,Potsdam->Berlin,True
2026-08-18 16:42:56.718,car_ID_984,car,Berlin->Potsdam,True
2026-08-18 16:42:57.952,car_ID_985,car,Potsdam (kein Wechsel),False
2026-08-18 16:43:00.287,bicycle_ID_803,bicycle,Potsdam (kein Wechsel),False
2026-08-18 16:43:01.057,person_ID_1344,person,Potsdam (kein Wechsel),False
2026-08-18 16:43:02.252,person_ID_1345,person,Potsdam (kein Wechsel),False
2026-08-18 16:43:03.083,bicycle_ID_804,bicycle,Potsdam->Berlin,True
2026-08-18 16:43:04.720,person_ID_1346,person,Berlin (kein Wechsel),False
2026-08-18 16:43:14.020,car_ID_986,car,Berlin (kein Wechsel),False
2026-08-18 16:43:27.988,person_ID_1347,person,Berlin (kein Wechsel),False
2026-08-18 16:43:28.421,person_ID_1348,person,Berlin (kein Wechsel),False
2026-08-18 16:43:38.457,car_ID_987,car,Potsdam->Berlin,True
2026-08-18 16:43:39.151,car_ID_989,car,Potsdam (kein Wechsel),False
2026-08-18 16:43:40.685,car_ID_990,car,Berlin (kein Wechsel),False
2026-08-18 16:43:41.090,car_ID_991,car,Berlin (kein Wechsel),False
2026-08-18 16:43:41.584,car_ID_988,car,Potsdam->Berlin,True
2026-08-18 16:43:48.284,car_ID_992,car,Berlin->Potsdam,True
2026-08-18 16:43:56.689,car_ID_993,car,Berlin (kein Wechsel),False
2026-08-18 16:43:56.954,person_ID_1349,person,Berlin (kein Wechsel),False
2026-08-18 16:43:58.022,person_ID_1350,person,Berlin (kein Wechsel),False
2026-08-18 16:43:58.085,person_ID_1351,person,Berlin (kein Wechsel),False
2026-08-18 16:44:21.656,person_ID_1352,person,Berlin (kein Wechsel),False
2026-08-18 16:44:22.191,bicycle_ID_805,bicycle,Berlin->Potsdam,True
2026-08-18 16:44:22.687,person_ID_1353,person,Berlin->Potsdam,True
2026-08-18 16:44:27.723,car_ID_994,car,Potsdam (kein Wechsel),False
2026-08-18 16:44:30.156,bicycle_ID_806,bicycle,Potsdam (kein Wechsel),False
2026-08-18 16:44:30.224,car_ID_995,car,Potsdam->Berlin,True
2026-08-18 16:44:30.657,person_ID_1354,person,Potsdam (kein Wechsel),False
2026-08-18 16:44:32.389,bicycle_ID_807,bicycle,Berlin (kein Wechsel),False
2026-08-18 16:44:33.758,person_ID_1355,person,Potsdam->Berlin,True
2026-08-18 16:44:58.057,person_ID_1356,person,Potsdam (kein Wechsel),False
2026-08-18 16:44:59.325,person_ID_1358,person,Potsdam (kein Wechsel),False
2026-08-18 16:44:59.560,person_ID_1357,person,Potsdam (kein Wechsel),False
2026-08-18 16:45:01.295,bicycle_ID_808,bicycle,Potsdam->Berlin,True
2026-08-18 16:45:01.393,person_ID_1360,person,Potsdam->Berlin,True
2026-08-18 16:45:01.725,person_ID_1359,person,Berlin (kein Wechsel),False
2026-08-18 16:45:02.158,bicycle_ID_809,bicycle,Berlin (kein Wechsel),False
2026-08-18 16:45:02.556,person_ID_1361,person,Berlin (kein Wechsel),False
2026-08-18 16:45:06.195,person_ID_1362,person,Potsdam (kein Wechsel),False
2026-08-18 16:45:06.693,person_ID_1363,person,Potsdam (kein Wechsel),False
2026-08-18 16:45:07.658,person_ID_1364,person,Potsdam (kein Wechsel),False
2026-08-18 16:45:09.192,bicycle_ID_810,bicycle,Potsdam->Berlin,True
2026-08-18 16:45:12.195,person_ID_1365,person,Potsdam->Berlin,True
2026-08-18 16:45:17.896,bicycle_ID_811,bicycle,Berlin->Potsdam,True
2026-08-18 16:45:18.426,person_ID_1366,person,Berlin->Potsdam,True
2026-08-18 16:45:18.657,car_ID_996,car,Potsdam->Berlin,True
2026-08-18 16:45:27.693,car_ID_999,car,Potsdam (kein Wechsel),False
2026-08-18 16:45:27.996,car_ID_997,car,Potsdam->Berlin,True
2026-08-18 16:45:28.158,car_ID_998,car,Potsdam (kein Wechsel),False
2026-08-18 16:45:29.427,bicycle_ID_813,bicycle,Berlin (kein Wechsel),False
2026-08-18 16:45:30.057,car_ID_1000,car,Potsdam->Berlin,True
2026-08-18 16:45:30.426,bicycle_ID_812,bicycle,Berlin->Potsdam,True
2026-08-18 16:45:30.457,person_ID_1367,person,Berlin->Potsdam,True
2026-08-18 16:45:50.466,person_ID_1368,person,Potsdam->Berlin,True
2026-08-18 16:45:52.330,car_ID_1001,car,Berlin->Potsdam,True
2026-08-18 16:45:53.528,person_ID_1369,person,Berlin (kein Wechsel),False
2026-08-18 16:45:55.828,car_ID_1003,car,Berlin (kein Wechsel),False
2026-08-18 16:45:56.095,car_ID_1002,car,Berlin->Potsdam,True
2026-08-18 16:46:08.096,car_ID_1004,car,Potsdam (kein Wechsel),False
2026-08-18 16:46:09.631,car_ID_1005,car,Potsdam->Berlin,True
2026-08-18 16:46:17.198,car_ID_1006,car,Potsdam->Berlin,True
2026-08-18 16:46:40.698,bicycle_ID_814,bicycle,Berlin (kein Wechsel),False
2026-08-18 16:46:41.432,person_ID_1370,person,Berlin->Potsdam,True
2026-08-18 16:46:41.999,bicycle_ID_815,bicycle,Berlin->Potsdam,True
2026-08-18 16:46:57.299,car_ID_1007,car,Berlin->Potsdam,True
2026-08-18 16:47:07.567,car_ID_1009,car,Potsdam (kein Wechsel),False
2026-08-18 16:47:10.099,car_ID_1008,car,Potsdam->Berlin,True
2026-08-18 16:47:15.132,person_ID_1371,person,Berlin->Potsdam,True
2026-08-18 16:47:15.133,bicycle_ID_816,bicycle,Berlin->Potsdam,True
2026-08-18 16:47:42.301,person_ID_1372,person,Berlin->Potsdam,True
2026-08-18 16:47:42.802,bicycle_ID_817,bicycle,Berlin->Potsdam,True
2026-08-18 16:47:47.401,bicycle_ID_818,bicycle,Potsdam (kein Wechsel),False
2026-08-18 16:47:47.669,person_ID_1373,person,Potsdam (kein Wechsel),False
2026-08-18 16:47:48.632,person_ID_1374,person,Potsdam (kein Wechsel),False
2026-08-18 16:47:49.901,bicycle_ID_819,bicycle,Berlin (kein Wechsel),False
2026-08-18 16:47:50.132,person_ID_1375,person,Berlin (kein Wechsel),False
2026-08-18 16:47:52.231,bicycle_ID_820,bicycle,Berlin (kein Wechsel),False
2026-08-18 16:47:52.832,person_ID_1376,person,Berlin (kein Wechsel),False
2026-08-18 16:48:01.238,car_ID_1010,car,Potsdam (kein Wechsel),False
2026-08-18 16:48:02.671,bus_ID_86,bus,Potsdam->Berlin,True
2026-08-18 16:48:04.237,bus_ID_87,bus,Potsdam->Berlin,True
2026-08-18 16:48:41.109,bicycle_ID_822,bicycle,Berlin (kein Wechsel),False
2026-08-18 16:48:41.502,person_ID_1377,person,Berlin->Potsdam,True
2026-08-18 16:48:41.938,bicycle_ID_821,bicycle,Berlin->Potsdam,True
2026-08-18 16:48:45.041,car_ID_1011,car,Berlin->Potsdam,True
2026-08-18 16:48:48.341,bicycle_ID_823,bicycle,Potsdam (kein Wechsel),False
2026-08-18 16:48:48.503,person_ID_1378,person,Potsdam (kein Wechsel),False
2026-08-18 16:48:49.942,bicycle_ID_825,bicycle,Potsdam (kein Wechsel),False
2026-08-18 16:48:50.738,person_ID_1379,person,Potsdam->Berlin,True
2026-08-18 16:48:52.972,person_ID_1380,person,Berlin (kein Wechsel),False
2026-08-18 16:48:53.207,bicycle_ID_824,bicycle,Potsdam->Berlin,True
2026-08-18 16:48:54.173,car_ID_1012,car,Potsdam (kein Wechsel),False
2026-08-18 16:48:59.541,bus_ID_88,bus,Potsdam->Berlin,True
2026-08-18 16:49:01.573,car_ID_1014,car,Berlin (kein Wechsel),False
2026-08-18 16:49:02.405,car_ID_1013,car,Potsdam->Berlin,True
2026-08-18 16:49:10.803,car_ID_1015,car,Potsdam (kein Wechsel),False
2026-08-18 16:49:12.207,car_ID_1016,car,Potsdam->Berlin,True
2026-08-18 16:49:19.374,person_ID_1381,person,Potsdam (kein Wechsel),False
2026-08-18 16:49:21.308,person_ID_1382,person,Potsdam (kein Wechsel),False
2026-08-18 16:49:22.443,person_ID_1383,person,Berlin (kein Wechsel),False
2026-08-18 16:49:24.742,person_ID_1384,person,Berlin (kein Wechsel),False
2026-08-18 16:49:26.442,car_ID_1017,car,Berlin->Potsdam,True
2026-08-18 16:49:48.543,car_ID_1018,car,Berlin->Potsdam,True
2026-08-18 16:49:50.345,car_ID_1019,car,Berlin->Potsdam,True
2026-08-18 16:49:51.775,person_ID_1385,person,Berlin->Potsdam,True
2026-08-18 16:49:52.180,bicycle_ID_826,bicycle,Berlin->Potsdam,True
2026-08-18 16:49:52.276,bicycle_ID_827,bicycle,Berlin->Potsdam,True
2026-08-18 16:49:58.575,bicycle_ID_828,bicycle,Berlin->Potsdam,True
2026-08-18 16:49:59.076,person_ID_1386,person,Berlin->Potsdam,True
2026-08-18 16:50:09.944,car_ID_1020,car,Potsdam (kein Wechsel),False
2026-08-18 16:50:13.145,car_ID_1021,car,Potsdam->Berlin,True
2026-08-18 16:50:26.280,person_ID_1388,person,Berlin (kein Wechsel),False
2026-08-18 16:50:27.114,person_ID_1387,person,Berlin (kein Wechsel),False
2026-08-18 16:50:27.513,person_ID_1389,person,Berlin (kein Wechsel),False
2026-08-18 16:50:28.147,bus_ID_89,bus,Berlin (kein Wechsel),False
2026-08-18 16:50:28.914,car_ID_1022,car,Potsdam->Berlin,True
2026-08-18 16:50:32.477,car_ID_1023,car,Potsdam->Berlin,True
2026-08-18 16:50:40.781,person_ID_1390,person,Berlin->Potsdam,True
2026-08-18 16:50:45.913,person_ID_1391,person,Potsdam (kein Wechsel),False
2026-08-18 16:50:50.947,person_ID_1392,person,Potsdam (kein Wechsel),False
2026-08-18 16:50:53.312,person_ID_1393,person,Potsdam (kein Wechsel),False
2026-08-18 16:51:05.748,car_ID_1024,car,Potsdam (kein Wechsel),False
2026-08-18 16:51:07.915,car_ID_1025,car,Potsdam->Berlin,True
2026-08-18 16:51:33.386,car_ID_1026,car,Potsdam->Berlin,True
2026-08-18 16:51:35.447,car_ID_1027,car,Potsdam->Berlin,True
2026-08-18 16:51:35.651,car_ID_1028,car,Berlin (kein Wechsel),False
2026-08-18 16:51:36.617,car_ID_1029,car,Berlin->Potsdam,True
2026-08-18 16:51:42.054,car_ID_1030,car,Berlin->Potsdam,True
2026-08-18 16:51:43.783,car_ID_1031,car,Potsdam->Berlin,True
2026-08-18 16:52:25.252,person_ID_1394,person,Berlin->Potsdam,True
2026-08-18 16:52:25.285,bicycle_ID_829,bicycle,Berlin->Potsdam,True
2026-08-18 16:52:27.051,bicycle_ID_831,bicycle,Berlin (kein Wechsel),False
2026-08-18 16:52:27.752,person_ID_1395,person,Berlin (kein Wechsel),False
2026-08-18 16:52:27.886,person_ID_1396,person,Berlin (kein Wechsel),False
2026-08-18 16:52:28.088,bicycle_ID_830,bicycle,Berlin->Potsdam,True
2026-08-18 16:52:31.351,car_ID_1032,car,Berlin->Potsdam,True
2026-08-18 16:52:37.852,car_ID_1033,car,Potsdam->Berlin,True
2026-08-18 16:52:45.352,person_ID_1397,person,Berlin (kein Wechsel),False
2026-08-18 16:52:46.351,person_ID_1398,person,Berlin (kein Wechsel),False
2026-08-18 16:52:50.953,person_ID_1399,person,Berlin->Potsdam,True
2026-08-18 16:52:53.455,bicycle_ID_832,bicycle,Potsdam (kein Wechsel),False
2026-08-18 16:52:54.419,person_ID_1401,person,Potsdam (kein Wechsel),False
2026-08-18 16:52:54.751,person_ID_1400,person,Potsdam (kein Wechsel),False
2026-08-18 16:52:55.320,person_ID_1402,person,Potsdam (kein Wechsel),False
2026-08-18 16:52:55.986,bicycle_ID_833,bicycle,Potsdam (kein Wechsel),False
2026-08-18 16:52:56.351,bicycle_ID_834,bicycle,Potsdam->Berlin,True
2026-08-18 16:52:56.521,person_ID_1403,person,Potsdam->Berlin,True
2026-08-18 16:52:57.886,person_ID_1405,person,Berlin (kein Wechsel),False
2026-08-18 16:53:00.021,car_ID_1034,car,Berlin->Potsdam,True
2026-08-18 16:53:02.691,person_ID_1404,person,Potsdam (kein Wechsel),False
2026-08-18 16:53:03.619,car_ID_1035,car,Berlin->Potsdam,True
2026-08-18 16:53:04.390,car_ID_1036,car,Potsdam (kein Wechsel),False
2026-08-18 16:53:11.556,car_ID_1037,car,Berlin->Potsdam,True
2026-08-18 16:53:15.255,bicycle_ID_836,bicycle,Berlin (kein Wechsel),False
2026-08-18 16:53:15.420,bicycle_ID_835,bicycle,Berlin->Potsdam,True
2026-08-18 16:53:15.891,person_ID_1406,person,Berlin->Potsdam,True
2026-08-18 16:53:16.589,person_ID_1407,person,Berlin->Potsdam,True
2026-08-18 16:53:17.057,bicycle_ID_837,bicycle,Berlin->Potsdam,True
2026-08-18 16:53:18.957,car_ID_1038,car,Berlin->Potsdam,True
2026-08-18 16:53:20.456,car_ID_1039,car,Potsdam (kein Wechsel),False
2026-08-18 16:53:42.458,car_ID_1040,car,Berlin->Potsdam,True
2026-08-18 16:53:42.991,car_ID_1041,car,Potsdam (kein Wechsel),False
2026-08-18 16:54:08.027,person_ID_1408,person,Berlin->Potsdam,True
2026-08-18 16:54:08.158,bicycle_ID_838,bicycle,Berlin->Potsdam,True
2026-08-18 16:54:32.392,car_ID_1042,car,Berlin->Potsdam,True
2026-08-18 16:54:34.024,car_ID_1043,car,Potsdam (kein Wechsel),False
2026-08-18 16:54:42.661,bicycle_ID_839,bicycle,Potsdam (kein Wechsel),False
2026-08-18 16:54:43.460,person_ID_1409,person,Potsdam (kein Wechsel),False
2026-08-18 16:54:43.993,car_ID_1044,car,Potsdam (kein Wechsel),False
2026-08-18 16:54:44.026,bicycle_ID_840,bicycle,Potsdam (kein Wechsel),False
2026-08-18 16:54:44.893,person_ID_1410,person,Potsdam (kein Wechsel),False
2026-08-18 16:54:45.564,bicycle_ID_841,bicycle,Potsdam->Berlin,True
2026-08-18 16:54:46.061,car_ID_1045,car,Potsdam->Berlin,True
2026-08-18 16:54:46.192,bicycle_ID_842,bicycle,Potsdam (kein Wechsel),False
2026-08-18 16:54:47.463,person_ID_1411,person,Potsdam->Berlin,True
2026-08-18 16:54:48.193,bicycle_ID_843,bicycle,Berlin (kein Wechsel),False
2026-08-18 16:54:49.425,person_ID_1412,person,Potsdam->Berlin,True
2026-08-18 16:54:52.924,car_ID_1048,car,Potsdam (kein Wechsel),False
2026-08-18 16:54:54.294,car_ID_1046,car,Potsdam->Berlin,True
2026-08-18 16:54:55.996,car_ID_1047,car,Potsdam->Berlin,True
2026-08-18 16:54:58.296,car_ID_1050,car,Potsdam (kein Wechsel),False
2026-08-18 16:54:58.495,car_ID_1049,car,Berlin->Potsdam,True
2026-08-18 16:55:12.393,car_ID_1051,car,Potsdam->Berlin,True
2026-08-18 16:55:14.396,car_ID_1052,car,Potsdam->Berlin,True
2026-08-18 16:55:19.164,bicycle_ID_845,bicycle,Berlin (kein Wechsel),False
2026-08-18 16:55:20.032,car_ID_1053,car,Berlin->Potsdam,True
2026-08-18 16:55:20.264,person_ID_1413,person,Berlin->Potsdam,True
2026-08-18 16:55:20.264,bicycle_ID_844,bicycle,Berlin->Potsdam,True
2026-08-18 16:55:36.464,car_ID_1055,car,Potsdam (kein Wechsel),False
2026-08-18 16:55:37.131,car_ID_1054,car,Potsdam (kein Wechsel),False
2026-08-18 16:55:38.065,car_ID_1057,car,Berlin (kein Wechsel),False
2026-08-18 16:55:38.895,bus_ID_90,bus,Berlin (kein Wechsel),False
2026-08-18 16:55:39.565,car_ID_1056,car,Potsdam->Berlin,True
2026-08-18 16:56:21.334,person_ID_1414,person,Potsdam (kein Wechsel),False
2026-08-18 16:56:21.567,bicycle_ID_847,bicycle,Potsdam (kein Wechsel),False
2026-08-18 16:56:22.701,person_ID_1415,person,Potsdam (kein Wechsel),False
2026-08-18 16:56:22.933,bicycle_ID_846,bicycle,Potsdam->Berlin,True
2026-08-18 16:56:24.598,person_ID_1416,person,Potsdam->Berlin,True
2026-08-18 16:56:25.268,person_ID_1417,person,Berlin (kein Wechsel),False
2026-08-18 16:56:25.269,bicycle_ID_848,bicycle,Potsdam->Berlin,True
2026-08-18 16:56:26.498,bicycle_ID_849,bicycle,Berlin (kein Wechsel),False
2026-08-18 16:56:26.599,person_ID_1418,person,Berlin (kein Wechsel),False
2026-08-18 16:56:26.998,bicycle_ID_850,bicycle,Berlin (kein Wechsel),False
2026-08-18 16:56:34.800,car_ID_1058,car,Potsdam->Berlin,True
2026-08-18 16:56:38.336,car_ID_1060,car,Potsdam (kein Wechsel),False
2026-08-18 16:56:40.166,car_ID_1059,car,Potsdam->Berlin,True
2026-08-18 16:56:44.409,car_ID_1062,car,Potsdam (kein Wechsel),False
2026-08-18 16:56:44.772,car_ID_1061,car,Berlin->Potsdam,True
2026-08-18 16:56:46.304,car_ID_1063,car,Potsdam (kein Wechsel),False
2026-08-18 16:56:48.771,car_ID_1065,car,Potsdam (kein Wechsel),False
2026-08-18 16:56:49.368,car_ID_1064,car,Berlin->Potsdam,True
2026-08-18 16:57:06.768,car_ID_1066,car,Potsdam->Berlin,True
2026-08-18 16:57:29.339,bicycle_ID_851,bicycle,Potsdam (kein Wechsel),False
2026-08-18 16:57:29.807,person_ID_1419,person,Potsdam (kein Wechsel),False
2026-08-18 16:57:31.209,bicycle_ID_853,bicycle,Potsdam->Berlin,True
2026-08-18 16:57:31.940,bicycle_ID_854,bicycle,Berlin (kein Wechsel),False
2026-08-18 16:57:33.342,bicycle_ID_852,bicycle,Potsdam->Berlin,True
2026-08-18 16:57:33.506,person_ID_1420,person,Berlin (kein Wechsel),False
2026-08-18 16:57:38.441,bicycle_ID_856,bicycle,Potsdam (kein Wechsel),False
2026-08-18 16:57:38.840,bicycle_ID_855,bicycle,Potsdam (kein Wechsel),False
2026-08-18 16:57:38.872,person_ID_1421,person,Potsdam (kein Wechsel),False
2026-08-18 16:57:39.970,bicycle_ID_857,bicycle,Potsdam (kein Wechsel),False
2026-08-18 16:57:42.907,bicycle_ID_860,bicycle,Berlin (kein Wechsel),False
2026-08-18 16:57:43.839,bicycle_ID_858,bicycle,Potsdam->Berlin,True
2026-08-18 16:57:45.042,bicycle_ID_861,bicycle,Berlin->Potsdam,True
2026-08-18 16:57:45.142,person_ID_1423,person,Berlin->Potsdam,True
2026-08-18 16:57:45.175,bicycle_ID_859,bicycle,Berlin->Potsdam,True
2026-08-18 16:57:45.939,person_ID_1422,person,Potsdam->Berlin,True
2026-08-18 16:57:45.939,bicycle_ID_862,bicycle,Berlin (kein Wechsel),False
2026-08-18 16:57:56.710,person_ID_1424,person,Potsdam (kein Wechsel),False
2026-08-18 16:57:57.741,car_ID_1067,car,Potsdam (kein Wechsel),False
2026-08-18 16:58:12.009,car_ID_1068,car,Potsdam->Berlin,True
2026-08-18 16:58:14.309,person_ID_1425,person,Potsdam->Berlin,True
2026-08-18 16:58:15.509,person_ID_1426,person,Berlin (kein Wechsel),False
2026-08-18 16:58:42.741,car_ID_1070,car,Potsdam (kein Wechsel),False
2026-08-18 16:58:45.340,car_ID_1069,car,Potsdam->Berlin,True
2026-08-18 16:58:52.811,bicycle_ID_863,bicycle,Potsdam (kein Wechsel),False
2026-08-18 16:58:55.312,bicycle_ID_864,bicycle,Potsdam (kein Wechsel),False
2026-08-18 16:58:59.143,person_ID_1427,person,Potsdam->Berlin,True
2026-08-18 16:58:59.311,bicycle_ID_865,bicycle,Berlin->Potsdam,True
2026-08-18 16:59:00.644,car_ID_1071,car,Berlin->Potsdam,True
2026-08-18 16:59:03.380,car_ID_1072,car,Berlin->Potsdam,True
2026-08-18 16:59:04.642,car_ID_1074,car,Potsdam (kein Wechsel),False
2026-08-18 16:59:06.413,car_ID_1073,car,Berlin->Potsdam,True
2026-08-18 16:59:08.913,car_ID_1075,car,Potsdam (kein Wechsel),False
2026-08-18 16:59:16.813,person_ID_1428,person,Berlin (kein Wechsel),False
2026-08-18 16:59:25.982,car_ID_1076,car,Berlin->Potsdam,True
2026-08-18 16:59:26.113,person_ID_1430,person,Berlin (kein Wechsel),False
2026-08-18 16:59:27.682,car_ID_1077,car,Berlin->Potsdam,True
2026-08-18 16:59:38.280,car_ID_1078,car,Berlin->Potsdam,True
2026-08-18 16:59:38.449,person_ID_1429,person,Berlin->Potsdam,True
2026-08-18 16:59:39.014,car_ID_1080,car,Potsdam (kein Wechsel),False
2026-08-18 16:59:39.246,car_ID_1079,car,Potsdam (kein Wechsel),False
2026-08-18 16:59:41.713,car_ID_1081,car,Potsdam->Berlin,True
2026-08-18 16:59:45.048,person_ID_1431,person,Potsdam (kein Wechsel),False
2026-08-18 16:59:46.684,person_ID_1433,person,Potsdam (kein Wechsel),False
2026-08-18 16:59:46.882,person_ID_1432,person,Berlin (kein Wechsel),False
2026-08-18 16:59:48.580,person_ID_1434,person,Potsdam (kein Wechsel),False
2026-08-18 16:59:59.848,bicycle_ID_866,bicycle,Potsdam (kein Wechsel),False
2026-08-18 17:00:00.217,person_ID_1435,person,Potsdam (kein Wechsel),False
2026-08-18 17:00:00.716,person_ID_1436,person,Potsdam (kein Wechsel),False
2026-08-18 17:00:02.484,bicycle_ID_867,bicycle,Potsdam->Berlin,True
2026-08-18 17:00:03.614,bicycle_ID_868,bicycle,Berlin (kein Wechsel),False
2026-08-18 17:00:04.814,bicycle_ID_869,bicycle,Berlin (kein Wechsel),False
2026-08-18 17:00:04.884,person_ID_1437,person,Potsdam->Berlin,True
2026-08-18 17:00:11.516,bicycle_ID_870,bicycle,Potsdam (kein Wechsel),False
2026-08-18 17:00:12.083,person_ID_1439,person,Potsdam (kein Wechsel),False
2026-08-18 17:00:13.952,bicycle_ID_871,bicycle,Potsdam (kein Wechsel),False
2026-08-18 17:00:15.418,bus_ID_91,bus,Berlin (kein Wechsel),False
2026-08-18 17:00:16.424,car_ID_1082,car,Potsdam->Berlin,True
2026-08-18 17:00:17.952,person_ID_1438,person,Potsdam->Berlin,True
2026-08-18 17:00:17.953,bicycle_ID_872,bicycle,Berlin (kein Wechsel),False
2026-08-18 17:00:18.285,car_ID_1084,car,Potsdam (kein Wechsel),False
2026-08-18 17:00:21.450,car_ID_1083,car,Potsdam->Berlin,True
2026-08-18 17:00:34.918,person_ID_1440,person,Berlin->Potsdam,True
2026-08-18 17:00:35.484,bicycle_ID_873,bicycle,Berlin->Potsdam,True
2026-08-18 17:00:36.783,car_ID_1086,car,Potsdam (kein Wechsel),False
2026-08-18 17:00:38.955,car_ID_1088,car,Potsdam (kein Wechsel),False
2026-08-18 17:00:39.585,car_ID_1085,car,Potsdam->Berlin,True
2026-08-18 17:00:41.484,car_ID_1087,car,Potsdam->Berlin,True
2026-08-18 17:00:43.316,person_ID_1441,person,Berlin (kein Wechsel),False
2026-08-18 17:00:48.586,car_ID_1089,car,Berlin (kein Wechsel),False
2026-08-18 17:00:48.817,car_ID_1090,car,Berlin (kein Wechsel),False
2026-08-18 17:00:49.887,person_ID_1442,person,Berlin->Potsdam,True
2026-08-18 17:00:50.085,bus_ID_92,bus,Berlin (kein Wechsel),False
2026-08-18 17:00:52.115,person_ID_1443,person,Potsdam (kein Wechsel),False
2026-08-18 17:00:52.452,bus_ID_93,bus,Berlin->Potsdam,True
2026-08-18 17:00:53.485,car_ID_1091,car,Potsdam (kein Wechsel),False
2026-08-18 17:01:00.353,car_ID_1094,car,Berlin (kein Wechsel),False
2026-08-18 17:01:00.488,car_ID_1093,car,Berlin (kein Wechsel),False
2026-08-18 17:01:01.416,car_ID_1092,car,Potsdam->Berlin,True
2026-08-18 17:01:04.586,car_ID_1095,car,Potsdam (kein Wechsel),False
2026-08-18 17:01:10.188,car_ID_1096,car,Berlin->Potsdam,True
2026-08-18 17:01:16.119,car_ID_1097,car,Berlin->Potsdam,True
2026-08-18 17:01:21.187,car_ID_1099,car,Berlin (kein Wechsel),False
2026-08-18 17:01:22.856,car_ID_1098,car,Berlin->Potsdam,True
2026-08-18 17:01:27.519,bicycle_ID_874,bicycle,Potsdam (kein Wechsel),False
2026-08-18 17:01:27.719,person_ID_1445,person,Potsdam (kein Wechsel),False
2026-08-18 17:01:28.688,bicycle_ID_875,bicycle,Potsdam (kein Wechsel),False
2026-08-18 17:01:28.755,person_ID_1447,person,Potsdam (kein Wechsel),False
2026-08-18 17:01:29.788,person_ID_1446,person,Potsdam->Berlin,True
2026-08-18 17:01:29.821,bicycle_ID_876,bicycle,Potsdam->Berlin,True
2026-08-18 17:01:30.388,bicycle_ID_877,bicycle,Berlin (kein Wechsel),False
2026-08-18 17:01:31.218,bicycle_ID_878,bicycle,Berlin (kein Wechsel),False
2026-08-18 17:01:31.288,person_ID_1448,person,Berlin (kein Wechsel),False
2026-08-18 17:01:36.724,bicycle_ID_879,bicycle,Berlin (kein Wechsel),False
2026-08-18 17:01:37.020,person_ID_1450,person,Berlin (kein Wechsel),False
2026-08-18 17:01:37.290,person_ID_1451,person,Berlin (kein Wechsel),False
2026-08-18 17:01:38.355,bicycle_ID_880,bicycle,Berlin->Potsdam,True
2026-08-18 17:01:39.119,person_ID_1449,person,Berlin->Potsdam,True
2026-08-18 17:01:39.321,person_ID_1452,person,Potsdam (kein Wechsel),False
2026-08-18 17:01:41.289,person_ID_1444,person,Berlin->Potsdam,True
2026-08-18 17:01:41.322,person_ID_1453,person,Potsdam (kein Wechsel),False
2026-08-18 17:01:52.126,person_ID_1454,person,Potsdam->Berlin,True
2026-08-18 17:01:59.294,bicycle_ID_881,bicycle,Potsdam (kein Wechsel),False
2026-08-18 17:01:59.725,person_ID_1455,person,Potsdam (kein Wechsel),False
2026-08-18 17:02:05.089,person_ID_1456,person,Potsdam->Berlin,True
2026-08-18 17:02:05.992,car_ID_1100,car,Berlin (kein Wechsel),False
2026-08-18 17:02:07.858,person_ID_1458,person,Potsdam (kein Wechsel),False
2026-08-18 17:02:07.890,bicycle_ID_882,bicycle,Potsdam->Berlin,True
2026-08-18 17:02:08.288,bicycle_ID_883,bicycle,Berlin (kein Wechsel),False
2026-08-18 17:02:08.724,person_ID_1459,person,Berlin (kein Wechsel),False
2026-08-18 17:02:08.925,bicycle_ID_884,bicycle,Berlin (kein Wechsel),False
2026-08-18 17:02:09.193,person_ID_1457,person,Potsdam->Berlin,True
2026-08-18 17:02:09.990,person_ID_1460,person,Berlin (kein Wechsel),False
2026-08-18 17:02:09.990,bicycle_ID_885,bicycle,Berlin (kein Wechsel),False
2026-08-18 17:02:11.857,car_ID_1101,car,Berlin->Potsdam,True
2026-08-18 17:02:12.161,car_ID_1102,car,Potsdam (kein Wechsel),False
2026-08-18 17:02:18.859,bicycle_ID_886,bicycle,Berlin (kein Wechsel),False
2026-08-18 17:02:19.957,person_ID_1461,person,Berlin->Potsdam,True
2026-08-18 17:02:19.958,bicycle_ID_887,bicycle,Berlin->Potsdam,True
2026-08-18 17:02:23.432,person_ID_1462,person,Berlin->Potsdam,True
2026-08-18 17:02:23.432,bicycle_ID_888,bicycle,Berlin->Potsdam,True
2026-08-18 17:02:54.029,car_ID_1104,car,Potsdam (kein Wechsel),False
2026-08-18 17:02:54.330,person_ID_1463,person,Potsdam (kein Wechsel),False
2026-08-18 17:02:54.790,car_ID_1103,car,Potsdam->Berlin,True
2026-08-18 17:02:55.093,person_ID_1464,person,Potsdam (kein Wechsel),False
2026-08-18 17:02:55.461,bus_ID_94,bus,Berlin (kein Wechsel),False
2026-08-18 17:02:55.995,bicycle_ID_890,bicycle,Potsdam (kein Wechsel),False
2026-08-18 17:02:56.029,person_ID_1465,person,Potsdam (kein Wechsel),False
2026-08-18 17:02:56.460,car_ID_1105,car,Potsdam (kein Wechsel),False
2026-08-18 17:02:57.031,person_ID_1466,person,Berlin (kein Wechsel),False
2026-08-18 17:02:57.065,bicycle_ID_889,bicycle,Potsdam->Berlin,True
2026-08-18 17:02:58.690,car_ID_1106,car,Potsdam->Berlin,True
2026-08-18 17:02:59.261,person_ID_1467,person,Berlin (kein Wechsel),False
2026-08-18 17:02:59.660,person_ID_1468,person,Berlin (kein Wechsel),False
2026-08-18 17:03:00.892,person_ID_1469,person,Berlin (kein Wechsel),False
2026-08-18 17:03:01.961,car_ID_1107,car,Potsdam->Berlin,True
2026-08-18 17:03:16.895,car_ID_1108,car,Potsdam->Berlin,True
2026-08-18 17:03:19.162,car_ID_1109,car,Potsdam->Berlin,True
2026-08-18 17:03:28.799,car_ID_1110,car,Potsdam->Berlin,True
2026-08-18 17:03:29.831,car_ID_1112,car,Potsdam (kein Wechsel),False
2026-08-18 17:03:32.699,car_ID_1111,car,Potsdam->Berlin,True
2026-08-18 17:03:39.362,person_ID_1470,person,Berlin (kein Wechsel),False
2026-08-18 17:03:40.064,person_ID_1471,person,Potsdam (kein Wechsel),False
2026-08-18 17:03:40.498,bicycle_ID_891,bicycle,Berlin->Potsdam,True
2026-08-18 17:03:56.132,car_ID_1113,car,Potsdam->Berlin,True
2026-08-18 17:03:58.265,bicycle_ID_893,bicycle,Berlin (kein Wechsel),False
2026-08-18 17:03:59.564,bicycle_ID_894,bicycle,Berlin (kein Wechsel),False
2026-08-18 17:03:59.699,person_ID_1472,person,Berlin->Potsdam,True
2026-08-18 17:03:59.699,bicycle_ID_892,bicycle,Berlin->Potsdam,True
2026-08-18 17:04:00.631,person_ID_1473,person,Potsdam (kein Wechsel),False
2026-08-18 17:04:01.002,bicycle_ID_895,bicycle,Potsdam (kein Wechsel),False
2026-08-18 17:04:03.132,person_ID_1474,person,Potsdam->Berlin,True
2026-08-18 17:04:03.262,bicycle_ID_896,bicycle,Potsdam->Berlin,True
2026-08-18 17:04:04.000,person_ID_1475,person,Berlin (kein Wechsel),False
2026-08-18 17:04:04.765,person_ID_1476,person,Berlin (kein Wechsel),False
2026-08-18 17:04:05.032,bicycle_ID_897,bicycle,Berlin (kein Wechsel),False
2026-08-18 17:04:05.301,car_ID_1114,car,Berlin->Potsdam,True
2026-08-18 17:04:16.500,car_ID_1116,car,Potsdam (kein Wechsel),False
2026-08-18 17:04:19.064,car_ID_1115,car,Potsdam->Berlin,True
2026-08-18 17:04:24.101,car_ID_1118,car,Potsdam (kein Wechsel),False
2026-08-18 17:04:26.204,person_ID_1477,person,Berlin (kein Wechsel),False
2026-08-18 17:04:26.832,car_ID_1117,car,Potsdam->Berlin,True
2026-08-18 17:04:31.667,person_ID_1478,person,Berlin (kein Wechsel),False
2026-08-18 17:04:32.234,person_ID_1479,person,Berlin (kein Wechsel),False
2026-08-18 17:04:32.533,bicycle_ID_898,bicycle,Berlin (kein Wechsel),False
2026-08-18 17:04:33.201,person_ID_1480,person,Berlin (kein Wechsel),False
2026-08-18 17:04:34.363,person_ID_1481,person,Berlin (kein Wechsel),False
2026-08-18 17:04:34.736,person_ID_1482,person,Potsdam (kein Wechsel),False
2026-08-18 17:04:35.203,person_ID_1484,person,Berlin (kein Wechsel),False
2026-08-18 17:04:35.203,bicycle_ID_900,bicycle,Potsdam (kein Wechsel),False
2026-08-18 17:04:36.003,bicycle_ID_901,bicycle,Potsdam (kein Wechsel),False
2026-08-18 17:04:36.069,bicycle_ID_899,bicycle,Berlin->Potsdam,True
2026-08-18 17:04:36.135,person_ID_1486,person,Berlin->Potsdam,True
2026-08-18 17:04:36.934,person_ID_1483,person,Berlin->Potsdam,True
2026-08-18 17:04:37.033,person_ID_1488,person,Potsdam (kein Wechsel),False
2026-08-18 17:04:37.067,person_ID_1487,person,Potsdam (kein Wechsel),False
2026-08-18 17:04:38.234,person_ID_1485,person,Potsdam (kein Wechsel),False
2026-08-18 17:04:38.365,person_ID_1489,person,Potsdam (kein Wechsel),False
2026-08-18 17:04:41.465,bicycle_ID_902,bicycle,Potsdam (kein Wechsel),False
2026-08-18 17:04:41.571,person_ID_1491,person,Potsdam (kein Wechsel),False
2026-08-18 17:04:44.202,person_ID_1492,person,Potsdam (kein Wechsel),False
2026-08-18 17:04:45.802,person_ID_1490,person,Potsdam (kein Wechsel),False
2026-08-18 17:04:46.069,person_ID_1493,person,Potsdam (kein Wechsel),False
2026-08-18 17:05:00.034,bicycle_ID_903,bicycle,Berlin (kein Wechsel),False
2026-08-18 17:05:01.034,person_ID_1494,person,Berlin->Potsdam,True
2026-08-18 17:05:01.200,bicycle_ID_904,bicycle,Berlin->Potsdam,True
2026-08-18 17:05:11.873,person_ID_1495,person,Berlin->Potsdam,True
2026-08-18 17:05:11.872,bicycle_ID_905,bicycle,Berlin->Potsdam,True
2026-08-18 17:05:17.470,car_ID_1119,car,Berlin->Potsdam,True
2026-08-18 17:05:18.038,bicycle_ID_907,bicycle,Potsdam (kein Wechsel),False
2026-08-18 17:05:18.503,person_ID_1496,person,Berlin (kein Wechsel),False
2026-08-18 17:05:18.973,car_ID_1120,car,Potsdam (kein Wechsel),False
2026-08-18 17:05:19.703,bicycle_ID_906,bicycle,Potsdam (kein Wechsel),False
2026-08-18 17:05:21.236,person_ID_1499,person,Berlin (kein Wechsel),False
2026-08-18 17:05:21.935,bicycle_ID_908,bicycle,Berlin (kein Wechsel),False
2026-08-18 17:05:22.038,car_ID_1121,car,Potsdam (kein Wechsel),False
2026-08-18 17:05:22.171,car_ID_1122,car,Potsdam (kein Wechsel),False
2026-08-18 17:05:22.272,person_ID_1498,person,Berlin (kein Wechsel),False
2026-08-18 17:05:23.073,person_ID_1500,person,Berlin (kein Wechsel),False
2026-08-18 17:05:24.175,bicycle_ID_909,bicycle,Berlin (kein Wechsel),False
2026-08-18 17:05:24.237,person_ID_1497,person,Berlin (kein Wechsel),False
2026-08-18 17:05:24.772,car_ID_1123,car,Berlin (kein Wechsel),False
2026-08-18 17:05:25.371,person_ID_1501,person,Berlin (kein Wechsel),False
2026-08-18 17:05:26.072,person_ID_1502,person,Berlin (kein Wechsel),False
2026-08-18 17:05:31.136,person_ID_1504,person,Berlin (kein Wechsel),False
2026-08-18 17:05:34.443,person_ID_1505,person,Berlin (kein Wechsel),False
2026-08-18 17:05:37.373,bicycle_ID_911,bicycle,Berlin (kein Wechsel),False
2026-08-18 17:05:37.739,person_ID_1507,person,Potsdam (kein Wechsel),False
2026-08-18 17:05:37.940,bicycle_ID_912,bicycle,Berlin (kein Wechsel),False
2026-08-18 17:05:38.207,bicycle_ID_910,bicycle,Berlin (kein Wechsel),False
2026-08-18 17:05:38.372,person_ID_1506,person,Berlin->Potsdam,True
2026-08-18 17:05:38.471,bicycle_ID_913,bicycle,Berlin->Potsdam,True
2026-08-18 17:05:38.775,person_ID_1503,person,Berlin->Potsdam,True
2026-08-18 17:05:40.242,car_ID_1124,car,Potsdam->Berlin,True
2026-08-18 17:05:41.105,person_ID_1510,person,Potsdam (kein Wechsel),False
2026-08-18 17:05:43.239,person_ID_1511,person,Potsdam (kein Wechsel),False
2026-08-18 17:05:43.274,person_ID_1512,person,Potsdam (kein Wechsel),False
2026-08-18 17:05:43.507,person_ID_1508,person,Potsdam (kein Wechsel),False
2026-08-18 17:05:44.438,car_ID_1125,car,Berlin->Potsdam,True
2026-08-18 17:05:45.975,person_ID_1513,person,Potsdam (kein Wechsel),False
2026-08-18 17:05:45.975,person_ID_1514,person,Potsdam (kein Wechsel),False
2026-08-18 17:05:46.106,person_ID_1509,person,Potsdam (kein Wechsel),False
2026-08-18 17:05:46.705,bus_ID_95,bus,Potsdam (kein Wechsel),False
2026-08-18 17:05:48.240,bus_ID_97,bus,Potsdam (kein Wechsel),False
2026-08-18 17:05:49.072,car_ID_1126,car,Potsdam (kein Wechsel),False
2026-08-18 17:05:50.371,bus_ID_96,bus,Potsdam->Berlin,True
2026-08-18 17:05:50.574,person_ID_1517,person,Potsdam (kein Wechsel),False
2026-08-18 17:05:51.074,car_ID_1128,car,Berlin (kein Wechsel),False
2026-08-18 17:05:51.106,car_ID_1129,car,Potsdam (kein Wechsel),False
2026-08-18 17:05:51.441,person_ID_1515,person,Potsdam (kein Wechsel),False
2026-08-18 17:05:52.207,person_ID_1518,person,Potsdam (kein Wechsel),False
2026-08-18 17:05:52.542,person_ID_1516,person,Potsdam (kein Wechsel),False
2026-08-18 17:05:53.306,car_ID_1127,car,Potsdam->Berlin,True
2026-08-18 17:05:58.472,person_ID_1519,person,Potsdam->Berlin,True
2026-08-18 17:06:04.374,car_ID_1132,car,Potsdam (kein Wechsel),False
2026-08-18 17:06:04.906,person_ID_1521,person,Potsdam (kein Wechsel),False
2026-08-18 17:06:05.508,car_ID_1133,car,Potsdam (kein Wechsel),False
2026-08-18 17:06:05.841,car_ID_1130,car,Potsdam->Berlin,True
2026-08-18 17:06:07.675,car_ID_1131,car,Potsdam->Berlin,True
2026-08-18 17:06:09.508,person_ID_1520,person,Berlin (kein Wechsel),False
2026-08-18 17:06:10.274,person_ID_1523,person,Berlin (kein Wechsel),False
2026-08-18 17:06:11.337,person_ID_1524,person,Berlin (kein Wechsel),False
2026-08-18 17:06:15.375,person_ID_1522,person,Potsdam->Berlin,True
2026-08-18 17:06:16.306,car_ID_1135,car,Potsdam (kein Wechsel),False
2026-08-18 17:06:17.137,car_ID_1134,car,Berlin->Potsdam,True
2026-08-18 17:06:23.740,person_ID_1526,person,Potsdam (kein Wechsel),False
2026-08-18 17:06:24.438,person_ID_1525,person,Potsdam->Berlin,True
2026-08-18 17:06:27.507,person_ID_1527,person,Berlin (kein Wechsel),False
2026-08-18 17:06:28.006,car_ID_1136,car,Berlin->Potsdam,True
2026-08-18 17:06:42.474,car_ID_1138,car,Potsdam (kein Wechsel),False
2026-08-18 17:06:44.410,car_ID_1139,car,Potsdam (kein Wechsel),False
2026-08-18 17:06:45.708,car_ID_1137,car,Potsdam->Berlin,True
2026-08-18 17:06:47.908,car_ID_1140,car,Potsdam->Berlin,True
2026-08-18 17:06:59.709,car_ID_1141,car,Potsdam (kein Wechsel),False
2026-08-18 17:07:03.542,person_ID_1528,person,Potsdam (kein Wechsel),False
2026-08-18 17:07:04.045,car_ID_1142,car,Potsdam (kein Wechsel),False
2026-08-18 17:07:13.244,person_ID_1529,person,Potsdam->Berlin,True
2026-08-18 17:07:17.979,car_ID_1144,car,Potsdam (kein Wechsel),False
2026-08-18 17:07:18.210,car_ID_1143,car,Berlin->Potsdam,True
2026-08-18 17:07:25.847,car_ID_1145,car,Potsdam (kein Wechsel),False
2026-08-18 17:07:29.148,bicycle_ID_914,bicycle,Berlin (kein Wechsel),False
2026-08-18 17:07:29.210,person_ID_1530,person,Berlin (kein Wechsel),False
2026-08-18 17:07:29.547,bicycle_ID_916,bicycle,Berlin (kein Wechsel),False
2026-08-18 17:07:30.248,person_ID_1531,person,Berlin->Potsdam,True
2026-08-18 17:07:30.378,bicycle_ID_915,bicycle,Berlin->Potsdam,True
2026-08-18 17:07:32.309,car_ID_1146,car,Berlin->Potsdam,True
2026-08-18 17:07:33.413,car_ID_1147,car,Potsdam (kein Wechsel),False
2026-08-18 17:07:38.482,car_ID_1148,car,Berlin->Potsdam,True
2026-08-18 17:07:40.009,car_ID_1150,car,Potsdam (kein Wechsel),False
2026-08-18 17:07:40.146,person_ID_1533,person,Potsdam (kein Wechsel),False
2026-08-18 17:07:40.146,bicycle_ID_917,bicycle,Potsdam (kein Wechsel),False
2026-08-18 17:07:40.347,person_ID_1532,person,Potsdam (kein Wechsel),False
2026-08-18 17:07:41.912,bicycle_ID_918,bicycle,Potsdam->Berlin,True
2026-08-18 17:07:41.979,person_ID_1534,person,Potsdam->Berlin,True
2026-08-18 17:07:43.949,car_ID_1149,car,Potsdam (kein Wechsel),False
2026-08-18 17:07:44.347,person_ID_1535,person,Berlin (kein Wechsel),False
2026-08-18 17:07:44.379,bicycle_ID_919,bicycle,Berlin (kein Wechsel),False
2026-08-18 17:07:45.679,car_ID_1151,car,Potsdam->Berlin,True
2026-08-18 17:07:45.679,bicycle_ID_920,bicycle,Potsdam (kein Wechsel),False
2026-08-18 17:07:46.316,person_ID_1536,person,Potsdam (kein Wechsel),False
2026-08-18 17:07:48.247,car_ID_1152,car,Potsdam (kein Wechsel),False
2026-08-18 17:07:48.353,bicycle_ID_921,bicycle,Potsdam->Berlin,True
2026-08-18 17:07:50.212,car_ID_1153,car,Potsdam (kein Wechsel),False
2026-08-18 17:07:50.414,person_ID_1537,person,Potsdam->Berlin,True
2026-08-18 17:07:50.913,bicycle_ID_923,bicycle,Potsdam (kein Wechsel),False
2026-08-18 17:07:52.879,car_ID_1154,car,Potsdam (kein Wechsel),False
2026-08-18 17:07:53.280,bicycle_ID_924,bicycle,Potsdam->Berlin,True
2026-08-18 17:07:53.381,bicycle_ID_922,bicycle,Potsdam->Berlin,True
2026-08-18 17:07:55.083,bicycle_ID_925,bicycle,Berlin (kein Wechsel),False
2026-08-18 17:07:55.281,person_ID_1538,person,Potsdam->Berlin,True
2026-08-18 17:07:57.179,bicycle_ID_926,bicycle,Potsdam (kein Wechsel),False
2026-08-18 17:07:58.317,person_ID_1539,person,Potsdam (kein Wechsel),False
2026-08-18 17:07:58.317,bicycle_ID_927,bicycle,Potsdam (kein Wechsel),False
2026-08-18 17:07:59.081,person_ID_1540,person,Potsdam (kein Wechsel),False
2026-08-18 17:08:00.048,bicycle_ID_928,bicycle,Potsdam->Berlin,True
2026-08-18 17:08:00.446,person_ID_1541,person,Berlin (kein Wechsel),False
2026-08-18 17:08:00.880,bicycle_ID_929,bicycle,Berlin (kein Wechsel),False
2026-08-18 17:08:13.612,car_ID_1155,car,Berlin->Potsdam,True
2026-08-18 17:08:16.615,car_ID_1156,car,Berlin->Potsdam,True
2026-08-18 17:08:28.750,car_ID_1157,car,Berlin->Potsdam,True
2026-08-18 17:08:37.849,car_ID_1158,car,Berlin->Potsdam,True
2026-08-18 17:08:44.952,car_ID_1159,car,Potsdam->Berlin,True
2026-08-18 17:08:52.052,car_ID_1160,car,Berlin->Potsdam,True
2026-08-18 17:09:03.083,bicycle_ID_930,bicycle,Berlin (kein Wechsel),False
2026-08-18 17:09:04.983,person_ID_1542,person,Berlin->Potsdam,True
2026-08-18 17:09:05.021,bicycle_ID_931,bicycle,Berlin->Potsdam,True
2026-08-18 17:09:08.422,bicycle_ID_932,bicycle,Potsdam (kein Wechsel),False
2026-08-18 17:09:09.054,bicycle_ID_933,bicycle,Potsdam (kein Wechsel),False
2026-08-18 17:09:09.353,person_ID_1543,person,Potsdam (kein Wechsel),False
2026-08-18 17:09:12.586,person_ID_1544,person,Potsdam->Berlin,True
2026-08-18 17:09:14.252,bicycle_ID_935,bicycle,Berlin (kein Wechsel),False
2026-08-18 17:09:15.582,person_ID_1545,person,Berlin->Potsdam,True
2026-08-18 17:09:15.582,bicycle_ID_934,bicycle,Berlin->Potsdam,True
2026-08-18 17:09:17.886,bicycle_ID_936,bicycle,Berlin->Potsdam,True
2026-08-18 17:09:18.054,person_ID_1546,person,Berlin->Potsdam,True
2026-08-18 17:09:33.021,car_ID_1161,car,Potsdam->Berlin,True
2026-08-18 17:09:37.723,bicycle_ID_937,bicycle,Berlin (kein Wechsel),False
2026-08-18 17:09:38.121,person_ID_1547,person,Berlin (kein Wechsel),False
2026-08-18 17:09:38.121,bicycle_ID_938,bicycle,Berlin (kein Wechsel),False
2026-08-18 17:09:38.318,person_ID_1548,person,Berlin (kein Wechsel),False
2026-08-18 17:09:38.988,person_ID_1549,person,Berlin->Potsdam,True
2026-08-18 17:09:39.453,bicycle_ID_939,bicycle,Potsdam (kein Wechsel),False
2026-08-18 17:09:54.090,car_ID_1162,car,Berlin (kein Wechsel),False
2026-08-18 17:10:07.220,car_ID_1163,car,Berlin->Potsdam,True
2026-08-18 17:10:27.360,car_ID_1164,car,Potsdam->Berlin,True
2026-08-18 17:10:33.960,car_ID_1165,car,Potsdam->Berlin,True
2026-08-18 17:10:34.024,car_ID_1166,car,Potsdam (kein Wechsel),False
2026-08-18 17:10:37.259,car_ID_1167,car,Potsdam->Berlin,True
2026-08-18 17:11:03.228,car_ID_1168,car,Berlin->Potsdam,True
2026-08-18 17:11:08.261,bicycle_ID_940,bicycle,Potsdam (kein Wechsel),False
2026-08-18 17:11:10.225,bicycle_ID_941,bicycle,Potsdam->Berlin,True
2026-08-18 17:11:10.760,person_ID_1550,person,Berlin (kein Wechsel),False
2026-08-18 17:11:11.758,person_ID_1551,person,Berlin (kein Wechsel),False
2026-08-18 17:11:28.529,car_ID_1169,car,Berlin->Potsdam,True
2026-08-18 17:11:38.497,car_ID_1170,car,Berlin->Potsdam,True
2026-08-18 17:11:47.027,bicycle_ID_942,bicycle,Berlin (kein Wechsel),False
2026-08-18 17:11:48.227,bicycle_ID_944,bicycle,Berlin (kein Wechsel),False
2026-08-18 17:11:48.428,bicycle_ID_943,bicycle,Berlin->Potsdam,True
2026-08-18 17:11:48.895,person_ID_1552,person,Berlin->Potsdam,True
2026-08-18 17:11:49.035,person_ID_1553,person,Potsdam (kein Wechsel),False
2026-08-18 17:11:55.058,bicycle_ID_946,bicycle,Potsdam (kein Wechsel),False
2026-08-18 17:11:55.196,bicycle_ID_945,bicycle,Potsdam (kein Wechsel),False
2026-08-18 17:11:57.528,bicycle_ID_947,bicycle,Potsdam->Berlin,True
2026-08-18 17:11:58.243,person_ID_1554,person,Potsdam->Berlin,True
2026-08-18 17:11:58.757,bicycle_ID_948,bicycle,Berlin (kein Wechsel),False
2026-08-18 17:11:59.231,bicycle_ID_949,bicycle,Berlin (kein Wechsel),False
2026-08-18 17:11:59.832,person_ID_1555,person,Berlin (kein Wechsel),False
2026-08-18 17:12:03.260,person_ID_1556,person,Berlin->Potsdam,True
2026-08-18 17:12:17.235,car_ID_1171,car,Potsdam->Berlin,True
2026-08-18 17:12:20.564,car_ID_1173,car,Potsdam (kein Wechsel),False
2026-08-18 17:12:22.197,car_ID_1174,car,Berlin (kein Wechsel),False
2026-08-18 17:12:23.029,car_ID_1172,car,Potsdam->Berlin,True
2026-08-18 17:12:33.733,car_ID_1175,car,Potsdam->Berlin,True
2026-08-18 17:12:35.669,bicycle_ID_951,bicycle,Berlin (kein Wechsel),False
2026-08-18 17:12:36.398,car_ID_1176,car,Potsdam->Berlin,True
2026-08-18 17:12:36.730,person_ID_1557,person,Berlin->Potsdam,True
2026-08-18 17:12:36.731,bicycle_ID_950,bicycle,Berlin->Potsdam,True
2026-08-18 17:12:40.235,person_ID_1558,person,Berlin (kein Wechsel),False
2026-08-18 17:12:41.068,person_ID_1559,person,Berlin (kein Wechsel),False
2026-08-18 17:12:41.764,person_ID_1560,person,Berlin->Potsdam,True
2026-08-18 17:12:55.399,bicycle_ID_952,bicycle,Potsdam (kein Wechsel),False
2026-08-18 17:12:55.498,person_ID_1561,person,Potsdam (kein Wechsel),False
2026-08-18 17:12:58.100,person_ID_1562,person,Potsdam->Berlin,True
2026-08-18 17:12:59.438,person_ID_1563,person,Berlin (kein Wechsel),False
2026-08-18 17:12:59.668,bicycle_ID_953,bicycle,Potsdam->Berlin,True
2026-08-18 17:12:59.931,bicycle_ID_954,bicycle,Berlin (kein Wechsel),False
2026-08-18 17:13:23.069,bicycle_ID_955,bicycle,Potsdam (kein Wechsel),False
2026-08-18 17:13:23.338,person_ID_1565,person,Potsdam (kein Wechsel),False
2026-08-18 17:13:24.202,bicycle_ID_956,bicycle,Potsdam (kein Wechsel),False
2026-08-18 17:13:25.631,bicycle_ID_957,bicycle,Potsdam (kein Wechsel),False
2026-08-18 17:13:28.233,person_ID_1566,person,Potsdam->Berlin,True
2026-08-18 17:13:29.072,car_ID_1177,car,Berlin->Potsdam,True
2026-08-18 17:13:30.933,bicycle_ID_958,bicycle,Potsdam (kein Wechsel),False
2026-08-18 17:13:31.935,person_ID_1567,person,Potsdam (kein Wechsel),False
2026-08-18 17:13:32.169,car_ID_1178,car,Berlin->Potsdam,True
2026-08-18 17:13:34.732,bicycle_ID_959,bicycle,Potsdam->Berlin,True
2026-08-18 17:13:36.033,person_ID_1568,person,Potsdam->Berlin,True
2026-08-18 17:13:36.503,person_ID_1569,person,Berlin (kein Wechsel),False
2026-08-18 17:13:36.600,bicycle_ID_960,bicycle,Potsdam (kein Wechsel),False
2026-08-18 17:13:36.771,person_ID_1570,person,Potsdam (kein Wechsel),False
2026-08-18 17:13:37.072,car_ID_1179,car,Potsdam->Berlin,True
2026-08-18 17:13:37.569,person_ID_1571,person,Potsdam (kein Wechsel),False
2026-08-18 17:13:39.571,person_ID_1572,person,Potsdam->Berlin,True
2026-08-18 17:13:40.403,person_ID_1564,person,Potsdam->Berlin,True
2026-08-18 17:13:41.438,person_ID_1573,person,Berlin (kein Wechsel),False
2026-08-18 17:13:45.968,bicycle_ID_961,bicycle,Berlin->Potsdam,True
2026-08-18 17:13:46.003,person_ID_1574,person,Berlin->Potsdam,True
2026-08-18 17:13:46.501,bicycle_ID_963,bicycle,Potsdam (kein Wechsel),False
2026-08-18 17:13:46.569,bicycle_ID_962,bicycle,Berlin->Potsdam,True
2026-08-18 17:13:46.906,person_ID_1575,person,Berlin->Potsdam,True
2026-08-18 17:13:47.870,bicycle_ID_965,bicycle,Berlin (kein Wechsel),False
2026-08-18 17:13:48.603,person_ID_1576,person,Berlin->Potsdam,True
2026-08-18 17:13:49.173,bicycle_ID_964,bicycle,Berlin->Potsdam,True
2026-08-18 17:13:50.603,car_ID_1180,car,Berlin->Potsdam,True
2026-08-18 17:13:56.338,bicycle_ID_966,bicycle,Berlin (kein Wechsel),False
2026-08-18 17:13:57.270,person_ID_1578,person,Berlin->Potsdam,True
2026-08-18 17:13:57.301,bicycle_ID_967,bicycle,Berlin->Potsdam,True
2026-08-18 17:14:05.971,person_ID_1579,person,Potsdam (kein Wechsel),False
2026-08-18 17:14:17.740,person_ID_1577,person,Potsdam->Berlin,True
2026-08-18 17:14:17.803,person_ID_1582,person,Potsdam (kein Wechsel),False
2026-08-18 17:14:18.240,bicycle_ID_968,bicycle,Potsdam (kein Wechsel),False
2026-08-18 17:14:18.402,person_ID_1584,person,Berlin (kein Wechsel),False
2026-08-18 17:14:18.441,car_ID_1181,car,Berlin->Potsdam,True
2026-08-18 17:14:18.939,bicycle_ID_970,bicycle,Berlin (kein Wechsel),False
2026-08-18 17:14:19.407,person_ID_1585,person,Berlin (kein Wechsel),False
2026-08-18 17:14:19.940,person_ID_1586,person,Berlin (kein Wechsel),False
2026-08-18 17:14:20.573,bicycle_ID_969,bicycle,Potsdam->Berlin,True
2026-08-18 17:14:20.703,person_ID_1583,person,Potsdam->Berlin,True
2026-08-18 17:14:23.439,person_ID_1581,person,Potsdam->Berlin,True
2026-08-18 17:14:24.303,person_ID_1580,person,Potsdam->Berlin,True
2026-08-18 17:14:27.472,person_ID_1587,person,Berlin (kein Wechsel),False
2026-08-18 17:14:29.038,bicycle_ID_971,bicycle,Potsdam (kein Wechsel),False
2026-08-18 17:14:29.505,person_ID_1589,person,Potsdam (kein Wechsel),False
2026-08-18 17:14:30.502,person_ID_1588,person,Potsdam (kein Wechsel),False
2026-08-18 17:14:31.272,person_ID_1590,person,Berlin (kein Wechsel),False
2026-08-18 17:14:31.370,person_ID_1591,person,Potsdam (kein Wechsel),False
2026-08-18 17:14:31.402,bicycle_ID_972,bicycle,Potsdam (kein Wechsel),False
2026-08-18 17:14:32.002,bicycle_ID_973,bicycle,Berlin (kein Wechsel),False
2026-08-18 17:14:34.207,person_ID_1592,person,Berlin (kein Wechsel),False
2026-08-18 17:14:34.207,person_ID_1593,person,Berlin (kein Wechsel),False
2026-08-18 17:14:42.442,bicycle_ID_975,bicycle,Berlin (kein Wechsel),False
2026-08-18 17:14:43.341,person_ID_1594,person,Berlin->Potsdam,True
2026-08-18 17:14:43.442,bicycle_ID_974,bicycle,Berlin->Potsdam,True
2026-08-18 17:14:43.573,bicycle_ID_976,bicycle,Potsdam (kein Wechsel),False
2026-08-18 17:14:44.973,bicycle_ID_977,bicycle,Potsdam (kein Wechsel),False
2026-08-18 17:14:45.405,bicycle_ID_978,bicycle,Potsdam->Berlin,True
2026-08-18 17:15:00.242,bicycle_ID_980,bicycle,Potsdam (kein Wechsel),False
2026-08-18 17:15:00.308,bicycle_ID_979,bicycle,Potsdam (kein Wechsel),False
2026-08-18 17:15:01.540,bicycle_ID_981,bicycle,Potsdam (kein Wechsel),False
2026-08-18 17:15:01.811,person_ID_1595,person,Potsdam (kein Wechsel),False
2026-08-18 17:15:02.306,person_ID_1596,person,Potsdam (kein Wechsel),False
2026-08-18 17:15:02.344,bicycle_ID_982,bicycle,Berlin (kein Wechsel),False
2026-08-18 17:15:02.610,person_ID_1597,person,Berlin (kein Wechsel),False
2026-08-18 17:15:03.272,person_ID_1598,person,Berlin (kein Wechsel),False
2026-08-18 17:15:04.215,bicycle_ID_983,bicycle,Berlin (kein Wechsel),False
2026-08-18 17:15:04.316,person_ID_1599,person,Berlin (kein Wechsel),False
