timestamp,display_id,label,direction,is_transition
2026-07-25 15:00:37.919,person_ID_1,person,Potsdam (kein Wechsel),False
2026-07-25 15:00:43.119,person_ID_2,person,Potsdam (kein Wechsel),False
2026-07-25 15:01:08.646,person_ID_3,person,Potsdam (kein Wechsel),False
2026-07-25 15:01:09.750,person_ID_4,person,Berlin (kein Wechsel),False
2026-07-25 15:01:10.150,person_ID_5,person,Berlin (kein Wechsel),False
2026-07-25 15:01:11.220,person_ID_6,person,Berlin (kein Wechsel),False
2026-07-25 15:01:11.550,person_ID_7,person,Berlin (kein Wechsel),False
2026-07-25 15:01:19.750,person_ID_8,person,Potsdam (kein Wechsel),False
2026-07-25 15:01:26.248,person_ID_9,person,Potsdam (kein Wechsel),False
2026-07-25 15:01:27.515,person_ID_10,person,Potsdam (kein Wechsel),False
2026-07-25 15:01:43.281,person_ID_11,person,Berlin->Potsdam,True
2026-07-25 15:01:43.281,bicycle_ID_1,bicycle,Berlin->Potsdam,True
2026-07-25 15:01:43.319,bicycle_ID_3,bicycle,Berlin->Potsdam,True
2026-07-25 15:01:43.983,person_ID_12,person,Berlin->Potsdam,True
2026-07-25 15:01:43.983,bicycle_ID_2,bicycle,Berlin->Potsdam,True
2026-07-25 15:01:45.181,car_ID_2,car,Berlin (kein Wechsel),False
2026-07-25 15:01:46.349,car_ID_1,car,Berlin->Potsdam,True
2026-07-25 15:02:22.524,person_ID_14,person,Berlin (kein Wechsel),False
2026-07-25 15:02:22.590,person_ID_15,person,Berlin->Potsdam,True
2026-07-25 15:02:22.622,bicycle_ID_4,bicycle,Berlin->Potsdam,True
2026-07-25 15:02:22.654,person_ID_13,person,Berlin (kein Wechsel),False
2026-07-25 15:02:22.826,bicycle_ID_5,bicycle,Berlin (kein Wechsel),False
2026-07-25 15:02:38.221,person_ID_16,person,Berlin->Potsdam,True
2026-07-25 15:02:38.221,bicycle_ID_6,bicycle,Berlin->Potsdam,True
2026-07-25 15:02:38.488,person_ID_17,person,Berlin (kein Wechsel),False
2026-07-25 15:02:38.488,bicycle_ID_7,bicycle,Berlin (kein Wechsel),False
2026-07-25 15:02:39.286,bicycle_ID_9,bicycle,Berlin->Potsdam,True
2026-07-25 15:02:39.351,person_ID_18,person,Berlin->Potsdam,True
2026-07-25 15:02:39.351,bicycle_ID_8,bicycle,Berlin->Potsdam,True
2026-07-25 15:02:42.419,person_ID_19,person,Berlin (kein Wechsel),False
2026-07-25 15:02:42.687,person_ID_21,person,Berlin (kein Wechsel),False
2026-07-25 15:02:43.193,bicycle_ID_10,bicycle,Berlin (kein Wechsel),False
2026-07-25 15:02:43.292,person_ID_20,person,Berlin (kein Wechsel),False
2026-07-25 15:02:43.292,bicycle_ID_11,bicycle,Berlin (kein Wechsel),False
2026-07-25 15:02:53.425,person_ID_22,person,Potsdam (kein Wechsel),False
2026-07-25 15:02:54.755,person_ID_23,person,Potsdam (kein Wechsel),False
2026-07-25 15:02:58.023,car_ID_3,car,Potsdam (kein Wechsel),False
2026-07-25 15:03:00.692,car_ID_4,car,Berlin (kein Wechsel),False
2026-07-25 15:03:06.852,car_ID_5,car,Berlin (kein Wechsel),False
2026-07-25 15:03:32.222,person_ID_24,person,Berlin (kein Wechsel),False
2026-07-25 15:03:32.923,bicycle_ID_12,bicycle,Berlin->Potsdam,True
2026-07-25 15:03:53.393,person_ID_25,person,Potsdam (kein Wechsel),False
2026-07-25 15:03:57.656,person_ID_26,person,Berlin (kein Wechsel),False
2026-07-25 15:03:57.822,person_ID_27,person,Berlin (kein Wechsel),False
2026-07-25 15:03:59.862,person_ID_28,person,Berlin (kein Wechsel),False
2026-07-25 15:04:46.093,person_ID_29,person,Potsdam (kein Wechsel),False
2026-07-25 15:05:06.000,person_ID_31,person,Berlin (kein Wechsel),False
2026-07-25 15:05:06.130,person_ID_30,person,Berlin (kein Wechsel),False
2026-07-25 15:05:23.427,car_ID_6,car,Potsdam->Berlin,True
2026-07-25 15:05:34.500,car_ID_7,car,Berlin->Potsdam,True
2026-07-25 15:05:50.900,truck_ID_1,truck,Potsdam (kein Wechsel),False
2026-07-25 15:05:54.897,bus_ID_2,bus,Potsdam->Berlin,True
2026-07-25 15:05:55.897,bus_ID_1,bus,Potsdam->Berlin,True
2026-07-25 15:06:02.297,car_ID_8,car,Potsdam->Berlin,True
2026-07-25 15:06:14.401,truck_ID_2,truck,Berlin (kein Wechsel),False
2026-07-25 15:06:15.271,car_ID_9,car,Potsdam->Berlin,True
2026-07-25 15:06:24.203,car_ID_10,car,Berlin->Potsdam,True
2026-07-25 15:06:27.266,car_ID_11,car,Potsdam (kein Wechsel),False
2026-07-25 15:06:28.833,car_ID_12,car,Potsdam (kein Wechsel),False
2026-07-25 15:06:30.373,truck_ID_3,truck,Berlin (kein Wechsel),False
2026-07-25 15:06:31.235,car_ID_13,car,Berlin (kein Wechsel),False
2026-07-25 15:06:31.269,truck_ID_4,truck,Berlin (kein Wechsel),False
2026-07-25 15:06:32.798,car_ID_14,car,Berlin (kein Wechsel),False
2026-07-25 15:06:35.666,car_ID_15,car,Potsdam (kein Wechsel),False
2026-07-25 15:06:38.367,truck_ID_5,truck,Berlin (kein Wechsel),False
2026-07-25 15:06:39.099,bicycle_ID_13,bicycle,Berlin (kein Wechsel),False
2026-07-25 15:06:39.134,car_ID_16,car,Berlin (kein Wechsel),False
2026-07-25 15:06:40.299,person_ID_32,person,Berlin (kein Wechsel),False
2026-07-25 15:06:40.566,person_ID_33,person,Berlin (kein Wechsel),False
2026-07-25 15:06:40.634,bicycle_ID_14,bicycle,Berlin->Potsdam,True
2026-07-25 15:06:43.971,person_ID_34,person,Berlin (kein Wechsel),False
2026-07-25 15:06:45.103,person_ID_35,person,Berlin (kein Wechsel),False
2026-07-25 15:06:47.003,person_ID_36,person,Berlin (kein Wechsel),False
2026-07-25 15:06:48.967,bicycle_ID_15,bicycle,Berlin->Potsdam,True
2026-07-25 15:06:49.134,person_ID_37,person,Berlin->Potsdam,True
2026-07-25 15:06:49.999,person_ID_38,person,Berlin->Potsdam,True
2026-07-25 15:06:50.099,bicycle_ID_16,bicycle,Berlin->Potsdam,True
2026-07-25 15:07:54.338,person_ID_39,person,Potsdam (kein Wechsel),False
2026-07-25 15:08:00.471,person_ID_41,person,Potsdam (kein Wechsel),False
2026-07-25 15:08:01.638,person_ID_42,person,Potsdam (kein Wechsel),False
2026-07-25 15:08:04.441,person_ID_43,person,Potsdam (kein Wechsel),False
2026-07-25 15:08:04.842,person_ID_40,person,Potsdam (kein Wechsel),False
2026-07-25 15:08:06.672,person_ID_45,person,Potsdam (kein Wechsel),False
2026-07-25 15:08:06.872,person_ID_44,person,Potsdam (kein Wechsel),False
2026-07-25 15:08:12.610,person_ID_46,person,Potsdam (kein Wechsel),False
2026-07-25 15:08:14.010,car_ID_17,car,Berlin (kein Wechsel),False
2026-07-25 15:08:14.710,car_ID_18,car,Potsdam (kein Wechsel),False
2026-07-25 15:08:17.273,car_ID_19,car,Berlin (kein Wechsel),False
2026-07-25 15:08:22.910,person_ID_47,person,Potsdam (kein Wechsel),False
2026-07-25 15:08:30.607,car_ID_21,car,Berlin (kein Wechsel),False
2026-07-25 15:08:31.240,car_ID_20,car,Berlin (kein Wechsel),False
2026-07-25 15:08:48.377,person_ID_48,person,Potsdam (kein Wechsel),False
2026-07-25 15:08:52.273,person_ID_49,person,Potsdam (kein Wechsel),False
2026-07-25 15:08:52.608,person_ID_50,person,Berlin (kein Wechsel),False
2026-07-25 15:08:59.309,person_ID_51,person,Potsdam (kein Wechsel),False
2026-07-25 15:09:00.408,person_ID_52,person,Berlin (kein Wechsel),False
2026-07-25 15:09:01.073,person_ID_53,person,Berlin (kein Wechsel),False
2026-07-25 15:09:22.410,person_ID_54,person,Potsdam (kein Wechsel),False
2026-07-25 15:09:23.243,person_ID_55,person,Potsdam (kein Wechsel),False
2026-07-25 15:09:25.178,person_ID_56,person,Potsdam (kein Wechsel),False
2026-07-25 15:09:39.918,truck_ID_6,truck,Potsdam (kein Wechsel),False
2026-07-25 15:09:40.015,car_ID_22,car,Potsdam (kein Wechsel),False
2026-07-25 15:09:41.180,truck_ID_8,truck,Potsdam->Berlin,True
2026-07-25 15:09:41.544,truck_ID_7,truck,Berlin (kein Wechsel),False
2026-07-25 15:09:42.012,car_ID_24,car,Berlin (kein Wechsel),False
2026-07-25 15:09:42.579,truck_ID_9,truck,Berlin (kein Wechsel),False
2026-07-25 15:09:43.244,car_ID_23,car,Potsdam->Berlin,True
2026-07-25 15:09:43.844,person_ID_57,person,Berlin (kein Wechsel),False
2026-07-25 15:09:51.283,person_ID_58,person,Berlin (kein Wechsel),False
2026-07-25 15:09:52.844,person_ID_59,person,Berlin (kein Wechsel),False
2026-07-25 15:09:56.483,car_ID_25,car,Berlin->Potsdam,True
2026-07-25 15:10:04.783,car_ID_26,car,Berlin (kein Wechsel),False
2026-07-25 15:10:41.719,person_ID_60,person,Berlin (kein Wechsel),False
2026-07-25 15:10:42.087,person_ID_61,person,Berlin (kein Wechsel),False
2026-07-25 15:10:43.088,person_ID_62,person,Berlin (kein Wechsel),False
2026-07-25 15:11:13.684,car_ID_27,car,Berlin (kein Wechsel),False
2026-07-25 15:11:13.716,bus_ID_3,bus,Berlin (kein Wechsel),False
2026-07-25 15:11:15.317,truck_ID_10,truck,Berlin (kein Wechsel),False
2026-07-25 15:11:15.616,truck_ID_11,truck,Potsdam (kein Wechsel),False
2026-07-25 15:11:16.084,truck_ID_12,truck,Potsdam (kein Wechsel),False
2026-07-25 15:11:16.216,truck_ID_13,truck,Potsdam (kein Wechsel),False
2026-07-25 15:11:22.384,person_ID_64,person,Berlin (kein Wechsel),False
2026-07-25 15:11:22.787,person_ID_63,person,Berlin (kein Wechsel),False
2026-07-25 15:11:22.818,person_ID_66,person,Berlin (kein Wechsel),False
2026-07-25 15:11:22.918,bicycle_ID_17,bicycle,Berlin (kein Wechsel),False
2026-07-25 15:11:22.918,bicycle_ID_19,bicycle,Berlin (kein Wechsel),False
2026-07-25 15:11:23.221,bicycle_ID_18,bicycle,Berlin (kein Wechsel),False
2026-07-25 15:11:23.552,person_ID_65,person,Berlin (kein Wechsel),False
2026-07-25 15:11:23.684,bicycle_ID_20,bicycle,Berlin (kein Wechsel),False
2026-07-25 15:11:26.157,car_ID_28,car,Berlin (kein Wechsel),False
2026-07-25 15:11:33.517,car_ID_29,car,Berlin (kein Wechsel),False
2026-07-25 15:11:46.417,car_ID_31,car,Potsdam (kein Wechsel),False
2026-07-25 15:11:48.653,car_ID_33,car,Potsdam (kein Wechsel),False
2026-07-25 15:11:48.953,car_ID_30,car,Potsdam->Berlin,True
2026-07-25 15:11:49.753,truck_ID_14,truck,Berlin (kein Wechsel),False
2026-07-25 15:11:50.253,truck_ID_15,truck,Berlin (kein Wechsel),False
2026-07-25 15:11:51.621,car_ID_32,car,Potsdam->Berlin,True
2026-07-25 15:12:35.120,person_ID_67,person,Berlin->Potsdam,True
2026-07-25 15:13:00.757,car_ID_34,car,Potsdam->Berlin,True
2026-07-25 15:13:10.659,car_ID_35,car,Berlin->Potsdam,True
2026-07-25 15:13:18.729,car_ID_36,car,Berlin (kein Wechsel),False
2026-07-25 15:13:25.064,person_ID_68,person,Potsdam (kein Wechsel),False
2026-07-25 15:13:30.100,car_ID_37,car,Potsdam (kein Wechsel),False
2026-07-25 15:13:30.326,person_ID_70,person,Berlin (kein Wechsel),False
2026-07-25 15:13:30.826,person_ID_71,person,Berlin (kein Wechsel),False
2026-07-25 15:13:31.126,person_ID_69,person,Berlin (kein Wechsel),False
2026-07-25 15:13:31.958,person_ID_72,person,Berlin (kein Wechsel),False
2026-07-25 15:13:32.326,person_ID_73,person,Berlin (kein Wechsel),False
2026-07-25 15:13:32.526,car_ID_38,car,Potsdam->Berlin,True
2026-07-25 15:13:38.726,person_ID_76,person,Berlin (kein Wechsel),False
2026-07-25 15:13:38.891,person_ID_75,person,Berlin (kein Wechsel),False
2026-07-25 15:13:43.226,person_ID_74,person,Potsdam->Berlin,True
2026-07-25 15:14:06.293,car_ID_39,car,Potsdam (kein Wechsel),False
2026-07-25 15:14:08.664,car_ID_40,car,Berlin (kein Wechsel),False
2026-07-25 15:14:43.030,bicycle_ID_21,bicycle,Berlin (kein Wechsel),False
2026-07-25 15:14:43.897,person_ID_77,person,Berlin->Potsdam,True
2026-07-25 15:14:57.002,truck_ID_16,truck,Berlin (kein Wechsel),False
2026-07-25 15:14:58.135,car_ID_41,car,Berlin->Potsdam,True
2026-07-25 15:14:59.998,car_ID_42,car,Berlin (kein Wechsel),False
2026-07-25 15:15:09.734,truck_ID_17,truck,Berlin (kein Wechsel),False
2026-07-25 15:15:10.963,truck_ID_18,truck,Berlin (kein Wechsel),False
2026-07-25 15:15:12.263,car_ID_43,car,Berlin->Potsdam,True
2026-07-25 15:15:23.865,person_ID_78,person,Berlin (kein Wechsel),False
2026-07-25 15:15:27.003,person_ID_79,person,Berlin (kein Wechsel),False
2026-07-25 15:15:28.568,person_ID_80,person,Berlin (kein Wechsel),False
2026-07-25 15:15:29.432,person_ID_81,person,Berlin (kein Wechsel),False
2026-07-25 15:15:31.532,person_ID_82,person,Potsdam (kein Wechsel),False
2026-07-25 15:15:31.632,person_ID_83,person,Berlin (kein Wechsel),False
2026-07-25 15:15:34.839,person_ID_84,person,Berlin (kein Wechsel),False
2026-07-25 15:15:34.839,person_ID_85,person,Potsdam (kein Wechsel),False
2026-07-25 15:15:35.271,person_ID_86,person,Berlin (kein Wechsel),False
2026-07-25 15:15:40.471,person_ID_87,person,Berlin (kein Wechsel),False
2026-07-25 15:15:40.502,bicycle_ID_22,bicycle,Berlin (kein Wechsel),False
2026-07-25 15:15:41.133,person_ID_88,person,Potsdam (kein Wechsel),False
2026-07-25 15:15:41.133,bicycle_ID_23,bicycle,Berlin->Potsdam,True
2026-07-25 15:15:43.766,person_ID_90,person,Potsdam (kein Wechsel),False
2026-07-25 15:15:43.866,person_ID_89,person,Potsdam (kein Wechsel),False
2026-07-25 15:15:45.737,person_ID_91,person,Potsdam (kein Wechsel),False
2026-07-25 15:16:03.205,person_ID_93,person,Potsdam (kein Wechsel),False
2026-07-25 15:16:03.475,person_ID_92,person,Potsdam (kein Wechsel),False
2026-07-25 15:16:20.335,person_ID_94,person,Potsdam (kein Wechsel),False
2026-07-25 15:16:21.336,person_ID_95,person,Berlin (kein Wechsel),False
2026-07-25 15:16:22.803,person_ID_96,person,Berlin (kein Wechsel),False
2026-07-25 15:16:25.007,car_ID_44,car,Potsdam (kein Wechsel),False
2026-07-25 15:16:27.406,truck_ID_19,truck,Berlin (kein Wechsel),False
2026-07-25 15:16:27.872,person_ID_98,person,Berlin (kein Wechsel),False
2026-07-25 15:16:27.972,car_ID_46,car,Berlin (kein Wechsel),False
2026-07-25 15:16:28.004,car_ID_45,car,Berlin (kein Wechsel),False
2026-07-25 15:16:28.072,truck_ID_20,truck,Berlin (kein Wechsel),False
2026-07-25 15:16:28.204,person_ID_97,person,Potsdam (kein Wechsel),False
2026-07-25 15:16:29.903,person_ID_99,person,Berlin (kein Wechsel),False
2026-07-25 15:16:30.435,person_ID_100,person,Berlin (kein Wechsel),False
2026-07-25 15:16:36.408,person_ID_101,person,Berlin (kein Wechsel),False
2026-07-25 15:16:36.739,person_ID_102,person,Berlin (kein Wechsel),False
2026-07-25 15:16:38.072,person_ID_103,person,Berlin (kein Wechsel),False
2026-07-25 15:16:38.503,person_ID_104,person,Berlin (kein Wechsel),False
2026-07-25 15:16:41.604,person_ID_105,person,Berlin (kein Wechsel),False
2026-07-25 15:16:42.804,person_ID_106,person,Berlin (kein Wechsel),False
2026-07-25 15:16:43.475,person_ID_107,person,Berlin (kein Wechsel),False
2026-07-25 15:16:58.873,car_ID_47,car,Potsdam (kein Wechsel),False
2026-07-25 15:17:01.537,car_ID_48,car,Potsdam->Berlin,True
2026-07-25 15:17:03.608,car_ID_49,car,Berlin (kein Wechsel),False
2026-07-25 15:17:03.640,truck_ID_22,truck,Berlin (kein Wechsel),False
2026-07-25 15:17:04.237,bus_ID_4,bus,Berlin (kein Wechsel),False
2026-07-25 15:17:04.537,car_ID_50,car,Berlin (kein Wechsel),False
2026-07-25 15:17:04.805,truck_ID_21,truck,Berlin->Potsdam,True
2026-07-25 15:17:04.972,truck_ID_23,truck,Berlin (kein Wechsel),False
2026-07-25 15:17:32.942,person_ID_108,person,Berlin (kein Wechsel),False
2026-07-25 15:17:33.177,person_ID_109,person,Berlin (kein Wechsel),False
2026-07-25 15:17:33.310,person_ID_110,person,Berlin (kein Wechsel),False
2026-07-25 15:17:34.112,person_ID_111,person,Berlin (kein Wechsel),False
2026-07-25 15:17:35.538,car_ID_51,car,Berlin->Potsdam,True
2026-07-25 15:17:38.874,person_ID_112,person,Berlin->Potsdam,True
2026-07-25 15:17:39.009,bicycle_ID_24,bicycle,Berlin->Potsdam,True
2026-07-25 15:18:04.643,car_ID_52,car,Potsdam (kein Wechsel),False
2026-07-25 15:18:06.208,truck_ID_24,truck,Berlin (kein Wechsel),False
2026-07-25 15:18:06.543,car_ID_53,car,Berlin (kein Wechsel),False
2026-07-25 15:18:07.108,truck_ID_25,truck,Berlin (kein Wechsel),False
2026-07-25 15:18:07.143,car_ID_54,car,Berlin (kein Wechsel),False
2026-07-25 15:18:23.447,car_ID_55,car,Potsdam->Berlin,True
2026-07-25 15:18:39.510,person_ID_113,person,Potsdam (kein Wechsel),False
2026-07-25 15:18:42.381,person_ID_114,person,Potsdam (kein Wechsel),False
2026-07-25 15:18:49.747,person_ID_115,person,Berlin (kein Wechsel),False
2026-07-25 15:18:53.614,person_ID_116,person,Berlin (kein Wechsel),False
2026-07-25 15:18:56.346,person_ID_117,person,Berlin (kein Wechsel),False
2026-07-25 15:18:58.678,person_ID_119,person,Berlin (kein Wechsel),False
2026-07-25 15:19:01.979,person_ID_118,person,Berlin (kein Wechsel),False
2026-07-25 15:19:02.346,person_ID_120,person,Berlin (kein Wechsel),False
2026-07-25 15:19:02.678,car_ID_56,car,Berlin->Potsdam,True
2026-07-25 15:19:03.513,car_ID_57,car,Potsdam (kein Wechsel),False
2026-07-25 15:19:04.246,person_ID_121,person,Berlin (kein Wechsel),False
2026-07-25 15:19:05.111,person_ID_123,person,Berlin (kein Wechsel),False
2026-07-25 15:19:06.216,bicycle_ID_25,bicycle,Berlin->Potsdam,True
2026-07-25 15:19:06.282,person_ID_122,person,Berlin->Potsdam,True
2026-07-25 15:19:18.647,person_ID_124,person,Potsdam (kein Wechsel),False
2026-07-25 15:19:20.180,person_ID_125,person,Potsdam (kein Wechsel),False
2026-07-25 15:19:20.950,person_ID_126,person,Potsdam (kein Wechsel),False
2026-07-25 15:19:29.548,bicycle_ID_27,bicycle,Berlin (kein Wechsel),False
2026-07-25 15:19:30.318,person_ID_127,person,Berlin (kein Wechsel),False
2026-07-25 15:19:30.318,bicycle_ID_26,bicycle,Berlin (kein Wechsel),False
2026-07-25 15:19:32.180,person_ID_128,person,Potsdam (kein Wechsel),False
2026-07-25 15:19:35.553,person_ID_129,person,Potsdam (kein Wechsel),False
2026-07-25 15:19:56.882,truck_ID_26,truck,Berlin (kein Wechsel),False
2026-07-25 15:19:57.382,truck_ID_27,truck,Berlin (kein Wechsel),False
2026-07-25 15:19:57.882,bus_ID_6,bus,Berlin (kein Wechsel),False
2026-07-25 15:19:58.517,car_ID_58,car,Berlin (kein Wechsel),False
2026-07-25 15:19:58.750,car_ID_59,car,Berlin (kein Wechsel),False
2026-07-25 15:19:59.149,bus_ID_5,bus,Berlin (kein Wechsel),False
2026-07-25 15:19:59.355,car_ID_60,car,Potsdam (kein Wechsel),False
2026-07-25 15:20:00.353,bus_ID_7,bus,Berlin->Potsdam,True
2026-07-25 15:20:00.853,car_ID_61,car,Potsdam (kein Wechsel),False
2026-07-25 15:20:13.250,car_ID_62,car,Potsdam (kein Wechsel),False
2026-07-25 15:20:15.525,car_ID_63,car,Berlin (kein Wechsel),False
2026-07-25 15:20:22.823,person_ID_130,person,Potsdam (kein Wechsel),False
2026-07-25 15:20:27.318,car_ID_65,car,Potsdam (kein Wechsel),False
2026-07-25 15:20:28.583,bicycle_ID_29,bicycle,Berlin (kein Wechsel),False
2026-07-25 15:20:29.018,bicycle_ID_28,bicycle,Berlin (kein Wechsel),False
2026-07-25 15:20:29.483,person_ID_131,person,Berlin (kein Wechsel),False
2026-07-25 15:20:34.288,car_ID_66,car,Potsdam (kein Wechsel),False
2026-07-25 15:20:38.284,truck_ID_28,truck,Potsdam (kein Wechsel),False
2026-07-25 15:20:39.788,car_ID_67,car,Potsdam (kein Wechsel),False
2026-07-25 15:20:45.455,person_ID_132,person,Berlin (kein Wechsel),False
2026-07-25 15:20:52.023,car_ID_64,car,Potsdam (kein Wechsel),False
2026-07-25 15:20:53.188,person_ID_133,person,Potsdam (kein Wechsel),False
2026-07-25 15:21:03.185,car_ID_68,car,Berlin->Potsdam,True
2026-07-25 15:21:05.584,person_ID_134,person,Berlin (kein Wechsel),False
2026-07-25 15:21:07.356,person_ID_135,person,Berlin (kein Wechsel),False
2026-07-25 15:21:14.322,person_ID_136,person,Berlin (kein Wechsel),False
2026-07-25 15:21:17.457,car_ID_69,car,Berlin (kein Wechsel),False
2026-07-25 15:21:17.992,car_ID_70,car,Potsdam (kein Wechsel),False
2026-07-25 15:21:19.655,person_ID_137,person,Potsdam (kein Wechsel),False
2026-07-25 15:21:26.457,person_ID_138,person,Potsdam (kein Wechsel),False
2026-07-25 15:21:28.722,car_ID_71,car,Berlin->Potsdam,True
2026-07-25 15:21:30.254,person_ID_140,person,Potsdam (kein Wechsel),False
2026-07-25 15:21:35.054,person_ID_139,person,Potsdam (kein Wechsel),False
2026-07-25 15:21:38.154,person_ID_141,person,Potsdam (kein Wechsel),False
2026-07-25 15:21:41.354,person_ID_142,person,Potsdam (kein Wechsel),False
2026-07-25 15:21:42.058,person_ID_143,person,Potsdam (kein Wechsel),False
2026-07-25 15:21:43.787,person_ID_144,person,Potsdam (kein Wechsel),False
2026-07-25 15:21:46.655,person_ID_145,person,Potsdam (kein Wechsel),False
2026-07-25 15:21:53.158,person_ID_146,person,Potsdam (kein Wechsel),False
2026-07-25 15:21:53.926,person_ID_147,person,Potsdam (kein Wechsel),False
2026-07-25 15:21:55.026,person_ID_148,person,Potsdam (kein Wechsel),False
2026-07-25 15:22:01.430,person_ID_149,person,Potsdam (kein Wechsel),False
2026-07-25 15:22:09.829,person_ID_150,person,Potsdam (kein Wechsel),False
2026-07-25 15:22:10.927,person_ID_151,person,Potsdam (kein Wechsel),False
2026-07-25 15:22:16.560,car_ID_72,car,Berlin->Potsdam,True
2026-07-25 15:22:17.661,person_ID_152,person,Potsdam (kein Wechsel),False
2026-07-25 15:22:18.824,person_ID_153,person,Potsdam (kein Wechsel),False
2026-07-25 15:22:20.291,person_ID_154,person,Potsdam (kein Wechsel),False
2026-07-25 15:22:25.433,person_ID_155,person,Potsdam (kein Wechsel),False
2026-07-25 15:22:32.066,person_ID_156,person,Potsdam (kein Wechsel),False
2026-07-25 15:22:32.357,car_ID_73,car,Potsdam->Berlin,True
2026-07-25 15:22:37.529,person_ID_157,person,Potsdam (kein Wechsel),False
2026-07-25 15:22:39.128,person_ID_158,person,Potsdam (kein Wechsel),False
2026-07-25 15:22:47.297,car_ID_74,car,Berlin (kein Wechsel),False
2026-07-25 15:22:47.929,car_ID_75,car,Berlin (kein Wechsel),False
2026-07-25 15:23:02.595,person_ID_159,person,Potsdam (kein Wechsel),False
2026-07-25 15:23:03.698,person_ID_160,person,Potsdam (kein Wechsel),False
2026-07-25 15:23:05.599,car_ID_76,car,Berlin->Potsdam,True
2026-07-25 15:23:08.830,person_ID_161,person,Potsdam (kein Wechsel),False
2026-07-25 15:23:08.966,car_ID_77,car,Berlin->Potsdam,True
2026-07-25 15:23:11.562,person_ID_162,person,Potsdam (kein Wechsel),False
2026-07-25 15:23:16.230,person_ID_163,person,Potsdam (kein Wechsel),False
2026-07-25 15:23:18.898,person_ID_164,person,Potsdam (kein Wechsel),False
2026-07-25 15:23:23.862,person_ID_165,person,Potsdam (kein Wechsel),False
2026-07-25 15:23:28.463,person_ID_166,person,Potsdam (kein Wechsel),False
2026-07-25 15:23:29.328,person_ID_168,person,Potsdam (kein Wechsel),False
2026-07-25 15:23:31.366,bicycle_ID_33,bicycle,Potsdam (kein Wechsel),False
2026-07-25 15:23:31.497,person_ID_171,person,Berlin (kein Wechsel),False
2026-07-25 15:23:31.629,person_ID_167,person,Berlin->Potsdam,True
2026-07-25 15:23:31.696,person_ID_170,person,Potsdam (kein Wechsel),False
2026-07-25 15:23:31.728,bicycle_ID_30,bicycle,Berlin->Potsdam,True
2026-07-25 15:23:31.728,bicycle_ID_32,bicycle,Berlin->Potsdam,True
2026-07-25 15:23:31.763,person_ID_169,person,Berlin (kein Wechsel),False
2026-07-25 15:23:31.964,person_ID_172,person,Berlin (kein Wechsel),False
2026-07-25 15:23:32.196,bicycle_ID_31,bicycle,Berlin->Potsdam,True
2026-07-25 15:23:32.563,person_ID_173,person,Potsdam (kein Wechsel),False
2026-07-25 15:23:32.832,person_ID_174,person,Potsdam (kein Wechsel),False
2026-07-25 15:23:36.067,person_ID_175,person,Potsdam (kein Wechsel),False
2026-07-25 15:23:39.267,person_ID_176,person,Potsdam (kein Wechsel),False
2026-07-25 15:23:43.028,person_ID_177,person,Potsdam (kein Wechsel),False
2026-07-25 15:23:46.168,person_ID_178,person,Potsdam (kein Wechsel),False
2026-07-25 15:23:47.597,person_ID_180,person,Potsdam (kein Wechsel),False
2026-07-25 15:23:48.830,person_ID_179,person,Berlin->Potsdam,True
2026-07-25 15:23:48.996,car_ID_78,car,Potsdam (kein Wechsel),False
2026-07-25 15:23:50.397,person_ID_181,person,Berlin (kein Wechsel),False
2026-07-25 15:23:50.896,car_ID_79,car,Potsdam->Berlin,True
2026-07-25 15:24:00.197,person_ID_182,person,Potsdam (kein Wechsel),False
2026-07-25 15:24:03.630,person_ID_183,person,Potsdam (kein Wechsel),False
2026-07-25 15:24:04.568,person_ID_184,person,Potsdam (kein Wechsel),False
2026-07-25 15:24:08.301,person_ID_185,person,Potsdam (kein Wechsel),False
2026-07-25 15:24:16.865,car_ID_80,car,Berlin->Potsdam,True
2026-07-25 15:24:31.369,person_ID_186,person,Potsdam (kein Wechsel),False
2026-07-25 15:24:32.504,person_ID_187,person,Potsdam (kein Wechsel),False
2026-07-25 15:24:45.803,person_ID_188,person,Potsdam (kein Wechsel),False
2026-07-25 15:24:51.136,person_ID_189,person,Berlin (kein Wechsel),False
2026-07-25 15:24:53.271,person_ID_190,person,Berlin (kein Wechsel),False
2026-07-25 15:24:56.400,bicycle_ID_35,bicycle,Berlin (kein Wechsel),False
2026-07-25 15:24:56.968,bicycle_ID_36,bicycle,Berlin (kein Wechsel),False
2026-07-25 15:24:57.101,person_ID_192,person,Berlin (kein Wechsel),False
2026-07-25 15:24:58.874,person_ID_193,person,Berlin->Potsdam,True
2026-07-25 15:24:58.874,bicycle_ID_34,bicycle,Berlin->Potsdam,True
2026-07-25 15:24:59.038,person_ID_191,person,Berlin->Potsdam,True
2026-07-25 15:24:59.074,bicycle_ID_37,bicycle,Berlin->Potsdam,True
2026-07-25 15:25:11.347,person_ID_194,person,Potsdam (kein Wechsel),False
2026-07-25 15:25:12.501,truck_ID_29,truck,Potsdam (kein Wechsel),False
2026-07-25 15:25:14.369,car_ID_82,car,Berlin (kein Wechsel),False
2026-07-25 15:25:14.503,car_ID_81,car,Potsdam->Berlin,True
2026-07-25 15:25:14.869,truck_ID_30,truck,Berlin (kein Wechsel),False
2026-07-25 15:25:14.936,truck_ID_31,truck,Berlin (kein Wechsel),False
2026-07-25 15:25:15.443,bus_ID_8,bus,Potsdam->Berlin,True
2026-07-25 15:25:25.705,truck_ID_32,truck,Potsdam (kein Wechsel),False
2026-07-25 15:25:29.502,truck_ID_33,truck,Berlin (kein Wechsel),False
2026-07-25 15:25:30.069,bus_ID_9,bus,Potsdam->Berlin,True
2026-07-25 15:25:34.505,person_ID_195,person,Berlin->Potsdam,True
2026-07-25 15:25:34.505,bicycle_ID_38,bicycle,Berlin->Potsdam,True
2026-07-25 15:25:34.740,person_ID_196,person,Potsdam (kein Wechsel),False
2026-07-25 15:25:51.039,car_ID_83,car,Potsdam (kein Wechsel),False
2026-07-25 15:25:51.638,truck_ID_35,truck,Berlin (kein Wechsel),False
2026-07-25 15:25:52.070,truck_ID_34,truck,Berlin (kein Wechsel),False
2026-07-25 15:25:52.138,car_ID_85,car,Berlin (kein Wechsel),False
2026-07-25 15:25:52.703,car_ID_84,car,Potsdam->Berlin,True
2026-07-25 15:26:02.906,person_ID_197,person,Potsdam (kein Wechsel),False
2026-07-25 15:26:05.877,person_ID_198,person,Berlin (kein Wechsel),False
2026-07-25 15:26:06.503,person_ID_199,person,Berlin (kein Wechsel),False
2026-07-25 15:26:07.271,person_ID_200,person,Berlin (kein Wechsel),False
2026-07-25 15:26:15.004,car_ID_86,car,Potsdam (kein Wechsel),False
2026-07-25 15:26:16.939,truck_ID_36,truck,Berlin (kein Wechsel),False
2026-07-25 15:26:17.439,car_ID_87,car,Berlin (kein Wechsel),False
2026-07-25 15:26:23.407,person_ID_201,person,Berlin (kein Wechsel),False
2026-07-25 15:26:26.140,car_ID_88,car,Berlin (kein Wechsel),False
2026-07-25 15:26:33.140,person_ID_202,person,Potsdam (kein Wechsel),False
2026-07-25 15:26:35.673,person_ID_203,person,Potsdam (kein Wechsel),False
2026-07-25 15:26:37.173,person_ID_204,person,Berlin (kein Wechsel),False
2026-07-25 15:26:37.208,person_ID_205,person,Potsdam (kein Wechsel),False
2026-07-25 15:26:37.208,bicycle_ID_39,bicycle,Berlin (kein Wechsel),False
2026-07-25 15:26:37.844,bicycle_ID_40,bicycle,Berlin->Potsdam,True
2026-07-25 15:26:41.741,car_ID_89,car,Berlin->Potsdam,True
2026-07-25 15:26:46.509,person_ID_206,person,Berlin (kein Wechsel),False
2026-07-25 15:26:53.442,person_ID_207,person,Berlin (kein Wechsel),False
2026-07-25 15:26:54.773,person_ID_208,person,Berlin (kein Wechsel),False
2026-07-25 15:26:55.409,person_ID_209,person,Berlin (kein Wechsel),False
2026-07-25 15:27:06.574,car_ID_90,car,Potsdam->Berlin,True
2026-07-25 15:27:21.249,car_ID_91,car,Potsdam (kein Wechsel),False
2026-07-25 15:27:23.711,car_ID_92,car,Potsdam->Berlin,True
2026-07-25 15:27:26.712,car_ID_93,car,Potsdam (kein Wechsel),False
2026-07-25 15:27:28.943,car_ID_94,car,Berlin (kein Wechsel),False
2026-07-25 15:27:46.581,car_ID_95,car,Berlin (kein Wechsel),False
2026-07-25 15:27:51.350,person_ID_210,person,Potsdam (kein Wechsel),False
2026-07-25 15:27:54.476,person_ID_211,person,Potsdam (kein Wechsel),False
2026-07-25 15:27:57.315,person_ID_212,person,Potsdam (kein Wechsel),False
2026-07-25 15:28:03.912,person_ID_213,person,Potsdam (kein Wechsel),False
2026-07-25 15:28:09.716,person_ID_214,person,Potsdam (kein Wechsel),False
2026-07-25 15:28:12.280,person_ID_215,person,Potsdam (kein Wechsel),False
2026-07-25 15:28:18.686,person_ID_216,person,Potsdam (kein Wechsel),False
2026-07-25 15:28:21.450,person_ID_217,person,Potsdam (kein Wechsel),False
2026-07-25 15:28:23.347,person_ID_220,person,Potsdam (kein Wechsel),False
2026-07-25 15:28:24.914,bicycle_ID_42,bicycle,Berlin->Potsdam,True
2026-07-25 15:28:24.946,person_ID_219,person,Berlin->Potsdam,True
2026-07-25 15:28:25.051,person_ID_221,person,Potsdam (kein Wechsel),False
2026-07-25 15:28:25.117,person_ID_218,person,Berlin->Potsdam,True
2026-07-25 15:28:25.117,bicycle_ID_41,bicycle,Berlin->Potsdam,True
2026-07-25 15:28:27.218,person_ID_222,person,Potsdam (kein Wechsel),False
2026-07-25 15:28:29.688,person_ID_223,person,Potsdam (kein Wechsel),False
2026-07-25 15:28:35.550,person_ID_224,person,Potsdam (kein Wechsel),False
2026-07-25 15:28:38.950,car_ID_97,car,Potsdam (kein Wechsel),False
2026-07-25 15:28:40.715,truck_ID_37,truck,Berlin (kein Wechsel),False
2026-07-25 15:28:41.282,car_ID_96,car,Potsdam->Berlin,True
2026-07-25 15:28:42.917,person_ID_225,person,Potsdam->Berlin,True
2026-07-25 15:28:45.287,person_ID_226,person,Berlin (kein Wechsel),False
2026-07-25 15:28:45.786,person_ID_227,person,Berlin (kein Wechsel),False
2026-07-25 15:28:47.218,person_ID_228,person,Berlin (kein Wechsel),False
2026-07-25 15:28:48.219,person_ID_229,person,Berlin (kein Wechsel),False
2026-07-25 15:28:49.019,person_ID_230,person,Berlin (kein Wechsel),False
2026-07-25 15:29:02.048,person_ID_231,person,Berlin->Potsdam,True
2026-07-25 15:29:02.048,bicycle_ID_43,bicycle,Berlin->Potsdam,True
2026-07-25 15:29:14.154,person_ID_232,person,Potsdam (kein Wechsel),False
2026-07-25 15:29:15.052,person_ID_233,person,Potsdam (kein Wechsel),False
2026-07-25 15:29:17.087,person_ID_234,person,Potsdam (kein Wechsel),False
2026-07-25 15:29:23.516,person_ID_235,person,Potsdam (kein Wechsel),False
2026-07-25 15:29:35.350,car_ID_98,car,Berlin->Potsdam,True
2026-07-25 15:29:39.188,person_ID_236,person,Potsdam (kein Wechsel),False
2026-07-25 15:29:40.554,person_ID_237,person,Potsdam (kein Wechsel),False
2026-07-25 15:29:43.785,person_ID_238,person,Potsdam (kein Wechsel),False
2026-07-25 15:29:48.089,person_ID_239,person,Potsdam (kein Wechsel),False
2026-07-25 15:29:56.522,car_ID_100,car,Potsdam (kein Wechsel),False
2026-07-25 15:29:59.087,car_ID_99,car,Potsdam->Berlin,True
2026-07-25 15:29:59.854,person_ID_240,person,Potsdam (kein Wechsel),False
2026-07-25 15:30:08.987,person_ID_241,person,Berlin (kein Wechsel),False
2026-07-25 15:30:09.519,person_ID_242,person,Potsdam (kein Wechsel),False
2026-07-25 15:30:09.687,person_ID_243,person,Potsdam (kein Wechsel),False
2026-07-25 15:30:09.687,bicycle_ID_44,bicycle,Berlin->Potsdam,True
2026-07-25 15:30:11.119,person_ID_244,person,Potsdam (kein Wechsel),False
2026-07-25 15:30:20.555,person_ID_245,person,Potsdam (kein Wechsel),False
2026-07-25 15:30:26.493,person_ID_246,person,Potsdam (kein Wechsel),False
2026-07-25 15:30:28.855,person_ID_247,person,Potsdam (kein Wechsel),False
2026-07-25 15:30:31.255,person_ID_248,person,Potsdam (kein Wechsel),False
2026-07-25 15:30:32.788,person_ID_249,person,Potsdam (kein Wechsel),False
2026-07-25 15:30:47.794,car_ID_101,car,Berlin (kein Wechsel),False
2026-07-25 15:30:49.320,person_ID_250,person,Potsdam (kein Wechsel),False
2026-07-25 15:30:51.320,person_ID_251,person,Potsdam (kein Wechsel),False
2026-07-25 15:30:54.124,person_ID_252,person,Potsdam (kein Wechsel),False
2026-07-25 15:30:55.624,person_ID_253,person,Potsdam (kein Wechsel),False
2026-07-25 15:31:00.022,person_ID_254,person,Potsdam (kein Wechsel),False
2026-07-25 15:31:01.225,person_ID_255,person,Potsdam (kein Wechsel),False
2026-07-25 15:31:01.525,person_ID_256,person,Potsdam (kein Wechsel),False
2026-07-25 15:31:01.926,person_ID_257,person,Potsdam (kein Wechsel),False
2026-07-25 15:31:02.157,person_ID_258,person,Berlin (kein Wechsel),False
2026-07-25 15:31:03.489,person_ID_260,person,Potsdam (kein Wechsel),False
2026-07-25 15:31:03.990,person_ID_259,person,Berlin (kein Wechsel),False
2026-07-25 15:31:04.289,person_ID_261,person,Berlin (kein Wechsel),False
2026-07-25 15:31:04.621,person_ID_262,person,Berlin (kein Wechsel),False
2026-07-25 15:31:04.889,person_ID_263,person,Potsdam (kein Wechsel),False
2026-07-25 15:31:05.690,person_ID_264,person,Berlin (kein Wechsel),False
2026-07-25 15:31:06.123,car_ID_102,car,Potsdam (kein Wechsel),False
2026-07-25 15:31:06.291,person_ID_265,person,Berlin (kein Wechsel),False
2026-07-25 15:31:06.490,person_ID_266,person,Berlin (kein Wechsel),False
2026-07-25 15:31:07.690,person_ID_267,person,Potsdam (kein Wechsel),False
2026-07-25 15:31:09.589,car_ID_104,car,Berlin (kein Wechsel),False
2026-07-25 15:31:09.622,car_ID_103,car,Berlin (kein Wechsel),False
2026-07-25 15:31:09.789,person_ID_268,person,Berlin (kein Wechsel),False
2026-07-25 15:31:10.890,person_ID_269,person,Berlin->Potsdam,True
2026-07-25 15:31:10.990,bicycle_ID_45,bicycle,Berlin->Potsdam,True
2026-07-25 15:31:15.225,person_ID_270,person,Potsdam (kein Wechsel),False
2026-07-25 15:31:18.125,person_ID_271,person,Potsdam (kein Wechsel),False
2026-07-25 15:31:21.394,person_ID_272,person,Potsdam (kein Wechsel),False
2026-07-25 15:31:28.627,person_ID_273,person,Potsdam (kein Wechsel),False
2026-07-25 15:31:31.962,person_ID_274,person,Potsdam (kein Wechsel),False
2026-07-25 15:31:34.729,person_ID_275,person,Potsdam (kein Wechsel),False
2026-07-25 15:31:34.793,person_ID_276,person,Potsdam (kein Wechsel),False
2026-07-25 15:31:35.527,person_ID_277,person,Potsdam (kein Wechsel),False
2026-07-25 15:31:37.359,person_ID_279,person,Berlin (kein Wechsel),False
2026-07-25 15:31:37.728,person_ID_280,person,Berlin (kein Wechsel),False
2026-07-25 15:31:38.491,bicycle_ID_46,bicycle,Berlin->Potsdam,True
2026-07-25 15:31:38.527,person_ID_278,person,Berlin->Potsdam,True
2026-07-25 15:31:38.564,person_ID_282,person,Berlin (kein Wechsel),False
2026-07-25 15:31:38.965,person_ID_281,person,Berlin (kein Wechsel),False
2026-07-25 15:31:39.495,person_ID_284,person,Berlin (kein Wechsel),False
2026-07-25 15:31:39.634,person_ID_283,person,Berlin (kein Wechsel),False
2026-07-25 15:31:39.995,person_ID_285,person,Berlin (kein Wechsel),False
2026-07-25 15:31:41.829,person_ID_287,person,Berlin (kein Wechsel),False
2026-07-25 15:31:42.028,bicycle_ID_48,bicycle,Berlin (kein Wechsel),False
2026-07-25 15:31:43.229,bicycle_ID_47,bicycle,Berlin->Potsdam,True
2026-07-25 15:31:43.262,person_ID_286,person,Berlin->Potsdam,True
2026-07-25 15:31:43.328,person_ID_288,person,Berlin (kein Wechsel),False
2026-07-25 15:31:43.691,person_ID_289,person,Berlin->Potsdam,True
2026-07-25 15:31:43.927,person_ID_290,person,Potsdam (kein Wechsel),False
2026-07-25 15:31:43.927,bicycle_ID_49,bicycle,Potsdam (kein Wechsel),False
2026-07-25 15:31:45.892,car_ID_105,car,Berlin->Potsdam,True
2026-07-25 15:31:49.963,person_ID_291,person,Potsdam (kein Wechsel),False
2026-07-25 15:31:50.795,person_ID_292,person,Potsdam (kein Wechsel),False
2026-07-25 15:32:19.932,person_ID_293,person,Potsdam (kein Wechsel),False
2026-07-25 15:32:20.730,person_ID_294,person,Potsdam (kein Wechsel),False
2026-07-25 15:32:21.261,person_ID_295,person,Potsdam (kein Wechsel),False
2026-07-25 15:32:24.529,person_ID_296,person,Berlin (kein Wechsel),False
2026-07-25 15:32:34.370,truck_ID_38,truck,Berlin (kein Wechsel),False
2026-07-25 15:32:34.635,truck_ID_39,truck,Berlin (kein Wechsel),False
2026-07-25 15:32:35.065,car_ID_106,car,Berlin (kein Wechsel),False
2026-07-25 15:32:35.133,car_ID_107,car,Berlin (kein Wechsel),False
2026-07-25 15:33:10.199,bicycle_ID_50,bicycle,Berlin (kein Wechsel),False
2026-07-25 15:33:10.832,person_ID_298,person,Berlin (kein Wechsel),False
2026-07-25 15:33:10.999,person_ID_297,person,Berlin (kein Wechsel),False
2026-07-25 15:33:12.864,person_ID_299,person,Berlin->Potsdam,True
2026-07-25 15:33:12.864,bicycle_ID_51,bicycle,Berlin->Potsdam,True
2026-07-25 15:33:34.133,person_ID_300,person,Potsdam (kein Wechsel),False
2026-07-25 15:33:35.265,person_ID_301,person,Potsdam (kein Wechsel),False
2026-07-25 15:33:37.633,person_ID_302,person,Potsdam (kein Wechsel),False
2026-07-25 15:33:38.639,person_ID_303,person,Potsdam (kein Wechsel),False
2026-07-25 15:33:45.271,person_ID_304,person,Berlin (kein Wechsel),False
2026-07-25 15:33:45.467,person_ID_305,person,Berlin (kein Wechsel),False
2026-07-25 15:33:45.565,person_ID_306,person,Potsdam (kein Wechsel),False
2026-07-25 15:33:45.565,bicycle_ID_52,bicycle,Berlin->Potsdam,True
2026-07-25 15:33:46.970,person_ID_308,person,Berlin (kein Wechsel),False
2026-07-25 15:33:47.769,person_ID_307,person,Berlin (kein Wechsel),False
2026-07-25 15:33:48.136,bicycle_ID_53,bicycle,Berlin (kein Wechsel),False
2026-07-25 15:33:57.267,person_ID_310,person,Berlin (kein Wechsel),False
2026-07-25 15:33:57.266,bicycle_ID_55,bicycle,Berlin (kein Wechsel),False
2026-07-25 15:33:57.601,person_ID_311,person,Berlin (kein Wechsel),False
2026-07-25 15:33:57.767,person_ID_309,person,Berlin (kein Wechsel),False
2026-07-25 15:33:58.102,bicycle_ID_56,bicycle,Berlin (kein Wechsel),False
2026-07-25 15:33:58.267,bicycle_ID_54,bicycle,Berlin->Potsdam,True
2026-07-25 15:34:14.535,person_ID_312,person,Potsdam (kein Wechsel),False
2026-07-25 15:34:16.235,person_ID_313,person,Potsdam (kein Wechsel),False
2026-07-25 15:34:21.374,person_ID_314,person,Potsdam (kein Wechsel),False
2026-07-25 15:34:24.035,person_ID_315,person,Potsdam (kein Wechsel),False
2026-07-25 15:34:33.474,car_ID_108,car,Potsdam (kein Wechsel),False
2026-07-25 15:34:36.103,car_ID_109,car,Potsdam->Berlin,True
2026-07-25 15:34:36.568,person_ID_316,person,Berlin (kein Wechsel),False
2026-07-25 15:34:37.203,person_ID_317,person,Berlin (kein Wechsel),False
2026-07-25 15:34:49.307,person_ID_318,person,Potsdam (kein Wechsel),False
2026-07-25 15:34:57.708,person_ID_319,person,Potsdam (kein Wechsel),False
2026-07-25 15:34:58.677,person_ID_320,person,Berlin (kein Wechsel),False
2026-07-25 15:34:59.374,person_ID_321,person,Berlin (kein Wechsel),False
2026-07-25 15:34:59.773,person_ID_322,person,Berlin (kein Wechsel),False
2026-07-25 15:34:59.838,person_ID_323,person,Berlin (kein Wechsel),False
2026-07-25 15:35:01.205,car_ID_111,car,Potsdam (kein Wechsel),False
2026-07-25 15:35:01.679,car_ID_110,car,Berlin->Potsdam,True
2026-07-25 15:35:03.373,car_ID_114,car,Berlin (kein Wechsel),False
2026-07-25 15:35:03.373,truck_ID_40,truck,Berlin (kein Wechsel),False
2026-07-25 15:35:03.605,person_ID_324,person,Potsdam (kein Wechsel),False
2026-07-25 15:35:03.873,truck_ID_41,truck,Berlin (kein Wechsel),False
2026-07-25 15:35:04.073,car_ID_112,car,Potsdam->Berlin,True
2026-07-25 15:35:04.311,person_ID_325,person,Potsdam (kein Wechsel),False
2026-07-25 15:35:05.273,car_ID_113,car,Berlin->Potsdam,True
2026-07-25 15:35:10.141,person_ID_326,person,Potsdam (kein Wechsel),False
2026-07-25 15:35:12.738,person_ID_327,person,Potsdam (kein Wechsel),False
2026-07-25 15:35:21.011,person_ID_328,person,Potsdam (kein Wechsel),False
2026-07-25 15:35:22.638,person_ID_329,person,Potsdam (kein Wechsel),False
2026-07-25 15:35:25.606,person_ID_330,person,Potsdam (kein Wechsel),False
2026-07-25 15:35:28.715,person_ID_331,person,Potsdam (kein Wechsel),False
2026-07-25 15:35:29.939,person_ID_332,person,Potsdam (kein Wechsel),False
2026-07-25 15:35:30.239,person_ID_333,person,Potsdam (kein Wechsel),False
2026-07-25 15:35:30.974,person_ID_335,person,Potsdam (kein Wechsel),False
2026-07-25 15:35:31.174,person_ID_334,person,Potsdam (kein Wechsel),False
2026-07-25 15:35:31.806,person_ID_336,person,Potsdam (kein Wechsel),False
2026-07-25 15:35:33.239,person_ID_337,person,Potsdam->Berlin,True
2026-07-25 15:35:33.740,person_ID_338,person,Berlin (kein Wechsel),False
2026-07-25 15:35:34.910,person_ID_340,person,Berlin (kein Wechsel),False
2026-07-25 15:35:35.078,car_ID_116,car,Potsdam (kein Wechsel),False
2026-07-25 15:35:35.740,car_ID_115,car,Berlin->Potsdam,True
2026-07-25 15:35:36.041,person_ID_339,person,Berlin (kein Wechsel),False
2026-07-25 15:36:00.912,car_ID_117,car,Berlin->Potsdam,True
2026-07-25 15:36:16.044,car_ID_118,car,Potsdam (kein Wechsel),False
2026-07-25 15:36:17.278,car_ID_120,car,Berlin (kein Wechsel),False
2026-07-25 15:36:17.476,car_ID_119,car,Potsdam->Berlin,True
2026-07-25 15:36:18.076,truck_ID_42,truck,Berlin (kein Wechsel),False
2026-07-25 15:36:18.341,car_ID_121,car,Berlin (kein Wechsel),False
2026-07-25 15:36:22.043,truck_ID_43,truck,Berlin (kein Wechsel),False
2026-07-25 15:36:22.509,car_ID_124,car,Berlin (kein Wechsel),False
2026-07-25 15:36:22.576,car_ID_122,car,Potsdam->Berlin,True
2026-07-25 15:36:22.676,car_ID_123,car,Potsdam (kein Wechsel),False
2026-07-25 15:36:24.441,car_ID_125,car,Berlin (kein Wechsel),False
2026-07-25 15:36:50.482,car_ID_126,car,Berlin (kein Wechsel),False
2026-07-25 15:36:55.511,bicycle_ID_57,bicycle,Berlin (kein Wechsel),False
2026-07-25 15:36:56.411,person_ID_341,person,Berlin->Potsdam,True
2026-07-25 15:36:56.410,bicycle_ID_58,bicycle,Berlin->Potsdam,True
2026-07-25 15:36:59.415,person_ID_342,person,Berlin (kein Wechsel),False
2026-07-25 15:36:59.817,bicycle_ID_59,bicycle,Berlin->Potsdam,True
2026-07-25 15:37:00.218,person_ID_344,person,Potsdam (kein Wechsel),False
2026-07-25 15:37:00.318,person_ID_345,person,Potsdam (kein Wechsel),False
2026-07-25 15:37:02.379,person_ID_343,person,Berlin->Potsdam,True
2026-07-25 15:37:02.379,bicycle_ID_60,bicycle,Berlin->Potsdam,True
2026-07-25 15:37:08.252,car_ID_127,car,Berlin->Potsdam,True
2026-07-25 15:37:17.782,person_ID_346,person,Berlin (kein Wechsel),False
2026-07-25 15:37:20.579,car_ID_128,car,Potsdam (kein Wechsel),False
2026-07-25 15:37:21.714,car_ID_129,car,Potsdam (kein Wechsel),False
2026-07-25 15:37:23.714,person_ID_347,person,Berlin (kein Wechsel),False
2026-07-25 15:37:23.849,bicycle_ID_61,bicycle,Berlin->Potsdam,True
2026-07-25 15:37:23.880,car_ID_130,car,Berlin (kein Wechsel),False
2026-07-25 15:37:31.213,person_ID_348,person,Berlin (kein Wechsel),False
2026-07-25 15:37:31.712,person_ID_349,person,Berlin->Potsdam,True
2026-07-25 15:37:32.013,bicycle_ID_62,bicycle,Berlin->Potsdam,True
2026-07-25 15:37:34.380,person_ID_350,person,Potsdam (kein Wechsel),False
2026-07-25 15:37:39.517,person_ID_351,person,Potsdam (kein Wechsel),False
2026-07-25 15:37:42.018,person_ID_352,person,Potsdam (kein Wechsel),False
2026-07-25 15:37:43.713,car_ID_131,car,Berlin->Potsdam,True
2026-07-25 15:37:52.949,person_ID_353,person,Berlin (kein Wechsel),False
2026-07-25 15:37:53.013,person_ID_354,person,Berlin (kein Wechsel),False
2026-07-25 15:37:53.114,person_ID_355,person,Berlin (kein Wechsel),False
2026-07-25 15:37:53.214,person_ID_356,person,Berlin (kein Wechsel),False
2026-07-25 15:38:15.156,person_ID_357,person,Potsdam (kein Wechsel),False
2026-07-25 15:38:23.188,person_ID_358,person,Potsdam (kein Wechsel),False
2026-07-25 15:38:23.722,person_ID_359,person,Berlin (kein Wechsel),False
2026-07-25 15:38:24.583,bicycle_ID_63,bicycle,Berlin (kein Wechsel),False
2026-07-25 15:38:25.518,person_ID_360,person,Berlin (kein Wechsel),False
2026-07-25 15:38:50.319,person_ID_361,person,Potsdam (kein Wechsel),False
2026-07-25 15:38:59.785,person_ID_362,person,Potsdam (kein Wechsel),False
2026-07-25 15:39:00.652,person_ID_363,person,Potsdam (kein Wechsel),False
2026-07-25 15:39:03.124,person_ID_364,person,Potsdam (kein Wechsel),False
2026-07-25 15:39:05.485,person_ID_365,person,Potsdam (kein Wechsel),False
2026-07-25 15:39:07.953,person_ID_366,person,Potsdam (kein Wechsel),False
2026-07-25 15:39:11.189,person_ID_367,person,Potsdam (kein Wechsel),False
2026-07-25 15:39:16.121,person_ID_368,person,Potsdam (kein Wechsel),False
2026-07-25 15:39:18.854,person_ID_371,person,Potsdam (kein Wechsel),False
2026-07-25 15:39:19.521,bicycle_ID_66,bicycle,Berlin (kein Wechsel),False
2026-07-25 15:39:19.886,person_ID_370,person,Berlin (kein Wechsel),False
2026-07-25 15:39:20.321,person_ID_372,person,Potsdam (kein Wechsel),False
2026-07-25 15:39:20.321,bicycle_ID_64,bicycle,Berlin->Potsdam,True
2026-07-25 15:39:20.421,bicycle_ID_65,bicycle,Berlin->Potsdam,True
2026-07-25 15:39:20.586,person_ID_369,person,Berlin->Potsdam,True
2026-07-25 15:39:21.286,person_ID_373,person,Potsdam (kein Wechsel),False
2026-07-25 15:39:24.886,person_ID_374,person,Potsdam (kein Wechsel),False
2026-07-25 15:39:25.886,person_ID_375,person,Potsdam (kein Wechsel),False
2026-07-25 15:39:27.054,truck_ID_44,truck,Berlin (kein Wechsel),False
2026-07-25 15:39:28.389,person_ID_376,person,Potsdam (kein Wechsel),False
2026-07-25 15:39:28.654,bus_ID_11,bus,Berlin (kein Wechsel),False
2026-07-25 15:39:29.090,person_ID_377,person,Potsdam (kein Wechsel),False
2026-07-25 15:39:30.028,bus_ID_10,bus,Berlin->Potsdam,True
2026-07-25 15:39:30.028,car_ID_132,car,Potsdam (kein Wechsel),False
2026-07-25 15:39:31.259,person_ID_378,person,Potsdam (kein Wechsel),False
2026-07-25 15:39:31.754,person_ID_379,person,Berlin (kein Wechsel),False
2026-07-25 15:39:31.822,bus_ID_12,bus,Berlin->Potsdam,True
2026-07-25 15:39:32.255,truck_ID_45,truck,Potsdam (kein Wechsel),False
2026-07-25 15:39:33.287,person_ID_381,person,Potsdam (kein Wechsel),False
2026-07-25 15:39:34.886,person_ID_380,person,Berlin (kein Wechsel),False
2026-07-25 15:39:35.222,person_ID_382,person,Potsdam (kein Wechsel),False
2026-07-25 15:39:46.122,person_ID_383,person,Potsdam (kein Wechsel),False
2026-07-25 15:39:47.256,person_ID_384,person,Potsdam (kein Wechsel),False
2026-07-25 15:39:51.555,person_ID_385,person,Potsdam (kein Wechsel),False
2026-07-25 15:39:55.355,person_ID_386,person,Potsdam (kein Wechsel),False
2026-07-25 15:39:57.492,person_ID_387,person,Potsdam (kein Wechsel),False
2026-07-25 15:40:00.855,car_ID_133,car,Berlin (kein Wechsel),False
2026-07-25 15:40:04.798,person_ID_388,person,Potsdam (kein Wechsel),False
2026-07-25 15:40:12.860,car_ID_134,car,Potsdam->Berlin,True
2026-07-25 15:40:13.060,person_ID_389,person,Potsdam (kein Wechsel),False
2026-07-25 15:40:15.757,person_ID_391,person,Potsdam (kein Wechsel),False
2026-07-25 15:40:16.595,person_ID_392,person,Potsdam (kein Wechsel),False
2026-07-25 15:40:16.692,car_ID_135,car,Potsdam->Berlin,True
2026-07-25 15:40:17.057,person_ID_393,person,Potsdam (kein Wechsel),False
2026-07-25 15:40:18.292,car_ID_136,car,Potsdam (kein Wechsel),False
2026-07-25 15:40:19.031,person_ID_394,person,Potsdam (kein Wechsel),False
2026-07-25 15:40:19.160,car_ID_138,car,Potsdam (kein Wechsel),False
2026-07-25 15:40:19.228,person_ID_390,person,Potsdam (kein Wechsel),False
2026-07-25 15:40:19.828,truck_ID_46,truck,Potsdam->Berlin,True
2026-07-25 15:40:19.896,bus_ID_13,bus,Berlin (kein Wechsel),False
2026-07-25 15:40:20.662,car_ID_137,car,Potsdam->Berlin,True
2026-07-25 15:40:21.025,person_ID_395,person,Potsdam (kein Wechsel),False
2026-07-25 15:40:21.124,person_ID_396,person,Potsdam (kein Wechsel),False
2026-07-25 15:40:21.957,person_ID_397,person,Potsdam (kein Wechsel),False
2026-07-25 15:40:21.957,person_ID_398,person,Potsdam (kein Wechsel),False
2026-07-25 15:40:25.863,person_ID_399,person,Potsdam->Berlin,True
2026-07-25 15:40:26.861,person_ID_400,person,Potsdam (kein Wechsel),False
2026-07-25 15:40:27.198,person_ID_401,person,Berlin (kein Wechsel),False
2026-07-25 15:40:27.731,car_ID_139,car,Berlin->Potsdam,True
2026-07-25 15:40:37.759,person_ID_403,person,Berlin (kein Wechsel),False
2026-07-25 15:40:39.428,person_ID_402,person,Potsdam (kein Wechsel),False
2026-07-25 15:40:43.293,person_ID_404,person,Potsdam (kein Wechsel),False
2026-07-25 15:40:46.527,car_ID_140,car,Potsdam->Berlin,True
2026-07-25 15:40:55.503,person_ID_405,person,Potsdam (kein Wechsel),False
2026-07-25 15:40:58.826,person_ID_406,person,Potsdam (kein Wechsel),False
2026-07-25 15:40:59.926,person_ID_407,person,Potsdam (kein Wechsel),False
2026-07-25 15:41:04.926,person_ID_408,person,Potsdam (kein Wechsel),False
2026-07-25 15:41:07.400,person_ID_409,person,Potsdam (kein Wechsel),False
2026-07-25 15:41:09.330,person_ID_410,person,Potsdam (kein Wechsel),False
2026-07-25 15:41:11.298,person_ID_411,person,Potsdam (kein Wechsel),False
2026-07-25 15:41:15.128,person_ID_412,person,Potsdam (kein Wechsel),False
2026-07-25 15:41:18.763,person_ID_413,person,Potsdam (kein Wechsel),False
2026-07-25 15:41:20.233,person_ID_414,person,Potsdam (kein Wechsel),False
2026-07-25 15:41:22.760,person_ID_415,person,Potsdam (kein Wechsel),False
2026-07-25 15:41:25.328,car_ID_141,car,Potsdam (kein Wechsel),False
2026-07-25 15:41:27.028,car_ID_142,car,Berlin (kein Wechsel),False
2026-07-25 15:41:27.061,truck_ID_48,truck,Berlin (kein Wechsel),False
2026-07-25 15:41:27.560,car_ID_143,car,Berlin (kein Wechsel),False
2026-07-25 15:41:27.595,truck_ID_47,truck,Berlin (kein Wechsel),False
2026-07-25 15:41:31.760,car_ID_144,car,Potsdam->Berlin,True
2026-07-25 15:41:32.332,person_ID_416,person,Potsdam (kein Wechsel),False
2026-07-25 15:41:43.530,person_ID_417,person,Potsdam (kein Wechsel),False
2026-07-25 15:41:45.796,person_ID_418,person,Potsdam (kein Wechsel),False
2026-07-25 15:41:47.704,person_ID_419,person,Potsdam (kein Wechsel),False
2026-07-25 15:41:50.197,person_ID_420,person,Potsdam (kein Wechsel),False
2026-07-25 15:41:54.469,person_ID_421,person,Potsdam (kein Wechsel),False
2026-07-25 15:41:59.765,person_ID_422,person,Potsdam (kein Wechsel),False
2026-07-25 15:42:02.365,person_ID_423,person,Potsdam (kein Wechsel),False
2026-07-25 15:42:06.830,person_ID_424,person,Potsdam (kein Wechsel),False
2026-07-25 15:42:07.865,car_ID_145,car,Potsdam (kein Wechsel),False
2026-07-25 15:42:08.030,person_ID_425,person,Potsdam (kein Wechsel),False
2026-07-25 15:42:08.465,person_ID_426,person,Potsdam (kein Wechsel),False
2026-07-25 15:42:09.098,car_ID_146,car,Berlin (kein Wechsel),False
2026-07-25 15:42:09.198,truck_ID_49,truck,Berlin (kein Wechsel),False
2026-07-25 15:42:09.367,bus_ID_14,bus,Berlin (kein Wechsel),False
2026-07-25 15:42:12.501,person_ID_427,person,Potsdam (kein Wechsel),False
2026-07-25 15:42:13.473,person_ID_428,person,Berlin (kein Wechsel),False
2026-07-25 15:42:18.607,person_ID_429,person,Potsdam (kein Wechsel),False
2026-07-25 15:42:21.735,person_ID_430,person,Potsdam (kein Wechsel),False
2026-07-25 15:42:22.666,car_ID_147,car,Berlin (kein Wechsel),False
2026-07-25 15:42:23.066,car_ID_148,car,Potsdam (kein Wechsel),False
2026-07-25 15:42:25.099,person_ID_431,person,Potsdam (kein Wechsel),False
2026-07-25 15:42:27.237,person_ID_432,person,Potsdam (kein Wechsel),False
2026-07-25 15:42:29.166,person_ID_433,person,Potsdam (kein Wechsel),False
2026-07-25 15:42:38.870,person_ID_434,person,Potsdam (kein Wechsel),False
2026-07-25 15:42:45.036,person_ID_435,person,Potsdam (kein Wechsel),False
2026-07-25 15:42:45.635,car_ID_149,car,Potsdam (kein Wechsel),False
2026-07-25 15:42:47.736,person_ID_436,person,Potsdam (kein Wechsel),False
2026-07-25 15:42:47.736,bus_ID_15,bus,Berlin (kein Wechsel),False
2026-07-25 15:42:48.267,car_ID_150,car,Berlin (kein Wechsel),False
2026-07-25 15:42:52.700,person_ID_437,person,Potsdam (kein Wechsel),False
2026-07-25 15:42:53.640,person_ID_438,person,Potsdam (kein Wechsel),False
2026-07-25 15:42:55.273,person_ID_439,person,Potsdam (kein Wechsel),False
2026-07-25 15:43:06.372,person_ID_440,person,Potsdam (kein Wechsel),False
2026-07-25 15:43:12.704,person_ID_441,person,Potsdam (kein Wechsel),False
2026-07-25 15:43:14.039,person_ID_442,person,Berlin (kein Wechsel),False
2026-07-25 15:43:17.769,person_ID_443,person,Potsdam (kein Wechsel),False
2026-07-25 15:43:18.934,person_ID_445,person,Potsdam (kein Wechsel),False
2026-07-25 15:43:20.570,car_ID_151,car,Potsdam (kein Wechsel),False
2026-07-25 15:43:22.402,truck_ID_50,truck,Berlin (kein Wechsel),False
2026-07-25 15:43:23.169,car_ID_152,car,Potsdam->Berlin,True
2026-07-25 15:43:24.734,person_ID_444,person,Berlin (kein Wechsel),False
2026-07-25 15:43:30.439,person_ID_447,person,Potsdam (kein Wechsel),False
2026-07-25 15:43:32.938,person_ID_446,person,Potsdam (kein Wechsel),False
2026-07-25 15:43:34.402,person_ID_448,person,Potsdam (kein Wechsel),False
2026-07-25 15:43:36.206,person_ID_449,person,Potsdam (kein Wechsel),False
2026-07-25 15:43:36.844,person_ID_451,person,Potsdam (kein Wechsel),False
2026-07-25 15:43:37.141,person_ID_452,person,Potsdam->Berlin,True
2026-07-25 15:43:37.277,person_ID_450,person,Potsdam->Berlin,True
2026-07-25 15:43:39.339,person_ID_453,person,Berlin (kein Wechsel),False
2026-07-25 15:43:39.339,person_ID_454,person,Potsdam (kein Wechsel),False
2026-07-25 15:43:41.303,person_ID_455,person,Potsdam (kein Wechsel),False
2026-07-25 15:43:42.639,person_ID_457,person,Potsdam (kein Wechsel),False
2026-07-25 15:43:46.605,person_ID_456,person,Potsdam (kein Wechsel),False
2026-07-25 15:43:50.177,person_ID_458,person,Potsdam (kein Wechsel),False
2026-07-25 15:43:51.842,person_ID_459,person,Potsdam (kein Wechsel),False
2026-07-25 15:43:56.004,person_ID_461,person,Berlin->Potsdam,True
2026-07-25 15:43:56.040,bicycle_ID_67,bicycle,Berlin->Potsdam,True
2026-07-25 15:43:58.339,person_ID_460,person,Potsdam (kein Wechsel),False
2026-07-25 15:44:00.543,person_ID_462,person,Potsdam (kein Wechsel),False
2026-07-25 15:44:04.543,car_ID_153,car,Berlin->Potsdam,True
2026-07-25 15:44:05.042,car_ID_154,car,Potsdam (kein Wechsel),False
2026-07-25 15:44:06.539,person_ID_463,person,Potsdam (kein Wechsel),False
2026-07-25 15:44:07.871,person_ID_464,person,Potsdam (kein Wechsel),False
2026-07-25 15:44:10.639,person_ID_465,person,Potsdam (kein Wechsel),False
2026-07-25 15:44:11.678,person_ID_467,person,Potsdam (kein Wechsel),False
2026-07-25 15:44:12.404,person_ID_466,person,Potsdam (kein Wechsel),False
2026-07-25 15:44:12.539,person_ID_468,person,Potsdam (kein Wechsel),False
2026-07-25 15:44:19.880,person_ID_469,person,Potsdam (kein Wechsel),False
2026-07-25 15:44:20.440,car_ID_155,car,Potsdam (kein Wechsel),False
2026-07-25 15:44:20.605,truck_ID_51,truck,Potsdam (kein Wechsel),False
2026-07-25 15:44:20.840,person_ID_470,person,Berlin (kein Wechsel),False
2026-07-25 15:44:21.805,person_ID_471,person,Berlin (kein Wechsel),False
2026-07-25 15:44:24.541,bus_ID_17,bus,Potsdam->Berlin,True
2026-07-25 15:44:26.444,bus_ID_16,bus,Potsdam->Berlin,True
2026-07-25 15:44:27.340,person_ID_474,person,Berlin (kein Wechsel),False
2026-07-25 15:44:28.406,person_ID_473,person,Berlin (kein Wechsel),False
2026-07-25 15:44:28.743,person_ID_475,person,Berlin (kein Wechsel),False
2026-07-25 15:44:28.905,person_ID_476,person,Berlin (kein Wechsel),False
2026-07-25 15:44:29.174,person_ID_477,person,Berlin (kein Wechsel),False
2026-07-25 15:44:29.405,person_ID_478,person,Berlin (kein Wechsel),False
2026-07-25 15:44:29.474,person_ID_472,person,Potsdam (kein Wechsel),False
2026-07-25 15:44:30.006,person_ID_479,person,Berlin (kein Wechsel),False
2026-07-25 15:44:30.441,person_ID_480,person,Potsdam (kein Wechsel),False
2026-07-25 15:44:32.244,person_ID_481,person,Potsdam (kein Wechsel),False
2026-07-25 15:44:40.306,person_ID_482,person,Potsdam (kein Wechsel),False
2026-07-25 15:44:44.780,person_ID_483,person,Potsdam (kein Wechsel),False
2026-07-25 15:44:47.277,person_ID_484,person,Potsdam (kein Wechsel),False
2026-07-25 15:44:48.875,person_ID_485,person,Potsdam (kein Wechsel),False
2026-07-25 15:45:17.012,car_ID_156,car,Berlin->Potsdam,True
2026-07-25 15:45:18.079,person_ID_486,person,Potsdam (kein Wechsel),False
2026-07-25 15:45:22.775,person_ID_487,person,Potsdam (kein Wechsel),False
2026-07-25 15:45:23.811,person_ID_488,person,Potsdam (kein Wechsel),False
2026-07-25 15:45:27.877,car_ID_157,car,Berlin->Potsdam,True
2026-07-25 15:45:28.311,car_ID_158,car,Potsdam (kein Wechsel),False
2026-07-25 15:45:29.945,person_ID_489,person,Potsdam (kein Wechsel),False
2026-07-25 15:45:32.244,person_ID_490,person,Potsdam (kein Wechsel),False
2026-07-25 15:45:33.217,person_ID_491,person,Potsdam (kein Wechsel),False
2026-07-25 15:45:34.176,person_ID_492,person,Potsdam (kein Wechsel),False
2026-07-25 15:45:46.277,person_ID_493,person,Potsdam (kein Wechsel),False
2026-07-25 15:45:48.577,person_ID_494,person,Potsdam (kein Wechsel),False
2026-07-25 15:45:50.277,person_ID_495,person,Berlin (kein Wechsel),False
2026-07-25 15:45:50.645,person_ID_496,person,Berlin (kein Wechsel),False
2026-07-25 15:46:03.219,person_ID_497,person,Potsdam (kein Wechsel),False
2026-07-25 15:46:09.945,person_ID_498,person,Potsdam (kein Wechsel),False
2026-07-25 15:46:20.082,person_ID_499,person,Potsdam (kein Wechsel),False
2026-07-25 15:46:20.882,car_ID_159,car,Potsdam->Berlin,True
2026-07-25 15:46:23.847,person_ID_500,person,Potsdam (kein Wechsel),False
2026-07-25 15:46:26.817,person_ID_501,person,Potsdam (kein Wechsel),False
2026-07-25 15:46:28.450,person_ID_502,person,Potsdam (kein Wechsel),False
2026-07-25 15:46:31.215,person_ID_503,person,Potsdam (kein Wechsel),False
2026-07-25 15:46:31.550,person_ID_505,person,Potsdam (kein Wechsel),False
2026-07-25 15:46:31.680,person_ID_504,person,Potsdam (kein Wechsel),False
2026-07-25 15:46:31.847,person_ID_506,person,Potsdam (kein Wechsel),False
2026-07-25 15:46:32.016,person_ID_507,person,Potsdam (kein Wechsel),False
2026-07-25 15:46:32.281,person_ID_508,person,Potsdam (kein Wechsel),False
2026-07-25 15:46:32.281,person_ID_509,person,Potsdam (kein Wechsel),False
2026-07-25 15:46:32.548,person_ID_510,person,Potsdam (kein Wechsel),False
2026-07-25 15:46:32.615,person_ID_511,person,Berlin (kein Wechsel),False
2026-07-25 15:46:32.915,person_ID_512,person,Potsdam (kein Wechsel),False
2026-07-25 15:46:32.980,person_ID_513,person,Potsdam (kein Wechsel),False
2026-07-25 15:46:33.780,person_ID_514,person,Berlin (kein Wechsel),False
2026-07-25 15:46:33.914,person_ID_515,person,Berlin (kein Wechsel),False
2026-07-25 15:46:34.447,person_ID_516,person,Berlin (kein Wechsel),False
2026-07-25 15:46:34.979,person_ID_518,person,Berlin (kein Wechsel),False
2026-07-25 15:46:35.347,person_ID_519,person,Berlin (kein Wechsel),False
2026-07-25 15:46:35.514,person_ID_520,person,Berlin (kein Wechsel),False
2026-07-25 15:46:35.680,person_ID_517,person,Potsdam (kein Wechsel),False
2026-07-25 15:46:35.879,person_ID_521,person,Berlin (kein Wechsel),False
2026-07-25 15:46:36.316,person_ID_522,person,Berlin (kein Wechsel),False
2026-07-25 15:46:37.084,person_ID_523,person,Potsdam (kein Wechsel),False
2026-07-25 15:46:54.488,person_ID_525,person,Potsdam (kein Wechsel),False
2026-07-25 15:46:54.789,person_ID_524,person,Potsdam->Berlin,True
2026-07-25 15:46:55.683,person_ID_527,person,Potsdam (kein Wechsel),False
2026-07-25 15:46:55.748,person_ID_528,person,Potsdam (kein Wechsel),False
2026-07-25 15:46:55.883,person_ID_529,person,Potsdam (kein Wechsel),False
2026-07-25 15:46:56.183,person_ID_526,person,Berlin (kein Wechsel),False
2026-07-25 15:46:56.716,person_ID_530,person,Potsdam->Berlin,True
2026-07-25 15:46:57.984,person_ID_531,person,Potsdam (kein Wechsel),False
2026-07-25 15:46:58.084,person_ID_532,person,Berlin (kein Wechsel),False
2026-07-25 15:47:13.552,person_ID_533,person,Potsdam (kein Wechsel),False
2026-07-25 15:47:20.449,person_ID_534,person,Potsdam (kein Wechsel),False
2026-07-25 15:47:26.017,person_ID_535,person,Potsdam (kein Wechsel),False
2026-07-25 15:47:26.950,person_ID_536,person,Potsdam (kein Wechsel),False
2026-07-25 15:47:27.824,person_ID_537,person,Potsdam (kein Wechsel),False
2026-07-25 15:47:28.253,person_ID_538,person,Berlin (kein Wechsel),False
2026-07-25 15:47:28.391,person_ID_540,person,Potsdam (kein Wechsel),False
2026-07-25 15:47:28.688,person_ID_539,person,Potsdam (kein Wechsel),False
2026-07-25 15:47:29.085,person_ID_541,person,Potsdam (kein Wechsel),False
2026-07-25 15:47:29.085,person_ID_543,person,Potsdam (kein Wechsel),False
2026-07-25 15:47:29.350,person_ID_542,person,Berlin (kein Wechsel),False
2026-07-25 15:47:29.386,bicycle_ID_69,bicycle,Potsdam (kein Wechsel),False
2026-07-25 15:47:29.451,person_ID_545,person,Potsdam (kein Wechsel),False
2026-07-25 15:47:29.518,person_ID_546,person,Potsdam (kein Wechsel),False
2026-07-25 15:47:29.651,person_ID_547,person,Potsdam (kein Wechsel),False
2026-07-25 15:47:29.786,bicycle_ID_70,bicycle,Berlin (kein Wechsel),False
2026-07-25 15:47:29.850,person_ID_549,person,Berlin (kein Wechsel),False
2026-07-25 15:47:29.922,person_ID_550,person,Potsdam (kein Wechsel),False
2026-07-25 15:47:29.986,person_ID_548,person,Berlin (kein Wechsel),False
2026-07-25 15:47:30.024,person_ID_551,person,Potsdam (kein Wechsel),False
2026-07-25 15:47:30.089,person_ID_552,person,Berlin (kein Wechsel),False
2026-07-25 15:47:30.089,bicycle_ID_72,bicycle,Berlin (kein Wechsel),False
2026-07-25 15:47:30.186,bicycle_ID_73,bicycle,Berlin (kein Wechsel),False
2026-07-25 15:47:30.589,person_ID_556,person,Berlin (kein Wechsel),False
2026-07-25 15:47:30.657,person_ID_554,person,Berlin (kein Wechsel),False
2026-07-25 15:47:31.018,person_ID_559,person,Berlin (kein Wechsel),False
2026-07-25 15:47:31.150,person_ID_557,person,Potsdam (kein Wechsel),False
2026-07-25 15:47:31.718,bicycle_ID_68,bicycle,Berlin->Potsdam,True
2026-07-25 15:47:31.885,person_ID_544,person,Berlin->Potsdam,True
2026-07-25 15:47:32.150,bicycle_ID_74,bicycle,Berlin (kein Wechsel),False
2026-07-25 15:47:32.385,person_ID_561,person,Potsdam (kein Wechsel),False
2026-07-25 15:47:32.485,person_ID_558,person,Berlin (kein Wechsel),False
2026-07-25 15:47:32.751,bicycle_ID_71,bicycle,Berlin->Potsdam,True
2026-07-25 15:47:32.885,person_ID_553,person,Berlin->Potsdam,True
2026-07-25 15:47:33.418,person_ID_555,person,Potsdam->Berlin,True
2026-07-25 15:47:34.524,person_ID_560,person,Potsdam->Berlin,True
2026-07-25 15:47:35.053,person_ID_562,person,Potsdam (kein Wechsel),False
2026-07-25 15:47:45.655,car_ID_160,car,Berlin->Potsdam,True
2026-07-25 15:47:50.786,car_ID_161,car,Berlin->Potsdam,True
2026-07-25 15:48:04.220,car_ID_162,car,Potsdam->Berlin,True
2026-07-25 15:48:11.556,car_ID_163,car,Potsdam->Berlin,True
2026-07-25 15:48:29.789,car_ID_165,car,Potsdam (kein Wechsel),False
2026-07-25 15:48:31.288,car_ID_166,car,Potsdam (kein Wechsel),False
2026-07-25 15:48:32.120,car_ID_164,car,Potsdam->Berlin,True
2026-07-25 15:48:32.221,car_ID_167,car,Potsdam (kein Wechsel),False
2026-07-25 15:48:33.621,car_ID_168,car,Berlin (kein Wechsel),False
2026-07-25 15:48:35.361,car_ID_169,car,Potsdam (kein Wechsel),False
2026-07-25 15:48:38.421,car_ID_170,car,Potsdam->Berlin,True
2026-07-25 15:48:38.953,car_ID_171,car,Berlin->Potsdam,True
2026-07-25 15:48:40.721,person_ID_563,person,Potsdam (kein Wechsel),False
2026-07-25 15:48:42.332,person_ID_564,person,Potsdam (kein Wechsel),False
2026-07-25 15:48:43.022,person_ID_565,person,Potsdam (kein Wechsel),False
2026-07-25 15:48:44.030,person_ID_566,person,Potsdam (kein Wechsel),False
2026-07-25 15:48:53.489,person_ID_567,person,Potsdam (kein Wechsel),False
2026-07-25 15:49:21.623,person_ID_568,person,Berlin (kein Wechsel),False
2026-07-25 15:49:21.723,person_ID_569,person,Berlin (kein Wechsel),False
2026-07-25 15:49:21.791,person_ID_570,person,Berlin (kein Wechsel),False
2026-07-25 15:49:21.858,person_ID_571,person,Berlin (kein Wechsel),False
2026-07-25 15:49:21.923,person_ID_572,person,Berlin (kein Wechsel),False
2026-07-25 15:49:21.991,person_ID_573,person,Berlin (kein Wechsel),False
2026-07-25 15:49:22.059,person_ID_574,person,Berlin (kein Wechsel),False
2026-07-25 15:49:33.895,person_ID_575,person,Potsdam (kein Wechsel),False
2026-07-25 15:49:34.495,person_ID_576,person,Potsdam (kein Wechsel),False
2026-07-25 15:49:35.427,person_ID_577,person,Potsdam (kein Wechsel),False
2026-07-25 15:49:35.825,person_ID_578,person,Potsdam->Berlin,True
2026-07-25 15:49:36.424,person_ID_579,person,Berlin (kein Wechsel),False
2026-07-25 15:49:37.059,person_ID_580,person,Berlin (kein Wechsel),False
2026-07-25 15:49:37.392,person_ID_581,person,Berlin (kein Wechsel),False
2026-07-25 15:49:38.192,person_ID_582,person,Berlin (kein Wechsel),False
2026-07-25 15:49:38.725,person_ID_583,person,Berlin (kein Wechsel),False
2026-07-25 15:49:39.359,person_ID_584,person,Berlin (kein Wechsel),False
2026-07-25 15:49:39.659,person_ID_585,person,Berlin (kein Wechsel),False
2026-07-25 15:50:18.995,bicycle_ID_75,bicycle,Berlin->Potsdam,True
2026-07-25 15:50:19.127,person_ID_586,person,Berlin->Potsdam,True
2026-07-25 15:50:19.394,bicycle_ID_76,bicycle,Berlin->Potsdam,True
2026-07-25 15:50:19.462,person_ID_587,person,Berlin->Potsdam,True
2026-07-25 15:50:25.735,car_ID_172,car,Potsdam (kein Wechsel),False
2026-07-25 15:50:27.036,person_ID_588,person,Potsdam (kein Wechsel),False
2026-07-25 15:50:27.535,person_ID_589,person,Potsdam (kein Wechsel),False
2026-07-25 15:50:29.600,person_ID_590,person,Berlin (kein Wechsel),False
2026-07-25 15:50:30.794,person_ID_591,person,Berlin (kein Wechsel),False
2026-07-25 15:50:31.230,person_ID_592,person,Berlin (kein Wechsel),False
2026-07-25 15:50:31.634,person_ID_593,person,Berlin (kein Wechsel),False
2026-07-25 15:50:38.297,car_ID_173,car,Potsdam (kein Wechsel),False
2026-07-25 15:50:40.363,car_ID_174,car,Potsdam->Berlin,True
2026-07-25 15:50:40.563,bicycle_ID_78,bicycle,Berlin (kein Wechsel),False
2026-07-25 15:50:41.195,bicycle_ID_79,bicycle,Berlin (kein Wechsel),False
2026-07-25 15:50:41.195,bicycle_ID_80,bicycle,Berlin (kein Wechsel),False
2026-07-25 15:50:41.664,person_ID_594,person,Berlin (kein Wechsel),False
2026-07-25 15:50:41.664,person_ID_595,person,Berlin (kein Wechsel),False
2026-07-25 15:50:42.163,bicycle_ID_77,bicycle,Berlin (kein Wechsel),False
2026-07-25 15:50:42.163,bicycle_ID_81,bicycle,Berlin (kein Wechsel),False
2026-07-25 15:50:42.830,bicycle_ID_82,bicycle,Berlin->Potsdam,True
2026-07-25 15:50:42.930,person_ID_596,person,Berlin->Potsdam,True
2026-07-25 15:50:44.034,person_ID_597,person,Potsdam (kein Wechsel),False
2026-07-25 15:50:51.070,person_ID_598,person,Potsdam (kein Wechsel),False
2026-07-25 15:50:52.464,person_ID_599,person,Potsdam (kein Wechsel),False
2026-07-25 15:50:55.564,person_ID_600,person,Potsdam (kein Wechsel),False
2026-07-25 15:51:17.797,car_ID_175,car,Potsdam->Berlin,True
2026-07-25 15:51:18.265,car_ID_176,car,Potsdam (kein Wechsel),False
2026-07-25 15:51:19.966,bus_ID_18,bus,Berlin (kein Wechsel),False
2026-07-25 15:51:20.265,truck_ID_52,truck,Berlin (kein Wechsel),False
2026-07-25 15:51:20.732,car_ID_178,car,Berlin (kein Wechsel),False
2026-07-25 15:51:21.232,car_ID_177,car,Berlin (kein Wechsel),False
2026-07-25 15:51:32.665,car_ID_179,car,Potsdam->Berlin,True
2026-07-25 15:51:37.533,car_ID_180,car,Berlin->Potsdam,True
2026-07-25 15:51:57.334,person_ID_601,person,Berlin (kein Wechsel),False
2026-07-25 15:52:05.006,person_ID_602,person,Berlin (kein Wechsel),False
2026-07-25 15:52:12.367,person_ID_603,person,Potsdam (kein Wechsel),False
2026-07-25 15:52:14.641,person_ID_604,person,Potsdam (kein Wechsel),False
2026-07-25 15:52:18.103,person_ID_605,person,Potsdam (kein Wechsel),False
2026-07-25 15:52:26.109,person_ID_606,person,Potsdam (kein Wechsel),False
2026-07-25 15:53:05.512,car_ID_181,car,Berlin->Potsdam,True
2026-07-25 15:53:19.871,bicycle_ID_83,bicycle,Berlin->Potsdam,True
2026-07-25 15:53:19.906,person_ID_607,person,Berlin->Potsdam,True
2026-07-25 15:53:21.006,car_ID_182,car,Potsdam (kein Wechsel),False
2026-07-25 15:53:23.511,car_ID_183,car,Potsdam->Berlin,True
2026-07-25 15:53:28.439,car_ID_184,car,Berlin->Potsdam,True
2026-07-25 15:53:41.472,car_ID_185,car,Potsdam->Berlin,True
2026-07-25 15:54:04.579,car_ID_186,car,Berlin->Potsdam,True
2026-07-25 15:54:16.945,car_ID_187,car,Potsdam->Berlin,True
2026-07-25 15:54:27.848,bus_ID_19,bus,Berlin (kein Wechsel),False
2026-07-25 15:54:29.415,car_ID_188,car,Berlin->Potsdam,True
2026-07-25 15:55:27.584,car_ID_189,car,Potsdam (kein Wechsel),False
2026-07-25 15:55:29.521,car_ID_190,car,Potsdam->Berlin,True
2026-07-25 15:55:29.680,car_ID_191,car,Potsdam (kein Wechsel),False
2026-07-25 15:55:30.113,car_ID_193,car,Potsdam (kein Wechsel),False
2026-07-25 15:55:32.181,car_ID_192,car,Potsdam->Berlin,True
2026-07-25 15:55:42.349,person_ID_608,person,Berlin->Potsdam,True
2026-07-25 15:55:42.381,bicycle_ID_84,bicycle,Berlin->Potsdam,True
2026-07-25 15:55:58.583,person_ID_609,person,Berlin->Potsdam,True
2026-07-25 15:55:58.583,bicycle_ID_85,bicycle,Berlin->Potsdam,True
2026-07-25 15:56:04.782,person_ID_610,person,Potsdam (kein Wechsel),False
2026-07-25 15:56:07.255,person_ID_611,person,Potsdam (kein Wechsel),False
2026-07-25 15:56:09.615,person_ID_612,person,Berlin->Potsdam,True
2026-07-25 15:56:09.615,bicycle_ID_86,bicycle,Berlin->Potsdam,True
2026-07-25 15:56:11.315,person_ID_613,person,Potsdam (kein Wechsel),False
2026-07-25 15:56:13.386,person_ID_614,person,Potsdam (kein Wechsel),False
2026-07-25 15:56:15.084,person_ID_615,person,Potsdam (kein Wechsel),False
2026-07-25 15:56:20.387,person_ID_616,person,Potsdam (kein Wechsel),False
2026-07-25 15:56:22.751,person_ID_617,person,Potsdam (kein Wechsel),False
2026-07-25 15:56:25.251,person_ID_618,person,Potsdam (kein Wechsel),False
2026-07-25 15:56:29.884,person_ID_620,person,Potsdam (kein Wechsel),False
2026-07-25 15:56:30.455,person_ID_619,person,Potsdam (kein Wechsel),False
2026-07-25 15:56:31.684,person_ID_621,person,Potsdam (kein Wechsel),False
2026-07-25 15:56:33.284,person_ID_622,person,Potsdam (kein Wechsel),False
2026-07-25 15:56:35.423,person_ID_623,person,Potsdam (kein Wechsel),False
2026-07-25 15:56:37.923,person_ID_624,person,Potsdam (kein Wechsel),False
2026-07-25 15:56:40.019,person_ID_625,person,Potsdam (kein Wechsel),False
2026-07-25 15:56:46.890,person_ID_627,person,Potsdam (kein Wechsel),False
2026-07-25 15:56:47.685,person_ID_626,person,Berlin (kein Wechsel),False
2026-07-25 15:56:48.718,person_ID_628,person,Potsdam (kein Wechsel),False
2026-07-25 15:56:51.485,person_ID_629,person,Potsdam (kein Wechsel),False
2026-07-25 15:56:55.685,car_ID_194,car,Potsdam (kein Wechsel),False
2026-07-25 15:56:56.252,car_ID_195,car,Potsdam (kein Wechsel),False
2026-07-25 15:56:56.952,car_ID_196,car,Berlin (kein Wechsel),False
2026-07-25 15:56:57.856,car_ID_197,car,Berlin (kein Wechsel),False
2026-07-25 15:56:59.817,bicycle_ID_87,bicycle,Berlin->Potsdam,True
2026-07-25 15:57:00.152,person_ID_630,person,Berlin->Potsdam,True
2026-07-25 15:57:14.394,car_ID_198,car,Potsdam (kein Wechsel),False
2026-07-25 15:57:15.154,car_ID_199,car,Berlin->Potsdam,True
2026-07-25 15:57:15.254,car_ID_201,car,Potsdam->Berlin,True
2026-07-25 15:57:15.787,truck_ID_53,truck,Berlin (kein Wechsel),False
2026-07-25 15:57:15.824,car_ID_200,car,Potsdam->Berlin,True
2026-07-25 15:57:19.625,person_ID_632,person,Potsdam (kein Wechsel),False
2026-07-25 15:57:21.226,bicycle_ID_88,bicycle,Berlin->Potsdam,True
2026-07-25 15:57:21.290,bicycle_ID_89,bicycle,Berlin->Potsdam,True
2026-07-25 15:57:21.596,person_ID_631,person,Berlin->Potsdam,True
2026-07-25 15:57:41.992,person_ID_633,person,Potsdam (kein Wechsel),False
2026-07-25 15:57:48.887,person_ID_634,person,Potsdam (kein Wechsel),False
2026-07-25 15:57:51.623,person_ID_635,person,Potsdam (kein Wechsel),False
2026-07-25 15:57:53.091,person_ID_636,person,Potsdam (kein Wechsel),False
2026-07-25 15:57:54.588,person_ID_637,person,Potsdam (kein Wechsel),False
2026-07-25 15:57:57.656,person_ID_638,person,Potsdam (kein Wechsel),False
2026-07-25 15:58:02.159,person_ID_639,person,Potsdam (kein Wechsel),False
2026-07-25 15:58:02.856,person_ID_640,person,Potsdam (kein Wechsel),False
2026-07-25 15:58:05.188,person_ID_641,person,Potsdam (kein Wechsel),False
2026-07-25 15:58:06.156,person_ID_642,person,Potsdam (kein Wechsel),False
2026-07-25 15:58:22.391,car_ID_202,car,Potsdam->Berlin,True
2026-07-25 15:58:23.725,person_ID_643,person,Potsdam (kein Wechsel),False
2026-07-25 15:58:25.190,person_ID_644,person,Potsdam (kein Wechsel),False
2026-07-25 15:58:26.859,person_ID_645,person,Berlin (kein Wechsel),False
2026-07-25 15:58:26.927,person_ID_646,person,Berlin (kein Wechsel),False
2026-07-25 15:58:27.057,person_ID_647,person,Berlin (kein Wechsel),False
2026-07-25 15:58:27.158,person_ID_648,person,Berlin (kein Wechsel),False
2026-07-25 15:58:31.561,person_ID_649,person,Potsdam (kein Wechsel),False
2026-07-25 15:58:32.363,person_ID_650,person,Potsdam (kein Wechsel),False
2026-07-25 15:58:35.661,person_ID_651,person,Potsdam (kein Wechsel),False
2026-07-25 15:58:37.325,person_ID_652,person,Potsdam (kein Wechsel),False
2026-07-25 15:58:39.727,person_ID_653,person,Potsdam (kein Wechsel),False
2026-07-25 15:58:42.862,bicycle_ID_90,bicycle,Berlin->Potsdam,True
2026-07-25 15:58:43.029,person_ID_654,person,Berlin->Potsdam,True
2026-07-25 15:58:48.591,truck_ID_54,truck,Berlin (kein Wechsel),False
2026-07-25 15:58:49.059,bus_ID_21,bus,Berlin (kein Wechsel),False
2026-07-25 15:58:50.663,car_ID_203,car,Berlin (kein Wechsel),False
2026-07-25 15:58:51.291,bus_ID_22,bus,Potsdam (kein Wechsel),False
2026-07-25 15:58:51.359,car_ID_204,car,Potsdam (kein Wechsel),False
2026-07-25 15:58:53.030,bus_ID_20,bus,Berlin->Potsdam,True
2026-07-25 15:58:56.031,car_ID_206,car,Berlin (kein Wechsel),False
2026-07-25 15:58:56.498,car_ID_205,car,Berlin (kein Wechsel),False
2026-07-25 15:59:28.431,person_ID_655,person,Potsdam (kein Wechsel),False
2026-07-25 15:59:29.664,person_ID_656,person,Potsdam (kein Wechsel),False
2026-07-25 15:59:30.401,person_ID_657,person,Potsdam (kein Wechsel),False
2026-07-25 15:59:30.699,person_ID_658,person,Potsdam (kein Wechsel),False
2026-07-25 15:59:31.896,person_ID_660,person,Berlin (kein Wechsel),False
2026-07-25 15:59:32.129,person_ID_659,person,Potsdam->Berlin,True
2026-07-25 15:59:33.630,person_ID_661,person,Berlin (kein Wechsel),False
2026-07-25 15:59:34.361,person_ID_662,person,Berlin (kein Wechsel),False
2026-07-25 15:59:39.134,car_ID_207,car,Berlin (kein Wechsel),False
2026-07-25 15:59:42.297,bicycle_ID_91,bicycle,Berlin->Potsdam,True
2026-07-25 15:59:42.333,person_ID_663,person,Berlin->Potsdam,True
2026-07-25 16:00:35.302,person_ID_664,person,Potsdam (kein Wechsel),False
2026-07-25 16:00:42.833,person_ID_665,person,Potsdam (kein Wechsel),False
2026-07-25 16:00:48.205,person_ID_666,person,Potsdam (kein Wechsel),False
2026-07-25 16:00:56.504,person_ID_667,person,Potsdam (kein Wechsel),False
2026-07-25 16:01:16.470,person_ID_668,person,Potsdam (kein Wechsel),False
2026-07-25 16:01:17.801,person_ID_669,person,Potsdam (kein Wechsel),False
2026-07-25 16:01:20.734,person_ID_670,person,Potsdam (kein Wechsel),False
2026-07-25 16:01:21.770,car_ID_210,car,Potsdam (kein Wechsel),False
2026-07-25 16:01:22.002,car_ID_208,car,Potsdam (kein Wechsel),False
2026-07-25 16:01:22.034,car_ID_209,car,Potsdam (kein Wechsel),False
2026-07-25 16:01:24.434,car_ID_211,car,Potsdam->Berlin,True
2026-07-25 16:01:26.034,person_ID_671,person,Potsdam (kein Wechsel),False
2026-07-25 16:01:29.606,person_ID_672,person,Potsdam (kein Wechsel),False
2026-07-25 16:01:32.435,person_ID_673,person,Potsdam (kein Wechsel),False
2026-07-25 16:01:33.370,person_ID_674,person,Berlin->Potsdam,True
2026-07-25 16:01:33.370,bicycle_ID_92,bicycle,Berlin->Potsdam,True
2026-07-25 16:01:35.570,person_ID_675,person,Potsdam (kein Wechsel),False
2026-07-25 16:01:37.538,person_ID_676,person,Potsdam (kein Wechsel),False
2026-07-25 16:01:41.235,person_ID_677,person,Potsdam (kein Wechsel),False
2026-07-25 16:01:44.339,person_ID_678,person,Potsdam (kein Wechsel),False
2026-07-25 16:01:45.739,person_ID_679,person,Potsdam (kein Wechsel),False
2026-07-25 16:01:47.671,person_ID_680,person,Potsdam (kein Wechsel),False
2026-07-25 16:01:55.009,person_ID_681,person,Potsdam (kein Wechsel),False
2026-07-25 16:01:59.804,person_ID_682,person,Potsdam (kein Wechsel),False
2026-07-25 16:02:02.577,person_ID_683,person,Potsdam (kein Wechsel),False
2026-07-25 16:02:04.307,person_ID_684,person,Potsdam (kein Wechsel),False
2026-07-25 16:02:04.736,person_ID_685,person,Potsdam (kein Wechsel),False
2026-07-25 16:02:05.272,person_ID_687,person,Potsdam (kein Wechsel),False
2026-07-25 16:02:05.572,person_ID_688,person,Potsdam (kein Wechsel),False
2026-07-25 16:02:06.473,person_ID_689,person,Potsdam->Berlin,True
2026-07-25 16:02:06.704,person_ID_686,person,Potsdam (kein Wechsel),False
2026-07-25 16:02:06.737,person_ID_690,person,Berlin (kein Wechsel),False
2026-07-25 16:02:07.505,person_ID_691,person,Berlin (kein Wechsel),False
2026-07-25 16:02:07.637,person_ID_692,person,Berlin (kein Wechsel),False
2026-07-25 16:02:08.078,person_ID_693,person,Berlin (kein Wechsel),False
2026-07-25 16:02:08.904,car_ID_213,car,Potsdam (kein Wechsel),False
2026-07-25 16:02:09.672,car_ID_214,car,Potsdam (kein Wechsel),False
2026-07-25 16:02:10.272,car_ID_215,car,Berlin (kein Wechsel),False
2026-07-25 16:02:10.972,person_ID_695,person,Berlin (kein Wechsel),False
2026-07-25 16:02:11.373,person_ID_696,person,Potsdam (kein Wechsel),False
2026-07-25 16:02:11.538,person_ID_694,person,Berlin (kein Wechsel),False
2026-07-25 16:02:12.105,car_ID_212,car,Potsdam->Berlin,True
2026-07-25 16:02:12.673,car_ID_216,car,Berlin (kein Wechsel),False
2026-07-25 16:02:14.646,person_ID_697,person,Potsdam (kein Wechsel),False
2026-07-25 16:02:18.937,person_ID_698,person,Potsdam (kein Wechsel),False
2026-07-25 16:02:21.841,car_ID_218,car,Potsdam (kein Wechsel),False
2026-07-25 16:02:21.876,car_ID_217,car,Potsdam (kein Wechsel),False
2026-07-25 16:02:22.008,truck_ID_55,truck,Potsdam (kein Wechsel),False
2026-07-25 16:02:24.505,truck_ID_56,truck,Berlin (kein Wechsel),False
2026-07-25 16:02:24.540,car_ID_219,car,Potsdam->Berlin,True
2026-07-25 16:02:25.505,person_ID_699,person,Potsdam (kein Wechsel),False
2026-07-25 16:02:28.640,person_ID_700,person,Potsdam (kein Wechsel),False
2026-07-25 16:02:32.206,person_ID_701,person,Potsdam (kein Wechsel),False
2026-07-25 16:02:39.441,person_ID_702,person,Potsdam (kein Wechsel),False
2026-07-25 16:02:40.906,person_ID_703,person,Potsdam (kein Wechsel),False
2026-07-25 16:02:42.975,truck_ID_57,truck,Berlin (kein Wechsel),False
2026-07-25 16:02:43.042,car_ID_221,car,Berlin (kein Wechsel),False
2026-07-25 16:02:43.142,car_ID_220,car,Berlin (kein Wechsel),False
2026-07-25 16:02:43.406,bus_ID_24,bus,Berlin->Potsdam,True
2026-07-25 16:02:43.806,bus_ID_23,bus,Berlin->Potsdam,True
2026-07-25 16:02:43.906,truck_ID_58,truck,Berlin->Potsdam,True
2026-07-25 16:02:45.207,person_ID_704,person,Potsdam (kein Wechsel),False
2026-07-25 16:02:52.711,person_ID_705,person,Potsdam (kein Wechsel),False
2026-07-25 16:02:59.611,person_ID_706,person,Potsdam (kein Wechsel),False
2026-07-25 16:04:02.078,bus_ID_25,bus,Berlin (kein Wechsel),False
2026-07-25 16:04:02.578,car_ID_222,car,Potsdam->Berlin,True
2026-07-25 16:04:36.415,truck_ID_59,truck,Berlin (kein Wechsel),False
2026-07-25 16:04:36.915,car_ID_223,car,Potsdam->Berlin,True
2026-07-25 16:04:37.015,car_ID_224,car,Potsdam (kein Wechsel),False
2026-07-25 16:04:39.018,car_ID_225,car,Potsdam->Berlin,True
2026-07-25 16:04:39.151,person_ID_707,person,Berlin->Potsdam,True
2026-07-25 16:04:39.150,bicycle_ID_93,bicycle,Berlin->Potsdam,True
2026-07-25 16:04:52.819,truck_ID_60,truck,Potsdam (kein Wechsel),False
2026-07-25 16:04:55.049,bus_ID_27,bus,Potsdam->Berlin,True
2026-07-25 16:04:56.016,bus_ID_28,bus,Berlin (kein Wechsel),False
2026-07-25 16:04:56.581,bus_ID_26,bus,Potsdam->Berlin,True
2026-07-25 16:04:57.082,truck_ID_61,truck,Berlin (kein Wechsel),False
2026-07-25 16:05:18.149,person_ID_708,person,Potsdam (kein Wechsel),False
2026-07-25 16:05:19.286,person_ID_709,person,Potsdam (kein Wechsel),False
2026-07-25 16:05:19.920,person_ID_710,person,Potsdam (kein Wechsel),False
2026-07-25 16:05:20.388,person_ID_711,person,Potsdam->Berlin,True
2026-07-25 16:05:20.518,person_ID_712,person,Potsdam (kein Wechsel),False
2026-07-25 16:05:20.918,person_ID_714,person,Berlin (kein Wechsel),False
2026-07-25 16:05:21.782,person_ID_715,person,Berlin (kein Wechsel),False
2026-07-25 16:05:22.282,person_ID_716,person,Berlin (kein Wechsel),False
2026-07-25 16:05:22.850,person_ID_717,person,Berlin (kein Wechsel),False
2026-07-25 16:05:23.182,person_ID_718,person,Berlin (kein Wechsel),False
2026-07-25 16:05:24.082,person_ID_713,person,Potsdam->Berlin,True
2026-07-25 16:06:16.858,car_ID_226,car,Potsdam (kein Wechsel),False
2026-07-25 16:06:17.759,car_ID_228,car,Potsdam->Berlin,True
2026-07-25 16:06:18.790,car_ID_227,car,Potsdam->Berlin,True
2026-07-25 16:06:35.457,car_ID_229,car,Potsdam->Berlin,True
2026-07-25 16:06:44.457,car_ID_231,car,Berlin (kein Wechsel),False
2026-07-25 16:06:44.457,truck_ID_63,truck,Berlin (kein Wechsel),False
2026-07-25 16:06:45.090,car_ID_230,car,Berlin (kein Wechsel),False
2026-07-25 16:06:45.524,truck_ID_62,truck,Berlin->Potsdam,True
2026-07-25 16:08:03.027,car_ID_232,car,Potsdam (kein Wechsel),False
2026-07-25 16:08:04.699,car_ID_233,car,Berlin (kein Wechsel),False
2026-07-25 16:09:01.965,person_ID_719,person,Berlin->Potsdam,True
2026-07-25 16:09:01.965,bicycle_ID_94,bicycle,Berlin->Potsdam,True
2026-07-25 16:09:02.929,bicycle_ID_96,bicycle,Berlin (kein Wechsel),False
2026-07-25 16:09:04.264,person_ID_720,person,Berlin->Potsdam,True
2026-07-25 16:09:04.264,bicycle_ID_95,bicycle,Berlin->Potsdam,True
2026-07-25 16:09:05.633,bicycle_ID_97,bicycle,Berlin->Potsdam,True
2026-07-25 16:09:05.967,person_ID_721,person,Berlin->Potsdam,True
2026-07-25 16:09:24.498,car_ID_234,car,Potsdam (kein Wechsel),False
2026-07-25 16:09:26.502,car_ID_236,car,Potsdam (kein Wechsel),False
2026-07-25 16:09:26.966,car_ID_235,car,Potsdam->Berlin,True
2026-07-25 16:09:28.866,car_ID_237,car,Potsdam->Berlin,True
2026-07-25 16:10:01.000,person_ID_722,person,Berlin (kein Wechsel),False
2026-07-25 16:10:02.301,person_ID_723,person,Berlin (kein Wechsel),False
2026-07-25 16:10:20.770,car_ID_238,car,Berlin->Potsdam,True
2026-07-25 16:10:50.543,person_ID_724,person,Berlin->Potsdam,True
2026-07-25 16:10:58.405,car_ID_239,car,Berlin->Potsdam,True
2026-07-25 16:11:12.206,bicycle_ID_98,bicycle,Berlin->Potsdam,True
2026-07-25 16:11:12.239,person_ID_725,person,Berlin->Potsdam,True
2026-07-25 16:11:40.311,car_ID_240,car,Potsdam->Berlin,True
2026-07-25 16:12:11.474,car_ID_241,car,Berlin->Potsdam,True
2026-07-25 16:12:51.779,person_ID_726,person,Potsdam (kein Wechsel),False
2026-07-25 16:12:52.517,person_ID_727,person,Potsdam (kein Wechsel),False
2026-07-25 16:12:53.250,person_ID_728,person,Potsdam (kein Wechsel),False
2026-07-25 16:12:53.417,bicycle_ID_99,bicycle,Potsdam (kein Wechsel),False
2026-07-25 16:12:54.447,bicycle_ID_100,bicycle,Berlin (kein Wechsel),False
2026-07-25 16:12:54.554,person_ID_729,person,Potsdam->Berlin,True
2026-07-25 16:12:55.612,bicycle_ID_101,bicycle,Berlin (kein Wechsel),False
2026-07-25 16:12:55.711,person_ID_730,person,Berlin (kein Wechsel),False
2026-07-25 16:13:24.081,car_ID_242,car,Potsdam->Berlin,True
2026-07-25 16:13:28.181,person_ID_731,person,Berlin (kein Wechsel),False
2026-07-25 16:14:16.683,car_ID_243,car,Berlin->Potsdam,True
2026-07-25 16:14:24.084,car_ID_244,car,Berlin->Potsdam,True
2026-07-25 16:15:05.790,car_ID_245,car,Berlin->Potsdam,True
2026-07-25 16:15:31.855,car_ID_246,car,Berlin->Potsdam,True
2026-07-25 16:15:44.161,car_ID_247,car,Potsdam (kein Wechsel),False
2026-07-25 16:15:46.888,car_ID_248,car,Potsdam->Berlin,True
2026-07-25 16:15:48.961,person_ID_732,person,Potsdam (kein Wechsel),False
2026-07-25 16:15:50.620,bicycle_ID_102,bicycle,Berlin (kein Wechsel),False
2026-07-25 16:15:51.656,person_ID_733,person,Potsdam->Berlin,True
2026-07-25 16:15:58.457,car_ID_249,car,Berlin->Potsdam,True
2026-07-25 16:17:11.293,person_ID_734,person,Potsdam (kein Wechsel),False
2026-07-25 16:17:11.527,person_ID_735,person,Potsdam (kein Wechsel),False
2026-07-25 16:17:12.028,person_ID_736,person,Potsdam (kein Wechsel),False
2026-07-25 16:17:12.593,bicycle_ID_103,bicycle,Potsdam (kein Wechsel),False
2026-07-25 16:17:12.929,person_ID_737,person,Potsdam (kein Wechsel),False
2026-07-25 16:17:13.094,person_ID_738,person,Potsdam (kein Wechsel),False
2026-07-25 16:17:13.428,bicycle_ID_104,bicycle,Potsdam (kein Wechsel),False
2026-07-25 16:17:13.895,person_ID_740,person,Potsdam (kein Wechsel),False
2026-07-25 16:17:15.932,person_ID_741,person,Potsdam->Berlin,True
2026-07-25 16:17:15.967,person_ID_739,person,Potsdam->Berlin,True
2026-07-25 16:17:51.798,car_ID_250,car,Potsdam->Berlin,True
2026-07-25 16:18:24.502,car_ID_251,car,Berlin (kein Wechsel),False
2026-07-25 16:18:39.200,person_ID_743,person,Potsdam (kein Wechsel),False
2026-07-25 16:18:39.300,person_ID_742,person,Potsdam (kein Wechsel),False
2026-07-25 16:18:41.465,person_ID_744,person,Potsdam (kein Wechsel),False
2026-07-25 16:18:42.033,person_ID_745,person,Potsdam (kein Wechsel),False
2026-07-25 16:18:42.870,person_ID_746,person,Potsdam (kein Wechsel),False
2026-07-25 16:18:43.270,person_ID_747,person,Potsdam (kein Wechsel),False
2026-07-25 16:18:44.004,person_ID_748,person,Potsdam (kein Wechsel),False
2026-07-25 16:18:46.004,person_ID_749,person,Potsdam->Berlin,True
2026-07-25 16:18:46.469,person_ID_750,person,Berlin (kein Wechsel),False
2026-07-25 16:18:48.302,person_ID_751,person,Berlin (kein Wechsel),False
2026-07-25 16:18:49.000,person_ID_752,person,Berlin (kein Wechsel),False
2026-07-25 16:18:49.865,person_ID_753,person,Berlin (kein Wechsel),False
2026-07-25 16:18:50.533,person_ID_754,person,Berlin (kein Wechsel),False
2026-07-25 16:19:55.237,bus_ID_29,bus,Berlin->Potsdam,True
2026-07-25 16:19:55.771,truck_ID_64,truck,Potsdam (kein Wechsel),False
2026-07-25 16:19:56.305,bus_ID_30,bus,Potsdam (kein Wechsel),False
2026-07-25 16:19:57.807,truck_ID_65,truck,Potsdam (kein Wechsel),False
2026-07-25 16:20:18.306,car_ID_252,car,Berlin->Potsdam,True
2026-07-25 16:20:28.041,bicycle_ID_105,bicycle,Berlin (kein Wechsel),False
2026-07-25 16:20:29.306,bicycle_ID_107,bicycle,Berlin (kein Wechsel),False
2026-07-25 16:20:30.275,car_ID_254,car,Potsdam->Berlin,True
2026-07-25 16:20:30.710,bicycle_ID_108,bicycle,Potsdam (kein Wechsel),False
2026-07-25 16:20:30.875,person_ID_756,person,Potsdam (kein Wechsel),False
2026-07-25 16:20:30.975,bicycle_ID_106,bicycle,Berlin->Potsdam,True
2026-07-25 16:20:31.107,person_ID_755,person,Berlin->Potsdam,True
2026-07-25 16:20:31.338,car_ID_253,car,Potsdam->Berlin,True
2026-07-25 16:20:34.177,car_ID_255,car,Berlin->Potsdam,True
2026-07-25 16:20:37.006,car_ID_256,car,Berlin->Potsdam,True
2026-07-25 16:20:50.139,car_ID_257,car,Potsdam->Berlin,True
2026-07-25 16:21:00.743,car_ID_258,car,Berlin->Potsdam,True
2026-07-25 16:22:17.985,car_ID_259,car,Potsdam (kein Wechsel),False
2026-07-25 16:22:18.811,car_ID_261,car,Potsdam->Berlin,True
2026-07-25 16:22:19.311,car_ID_262,car,Berlin (kein Wechsel),False
2026-07-25 16:22:20.011,car_ID_260,car,Potsdam->Berlin,True
2026-07-25 16:22:52.550,car_ID_263,car,Berlin->Potsdam,True
2026-07-25 16:22:54.649,car_ID_264,car,Berlin->Potsdam,True
2026-07-25 16:23:02.487,bicycle_ID_109,bicycle,Berlin (kein Wechsel),False
2026-07-25 16:23:04.982,bicycle_ID_110,bicycle,Berlin->Potsdam,True
2026-07-25 16:23:05.017,person_ID_757,person,Berlin->Potsdam,True
2026-07-25 16:23:07.793,bicycle_ID_111,bicycle,Berlin->Potsdam,True
2026-07-25 16:23:07.825,person_ID_758,person,Berlin->Potsdam,True
2026-07-25 16:23:17.650,car_ID_265,car,Berlin->Potsdam,True
2026-07-25 16:23:48.358,car_ID_266,car,Potsdam (kein Wechsel),False
2026-07-25 16:23:51.084,car_ID_267,car,Potsdam->Berlin,True
2026-07-25 16:24:36.125,truck_ID_66,truck,Potsdam (kein Wechsel),False
2026-07-25 16:24:36.924,truck_ID_67,truck,Potsdam (kein Wechsel),False
2026-07-25 16:24:37.987,bus_ID_31,bus,Potsdam (kein Wechsel),False
2026-07-25 16:24:40.587,bus_ID_32,bus,Potsdam->Berlin,True
2026-07-25 16:24:48.988,car_ID_268,car,Potsdam->Berlin,True
2026-07-25 16:25:22.793,bicycle_ID_112,bicycle,Potsdam->Berlin,True
2026-07-25 16:25:23.156,person_ID_760,person,Potsdam (kein Wechsel),False
2026-07-25 16:25:23.191,person_ID_759,person,Potsdam->Berlin,True
2026-07-25 16:25:24.124,bicycle_ID_113,bicycle,Berlin (kein Wechsel),False
2026-07-25 16:25:24.256,person_ID_762,person,Potsdam (kein Wechsel),False
2026-07-25 16:25:24.663,person_ID_761,person,Berlin (kein Wechsel),False
2026-07-25 16:25:25.056,person_ID_764,person,Berlin (kein Wechsel),False
2026-07-25 16:25:25.792,person_ID_763,person,Potsdam->Berlin,True
2026-07-25 16:25:27.357,person_ID_765,person,Berlin (kein Wechsel),False
2026-07-25 16:25:54.026,car_ID_269,car,Potsdam (kein Wechsel),False
2026-07-25 16:25:56.658,car_ID_270,car,Potsdam->Berlin,True
2026-07-25 16:25:57.993,car_ID_271,car,Potsdam (kein Wechsel),False
2026-07-25 16:25:58.527,car_ID_272,car,Potsdam (kein Wechsel),False
2026-07-25 16:26:00.193,bus_ID_33,bus,Berlin (kein Wechsel),False
2026-07-25 16:26:00.693,car_ID_273,car,Potsdam->Berlin,True
2026-07-25 16:26:08.496,person_ID_766,person,Potsdam (kein Wechsel),False
2026-07-25 16:26:09.760,person_ID_767,person,Potsdam (kein Wechsel),False
2026-07-25 16:26:09.895,person_ID_768,person,Potsdam (kein Wechsel),False
2026-07-25 16:26:10.294,person_ID_769,person,Potsdam (kein Wechsel),False
2026-07-25 16:26:10.827,person_ID_770,person,Potsdam (kein Wechsel),False
2026-07-25 16:26:10.859,bicycle_ID_114,bicycle,Potsdam (kein Wechsel),False
2026-07-25 16:26:11.295,bicycle_ID_115,bicycle,Potsdam (kein Wechsel),False
2026-07-25 16:26:11.428,person_ID_771,person,Potsdam (kein Wechsel),False
2026-07-25 16:26:11.894,person_ID_772,person,Potsdam (kein Wechsel),False
2026-07-25 16:26:12.027,bicycle_ID_116,bicycle,Potsdam (kein Wechsel),False
2026-07-25 16:26:12.559,person_ID_774,person,Potsdam (kein Wechsel),False
2026-07-25 16:26:12.864,bicycle_ID_118,bicycle,Berlin (kein Wechsel),False
2026-07-25 16:26:13.259,person_ID_773,person,Potsdam->Berlin,True
2026-07-25 16:26:13.994,bicycle_ID_117,bicycle,Potsdam->Berlin,True
2026-07-25 16:26:14.496,bicycle_ID_119,bicycle,Berlin (kein Wechsel),False
2026-07-25 16:26:15.159,car_ID_274,car,Berlin (kein Wechsel),False
2026-07-25 16:26:15.459,bus_ID_34,bus,Berlin->Potsdam,True
2026-07-25 16:26:15.595,bus_ID_35,bus,Potsdam (kein Wechsel),False
2026-07-25 16:26:15.659,bicycle_ID_120,bicycle,Berlin (kein Wechsel),False
2026-07-25 16:26:16.028,truck_ID_68,truck,Berlin->Potsdam,True
2026-07-25 16:26:16.095,truck_ID_69,truck,Berlin->Potsdam,True
2026-07-25 16:26:17.097,person_ID_776,person,Berlin (kein Wechsel),False
2026-07-25 16:26:18.895,person_ID_775,person,Potsdam->Berlin,True
2026-07-25 16:27:45.571,car_ID_275,car,Berlin->Potsdam,True
2026-07-25 16:27:45.900,car_ID_276,car,Potsdam (kein Wechsel),False
2026-07-25 16:27:46.300,car_ID_277,car,Potsdam (kein Wechsel),False
2026-07-25 16:28:10.701,bicycle_ID_122,bicycle,Berlin (kein Wechsel),False
2026-07-25 16:28:11.301,bicycle_ID_121,bicycle,Berlin (kein Wechsel),False
2026-07-25 16:28:13.001,bicycle_ID_124,bicycle,Berlin->Potsdam,True
2026-07-25 16:28:13.201,person_ID_777,person,Berlin->Potsdam,True
2026-07-25 16:28:13.241,bicycle_ID_123,bicycle,Berlin->Potsdam,True
2026-07-25 16:28:31.275,car_ID_278,car,Potsdam (kein Wechsel),False
2026-07-25 16:28:33.469,car_ID_279,car,Potsdam->Berlin,True
2026-07-25 16:28:41.574,bicycle_ID_126,bicycle,Berlin (kein Wechsel),False
2026-07-25 16:28:43.270,person_ID_778,person,Berlin->Potsdam,True
2026-07-25 16:28:43.270,bicycle_ID_125,bicycle,Berlin->Potsdam,True
2026-07-25 16:29:54.741,person_ID_779,person,Berlin (kein Wechsel),False
2026-07-25 16:29:57.079,person_ID_780,person,Berlin (kein Wechsel),False
2026-07-25 16:29:58.849,person_ID_781,person,Berlin (kein Wechsel),False
2026-07-25 16:30:02.175,person_ID_783,person,Berlin (kein Wechsel),False
2026-07-25 16:30:02.343,person_ID_785,person,Berlin (kein Wechsel),False
2026-07-25 16:30:02.442,person_ID_786,person,Berlin (kein Wechsel),False
2026-07-25 16:30:02.575,person_ID_787,person,Berlin->Potsdam,True
2026-07-25 16:30:02.777,person_ID_788,person,Potsdam (kein Wechsel),False
2026-07-25 16:30:02.809,bicycle_ID_127,bicycle,Berlin->Potsdam,True
2026-07-25 16:30:02.842,person_ID_782,person,Berlin->Potsdam,True
2026-07-25 16:30:02.909,car_ID_281,car,Berlin (kein Wechsel),False
2026-07-25 16:30:02.974,person_ID_784,person,Berlin (kein Wechsel),False
2026-07-25 16:30:03.274,bicycle_ID_128,bicycle,Berlin->Potsdam,True
2026-07-25 16:30:03.674,car_ID_280,car,Berlin->Potsdam,True
2026-07-25 16:30:04.647,car_ID_282,car,Potsdam (kein Wechsel),False
2026-07-25 16:30:05.813,person_ID_789,person,Potsdam (kein Wechsel),False
2026-07-25 16:30:06.445,person_ID_790,person,Potsdam (kein Wechsel),False
2026-07-25 16:30:07.211,person_ID_791,person,Potsdam (kein Wechsel),False
2026-07-25 16:30:07.975,person_ID_792,person,Potsdam (kein Wechsel),False
2026-07-25 16:30:08.345,person_ID_793,person,Potsdam (kein Wechsel),False
2026-07-25 16:30:09.274,person_ID_794,person,Potsdam->Berlin,True
2026-07-25 16:30:09.642,person_ID_795,person,Potsdam (kein Wechsel),False
2026-07-25 16:30:09.845,person_ID_796,person,Potsdam (kein Wechsel),False
2026-07-25 16:30:09.975,bicycle_ID_129,bicycle,Berlin (kein Wechsel),False
2026-07-25 16:30:10.343,person_ID_798,person,Potsdam (kein Wechsel),False
2026-07-25 16:30:10.713,person_ID_797,person,Berlin (kein Wechsel),False
2026-07-25 16:30:10.775,person_ID_799,person,Berlin (kein Wechsel),False
2026-07-25 16:30:12.646,person_ID_800,person,Berlin (kein Wechsel),False
2026-07-25 16:30:17.075,car_ID_283,car,Potsdam (kein Wechsel),False
2026-07-25 16:30:18.546,car_ID_285,car,Potsdam->Berlin,True
2026-07-25 16:30:19.048,car_ID_286,car,Berlin (kein Wechsel),False
2026-07-25 16:30:19.643,car_ID_284,car,Potsdam->Berlin,True
2026-07-25 16:30:39.812,car_ID_287,car,Potsdam->Berlin,True
2026-07-25 16:30:57.484,person_ID_801,person,Berlin->Potsdam,True
2026-07-25 16:30:57.484,bicycle_ID_130,bicycle,Berlin->Potsdam,True
2026-07-25 16:31:08.546,car_ID_288,car,Berlin->Potsdam,True
2026-07-25 16:31:28.317,car_ID_289,car,Potsdam->Berlin,True
2026-07-25 16:31:30.714,bicycle_ID_133,bicycle,Berlin (kein Wechsel),False
2026-07-25 16:31:31.714,person_ID_802,person,Berlin->Potsdam,True
2026-07-25 16:31:31.714,bicycle_ID_131,bicycle,Berlin->Potsdam,True
2026-07-25 16:31:32.514,person_ID_803,person,Berlin->Potsdam,True
2026-07-25 16:31:32.578,bicycle_ID_132,bicycle,Berlin->Potsdam,True
2026-07-25 16:31:35.918,car_ID_290,car,Potsdam->Berlin,True
2026-07-25 16:32:04.788,person_ID_804,person,Potsdam->Berlin,True
2026-07-25 16:32:05.286,bicycle_ID_134,bicycle,Potsdam->Berlin,True
2026-07-25 16:32:06.016,person_ID_805,person,Berlin (kein Wechsel),False
2026-07-25 16:32:06.548,person_ID_806,person,Berlin (kein Wechsel),False
2026-07-25 16:32:06.748,person_ID_807,person,Berlin (kein Wechsel),False
2026-07-25 16:32:23.253,bicycle_ID_135,bicycle,Berlin (kein Wechsel),False
2026-07-25 16:32:23.987,bicycle_ID_137,bicycle,Berlin (kein Wechsel),False
2026-07-25 16:32:24.220,bicycle_ID_138,bicycle,Berlin (kein Wechsel),False
2026-07-25 16:32:25.084,person_ID_808,person,Berlin (kein Wechsel),False
2026-07-25 16:32:25.485,person_ID_809,person,Berlin->Potsdam,True
2026-07-25 16:32:25.485,bicycle_ID_136,bicycle,Berlin->Potsdam,True
2026-07-25 16:32:29.421,car_ID_291,car,Potsdam->Berlin,True
2026-07-25 16:33:05.758,car_ID_292,car,Berlin->Potsdam,True
2026-07-25 16:33:10.788,person_ID_810,person,Potsdam (kein Wechsel),False
2026-07-25 16:33:11.720,bicycle_ID_139,bicycle,Potsdam (kein Wechsel),False
2026-07-25 16:33:12.651,bicycle_ID_140,bicycle,Potsdam->Berlin,True
2026-07-25 16:33:15.090,person_ID_811,person,Potsdam->Berlin,True
2026-07-25 16:33:18.358,car_ID_293,car,Berlin->Potsdam,True
2026-07-25 16:33:28.924,car_ID_294,car,Potsdam (kein Wechsel),False
2026-07-25 16:33:31.620,car_ID_295,car,Potsdam->Berlin,True
2026-07-25 16:34:00.157,car_ID_296,car,Berlin->Potsdam,True
2026-07-25 16:34:36.296,person_ID_813,person,Potsdam (kein Wechsel),False
2026-07-25 16:34:39.491,person_ID_812,person,Potsdam->Berlin,True
2026-07-25 16:34:41.823,bicycle_ID_141,bicycle,Berlin (kein Wechsel),False
2026-07-25 16:34:42.533,bicycle_ID_145,bicycle,Berlin (kein Wechsel),False
2026-07-25 16:34:42.563,bicycle_ID_144,bicycle,Berlin (kein Wechsel),False
2026-07-25 16:34:44.359,bicycle_ID_142,bicycle,Berlin->Potsdam,True
2026-07-25 16:34:44.459,person_ID_814,person,Berlin->Potsdam,True
2026-07-25 16:34:44.524,bicycle_ID_143,bicycle,Berlin->Potsdam,True
2026-07-25 16:34:44.591,person_ID_815,person,Berlin->Potsdam,True
2026-07-25 16:34:55.398,person_ID_816,person,Berlin (kein Wechsel),False
2026-07-25 16:35:07.797,car_ID_297,car,Berlin (kein Wechsel),False
2026-07-25 16:35:08.498,bicycle_ID_147,bicycle,Berlin (kein Wechsel),False
2026-07-25 16:35:10.128,bicycle_ID_146,bicycle,Berlin->Potsdam,True
2026-07-25 16:35:10.193,person_ID_817,person,Berlin->Potsdam,True
2026-07-25 16:35:56.031,car_ID_298,car,Potsdam->Berlin,True
2026-07-25 16:35:57.834,car_ID_299,car,Potsdam->Berlin,True
2026-07-25 16:36:00.768,car_ID_300,car,Potsdam (kein Wechsel),False
2026-07-25 16:36:02.799,car_ID_301,car,Potsdam->Berlin,True
2026-07-25 16:36:06.464,car_ID_302,car,Potsdam->Berlin,True
2026-07-25 16:36:12.996,car_ID_303,car,Berlin->Potsdam,True
2026-07-25 16:36:35.734,car_ID_304,car,Potsdam->Berlin,True
2026-07-25 16:36:46.667,person_ID_818,person,Potsdam (kein Wechsel),False
2026-07-25 16:36:47.533,person_ID_819,person,Potsdam (kein Wechsel),False
2026-07-25 16:36:47.734,bicycle_ID_148,bicycle,Potsdam (kein Wechsel),False
2026-07-25 16:36:48.401,bicycle_ID_149,bicycle,Potsdam (kein Wechsel),False
2026-07-25 16:36:48.834,person_ID_820,person,Potsdam->Berlin,True
2026-07-25 16:36:50.967,person_ID_821,person,Berlin (kein Wechsel),False
2026-07-25 16:37:03.334,car_ID_305,car,Berlin->Potsdam,True
2026-07-25 16:37:17.539,car_ID_306,car,Potsdam (kein Wechsel),False
2026-07-25 16:37:19.467,car_ID_307,car,Potsdam->Berlin,True
2026-07-25 16:37:56.739,car_ID_308,car,Potsdam (kein Wechsel),False
2026-07-25 16:37:57.005,car_ID_309,car,Potsdam (kein Wechsel),False
2026-07-25 16:37:59.876,car_ID_310,car,Potsdam->Berlin,True
2026-07-25 16:38:11.174,car_ID_311,car,Berlin (kein Wechsel),False
2026-07-25 16:38:12.438,bus_ID_36,bus,Berlin (kein Wechsel),False
2026-07-25 16:38:12.438,truck_ID_70,truck,Berlin (kein Wechsel),False
2026-07-25 16:38:12.938,person_ID_822,person,Berlin (kein Wechsel),False
2026-07-25 16:38:13.371,truck_ID_71,truck,Berlin (kein Wechsel),False
2026-07-25 16:38:14.770,bus_ID_37,bus,Berlin->Potsdam,True
2026-07-25 16:38:14.970,bus_ID_38,bus,Potsdam (kein Wechsel),False
2026-07-25 16:38:16.107,truck_ID_72,truck,Potsdam (kein Wechsel),False
2026-07-25 16:38:31.176,car_ID_313,car,Potsdam (kein Wechsel),False
2026-07-25 16:38:31.508,car_ID_312,car,Potsdam (kein Wechsel),False
2026-07-25 16:38:33.175,car_ID_315,car,Potsdam (kein Wechsel),False
2026-07-25 16:38:34.307,car_ID_314,car,Potsdam->Berlin,True
2026-07-25 16:38:36.174,car_ID_316,car,Potsdam->Berlin,True
2026-07-25 16:38:36.339,car_ID_317,car,Potsdam (kein Wechsel),False
2026-07-25 16:38:36.940,car_ID_319,car,Potsdam (kein Wechsel),False
2026-07-25 16:38:39.143,car_ID_318,car,Potsdam->Berlin,True
2026-07-25 16:39:05.410,car_ID_320,car,Berlin (kein Wechsel),False
2026-07-25 16:39:11.712,bicycle_ID_150,bicycle,Potsdam (kein Wechsel),False
2026-07-25 16:39:12.345,person_ID_823,person,Potsdam (kein Wechsel),False
2026-07-25 16:39:12.676,person_ID_824,person,Potsdam (kein Wechsel),False
2026-07-25 16:39:13.110,person_ID_825,person,Potsdam (kein Wechsel),False
2026-07-25 16:39:14.076,person_ID_827,person,Potsdam (kein Wechsel),False
2026-07-25 16:39:14.877,bicycle_ID_151,bicycle,Potsdam->Berlin,True
2026-07-25 16:39:15.311,person_ID_828,person,Potsdam->Berlin,True
2026-07-25 16:39:15.409,bicycle_ID_152,bicycle,Berlin (kein Wechsel),False
2026-07-25 16:39:15.644,person_ID_826,person,Potsdam->Berlin,True
2026-07-25 16:39:16.076,person_ID_829,person,Berlin (kein Wechsel),False
2026-07-25 16:39:17.512,bicycle_ID_154,bicycle,Berlin (kein Wechsel),False
2026-07-25 16:39:17.841,bicycle_ID_153,bicycle,Berlin (kein Wechsel),False
2026-07-25 16:39:18.141,person_ID_830,person,Berlin (kein Wechsel),False
2026-07-25 16:39:18.613,person_ID_831,person,Berlin (kein Wechsel),False
2026-07-25 16:39:49.880,car_ID_321,car,Potsdam->Berlin,True
2026-07-25 16:40:16.780,bicycle_ID_155,bicycle,Potsdam (kein Wechsel),False
2026-07-25 16:40:18.547,person_ID_832,person,Potsdam->Berlin,True
2026-07-25 16:40:19.047,bicycle_ID_156,bicycle,Potsdam->Berlin,True
2026-07-25 16:40:19.280,bicycle_ID_157,bicycle,Berlin (kein Wechsel),False
2026-07-25 16:40:19.550,person_ID_833,person,Berlin (kein Wechsel),False
2026-07-25 16:40:20.385,person_ID_834,person,Berlin (kein Wechsel),False
2026-07-25 16:40:43.419,car_ID_322,car,Berlin->Potsdam,True
2026-07-25 16:40:43.556,truck_ID_73,truck,Potsdam (kein Wechsel),False
2026-07-25 16:40:47.281,car_ID_323,car,Berlin->Potsdam,True
2026-07-25 16:40:48.014,person_ID_835,person,Potsdam (kein Wechsel),False
2026-07-25 16:40:48.181,bicycle_ID_158,bicycle,Berlin (kein Wechsel),False
2026-07-25 16:40:48.687,person_ID_836,person,Berlin (kein Wechsel),False
2026-07-25 16:40:48.987,person_ID_837,person,Berlin->Potsdam,True
2026-07-25 16:40:49.052,person_ID_838,person,Potsdam (kein Wechsel),False
2026-07-25 16:40:55.049,person_ID_839,person,Potsdam->Berlin,True
2026-07-25 16:40:55.613,person_ID_840,person,Berlin (kein Wechsel),False
2026-07-25 16:41:12.350,bicycle_ID_159,bicycle,Potsdam (kein Wechsel),False
2026-07-25 16:41:12.882,person_ID_841,person,Potsdam (kein Wechsel),False
2026-07-25 16:41:13.215,person_ID_842,person,Potsdam (kein Wechsel),False
2026-07-25 16:41:13.615,person_ID_843,person,Potsdam (kein Wechsel),False
2026-07-25 16:41:13.683,bicycle_ID_160,bicycle,Potsdam (kein Wechsel),False
2026-07-25 16:41:14.015,person_ID_845,person,Potsdam (kein Wechsel),False
2026-07-25 16:41:14.716,bicycle_ID_161,bicycle,Potsdam->Berlin,True
2026-07-25 16:41:16.083,person_ID_844,person,Potsdam->Berlin,True
2026-07-25 16:41:18.615,person_ID_846,person,Potsdam (kein Wechsel),False
2026-07-25 16:41:19.383,car_ID_324,car,Potsdam->Berlin,True
2026-07-25 16:42:37.390,car_ID_325,car,Potsdam (kein Wechsel),False
2026-07-25 16:42:40.087,person_ID_847,person,Potsdam (kein Wechsel),False
2026-07-25 16:42:41.455,car_ID_326,car,Potsdam->Berlin,True
2026-07-25 16:42:57.656,car_ID_327,car,Berlin->Potsdam,True
2026-07-25 16:44:16.833,car_ID_328,car,Berlin (kein Wechsel),False
2026-07-25 16:44:29.831,car_ID_329,car,Berlin->Potsdam,True
2026-07-25 16:44:48.600,car_ID_330,car,Potsdam (kein Wechsel),False
2026-07-25 16:44:49.932,car_ID_331,car,Potsdam (kein Wechsel),False
2026-07-25 16:44:50.168,person_ID_848,person,Potsdam (kein Wechsel),False
2026-07-25 16:44:50.865,truck_ID_74,truck,Potsdam (kein Wechsel),False
2026-07-25 16:44:51.498,bus_ID_39,bus,Potsdam->Berlin,True
2026-07-25 16:44:51.962,person_ID_849,person,Berlin (kein Wechsel),False
2026-07-25 16:44:54.861,car_ID_332,car,Berlin (kein Wechsel),False
2026-07-25 16:44:54.930,bus_ID_40,bus,Potsdam->Berlin,True
2026-07-25 16:46:25.801,car_ID_333,car,Potsdam (kein Wechsel),False
2026-07-25 16:46:27.908,car_ID_334,car,Potsdam->Berlin,True
2026-07-25 16:46:37.274,bicycle_ID_162,bicycle,Berlin (kein Wechsel),False
2026-07-25 16:46:37.338,person_ID_850,person,Berlin (kein Wechsel),False
2026-07-25 16:46:38.571,bicycle_ID_164,bicycle,Berlin (kein Wechsel),False
2026-07-25 16:46:39.237,bicycle_ID_163,bicycle,Berlin->Potsdam,True
2026-07-25 16:46:39.270,person_ID_851,person,Berlin->Potsdam,True
2026-07-25 16:46:40.534,bicycle_ID_166,bicycle,Berlin (kein Wechsel),False
2026-07-25 16:46:41.571,bicycle_ID_168,bicycle,Berlin (kein Wechsel),False
2026-07-25 16:46:41.771,bicycle_ID_170,bicycle,Potsdam (kein Wechsel),False
2026-07-25 16:46:41.805,person_ID_852,person,Berlin->Potsdam,True
2026-07-25 16:46:41.836,bicycle_ID_165,bicycle,Berlin->Potsdam,True
2026-07-25 16:46:42.206,bicycle_ID_171,bicycle,Berlin (kein Wechsel),False
2026-07-25 16:46:43.740,person_ID_853,person,Berlin->Potsdam,True
2026-07-25 16:46:43.773,bicycle_ID_167,bicycle,Berlin->Potsdam,True
2026-07-25 16:46:44.139,bicycle_ID_172,bicycle,Berlin (kein Wechsel),False
2026-07-25 16:46:44.539,bicycle_ID_169,bicycle,Berlin->Potsdam,True
2026-07-25 16:46:44.741,person_ID_854,person,Berlin->Potsdam,True
2026-07-25 16:46:45.470,person_ID_855,person,Berlin->Potsdam,True
2026-07-25 16:46:45.870,bicycle_ID_173,bicycle,Berlin->Potsdam,True
2026-07-25 16:46:45.970,bicycle_ID_174,bicycle,Potsdam (kein Wechsel),False
2026-07-25 16:46:50.738,bicycle_ID_175,bicycle,Potsdam (kein Wechsel),False
2026-07-25 16:46:51.507,person_ID_856,person,Potsdam (kein Wechsel),False
2026-07-25 16:46:51.606,person_ID_857,person,Potsdam (kein Wechsel),False
2026-07-25 16:46:53.606,bicycle_ID_176,bicycle,Potsdam->Berlin,True
2026-07-25 16:46:53.707,bicycle_ID_177,bicycle,Berlin (kein Wechsel),False
2026-07-25 16:46:54.509,person_ID_858,person,Potsdam->Berlin,True
2026-07-25 16:46:54.574,person_ID_859,person,Berlin (kein Wechsel),False
2026-07-25 16:46:55.070,person_ID_860,person,Berlin (kein Wechsel),False
2026-07-25 16:46:55.171,bicycle_ID_178,bicycle,Berlin (kein Wechsel),False
2026-07-25 16:46:55.436,bicycle_ID_179,bicycle,Berlin (kein Wechsel),False
2026-07-25 16:46:55.703,person_ID_862,person,Berlin (kein Wechsel),False
2026-07-25 16:46:56.035,person_ID_861,person,Berlin (kein Wechsel),False
2026-07-25 16:46:56.235,person_ID_863,person,Berlin (kein Wechsel),False
2026-07-25 16:46:56.270,person_ID_864,person,Berlin (kein Wechsel),False
2026-07-25 16:47:32.405,car_ID_335,car,Potsdam->Berlin,True
2026-07-25 16:47:32.640,person_ID_865,person,Potsdam (kein Wechsel),False
2026-07-25 16:47:33.740,bicycle_ID_180,bicycle,Berlin (kein Wechsel),False
2026-07-25 16:47:33.773,person_ID_866,person,Potsdam (kein Wechsel),False
2026-07-25 16:47:34.840,bicycle_ID_182,bicycle,Berlin (kein Wechsel),False
2026-07-25 16:47:35.973,person_ID_868,person,Potsdam (kein Wechsel),False
2026-07-25 16:47:36.105,person_ID_867,person,Berlin->Potsdam,True
2026-07-25 16:47:36.141,bicycle_ID_181,bicycle,Berlin->Potsdam,True
2026-07-25 16:47:36.673,person_ID_869,person,Potsdam (kein Wechsel),False
2026-07-25 16:47:38.205,person_ID_871,person,Potsdam (kein Wechsel),False
2026-07-25 16:47:38.340,person_ID_870,person,Potsdam (kein Wechsel),False
2026-07-25 16:47:40.543,person_ID_873,person,Potsdam (kein Wechsel),False
2026-07-25 16:47:41.274,person_ID_874,person,Potsdam (kein Wechsel),False
2026-07-25 16:47:41.706,bicycle_ID_184,bicycle,Potsdam (kein Wechsel),False
2026-07-25 16:47:43.142,person_ID_875,person,Potsdam->Berlin,True
2026-07-25 16:47:43.306,person_ID_877,person,Potsdam (kein Wechsel),False
2026-07-25 16:47:43.342,person_ID_872,person,Potsdam->Berlin,True
2026-07-25 16:47:43.773,person_ID_878,person,Berlin (kein Wechsel),False
2026-07-25 16:47:44.273,person_ID_880,person,Potsdam (kein Wechsel),False
2026-07-25 16:47:44.341,bicycle_ID_183,bicycle,Potsdam->Berlin,True
2026-07-25 16:47:44.506,person_ID_879,person,Berlin (kein Wechsel),False
2026-07-25 16:47:44.775,person_ID_876,person,Berlin (kein Wechsel),False
2026-07-25 16:47:44.906,person_ID_881,person,Berlin (kein Wechsel),False
2026-07-25 16:47:44.906,person_ID_882,person,Potsdam (kein Wechsel),False
2026-07-25 16:47:44.974,bicycle_ID_185,bicycle,Potsdam (kein Wechsel),False
2026-07-25 16:47:45.509,person_ID_883,person,Potsdam (kein Wechsel),False
2026-07-25 16:47:45.509,bicycle_ID_186,bicycle,Potsdam (kein Wechsel),False
2026-07-25 16:47:45.676,person_ID_884,person,Berlin (kein Wechsel),False
2026-07-25 16:47:45.907,person_ID_885,person,Potsdam (kein Wechsel),False
2026-07-25 16:47:48.509,person_ID_886,person,Berlin (kein Wechsel),False
2026-07-25 16:48:43.920,car_ID_336,car,Potsdam (kein Wechsel),False
2026-07-25 16:48:44.376,car_ID_337,car,Potsdam (kein Wechsel),False
2026-07-25 16:48:46.116,car_ID_338,car,Potsdam->Berlin,True
2026-07-25 16:48:55.751,car_ID_339,car,Berlin->Potsdam,True
2026-07-25 16:49:08.083,person_ID_887,person,Potsdam (kein Wechsel),False
2026-07-25 16:49:08.616,person_ID_888,person,Potsdam (kein Wechsel),False
2026-07-25 16:49:10.313,person_ID_889,person,Potsdam->Berlin,True
2026-07-25 16:49:11.013,bicycle_ID_187,bicycle,Berlin (kein Wechsel),False
2026-07-25 16:49:11.677,person_ID_890,person,Berlin (kein Wechsel),False
2026-07-25 16:49:41.916,person_ID_891,person,Berlin (kein Wechsel),False
2026-07-25 16:49:42.315,person_ID_892,person,Berlin (kein Wechsel),False
2026-07-25 16:49:43.880,person_ID_893,person,Berlin->Potsdam,True
2026-07-25 16:49:44.179,person_ID_894,person,Potsdam (kein Wechsel),False
2026-07-25 16:49:44.953,person_ID_895,person,Potsdam (kein Wechsel),False
2026-07-25 16:49:45.818,person_ID_896,person,Potsdam (kein Wechsel),False
2026-07-25 16:49:46.452,person_ID_897,person,Potsdam (kein Wechsel),False
2026-07-25 16:49:47.618,person_ID_898,person,Potsdam (kein Wechsel),False
2026-07-25 16:49:48.383,person_ID_899,person,Potsdam (kein Wechsel),False
2026-07-25 16:49:49.316,person_ID_900,person,Potsdam (kein Wechsel),False
2026-07-25 16:49:49.915,person_ID_901,person,Potsdam (kein Wechsel),False
2026-07-25 16:49:56.982,car_ID_340,car,Potsdam->Berlin,True
2026-07-25 16:50:18.116,car_ID_341,car,Potsdam (kein Wechsel),False
2026-07-25 16:50:18.949,person_ID_902,person,Berlin (kein Wechsel),False
2026-07-25 16:50:19.717,person_ID_903,person,Berlin (kein Wechsel),False
2026-07-25 16:50:20.181,person_ID_904,person,Berlin (kein Wechsel),False
2026-07-25 16:50:20.282,car_ID_342,car,Potsdam->Berlin,True
2026-07-25 16:50:20.649,person_ID_905,person,Berlin (kein Wechsel),False
2026-07-25 16:50:37.050,car_ID_343,car,Potsdam (kein Wechsel),False
2026-07-25 16:50:40.087,car_ID_344,car,Potsdam->Berlin,True
2026-07-25 16:50:41.785,bus_ID_42,bus,Potsdam (kein Wechsel),False
2026-07-25 16:50:41.818,bus_ID_41,bus,Potsdam->Berlin,True
2026-07-25 16:50:42.285,car_ID_345,car,Potsdam->Berlin,True
2026-07-25 16:50:42.385,truck_ID_75,truck,Berlin (kein Wechsel),False
2026-07-25 16:50:43.385,bus_ID_44,bus,Berlin (kein Wechsel),False
2026-07-25 16:50:43.719,bus_ID_43,bus,Berlin (kein Wechsel),False
2026-07-25 16:50:44.186,car_ID_346,car,Potsdam->Berlin,True
2026-07-25 16:50:44.319,car_ID_347,car,Berlin (kein Wechsel),False
2026-07-25 16:50:52.221,car_ID_348,car,Potsdam (kein Wechsel),False
2026-07-25 16:50:54.751,car_ID_349,car,Potsdam->Berlin,True
2026-07-25 16:50:56.820,car_ID_350,car,Potsdam (kein Wechsel),False
2026-07-25 16:50:59.886,car_ID_351,car,Potsdam->Berlin,True
2026-07-25 16:51:45.754,car_ID_353,car,Berlin (kein Wechsel),False
2026-07-25 16:51:45.988,car_ID_352,car,Berlin->Potsdam,True
2026-07-25 16:52:38.427,bicycle_ID_188,bicycle,Berlin (kein Wechsel),False
2026-07-25 16:52:38.527,car_ID_354,car,Berlin->Potsdam,True
2026-07-25 16:52:40.524,person_ID_906,person,Berlin->Potsdam,True
2026-07-25 16:52:40.892,bicycle_ID_189,bicycle,Berlin->Potsdam,True
2026-07-25 16:52:41.892,person_ID_907,person,Potsdam (kein Wechsel),False
2026-07-25 16:52:42.425,person_ID_908,person,Potsdam (kein Wechsel),False
2026-07-25 16:52:43.724,person_ID_909,person,Potsdam->Berlin,True
2026-07-25 16:52:44.228,bicycle_ID_190,bicycle,Potsdam->Berlin,True
2026-07-25 16:52:44.828,person_ID_910,person,Berlin (kein Wechsel),False
2026-07-25 16:52:45.927,person_ID_911,person,Berlin (kein Wechsel),False
2026-07-25 16:52:59.925,car_ID_355,car,Berlin->Potsdam,True
2026-07-25 16:53:13.561,truck_ID_77,truck,Berlin (kein Wechsel),False
2026-07-25 16:53:14.061,car_ID_357,car,Berlin (kein Wechsel),False
2026-07-25 16:53:14.526,truck_ID_76,truck,Berlin (kein Wechsel),False
2026-07-25 16:53:14.593,bus_ID_45,bus,Berlin (kein Wechsel),False
2026-07-25 16:53:15.161,car_ID_356,car,Potsdam->Berlin,True
2026-07-25 16:53:17.963,car_ID_358,car,Potsdam->Berlin,True
2026-07-25 16:53:27.367,truck_ID_78,truck,Potsdam (kein Wechsel),False
2026-07-25 16:53:27.531,car_ID_359,car,Potsdam (kein Wechsel),False
2026-07-25 16:53:29.561,car_ID_361,car,Potsdam->Berlin,True
2026-07-25 16:53:29.594,truck_ID_80,truck,Berlin (kein Wechsel),False
2026-07-25 16:53:29.862,bus_ID_47,bus,Berlin (kein Wechsel),False
2026-07-25 16:53:29.894,truck_ID_79,truck,Potsdam->Berlin,True
2026-07-25 16:53:30.226,bus_ID_46,bus,Berlin (kein Wechsel),False
2026-07-25 16:53:30.394,car_ID_360,car,Potsdam->Berlin,True
2026-07-25 16:53:58.296,truck_ID_82,truck,Potsdam (kein Wechsel),False
2026-07-25 16:53:58.363,car_ID_362,car,Potsdam (kein Wechsel),False
2026-07-25 16:53:58.863,truck_ID_81,truck,Potsdam (kein Wechsel),False
2026-07-25 16:54:01.264,car_ID_363,car,Potsdam->Berlin,True
2026-07-25 16:54:03.834,car_ID_364,car,Berlin->Potsdam,True
2026-07-25 16:54:10.664,car_ID_365,car,Berlin->Potsdam,True
2026-07-25 16:54:33.197,car_ID_367,car,Potsdam (kein Wechsel),False
2026-07-25 16:54:36.165,car_ID_366,car,Potsdam->Berlin,True
2026-07-25 16:54:56.241,person_ID_912,person,Potsdam (kein Wechsel),False
2026-07-25 16:54:56.839,bicycle_ID_191,bicycle,Potsdam (kein Wechsel),False
2026-07-25 16:54:57.839,person_ID_913,person,Potsdam (kein Wechsel),False
2026-07-25 16:54:59.734,person_ID_914,person,Potsdam (kein Wechsel),False
2026-07-25 16:55:00.634,bicycle_ID_192,bicycle,Potsdam (kein Wechsel),False
2026-07-25 16:55:01.299,person_ID_915,person,Potsdam (kein Wechsel),False
2026-07-25 16:55:02.900,car_ID_368,car,Berlin->Potsdam,True
2026-07-25 16:55:05.668,bicycle_ID_193,bicycle,Berlin (kein Wechsel),False
2026-07-25 16:55:06.599,person_ID_916,person,Berlin (kein Wechsel),False
2026-07-25 16:55:07.234,person_ID_917,person,Potsdam (kein Wechsel),False
2026-07-25 16:55:08.699,person_ID_918,person,Potsdam (kein Wechsel),False
2026-07-25 16:55:09.868,bicycle_ID_194,bicycle,Berlin (kein Wechsel),False
2026-07-25 16:55:10.267,person_ID_920,person,Potsdam (kein Wechsel),False
2026-07-25 16:55:11.239,bicycle_ID_195,bicycle,Berlin->Potsdam,True
2026-07-25 16:55:11.401,person_ID_919,person,Berlin->Potsdam,True
2026-07-25 16:55:11.636,person_ID_921,person,Potsdam (kein Wechsel),False
2026-07-25 16:55:12.900,person_ID_922,person,Potsdam (kein Wechsel),False
2026-07-25 16:55:15.034,person_ID_923,person,Potsdam (kein Wechsel),False
2026-07-25 16:55:15.634,person_ID_924,person,Potsdam (kein Wechsel),False
2026-07-25 16:55:16.099,person_ID_925,person,Potsdam (kein Wechsel),False
2026-07-25 16:55:18.405,person_ID_926,person,Potsdam (kein Wechsel),False
2026-07-25 16:55:20.974,person_ID_928,person,Berlin (kein Wechsel),False
2026-07-25 16:55:25.435,car_ID_370,car,Potsdam (kein Wechsel),False
2026-07-25 16:55:25.467,car_ID_369,car,Berlin->Potsdam,True
2026-07-25 16:55:33.438,person_ID_927,person,Berlin->Potsdam,True
2026-07-25 16:55:36.541,bicycle_ID_196,bicycle,Potsdam (kein Wechsel),False
2026-07-25 16:55:37.441,person_ID_931,person,Potsdam (kein Wechsel),False
2026-07-25 16:55:37.937,bicycle_ID_199,bicycle,Potsdam (kein Wechsel),False
2026-07-25 16:55:38.004,person_ID_933,person,Berlin (kein Wechsel),False
2026-07-25 16:55:38.240,bicycle_ID_197,bicycle,Potsdam (kein Wechsel),False
2026-07-25 16:55:38.439,bicycle_ID_201,bicycle,Potsdam (kein Wechsel),False
2026-07-25 16:55:38.605,bicycle_ID_198,bicycle,Berlin (kein Wechsel),False
2026-07-25 16:55:38.637,person_ID_930,person,Potsdam (kein Wechsel),False
2026-07-25 16:55:38.738,bicycle_ID_202,bicycle,Berlin (kein Wechsel),False
2026-07-25 16:55:38.772,person_ID_936,person,Berlin (kein Wechsel),False
2026-07-25 16:55:38.937,person_ID_934,person,Potsdam (kein Wechsel),False
2026-07-25 16:55:39.036,bicycle_ID_203,bicycle,Berlin (kein Wechsel),False
2026-07-25 16:55:39.304,bicycle_ID_204,bicycle,Berlin (kein Wechsel),False
2026-07-25 16:55:39.938,person_ID_937,person,Potsdam (kein Wechsel),False
2026-07-25 16:55:39.970,person_ID_935,person,Berlin (kein Wechsel),False
2026-07-25 16:55:40.469,bicycle_ID_205,bicycle,Potsdam (kein Wechsel),False
2026-07-25 16:55:40.974,person_ID_938,person,Potsdam->Berlin,True
2026-07-25 16:55:41.137,person_ID_932,person,Berlin->Potsdam,True
2026-07-25 16:55:41.169,bicycle_ID_200,bicycle,Berlin->Potsdam,True
2026-07-25 16:55:41.204,person_ID_940,person,Potsdam (kein Wechsel),False
2026-07-25 16:55:41.469,bicycle_ID_206,bicycle,Potsdam (kein Wechsel),False
2026-07-25 16:55:41.904,person_ID_929,person,Potsdam (kein Wechsel),False
2026-07-25 16:55:42.107,bicycle_ID_207,bicycle,Potsdam (kein Wechsel),False
2026-07-25 16:55:42.637,bicycle_ID_208,bicycle,Berlin (kein Wechsel),False
2026-07-25 16:55:43.008,person_ID_941,person,Berlin (kein Wechsel),False
2026-07-25 16:55:44.050,person_ID_939,person,Potsdam->Berlin,True
2026-07-25 16:55:44.770,car_ID_371,car,Berlin->Potsdam,True
2026-07-25 16:55:45.937,car_ID_372,car,Potsdam (kein Wechsel),False
2026-07-25 16:55:46.469,person_ID_943,person,Berlin (kein Wechsel),False
2026-07-25 16:55:49.340,bicycle_ID_209,bicycle,Berlin (kein Wechsel),False
2026-07-25 16:55:51.208,person_ID_942,person,Berlin->Potsdam,True
2026-07-25 16:55:52.037,person_ID_944,person,Berlin->Potsdam,True
2026-07-25 16:55:52.037,person_ID_945,person,Potsdam (kein Wechsel),False
2026-07-25 16:55:52.337,person_ID_946,person,Potsdam (kein Wechsel),False
2026-07-25 16:55:53.069,bicycle_ID_210,bicycle,Potsdam (kein Wechsel),False
2026-07-25 16:55:53.769,person_ID_948,person,Potsdam (kein Wechsel),False
2026-07-25 16:55:53.937,person_ID_947,person,Potsdam (kein Wechsel),False
2026-07-25 16:55:53.937,bicycle_ID_211,bicycle,Potsdam (kein Wechsel),False
2026-07-25 16:55:54.205,bicycle_ID_212,bicycle,Potsdam (kein Wechsel),False
2026-07-25 16:55:55.138,person_ID_949,person,Potsdam (kein Wechsel),False
2026-07-25 16:55:55.608,person_ID_950,person,Potsdam (kein Wechsel),False
2026-07-25 16:55:56.238,bicycle_ID_214,bicycle,Potsdam (kein Wechsel),False
2026-07-25 16:55:56.371,bicycle_ID_213,bicycle,Potsdam (kein Wechsel),False
2026-07-25 16:55:56.473,person_ID_952,person,Potsdam (kein Wechsel),False
2026-07-25 16:55:56.742,person_ID_951,person,Potsdam (kein Wechsel),False
2026-07-25 16:56:08.371,person_ID_953,person,Potsdam (kein Wechsel),False
2026-07-25 16:56:11.974,person_ID_955,person,Potsdam (kein Wechsel),False
2026-07-25 16:56:14.570,person_ID_954,person,Potsdam (kein Wechsel),False
2026-07-25 16:56:15.471,person_ID_957,person,Potsdam (kein Wechsel),False
2026-07-25 16:56:18.877,person_ID_956,person,Potsdam->Berlin,True
2026-07-25 16:56:19.510,person_ID_958,person,Berlin (kein Wechsel),False
2026-07-25 16:56:20.105,person_ID_959,person,Berlin (kein Wechsel),False
2026-07-25 16:56:21.339,person_ID_960,person,Berlin (kein Wechsel),False
2026-07-25 16:56:22.238,person_ID_961,person,Berlin (kein Wechsel),False
2026-07-25 16:56:23.871,person_ID_962,person,Berlin (kein Wechsel),False
2026-07-25 16:56:26.510,person_ID_963,person,Berlin (kein Wechsel),False
2026-07-25 16:56:27.675,bicycle_ID_215,bicycle,Potsdam (kein Wechsel),False
2026-07-25 16:56:28.147,person_ID_964,person,Potsdam (kein Wechsel),False
2026-07-25 16:56:28.409,bicycle_ID_216,bicycle,Potsdam (kein Wechsel),False
2026-07-25 16:56:28.610,person_ID_965,person,Potsdam (kein Wechsel),False
2026-07-25 16:56:32.006,bicycle_ID_217,bicycle,Berlin (kein Wechsel),False
2026-07-25 16:56:32.706,person_ID_967,person,Berlin (kein Wechsel),False
2026-07-25 16:56:32.739,person_ID_966,person,Potsdam->Berlin,True
2026-07-25 16:56:32.942,bicycle_ID_219,bicycle,Berlin (kein Wechsel),False
2026-07-25 16:56:33.172,person_ID_968,person,Berlin (kein Wechsel),False
2026-07-25 16:56:34.872,person_ID_969,person,Berlin->Potsdam,True
2026-07-25 16:56:34.940,bicycle_ID_218,bicycle,Berlin->Potsdam,True
2026-07-25 16:57:14.977,car_ID_373,car,Potsdam->Berlin,True
2026-07-25 16:57:31.282,car_ID_374,car,Berlin->Potsdam,True
2026-07-25 16:57:51.814,car_ID_375,car,Potsdam->Berlin,True
2026-07-25 16:58:08.143,car_ID_376,car,Berlin->Potsdam,True
2026-07-25 16:58:08.679,person_ID_970,person,Potsdam (kein Wechsel),False
2026-07-25 16:58:16.879,car_ID_377,car,Berlin->Potsdam,True
2026-07-25 16:58:57.750,person_ID_971,person,Berlin (kein Wechsel),False
2026-07-25 16:58:59.151,person_ID_972,person,Berlin (kein Wechsel),False
2026-07-25 16:59:00.014,person_ID_973,person,Berlin (kein Wechsel),False
2026-07-25 16:59:03.115,person_ID_978,person,Potsdam (kein Wechsel),False
2026-07-25 16:59:03.150,person_ID_975,person,Berlin (kein Wechsel),False
2026-07-25 16:59:03.215,person_ID_976,person,Berlin (kein Wechsel),False
2026-07-25 16:59:03.282,person_ID_977,person,Berlin (kein Wechsel),False
2026-07-25 16:59:04.085,car_ID_379,car,Berlin->Potsdam,True
2026-07-25 16:59:04.150,person_ID_974,person,Berlin (kein Wechsel),False
2026-07-25 16:59:04.183,car_ID_378,car,Potsdam->Berlin,True
2026-07-25 16:59:08.183,person_ID_979,person,Berlin->Potsdam,True
2026-07-25 16:59:10.485,person_ID_980,person,Potsdam (kein Wechsel),False
2026-07-25 16:59:17.615,person_ID_981,person,Potsdam (kein Wechsel),False
2026-07-25 16:59:19.350,person_ID_982,person,Potsdam (kein Wechsel),False
2026-07-25 16:59:23.550,car_ID_380,car,Potsdam->Berlin,True
2026-07-25 16:59:58.418,car_ID_382,car,Potsdam (kein Wechsel),False
2026-07-25 17:00:00.985,car_ID_381,car,Potsdam->Berlin,True
2026-07-25 17:00:11.721,car_ID_383,car,Berlin->Potsdam,True
2026-07-25 17:00:29.018,bicycle_ID_220,bicycle,Potsdam (kein Wechsel),False
2026-07-25 17:00:29.589,person_ID_983,person,Potsdam (kein Wechsel),False
2026-07-25 17:00:29.889,person_ID_984,person,Potsdam (kein Wechsel),False
2026-07-25 17:00:30.224,person_ID_985,person,Potsdam (kein Wechsel),False
2026-07-25 17:00:31.391,bicycle_ID_221,bicycle,Potsdam->Berlin,True
2026-07-25 17:00:32.159,bicycle_ID_222,bicycle,Berlin (kein Wechsel),False
2026-07-25 17:00:33.120,person_ID_986,person,Berlin (kein Wechsel),False
2026-07-25 17:00:45.789,car_ID_384,car,Berlin->Potsdam,True
2026-07-25 17:00:51.956,person_ID_987,person,Potsdam (kein Wechsel),False
2026-07-25 17:00:52.355,person_ID_988,person,Potsdam (kein Wechsel),False
2026-07-25 17:00:52.987,person_ID_989,person,Potsdam (kein Wechsel),False
2026-07-25 17:00:53.220,bicycle_ID_223,bicycle,Potsdam (kein Wechsel),False
2026-07-25 17:00:53.255,bicycle_ID_224,bicycle,Potsdam (kein Wechsel),False
2026-07-25 17:00:53.287,person_ID_990,person,Potsdam (kein Wechsel),False
2026-07-25 17:00:53.420,person_ID_992,person,Potsdam (kein Wechsel),False
2026-07-25 17:00:53.755,person_ID_993,person,Berlin (kein Wechsel),False
2026-07-25 17:00:53.820,person_ID_991,person,Potsdam (kein Wechsel),False
2026-07-25 17:00:54.188,person_ID_994,person,Potsdam (kein Wechsel),False
2026-07-25 17:00:54.420,bicycle_ID_226,bicycle,Berlin (kein Wechsel),False
2026-07-25 17:00:54.889,person_ID_996,person,Potsdam->Berlin,True
2026-07-25 17:00:56.055,person_ID_997,person,Berlin (kein Wechsel),False
2026-07-25 17:00:56.120,bicycle_ID_227,bicycle,Berlin (kein Wechsel),False
2026-07-25 17:00:56.190,bicycle_ID_225,bicycle,Potsdam->Berlin,True
2026-07-25 17:00:56.525,person_ID_998,person,Berlin (kein Wechsel),False
2026-07-25 17:00:56.624,person_ID_999,person,Berlin (kein Wechsel),False
2026-07-25 17:01:00.397,person_ID_1000,person,Berlin (kein Wechsel),False
2026-07-25 17:01:05.926,person_ID_995,person,Berlin (kein Wechsel),False
2026-07-25 17:01:06.388,car_ID_386,car,Berlin (kein Wechsel),False
2026-07-25 17:01:06.820,car_ID_385,car,Berlin->Potsdam,True
2026-07-25 17:01:07.756,car_ID_387,car,Potsdam (kein Wechsel),False
2026-07-25 17:01:11.792,person_ID_1001,person,Berlin->Potsdam,True
2026-07-25 17:01:18.389,person_ID_1002,person,Potsdam (kein Wechsel),False
2026-07-25 17:01:19.360,person_ID_1003,person,Potsdam (kein Wechsel),False
2026-07-25 17:01:24.657,person_ID_1004,person,Potsdam (kein Wechsel),False
2026-07-25 17:01:37.030,person_ID_1005,person,Potsdam (kein Wechsel),False
2026-07-25 17:01:37.996,person_ID_1006,person,Berlin (kein Wechsel),False
2026-07-25 17:01:38.665,person_ID_1007,person,Berlin (kein Wechsel),False
2026-07-25 17:01:56.894,person_ID_1008,person,Potsdam (kein Wechsel),False
2026-07-25 17:01:57.529,person_ID_1009,person,Potsdam (kein Wechsel),False
2026-07-25 17:02:00.599,person_ID_1010,person,Potsdam (kein Wechsel),False
2026-07-25 17:02:01.361,bicycle_ID_228,bicycle,Potsdam (kein Wechsel),False
2026-07-25 17:02:01.729,person_ID_1011,person,Potsdam (kein Wechsel),False
2026-07-25 17:02:03.392,person_ID_1012,person,Potsdam->Berlin,True
2026-07-25 17:02:03.559,bicycle_ID_229,bicycle,Berlin (kein Wechsel),False
2026-07-25 17:02:06.563,car_ID_389,car,Potsdam (kein Wechsel),False
2026-07-25 17:02:09.091,person_ID_1013,person,Berlin (kein Wechsel),False
2026-07-25 17:02:09.692,car_ID_388,car,Potsdam->Berlin,True
2026-07-25 17:02:42.764,bicycle_ID_230,bicycle,Potsdam (kein Wechsel),False
2026-07-25 17:02:43.164,person_ID_1014,person,Potsdam (kein Wechsel),False
2026-07-25 17:02:43.633,bicycle_ID_231,bicycle,Berlin (kein Wechsel),False
2026-07-25 17:02:44.596,bicycle_ID_232,bicycle,Berlin (kein Wechsel),False
2026-07-25 17:02:46.262,person_ID_1016,person,Berlin (kein Wechsel),False
2026-07-25 17:02:46.296,person_ID_1015,person,Berlin (kein Wechsel),False
2026-07-25 17:02:47.129,person_ID_1017,person,Potsdam (kein Wechsel),False
2026-07-25 17:02:48.261,truck_ID_83,truck,Potsdam (kein Wechsel),False
2026-07-25 17:02:49.965,bus_ID_48,bus,Berlin->Potsdam,True
2026-07-25 17:02:50.233,car_ID_390,car,Potsdam (kein Wechsel),False
2026-07-25 17:02:50.732,person_ID_1018,person,Berlin (kein Wechsel),False
2026-07-25 17:03:16.463,bicycle_ID_234,bicycle,Berlin (kein Wechsel),False
2026-07-25 17:03:16.698,person_ID_1019,person,Berlin->Potsdam,True
2026-07-25 17:03:16.698,bicycle_ID_233,bicycle,Berlin->Potsdam,True
2026-07-25 17:03:17.032,person_ID_1021,person,Potsdam (kein Wechsel),False
2026-07-25 17:03:17.464,person_ID_1020,person,Berlin->Potsdam,True
2026-07-25 17:03:17.464,bicycle_ID_235,bicycle,Berlin->Potsdam,True
2026-07-25 17:03:20.166,car_ID_391,car,Berlin (kein Wechsel),False
2026-07-25 17:03:20.201,car_ID_392,car,Berlin (kein Wechsel),False
2026-07-25 17:03:20.603,truck_ID_86,truck,Berlin (kein Wechsel),False
2026-07-25 17:03:20.667,truck_ID_84,truck,Berlin (kein Wechsel),False
2026-07-25 17:03:21.605,truck_ID_85,truck,Berlin->Potsdam,True
2026-07-25 17:03:22.398,car_ID_393,car,Potsdam (kein Wechsel),False
2026-07-25 17:03:22.864,person_ID_1022,person,Potsdam (kein Wechsel),False
2026-07-25 17:03:24.199,car_ID_394,car,Potsdam->Berlin,True
2026-07-25 17:03:42.736,person_ID_1023,person,Potsdam (kein Wechsel),False
2026-07-25 17:03:42.935,person_ID_1024,person,Potsdam (kein Wechsel),False
2026-07-25 17:03:43.268,person_ID_1025,person,Potsdam (kein Wechsel),False
2026-07-25 17:03:43.867,bicycle_ID_236,bicycle,Potsdam (kein Wechsel),False
2026-07-25 17:03:44.267,person_ID_1027,person,Potsdam (kein Wechsel),False
2026-07-25 17:03:44.367,person_ID_1026,person,Potsdam (kein Wechsel),False
2026-07-25 17:03:45.299,person_ID_1028,person,Berlin (kein Wechsel),False
2026-07-25 17:03:46.664,person_ID_1029,person,Berlin (kein Wechsel),False
2026-07-25 17:03:46.999,person_ID_1030,person,Berlin (kein Wechsel),False
2026-07-25 17:03:58.500,person_ID_1031,person,Berlin (kein Wechsel),False
2026-07-25 17:04:00.632,person_ID_1033,person,Potsdam (kein Wechsel),False
2026-07-25 17:04:01.565,person_ID_1034,person,Potsdam (kein Wechsel),False
2026-07-25 17:04:02.064,person_ID_1032,person,Berlin->Potsdam,True
2026-07-25 17:04:04.336,person_ID_1035,person,Potsdam (kein Wechsel),False
2026-07-25 17:04:06.336,person_ID_1036,person,Potsdam (kein Wechsel),False
2026-07-25 17:04:08.966,person_ID_1037,person,Potsdam (kein Wechsel),False
2026-07-25 17:04:10.366,person_ID_1038,person,Potsdam (kein Wechsel),False
2026-07-25 17:04:12.205,person_ID_1039,person,Potsdam (kein Wechsel),False
2026-07-25 17:04:13.838,person_ID_1040,person,Potsdam (kein Wechsel),False
2026-07-25 17:04:15.237,person_ID_1041,person,Potsdam (kein Wechsel),False
2026-07-25 17:04:28.108,truck_ID_87,truck,Berlin->Potsdam,True
2026-07-25 17:04:28.338,truck_ID_88,truck,Berlin->Potsdam,True
2026-07-25 17:04:28.607,car_ID_395,car,Berlin->Potsdam,True
2026-07-25 17:05:03.803,bicycle_ID_237,bicycle,Berlin->Potsdam,True
2026-07-25 17:05:03.836,person_ID_1042,person,Berlin->Potsdam,True
2026-07-25 17:05:42.840,person_ID_1043,person,Potsdam->Berlin,True
2026-07-25 17:05:54.175,bicycle_ID_239,bicycle,Berlin (kein Wechsel),False
2026-07-25 17:05:55.445,bicycle_ID_241,bicycle,Berlin (kein Wechsel),False
2026-07-25 17:05:56.376,person_ID_1045,person,Berlin->Potsdam,True
2026-07-25 17:05:56.442,bicycle_ID_238,bicycle,Berlin->Potsdam,True
2026-07-25 17:05:56.646,person_ID_1044,person,Berlin->Potsdam,True
2026-07-25 17:05:56.709,bicycle_ID_240,bicycle,Berlin->Potsdam,True
2026-07-25 17:06:04.575,person_ID_1046,person,Potsdam->Berlin,True
2026-07-25 17:06:42.478,bicycle_ID_242,bicycle,Berlin (kein Wechsel),False
2026-07-25 17:06:43.413,bicycle_ID_244,bicycle,Berlin (kein Wechsel),False
2026-07-25 17:06:43.850,bicycle_ID_243,bicycle,Berlin->Potsdam,True
2026-07-25 17:06:43.882,person_ID_1047,person,Berlin->Potsdam,True
2026-07-25 17:06:59.009,bicycle_ID_245,bicycle,Potsdam (kein Wechsel),False
2026-07-25 17:06:59.077,person_ID_1048,person,Potsdam (kein Wechsel),False
2026-07-25 17:06:59.545,person_ID_1050,person,Potsdam (kein Wechsel),False
2026-07-25 17:06:59.578,person_ID_1049,person,Potsdam (kein Wechsel),False
2026-07-25 17:07:00.045,bicycle_ID_246,bicycle,Potsdam (kein Wechsel),False
2026-07-25 17:07:00.381,bicycle_ID_247,bicycle,Potsdam (kein Wechsel),False
2026-07-25 17:07:01.578,person_ID_1051,person,Potsdam (kein Wechsel),False
2026-07-25 17:07:01.945,bicycle_ID_249,bicycle,Berlin (kein Wechsel),False
2026-07-25 17:07:02.310,bicycle_ID_248,bicycle,Potsdam->Berlin,True
2026-07-25 17:07:03.678,bicycle_ID_250,bicycle,Berlin (kein Wechsel),False
2026-07-25 17:07:04.778,person_ID_1052,person,Potsdam->Berlin,True
2026-07-25 17:07:20.051,truck_ID_89,truck,Potsdam (kein Wechsel),False
2026-07-25 17:07:22.146,bus_ID_49,bus,Potsdam->Berlin,True
2026-07-25 17:07:24.446,bus_ID_50,bus,Potsdam->Berlin,True
2026-07-25 17:07:33.284,car_ID_396,car,Potsdam->Berlin,True
2026-07-25 17:07:38.679,car_ID_397,car,Potsdam (kein Wechsel),False
2026-07-25 17:07:41.420,car_ID_398,car,Potsdam->Berlin,True
2026-07-25 17:07:44.217,car_ID_399,car,Potsdam->Berlin,True
2026-07-25 17:07:50.948,bicycle_ID_251,bicycle,Berlin (kein Wechsel),False
2026-07-25 17:07:51.282,bicycle_ID_252,bicycle,Berlin (kein Wechsel),False
2026-07-25 17:07:52.916,person_ID_1055,person,Potsdam (kein Wechsel),False
2026-07-25 17:07:53.120,person_ID_1054,person,Potsdam (kein Wechsel),False
2026-07-25 17:07:53.980,person_ID_1056,person,Potsdam (kein Wechsel),False
2026-07-25 17:07:56.021,person_ID_1058,person,Potsdam (kein Wechsel),False
2026-07-25 17:07:56.289,person_ID_1059,person,Potsdam (kein Wechsel),False
2026-07-25 17:07:56.618,bicycle_ID_253,bicycle,Berlin->Potsdam,True
2026-07-25 17:07:57.986,person_ID_1060,person,Potsdam (kein Wechsel),False
2026-07-25 17:07:59.380,person_ID_1061,person,Potsdam (kein Wechsel),False
2026-07-25 17:07:59.548,person_ID_1057,person,Potsdam (kein Wechsel),False
2026-07-25 17:08:02.950,person_ID_1063,person,Potsdam (kein Wechsel),False
2026-07-25 17:08:06.949,person_ID_1062,person,Potsdam (kein Wechsel),False
2026-07-25 17:08:11.049,person_ID_1065,person,Potsdam (kein Wechsel),False
2026-07-25 17:08:17.482,person_ID_1066,person,Potsdam (kein Wechsel),False
2026-07-25 17:08:17.749,person_ID_1053,person,Berlin->Potsdam,True
2026-07-25 17:08:18.449,car_ID_400,car,Potsdam->Berlin,True
2026-07-25 17:08:21.051,person_ID_1068,person,Potsdam (kein Wechsel),False
2026-07-25 17:08:25.118,person_ID_1067,person,Berlin (kein Wechsel),False
2026-07-25 17:08:25.717,person_ID_1064,person,Potsdam->Berlin,True
2026-07-25 17:08:26.125,person_ID_1069,person,Potsdam (kein Wechsel),False
2026-07-25 17:08:27.017,person_ID_1070,person,Potsdam (kein Wechsel),False
2026-07-25 17:08:28.751,bicycle_ID_254,bicycle,Potsdam->Berlin,True
2026-07-25 17:08:29.051,person_ID_1072,person,Berlin (kein Wechsel),False
2026-07-25 17:08:29.051,person_ID_1073,person,Potsdam (kein Wechsel),False
2026-07-25 17:08:30.151,person_ID_1074,person,Berlin (kein Wechsel),False
2026-07-25 17:08:30.451,person_ID_1075,person,Berlin (kein Wechsel),False
2026-07-25 17:08:30.619,person_ID_1071,person,Potsdam (kein Wechsel),False
2026-07-25 17:08:31.550,bicycle_ID_255,bicycle,Potsdam (kein Wechsel),False
2026-07-25 17:08:31.893,person_ID_1076,person,Potsdam (kein Wechsel),False
2026-07-25 17:08:32.260,bicycle_ID_256,bicycle,Potsdam (kein Wechsel),False
2026-07-25 17:08:32.822,person_ID_1078,person,Potsdam (kein Wechsel),False
2026-07-25 17:08:32.856,person_ID_1077,person,Potsdam (kein Wechsel),False
2026-07-25 17:08:33.186,bicycle_ID_257,bicycle,Potsdam->Berlin,True
2026-07-25 17:08:33.755,person_ID_1079,person,Potsdam->Berlin,True
2026-07-25 17:08:35.317,bicycle_ID_258,bicycle,Berlin (kein Wechsel),False
2026-07-25 17:08:35.417,person_ID_1080,person,Potsdam (kein Wechsel),False
2026-07-25 17:08:35.983,person_ID_1081,person,Berlin (kein Wechsel),False
2026-07-25 17:08:37.382,person_ID_1082,person,Potsdam (kein Wechsel),False
2026-07-25 17:08:39.486,person_ID_1083,person,Potsdam (kein Wechsel),False
2026-07-25 17:08:41.554,person_ID_1084,person,Potsdam (kein Wechsel),False
2026-07-25 17:08:45.984,person_ID_1085,person,Potsdam (kein Wechsel),False
2026-07-25 17:08:48.887,person_ID_1086,person,Potsdam (kein Wechsel),False
2026-07-25 17:08:49.058,person_ID_1087,person,Potsdam (kein Wechsel),False
2026-07-25 17:08:51.352,person_ID_1089,person,Potsdam (kein Wechsel),False
2026-07-25 17:08:51.484,truck_ID_90,truck,Berlin (kein Wechsel),False
2026-07-25 17:08:51.851,car_ID_401,car,Potsdam->Berlin,True
2026-07-25 17:08:52.352,truck_ID_91,truck,Berlin (kein Wechsel),False
2026-07-25 17:08:52.454,car_ID_402,car,Berlin (kein Wechsel),False
2026-07-25 17:08:53.552,bicycle_ID_259,bicycle,Potsdam (kein Wechsel),False
2026-07-25 17:08:55.423,person_ID_1088,person,Potsdam (kein Wechsel),False
2026-07-25 17:08:57.492,person_ID_1090,person,Potsdam (kein Wechsel),False
2026-07-25 17:09:00.951,person_ID_1092,person,Berlin (kein Wechsel),False
2026-07-25 17:09:01.055,bicycle_ID_260,bicycle,Berlin->Potsdam,True
2026-07-25 17:09:02.683,person_ID_1091,person,Potsdam (kein Wechsel),False
2026-07-25 17:09:05.855,person_ID_1093,person,Potsdam (kein Wechsel),False
2026-07-25 17:09:14.493,bicycle_ID_261,bicycle,Potsdam (kein Wechsel),False
2026-07-25 17:09:14.988,person_ID_1094,person,Potsdam (kein Wechsel),False
2026-07-25 17:09:15.456,person_ID_1095,person,Potsdam (kein Wechsel),False
2026-07-25 17:09:15.655,bicycle_ID_262,bicycle,Potsdam (kein Wechsel),False
2026-07-25 17:09:16.152,person_ID_1096,person,Potsdam (kein Wechsel),False
2026-07-25 17:09:16.452,bicycle_ID_263,bicycle,Potsdam->Berlin,True
2026-07-25 17:09:17.084,person_ID_1097,person,Berlin (kein Wechsel),False
2026-07-25 17:09:17.852,bicycle_ID_264,bicycle,Berlin (kein Wechsel),False
2026-07-25 17:09:18.352,person_ID_1098,person,Berlin (kein Wechsel),False
2026-07-25 17:09:18.884,person_ID_1099,person,Berlin (kein Wechsel),False
2026-07-25 17:09:35.221,car_ID_403,car,Potsdam (kein Wechsel),False
2026-07-25 17:09:37.853,car_ID_404,car,Potsdam->Berlin,True
2026-07-25 17:09:46.258,bicycle_ID_265,bicycle,Potsdam (kein Wechsel),False
2026-07-25 17:09:48.125,bicycle_ID_266,bicycle,Potsdam (kein Wechsel),False
2026-07-25 17:09:49.027,bicycle_ID_267,bicycle,Potsdam->Berlin,True
2026-07-25 17:09:49.555,person_ID_1100,person,Berlin (kein Wechsel),False
2026-07-25 17:09:50.154,bicycle_ID_268,bicycle,Berlin (kein Wechsel),False
2026-07-25 17:09:50.554,bicycle_ID_269,bicycle,Berlin (kein Wechsel),False
2026-07-25 17:09:50.755,person_ID_1102,person,Berlin (kein Wechsel),False
2026-07-25 17:09:51.292,bicycle_ID_270,bicycle,Berlin (kein Wechsel),False
2026-07-25 17:09:51.490,person_ID_1101,person,Berlin (kein Wechsel),False
2026-07-25 17:09:52.091,bicycle_ID_271,bicycle,Berlin (kein Wechsel),False
2026-07-25 17:09:55.028,bicycle_ID_272,bicycle,Potsdam (kein Wechsel),False
2026-07-25 17:09:55.893,person_ID_1103,person,Potsdam (kein Wechsel),False
2026-07-25 17:09:57.090,bicycle_ID_274,bicycle,Potsdam (kein Wechsel),False
2026-07-25 17:09:57.489,bicycle_ID_273,bicycle,Potsdam (kein Wechsel),False
2026-07-25 17:09:57.622,person_ID_1104,person,Potsdam->Berlin,True
2026-07-25 17:09:59.124,car_ID_405,car,Potsdam->Berlin,True
2026-07-25 17:09:59.155,bicycle_ID_275,bicycle,Berlin (kein Wechsel),False
2026-07-25 17:10:00.155,person_ID_1106,person,Potsdam (kein Wechsel),False
2026-07-25 17:10:00.390,car_ID_406,car,Potsdam (kein Wechsel),False
2026-07-25 17:10:00.623,person_ID_1105,person,Berlin (kein Wechsel),False
2026-07-25 17:10:00.960,person_ID_1107,person,Potsdam (kein Wechsel),False
2026-07-25 17:10:01.691,person_ID_1108,person,Potsdam (kein Wechsel),False
2026-07-25 17:10:02.329,car_ID_407,car,Potsdam->Berlin,True
2026-07-25 17:10:03.358,person_ID_1110,person,Berlin (kein Wechsel),False
2026-07-25 17:10:04.257,person_ID_1111,person,Potsdam (kein Wechsel),False
2026-07-25 17:10:05.288,person_ID_1109,person,Potsdam->Berlin,True
2026-07-25 17:10:06.654,person_ID_1112,person,Potsdam (kein Wechsel),False
2026-07-25 17:10:09.364,person_ID_1113,person,Potsdam (kein Wechsel),False
2026-07-25 17:10:11.055,person_ID_1114,person,Potsdam (kein Wechsel),False
2026-07-25 17:10:11.364,person_ID_1115,person,Berlin (kein Wechsel),False
2026-07-25 17:10:11.455,person_ID_1116,person,Berlin (kein Wechsel),False
2026-07-25 17:10:11.655,person_ID_1117,person,Berlin (kein Wechsel),False
2026-07-25 17:10:11.855,person_ID_1118,person,Berlin (kein Wechsel),False
2026-07-25 17:10:11.887,person_ID_1119,person,Berlin (kein Wechsel),False
2026-07-25 17:10:12.355,bicycle_ID_276,bicycle,Berlin->Potsdam,True
2026-07-25 17:10:17.826,person_ID_1120,person,Potsdam (kein Wechsel),False
2026-07-25 17:10:20.558,car_ID_408,car,Berlin->Potsdam,True
2026-07-25 17:10:23.924,person_ID_1121,person,Potsdam (kein Wechsel),False
2026-07-25 17:10:26.426,person_ID_1122,person,Potsdam (kein Wechsel),False
2026-07-25 17:10:46.756,bicycle_ID_277,bicycle,Potsdam (kein Wechsel),False
2026-07-25 17:10:47.225,person_ID_1123,person,Potsdam (kein Wechsel),False
2026-07-25 17:10:47.492,person_ID_1124,person,Potsdam (kein Wechsel),False
2026-07-25 17:10:47.592,bicycle_ID_278,bicycle,Potsdam (kein Wechsel),False
2026-07-25 17:10:48.059,person_ID_1125,person,Potsdam (kein Wechsel),False
2026-07-25 17:10:48.759,person_ID_1126,person,Potsdam (kein Wechsel),False
2026-07-25 17:10:48.927,person_ID_1127,person,Potsdam (kein Wechsel),False
2026-07-25 17:10:49.061,person_ID_1128,person,Potsdam (kein Wechsel),False
2026-07-25 17:10:49.193,person_ID_1129,person,Potsdam->Berlin,True
2026-07-25 17:10:49.457,bicycle_ID_279,bicycle,Potsdam->Berlin,True
2026-07-25 17:10:50.597,bicycle_ID_280,bicycle,Berlin (kein Wechsel),False
2026-07-25 17:10:51.524,person_ID_1130,person,Berlin (kein Wechsel),False
2026-07-25 17:10:53.424,person_ID_1131,person,Potsdam (kein Wechsel),False
2026-07-25 17:11:26.965,person_ID_1132,person,Berlin (kein Wechsel),False
2026-07-25 17:11:27.628,bicycle_ID_281,bicycle,Berlin (kein Wechsel),False
2026-07-25 17:11:27.864,person_ID_1133,person,Berlin (kein Wechsel),False
2026-07-25 17:11:28.232,person_ID_1135,person,Berlin (kein Wechsel),False
2026-07-25 17:11:28.663,person_ID_1134,person,Berlin->Potsdam,True
2026-07-25 17:11:28.697,person_ID_1136,person,Berlin->Potsdam,True
2026-07-25 17:11:28.927,bicycle_ID_282,bicycle,Berlin->Potsdam,True
2026-07-25 17:11:29.063,person_ID_1137,person,Berlin->Potsdam,True
2026-07-25 17:11:29.162,bicycle_ID_284,bicycle,Potsdam (kein Wechsel),False
2026-07-25 17:11:29.462,bicycle_ID_283,bicycle,Berlin->Potsdam,True
2026-07-25 17:11:48.162,person_ID_1138,person,Potsdam (kein Wechsel),False
2026-07-25 17:11:59.763,person_ID_1139,person,Potsdam (kein Wechsel),False
2026-07-25 17:12:16.111,person_ID_1141,person,Potsdam (kein Wechsel),False
2026-07-25 17:12:16.497,person_ID_1140,person,Potsdam (kein Wechsel),False
2026-07-25 17:12:17.829,person_ID_1142,person,Potsdam (kein Wechsel),False
2026-07-25 17:12:18.232,person_ID_1143,person,Berlin (kein Wechsel),False
2026-07-25 17:12:19.429,person_ID_1144,person,Potsdam (kein Wechsel),False
2026-07-25 17:12:20.431,bicycle_ID_285,bicycle,Berlin (kein Wechsel),False
2026-07-25 17:12:20.829,person_ID_1145,person,Berlin (kein Wechsel),False
2026-07-25 17:12:21.032,car_ID_409,car,Potsdam->Berlin,True
2026-07-25 17:12:31.133,person_ID_1146,person,Potsdam (kein Wechsel),False
2026-07-25 17:13:40.569,car_ID_410,car,Berlin->Potsdam,True
2026-07-25 17:13:48.802,car_ID_411,car,Berlin->Potsdam,True
2026-07-25 17:13:49.038,car_ID_412,car,Berlin->Potsdam,True
2026-07-25 17:14:22.571,car_ID_413,car,Berlin->Potsdam,True
2026-07-25 17:14:33.007,bicycle_ID_286,bicycle,Berlin (kein Wechsel),False
2026-07-25 17:14:33.874,person_ID_1147,person,Berlin->Potsdam,True
2026-07-25 17:14:33.874,bicycle_ID_287,bicycle,Berlin->Potsdam,True
2026-07-25 17:14:34.072,car_ID_414,car,Potsdam (kein Wechsel),False
2026-07-25 17:14:36.571,car_ID_415,car,Potsdam->Berlin,True
2026-07-25 17:15:00.712,person_ID_1148,person,Berlin (kein Wechsel),False
2026-07-25 17:15:01.808,person_ID_1149,person,Berlin (kein Wechsel),False
2026-07-25 17:15:02.274,bicycle_ID_288,bicycle,Berlin (kein Wechsel),False
2026-07-25 17:15:02.673,person_ID_1151,person,Berlin (kein Wechsel),False
2026-07-25 17:15:02.774,person_ID_1152,person,Berlin (kein Wechsel),False
2026-07-25 17:15:02.941,bicycle_ID_290,bicycle,Berlin (kein Wechsel),False
2026-07-25 17:15:03.109,person_ID_1150,person,Berlin->Potsdam,True
2026-07-25 17:15:03.109,person_ID_1153,person,Potsdam (kein Wechsel),False
2026-07-25 17:15:03.309,bicycle_ID_289,bicycle,Berlin->Potsdam,True
2026-07-25 17:15:04.209,bicycle_ID_292,bicycle,Berlin (kein Wechsel),False
2026-07-25 17:15:04.309,person_ID_1155,person,Potsdam (kein Wechsel),False
2026-07-25 17:15:05.508,person_ID_1154,person,Berlin->Potsdam,True
2026-07-25 17:15:05.508,bicycle_ID_291,bicycle,Berlin->Potsdam,True
2026-07-25 17:15:27.911,car_ID_417,car,Potsdam (kein Wechsel),False
2026-07-25 17:15:30.516,car_ID_416,car,Potsdam->Berlin,True
2026-07-25 17:15:32.743,person_ID_1156,person,Potsdam (kein Wechsel),False
2026-07-25 17:15:33.410,bicycle_ID_293,bicycle,Potsdam (kein Wechsel),False
2026-07-25 17:15:33.975,person_ID_1157,person,Potsdam (kein Wechsel),False
2026-07-25 17:15:34.275,person_ID_1158,person,Potsdam (kein Wechsel),False
2026-07-25 17:15:34.575,bicycle_ID_295,bicycle,Potsdam (kein Wechsel),False
2026-07-25 17:15:34.610,person_ID_1159,person,Potsdam (kein Wechsel),False
2026-07-25 17:15:34.610,person_ID_1160,person,Potsdam (kein Wechsel),False
2026-07-25 17:15:34.875,bicycle_ID_294,bicycle,Potsdam (kein Wechsel),False
2026-07-25 17:15:35.110,bicycle_ID_296,bicycle,Potsdam (kein Wechsel),False
2026-07-25 17:15:35.946,person_ID_1161,person,Berlin (kein Wechsel),False
2026-07-25 17:15:36.414,bicycle_ID_297,bicycle,Berlin (kein Wechsel),False
2026-07-25 17:15:36.749,bicycle_ID_298,bicycle,Berlin (kein Wechsel),False
2026-07-25 17:15:37.346,person_ID_1162,person,Berlin (kein Wechsel),False
2026-07-25 17:15:38.742,bicycle_ID_299,bicycle,Potsdam (kein Wechsel),False
2026-07-25 17:15:39.275,person_ID_1163,person,Potsdam (kein Wechsel),False
2026-07-25 17:15:39.610,bicycle_ID_300,bicycle,Potsdam (kein Wechsel),False
2026-07-25 17:15:39.675,person_ID_1164,person,Potsdam (kein Wechsel),False
2026-07-25 17:15:40.443,person_ID_1166,person,Berlin (kein Wechsel),False
2026-07-25 17:15:40.475,person_ID_1165,person,Potsdam (kein Wechsel),False
2026-07-25 17:15:41.875,bicycle_ID_301,bicycle,Potsdam->Berlin,True
2026-07-25 17:15:42.075,person_ID_1167,person,Berlin (kein Wechsel),False
2026-07-25 17:15:42.575,bicycle_ID_302,bicycle,Berlin (kein Wechsel),False
2026-07-25 17:16:11.417,bicycle_ID_305,bicycle,Berlin (kein Wechsel),False
2026-07-25 17:16:13.245,person_ID_1168,person,Berlin->Potsdam,True
2026-07-25 17:16:13.280,bicycle_ID_303,bicycle,Berlin->Potsdam,True
2026-07-25 17:16:13.780,person_ID_1169,person,Berlin->Potsdam,True
2026-07-25 17:16:13.879,bicycle_ID_304,bicycle,Berlin->Potsdam,True
2026-07-25 17:16:40.821,bicycle_ID_307,bicycle,Potsdam (kein Wechsel),False
2026-07-25 17:16:41.486,person_ID_1170,person,Potsdam (kein Wechsel),False
2026-07-25 17:16:42.114,person_ID_1171,person,Potsdam (kein Wechsel),False
2026-07-25 17:16:42.614,bicycle_ID_306,bicycle,Potsdam (kein Wechsel),False
2026-07-25 17:16:42.946,person_ID_1172,person,Potsdam (kein Wechsel),False
2026-07-25 17:16:42.946,bicycle_ID_308,bicycle,Potsdam (kein Wechsel),False
2026-07-25 17:16:43.246,person_ID_1173,person,Potsdam->Berlin,True
2026-07-25 17:16:44.246,person_ID_1174,person,Berlin (kein Wechsel),False
2026-07-25 17:16:44.446,bicycle_ID_310,bicycle,Berlin (kein Wechsel),False
2026-07-25 17:16:44.481,bicycle_ID_309,bicycle,Berlin (kein Wechsel),False
2026-07-25 17:16:45.181,car_ID_418,car,Potsdam->Berlin,True
2026-07-25 17:16:52.120,bicycle_ID_311,bicycle,Berlin (kein Wechsel),False
2026-07-25 17:16:54.283,person_ID_1175,person,Berlin->Potsdam,True
2026-07-25 17:16:54.283,bicycle_ID_312,bicycle,Berlin->Potsdam,True
2026-07-25 17:17:00.717,car_ID_419,car,Berlin->Potsdam,True
2026-07-25 17:17:43.725,person_ID_1176,person,Berlin (kein Wechsel),False
2026-07-25 17:17:44.784,person_ID_1177,person,Berlin (kein Wechsel),False
2026-07-25 17:17:45.017,person_ID_1178,person,Berlin (kein Wechsel),False
2026-07-25 17:17:46.184,person_ID_1180,person,Berlin (kein Wechsel),False
2026-07-25 17:17:46.917,person_ID_1181,person,Berlin (kein Wechsel),False
2026-07-25 17:17:48.484,person_ID_1179,person,Berlin (kein Wechsel),False
2026-07-25 17:17:48.854,person_ID_1182,person,Berlin (kein Wechsel),False
2026-07-25 17:17:50.392,person_ID_1183,person,Berlin->Potsdam,True
2026-07-25 17:17:51.056,person_ID_1184,person,Potsdam (kein Wechsel),False
2026-07-25 17:17:51.749,person_ID_1186,person,Potsdam (kein Wechsel),False
2026-07-25 17:17:53.286,person_ID_1185,person,Potsdam (kein Wechsel),False
2026-07-25 17:17:54.717,person_ID_1187,person,Potsdam (kein Wechsel),False
2026-07-25 17:17:56.290,person_ID_1188,person,Potsdam (kein Wechsel),False
2026-07-25 17:17:56.756,car_ID_420,car,Potsdam->Berlin,True
2026-07-25 17:18:08.058,bicycle_ID_313,bicycle,Potsdam (kein Wechsel),False
2026-07-25 17:18:08.557,bicycle_ID_314,bicycle,Potsdam (kein Wechsel),False
2026-07-25 17:18:09.122,person_ID_1189,person,Potsdam (kein Wechsel),False
2026-07-25 17:18:09.422,bicycle_ID_315,bicycle,Potsdam (kein Wechsel),False
2026-07-25 17:18:09.522,person_ID_1190,person,Potsdam (kein Wechsel),False
2026-07-25 17:18:10.418,person_ID_1191,person,Berlin (kein Wechsel),False
2026-07-25 17:18:11.118,bicycle_ID_316,bicycle,Berlin (kein Wechsel),False
2026-07-25 17:18:11.588,bicycle_ID_318,bicycle,Berlin (kein Wechsel),False
2026-07-25 17:18:11.818,person_ID_1193,person,Berlin (kein Wechsel),False
2026-07-25 17:18:12.086,person_ID_1195,person,Berlin (kein Wechsel),False
2026-07-25 17:18:12.357,bicycle_ID_317,bicycle,Berlin (kein Wechsel),False
2026-07-25 17:18:12.458,person_ID_1196,person,Berlin (kein Wechsel),False
2026-07-25 17:18:12.555,bicycle_ID_319,bicycle,Berlin (kein Wechsel),False
2026-07-25 17:18:13.057,person_ID_1194,person,Berlin (kein Wechsel),False
2026-07-25 17:18:13.253,person_ID_1192,person,Berlin (kein Wechsel),False
2026-07-25 17:19:16.355,bicycle_ID_320,bicycle,Potsdam (kein Wechsel),False
2026-07-25 17:19:17.322,bicycle_ID_321,bicycle,Potsdam (kein Wechsel),False
2026-07-25 17:19:17.829,person_ID_1197,person,Potsdam (kein Wechsel),False
2026-07-25 17:19:18.160,bicycle_ID_322,bicycle,Potsdam (kein Wechsel),False
2026-07-25 17:19:19.221,person_ID_1198,person,Potsdam->Berlin,True
2026-07-25 17:19:19.756,person_ID_1199,person,Potsdam (kein Wechsel),False
2026-07-25 17:19:20.453,bicycle_ID_325,bicycle,Berlin (kein Wechsel),False
2026-07-25 17:19:20.522,bicycle_ID_323,bicycle,Potsdam (kein Wechsel),False
2026-07-25 17:19:20.622,bicycle_ID_324,bicycle,Berlin (kein Wechsel),False
2026-07-25 17:19:21.222,person_ID_1201,person,Potsdam (kein Wechsel),False
2026-07-25 17:19:22.654,person_ID_1202,person,Potsdam (kein Wechsel),False
2026-07-25 17:19:22.954,person_ID_1200,person,Berlin (kein Wechsel),False
2026-07-25 17:19:23.154,person_ID_1206,person,Potsdam (kein Wechsel),False
2026-07-25 17:19:23.222,person_ID_1205,person,Potsdam (kein Wechsel),False
2026-07-25 17:19:23.795,person_ID_1203,person,Potsdam (kein Wechsel),False
2026-07-25 17:19:24.059,person_ID_1207,person,Potsdam (kein Wechsel),False
2026-07-25 17:19:24.127,bicycle_ID_327,bicycle,Potsdam (kein Wechsel),False
2026-07-25 17:19:24.325,bicycle_ID_326,bicycle,Potsdam (kein Wechsel),False
2026-07-25 17:19:25.026,person_ID_1209,person,Potsdam (kein Wechsel),False
2026-07-25 17:19:25.234,bicycle_ID_328,bicycle,Potsdam (kein Wechsel),False
2026-07-25 17:19:25.522,person_ID_1208,person,Potsdam (kein Wechsel),False
2026-07-25 17:19:26.121,person_ID_1212,person,Potsdam (kein Wechsel),False
2026-07-25 17:19:26.422,person_ID_1210,person,Potsdam (kein Wechsel),False
2026-07-25 17:19:26.590,person_ID_1211,person,Potsdam->Berlin,True
2026-07-25 17:19:26.891,person_ID_1213,person,Berlin (kein Wechsel),False
2026-07-25 17:19:27.089,person_ID_1204,person,Potsdam->Berlin,True
2026-07-25 17:19:28.254,person_ID_1214,person,Berlin (kein Wechsel),False
2026-07-25 17:19:28.788,bicycle_ID_329,bicycle,Berlin (kein Wechsel),False
2026-07-25 17:19:29.203,bicycle_ID_330,bicycle,Berlin (kein Wechsel),False
2026-07-25 17:19:29.526,person_ID_1216,person,Berlin (kein Wechsel),False
2026-07-25 17:19:30.190,person_ID_1215,person,Berlin (kein Wechsel),False
2026-07-25 17:19:33.259,person_ID_1217,person,Berlin->Potsdam,True
2026-07-25 17:19:33.259,bicycle_ID_331,bicycle,Berlin->Potsdam,True
2026-07-25 17:19:46.231,car_ID_422,car,Berlin (kein Wechsel),False
2026-07-25 17:19:46.331,car_ID_421,car,Berlin (kein Wechsel),False
2026-07-25 17:19:46.495,truck_ID_93,truck,Berlin (kein Wechsel),False
2026-07-25 17:19:46.630,bus_ID_51,bus,Berlin (kein Wechsel),False
2026-07-25 17:19:47.126,truck_ID_92,truck,Berlin (kein Wechsel),False
2026-07-25 17:19:48.826,bus_ID_53,bus,Potsdam (kein Wechsel),False
2026-07-25 17:19:49.326,truck_ID_94,truck,Potsdam (kein Wechsel),False
2026-07-25 17:19:49.926,bus_ID_52,bus,Berlin->Potsdam,True
2026-07-25 17:19:50.491,person_ID_1218,person,Potsdam (kein Wechsel),False
2026-07-25 17:19:52.730,person_ID_1219,person,Berlin (kein Wechsel),False
2026-07-25 17:20:21.631,car_ID_423,car,Berlin->Potsdam,True
2026-07-25 17:20:28.697,car_ID_424,car,Berlin->Potsdam,True
2026-07-25 17:21:17.534,car_ID_425,car,Berlin->Potsdam,True
2026-07-25 17:21:22.263,bicycle_ID_332,bicycle,Berlin->Potsdam,True
2026-07-25 17:21:22.403,person_ID_1220,person,Berlin->Potsdam,True
2026-07-25 17:21:27.467,car_ID_426,car,Potsdam (kein Wechsel),False
2026-07-25 17:21:29.864,car_ID_427,car,Potsdam->Berlin,True
2026-07-25 17:21:34.632,car_ID_428,car,Potsdam->Berlin,True
2026-07-25 17:21:45.539,bicycle_ID_333,bicycle,Potsdam (kein Wechsel),False
2026-07-25 17:21:45.969,bicycle_ID_335,bicycle,Potsdam (kein Wechsel),False
2026-07-25 17:21:46.335,person_ID_1221,person,Potsdam (kein Wechsel),False
2026-07-25 17:21:46.403,bicycle_ID_336,bicycle,Potsdam (kein Wechsel),False
2026-07-25 17:21:46.835,bicycle_ID_334,bicycle,Potsdam (kein Wechsel),False
2026-07-25 17:21:47.965,person_ID_1223,person,Potsdam (kein Wechsel),False
2026-07-25 17:21:48.135,person_ID_1224,person,Potsdam (kein Wechsel),False
2026-07-25 17:21:48.565,person_ID_1222,person,Potsdam->Berlin,True
2026-07-25 17:21:48.800,bicycle_ID_337,bicycle,Potsdam (kein Wechsel),False
2026-07-25 17:21:49.433,bicycle_ID_338,bicycle,Berlin (kein Wechsel),False
2026-07-25 17:21:51.371,bicycle_ID_339,bicycle,Berlin (kein Wechsel),False
2026-07-25 17:21:51.804,person_ID_1227,person,Potsdam (kein Wechsel),False
2026-07-25 17:21:52.304,person_ID_1225,person,Berlin (kein Wechsel),False
2026-07-25 17:21:52.733,car_ID_429,car,Potsdam (kein Wechsel),False
2026-07-25 17:21:52.833,person_ID_1226,person,Berlin (kein Wechsel),False
2026-07-25 17:21:56.202,car_ID_430,car,Potsdam->Berlin,True
2026-07-25 17:21:59.306,bicycle_ID_340,bicycle,Potsdam (kein Wechsel),False
2026-07-25 17:21:59.404,person_ID_1228,person,Potsdam (kein Wechsel),False
2026-07-25 17:21:59.438,bicycle_ID_341,bicycle,Potsdam (kein Wechsel),False
2026-07-25 17:21:59.971,person_ID_1229,person,Potsdam (kein Wechsel),False
2026-07-25 17:22:00.107,bicycle_ID_343,bicycle,Potsdam (kein Wechsel),False
2026-07-25 17:22:00.171,person_ID_1230,person,Potsdam (kein Wechsel),False
2026-07-25 17:22:00.507,bicycle_ID_342,bicycle,Potsdam (kein Wechsel),False
2026-07-25 17:22:00.610,person_ID_1231,person,Potsdam (kein Wechsel),False
2026-07-25 17:22:01.733,bicycle_ID_344,bicycle,Berlin (kein Wechsel),False
2026-07-25 17:22:01.766,bicycle_ID_345,bicycle,Berlin (kein Wechsel),False
2026-07-25 17:22:02.066,person_ID_1234,person,Potsdam (kein Wechsel),False
2026-07-25 17:22:02.333,person_ID_1235,person,Berlin (kein Wechsel),False
2026-07-25 17:22:02.866,bicycle_ID_347,bicycle,Berlin (kein Wechsel),False
2026-07-25 17:22:03.801,person_ID_1233,person,Berlin (kein Wechsel),False
2026-07-25 17:22:03.901,car_ID_431,car,Potsdam (kein Wechsel),False
2026-07-25 17:22:03.901,bicycle_ID_350,bicycle,Berlin (kein Wechsel),False
2026-07-25 17:22:03.966,person_ID_1237,person,Berlin (kein Wechsel),False
2026-07-25 17:22:04.066,bicycle_ID_346,bicycle,Berlin->Potsdam,True
2026-07-25 17:22:04.273,person_ID_1236,person,Berlin (kein Wechsel),False
2026-07-25 17:22:04.535,bicycle_ID_349,bicycle,Berlin->Potsdam,True
2026-07-25 17:22:04.601,person_ID_1232,person,Berlin->Potsdam,True
2026-07-25 17:22:04.766,person_ID_1238,person,Berlin (kein Wechsel),False
2026-07-25 17:22:04.966,person_ID_1239,person,Berlin (kein Wechsel),False
2026-07-25 17:22:05.466,person_ID_1240,person,Berlin->Potsdam,True
2026-07-25 17:22:05.534,bicycle_ID_348,bicycle,Berlin->Potsdam,True
2026-07-25 17:22:06.637,car_ID_432,car,Potsdam->Berlin,True
2026-07-25 17:22:41.702,car_ID_433,car,Berlin->Potsdam,True
2026-07-25 17:22:42.574,car_ID_434,car,Potsdam (kein Wechsel),False
2026-07-25 17:23:08.908,person_ID_1241,person,Potsdam (kein Wechsel),False
2026-07-25 17:23:09.637,bicycle_ID_351,bicycle,Potsdam (kein Wechsel),False
2026-07-25 17:23:10.239,bicycle_ID_352,bicycle,Potsdam (kein Wechsel),False
2026-07-25 17:23:16.412,bicycle_ID_353,bicycle,Berlin (kein Wechsel),False
2026-07-25 17:23:17.174,person_ID_1243,person,Potsdam (kein Wechsel),False
2026-07-25 17:23:18.172,person_ID_1242,person,Potsdam->Berlin,True
2026-07-25 17:23:27.173,person_ID_1244,person,Potsdam (kein Wechsel),False
2026-07-25 17:23:42.339,car_ID_435,car,Potsdam->Berlin,True
2026-07-25 17:23:52.540,bicycle_ID_354,bicycle,Potsdam (kein Wechsel),False
2026-07-25 17:23:53.674,person_ID_1245,person,Potsdam (kein Wechsel),False
2026-07-25 17:23:55.074,bicycle_ID_355,bicycle,Potsdam (kein Wechsel),False
2026-07-25 17:23:56.679,person_ID_1246,person,Potsdam->Berlin,True
2026-07-25 17:24:00.739,bicycle_ID_357,bicycle,Potsdam (kein Wechsel),False
2026-07-25 17:24:00.774,person_ID_1247,person,Berlin (kein Wechsel),False
2026-07-25 17:24:01.274,bicycle_ID_356,bicycle,Berlin (kein Wechsel),False
2026-07-25 17:24:02.540,person_ID_1248,person,Potsdam (kein Wechsel),False
2026-07-25 17:24:03.875,bicycle_ID_358,bicycle,Potsdam (kein Wechsel),False
2026-07-25 17:24:05.207,person_ID_1249,person,Potsdam (kein Wechsel),False
2026-07-25 17:24:06.339,person_ID_1250,person,Berlin (kein Wechsel),False
2026-07-25 17:24:08.707,person_ID_1251,person,Berlin (kein Wechsel),False
2026-07-25 17:24:10.413,car_ID_436,car,Potsdam (kein Wechsel),False
2026-07-25 17:24:10.612,person_ID_1252,person,Berlin (kein Wechsel),False
2026-07-25 17:24:15.108,car_ID_437,car,Potsdam->Berlin,True
2026-07-25 17:24:16.211,car_ID_438,car,Berlin->Potsdam,True
2026-07-25 17:24:30.814,person_ID_1253,person,Berlin->Potsdam,True
2026-07-25 17:24:32.547,person_ID_1255,person,Potsdam (kein Wechsel),False
2026-07-25 17:24:35.609,person_ID_1254,person,Potsdam (kein Wechsel),False
2026-07-25 17:24:41.977,person_ID_1256,person,Potsdam (kein Wechsel),False
2026-07-25 17:24:42.943,person_ID_1257,person,Potsdam (kein Wechsel),False
2026-07-25 17:24:52.245,car_ID_439,car,Potsdam (kein Wechsel),False
2026-07-25 17:24:55.210,car_ID_440,car,Potsdam->Berlin,True
2026-07-25 17:24:57.313,car_ID_441,car,Potsdam (kein Wechsel),False
2026-07-25 17:24:58.345,truck_ID_95,truck,Potsdam (kein Wechsel),False
2026-07-25 17:25:02.882,bus_ID_54,bus,Potsdam->Berlin,True
2026-07-25 17:25:03.349,person_ID_1258,person,Berlin (kein Wechsel),False
2026-07-25 17:25:04.349,person_ID_1259,person,Berlin (kein Wechsel),False
2026-07-25 17:25:38.547,car_ID_442,car,Potsdam (kein Wechsel),False
2026-07-25 17:25:41.247,car_ID_443,car,Potsdam->Berlin,True
2026-07-25 17:26:02.184,person_ID_1260,person,Potsdam (kein Wechsel),False
2026-07-25 17:26:02.614,person_ID_1261,person,Potsdam (kein Wechsel),False
2026-07-25 17:26:04.114,bicycle_ID_359,bicycle,Potsdam (kein Wechsel),False
2026-07-25 17:26:04.149,person_ID_1262,person,Potsdam (kein Wechsel),False
2026-07-25 17:26:04.149,bicycle_ID_360,bicycle,Potsdam (kein Wechsel),False
2026-07-25 17:26:04.950,person_ID_1263,person,Potsdam (kein Wechsel),False
2026-07-25 17:26:05.014,bicycle_ID_361,bicycle,Potsdam (kein Wechsel),False
2026-07-25 17:26:05.349,person_ID_1264,person,Potsdam->Berlin,True
2026-07-25 17:26:05.882,person_ID_1265,person,Potsdam (kein Wechsel),False
2026-07-25 17:26:07.255,bicycle_ID_362,bicycle,Berlin (kein Wechsel),False
2026-07-25 17:26:07.489,bicycle_ID_364,bicycle,Berlin (kein Wechsel),False
2026-07-25 17:26:07.855,bicycle_ID_363,bicycle,Potsdam->Berlin,True
2026-07-25 17:26:08.122,person_ID_1267,person,Potsdam->Berlin,True
2026-07-25 17:26:08.614,person_ID_1266,person,Berlin (kein Wechsel),False
2026-07-25 17:26:09.982,bicycle_ID_365,bicycle,Berlin (kein Wechsel),False
2026-07-25 17:26:10.114,bicycle_ID_366,bicycle,Berlin (kein Wechsel),False
2026-07-25 17:26:10.153,person_ID_1268,person,Berlin (kein Wechsel),False
2026-07-25 17:26:10.782,bicycle_ID_367,bicycle,Berlin (kein Wechsel),False
2026-07-25 17:26:11.050,person_ID_1269,person,Berlin (kein Wechsel),False
2026-07-25 17:26:18.182,person_ID_1270,person,Berlin (kein Wechsel),False
2026-07-25 17:26:19.182,bicycle_ID_368,bicycle,Berlin (kein Wechsel),False
2026-07-25 17:26:21.282,bicycle_ID_369,bicycle,Berlin->Potsdam,True
2026-07-25 17:26:21.449,person_ID_1271,person,Berlin->Potsdam,True
2026-07-25 17:26:46.551,person_ID_1272,person,Potsdam (kein Wechsel),False
2026-07-25 17:26:46.718,bicycle_ID_370,bicycle,Potsdam (kein Wechsel),False
2026-07-25 17:26:47.422,person_ID_1273,person,Potsdam (kein Wechsel),False
2026-07-25 17:26:47.622,person_ID_1274,person,Potsdam (kein Wechsel),False
2026-07-25 17:26:48.651,person_ID_1275,person,Potsdam (kein Wechsel),False
2026-07-25 17:26:51.722,person_ID_1276,person,Berlin (kein Wechsel),False
2026-07-25 17:26:52.057,car_ID_444,car,Berlin->Potsdam,True
2026-07-25 17:27:18.856,bicycle_ID_371,bicycle,Potsdam (kein Wechsel),False
2026-07-25 17:27:19.356,person_ID_1277,person,Potsdam (kein Wechsel),False
2026-07-25 17:27:20.024,person_ID_1278,person,Potsdam (kein Wechsel),False
2026-07-25 17:27:20.453,bicycle_ID_373,bicycle,Potsdam (kein Wechsel),False
2026-07-25 17:27:21.786,bicycle_ID_372,bicycle,Potsdam->Berlin,True
2026-07-25 17:27:24.085,bicycle_ID_374,bicycle,Berlin (kein Wechsel),False
2026-07-25 17:27:24.620,person_ID_1279,person,Potsdam->Berlin,True
2026-07-25 17:27:50.192,car_ID_445,car,Potsdam->Berlin,True
2026-07-25 17:28:26.056,person_ID_1280,person,Potsdam (kein Wechsel),False
2026-07-25 17:28:26.324,person_ID_1282,person,Potsdam (kein Wechsel),False
2026-07-25 17:28:26.524,person_ID_1283,person,Berlin (kein Wechsel),False
2026-07-25 17:28:26.957,bicycle_ID_378,bicycle,Berlin (kein Wechsel),False
2026-07-25 17:28:27.993,bicycle_ID_376,bicycle,Berlin (kein Wechsel),False
2026-07-25 17:28:28.156,bicycle_ID_379,bicycle,Berlin (kein Wechsel),False
2026-07-25 17:28:28.292,bicycle_ID_375,bicycle,Potsdam->Berlin,True
2026-07-25 17:28:28.725,person_ID_1284,person,Berlin (kein Wechsel),False
2026-07-25 17:28:29.427,bicycle_ID_377,bicycle,Berlin->Potsdam,True
2026-07-25 17:28:29.526,person_ID_1281,person,Berlin->Potsdam,True
2026-07-25 17:28:41.129,car_ID_448,car,Potsdam (kein Wechsel),False
2026-07-25 17:28:41.692,car_ID_446,car,Potsdam->Berlin,True
2026-07-25 17:28:44.557,car_ID_447,car,Potsdam->Berlin,True
2026-07-25 17:28:52.398,car_ID_449,car,Berlin->Potsdam,True
2026-07-25 17:28:52.900,truck_ID_96,truck,Berlin->Potsdam,True
2026-07-25 17:29:39.532,car_ID_451,car,Berlin (kein Wechsel),False
2026-07-25 17:29:39.532,truck_ID_97,truck,Berlin (kein Wechsel),False
2026-07-25 17:29:40.201,truck_ID_98,truck,Berlin (kein Wechsel),False
2026-07-25 17:29:40.960,bus_ID_55,bus,Berlin (kein Wechsel),False
2026-07-25 17:29:41.728,car_ID_450,car,Potsdam->Berlin,True
2026-07-25 17:29:45.969,bicycle_ID_381,bicycle,Potsdam (kein Wechsel),False
2026-07-25 17:29:46.066,bicycle_ID_380,bicycle,Potsdam (kein Wechsel),False
2026-07-25 17:29:46.496,person_ID_1286,person,Potsdam (kein Wechsel),False
2026-07-25 17:29:47.296,bicycle_ID_382,bicycle,Potsdam (kein Wechsel),False
2026-07-25 17:29:47.696,person_ID_1285,person,Potsdam (kein Wechsel),False
2026-07-25 17:29:48.228,bicycle_ID_383,bicycle,Berlin (kein Wechsel),False
2026-07-25 17:29:48.360,person_ID_1287,person,Potsdam->Berlin,True
2026-07-25 17:29:50.260,bicycle_ID_384,bicycle,Berlin (kein Wechsel),False
2026-07-25 17:29:50.328,person_ID_1288,person,Berlin (kein Wechsel),False
2026-07-25 17:30:05.565,bicycle_ID_385,bicycle,Berlin (kein Wechsel),False
2026-07-25 17:30:06.329,person_ID_1289,person,Berlin->Potsdam,True
2026-07-25 17:30:06.329,bicycle_ID_386,bicycle,Berlin->Potsdam,True
2026-07-25 17:30:15.506,car_ID_452,car,Berlin->Potsdam,True
2026-07-25 17:30:32.234,car_ID_453,car,Potsdam->Berlin,True
2026-07-25 17:30:40.699,car_ID_456,car,Potsdam (kein Wechsel),False
2026-07-25 17:30:41.966,car_ID_454,car,Berlin->Potsdam,True
2026-07-25 17:30:42.598,car_ID_457,car,Potsdam (kein Wechsel),False
2026-07-25 17:30:43.866,car_ID_455,car,Potsdam->Berlin,True
2026-07-25 17:30:44.998,car_ID_458,car,Berlin->Potsdam,True
2026-07-25 17:31:08.971,bicycle_ID_388,bicycle,Berlin (kein Wechsel),False
2026-07-25 17:31:09.504,person_ID_1291,person,Berlin (kein Wechsel),False
2026-07-25 17:31:10.000,bicycle_ID_391,bicycle,Berlin (kein Wechsel),False
2026-07-25 17:31:10.468,bicycle_ID_387,bicycle,Berlin (kein Wechsel),False
2026-07-25 17:31:11.067,person_ID_1292,person,Berlin->Potsdam,True
2026-07-25 17:31:11.100,bicycle_ID_389,bicycle,Berlin->Potsdam,True
2026-07-25 17:31:11.601,person_ID_1293,person,Potsdam (kein Wechsel),False
2026-07-25 17:31:11.601,bicycle_ID_390,bicycle,Berlin->Potsdam,True
2026-07-25 17:31:11.700,bicycle_ID_392,bicycle,Potsdam (kein Wechsel),False
2026-07-25 17:31:11.832,person_ID_1290,person,Berlin->Potsdam,True
2026-07-25 17:31:12.200,person_ID_1294,person,Potsdam (kein Wechsel),False
2026-07-25 17:31:12.932,person_ID_1295,person,Potsdam (kein Wechsel),False
2026-07-25 17:31:25.673,bicycle_ID_393,bicycle,Potsdam (kein Wechsel),False
2026-07-25 17:31:26.304,person_ID_1296,person,Potsdam (kein Wechsel),False
2026-07-25 17:31:26.337,bicycle_ID_394,bicycle,Potsdam (kein Wechsel),False
2026-07-25 17:31:27.300,person_ID_1297,person,Potsdam (kein Wechsel),False
2026-07-25 17:31:29.834,bicycle_ID_395,bicycle,Berlin (kein Wechsel),False
2026-07-25 17:31:29.968,person_ID_1298,person,Berlin (kein Wechsel),False
2026-07-25 17:31:32.137,car_ID_459,car,Berlin->Potsdam,True
2026-07-25 17:32:34.843,car_ID_460,car,Potsdam (kein Wechsel),False
2026-07-25 17:32:37.143,car_ID_461,car,Potsdam->Berlin,True
2026-07-25 17:33:01.009,person_ID_1299,person,Potsdam (kein Wechsel),False
2026-07-25 17:33:01.741,bicycle_ID_396,bicycle,Potsdam (kein Wechsel),False
2026-07-25 17:33:02.241,bicycle_ID_397,bicycle,Potsdam (kein Wechsel),False
2026-07-25 17:33:02.541,person_ID_1300,person,Potsdam (kein Wechsel),False
2026-07-25 17:33:02.741,person_ID_1301,person,Potsdam (kein Wechsel),False
2026-07-25 17:33:04.006,bicycle_ID_399,bicycle,Berlin (kein Wechsel),False
2026-07-25 17:33:04.706,bicycle_ID_398,bicycle,Berlin (kein Wechsel),False
2026-07-25 17:33:05.841,person_ID_1302,person,Berlin (kein Wechsel),False
2026-07-25 17:33:19.506,bicycle_ID_400,bicycle,Potsdam (kein Wechsel),False
2026-07-25 17:33:20.006,person_ID_1304,person,Potsdam (kein Wechsel),False
2026-07-25 17:33:20.041,person_ID_1305,person,Berlin (kein Wechsel),False
2026-07-25 17:33:20.074,bicycle_ID_402,bicycle,Potsdam (kein Wechsel),False
2026-07-25 17:33:20.277,person_ID_1306,person,Potsdam (kein Wechsel),False
2026-07-25 17:33:21.348,person_ID_1310,person,Berlin (kein Wechsel),False
2026-07-25 17:33:21.348,person_ID_1311,person,Potsdam (kein Wechsel),False
2026-07-25 17:33:22.075,person_ID_1308,person,Potsdam (kein Wechsel),False
2026-07-25 17:33:22.442,bicycle_ID_403,bicycle,Potsdam->Berlin,True
2026-07-25 17:33:23.818,person_ID_1313,person,Potsdam (kein Wechsel),False
2026-07-25 17:33:24.117,bicycle_ID_404,bicycle,Berlin (kein Wechsel),False
2026-07-25 17:33:24.645,bicycle_ID_401,bicycle,Potsdam->Berlin,True
2026-07-25 17:33:24.910,person_ID_1314,person,Berlin (kein Wechsel),False
2026-07-25 17:33:24.910,bicycle_ID_405,bicycle,Berlin (kein Wechsel),False
2026-07-25 17:33:25.510,person_ID_1312,person,Potsdam->Berlin,True
2026-07-25 17:33:25.510,bicycle_ID_406,bicycle,Berlin (kein Wechsel),False
2026-07-25 17:33:26.142,person_ID_1307,person,Potsdam->Berlin,True
2026-07-25 17:33:27.143,person_ID_1315,person,Potsdam (kein Wechsel),False
2026-07-25 17:33:27.575,person_ID_1309,person,Berlin (kein Wechsel),False
2026-07-25 17:33:28.810,person_ID_1318,person,Potsdam (kein Wechsel),False
2026-07-25 17:33:30.610,person_ID_1303,person,Berlin->Potsdam,True
2026-07-25 17:33:34.549,bicycle_ID_408,bicycle,Berlin (kein Wechsel),False
2026-07-25 17:33:35.144,person_ID_1319,person,Potsdam (kein Wechsel),False
2026-07-25 17:33:36.143,bicycle_ID_407,bicycle,Berlin->Potsdam,True
2026-07-25 17:33:36.175,person_ID_1320,person,Berlin->Potsdam,True
2026-07-25 17:33:36.243,person_ID_1317,person,Potsdam (kein Wechsel),False
2026-07-25 17:33:39.443,person_ID_1322,person,Potsdam (kein Wechsel),False
2026-07-25 17:33:41.075,person_ID_1323,person,Potsdam (kein Wechsel),False
2026-07-25 17:33:41.276,person_ID_1324,person,Potsdam (kein Wechsel),False
2026-07-25 17:33:41.977,person_ID_1325,person,Potsdam (kein Wechsel),False
2026-07-25 17:33:42.277,person_ID_1316,person,Berlin->Potsdam,True
2026-07-25 17:33:42.410,person_ID_1326,person,Potsdam (kein Wechsel),False
2026-07-25 17:33:43.316,person_ID_1321,person,Potsdam (kein Wechsel),False
2026-07-25 17:33:43.445,person_ID_1329,person,Potsdam (kein Wechsel),False
2026-07-25 17:33:45.111,person_ID_1330,person,Potsdam (kein Wechsel),False
2026-07-25 17:33:47.411,person_ID_1327,person,Potsdam (kein Wechsel),False
2026-07-25 17:33:47.544,person_ID_1328,person,Potsdam (kein Wechsel),False
2026-07-25 17:33:48.577,person_ID_1332,person,Potsdam (kein Wechsel),False
2026-07-25 17:33:49.844,person_ID_1331,person,Potsdam (kein Wechsel),False
2026-07-25 17:33:50.811,person_ID_1333,person,Potsdam (kein Wechsel),False
2026-07-25 17:34:10.677,person_ID_1334,person,Potsdam (kein Wechsel),False
2026-07-25 17:34:17.683,person_ID_1335,person,Potsdam->Berlin,True
2026-07-25 17:34:20.418,car_ID_462,car,Potsdam (kein Wechsel),False
2026-07-25 17:34:21.478,car_ID_464,car,Berlin (kein Wechsel),False
2026-07-25 17:34:21.478,truck_ID_99,truck,Berlin (kein Wechsel),False
2026-07-25 17:34:22.113,truck_ID_100,truck,Berlin (kein Wechsel),False
2026-07-25 17:34:23.678,car_ID_463,car,Potsdam->Berlin,True
2026-07-25 17:34:23.945,person_ID_1336,person,Berlin (kein Wechsel),False
2026-07-25 17:34:30.246,person_ID_1338,person,Berlin (kein Wechsel),False
2026-07-25 17:34:31.478,person_ID_1339,person,Berlin (kein Wechsel),False
2026-07-25 17:34:34.252,person_ID_1337,person,Berlin (kein Wechsel),False
2026-07-25 17:34:36.480,car_ID_467,car,Potsdam (kein Wechsel),False
2026-07-25 17:34:36.878,car_ID_465,car,Berlin->Potsdam,True
2026-07-25 17:34:39.313,car_ID_466,car,Potsdam->Berlin,True
2026-07-25 17:34:40.283,person_ID_1340,person,Potsdam (kein Wechsel),False
2026-07-25 17:34:43.849,person_ID_1342,person,Potsdam (kein Wechsel),False
2026-07-25 17:34:51.651,car_ID_468,car,Berlin->Potsdam,True
2026-07-25 17:35:02.249,person_ID_1341,person,Potsdam->Berlin,True
2026-07-25 17:35:08.119,bicycle_ID_409,bicycle,Potsdam (kein Wechsel),False
2026-07-25 17:35:08.486,bicycle_ID_410,bicycle,Potsdam (kein Wechsel),False
2026-07-25 17:35:08.787,person_ID_1343,person,Potsdam (kein Wechsel),False
2026-07-25 17:35:09.051,person_ID_1344,person,Potsdam (kein Wechsel),False
2026-07-25 17:35:09.051,bicycle_ID_412,bicycle,Potsdam (kein Wechsel),False
2026-07-25 17:35:09.748,person_ID_1345,person,Potsdam (kein Wechsel),False
2026-07-25 17:35:10.248,person_ID_1346,person,Potsdam (kein Wechsel),False
2026-07-25 17:35:10.483,person_ID_1347,person,Potsdam (kein Wechsel),False
2026-07-25 17:35:10.716,bicycle_ID_411,bicycle,Potsdam->Berlin,True
2026-07-25 17:35:10.716,bicycle_ID_415,bicycle,Berlin (kein Wechsel),False
2026-07-25 17:35:10.816,bicycle_ID_414,bicycle,Potsdam (kein Wechsel),False
2026-07-25 17:35:10.948,bicycle_ID_417,bicycle,Potsdam (kein Wechsel),False
2026-07-25 17:35:11.316,person_ID_1348,person,Berlin (kein Wechsel),False
2026-07-25 17:35:11.617,person_ID_1350,person,Berlin (kein Wechsel),False
2026-07-25 17:35:13.315,bicycle_ID_416,bicycle,Berlin (kein Wechsel),False
2026-07-25 17:35:13.651,person_ID_1351,person,Berlin (kein Wechsel),False
2026-07-25 17:35:13.818,bicycle_ID_413,bicycle,Potsdam->Berlin,True
2026-07-25 17:35:14.552,person_ID_1349,person,Potsdam->Berlin,True
2026-07-25 17:35:25.384,car_ID_469,car,Potsdam (kein Wechsel),False
2026-07-25 17:35:27.287,car_ID_470,car,Potsdam->Berlin,True
2026-07-25 17:35:40.588,car_ID_471,car,Berlin (kein Wechsel),False
2026-07-25 17:35:40.822,car_ID_472,car,Berlin->Potsdam,True
2026-07-25 17:35:41.485,truck_ID_101,truck,Berlin->Potsdam,True
2026-07-25 17:35:41.688,car_ID_473,car,Potsdam (kein Wechsel),False
2026-07-25 17:35:41.750,car_ID_474,car,Potsdam (kein Wechsel),False
2026-07-25 17:35:54.086,car_ID_475,car,Berlin->Potsdam,True
2026-07-25 17:36:47.426,car_ID_476,car,Potsdam->Berlin,True
2026-07-25 17:37:17.323,truck_ID_103,truck,Potsdam (kein Wechsel),False
2026-07-25 17:37:17.355,truck_ID_102,truck,Potsdam (kein Wechsel),False
2026-07-25 17:37:17.822,car_ID_478,car,Potsdam (kein Wechsel),False
2026-07-25 17:37:17.890,car_ID_477,car,Berlin->Potsdam,True
2026-07-25 17:37:43.563,car_ID_480,car,Potsdam (kein Wechsel),False
2026-07-25 17:37:47.791,car_ID_479,car,Potsdam->Berlin,True
2026-07-25 17:37:48.191,bicycle_ID_418,bicycle,Berlin (kein Wechsel),False
2026-07-25 17:37:48.893,car_ID_482,car,Potsdam (kein Wechsel),False
2026-07-25 17:37:50.224,truck_ID_104,truck,Berlin (kein Wechsel),False
2026-07-25 17:37:50.324,bicycle_ID_420,bicycle,Berlin (kein Wechsel),False
2026-07-25 17:37:50.824,person_ID_1352,person,Berlin->Potsdam,True
2026-07-25 17:37:51.024,bicycle_ID_419,bicycle,Berlin->Potsdam,True
2026-07-25 17:37:51.192,car_ID_481,car,Potsdam->Berlin,True
2026-07-25 17:37:51.659,bus_ID_56,bus,Berlin (kein Wechsel),False
2026-07-25 17:37:56.002,car_ID_484,car,Potsdam (kein Wechsel),False
2026-07-25 17:37:58.464,car_ID_483,car,Potsdam->Berlin,True
2026-07-25 17:38:36.695,bicycle_ID_422,bicycle,Berlin (kein Wechsel),False
2026-07-25 17:38:36.961,person_ID_1353,person,Berlin (kein Wechsel),False
2026-07-25 17:38:37.230,person_ID_1355,person,Berlin (kein Wechsel),False
2026-07-25 17:38:37.461,bicycle_ID_423,bicycle,Berlin (kein Wechsel),False
2026-07-25 17:38:38.162,bicycle_ID_425,bicycle,Potsdam (kein Wechsel),False
2026-07-25 17:38:38.329,person_ID_1356,person,Berlin->Potsdam,True
2026-07-25 17:38:38.529,bicycle_ID_421,bicycle,Berlin->Potsdam,True
2026-07-25 17:38:38.794,bicycle_ID_424,bicycle,Berlin->Potsdam,True
2026-07-25 17:38:38.994,person_ID_1354,person,Berlin->Potsdam,True
2026-07-25 17:38:44.194,bicycle_ID_426,bicycle,Potsdam (kein Wechsel),False
2026-07-25 17:38:44.994,person_ID_1358,person,Potsdam (kein Wechsel),False
2026-07-25 17:38:45.395,person_ID_1359,person,Potsdam (kein Wechsel),False
2026-07-25 17:38:45.698,person_ID_1361,person,Berlin (kein Wechsel),False
2026-07-25 17:38:45.763,bicycle_ID_428,bicycle,Potsdam (kein Wechsel),False
2026-07-25 17:38:45.831,bicycle_ID_430,bicycle,Potsdam (kein Wechsel),False
2026-07-25 17:38:45.994,person_ID_1362,person,Potsdam (kein Wechsel),False
2026-07-25 17:38:46.030,bicycle_ID_427,bicycle,Potsdam (kein Wechsel),False
2026-07-25 17:38:46.030,bicycle_ID_429,bicycle,Berlin->Potsdam,True
2026-07-25 17:38:46.330,person_ID_1363,person,Potsdam (kein Wechsel),False
2026-07-25 17:38:46.362,person_ID_1357,person,Berlin->Potsdam,True
2026-07-25 17:38:46.565,person_ID_1365,person,Potsdam (kein Wechsel),False
2026-07-25 17:38:46.730,person_ID_1360,person,Potsdam (kein Wechsel),False
2026-07-25 17:38:46.929,person_ID_1364,person,Potsdam (kein Wechsel),False
2026-07-25 17:38:47.299,person_ID_1367,person,Potsdam (kein Wechsel),False
2026-07-25 17:38:47.331,person_ID_1366,person,Berlin (kein Wechsel),False
2026-07-25 17:38:47.364,bicycle_ID_434,bicycle,Potsdam (kein Wechsel),False
2026-07-25 17:38:47.462,bicycle_ID_431,bicycle,Potsdam->Berlin,True
2026-07-25 17:38:49.000,bicycle_ID_432,bicycle,Potsdam->Berlin,True
2026-07-25 17:38:49.296,bicycle_ID_433,bicycle,Berlin (kein Wechsel),False
2026-07-25 17:38:49.896,bicycle_ID_436,bicycle,Berlin (kein Wechsel),False
2026-07-25 17:38:50.230,bicycle_ID_435,bicycle,Berlin (kein Wechsel),False
2026-07-25 17:38:50.497,person_ID_1368,person,Berlin (kein Wechsel),False
2026-07-25 17:38:51.936,person_ID_1369,person,Potsdam->Berlin,True
2026-07-25 17:38:59.195,car_ID_485,car,Berlin (kein Wechsel),False
2026-07-25 17:39:02.230,bus_ID_57,bus,Berlin->Potsdam,True
2026-07-25 17:39:02.230,truck_ID_106,truck,Potsdam (kein Wechsel),False
2026-07-25 17:39:02.300,truck_ID_105,truck,Berlin->Potsdam,True
2026-07-25 17:39:02.731,bus_ID_58,bus,Potsdam (kein Wechsel),False
2026-07-25 17:39:39.901,bicycle_ID_437,bicycle,Berlin (kein Wechsel),False
2026-07-25 17:39:41.465,bicycle_ID_438,bicycle,Berlin->Potsdam,True
2026-07-25 17:39:41.566,person_ID_1370,person,Berlin->Potsdam,True
2026-07-25 17:39:59.868,bicycle_ID_439,bicycle,Berlin (kein Wechsel),False
2026-07-25 17:40:01.198,bicycle_ID_441,bicycle,Berlin (kein Wechsel),False
2026-07-25 17:40:01.836,bicycle_ID_443,bicycle,Berlin (kein Wechsel),False
2026-07-25 17:40:02.566,person_ID_1371,person,Berlin->Potsdam,True
2026-07-25 17:40:02.769,bicycle_ID_440,bicycle,Berlin->Potsdam,True
2026-07-25 17:40:03.367,person_ID_1372,person,Berlin->Potsdam,True
2026-07-25 17:40:03.367,bicycle_ID_442,bicycle,Berlin->Potsdam,True
2026-07-25 17:40:13.499,person_ID_1373,person,Berlin->Potsdam,True
2026-07-25 17:40:13.599,bicycle_ID_444,bicycle,Berlin->Potsdam,True
2026-07-25 17:41:04.837,bicycle_ID_445,bicycle,Potsdam (kein Wechsel),False
2026-07-25 17:41:05.637,person_ID_1374,person,Potsdam (kein Wechsel),False
2026-07-25 17:41:06.205,bicycle_ID_448,bicycle,Potsdam (kein Wechsel),False
2026-07-25 17:41:06.537,bicycle_ID_447,bicycle,Potsdam (kein Wechsel),False
2026-07-25 17:41:07.071,bicycle_ID_446,bicycle,Potsdam (kein Wechsel),False
2026-07-25 17:41:07.506,bicycle_ID_449,bicycle,Potsdam (kein Wechsel),False
2026-07-25 17:41:08.304,person_ID_1376,person,Potsdam (kein Wechsel),False
2026-07-25 17:41:09.973,bicycle_ID_452,bicycle,Potsdam (kein Wechsel),False
2026-07-25 17:41:10.175,person_ID_1377,person,Potsdam (kein Wechsel),False
2026-07-25 17:41:10.870,bicycle_ID_451,bicycle,Potsdam (kein Wechsel),False
2026-07-25 17:41:12.037,bicycle_ID_450,bicycle,Potsdam->Berlin,True
2026-07-25 17:41:12.505,person_ID_1375,person,Potsdam->Berlin,True
2026-07-25 17:41:12.869,person_ID_1378,person,Potsdam->Berlin,True
2026-07-25 17:41:16.505,person_ID_1379,person,Berlin (kein Wechsel),False
2026-07-25 17:41:16.505,bicycle_ID_453,bicycle,Potsdam->Berlin,True
2026-07-25 17:41:16.537,person_ID_1380,person,Berlin (kein Wechsel),False
2026-07-25 17:42:07.514,person_ID_1381,person,Potsdam (kein Wechsel),False
2026-07-25 17:42:07.981,person_ID_1382,person,Potsdam (kein Wechsel),False
2026-07-25 17:42:07.981,bicycle_ID_454,bicycle,Potsdam (kein Wechsel),False
2026-07-25 17:42:08.476,person_ID_1383,person,Potsdam (kein Wechsel),False
2026-07-25 17:42:09.909,person_ID_1384,person,Potsdam (kein Wechsel),False
2026-07-25 17:42:10.208,person_ID_1385,person,Berlin (kein Wechsel),False
2026-07-25 17:42:10.808,person_ID_1388,person,Berlin (kein Wechsel),False
2026-07-25 17:42:10.808,bicycle_ID_455,bicycle,Potsdam->Berlin,True
2026-07-25 17:42:10.840,person_ID_1387,person,Berlin (kein Wechsel),False
2026-07-25 17:42:11.640,person_ID_1386,person,Berlin (kein Wechsel),False
2026-07-25 17:42:11.840,person_ID_1389,person,Berlin (kein Wechsel),False
2026-07-25 17:42:12.576,person_ID_1390,person,Berlin (kein Wechsel),False
2026-07-25 17:42:12.676,bicycle_ID_456,bicycle,Berlin (kein Wechsel),False
2026-07-25 17:42:13.011,person_ID_1392,person,Potsdam (kein Wechsel),False
2026-07-25 17:42:13.554,bicycle_ID_458,bicycle,Berlin (kein Wechsel),False
2026-07-25 17:42:13.651,bicycle_ID_459,bicycle,Potsdam (kein Wechsel),False
2026-07-25 17:42:13.714,person_ID_1393,person,Potsdam (kein Wechsel),False
2026-07-25 17:42:13.782,person_ID_1394,person,Potsdam (kein Wechsel),False
2026-07-25 17:42:14.340,person_ID_1391,person,Berlin->Potsdam,True
2026-07-25 17:42:14.508,bicycle_ID_457,bicycle,Berlin->Potsdam,True
2026-07-25 17:42:19.780,bicycle_ID_460,bicycle,Potsdam->Berlin,True
2026-07-25 17:42:19.814,person_ID_1395,person,Potsdam->Berlin,True
2026-07-25 17:42:41.445,car_ID_486,car,Berlin->Potsdam,True
2026-07-25 17:44:04.182,car_ID_487,car,Potsdam->Berlin,True
2026-07-25 17:44:13.282,car_ID_488,car,Berlin->Potsdam,True
2026-07-25 17:44:29.318,car_ID_489,car,Potsdam (kein Wechsel),False
2026-07-25 17:44:30.017,truck_ID_107,truck,Potsdam (kein Wechsel),False
2026-07-25 17:44:30.517,truck_ID_108,truck,Potsdam (kein Wechsel),False
2026-07-25 17:44:31.715,bus_ID_59,bus,Potsdam->Berlin,True
2026-07-25 17:44:33.750,bus_ID_60,bus,Potsdam->Berlin,True
2026-07-25 17:44:34.451,car_ID_490,car,Berlin (kein Wechsel),False
2026-07-25 17:45:49.188,person_ID_1396,person,Potsdam (kein Wechsel),False
2026-07-25 17:45:51.389,person_ID_1397,person,Potsdam (kein Wechsel),False
2026-07-25 17:45:54.258,person_ID_1398,person,Potsdam (kein Wechsel),False
2026-07-25 17:45:57.722,person_ID_1399,person,Potsdam (kein Wechsel),False
2026-07-25 17:46:00.887,person_ID_1400,person,Potsdam (kein Wechsel),False
2026-07-25 17:46:04.988,person_ID_1402,person,Potsdam (kein Wechsel),False
2026-07-25 17:46:05.188,car_ID_491,car,Berlin->Potsdam,True
2026-07-25 17:46:05.656,bicycle_ID_461,bicycle,Potsdam (kein Wechsel),False
2026-07-25 17:46:07.088,person_ID_1403,person,Potsdam (kein Wechsel),False
2026-07-25 17:46:07.196,person_ID_1405,person,Potsdam (kein Wechsel),False
2026-07-25 17:46:07.360,person_ID_1404,person,Potsdam (kein Wechsel),False
2026-07-25 17:46:07.959,person_ID_1407,person,Berlin (kein Wechsel),False
2026-07-25 17:46:08.160,person_ID_1406,person,Berlin (kein Wechsel),False
2026-07-25 17:46:08.989,person_ID_1412,person,Berlin (kein Wechsel),False
2026-07-25 17:46:09.056,person_ID_1409,person,Berlin (kein Wechsel),False
2026-07-25 17:46:09.088,person_ID_1408,person,Potsdam (kein Wechsel),False
2026-07-25 17:46:09.224,bicycle_ID_463,bicycle,Potsdam->Berlin,True
2026-07-25 17:46:09.325,bicycle_ID_464,bicycle,Potsdam (kein Wechsel),False
2026-07-25 17:46:09.659,person_ID_1411,person,Potsdam->Berlin,True
2026-07-25 17:46:10.124,bicycle_ID_462,bicycle,Potsdam->Berlin,True
2026-07-25 17:46:10.488,person_ID_1410,person,Berlin (kein Wechsel),False
2026-07-25 17:46:10.623,person_ID_1413,person,Berlin (kein Wechsel),False
2026-07-25 17:46:10.988,bicycle_ID_466,bicycle,Berlin (kein Wechsel),False
2026-07-25 17:46:11.120,bicycle_ID_467,bicycle,Berlin (kein Wechsel),False
2026-07-25 17:46:11.399,person_ID_1414,person,Berlin (kein Wechsel),False
2026-07-25 17:46:11.696,bicycle_ID_465,bicycle,Berlin (kein Wechsel),False
2026-07-25 17:46:11.698,bicycle_ID_468,bicycle,Berlin (kein Wechsel),False
2026-07-25 17:46:12.389,bicycle_ID_469,bicycle,Berlin (kein Wechsel),False
2026-07-25 17:46:12.588,person_ID_1415,person,Berlin (kein Wechsel),False
2026-07-25 17:46:19.620,person_ID_1401,person,Berlin (kein Wechsel),False
2026-07-25 17:46:53.331,car_ID_492,car,Berlin->Potsdam,True
2026-07-25 17:47:39.160,bicycle_ID_470,bicycle,Berlin (kein Wechsel),False
2026-07-25 17:47:39.728,bicycle_ID_471,bicycle,Berlin (kein Wechsel),False
2026-07-25 17:47:40.760,person_ID_1416,person,Berlin (kein Wechsel),False
2026-07-25 17:47:41.761,bicycle_ID_472,bicycle,Berlin (kein Wechsel),False
2026-07-25 17:47:42.128,person_ID_1417,person,Berlin (kein Wechsel),False
2026-07-25 17:47:42.128,person_ID_1418,person,Berlin (kein Wechsel),False
2026-07-25 17:47:42.996,bicycle_ID_473,bicycle,Berlin (kein Wechsel),False
2026-07-25 17:47:43.397,person_ID_1420,person,Berlin (kein Wechsel),False
2026-07-25 17:47:44.161,bicycle_ID_474,bicycle,Berlin (kein Wechsel),False
2026-07-25 17:47:44.896,person_ID_1419,person,Berlin->Potsdam,True
2026-07-25 17:47:44.930,bicycle_ID_476,bicycle,Potsdam (kein Wechsel),False
2026-07-25 17:47:45.235,person_ID_1421,person,Berlin (kein Wechsel),False
2026-07-25 17:47:46.199,person_ID_1424,person,Potsdam (kein Wechsel),False
2026-07-25 17:47:46.296,person_ID_1423,person,Berlin (kein Wechsel),False
2026-07-25 17:47:47.230,person_ID_1425,person,Berlin (kein Wechsel),False
2026-07-25 17:47:48.798,bicycle_ID_477,bicycle,Potsdam (kein Wechsel),False
2026-07-25 17:47:49.764,bicycle_ID_475,bicycle,Potsdam (kein Wechsel),False
2026-07-25 17:47:50.162,person_ID_1422,person,Berlin->Potsdam,True
2026-07-25 17:47:51.332,person_ID_1426,person,Potsdam (kein Wechsel),False
2026-07-25 17:47:52.029,person_ID_1427,person,Potsdam (kein Wechsel),False
2026-07-25 17:47:53.062,person_ID_1428,person,Potsdam (kein Wechsel),False
2026-07-25 17:47:55.629,bicycle_ID_478,bicycle,Potsdam (kein Wechsel),False
2026-07-25 17:47:57.269,car_ID_493,car,Potsdam->Berlin,True
2026-07-25 17:48:03.366,person_ID_1430,person,Potsdam (kein Wechsel),False
2026-07-25 17:48:19.230,person_ID_1429,person,Potsdam->Berlin,True
2026-07-25 17:48:34.467,person_ID_1431,person,Berlin (kein Wechsel),False
2026-07-25 17:48:35.966,person_ID_1432,person,Berlin->Potsdam,True
2026-07-25 17:48:39.598,car_ID_494,car,Berlin->Potsdam,True
2026-07-25 17:48:39.763,person_ID_1433,person,Potsdam (kein Wechsel),False
2026-07-25 17:48:40.263,person_ID_1434,person,Potsdam (kein Wechsel),False
2026-07-25 17:48:41.098,person_ID_1435,person,Potsdam (kein Wechsel),False
2026-07-25 17:48:42.764,person_ID_1436,person,Potsdam (kein Wechsel),False
2026-07-25 17:48:45.976,person_ID_1437,person,Potsdam (kein Wechsel),False
2026-07-25 17:49:01.905,person_ID_1438,person,Berlin->Potsdam,True
2026-07-25 17:49:01.905,bicycle_ID_479,bicycle,Berlin->Potsdam,True
2026-07-25 17:49:13.005,person_ID_1439,person,Potsdam (kein Wechsel),False
2026-07-25 17:49:15.233,bus_ID_61,bus,Potsdam (kein Wechsel),False
2026-07-25 17:49:16.601,car_ID_496,car,Potsdam->Berlin,True
2026-07-25 17:49:17.433,bus_ID_63,bus,Berlin (kein Wechsel),False
2026-07-25 17:49:17.433,truck_ID_109,truck,Potsdam->Berlin,True
2026-07-25 17:49:17.570,bus_ID_62,bus,Berlin (kein Wechsel),False
2026-07-25 17:49:18.101,truck_ID_110,truck,Berlin (kein Wechsel),False
2026-07-25 17:49:18.168,car_ID_495,car,Potsdam->Berlin,True
2026-07-25 17:49:47.142,person_ID_1440,person,Berlin (kein Wechsel),False
2026-07-25 17:49:47.209,person_ID_1441,person,Berlin (kein Wechsel),False
2026-07-25 17:49:47.273,person_ID_1442,person,Berlin (kein Wechsel),False
2026-07-25 17:49:47.508,person_ID_1443,person,Berlin (kein Wechsel),False
2026-07-25 17:49:47.636,person_ID_1444,person,Berlin (kein Wechsel),False
2026-07-25 17:49:47.702,person_ID_1445,person,Berlin (kein Wechsel),False
2026-07-25 17:49:47.835,person_ID_1446,person,Berlin (kein Wechsel),False
2026-07-25 17:50:23.604,person_ID_1447,person,Potsdam (kein Wechsel),False
2026-07-25 17:50:23.704,car_ID_497,car,Potsdam->Berlin,True
2026-07-25 17:50:23.936,person_ID_1448,person,Potsdam (kein Wechsel),False
2026-07-25 17:50:24.771,person_ID_1449,person,Potsdam (kein Wechsel),False
2026-07-25 17:50:25.071,bicycle_ID_481,bicycle,Potsdam (kein Wechsel),False
2026-07-25 17:50:25.337,person_ID_1450,person,Potsdam (kein Wechsel),False
2026-07-25 17:50:25.474,bicycle_ID_480,bicycle,Potsdam (kein Wechsel),False
2026-07-25 17:50:25.872,bicycle_ID_482,bicycle,Berlin (kein Wechsel),False
2026-07-25 17:50:27.141,bicycle_ID_483,bicycle,Berlin (kein Wechsel),False
2026-07-25 17:50:27.840,bicycle_ID_484,bicycle,Berlin (kein Wechsel),False
2026-07-25 17:50:28.504,person_ID_1451,person,Berlin (kein Wechsel),False
2026-07-25 17:50:42.542,person_ID_1452,person,Potsdam (kein Wechsel),False
2026-07-25 17:50:43.273,bicycle_ID_485,bicycle,Potsdam (kein Wechsel),False
2026-07-25 17:50:43.907,bicycle_ID_486,bicycle,Potsdam (kein Wechsel),False
2026-07-25 17:50:45.506,car_ID_498,car,Potsdam->Berlin,True
2026-07-25 17:50:45.574,person_ID_1453,person,Potsdam->Berlin,True
2026-07-25 17:50:45.574,bicycle_ID_487,bicycle,Potsdam->Berlin,True
2026-07-25 17:50:46.273,person_ID_1454,person,Berlin (kein Wechsel),False
2026-07-25 17:50:48.605,bicycle_ID_488,bicycle,Berlin (kein Wechsel),False
2026-07-25 17:50:48.708,person_ID_1456,person,Berlin (kein Wechsel),False
2026-07-25 17:50:48.905,person_ID_1455,person,Berlin (kein Wechsel),False
2026-07-25 17:50:49.979,car_ID_500,car,Berlin (kein Wechsel),False
2026-07-25 17:50:50.277,car_ID_499,car,Potsdam->Berlin,True
2026-07-25 17:51:06.445,bicycle_ID_489,bicycle,Potsdam (kein Wechsel),False
2026-07-25 17:51:06.946,person_ID_1457,person,Potsdam (kein Wechsel),False
2026-07-25 17:51:07.609,person_ID_1458,person,Potsdam (kein Wechsel),False
2026-07-25 17:51:08.308,person_ID_1459,person,Potsdam (kein Wechsel),False
2026-07-25 17:51:08.944,person_ID_1460,person,Potsdam (kein Wechsel),False
2026-07-25 17:51:09.643,person_ID_1461,person,Potsdam (kein Wechsel),False
2026-07-25 17:51:10.107,bicycle_ID_491,bicycle,Berlin (kein Wechsel),False
2026-07-25 17:51:10.707,bicycle_ID_490,bicycle,Potsdam->Berlin,True
2026-07-25 17:51:12.242,bicycle_ID_492,bicycle,Potsdam (kein Wechsel),False
2026-07-25 17:51:12.307,person_ID_1463,person,Potsdam (kein Wechsel),False
2026-07-25 17:51:13.207,bicycle_ID_493,bicycle,Berlin (kein Wechsel),False
2026-07-25 17:51:13.275,bicycle_ID_494,bicycle,Potsdam (kein Wechsel),False
2026-07-25 17:51:13.676,person_ID_1462,person,Berlin (kein Wechsel),False
2026-07-25 17:51:14.642,bicycle_ID_495,bicycle,Potsdam (kein Wechsel),False
2026-07-25 17:51:15.107,bicycle_ID_496,bicycle,Potsdam (kein Wechsel),False
2026-07-25 17:51:17.307,bicycle_ID_497,bicycle,Berlin (kein Wechsel),False
2026-07-25 17:51:18.375,person_ID_1464,person,Potsdam->Berlin,True
2026-07-25 17:51:18.775,bicycle_ID_499,bicycle,Berlin (kein Wechsel),False
2026-07-25 17:51:18.975,bicycle_ID_498,bicycle,Berlin (kein Wechsel),False
2026-07-25 17:51:20.975,car_ID_501,car,Berlin->Potsdam,True
2026-07-25 17:51:36.544,bicycle_ID_501,bicycle,Berlin (kein Wechsel),False
2026-07-25 17:51:37.443,person_ID_1465,person,Berlin->Potsdam,True
2026-07-25 17:51:37.580,bicycle_ID_500,bicycle,Berlin->Potsdam,True
2026-07-25 17:51:38.209,car_ID_502,car,Potsdam (kein Wechsel),False
2026-07-25 17:51:42.075,car_ID_503,car,Potsdam->Berlin,True
2026-07-25 17:51:44.044,car_ID_504,car,Potsdam->Berlin,True
2026-07-25 17:51:46.347,bicycle_ID_502,bicycle,Berlin (kein Wechsel),False
2026-07-25 17:51:47.981,bicycle_ID_503,bicycle,Berlin->Potsdam,True
2026-07-25 17:51:48.113,bicycle_ID_504,bicycle,Berlin->Potsdam,True
2026-07-25 17:51:48.443,person_ID_1466,person,Berlin->Potsdam,True
2026-07-25 17:51:49.676,person_ID_1467,person,Potsdam (kein Wechsel),False
2026-07-25 17:51:51.909,bicycle_ID_505,bicycle,Berlin (kein Wechsel),False
2026-07-25 17:51:53.144,person_ID_1468,person,Berlin->Potsdam,True
2026-07-25 17:51:53.313,bicycle_ID_506,bicycle,Berlin->Potsdam,True
2026-07-25 17:51:54.979,car_ID_505,car,Berlin->Potsdam,True
2026-07-25 17:51:57.844,person_ID_1469,person,Potsdam (kein Wechsel),False
2026-07-25 17:52:11.813,bicycle_ID_507,bicycle,Potsdam (kein Wechsel),False
2026-07-25 17:52:12.713,person_ID_1470,person,Potsdam (kein Wechsel),False
2026-07-25 17:52:13.046,bicycle_ID_508,bicycle,Potsdam (kein Wechsel),False
2026-07-25 17:52:13.977,bicycle_ID_509,bicycle,Potsdam (kein Wechsel),False
2026-07-25 17:52:14.078,bicycle_ID_511,bicycle,Potsdam (kein Wechsel),False
2026-07-25 17:52:14.378,person_ID_1471,person,Potsdam (kein Wechsel),False
2026-07-25 17:52:14.745,person_ID_1473,person,Potsdam (kein Wechsel),False
2026-07-25 17:52:14.877,person_ID_1472,person,Potsdam->Berlin,True
2026-07-25 17:52:14.910,person_ID_1474,person,Potsdam (kein Wechsel),False
2026-07-25 17:52:15.077,bicycle_ID_512,bicycle,Berlin (kein Wechsel),False
2026-07-25 17:52:15.878,bicycle_ID_513,bicycle,Berlin (kein Wechsel),False
2026-07-25 17:52:16.078,person_ID_1476,person,Berlin (kein Wechsel),False
2026-07-25 17:52:16.578,bicycle_ID_510,bicycle,Potsdam->Berlin,True
2026-07-25 17:52:17.045,person_ID_1477,person,Berlin (kein Wechsel),False
2026-07-25 17:52:17.380,person_ID_1475,person,Berlin (kein Wechsel),False
2026-07-25 17:52:17.546,person_ID_1479,person,Berlin (kein Wechsel),False
2026-07-25 17:52:17.578,bicycle_ID_514,bicycle,Berlin (kein Wechsel),False
2026-07-25 17:52:18.082,person_ID_1478,person,Berlin (kein Wechsel),False
2026-07-25 17:52:28.313,car_ID_506,car,Berlin->Potsdam,True
2026-07-25 17:53:19.355,car_ID_507,car,Berlin->Potsdam,True
2026-07-25 17:53:19.354,truck_ID_112,truck,Berlin->Potsdam,True
2026-07-25 17:53:19.856,truck_ID_111,truck,Berlin->Potsdam,True
2026-07-25 17:53:19.887,car_ID_508,car,Berlin->Potsdam,True
2026-07-25 17:53:28.685,bicycle_ID_515,bicycle,Potsdam (kein Wechsel),False
2026-07-25 17:53:29.322,person_ID_1480,person,Potsdam (kein Wechsel),False
2026-07-25 17:53:30.019,person_ID_1481,person,Potsdam (kein Wechsel),False
2026-07-25 17:53:31.049,person_ID_1482,person,Potsdam->Berlin,True
2026-07-25 17:53:31.417,bicycle_ID_516,bicycle,Potsdam->Berlin,True
2026-07-25 17:53:31.616,bicycle_ID_517,bicycle,Potsdam->Berlin,True
2026-07-25 17:53:32.250,bicycle_ID_519,bicycle,Berlin (kein Wechsel),False
2026-07-25 17:53:32.621,bicycle_ID_518,bicycle,Berlin (kein Wechsel),False
2026-07-25 17:53:33.416,person_ID_1483,person,Berlin (kein Wechsel),False
2026-07-25 17:53:53.619,person_ID_1484,person,Potsdam (kein Wechsel),False
2026-07-25 17:53:53.850,bicycle_ID_522,bicycle,Potsdam (kein Wechsel),False
2026-07-25 17:53:53.951,bicycle_ID_521,bicycle,Potsdam (kein Wechsel),False
2026-07-25 17:53:54.021,bicycle_ID_520,bicycle,Potsdam (kein Wechsel),False
2026-07-25 17:53:54.218,person_ID_1485,person,Potsdam (kein Wechsel),False
2026-07-25 17:53:54.883,person_ID_1487,person,Potsdam (kein Wechsel),False
2026-07-25 17:53:55.220,car_ID_509,car,Berlin->Potsdam,True
2026-07-25 17:53:55.783,person_ID_1486,person,Potsdam (kein Wechsel),False
2026-07-25 17:53:55.888,bicycle_ID_524,bicycle,Potsdam->Berlin,True
2026-07-25 17:53:55.951,person_ID_1488,person,Potsdam (kein Wechsel),False
2026-07-25 17:53:56.020,bicycle_ID_526,bicycle,Berlin (kein Wechsel),False
2026-07-25 17:53:56.085,person_ID_1490,person,Potsdam->Berlin,True
2026-07-25 17:53:56.153,person_ID_1492,person,Berlin (kein Wechsel),False
2026-07-25 17:53:56.389,person_ID_1493,person,Berlin (kein Wechsel),False
2026-07-25 17:53:56.683,person_ID_1491,person,Berlin (kein Wechsel),False
2026-07-25 17:53:57.050,bicycle_ID_523,bicycle,Potsdam->Berlin,True
2026-07-25 17:53:57.818,person_ID_1495,person,Berlin (kein Wechsel),False
2026-07-25 17:53:58.323,bicycle_ID_527,bicycle,Berlin (kein Wechsel),False
2026-07-25 17:53:58.423,person_ID_1489,person,Potsdam->Berlin,True
2026-07-25 17:53:58.455,bicycle_ID_525,bicycle,Potsdam->Berlin,True
2026-07-25 17:53:58.487,person_ID_1496,person,Berlin (kein Wechsel),False
2026-07-25 17:53:58.755,person_ID_1494,person,Berlin (kein Wechsel),False
2026-07-25 17:54:11.590,car_ID_510,car,Potsdam->Berlin,True
2026-07-25 17:54:33.425,car_ID_511,car,Berlin->Potsdam,True
2026-07-25 17:54:50.924,bicycle_ID_528,bicycle,Berlin (kein Wechsel),False
2026-07-25 17:54:52.053,person_ID_1497,person,Berlin->Potsdam,True
2026-07-25 17:54:52.053,bicycle_ID_529,bicycle,Berlin->Potsdam,True
2026-07-25 17:55:08.289,car_ID_512,car,Potsdam->Berlin,True
2026-07-25 17:55:24.289,bicycle_ID_530,bicycle,Berlin (kein Wechsel),False
2026-07-25 17:55:24.487,person_ID_1499,person,Berlin (kein Wechsel),False
2026-07-25 17:55:24.787,person_ID_1498,person,Berlin (kein Wechsel),False
2026-07-25 17:55:25.165,bicycle_ID_532,bicycle,Berlin (kein Wechsel),False
2026-07-25 17:55:25.589,person_ID_1501,person,Berlin (kein Wechsel),False
2026-07-25 17:55:25.656,person_ID_1500,person,Berlin (kein Wechsel),False
2026-07-25 17:55:25.757,person_ID_1502,person,Berlin (kein Wechsel),False
2026-07-25 17:55:25.888,person_ID_1503,person,Berlin (kein Wechsel),False
2026-07-25 17:55:25.888,bicycle_ID_531,bicycle,Berlin->Potsdam,True
2026-07-25 17:55:25.922,person_ID_1506,person,Potsdam (kein Wechsel),False
2026-07-25 17:55:26.056,person_ID_1504,person,Berlin (kein Wechsel),False
2026-07-25 17:55:26.289,person_ID_1505,person,Potsdam (kein Wechsel),False
2026-07-25 17:55:54.328,car_ID_514,car,Potsdam (kein Wechsel),False
2026-07-25 17:55:55.959,car_ID_515,car,Berlin->Potsdam,True
2026-07-25 17:55:57.159,car_ID_513,car,Potsdam->Berlin,True
2026-07-25 17:56:01.026,person_ID_1507,person,Berlin (kein Wechsel),False
2026-07-25 17:56:01.126,person_ID_1508,person,Berlin (kein Wechsel),False
2026-07-25 17:56:01.226,person_ID_1509,person,Berlin (kein Wechsel),False
2026-07-25 17:56:01.525,person_ID_1510,person,Berlin (kein Wechsel),False
2026-07-25 17:56:17.662,car_ID_516,car,Potsdam->Berlin,True
2026-07-25 17:56:27.962,bicycle_ID_533,bicycle,Potsdam (kein Wechsel),False
2026-07-25 17:56:28.426,person_ID_1511,person,Potsdam (kein Wechsel),False
2026-07-25 17:56:28.762,bicycle_ID_534,bicycle,Potsdam (kein Wechsel),False
2026-07-25 17:56:28.961,bicycle_ID_535,bicycle,Potsdam (kein Wechsel),False
2026-07-25 17:56:29.295,person_ID_1512,person,Potsdam (kein Wechsel),False
2026-07-25 17:56:29.628,person_ID_1513,person,Potsdam (kein Wechsel),False
2026-07-25 17:56:30.498,person_ID_1515,person,Berlin (kein Wechsel),False
2026-07-25 17:56:30.826,person_ID_1516,person,Berlin (kein Wechsel),False
2026-07-25 17:56:30.861,person_ID_1514,person,Potsdam->Berlin,True
2026-07-25 17:56:31.194,bicycle_ID_537,bicycle,Potsdam (kein Wechsel),False
2026-07-25 17:56:31.867,person_ID_1518,person,Potsdam (kein Wechsel),False
2026-07-25 17:56:32.100,bicycle_ID_536,bicycle,Potsdam->Berlin,True
2026-07-25 17:56:32.130,person_ID_1517,person,Berlin (kein Wechsel),False
2026-07-25 17:56:32.604,person_ID_1519,person,Potsdam (kein Wechsel),False
2026-07-25 17:56:32.765,bicycle_ID_539,bicycle,Berlin (kein Wechsel),False
2026-07-25 17:56:33.094,person_ID_1521,person,Potsdam (kein Wechsel),False
2026-07-25 17:56:33.094,bicycle_ID_538,bicycle,Potsdam (kein Wechsel),False
2026-07-25 17:56:33.526,bicycle_ID_540,bicycle,Berlin (kein Wechsel),False
2026-07-25 17:56:33.926,bicycle_ID_544,bicycle,Berlin (kein Wechsel),False
2026-07-25 17:56:34.627,bicycle_ID_541,bicycle,Potsdam (kein Wechsel),False
2026-07-25 17:56:35.496,bicycle_ID_543,bicycle,Berlin->Potsdam,True
2026-07-25 17:56:35.663,person_ID_1520,person,Berlin->Potsdam,True
2026-07-25 17:56:36.065,bicycle_ID_542,bicycle,Potsdam->Berlin,True
2026-07-25 17:56:36.163,bicycle_ID_545,bicycle,Berlin (kein Wechsel),False
2026-07-25 17:56:37.161,bicycle_ID_546,bicycle,Berlin (kein Wechsel),False
2026-07-25 17:56:37.194,person_ID_1522,person,Potsdam->Berlin,True
2026-07-25 17:57:37.966,car_ID_517,car,Berlin (kein Wechsel),False
2026-07-25 17:57:38.898,bicycle_ID_549,bicycle,Berlin (kein Wechsel),False
2026-07-25 17:57:41.041,bicycle_ID_547,bicycle,Berlin->Potsdam,True
2026-07-25 17:57:41.472,person_ID_1524,person,Berlin->Potsdam,True
2026-07-25 17:57:41.672,person_ID_1523,person,Berlin->Potsdam,True
2026-07-25 17:57:41.672,person_ID_1525,person,Potsdam (kein Wechsel),False
2026-07-25 17:57:41.672,bicycle_ID_548,bicycle,Berlin->Potsdam,True
2026-07-25 17:57:41.672,bicycle_ID_550,bicycle,Berlin->Potsdam,True
2026-07-25 17:58:23.003,car_ID_518,car,Berlin (kein Wechsel),False
2026-07-25 17:58:27.035,bus_ID_65,bus,Potsdam (kein Wechsel),False
2026-07-25 17:58:28.100,bus_ID_64,bus,Berlin->Potsdam,True
2026-07-25 17:58:41.769,car_ID_519,car,Berlin->Potsdam,True
2026-07-25 17:59:13.509,car_ID_520,car,Potsdam (kein Wechsel),False
2026-07-25 17:59:15.206,car_ID_521,car,Potsdam->Berlin,True
2026-07-25 17:59:16.206,car_ID_523,car,Berlin (kein Wechsel),False
2026-07-25 17:59:16.538,car_ID_522,car,Berlin->Potsdam,True
2026-07-25 17:59:26.344,car_ID_524,car,Berlin->Potsdam,True
2026-07-25 17:59:27.113,car_ID_525,car,Potsdam (kein Wechsel),False
2026-07-25 17:59:53.007,person_ID_1527,person,Berlin (kein Wechsel),False
2026-07-25 17:59:53.507,person_ID_1526,person,Berlin->Potsdam,True
2026-07-25 18:00:23.908,person_ID_1528,person,Potsdam (kein Wechsel),False
2026-07-25 18:00:26.512,person_ID_1530,person,Potsdam (kein Wechsel),False
2026-07-25 18:00:30.074,person_ID_1531,person,Potsdam (kein Wechsel),False
2026-07-25 18:00:31.374,car_ID_526,car,Potsdam->Berlin,True
2026-07-25 18:00:38.375,bicycle_ID_552,bicycle,Berlin (kein Wechsel),False
2026-07-25 18:00:38.511,bicycle_ID_553,bicycle,Berlin (kein Wechsel),False
2026-07-25 18:00:39.975,bicycle_ID_551,bicycle,Berlin->Potsdam,True
2026-07-25 18:00:40.009,person_ID_1532,person,Berlin->Potsdam,True
2026-07-25 18:00:46.311,person_ID_1529,person,Potsdam->Berlin,True
2026-07-25 18:00:47.375,person_ID_1533,person,Berlin (kein Wechsel),False
2026-07-25 18:01:07.979,bicycle_ID_554,bicycle,Potsdam (kein Wechsel),False
2026-07-25 18:01:08.012,person_ID_1534,person,Berlin->Potsdam,True
2026-07-25 18:01:18.114,bicycle_ID_555,bicycle,Berlin->Potsdam,True
2026-07-25 18:01:18.444,person_ID_1535,person,Berlin->Potsdam,True
2026-07-25 18:01:27.744,car_ID_527,car,Berlin->Potsdam,True
2026-07-25 18:01:51.181,person_ID_1536,person,Berlin (kein Wechsel),False
2026-07-25 18:01:51.816,person_ID_1537,person,Berlin (kein Wechsel),False
2026-07-25 18:01:53.346,bicycle_ID_556,bicycle,Berlin (kein Wechsel),False
2026-07-25 18:01:53.581,person_ID_1539,person,Berlin (kein Wechsel),False
2026-07-25 18:01:54.646,person_ID_1538,person,Berlin (kein Wechsel),False
2026-07-25 18:01:55.819,person_ID_1540,person,Berlin (kein Wechsel),False
2026-07-25 18:02:02.019,person_ID_1541,person,Berlin (kein Wechsel),False
2026-07-25 18:02:10.348,person_ID_1543,person,Potsdam (kein Wechsel),False
2026-07-25 18:02:13.915,person_ID_1542,person,Berlin->Potsdam,True
2026-07-25 18:02:16.148,person_ID_1545,person,Potsdam (kein Wechsel),False
2026-07-25 18:02:16.447,bicycle_ID_557,bicycle,Potsdam (kein Wechsel),False
2026-07-25 18:02:18.119,person_ID_1546,person,Potsdam (kein Wechsel),False
2026-07-25 18:02:19.056,person_ID_1544,person,Potsdam (kein Wechsel),False
2026-07-25 18:02:22.022,person_ID_1547,person,Potsdam (kein Wechsel),False
2026-07-25 18:02:22.315,person_ID_1548,person,Potsdam (kein Wechsel),False
2026-07-25 18:02:39.122,person_ID_1549,person,Potsdam (kein Wechsel),False
2026-07-25 18:02:39.122,bicycle_ID_558,bicycle,Potsdam (kein Wechsel),False
2026-07-25 18:02:41.384,bicycle_ID_559,bicycle,Potsdam (kein Wechsel),False
2026-07-25 18:02:41.716,bicycle_ID_562,bicycle,Potsdam (kein Wechsel),False
2026-07-25 18:02:42.484,bicycle_ID_560,bicycle,Potsdam->Berlin,True
2026-07-25 18:02:42.716,person_ID_1550,person,Potsdam->Berlin,True
2026-07-25 18:02:42.985,person_ID_1551,person,Potsdam->Berlin,True
2026-07-25 18:02:43.152,bicycle_ID_561,bicycle,Potsdam (kein Wechsel),False
2026-07-25 18:02:43.351,person_ID_1554,person,Berlin (kein Wechsel),False
2026-07-25 18:02:43.385,bicycle_ID_564,bicycle,Berlin (kein Wechsel),False
2026-07-25 18:02:43.484,person_ID_1552,person,Potsdam (kein Wechsel),False
2026-07-25 18:02:43.884,bicycle_ID_565,bicycle,Potsdam (kein Wechsel),False
2026-07-25 18:02:44.052,bicycle_ID_566,bicycle,Berlin (kein Wechsel),False
2026-07-25 18:02:44.186,person_ID_1555,person,Potsdam (kein Wechsel),False
2026-07-25 18:02:44.484,person_ID_1553,person,Berlin (kein Wechsel),False
2026-07-25 18:02:44.552,bicycle_ID_567,bicycle,Potsdam (kein Wechsel),False
2026-07-25 18:02:44.684,bicycle_ID_568,bicycle,Berlin (kein Wechsel),False
2026-07-25 18:02:44.717,person_ID_1556,person,Potsdam (kein Wechsel),False
2026-07-25 18:02:45.984,bicycle_ID_563,bicycle,Berlin (kein Wechsel),False
2026-07-25 18:02:46.152,bicycle_ID_570,bicycle,Berlin (kein Wechsel),False
2026-07-25 18:02:46.355,bicycle_ID_569,bicycle,Potsdam (kein Wechsel),False
2026-07-25 18:02:46.420,person_ID_1557,person,Berlin (kein Wechsel),False
2026-07-25 18:02:46.420,person_ID_1558,person,Potsdam (kein Wechsel),False
2026-07-25 18:02:46.951,car_ID_528,car,Berlin (kein Wechsel),False
2026-07-25 18:02:46.951,bicycle_ID_571,bicycle,Berlin (kein Wechsel),False
2026-07-25 18:02:47.016,person_ID_1560,person,Berlin (kein Wechsel),False
2026-07-25 18:02:47.084,person_ID_1559,person,Berlin (kein Wechsel),False
2026-07-25 18:02:47.918,person_ID_1561,person,Berlin (kein Wechsel),False
2026-07-25 18:02:50.651,person_ID_1562,person,Berlin (kein Wechsel),False
2026-07-25 18:02:51.052,bicycle_ID_572,bicycle,Berlin (kein Wechsel),False
2026-07-25 18:02:51.455,bicycle_ID_573,bicycle,Berlin (kein Wechsel),False
2026-07-25 18:03:42.588,car_ID_529,car,Potsdam->Berlin,True
2026-07-25 18:03:52.454,bicycle_ID_574,bicycle,Potsdam (kein Wechsel),False
2026-07-25 18:03:53.487,bicycle_ID_575,bicycle,Potsdam (kein Wechsel),False
2026-07-25 18:03:53.595,person_ID_1563,person,Potsdam (kein Wechsel),False
2026-07-25 18:03:54.058,person_ID_1564,person,Potsdam (kein Wechsel),False
2026-07-25 18:03:54.423,bicycle_ID_576,bicycle,Potsdam (kein Wechsel),False
2026-07-25 18:03:54.757,person_ID_1565,person,Potsdam (kein Wechsel),False
2026-07-25 18:03:55.087,bicycle_ID_577,bicycle,Potsdam (kein Wechsel),False
2026-07-25 18:03:55.987,bicycle_ID_578,bicycle,Potsdam (kein Wechsel),False
2026-07-25 18:03:57.588,bicycle_ID_580,bicycle,Berlin (kein Wechsel),False
2026-07-25 18:03:57.792,person_ID_1566,person,Potsdam->Berlin,True
2026-07-25 18:03:59.055,bicycle_ID_579,bicycle,Berlin (kein Wechsel),False
2026-07-25 18:03:59.188,person_ID_1567,person,Berlin (kein Wechsel),False
2026-07-25 18:04:33.389,car_ID_530,car,Potsdam->Berlin,True
2026-07-25 18:04:48.394,car_ID_531,car,Potsdam (kein Wechsel),False
2026-07-25 18:04:49.431,truck_ID_113,truck,Potsdam (kein Wechsel),False
2026-07-25 18:04:49.759,truck_ID_114,truck,Potsdam (kein Wechsel),False
2026-07-25 18:04:50.991,bus_ID_66,bus,Potsdam->Berlin,True
2026-07-25 18:04:52.791,bus_ID_67,bus,Potsdam->Berlin,True
2026-07-25 18:04:53.298,car_ID_532,car,Berlin (kein Wechsel),False
2026-07-25 18:05:14.465,car_ID_533,car,Potsdam (kein Wechsel),False
2026-07-25 18:05:18.192,car_ID_534,car,Potsdam->Berlin,True
2026-07-25 18:05:25.227,bicycle_ID_581,bicycle,Berlin (kein Wechsel),False
2026-07-25 18:05:25.660,car_ID_535,car,Potsdam->Berlin,True
2026-07-25 18:05:27.396,bicycle_ID_582,bicycle,Berlin (kein Wechsel),False
2026-07-25 18:05:27.931,person_ID_1568,person,Berlin->Potsdam,True
2026-07-25 18:05:27.931,bicycle_ID_583,bicycle,Berlin->Potsdam,True
2026-07-25 18:05:41.897,car_ID_536,car,Potsdam (kein Wechsel),False
2026-07-25 18:05:44.262,car_ID_537,car,Potsdam->Berlin,True
2026-07-25 18:05:54.394,car_ID_538,car,Berlin->Potsdam,True
2026-07-25 18:06:07.634,car_ID_539,car,Potsdam (kein Wechsel),False
2026-07-25 18:06:10.130,car_ID_540,car,Potsdam->Berlin,True
2026-07-25 18:06:20.930,person_ID_1569,person,Potsdam (kein Wechsel),False
2026-07-25 18:06:21.199,person_ID_1570,person,Potsdam (kein Wechsel),False
2026-07-25 18:06:22.431,bicycle_ID_585,bicycle,Potsdam (kein Wechsel),False
2026-07-25 18:06:23.600,bicycle_ID_586,bicycle,Berlin (kein Wechsel),False
2026-07-25 18:06:24.464,bicycle_ID_584,bicycle,Potsdam->Berlin,True
2026-07-25 18:06:24.972,bicycle_ID_587,bicycle,Berlin (kein Wechsel),False
2026-07-25 18:06:25.067,person_ID_1571,person,Potsdam->Berlin,True
2026-07-25 18:06:53.868,person_ID_1572,person,Potsdam (kein Wechsel),False
2026-07-25 18:06:54.568,bicycle_ID_588,bicycle,Potsdam (kein Wechsel),False
2026-07-25 18:06:56.532,person_ID_1573,person,Potsdam->Berlin,True
2026-07-25 18:06:56.665,person_ID_1574,person,Berlin (kein Wechsel),False
2026-07-25 18:06:56.864,bicycle_ID_590,bicycle,Berlin (kein Wechsel),False
2026-07-25 18:06:57.300,bicycle_ID_589,bicycle,Potsdam->Berlin,True
2026-07-25 18:06:57.365,person_ID_1575,person,Berlin (kein Wechsel),False
2026-07-25 18:06:58.364,bicycle_ID_591,bicycle,Berlin (kein Wechsel),False
2026-07-25 18:06:58.765,car_ID_541,car,Berlin->Potsdam,True
2026-07-25 18:06:59.065,bicycle_ID_592,bicycle,Berlin (kein Wechsel),False
2026-07-25 18:06:59.204,person_ID_1576,person,Berlin (kein Wechsel),False
2026-07-25 18:07:09.011,bicycle_ID_593,bicycle,Berlin (kein Wechsel),False
2026-07-25 18:07:11.966,bicycle_ID_596,bicycle,Berlin (kein Wechsel),False
2026-07-25 18:07:12.135,person_ID_1577,person,Berlin->Potsdam,True
2026-07-25 18:07:12.135,bicycle_ID_594,bicycle,Berlin->Potsdam,True
2026-07-25 18:07:12.535,car_ID_542,car,Potsdam->Berlin,True
2026-07-25 18:07:13.233,person_ID_1578,person,Berlin->Potsdam,True
2026-07-25 18:07:13.233,bicycle_ID_595,bicycle,Berlin->Potsdam,True
2026-07-25 18:07:19.304,car_ID_543,car,Potsdam->Berlin,True
2026-07-25 18:07:27.842,person_ID_1580,person,Berlin (kein Wechsel),False
2026-07-25 18:07:28.137,person_ID_1579,person,Berlin (kein Wechsel),False
2026-07-25 18:07:40.005,car_ID_544,car,Potsdam (kein Wechsel),False
2026-07-25 18:07:42.003,car_ID_545,car,Potsdam->Berlin,True
2026-07-25 18:07:44.036,bicycle_ID_597,bicycle,Potsdam (kein Wechsel),False
2026-07-25 18:07:47.642,person_ID_1581,person,Potsdam (kein Wechsel),False
2026-07-25 18:07:48.737,person_ID_1582,person,Potsdam (kein Wechsel),False
2026-07-25 18:07:49.470,person_ID_1584,person,Potsdam (kein Wechsel),False
2026-07-25 18:07:49.970,bicycle_ID_598,bicycle,Potsdam (kein Wechsel),False
2026-07-25 18:07:50.803,person_ID_1583,person,Potsdam (kein Wechsel),False
2026-07-25 18:07:52.172,person_ID_1585,person,Potsdam (kein Wechsel),False
2026-07-25 18:07:54.770,person_ID_1587,person,Potsdam (kein Wechsel),False
2026-07-25 18:07:56.870,person_ID_1586,person,Potsdam (kein Wechsel),False
2026-07-25 18:08:06.136,person_ID_1589,person,Berlin (kein Wechsel),False
2026-07-25 18:08:08.436,person_ID_1588,person,Potsdam->Berlin,True
2026-07-25 18:08:12.071,person_ID_1590,person,Berlin (kein Wechsel),False
2026-07-25 18:08:12.678,person_ID_1592,person,Berlin (kein Wechsel),False
2026-07-25 18:08:13.275,person_ID_1593,person,Berlin (kein Wechsel),False
2026-07-25 18:08:13.441,person_ID_1591,person,Berlin (kein Wechsel),False
2026-07-25 18:08:14.875,person_ID_1594,person,Berlin (kein Wechsel),False
2026-07-25 18:08:27.338,car_ID_546,car,Potsdam->Berlin,True
2026-07-25 18:08:39.408,bicycle_ID_599,bicycle,Potsdam (kein Wechsel),False
2026-07-25 18:08:40.305,person_ID_1595,person,Potsdam (kein Wechsel),False
2026-07-25 18:08:41.110,person_ID_1598,person,Potsdam (kein Wechsel),False
2026-07-25 18:08:43.138,person_ID_1599,person,Potsdam (kein Wechsel),False
2026-07-25 18:08:45.273,person_ID_1600,person,Potsdam (kein Wechsel),False
2026-07-25 18:08:47.578,person_ID_1601,person,Potsdam (kein Wechsel),False
2026-07-25 18:08:48.206,person_ID_1603,person,Potsdam (kein Wechsel),False
2026-07-25 18:08:54.177,person_ID_1596,person,Berlin->Potsdam,True
2026-07-25 18:08:54.207,person_ID_1604,person,Berlin (kein Wechsel),False
2026-07-25 18:08:55.575,person_ID_1597,person,Berlin->Potsdam,True
2026-07-25 18:08:56.979,bicycle_ID_600,bicycle,Potsdam (kein Wechsel),False
2026-07-25 18:08:57.613,person_ID_1605,person,Potsdam (kein Wechsel),False
2026-07-25 18:08:58.538,bicycle_ID_602,bicycle,Potsdam (kein Wechsel),False
2026-07-25 18:08:58.974,person_ID_1606,person,Potsdam (kein Wechsel),False
2026-07-25 18:08:59.039,bicycle_ID_601,bicycle,Potsdam (kein Wechsel),False
2026-07-25 18:08:59.640,person_ID_1607,person,Potsdam (kein Wechsel),False
2026-07-25 18:08:59.640,person_ID_1608,person,Potsdam (kein Wechsel),False
2026-07-25 18:08:59.808,bicycle_ID_603,bicycle,Potsdam->Berlin,True
2026-07-25 18:09:00.139,person_ID_1610,person,Potsdam->Berlin,True
2026-07-25 18:09:00.346,person_ID_1611,person,Berlin (kein Wechsel),False
2026-07-25 18:09:00.740,bicycle_ID_606,bicycle,Berlin (kein Wechsel),False
2026-07-25 18:09:00.807,person_ID_1612,person,Potsdam (kein Wechsel),False
2026-07-25 18:09:01.240,person_ID_1614,person,Potsdam->Berlin,True
2026-07-25 18:09:01.676,person_ID_1615,person,Berlin (kein Wechsel),False
2026-07-25 18:09:01.676,bicycle_ID_604,bicycle,Potsdam->Berlin,True
2026-07-25 18:09:01.875,person_ID_1609,person,Berlin (kein Wechsel),False
2026-07-25 18:09:02.274,person_ID_1616,person,Berlin (kein Wechsel),False
2026-07-25 18:09:02.379,person_ID_1617,person,Berlin (kein Wechsel),False
2026-07-25 18:09:02.843,bicycle_ID_607,bicycle,Berlin (kein Wechsel),False
2026-07-25 18:09:02.982,person_ID_1613,person,Berlin (kein Wechsel),False
2026-07-25 18:09:03.678,bicycle_ID_605,bicycle,Berlin (kein Wechsel),False
2026-07-25 18:09:03.710,person_ID_1602,person,Potsdam->Berlin,True
2026-07-25 18:09:05.574,person_ID_1618,person,Berlin (kein Wechsel),False
2026-07-25 18:09:27.247,car_ID_547,car,Berlin->Potsdam,True
2026-07-25 18:09:37.279,person_ID_1620,person,Potsdam (kein Wechsel),False
2026-07-25 18:09:48.777,bicycle_ID_608,bicycle,Potsdam (kein Wechsel),False
2026-07-25 18:09:48.809,person_ID_1623,person,Potsdam (kein Wechsel),False
2026-07-25 18:09:49.377,bicycle_ID_609,bicycle,Potsdam (kein Wechsel),False
2026-07-25 18:09:49.614,person_ID_1622,person,Potsdam (kein Wechsel),False
2026-07-25 18:09:49.614,person_ID_1624,person,Potsdam (kein Wechsel),False
2026-07-25 18:09:50.614,person_ID_1621,person,Potsdam (kein Wechsel),False
2026-07-25 18:09:52.013,bicycle_ID_610,bicycle,Potsdam->Berlin,True
2026-07-25 18:09:52.082,bicycle_ID_611,bicycle,Berlin (kein Wechsel),False
2026-07-25 18:09:54.709,bicycle_ID_612,bicycle,Berlin (kein Wechsel),False
2026-07-25 18:09:54.884,person_ID_1625,person,Potsdam->Berlin,True
2026-07-25 18:09:54.979,person_ID_1619,person,Potsdam->Berlin,True
2026-07-25 18:10:20.050,bicycle_ID_614,bicycle,Potsdam (kein Wechsel),False
2026-07-25 18:10:20.085,person_ID_1627,person,Potsdam (kein Wechsel),False
2026-07-25 18:10:21.257,bicycle_ID_615,bicycle,Potsdam (kein Wechsel),False
2026-07-25 18:10:22.411,bicycle_ID_613,bicycle,Potsdam (kein Wechsel),False
2026-07-25 18:10:22.847,bicycle_ID_616,bicycle,Potsdam (kein Wechsel),False
2026-07-25 18:10:23.348,person_ID_1626,person,Potsdam (kein Wechsel),False
2026-07-25 18:10:24.012,bicycle_ID_617,bicycle,Potsdam (kein Wechsel),False
2026-07-25 18:10:24.680,person_ID_1628,person,Potsdam (kein Wechsel),False
2026-07-25 18:10:25.646,person_ID_1629,person,Potsdam (kein Wechsel),False
2026-07-25 18:10:26.486,person_ID_1631,person,Berlin (kein Wechsel),False
2026-07-25 18:10:28.346,bicycle_ID_618,bicycle,Berlin (kein Wechsel),False
2026-07-25 18:10:29.912,bicycle_ID_619,bicycle,Berlin (kein Wechsel),False
2026-07-25 18:10:30.784,person_ID_1630,person,Berlin (kein Wechsel),False
2026-07-25 18:10:31.412,person_ID_1632,person,Berlin (kein Wechsel),False
2026-07-25 18:10:34.412,person_ID_1633,person,Potsdam (kein Wechsel),False
2026-07-25 18:10:35.246,person_ID_1635,person,Potsdam (kein Wechsel),False
2026-07-25 18:10:35.382,person_ID_1634,person,Potsdam (kein Wechsel),False
2026-07-25 18:10:36.582,bicycle_ID_621,bicycle,Potsdam (kein Wechsel),False
2026-07-25 18:10:37.181,person_ID_1636,person,Potsdam (kein Wechsel),False
2026-07-25 18:10:37.557,bicycle_ID_620,bicycle,Potsdam (kein Wechsel),False
2026-07-25 18:10:38.085,person_ID_1637,person,Potsdam (kein Wechsel),False
2026-07-25 18:10:39.318,person_ID_1639,person,Potsdam (kein Wechsel),False
2026-07-25 18:10:39.717,person_ID_1640,person,Potsdam (kein Wechsel),False
2026-07-25 18:10:39.752,person_ID_1638,person,Potsdam (kein Wechsel),False
2026-07-25 18:10:39.752,person_ID_1641,person,Potsdam (kein Wechsel),False
2026-07-25 18:10:40.284,person_ID_1642,person,Potsdam (kein Wechsel),False
2026-07-25 18:10:40.816,person_ID_1644,person,Berlin (kein Wechsel),False
2026-07-25 18:10:42.548,person_ID_1643,person,Potsdam->Berlin,True
2026-07-25 18:10:46.661,person_ID_1645,person,Berlin (kein Wechsel),False
2026-07-25 18:10:46.661,person_ID_1646,person,Berlin (kein Wechsel),False
