display_id,kind,track_id,label,start_x,start_y,end_x,end_y,avg_confidence,first_timestamp,last_timestamp
car_ID_1,FLUSH,1,car,577,136,577,136,0.5525,2026-08-04 03:21:00.608,2026-08-04 03:21:00.761
car_ID_3,FLUSH,7,car,423,311,423,311,0.5561,2026-08-04 03:21:09.308,2026-08-04 03:21:09.308
car_ID_2,FLUSH,6,car,720,301,774,273,0.7691,2026-08-04 03:21:09.277,2026-08-04 03:21:09.933
car_ID_6,FLUSH,14,car,489,233,484,233,0.5365,2026-08-04 03:21:09.968,2026-08-04 03:21:10.081
car_ID_4,FLUSH,8,car,768,313,973,339,0.7415,2026-08-04 03:21:09.543,2026-08-04 03:21:10.112
car_ID_7,FLUSH,16,car,251,256,327,284,0.6364,2026-08-04 03:21:10.173,2026-08-04 03:21:11.461
car_ID_10,FLUSH,22,car,906,299,833,285,0.6681,2026-08-04 03:21:10.898,2026-08-04 03:21:11.461
car_ID_8,FLUSH,15,car,555,238,503,244,0.5383,2026-08-04 03:21:10.237,2026-08-04 03:21:11.530
truck_ID_1,FLUSH,19,truck,587,225,573,227,0.5510,2026-08-04 03:21:11.069,2026-08-04 03:21:11.530
car_ID_9,FLUSH,11,car,622,234,613,241,0.5357,2026-08-04 03:21:10.238,2026-08-04 03:21:11.644
car_ID_5,FLUSH,10,car,453,324,960,350,0.7436,2026-08-04 03:21:09.706,2026-08-04 03:21:11.959
car_ID_11,FLUSH,24,car,786,369,796,334,0.7391,2026-08-04 03:21:11.959,2026-08-04 03:21:12.671
car_ID_17,FLUSH,31,car,660,252,659,252,0.5418,2026-08-04 03:21:12.771,2026-08-04 03:21:12.804
truck_ID_3,FLUSH,28,truck,449,358,793,377,0.6842,2026-08-04 03:21:12.266,2026-08-04 03:21:13.156
truck_ID_2,FLUSH,26,truck,377,409,905,381,0.7068,2026-08-04 03:21:11.992,2026-08-04 03:21:13.371
car_ID_14,FLUSH,28,car,460,351,978,383,0.6115,2026-08-04 03:21:12.330,2026-08-04 03:21:13.501
car_ID_12,FLUSH,26,car,384,405,961,381,0.6141,2026-08-04 03:21:12.026,2026-08-04 03:21:13.941
truck_ID_4,FLUSH,33,truck,500,243,422,255,0.6038,2026-08-04 03:21:12.671,2026-08-04 03:21:14.074
car_ID_15,FLUSH,30,car,581,250,519,265,0.5939,2026-08-04 03:21:12.447,2026-08-04 03:21:14.503
car_ID_18,FLUSH,39,car,340,367,893,391,0.7196,2026-08-04 03:21:13.841,2026-08-04 03:21:16.038
car_ID_21,FLUSH,44,car,721,237,705,236,0.5247,2026-08-04 03:21:16.579,2026-08-04 03:21:17.117
car_ID_13,FLUSH,29,car,809,280,786,245,0.6371,2026-08-04 03:21:12.298,2026-08-04 03:21:17.405
bus_ID_1,FLUSH,43,bus,651,367,684,366,0.5613,2026-08-04 03:21:17.633,2026-08-04 03:21:17.766
truck_ID_5,FLUSH,43,truck,633,365,757,369,0.5673,2026-08-04 03:21:17.602,2026-08-04 03:21:17.972
truck_ID_6,FLUSH,46,truck,719,366,771,372,0.5327,2026-08-04 03:21:17.841,2026-08-04 03:21:18.001
car_ID_20,FLUSH,43,car,358,333,805,374,0.5943,2026-08-04 03:21:16.298,2026-08-04 03:21:18.216
car_ID_22,FLUSH,46,car,453,349,801,375,0.6119,2026-08-04 03:21:17.010,2026-08-04 03:21:18.417
car_ID_24,FLUSH,48,car,397,357,944,391,0.7549,2026-08-04 03:21:18.032,2026-08-04 03:21:20.345
car_ID_16,FLUSH,32,car,607,253,597,276,0.5707,2026-08-04 03:21:12.771,2026-08-04 03:21:21.347
car_ID_25,FLUSH,55,car,449,272,435,275,0.5472,2026-08-04 03:21:20.887,2026-08-04 03:21:21.670
car_ID_26,FLUSH,57,car,487,260,469,263,0.5301,2026-08-04 03:21:21.481,2026-08-04 03:21:22.165
car_ID_30,FLUSH,66,car,267,355,267,355,0.5097,2026-08-04 03:21:23.860,2026-08-04 03:21:24.032
car_ID_28,FLUSH,60,car,738,262,782,254,0.6135,2026-08-04 03:21:22.904,2026-08-04 03:21:24.254
car_ID_19,FLUSH,40,car,617,255,486,274,0.5777,2026-08-04 03:21:14.895,2026-08-04 03:21:24.485
car_ID_32,FLUSH,68,car,617,255,607,256,0.5833,2026-08-04 03:21:25.294,2026-08-04 03:21:25.634
car_ID_29,FLUSH,61,car,403,305,715,260,0.6978,2026-08-04 03:21:23.026,2026-08-04 03:21:26.497
car_ID_33,FLUSH,55,car,425,279,426,279,0.5204,2026-08-04 03:21:26.730,2026-08-04 03:21:26.762
car_ID_34,FLUSH,40,car,477,273,474,273,0.5383,2026-08-04 03:21:27.134,2026-08-04 03:21:27.211
car_ID_23,FLUSH,45,car,621,258,529,273,0.6153,2026-08-04 03:21:17.633,2026-08-04 03:21:27.722
car_ID_27,FLUSH,58,car,415,322,796,258,0.7262,2026-08-04 03:21:21.709,2026-08-04 03:21:27.830
car_ID_31,FLUSH,67,car,391,337,701,282,0.7882,2026-08-04 03:21:24.623,2026-08-04 03:21:27.927
car_ID_36,FLUSH,74,car,768,248,768,248,0.5240,2026-08-04 03:21:28.819,2026-08-04 03:21:29.189
car_ID_37,FLUSH,79,car,482,280,485,279,0.5806,2026-08-04 03:21:30.489,2026-08-04 03:21:30.559
car_ID_38,FLUSH,81,car,521,280,532,272,0.5485,2026-08-04 03:21:30.897,2026-08-04 03:21:31.618
car_ID_39,FLUSH,83,car,572,257,552,256,0.5338,2026-08-04 03:21:31.266,2026-08-04 03:21:31.721
car_ID_35,FLUSH,75,car,743,275,797,257,0.6960,2026-08-04 03:21:28.687,2026-08-04 03:21:31.954
car_ID_40,FLUSH,85,car,579,263,568,265,0.5276,2026-08-04 03:21:31.890,2026-08-04 03:21:32.124
truck_ID_7,FLUSH,73,truck,397,297,717,251,0.7053,2026-08-04 03:21:28.092,2026-08-04 03:21:32.124
truck_ID_8,FLUSH,87,truck,742,250,772,245,0.5948,2026-08-04 03:21:32.955,2026-08-04 03:21:34.441
car_ID_43,FLUSH,89,car,703,344,703,344,0.6190,2026-08-04 03:21:34.730,2026-08-04 03:21:34.730
car_ID_41,FLUSH,86,car,1078,349,401,334,0.7958,2026-08-04 03:21:32.718,2026-08-04 03:21:36.058
car_ID_44,FLUSH,91,car,1049,342,723,346,0.7497,2026-08-04 03:21:35.603,2026-08-04 03:21:36.861
truck_ID_9,FLUSH,90,truck,1033,283,940,281,0.5971,2026-08-04 03:21:35.962,2026-08-04 03:21:36.980
car_ID_45,FLUSH,96,car,764,338,421,331,0.6349,2026-08-04 03:21:36.729,2026-08-04 03:21:38.098
car_ID_46,FLUSH,99,car,1032,347,348,332,0.8071,2026-08-04 03:21:38.297,2026-08-04 03:21:40.320
car_ID_47,FLUSH,103,car,980,347,402,336,0.6770,2026-08-04 03:21:40.123,2026-08-04 03:21:42.195
truck_ID_10,FLUSH,90,truck,899,280,760,264,0.6289,2026-08-04 03:21:38.519,2026-08-04 03:21:42.278
truck_ID_11,FLUSH,104,truck,768,266,760,257,0.5932,2026-08-04 03:21:40.869,2026-08-04 03:21:42.753
truck_ID_12,FLUSH,111,truck,760,259,769,253,0.5617,2026-08-04 03:21:42.437,2026-08-04 03:21:44.460
car_ID_48,FLUSH,108,car,616,257,568,265,0.5772,2026-08-04 03:21:41.426,2026-08-04 03:21:45.720
car_ID_50,FLUSH,114,car,616,257,612,257,0.5503,2026-08-04 03:21:45.960,2026-08-04 03:21:46.197
car_ID_49,FLUSH,113,car,1105,347,347,331,0.7277,2026-08-04 03:21:44.120,2026-08-04 03:21:46.598
car_ID_51,FLUSH,108,car,570,263,569,261,0.5581,2026-08-04 03:21:46.890,2026-08-04 03:21:47.590
car_ID_53,FLUSH,120,car,712,245,712,245,0.5097,2026-08-04 03:21:47.590,2026-08-04 03:21:47.590
car_ID_42,FLUSH,83,car,531,272,533,273,0.5565,2026-08-04 03:21:33.022,2026-08-04 03:21:48.199
car_ID_52,FLUSH,119,car,990,348,603,343,0.7361,2026-08-04 03:21:47.460,2026-08-04 03:21:48.316
car_ID_54,FLUSH,126,car,1095,343,1095,343,0.5775,2026-08-04 03:21:49.535,2026-08-04 03:21:49.992
car_ID_57,FLUSH,131,car,606,251,601,251,0.5953,2026-08-04 03:21:50.830,2026-08-04 03:21:50.977
car_ID_55,FLUSH,128,car,509,350,425,338,0.6917,2026-08-04 03:21:50.595,2026-08-04 03:21:51.052
bus_ID_2,FLUSH,122,bus,234,331,998,324,0.7105,2026-08-04 03:21:48.200,2026-08-04 03:21:51.763
car_ID_56,FLUSH,129,car,531,271,532,272,0.5445,2026-08-04 03:21:50.830,2026-08-04 03:21:51.865
car_ID_59,FLUSH,136,car,658,251,657,252,0.5632,2026-08-04 03:21:52.389,2026-08-04 03:21:52.519
car_ID_63,FLUSH,138,car,781,234,780,234,0.5204,2026-08-04 03:21:53.865,2026-08-04 03:21:53.906
car_ID_58,FLUSH,132,car,571,265,570,265,0.5727,2026-08-04 03:21:50.902,2026-08-04 03:21:54.112
car_ID_62,FLUSH,130,car,478,271,486,275,0.5193,2026-08-04 03:21:53.702,2026-08-04 03:21:54.325
car_ID_61,FLUSH,140,car,622,255,604,256,0.5661,2026-08-04 03:21:53.702,2026-08-04 03:21:54.428
car_ID_64,FLUSH,141,car,422,277,413,278,0.5559,2026-08-04 03:21:55.031,2026-08-04 03:21:55.893
car_ID_65,FLUSH,132,car,572,262,565,262,0.5892,2026-08-04 03:21:55.175,2026-08-04 03:21:55.960
car_ID_67,FLUSH,144,car,711,242,711,242,0.5276,2026-08-04 03:21:57.802,2026-08-04 03:21:57.834
car_ID_68,FLUSH,141,car,413,280,413,281,0.5561,2026-08-04 03:21:58.864,2026-08-04 03:21:58.897
car_ID_71,FLUSH,149,car,644,250,644,251,0.5418,2026-08-04 03:22:02.355,2026-08-04 03:22:02.387
car_ID_69,FLUSH,130,car,481,277,425,283,0.6232,2026-08-04 03:22:00.595,2026-08-04 03:22:02.525
person_ID_1,FLUSH,153,person,484,351,484,351,0.6024,2026-08-04 03:22:02.134,2026-08-04 03:22:02.587
motorcycle_ID_1,FLUSH,150,motorcycle,418,370,833,390,0.6757,2026-08-04 03:22:01.929,2026-08-04 03:22:03.403
car_ID_73,FLUSH,149,car,618,253,606,254,0.5374,2026-08-04 03:22:04.442,2026-08-04 03:22:05.226
car_ID_72,FLUSH,156,car,347,368,915,390,0.7824,2026-08-04 03:22:03.652,2026-08-04 03:22:05.312
car_ID_75,FLUSH,165,car,615,256,615,256,0.5097,2026-08-04 03:22:07.436,2026-08-04 03:22:07.436
truck_ID_14,FLUSH,164,truck,553,258,553,258,0.6096,2026-08-04 03:22:07.827,2026-08-04 03:22:07.860
car_ID_60,FLUSH,129,car,533,274,312,301,0.6152,2026-08-04 03:21:53.498,2026-08-04 03:22:08.469
car_ID_74,FLUSH,161,car,354,361,995,383,0.7411,2026-08-04 03:22:06.207,2026-08-04 03:22:08.776
car_ID_70,FLUSH,152,car,970,309,776,252,0.6394,2026-08-04 03:22:02.134,2026-08-04 03:22:08.807
car_ID_77,FLUSH,169,car,658,251,658,252,0.5151,2026-08-04 03:22:08.840,2026-08-04 03:22:08.970
car_ID_66,FLUSH,132,car,569,264,420,277,0.5981,2026-08-04 03:21:57.062,2026-08-04 03:22:09.002
car_ID_76,FLUSH,167,car,368,350,1037,378,0.7874,2026-08-04 03:22:08.099,2026-08-04 03:22:10.403
car_ID_79,FLUSH,170,car,571,267,562,267,0.5228,2026-08-04 03:22:10.059,2026-08-04 03:22:10.434
car_ID_78,FLUSH,172,car,617,256,526,272,0.6054,2026-08-04 03:22:09.909,2026-08-04 03:22:16.364
truck_ID_13,FLUSH,149,truck,586,256,455,265,0.6812,2026-08-04 03:22:06.412,2026-08-04 03:22:16.490
car_ID_80,FLUSH,179,car,305,296,475,296,0.5900,2026-08-04 03:22:15.221,2026-08-04 03:22:16.695
car_ID_82,FLUSH,149,car,489,294,548,285,0.6279,2026-08-04 03:22:16.832,2026-08-04 03:22:17.538
car_ID_83,FLUSH,184,car,527,272,527,272,0.5699,2026-08-04 03:22:18.501,2026-08-04 03:22:18.832
car_ID_81,FLUSH,180,car,413,324,682,287,0.6669,2026-08-04 03:22:16.489,2026-08-04 03:22:19.116
truck_ID_15,FLUSH,179,truck,456,263,458,265,0.6311,2026-08-04 03:22:17.000,2026-08-04 03:22:19.116
truck_ID_17,FLUSH,188,truck,445,271,453,273,0.6042,2026-08-04 03:22:21.109,2026-08-04 03:22:21.194
car_ID_85,FLUSH,180,car,708,266,752,257,0.5771,2026-08-04 03:22:20.358,2026-08-04 03:22:22.232
truck_ID_16,FLUSH,186,truck,453,290,609,270,0.6105,2026-08-04 03:22:20.237,2026-08-04 03:22:22.296
car_ID_86,FLUSH,191,car,305,301,305,300,0.5097,2026-08-04 03:22:23.266,2026-08-04 03:22:23.295
car_ID_84,FLUSH,187,car,745,277,797,260,0.6402,2026-08-04 03:22:20.312,2026-08-04 03:22:23.331
car_ID_88,FLUSH,197,car,644,293,644,293,0.6096,2026-08-04 03:22:23.526,2026-08-04 03:22:23.999
car_ID_87,FLUSH,196,car,419,328,637,294,0.7177,2026-08-04 03:22:23.331,2026-08-04 03:22:25.067
truck_ID_18,FLUSH,192,truck,456,270,461,266,0.6291,2026-08-04 03:22:22.561,2026-08-04 03:22:26.832
car_ID_92,FLUSH,209,car,616,255,606,254,0.5757,2026-08-04 03:22:26.937,2026-08-04 03:22:27.140
car_ID_89,FLUSH,193,car,407,304,679,273,0.6699,2026-08-04 03:22:24.505,2026-08-04 03:22:27.791
car_ID_90,FLUSH,206,car,409,332,676,286,0.7191,2026-08-04 03:22:25.933,2026-08-04 03:22:28.550
car_ID_91,FLUSH,208,car,752,276,796,264,0.5915,2026-08-04 03:22:26.871,2026-08-04 03:22:28.954
truck_ID_19,FLUSH,202,truck,342,298,653,265,0.7105,2026-08-04 03:22:26.102,2026-08-04 03:22:29.192
car_ID_93,FLUSH,210,car,392,301,615,280,0.6994,2026-08-04 03:22:27.728,2026-08-04 03:22:29.799
car_ID_94,FLUSH,213,car,419,330,672,285,0.6534,2026-08-04 03:22:28.685,2026-08-04 03:22:31.161
truck_ID_21,FLUSH,219,truck,711,259,715,254,0.5810,2026-08-04 03:22:30.592,2026-08-04 03:22:31.221
car_ID_96,FLUSH,193,car,752,276,779,273,0.5915,2026-08-04 03:22:29.988,2026-08-04 03:22:31.336
car_ID_98,FLUSH,219,car,705,266,711,267,0.5089,2026-08-04 03:22:31.511,2026-08-04 03:22:31.794
car_ID_97,FLUSH,221,car,527,273,526,274,0.5240,2026-08-04 03:22:31.215,2026-08-04 03:22:32.021
truck_ID_20,FLUSH,212,truck,448,272,455,268,0.6840,2026-08-04 03:22:27.663,2026-08-04 03:22:32.429
car_ID_101,FLUSH,219,car,748,258,752,256,0.5097,2026-08-04 03:22:33.801,2026-08-04 03:22:34.161
car_ID_99,FLUSH,223,car,409,307,647,276,0.7099,2026-08-04 03:22:32.364,2026-08-04 03:22:34.422
car_ID_95,FLUSH,217,car,392,302,751,255,0.6437,2026-08-04 03:22:29.157,2026-08-04 03:22:35.891
car_ID_100,FLUSH,224,car,753,278,800,260,0.6673,2026-08-04 03:22:32.429,2026-08-04 03:22:35.972
car_ID_103,FLUSH,223,car,712,265,789,246,0.6125,2026-08-04 03:22:35.599,2026-08-04 03:22:39.164
car_ID_104,FLUSH,238,car,610,254,525,269,0.6119,2026-08-04 03:22:44.525,2026-08-04 03:22:47.158
car_ID_102,FLUSH,228,car,527,273,526,274,0.5568,2026-08-04 03:22:34.148,2026-08-04 03:22:48.510
car_ID_105,FLUSH,239,car,1042,350,408,341,0.7700,2026-08-04 03:22:47.056,2026-08-04 03:22:50.091
car_ID_106,FLUSH,244,car,1084,349,813,345,0.7477,2026-08-04 03:22:49.922,2026-08-04 03:22:51.015
car_ID_107,FLUSH,228,car,526,273,526,273,0.5303,2026-08-04 03:22:50.693,2026-08-04 03:22:51.726
car_ID_108,FLUSH,248,car,721,342,362,336,0.7157,2026-08-04 03:22:51.354,2026-08-04 03:22:52.890
car_ID_109,FLUSH,247,car,854,300,763,285,0.6950,2026-08-04 03:22:51.566,2026-08-04 03:22:53.400
car_ID_110,FLUSH,249,car,1064,315,418,334,0.7027,2026-08-04 03:22:51.793,2026-08-04 03:22:54.259
car_ID_111,FLUSH,250,car,977,310,779,270,0.7030,2026-08-04 03:22:52.454,2026-08-04 03:22:55.523
car_ID_115,FLUSH,257,car,707,280,699,275,0.5546,2026-08-04 03:22:55.100,2026-08-04 03:22:55.665
car_ID_112,FLUSH,228,car,526,274,527,273,0.5379,2026-08-04 03:22:53.162,2026-08-04 03:22:55.928
car_ID_116,FLUSH,257,car,713,267,712,267,0.5490,2026-08-04 03:22:56.764,2026-08-04 03:22:56.769
car_ID_118,FLUSH,266,car,303,303,303,303,0.5169,2026-08-04 03:23:00.096,2026-08-04 03:23:00.129
car_ID_114,FLUSH,256,car,938,305,800,253,0.6532,2026-08-04 03:22:54.903,2026-08-04 03:23:00.820
car_ID_117,FLUSH,263,car,620,257,542,267,0.6450,2026-08-04 03:22:59.958,2026-08-04 03:23:01.595
car_ID_119,FLUSH,271,car,635,256,534,267,0.5987,2026-08-04 03:23:01.467,2026-08-04 03:23:03.959
car_ID_113,FLUSH,253,car,609,254,526,273,0.5743,2026-08-04 03:22:54.426,2026-08-04 03:23:05.119
car_ID_120,FLUSH,274,car,612,257,551,263,0.6173,2026-08-04 03:23:04.094,2026-08-04 03:23:05.726
car_ID_121,FLUSH,253,car,528,273,519,273,0.5421,2026-08-04 03:23:06.167,2026-08-04 03:23:06.452
truck_ID_22,FLUSH,226,truck,455,267,354,280,0.7208,2026-08-04 03:22:32.853,2026-08-04 03:23:08.256
truck_ID_23,FLUSH,279,truck,367,375,367,375,0.5290,2026-08-04 03:23:08.763,2026-08-04 03:23:08.763
car_ID_123,FLUSH,280,car,367,374,367,374,0.5665,2026-08-04 03:23:08.763,2026-08-04 03:23:09.218
car_ID_122,FLUSH,279,car,356,375,1002,400,0.8445,2026-08-04 03:23:08.698,2026-08-04 03:23:10.297
car_ID_124,FLUSH,283,car,391,352,988,371,0.7274,2026-08-04 03:23:10.265,2026-08-04 03:23:12.604
car_ID_125,FLUSH,286,car,594,247,537,255,0.5929,2026-08-04 03:23:12.356,2026-08-04 03:23:13.385
bus_ID_3,FLUSH,289,bus,445,344,445,344,0.5515,2026-08-04 03:23:14.134,2026-08-04 03:23:14.134
car_ID_126,FLUSH,289,car,455,345,544,349,0.5740,2026-08-04 03:23:14.164,2026-08-04 03:23:14.536
car_ID_127,FLUSH,290,car,508,348,789,356,0.5187,2026-08-04 03:23:14.328,2026-08-04 03:23:15.092
truck_ID_25,FLUSH,289,truck,399,340,805,355,0.6265,2026-08-04 03:23:13.928,2026-08-04 03:23:15.091
truck_ID_24,FLUSH,290,truck,368,340,897,357,0.5295,2026-08-04 03:23:13.719,2026-08-04 03:23:15.291
car_ID_128,FLUSH,293,car,397,364,942,397,0.7831,2026-08-04 03:23:15.831,2026-08-04 03:23:17.588
car_ID_130,FLUSH,298,car,513,293,513,293,0.6167,2026-08-04 03:23:20.926,2026-08-04 03:23:20.926
car_ID_131,FLUSH,299,car,384,316,674,276,0.7554,2026-08-04 03:23:21.333,2026-08-04 03:23:24.200
car_ID_132,FLUSH,304,car,709,264,724,262,0.6472,2026-08-04 03:23:24.860,2026-08-04 03:23:25.364
truck_ID_26,FLUSH,301,truck,365,313,642,268,0.7123,2026-08-04 03:23:22.698,2026-08-04 03:23:25.568
car_ID_129,FLUSH,297,car,475,324,786,269,0.5985,2026-08-04 03:23:20.693,2026-08-04 03:23:25.630
car_ID_133,FLUSH,305,car,415,331,515,295,0.5328,2026-08-04 03:23:25.097,2026-08-04 03:23:25.990
car_ID_136,FLUSH,308,car,1044,350,1043,351,0.5027,2026-08-04 03:23:26.265,2026-08-04 03:23:26.270
car_ID_137,FLUSH,306,car,790,260,791,261,0.5608,2026-08-04 03:23:26.664,2026-08-04 03:23:26.734
car_ID_134,FLUSH,307,car,428,329,682,284,0.7434,2026-08-04 03:23:25.194,2026-08-04 03:23:27.594
car_ID_138,FLUSH,308,car,1036,351,1039,351,0.5315,2026-08-04 03:23:27.420,2026-08-04 03:23:27.998
truck_ID_27,FLUSH,311,truck,762,259,785,252,0.6056,2026-08-04 03:23:27.593,2026-08-04 03:23:29.059
car_ID_141,FLUSH,314,car,717,263,717,263,0.5026,2026-08-04 03:23:28.993,2026-08-04 03:23:29.496
car_ID_143,FLUSH,308,car,1041,351,1040,351,0.5240,2026-08-04 03:23:29.358,2026-08-04 03:23:30.114
car_ID_135,FLUSH,310,car,394,310,723,262,0.7269,2026-08-04 03:23:26.087,2026-08-04 03:23:30.524
car_ID_140,FLUSH,307,car,743,274,789,263,0.6636,2026-08-04 03:23:28.788,2026-08-04 03:23:31.131
car_ID_139,FLUSH,313,car,378,316,761,255,0.7161,2026-08-04 03:23:27.558,2026-08-04 03:23:33.258
car_ID_146,FLUSH,319,car,647,346,614,346,0.6477,2026-08-04 03:23:34.069,2026-08-04 03:23:34.207
car_ID_142,FLUSH,315,car,397,313,765,252,0.6826,2026-08-04 03:23:29.093,2026-08-04 03:23:34.784
car_ID_145,FLUSH,317,car,614,253,526,267,0.6032,2026-08-04 03:23:33.699,2026-08-04 03:23:35.751
car_ID_144,FLUSH,308,car,1029,353,383,341,0.7481,2026-08-04 03:23:31.729,2026-08-04 03:23:35.854
car_ID_148,FLUSH,315,car,792,243,792,243,0.5133,2026-08-04 03:23:36.703,2026-08-04 03:23:36.703
car_ID_147,FLUSH,321,car,1017,344,491,338,0.7370,2026-08-04 03:23:35.025,2026-08-04 03:23:37.158
car_ID_149,FLUSH,326,car,474,337,402,336,0.6280,2026-08-04 03:23:37.201,2026-08-04 03:23:37.998
car_ID_150,FLUSH,328,car,963,312,805,258,0.6568,2026-08-04 03:23:37.962,2026-08-04 03:23:44.961
car_ID_151,FLUSH,333,car,615,260,381,284,0.6804,2026-08-04 03:23:41.660,2026-08-04 03:23:45.455
car_ID_153,FLUSH,339,car,628,256,565,262,0.5520,2026-08-04 03:23:46.363,2026-08-04 03:23:47.929
car_ID_152,FLUSH,338,car,609,253,388,279,0.5658,2026-08-04 03:23:45.488,2026-08-04 03:23:49.495
car_ID_154,FLUSH,339,car,446,273,431,275,0.5497,2026-08-04 03:23:50.093,2026-08-04 03:23:50.355
car_ID_155,FLUSH,342,car,618,267,385,294,0.7029,2026-08-04 03:23:50.223,2026-08-04 03:23:53.101
car_ID_156,FLUSH,347,car,392,365,1063,387,0.8543,2026-08-04 03:23:57.093,2026-08-04 03:23:58.723
car_ID_157,FLUSH,354,car,611,260,428,281,0.5803,2026-08-04 03:24:03.094,2026-08-04 03:24:05.195
car_ID_159,FLUSH,363,car,395,333,598,306,0.6729,2026-08-04 03:24:08.528,2026-08-04 03:24:10.854
car_ID_163,FLUSH,365,car,604,260,603,261,0.5062,2026-08-04 03:24:11.095,2026-08-04 03:24:11.128
car_ID_161,FLUSH,367,car,608,299,685,289,0.6746,2026-08-04 03:24:10.365,2026-08-04 03:24:11.327
car_ID_165,FLUSH,369,car,544,270,527,270,0.6559,2026-08-04 03:24:11.934,2026-08-04 03:24:12.123
car_ID_166,FLUSH,370,car,544,265,539,266,0.5632,2026-08-04 03:24:12.428,2026-08-04 03:24:12.520
car_ID_160,FLUSH,364,car,611,255,389,280,0.5889,2026-08-04 03:24:09.292,2026-08-04 03:24:12.927
car_ID_164,FLUSH,368,car,395,316,642,281,0.6961,2026-08-04 03:24:11.734,2026-08-04 03:24:13.988
car_ID_162,FLUSH,366,car,420,305,712,266,0.6610,2026-08-04 03:24:10.434,2026-08-04 03:24:14.294
car_ID_167,FLUSH,372,car,614,254,562,261,0.5717,2026-08-04 03:24:14.098,2026-08-04 03:24:15.328
car_ID_158,FLUSH,360,car,379,315,803,256,0.6844,2026-08-04 03:24:07.703,2026-08-04 03:24:16.031
car_ID_168,FLUSH,366,car,717,268,726,259,0.5656,2026-08-04 03:24:15.559,2026-08-04 03:24:16.031
car_ID_169,FLUSH,376,car,657,253,657,253,0.5062,2026-08-04 03:24:16.031,2026-08-04 03:24:16.031
car_ID_170,FLUSH,377,car,609,284,618,283,0.5240,2026-08-04 03:24:16.530,2026-08-04 03:24:16.628
car_ID_172,FLUSH,379,car,654,276,659,276,0.5864,2026-08-04 03:24:17.231,2026-08-04 03:24:17.332
car_ID_171,FLUSH,378,car,754,257,793,247,0.5898,2026-08-04 03:24:17.024,2026-08-04 03:24:18.667
car_ID_173,FLUSH,384,car,584,269,574,273,0.5932,2026-08-04 03:24:19.967,2026-08-04 03:24:20.265
truck_ID_28,FLUSH,374,truck,358,301,718,257,0.7291,2026-08-04 03:24:14.714,2026-08-04 03:24:20.693
truck_ID_30,FLUSH,374,truck,754,254,770,250,0.6051,2026-08-04 03:24:21.741,2026-08-04 03:24:23.064
car_ID_174,FLUSH,388,car,425,301,371,291,0.6184,2026-08-04 03:24:22.238,2026-08-04 03:24:23.363
car_ID_176,FLUSH,390,car,591,308,630,300,0.5578,2026-08-04 03:24:23.106,2026-08-04 03:24:24.031
truck_ID_29,FLUSH,383,truck,372,296,662,260,0.6843,2026-08-04 03:24:19.321,2026-08-04 03:24:24.030
car_ID_177,FLUSH,396,car,558,259,558,259,0.5062,2026-08-04 03:24:24.724,2026-08-04 03:24:24.724
car_ID_175,FLUSH,389,car,472,301,648,278,0.6092,2026-08-04 03:24:22.663,2026-08-04 03:24:25.196
truck_ID_32,FLUSH,397,truck,730,253,777,249,0.6251,2026-08-04 03:24:24.607,2026-08-04 03:24:26.766
truck_ID_31,FLUSH,395,truck,371,297,595,270,0.6665,2026-08-04 03:24:24.505,2026-08-04 03:24:27.315
truck_ID_34,FLUSH,404,truck,699,259,699,259,0.5365,2026-08-04 03:24:28.720,2026-08-04 03:24:28.887
truck_ID_35,FLUSH,404,truck,742,253,774,249,0.5511,2026-08-04 03:24:29.935,2026-08-04 03:24:31.367
truck_ID_36,FLUSH,412,truck,565,265,567,265,0.7272,2026-08-04 03:24:31.433,2026-08-04 03:24:31.466
car_ID_178,FLUSH,413,car,462,271,413,276,0.6639,2026-08-04 03:24:31.691,2026-08-04 03:24:32.225
truck_ID_37,FLUSH,415,truck,350,305,664,260,0.7691,2026-08-04 03:24:32.533,2026-08-04 03:24:35.714
truck_ID_38,FLUSH,420,truck,370,298,608,268,0.6676,2026-08-04 03:24:35.714,2026-08-04 03:24:38.653
truck_ID_33,FLUSH,403,truck,367,298,780,250,0.6512,2026-08-04 03:24:28.332,2026-08-04 03:24:39.666
car_ID_180,FLUSH,429,car,302,303,302,303,0.5347,2026-08-04 03:24:40.493,2026-08-04 03:24:40.998
car_ID_179,FLUSH,428,car,395,335,652,289,0.6931,2026-08-04 03:24:38.925,2026-08-04 03:24:41.626
truck_ID_40,FLUSH,435,truck,771,250,775,245,0.6000,2026-08-04 03:24:42.161,2026-08-04 03:24:42.856
truck_ID_39,FLUSH,434,truck,371,300,651,261,0.7186,2026-08-04 03:24:41.510,2026-08-04 03:24:44.726
car_ID_181,FLUSH,435,car,747,278,786,268,0.6191,2026-08-04 03:24:43.798,2026-08-04 03:24:45.900
car_ID_183,FLUSH,444,car,581,269,537,273,0.5371,2026-08-04 03:24:45.263,2026-08-04 03:24:46.294
car_ID_184,FLUSH,445,car,302,303,302,303,0.5846,2026-08-04 03:24:46.569,2026-08-04 03:24:46.602
car_ID_182,FLUSH,443,car,416,333,683,287,0.6715,2026-08-04 03:24:44.895,2026-08-04 03:24:47.930
car_ID_185,FLUSH,448,car,450,281,449,281,0.6060,2026-08-04 03:24:48.307,2026-08-04 03:24:48.315
truck_ID_41,FLUSH,446,truck,695,258,773,247,0.6187,2026-08-04 03:24:45.519,2026-08-04 03:24:49.539
car_ID_188,FLUSH,445,car,301,303,302,303,0.5204,2026-08-04 03:24:49.755,2026-08-04 03:24:50.229
car_ID_187,FLUSH,443,car,754,277,784,267,0.6079,2026-08-04 03:24:48.997,2026-08-04 03:24:50.998
truck_ID_42,FLUSH,454,truck,787,245,787,246,0.5297,2026-08-04 03:24:51.429,2026-08-04 03:24:51.559
car_ID_186,FLUSH,451,car,1047,350,422,340,0.8094,2026-08-04 03:24:48.793,2026-08-04 03:24:52.061
car_ID_189,FLUSH,456,car,1075,340,731,346,0.8141,2026-08-04 03:24:50.936,2026-08-04 03:24:52.516
truck_ID_43,FLUSH,454,truck,794,243,794,243,0.5347,2026-08-04 03:24:52.686,2026-08-04 03:24:52.719
car_ID_191,FLUSH,459,car,635,345,299,302,0.7519,2026-08-04 03:24:52.842,2026-08-04 03:24:54.223
car_ID_190,FLUSH,458,car,945,311,719,267,0.6349,2026-08-04 03:24:52.512,2026-08-04 03:24:57.024
car_ID_192,FLUSH,463,car,956,304,762,273,0.6759,2026-08-04 03:24:55.000,2026-08-04 03:24:58.577
car_ID_194,FLUSH,465,car,387,295,387,295,0.5846,2026-08-04 03:24:59.589,2026-08-04 03:24:59.589
car_ID_195,FLUSH,459,car,301,303,301,303,0.5026,2026-08-04 03:25:01.259,2026-08-04 03:25:01.259
car_ID_197,FLUSH,465,car,387,292,387,294,0.5097,2026-08-04 03:25:01.596,2026-08-04 03:25:01.629
car_ID_196,FLUSH,472,car,760,271,784,259,0.5897,2026-08-04 03:25:01.362,2026-08-04 03:25:03.955
car_ID_198,FLUSH,459,car,301,303,301,302,0.5327,2026-08-04 03:25:04.022,2026-08-04 03:25:04.055
car_ID_193,FLUSH,470,car,795,286,720,263,0.6006,2026-08-04 03:24:59.401,2026-08-04 03:25:04.163
car_ID_200,FLUSH,477,car,366,367,366,367,0.6737,2026-08-04 03:25:07.955,2026-08-04 03:25:08.057
truck_ID_44,FLUSH,477,truck,367,362,367,362,0.6828,2026-08-04 03:25:08.091,2026-08-04 03:25:08.091
truck_ID_45,FLUSH,478,truck,373,363,386,364,0.6509,2026-08-04 03:25:08.156,2026-08-04 03:25:08.191
car_ID_201,FLUSH,478,car,404,365,1041,400,0.8725,2026-08-04 03:25:08.221,2026-08-04 03:25:09.999
car_ID_199,FLUSH,473,car,615,253,335,279,0.6775,2026-08-04 03:25:05.961,2026-08-04 03:25:10.686
car_ID_203,FLUSH,484,car,353,369,922,391,0.7702,2026-08-04 03:25:11.291,2026-08-04 03:25:13.204
car_ID_202,FLUSH,483,car,614,255,383,282,0.5741,2026-08-04 03:25:11.291,2026-08-04 03:25:15.799
car_ID_204,FLUSH,488,car,607,255,528,269,0.5484,2026-08-04 03:25:14.566,2026-08-04 03:25:16.038
car_ID_205,FLUSH,493,car,720,243,712,243,0.5169,2026-08-04 03:25:17.992,2026-08-04 03:25:18.262
car_ID_206,FLUSH,494,car,657,255,657,255,0.5062,2026-08-04 03:25:19.020,2026-08-04 03:25:19.086
car_ID_207,FLUSH,495,car,611,255,538,267,0.5634,2026-08-04 03:25:19.118,2026-08-04 03:25:20.553
car_ID_209,FLUSH,498,car,620,259,620,259,0.5276,2026-08-04 03:25:20.896,2026-08-04 03:25:20.896
car_ID_212,FLUSH,500,car,610,257,608,257,0.5335,2026-08-04 03:25:22.597,2026-08-04 03:25:22.760
car_ID_215,FLUSH,503,car,457,291,457,291,0.5133,2026-08-04 03:25:24.373,2026-08-04 03:25:24.373
car_ID_214,FLUSH,500,car,545,266,528,268,0.5810,2026-08-04 03:25:24.033,2026-08-04 03:25:24.405
car_ID_211,FLUSH,498,car,569,261,371,274,0.5642,2026-08-04 03:25:22.087,2026-08-04 03:25:24.599
car_ID_208,FLUSH,497,car,412,331,780,260,0.6856,2026-08-04 03:25:20.240,2026-08-04 03:25:25.364
car_ID_213,FLUSH,501,car,392,341,641,296,0.6663,2026-08-04 03:25:23.318,2026-08-04 03:25:25.601
car_ID_216,FLUSH,505,car,536,293,604,283,0.5798,2026-08-04 03:25:25.025,2026-08-04 03:25:25.698
car_ID_217,FLUSH,506,car,705,266,726,263,0.5926,2026-08-04 03:25:25.094,2026-08-04 03:25:25.698
car_ID_210,FLUSH,499,car,426,304,538,277,0.6470,2026-08-04 03:25:21.887,2026-08-04 03:25:26.559
car_ID_218,FLUSH,511,car,588,252,587,252,0.5240,2026-08-04 03:25:26.606,2026-08-04 03:25:26.829
car_ID_221,FLUSH,514,car,483,282,480,281,0.6210,2026-08-04 03:25:27.489,2026-08-04 03:25:27.820
car_ID_220,FLUSH,513,car,710,266,720,266,0.5504,2026-08-04 03:25:27.456,2026-08-04 03:25:27.894
bus_ID_4,FLUSH,509,bus,347,296,634,265,0.7965,2026-08-04 03:25:25.797,2026-08-04 03:25:28.498
bus_ID_5,FLUSH,518,bus,663,262,663,262,0.6060,2026-08-04 03:25:28.988,2026-08-04 03:25:28.988
truck_ID_46,FLUSH,509,truck,664,262,664,262,0.5062,2026-08-04 03:25:28.987,2026-08-04 03:25:28.987
car_ID_224,FLUSH,519,car,752,257,752,257,0.5133,2026-08-04 03:25:29.326,2026-08-04 03:25:29.391
car_ID_219,FLUSH,512,car,754,280,793,264,0.6096,2026-08-04 03:25:27.103,2026-08-04 03:25:29.461
car_ID_222,FLUSH,515,car,375,307,644,277,0.7216,2026-08-04 03:25:27.930,2026-08-04 03:25:30.626
bus_ID_6,FLUSH,520,bus,711,256,718,256,0.5933,2026-08-04 03:25:30.254,2026-08-04 03:25:30.662
bus_ID_7,FLUSH,525,bus,755,247,755,247,0.5102,2026-08-04 03:25:32.330,2026-08-04 03:25:32.394
car_ID_225,FLUSH,521,car,396,316,670,277,0.7167,2026-08-04 03:25:30.144,2026-08-04 03:25:32.800
car_ID_226,FLUSH,524,car,700,266,728,263,0.6635,2026-08-04 03:25:31.655,2026-08-04 03:25:32.800
car_ID_227,FLUSH,525,car,778,243,779,243,0.5347,2026-08-04 03:25:33.523,2026-08-04 03:25:33.758
car_ID_229,FLUSH,524,car,756,250,756,250,0.6283,2026-08-04 03:25:34.097,2026-08-04 03:25:34.197
car_ID_223,FLUSH,517,car,438,287,393,296,0.5935,2026-08-04 03:25:28.821,2026-08-04 03:25:34.522
car_ID_228,FLUSH,526,car,705,270,755,254,0.5902,2026-08-04 03:25:33.694,2026-08-04 03:25:36.088
car_ID_230,FLUSH,517,car,392,296,392,296,0.5570,2026-08-04 03:25:35.601,2026-08-04 03:25:37.495
car_ID_231,FLUSH,529,car,608,255,443,273,0.6057,2026-08-04 03:25:35.601,2026-08-04 03:25:38.234
car_ID_232,FLUSH,531,car,624,255,425,274,0.6580,2026-08-04 03:25:37.352,2026-08-04 03:25:40.660
car_ID_233,FLUSH,533,car,391,297,391,297,0.5533,2026-08-04 03:25:38.585,2026-08-04 03:25:44.133
car_ID_235,FLUSH,535,car,619,260,522,269,0.5702,2026-08-04 03:25:41.826,2026-08-04 03:25:45.404
car_ID_237,FLUSH,539,car,608,254,558,260,0.5853,2026-08-04 03:25:45.924,2026-08-04 03:25:47.221
car_ID_238,FLUSH,535,car,511,271,511,271,0.5062,2026-08-04 03:25:47.596,2026-08-04 03:25:47.628
car_ID_239,FLUSH,540,car,636,258,635,258,0.6000,2026-08-04 03:25:47.596,2026-08-04 03:25:47.661
car_ID_241,FLUSH,535,car,510,270,510,270,0.5482,2026-08-04 03:25:49.891,2026-08-04 03:25:50.095
car_ID_243,FLUSH,545,car,610,267,610,267,0.5240,2026-08-04 03:25:51.457,2026-08-04 03:25:51.457
car_ID_236,FLUSH,533,car,389,291,387,297,0.5555,2026-08-04 03:25:45.266,2026-08-04 03:25:52.685
car_ID_242,FLUSH,544,car,1046,348,410,341,0.7999,2026-08-04 03:25:50.585,2026-08-04 03:25:53.596
car_ID_245,FLUSH,551,car,386,295,386,295,0.5193,2026-08-04 03:25:54.187,2026-08-04 03:25:54.261
car_ID_244,FLUSH,548,car,1048,348,408,340,0.7519,2026-08-04 03:25:52.960,2026-08-04 03:25:55.323
car_ID_247,FLUSH,554,car,387,294,386,296,0.5564,2026-08-04 03:25:55.689,2026-08-04 03:25:59.557
car_ID_246,FLUSH,555,car,965,309,758,273,0.6851,2026-08-04 03:25:55.491,2026-08-04 03:25:59.959
car_ID_249,FLUSH,556,car,611,263,608,265,0.5350,2026-08-04 03:25:59.691,2026-08-04 03:26:01.230
car_ID_252,FLUSH,559,car,919,312,887,307,0.6238,2026-08-04 03:26:01.936,2026-08-04 03:26:02.132
car_ID_248,FLUSH,557,car,1001,317,760,275,0.6879,2026-08-04 03:25:57.674,2026-08-04 03:26:02.488
car_ID_251,FLUSH,554,car,387,297,386,297,0.5303,2026-08-04 03:26:01.763,2026-08-04 03:26:03.399
car_ID_250,FLUSH,558,car,936,309,767,294,0.6654,2026-08-04 03:26:00.257,2026-08-04 03:26:03.506
car_ID_234,FLUSH,536,car,611,263,451,281,0.5844,2026-08-04 03:25:40.632,2026-08-04 03:26:03.567
car_ID_255,FLUSH,556,car,602,264,601,264,0.5276,2026-08-04 03:26:05.557,2026-08-04 03:26:05.590
car_ID_256,FLUSH,536,car,451,280,451,280,0.5097,2026-08-04 03:26:06.482,2026-08-04 03:26:06.482
car_ID_254,FLUSH,561,car,706,280,719,267,0.6024,2026-08-04 03:26:04.899,2026-08-04 03:26:06.654
car_ID_253,FLUSH,557,car,779,278,804,258,0.6949,2026-08-04 03:26:03.794,2026-08-04 03:26:07.920
car_ID_257,FLUSH,563,car,755,256,758,255,0.5880,2026-08-04 03:26:08.699,2026-08-04 03:26:09.421
car_ID_258,FLUSH,536,car,448,281,448,281,0.5317,2026-08-04 03:26:08.896,2026-08-04 03:26:09.789
car_ID_260,FLUSH,556,car,602,261,599,260,0.5133,2026-08-04 03:26:10.642,2026-08-04 03:26:10.785
car_ID_259,FLUSH,546,car,503,270,496,272,0.5377,2026-08-04 03:26:10.164,2026-08-04 03:26:11.053
car_ID_262,FLUSH,566,car,390,283,389,284,0.5478,2026-08-04 03:26:12.042,2026-08-04 03:26:12.117
car_ID_261,FLUSH,535,car,498,271,394,281,0.5682,2026-08-04 03:26:10.923,2026-08-04 03:26:14.193
car_ID_264,FLUSH,569,car,397,359,877,388,0.7214,2026-08-04 03:26:12.898,2026-08-04 03:26:14.858
car_ID_263,FLUSH,567,car,533,266,397,278,0.6531,2026-08-04 03:26:12.462,2026-08-04 03:26:15.397
car_ID_267,FLUSH,535,car,331,296,330,297,0.5190,2026-08-04 03:26:15.277,2026-08-04 03:26:15.397
car_ID_240,FLUSH,543,car,616,265,461,281,0.5738,2026-08-04 03:25:48.760,2026-08-04 03:26:16.357
car_ID_266,FLUSH,556,car,570,269,527,272,0.6121,2026-08-04 03:26:15.240,2026-08-04 03:26:16.861
car_ID_268,FLUSH,572,car,602,254,559,261,0.5645,2026-08-04 03:26:16.133,2026-08-04 03:26:17.130
car_ID_265,FLUSH,573,car,355,368,986,388,0.8440,2026-08-04 03:26:15.167,2026-08-04 03:26:17.369
car_ID_270,FLUSH,556,car,439,279,437,278,0.6084,2026-08-04 03:26:18.942,2026-08-04 03:26:18.974
car_ID_269,FLUSH,577,car,388,360,914,387,0.7908,2026-08-04 03:26:18.157,2026-08-04 03:26:19.902
car_ID_272,FLUSH,582,car,540,266,540,266,0.6024,2026-08-04 03:26:19.963,2026-08-04 03:26:19.963
bus_ID_9,FLUSH,579,bus,597,359,606,359,0.6753,2026-08-04 03:26:20.490,2026-08-04 03:26:20.619
bus_ID_8,FLUSH,581,bus,533,358,659,362,0.5515,2026-08-04 03:26:20.344,2026-08-04 03:26:20.761
truck_ID_47,FLUSH,579,truck,363,339,740,364,0.6737,2026-08-04 03:26:19.727,2026-08-04 03:26:20.922
car_ID_273,FLUSH,581,car,852,363,884,364,0.6528,2026-08-04 03:26:20.996,2026-08-04 03:26:21.064
truck_ID_48,FLUSH,581,truck,361,339,927,365,0.6608,2026-08-04 03:26:19.760,2026-08-04 03:26:21.631
car_ID_274,FLUSH,579,car,951,366,1029,370,0.7061,2026-08-04 03:26:21.194,2026-08-04 03:26:21.783
car_ID_275,FLUSH,586,car,381,367,1002,379,0.7082,2026-08-04 03:26:21.928,2026-08-04 03:26:24.031
car_ID_271,FLUSH,580,car,579,267,399,283,0.6121,2026-08-04 03:26:19.930,2026-08-04 03:26:25.426
truck_ID_49,FLUSH,591,truck,480,304,548,294,0.6014,2026-08-04 03:26:26.933,2026-08-04 03:26:27.593
car_ID_277,FLUSH,591,car,551,294,553,293,0.5418,2026-08-04 03:26:27.624,2026-08-04 03:26:27.656
truck_ID_50,FLUSH,593,truck,578,288,611,284,0.6641,2026-08-04 03:26:27.930,2026-08-04 03:26:28.668
car_ID_276,FLUSH,592,car,392,297,729,265,0.7083,2026-08-04 03:26:27.132,2026-08-04 03:26:32.768
car_ID_279,FLUSH,601,car,407,314,672,280,0.7749,2026-08-04 03:26:30.112,2026-08-04 03:26:32.804
car_ID_280,FLUSH,600,car,755,270,794,253,0.5990,2026-08-04 03:26:30.963,2026-08-04 03:26:34.233
car_ID_282,FLUSH,604,car,712,268,718,264,0.5702,2026-08-04 03:26:33.726,2026-08-04 03:26:34.490
car_ID_281,FLUSH,603,car,386,288,395,283,0.5642,2026-08-04 03:26:32.907,2026-08-04 03:26:34.721
car_ID_278,FLUSH,596,car,384,293,671,275,0.6701,2026-08-04 03:26:28.590,2026-08-04 03:26:34.991
car_ID_283,FLUSH,608,car,749,260,749,260,0.5418,2026-08-04 03:26:35.294,2026-08-04 03:26:35.294
bus_ID_11,FLUSH,603,bus,494,285,494,285,0.5027,2026-08-04 03:26:36.297,2026-08-04 03:26:36.297
car_ID_285,FLUSH,611,car,385,293,390,290,0.6256,2026-08-04 03:26:36.428,2026-08-04 03:26:36.590
bus_ID_10,FLUSH,609,bus,457,289,529,281,0.5506,2026-08-04 03:26:35.991,2026-08-04 03:26:36.590
truck_ID_52,FLUSH,609,truck,461,289,536,281,0.6036,2026-08-04 03:26:36.024,2026-08-04 03:26:36.701
car_ID_284,FLUSH,596,car,712,263,716,262,0.5921,2026-08-04 03:26:36.093,2026-08-04 03:26:36.861
car_ID_287,FLUSH,613,car,621,293,621,293,0.5097,2026-08-04 03:26:36.936,2026-08-04 03:26:36.936
car_ID_289,FLUSH,596,car,751,258,751,258,0.5097,2026-08-04 03:26:37.964,2026-08-04 03:26:37.964
truck_ID_51,FLUSH,603,truck,365,297,629,269,0.6879,2026-08-04 03:26:34.860,2026-08-04 03:26:38.126
car_ID_286,FLUSH,612,car,440,326,671,286,0.7169,2026-08-04 03:26:36.936,2026-08-04 03:26:38.690
truck_ID_53,FLUSH,618,truck,719,258,719,258,0.5953,2026-08-04 03:26:40.133,2026-08-04 03:26:40.180
car_ID_288,FLUSH,611,car,386,285,649,279,0.6921,2026-08-04 03:26:37.697,2026-08-04 03:26:41.417
car_ID_291,FLUSH,616,car,747,279,802,261,0.6191,2026-08-04 03:26:39.527,2026-08-04 03:26:42.109
car_ID_293,FLUSH,611,car,712,269,723,269,0.5586,2026-08-04 03:26:42.663,2026-08-04 03:26:43.120
car_ID_290,FLUSH,615,car,385,286,384,285,0.5480,2026-08-04 03:26:39.160,2026-08-04 03:26:43.696
car_ID_295,FLUSH,611,car,750,261,761,258,0.6114,2026-08-04 03:26:44.224,2026-08-04 03:26:44.995
car_ID_294,FLUSH,622,car,623,256,522,262,0.6158,2026-08-04 03:26:43.664,2026-08-04 03:26:45.654
car_ID_296,FLUSH,624,car,609,264,565,267,0.5426,2026-08-04 03:26:45.340,2026-08-04 03:26:46.559
car_ID_297,FLUSH,627,car,438,273,366,277,0.6161,2026-08-04 03:26:46.559,2026-08-04 03:26:47.126
car_ID_298,FLUSH,628,car,753,240,752,240,0.5097,2026-08-04 03:26:47.058,2026-08-04 03:26:47.126
car_ID_292,FLUSH,619,car,621,268,405,291,0.6925,2026-08-04 03:26:40.424,2026-08-04 03:26:48.549
car_ID_302,FLUSH,631,car,709,246,707,246,0.5425,2026-08-04 03:26:48.930,2026-08-04 03:26:49.063
car_ID_301,FLUSH,633,car,936,310,853,309,0.5686,2026-08-04 03:26:48.343,2026-08-04 03:26:49.265
car_ID_299,FLUSH,629,car,550,269,489,276,0.6031,2026-08-04 03:26:47.429,2026-08-04 03:26:49.749
car_ID_300,FLUSH,632,car,381,360,951,377,0.8258,2026-08-04 03:26:48.300,2026-08-04 03:26:50.020
car_ID_306,FLUSH,641,car,397,367,1075,380,0.7522,2026-08-04 03:26:51.077,2026-08-04 03:26:53.024
truck_ID_54,FLUSH,648,truck,386,355,391,361,0.7353,2026-08-04 03:26:53.329,2026-08-04 03:26:53.361
car_ID_308,FLUSH,649,car,618,262,609,260,0.5438,2026-08-04 03:26:53.295,2026-08-04 03:26:53.570
car_ID_303,FLUSH,636,car,638,255,390,278,0.6228,2026-08-04 03:26:49.385,2026-08-04 03:26:53.634
car_ID_307,FLUSH,645,car,612,255,547,266,0.5744,2026-08-04 03:26:52.590,2026-08-04 03:26:53.947
car_ID_305,FLUSH,640,car,658,253,374,279,0.6922,2026-08-04 03:26:50.364,2026-08-04 03:26:54.054
car_ID_304,FLUSH,637,car,811,300,804,257,0.6554,2026-08-04 03:26:49.433,2026-08-04 03:26:54.529
car_ID_309,FLUSH,648,car,440,363,1010,380,0.8638,2026-08-04 03:26:53.506,2026-08-04 03:26:54.760
car_ID_310,FLUSH,651,car,600,254,538,261,0.6192,2026-08-04 03:26:54.496,2026-08-04 03:26:55.825
car_ID_311,FLUSH,653,car,416,364,861,388,0.7512,2026-08-04 03:26:55.721,2026-08-04 03:26:56.749
car_ID_312,FLUSH,656,car,418,330,785,264,0.6766,2026-08-04 03:27:02.240,2026-08-04 03:27:07.363
car_ID_314,FLUSH,659,car,390,321,622,281,0.7815,2026-08-04 03:27:06.894,2026-08-04 03:27:08.935
car_ID_316,FLUSH,666,car,453,309,547,297,0.5287,2026-08-04 03:27:12.665,2026-08-04 03:27:13.299
car_ID_315,FLUSH,664,car,604,266,571,290,0.5707,2026-08-04 03:27:12.493,2026-08-04 03:27:13.534
car_ID_317,FLUSH,667,car,517,301,584,289,0.5193,2026-08-04 03:27:13.095,2026-08-04 03:27:13.652
bus_ID_12,FLUSH,664,bus,574,290,574,290,0.5204,2026-08-04 03:27:13.574,2026-08-04 03:27:13.652
bus_ID_13,FLUSH,667,bus,587,290,587,290,0.5097,2026-08-04 03:27:13.686,2026-08-04 03:27:13.686
truck_ID_56,FLUSH,667,truck,591,289,594,287,0.5977,2026-08-04 03:27:13.717,2026-08-04 03:27:13.894
truck_ID_55,FLUSH,666,truck,552,296,567,291,0.6377,2026-08-04 03:27:13.339,2026-08-04 03:27:13.956
car_ID_313,FLUSH,658,car,407,314,794,251,0.6808,2026-08-04 03:27:05.687,2026-08-04 03:27:14.059
car_ID_319,FLUSH,666,car,502,275,418,285,0.5888,2026-08-04 03:27:14.542,2026-08-04 03:27:15.860
car_ID_320,FLUSH,667,car,556,268,539,270,0.5405,2026-08-04 03:27:16.109,2026-08-04 03:27:16.521
car_ID_321,FLUSH,673,car,755,269,765,265,0.6044,2026-08-04 03:27:16.354,2026-08-04 03:27:17.030
car_ID_322,FLUSH,672,car,708,265,723,263,0.5942,2026-08-04 03:27:16.422,2026-08-04 03:27:17.115
car_ID_318,FLUSH,671,car,381,328,675,278,0.6702,2026-08-04 03:27:14.502,2026-08-04 03:27:17.784
car_ID_323,FLUSH,674,car,607,259,571,264,0.5717,2026-08-04 03:27:16.625,2026-08-04 03:27:18.194
car_ID_325,FLUSH,678,car,616,258,605,260,0.5360,2026-08-04 03:27:18.363,2026-08-04 03:27:18.667
car_ID_326,FLUSH,676,car,721,263,723,265,0.5853,2026-08-04 03:27:18.526,2026-08-04 03:27:18.667
car_ID_324,FLUSH,675,car,767,263,795,255,0.5303,2026-08-04 03:27:17.115,2026-08-04 03:27:19.723
car_ID_327,FLUSH,684,car,585,273,537,271,0.5831,2026-08-04 03:27:21.232,2026-08-04 03:27:23.164
truck_ID_57,FLUSH,677,truck,384,303,773,250,0.6494,2026-08-04 03:27:18.527,2026-08-04 03:27:23.213
car_ID_329,FLUSH,697,car,528,281,528,281,0.5347,2026-08-04 03:27:25.296,2026-08-04 03:27:25.296
car_ID_330,FLUSH,698,car,580,273,571,275,0.6393,2026-08-04 03:27:25.667,2026-08-04 03:27:26.762
car_ID_328,FLUSH,696,car,392,303,669,278,0.7545,2026-08-04 03:27:24.888,2026-08-04 03:27:27.421
truck_ID_58,FLUSH,690,truck,395,292,771,250,0.6763,2026-08-04 03:27:23.132,2026-08-04 03:27:27.625
truck_ID_59,FLUSH,700,truck,379,303,627,270,0.7394,2026-08-04 03:27:26.335,2026-08-04 03:27:27.825
truck_ID_60,FLUSH,709,truck,752,255,789,249,0.5841,2026-08-04 03:27:29.528,2026-08-04 03:27:31.510
car_ID_333,FLUSH,716,car,606,267,606,267,0.5026,2026-08-04 03:27:34.589,2026-08-04 03:27:34.589
truck_ID_61,FLUSH,720,truck,654,245,648,241,0.5175,2026-08-04 03:27:34.036,2026-08-04 03:27:34.858
car_ID_331,FLUSH,702,car,570,275,571,272,0.5890,2026-08-04 03:27:27.895,2026-08-04 03:27:35.819
truck_ID_62,FLUSH,702,truck,567,243,567,243,0.5418,2026-08-04 03:27:36.761,2026-08-04 03:27:36.761
car_ID_332,FLUSH,703,car,527,272,529,272,0.5390,2026-08-04 03:27:30.525,2026-08-04 03:27:37.232
car_ID_337,FLUSH,728,car,415,303,418,305,0.6808,2026-08-04 03:27:38.543,2026-08-04 03:27:38.689
car_ID_336,FLUSH,726,car,389,339,672,288,0.7792,2026-08-04 03:27:37.823,2026-08-04 03:27:39.463
car_ID_338,FLUSH,729,car,468,297,614,279,0.6659,2026-08-04 03:27:38.756,2026-08-04 03:27:40.122
car_ID_334,FLUSH,718,car,407,314,762,259,0.6472,2026-08-04 03:27:35.953,2026-08-04 03:27:40.257
truck_ID_63,FLUSH,731,truck,459,253,406,256,0.5324,2026-08-04 03:27:39.564,2026-08-04 03:27:40.629
car_ID_341,FLUSH,734,car,752,259,752,259,0.5561,2026-08-04 03:27:41.959,2026-08-04 03:27:42.465
car_ID_340,FLUSH,733,car,743,278,802,260,0.6113,2026-08-04 03:27:40.257,2026-08-04 03:27:42.531
car_ID_339,FLUSH,724,car,530,272,528,272,0.5194,2026-08-04 03:27:40.090,2026-08-04 03:27:43.257
car_ID_342,FLUSH,738,car,419,324,684,286,0.6746,2026-08-04 03:27:43.055,2026-08-04 03:27:45.025
car_ID_343,FLUSH,724,car,529,272,530,272,0.5469,2026-08-04 03:27:44.696,2026-08-04 03:27:46.224
car_ID_344,FLUSH,742,car,749,276,780,270,0.6470,2026-08-04 03:27:45.329,2026-08-04 03:27:46.329
car_ID_346,FLUSH,725,car,610,266,610,268,0.5440,2026-08-04 03:27:46.529,2026-08-04 03:27:46.831
car_ID_347,FLUSH,724,car,529,273,529,273,0.5288,2026-08-04 03:27:47.320,2026-08-04 03:27:48.930
car_ID_345,FLUSH,741,car,382,316,760,257,0.6868,2026-08-04 03:27:45.921,2026-08-04 03:27:49.562
car_ID_348,FLUSH,749,car,385,336,671,289,0.6952,2026-08-04 03:27:49.432,2026-08-04 03:27:51.151
car_ID_351,FLUSH,725,car,608,263,608,263,0.5062,2026-08-04 03:27:54.056,2026-08-04 03:27:54.122
car_ID_350,FLUSH,754,car,732,278,806,256,0.7351,2026-08-04 03:27:51.889,2026-08-04 03:27:55.002
car_ID_352,FLUSH,725,car,609,265,609,264,0.5198,2026-08-04 03:27:58.458,2026-08-04 03:27:59.198
car_ID_353,FLUSH,735,car,452,277,439,278,0.5614,2026-08-04 03:27:58.866,2026-08-04 03:27:59.232
car_ID_355,FLUSH,759,car,361,370,881,392,0.7714,2026-08-04 03:28:00.735,2026-08-04 03:28:02.626
car_ID_354,FLUSH,725,car,610,265,606,267,0.5206,2026-08-04 03:28:00.599,2026-08-04 03:28:03.131
car_ID_349,FLUSH,724,car,529,273,420,282,0.5549,2026-08-04 03:27:49.954,2026-08-04 03:28:03.399
car_ID_356,FLUSH,760,car,364,369,852,392,0.7535,2026-08-04 03:28:03.029,2026-08-04 03:28:04.391
car_ID_335,FLUSH,702,car,572,273,406,285,0.5935,2026-08-04 03:27:37.309,2026-08-04 03:28:06.361
car_ID_361,FLUSH,764,car,370,369,481,366,0.5453,2026-08-04 03:28:05.694,2026-08-04 03:28:06.361
truck_ID_64,FLUSH,764,truck,518,369,613,373,0.5459,2026-08-04 03:28:06.474,2026-08-04 03:28:06.685
car_ID_362,FLUSH,767,car,493,367,650,374,0.5477,2026-08-04 03:28:06.401,2026-08-04 03:28:06.786
truck_ID_65,FLUSH,767,truck,550,372,716,374,0.6533,2026-08-04 03:28:06.509,2026-08-04 03:28:06.921
car_ID_360,FLUSH,762,car,563,269,506,275,0.6596,2026-08-04 03:28:05.657,2026-08-04 03:28:07.024
car_ID_357,FLUSH,761,car,992,319,754,277,0.7129,2026-08-04 03:28:03.193,2026-08-04 03:28:07.988
car_ID_364,FLUSH,762,car,449,281,449,281,0.5490,2026-08-04 03:28:08.082,2026-08-04 03:28:08.082
car_ID_358,FLUSH,763,car,1012,318,767,280,0.7153,2026-08-04 03:28:05.522,2026-08-04 03:28:09.559
car_ID_359,FLUSH,725,car,616,268,449,282,0.5908,2026-08-04 03:28:05.593,2026-08-04 03:28:09.965
car_ID_365,FLUSH,770,car,334,368,908,388,0.7069,2026-08-04 03:28:08.460,2026-08-04 03:28:10.531
car_ID_366,FLUSH,771,car,949,311,768,284,0.6564,2026-08-04 03:28:08.495,2026-08-04 03:28:11.023
car_ID_369,FLUSH,774,car,796,263,802,260,0.5482,2026-08-04 03:28:12.492,2026-08-04 03:28:13.387
car_ID_368,FLUSH,773,car,342,374,1027,396,0.8097,2026-08-04 03:28:11.227,2026-08-04 03:28:13.445
car_ID_363,FLUSH,769,car,622,267,319,303,0.7157,2026-08-04 03:28:07.920,2026-08-04 03:28:14.162
car_ID_370,FLUSH,775,car,613,253,532,264,0.6094,2026-08-04 03:28:12.828,2026-08-04 03:28:14.226
car_ID_373,FLUSH,779,car,301,358,301,358,0.5026,2026-08-04 03:28:14.500,2026-08-04 03:28:14.500
car_ID_372,FLUSH,777,car,363,373,893,390,0.7947,2026-08-04 03:28:13.102,2026-08-04 03:28:14.571
car_ID_367,FLUSH,772,car,941,311,750,264,0.6889,2026-08-04 03:28:10.128,2026-08-04 03:28:15.187
car_ID_375,FLUSH,781,car,802,259,802,259,0.5097,2026-08-04 03:28:15.663,2026-08-04 03:28:15.696
car_ID_374,FLUSH,780,car,367,363,1034,381,0.8007,2026-08-04 03:28:14.763,2026-08-04 03:28:16.690
car_ID_376,FLUSH,782,car,344,360,359,357,0.5889,2026-08-04 03:28:17.000,2026-08-04 03:28:17.171
truck_ID_66,FLUSH,782,truck,366,357,375,356,0.5452,2026-08-04 03:28:17.203,2026-08-04 03:28:17.267
car_ID_377,FLUSH,784,car,414,361,1042,380,0.8519,2026-08-04 03:28:17.302,2026-08-04 03:28:18.867
car_ID_378,FLUSH,785,car,603,256,531,268,0.5869,2026-08-04 03:28:17.953,2026-08-04 03:28:19.111
car_ID_371,FLUSH,776,car,1000,332,799,254,0.6878,2026-08-04 03:28:12.965,2026-08-04 03:28:19.387
car_ID_379,FLUSH,787,car,613,258,525,270,0.5927,2026-08-04 03:28:20.365,2026-08-04 03:28:22.228
car_ID_381,FLUSH,791,car,513,331,513,331,0.5418,2026-08-04 03:28:24.599,2026-08-04 03:28:25.057
car_ID_380,FLUSH,788,car,389,317,671,278,0.7599,2026-08-04 03:28:22.361,2026-08-04 03:28:25.563
truck_ID_67,FLUSH,789,truck,337,301,748,255,0.7005,2026-08-04 03:28:23.463,2026-08-04 03:28:29.497
truck_ID_68,FLUSH,796,truck,353,301,768,252,0.6372,2026-08-04 03:28:26.965,2026-08-04 03:28:30.692
truck_ID_70,FLUSH,800,truck,749,254,774,249,0.6114,2026-08-04 03:28:32.060,2026-08-04 03:28:33.591
truck_ID_69,FLUSH,801,truck,369,299,670,263,0.6880,2026-08-04 03:28:31.399,2026-08-04 03:28:34.722
car_ID_382,FLUSH,805,car,463,308,542,297,0.5754,2026-08-04 03:28:34.563,2026-08-04 03:28:35.127
truck_ID_72,FLUSH,808,truck,769,251,773,250,0.6470,2026-08-04 03:28:36.735,2026-08-04 03:28:37.101
truck_ID_71,FLUSH,806,truck,376,293,631,261,0.6976,2026-08-04 03:28:34.797,2026-08-04 03:28:37.273
car_ID_383,FLUSH,814,car,609,260,568,264,0.6297,2026-08-04 03:28:38.059,2026-08-04 03:28:38.951
truck_ID_74,FLUSH,813,truck,760,250,769,249,0.5513,2026-08-04 03:28:39.867,2026-08-04 03:28:40.388
truck_ID_73,FLUSH,816,truck,403,292,639,263,0.7058,2026-08-04 03:28:38.952,2026-08-04 03:28:41.096
car_ID_384,FLUSH,824,car,403,312,639,282,0.7599,2026-08-04 03:28:42.162,2026-08-04 03:28:43.368
truck_ID_75,FLUSH,825,truck,740,253,767,249,0.6397,2026-08-04 03:28:42.633,2026-08-04 03:28:43.921
car_ID_386,FLUSH,825,car,770,264,770,264,0.5062,2026-08-04 03:28:44.070,2026-08-04 03:28:44.070
car_ID_385,FLUSH,826,car,618,254,460,273,0.6147,2026-08-04 03:28:42.596,2026-08-04 03:28:45.334
car_ID_387,FLUSH,831,car,615,252,389,272,0.6172,2026-08-04 03:28:47.287,2026-08-04 03:28:50.195
car_ID_388,FLUSH,834,car,616,254,428,274,0.6266,2026-08-04 03:28:54.088,2026-08-04 03:28:57.021
car_ID_389,FLUSH,836,car,615,260,344,288,0.7025,2026-08-04 03:28:56.777,2026-08-04 03:28:59.724
car_ID_390,FLUSH,837,car,618,254,568,262,0.5928,2026-08-04 03:29:02.724,2026-08-04 03:29:04.229
truck_ID_76,FLUSH,840,truck,629,265,631,264,0.5815,2026-08-04 03:29:06.440,2026-08-04 03:29:06.445
bus_ID_14,FLUSH,843,bus,761,251,761,251,0.5204,2026-08-04 03:29:08.964,2026-08-04 03:29:08.964
truck_ID_77,FLUSH,841,truck,388,298,621,267,0.6489,2026-08-04 03:29:07.943,2026-08-04 03:29:09.791
truck_ID_78,FLUSH,852,truck,771,252,773,250,0.5911,2026-08-04 03:29:12.032,2026-08-04 03:29:13.000
truck_ID_79,FLUSH,857,truck,377,290,671,261,0.7455,2026-08-04 03:29:15.091,2026-08-04 03:29:17.431
truck_ID_81,FLUSH,858,truck,684,348,684,348,0.5065,2026-08-04 03:29:18.534,2026-08-04 03:29:18.595
truck_ID_80,FLUSH,862,truck,691,259,767,250,0.6994,2026-08-04 03:29:17.610,2026-08-04 03:29:19.559
car_ID_393,FLUSH,865,car,367,343,311,339,0.5598,2026-08-04 03:29:19.760,2026-08-04 03:29:20.096
car_ID_391,FLUSH,858,car,1129,353,368,343,0.7775,2026-08-04 03:29:15.631,2026-08-04 03:29:20.236
car_ID_395,FLUSH,868,car,783,266,783,266,0.5062,2026-08-04 03:29:20.490,2026-08-04 03:29:20.557
car_ID_392,FLUSH,861,car,601,270,429,284,0.5821,2026-08-04 03:29:17.657,2026-08-04 03:29:20.763
car_ID_394,FLUSH,866,car,1020,348,371,345,0.7299,2026-08-04 03:29:19.933,2026-08-04 03:29:23.099
car_ID_396,FLUSH,869,car,874,304,804,259,0.6809,2026-08-04 03:29:20.993,2026-08-04 03:29:28.043
car_ID_397,FLUSH,873,car,618,268,322,305,0.7059,2026-08-04 03:29:25.599,2026-08-04 03:29:36.363
car_ID_398,FLUSH,876,car,328,373,911,387,0.7699,2026-08-04 03:29:36.058,2026-08-04 03:29:37.929
car_ID_399,FLUSH,877,car,373,371,388,369,0.6075,2026-08-04 03:29:39.158,2026-08-04 03:29:39.382
truck_ID_82,FLUSH,878,truck,383,365,388,369,0.5778,2026-08-04 03:29:39.324,2026-08-04 03:29:39.382
car_ID_400,FLUSH,878,car,402,370,1051,398,0.7656,2026-08-04 03:29:39.413,2026-08-04 03:29:41.163
car_ID_401,FLUSH,881,car,1062,350,358,339,0.8014,2026-08-04 03:29:45.092,2026-08-04 03:29:48.394
car_ID_402,FLUSH,886,car,712,243,709,245,0.5322,2026-08-04 03:29:49.634,2026-08-04 03:29:49.822
car_ID_403,FLUSH,889,car,951,308,803,259,0.7224,2026-08-04 03:29:50.356,2026-08-04 03:29:54.656
car_ID_404,FLUSH,891,car,614,251,365,276,0.6515,2026-08-04 03:29:52.577,2026-08-04 03:29:56.876
car_ID_405,FLUSH,893,car,613,255,387,283,0.6771,2026-08-04 03:29:54.561,2026-08-04 03:29:59.127
car_ID_406,FLUSH,896,car,612,249,606,248,0.5433,2026-08-04 03:30:00.130,2026-08-04 03:30:00.397
car_ID_409,FLUSH,900,car,454,329,454,329,0.5418,2026-08-04 03:30:00.774,2026-08-04 03:30:01.260
truck_ID_84,FLUSH,901,truck,532,257,531,257,0.5882,2026-08-04 03:30:01.933,2026-08-04 03:30:02.422
car_ID_407,FLUSH,898,car,401,309,613,272,0.5474,2026-08-04 03:30:00.193,2026-08-04 03:30:02.457
car_ID_410,FLUSH,902,car,463,265,459,265,0.5264,2026-08-04 03:30:02.910,2026-08-04 03:30:02.952
car_ID_408,FLUSH,899,car,421,330,684,292,0.6806,2026-08-04 03:30:00.566,2026-08-04 03:30:03.067
truck_ID_83,FLUSH,902,truck,542,255,435,265,0.5491,2026-08-04 03:30:01.795,2026-08-04 03:30:03.265
car_ID_412,FLUSH,905,car,427,267,427,267,0.5347,2026-08-04 03:30:03.330,2026-08-04 03:30:03.330
car_ID_415,FLUSH,899,car,719,262,719,262,0.5240,2026-08-04 03:30:04.158,2026-08-04 03:30:04.191
car_ID_416,FLUSH,909,car,610,264,533,272,0.5785,2026-08-04 03:30:04.797,2026-08-04 03:30:05.796
car_ID_411,FLUSH,904,car,611,256,412,279,0.6499,2026-08-04 03:30:03.164,2026-08-04 03:30:06.444
car_ID_413,FLUSH,906,car,388,335,675,289,0.8205,2026-08-04 03:30:03.856,2026-08-04 03:30:06.619
car_ID_414,FLUSH,907,car,742,278,803,257,0.6253,2026-08-04 03:30:04.158,2026-08-04 03:30:07.157
car_ID_418,FLUSH,912,car,614,255,415,280,0.6089,2026-08-04 03:30:07.923,2026-08-04 03:30:10.643
car_ID_417,FLUSH,906,car,738,278,805,255,0.7319,2026-08-04 03:30:07.712,2026-08-04 03:30:11.667
car_ID_419,FLUSH,914,car,627,259,375,291,0.7140,2026-08-04 03:30:13.943,2026-08-04 03:30:18.463
bus_ID_15,FLUSH,918,bus,340,355,340,355,0.5890,2026-08-04 03:30:22.086,2026-08-04 03:30:22.154
truck_ID_85,FLUSH,918,truck,355,348,373,351,0.6143,2026-08-04 03:30:22.187,2026-08-04 03:30:22.292
car_ID_420,FLUSH,916,car,612,264,466,278,0.5962,2026-08-04 03:30:21.328,2026-08-04 03:30:23.557
car_ID_421,FLUSH,918,car,425,357,1114,379,0.8151,2026-08-04 03:30:22.427,2026-08-04 03:30:24.624
car_ID_422,FLUSH,917,car,613,262,415,283,0.6576,2026-08-04 03:30:22.987,2026-08-04 03:30:25.955
car_ID_424,FLUSH,923,car,937,312,906,304,0.5577,2026-08-04 03:30:29.394,2026-08-04 03:30:30.045
car_ID_423,FLUSH,922,car,326,376,982,392,0.7614,2026-08-04 03:30:28.195,2026-08-04 03:30:30.186
car_ID_425,FLUSH,924,car,410,359,954,382,0.7988,2026-08-04 03:30:29.830,2026-08-04 03:30:31.264
car_ID_426,FLUSH,908,car,815,299,804,259,0.7401,2026-08-04 03:30:30.120,2026-08-04 03:30:34.199
car_ID_429,FLUSH,928,car,384,308,673,271,0.5970,2026-08-04 03:30:43.802,2026-08-04 03:30:46.839
car_ID_427,FLUSH,926,car,391,316,768,259,0.6966,2026-08-04 03:30:41.065,2026-08-04 03:30:47.389
car_ID_428,FLUSH,927,car,399,307,724,262,0.6820,2026-08-04 03:30:42.566,2026-08-04 03:30:48.420
car_ID_430,FLUSH,933,car,562,264,397,280,0.6256,2026-08-04 03:30:45.961,2026-08-04 03:30:48.520
car_ID_432,FLUSH,938,car,750,257,761,253,0.5896,2026-08-04 03:30:49.501,2026-08-04 03:30:50.398
truck_ID_86,FLUSH,937,truck,357,295,500,276,0.6708,2026-08-04 03:30:49.366,2026-08-04 03:30:52.202
car_ID_431,FLUSH,936,car,1090,346,393,339,0.7910,2026-08-04 03:30:48.858,2026-08-04 03:30:53.780
truck_ID_87,FLUSH,940,truck,511,278,627,268,0.6425,2026-08-04 03:30:52.263,2026-08-04 03:30:53.810
truck_ID_88,FLUSH,949,truck,696,261,759,256,0.5197,2026-08-04 03:30:55.072,2026-08-04 03:30:56.271
car_ID_433,FLUSH,942,car,1020,349,382,339,0.7372,2026-08-04 03:30:53.126,2026-08-04 03:30:56.336
truck_ID_89,FLUSH,950,truck,673,348,670,348,0.5628,2026-08-04 03:30:56.788,2026-08-04 03:30:56.821
car_ID_435,FLUSH,950,car,1103,354,348,339,0.8354,2026-08-04 03:30:55.149,2026-08-04 03:30:57.933
car_ID_436,FLUSH,956,car,892,346,539,342,0.6103,2026-08-04 03:30:58.771,2026-08-04 03:30:59.758
truck_ID_90,FLUSH,956,truck,772,339,441,339,0.5472,2026-08-04 03:30:59.134,2026-08-04 03:31:00.735
car_ID_434,FLUSH,948,car,964,317,763,261,0.6603,2026-08-04 03:30:54.322,2026-08-04 03:31:02.721
car_ID_437,FLUSH,962,car,1103,347,341,340,0.7662,2026-08-04 03:31:00.059,2026-08-04 03:31:03.066
car_ID_441,FLUSH,948,car,789,247,790,245,0.5411,2026-08-04 03:31:04.026,2026-08-04 03:31:04.156
car_ID_440,FLUSH,971,car,657,254,656,255,0.5276,2026-08-04 03:31:03.957,2026-08-04 03:31:04.189
car_ID_439,FLUSH,970,car,491,276,442,279,0.5803,2026-08-04 03:31:03.732,2026-08-04 03:31:04.496
truck_ID_92,FLUSH,960,truck,460,279,431,280,0.5739,2026-08-04 03:31:04.230,2026-08-04 03:31:04.703
truck_ID_91,FLUSH,970,truck,463,279,412,285,0.5181,2026-08-04 03:31:04.189,2026-08-04 03:31:05.017
car_ID_443,FLUSH,973,car,707,246,707,246,0.5169,2026-08-04 03:31:05.254,2026-08-04 03:31:05.254
car_ID_438,FLUSH,960,car,634,258,379,284,0.6131,2026-08-04 03:31:00.535,2026-08-04 03:31:05.759
car_ID_444,FLUSH,971,car,612,258,549,265,0.5595,2026-08-04 03:31:05.388,2026-08-04 03:31:07.126
car_ID_442,FLUSH,972,car,613,265,428,282,0.5980,2026-08-04 03:31:04.296,2026-08-04 03:31:07.749
car_ID_445,FLUSH,974,car,610,264,441,280,0.5904,2026-08-04 03:31:06.166,2026-08-04 03:31:10.067
car_ID_446,FLUSH,978,car,612,256,468,272,0.6337,2026-08-04 03:31:08.833,2026-08-04 03:31:12.394
car_ID_447,FLUSH,980,car,656,253,490,271,0.5850,2026-08-04 03:31:09.290,2026-08-04 03:31:12.799
car_ID_448,FLUSH,981,car,464,280,376,283,0.5776,2026-08-04 03:31:10.625,2026-08-04 03:31:13.645
truck_ID_94,FLUSH,985,truck,382,354,933,382,0.6841,2026-08-04 03:31:14.067,2026-08-04 03:31:15.376
truck_ID_93,FLUSH,984,truck,371,349,958,382,0.7375,2026-08-04 03:31:13.945,2026-08-04 03:31:15.412
car_ID_452,FLUSH,984,car,522,369,1040,384,0.6723,2026-08-04 03:31:14.461,2026-08-04 03:31:15.564
car_ID_450,FLUSH,985,car,383,352,1048,385,0.6074,2026-08-04 03:31:13.996,2026-08-04 03:31:16.074
car_ID_449,FLUSH,982,car,604,256,354,283,0.6927,2026-08-04 03:31:11.363,2026-08-04 03:31:16.152
car_ID_453,FLUSH,988,car,379,367,941,394,0.7135,2026-08-04 03:31:17.027,2026-08-04 03:31:19.018
car_ID_454,FLUSH,987,car,613,253,529,264,0.5861,2026-08-04 03:31:17.688,2026-08-04 03:31:19.187
car_ID_455,FLUSH,989,car,385,360,1035,373,0.7532,2026-08-04 03:31:18.452,2026-08-04 03:31:20.862
car_ID_456,FLUSH,990,car,606,266,390,286,0.6076,2026-08-04 03:31:19.258,2026-08-04 03:31:23.691
car_ID_458,FLUSH,993,car,419,307,760,253,0.6361,2026-08-04 03:31:28.196,2026-08-04 03:31:34.199
car_ID_457,FLUSH,992,car,610,264,759,257,0.6703,2026-08-04 03:31:26.088,2026-08-04 03:31:36.225
car_ID_460,FLUSH,1003,car,581,272,579,267,0.5395,2026-08-04 03:31:37.222,2026-08-04 03:31:37.291
car_ID_461,FLUSH,1007,car,487,272,474,273,0.5089,2026-08-04 03:31:37.799,2026-08-04 03:31:38.002
car_ID_459,FLUSH,999,car,384,340,682,292,0.7503,2026-08-04 03:31:35.579,2026-08-04 03:31:39.565
truck_ID_95,FLUSH,995,truck,382,300,773,252,0.6892,2026-08-04 03:31:31.591,2026-08-04 03:31:40.392
car_ID_462,FLUSH,1008,car,334,318,730,261,0.7271,2026-08-04 03:31:37.799,2026-08-04 03:31:43.127
car_ID_468,FLUSH,1008,car,759,253,766,253,0.5470,2026-08-04 03:31:44.324,2026-08-04 03:31:44.725
car_ID_463,FLUSH,1009,car,547,270,447,280,0.5657,2026-08-04 03:31:38.249,2026-08-04 03:31:45.659
car_ID_464,FLUSH,1013,car,613,269,502,276,0.5589,2026-08-04 03:31:39.264,2026-08-04 03:31:45.857
car_ID_467,FLUSH,1023,car,618,261,583,266,0.5731,2026-08-04 03:31:44.219,2026-08-04 03:31:46.293
car_ID_466,FLUSH,999,car,742,279,805,254,0.6610,2026-08-04 03:31:40.931,2026-08-04 03:31:46.594
car_ID_465,FLUSH,1017,car,391,309,792,246,0.6588,2026-08-04 03:31:40.126,2026-08-04 03:31:47.837
car_ID_470,FLUSH,1033,car,615,260,597,264,0.5692,2026-08-04 03:31:48.694,2026-08-04 03:31:49.098
car_ID_472,FLUSH,1031,car,446,281,445,280,0.5677,2026-08-04 03:31:48.923,2026-08-04 03:31:49.232
truck_ID_96,FLUSH,1025,truck,430,301,787,245,0.7112,2026-08-04 03:31:46.494,2026-08-04 03:31:50.398
car_ID_474,FLUSH,1036,car,615,261,604,261,0.5462,2026-08-04 03:31:50.947,2026-08-04 03:31:51.219
car_ID_473,FLUSH,1031,car,446,280,445,281,0.5367,2026-08-04 03:31:50.330,2026-08-04 03:31:53.090
car_ID_475,FLUSH,1040,car,625,259,561,262,0.5694,2026-08-04 03:31:52.003,2026-08-04 03:31:53.988
car_ID_476,FLUSH,1031,car,446,281,446,280,0.5513,2026-08-04 03:31:54.125,2026-08-04 03:31:54.288
car_ID_469,FLUSH,1028,car,510,282,508,275,0.5486,2026-08-04 03:31:47.629,2026-08-04 03:31:54.395
car_ID_478,FLUSH,1031,car,446,280,445,280,0.5307,2026-08-04 03:31:57.162,2026-08-04 03:32:00.819
car_ID_477,FLUSH,1028,car,509,275,515,276,0.5530,2026-08-04 03:31:55.855,2026-08-04 03:32:01.311
car_ID_471,FLUSH,1030,car,562,267,558,268,0.6001,2026-08-04 03:31:48.830,2026-08-04 03:32:01.427
truck_ID_97,FLUSH,1051,truck,349,317,780,249,0.6194,2026-08-04 03:32:01.393,2026-08-04 03:32:06.493
car_ID_482,FLUSH,1056,car,617,270,601,268,0.6255,2026-08-04 03:32:04.124,2026-08-04 03:32:10.195
car_ID_484,FLUSH,1065,car,657,255,657,255,0.5418,2026-08-04 03:32:12.058,2026-08-04 03:32:12.058
car_ID_483,FLUSH,1056,car,602,268,603,268,0.5283,2026-08-04 03:32:11.303,2026-08-04 03:32:12.524
car_ID_451,FLUSH,986,car,1054,352,708,348,0.7640,2026-08-04 03:31:14.297,2026-08-04 03:32:12.763
truck_ID_98,FLUSH,1068,truck,705,349,701,349,0.5402,2026-08-04 03:32:12.799,2026-08-04 03:32:12.866
truck_ID_99,FLUSH,986,truck,689,348,689,348,0.5552,2026-08-04 03:32:12.865,2026-08-04 03:32:12.865
car_ID_485,FLUSH,1068,car,638,344,329,335,0.7054,2026-08-04 03:32:13.068,2026-08-04 03:32:14.852
truck_ID_100,FLUSH,1069,truck,665,349,665,349,0.5327,2026-08-04 03:32:15.290,2026-08-04 03:32:15.290
car_ID_486,FLUSH,1069,car,1101,349,353,338,0.7890,2026-08-04 03:32:13.452,2026-08-04 03:32:16.421
car_ID_487,FLUSH,1074,car,962,308,925,302,0.6274,2026-08-04 03:32:15.803,2026-08-04 03:32:16.455
car_ID_481,FLUSH,1053,car,445,280,444,281,0.5344,2026-08-04 03:32:03.510,2026-08-04 03:32:17.267
car_ID_491,FLUSH,1079,car,710,249,710,249,0.5050,2026-08-04 03:32:18.063,2026-08-04 03:32:18.134
car_ID_490,FLUSH,1078,car,1107,350,733,348,0.8268,2026-08-04 03:32:17.506,2026-08-04 03:32:18.876
car_ID_488,FLUSH,1076,car,1017,349,399,337,0.7723,2026-08-04 03:32:16.490,2026-08-04 03:32:18.952
truck_ID_101,FLUSH,1084,truck,716,350,716,350,0.5552,2026-08-04 03:32:18.952,2026-08-04 03:32:18.952
truck_ID_102,FLUSH,1078,truck,708,350,708,350,0.6078,2026-08-04 03:32:18.985,2026-08-04 03:32:19.458
car_ID_495,FLUSH,1056,car,608,269,608,269,0.5204,2026-08-04 03:32:19.598,2026-08-04 03:32:19.598
car_ID_492,FLUSH,1084,car,710,349,392,339,0.7747,2026-08-04 03:32:18.985,2026-08-04 03:32:20.166
car_ID_489,FLUSH,1077,car,840,300,772,273,0.7081,2026-08-04 03:32:17.472,2026-08-04 03:32:20.924
car_ID_493,FLUSH,1085,car,961,312,757,284,0.6624,2026-08-04 03:32:19.264,2026-08-04 03:32:22.327
car_ID_496,FLUSH,1090,car,606,265,603,269,0.5281,2026-08-04 03:32:21.166,2026-08-04 03:32:22.478
car_ID_498,FLUSH,1099,car,786,260,787,260,0.5311,2026-08-04 03:32:23.631,2026-08-04 03:32:23.663
car_ID_499,FLUSH,1090,car,605,270,606,270,0.5204,2026-08-04 03:32:24.132,2026-08-04 03:32:24.165
car_ID_494,FLUSH,1053,car,443,280,447,278,0.5336,2026-08-04 03:32:19.598,2026-08-04 03:32:24.527
car_ID_502,FLUSH,1090,car,608,264,608,264,0.5062,2026-08-04 03:32:26.917,2026-08-04 03:32:26.917
car_ID_500,FLUSH,1101,car,770,271,802,256,0.5643,2026-08-04 03:32:24.399,2026-08-04 03:32:27.456
car_ID_497,FLUSH,1093,car,858,303,756,255,0.6003,2026-08-04 03:32:22.159,2026-08-04 03:32:28.370
car_ID_503,FLUSH,1108,car,712,245,712,245,0.5561,2026-08-04 03:32:28.370,2026-08-04 03:32:28.404
car_ID_504,FLUSH,1090,car,609,264,603,270,0.5408,2026-08-04 03:32:31.372,2026-08-04 03:32:33.207
car_ID_506,FLUSH,1112,car,535,257,534,257,0.5026,2026-08-04 03:32:33.399,2026-08-04 03:32:33.431
car_ID_479,FLUSH,1054,car,508,283,493,277,0.5519,2026-08-04 03:32:03.264,2026-08-04 03:32:33.465
car_ID_501,FLUSH,1053,car,446,280,412,283,0.5780,2026-08-04 03:32:25.604,2026-08-04 03:32:33.734
car_ID_510,FLUSH,1112,car,404,275,402,275,0.5062,2026-08-04 03:32:35.366,2026-08-04 03:32:35.431
car_ID_507,FLUSH,1115,car,405,356,943,387,0.7912,2026-08-04 03:32:34.657,2026-08-04 03:32:36.291
car_ID_508,FLUSH,1054,car,457,282,384,288,0.5850,2026-08-04 03:32:35.135,2026-08-04 03:32:37.057
car_ID_511,FLUSH,1116,car,374,358,1008,380,0.8096,2026-08-04 03:32:36.027,2026-08-04 03:32:37.930
car_ID_505,FLUSH,1098,car,852,303,803,256,0.7562,2026-08-04 03:32:32.633,2026-08-04 03:32:39.022
car_ID_513,FLUSH,1118,car,614,268,608,263,0.5414,2026-08-04 03:32:39.063,2026-08-04 03:32:39.533
car_ID_480,FLUSH,1055,car,548,270,385,285,0.6442,2026-08-04 03:32:03.437,2026-08-04 03:32:40.398
car_ID_516,FLUSH,1124,car,582,271,582,272,0.5097,2026-08-04 03:32:41.895,2026-08-04 03:32:42.026
car_ID_517,FLUSH,1122,car,611,261,597,264,0.5591,2026-08-04 03:32:41.994,2026-08-04 03:32:43.092
car_ID_519,FLUSH,1128,car,572,262,558,265,0.5549,2026-08-04 03:32:42.917,2026-08-04 03:32:43.224
car_ID_512,FLUSH,1117,car,960,313,807,258,0.7121,2026-08-04 03:32:38.383,2026-08-04 03:32:43.292
car_ID_515,FLUSH,1123,car,329,372,959,391,0.7816,2026-08-04 03:32:41.167,2026-08-04 03:32:43.628
car_ID_518,FLUSH,1125,car,656,261,657,261,0.5388,2026-08-04 03:32:42.617,2026-08-04 03:32:43.698
car_ID_520,FLUSH,1129,car,363,369,988,400,0.8271,2026-08-04 03:32:43.159,2026-08-04 03:32:45.523
car_ID_522,FLUSH,1130,car,612,267,603,267,0.5467,2026-08-04 03:32:44.930,2026-08-04 03:32:47.193
car_ID_509,FLUSH,1090,car,601,269,390,286,0.6234,2026-08-04 03:32:35.335,2026-08-04 03:32:50.214
car_ID_527,FLUSH,1130,car,572,269,573,269,0.5329,2026-08-04 03:32:51.019,2026-08-04 03:32:51.122
car_ID_528,FLUSH,1140,car,391,295,391,295,0.5742,2026-08-04 03:32:52.068,2026-08-04 03:32:52.491
car_ID_524,FLUSH,1134,car,614,270,612,270,0.5675,2026-08-04 03:32:49.103,2026-08-04 03:32:52.554
car_ID_514,FLUSH,1121,car,571,269,464,280,0.5925,2026-08-04 03:32:40.741,2026-08-04 03:32:53.058
car_ID_529,FLUSH,1141,car,610,272,613,272,0.6286,2026-08-04 03:32:53.091,2026-08-04 03:32:53.266
car_ID_521,FLUSH,1122,car,579,267,523,273,0.6304,2026-08-04 03:32:44.489,2026-08-04 03:32:53.669
car_ID_523,FLUSH,1133,car,416,332,805,259,0.6903,2026-08-04 03:32:48.387,2026-08-04 03:32:54.018
car_ID_525,FLUSH,1137,car,339,319,720,266,0.7041,2026-08-04 03:32:50.205,2026-08-04 03:32:54.750
car_ID_530,FLUSH,1141,car,607,269,617,270,0.6391,2026-08-04 03:32:54.300,2026-08-04 03:32:54.865
car_ID_532,FLUSH,1145,car,752,256,754,256,0.5718,2026-08-04 03:32:56.167,2026-08-04 03:32:56.300
car_ID_526,FLUSH,1138,car,387,296,735,264,0.6839,2026-08-04 03:32:50.954,2026-08-04 03:32:56.545
truck_ID_103,FLUSH,1143,truck,414,289,571,271,0.6321,2026-08-04 03:32:54.090,2026-08-04 03:32:56.654
truck_ID_104,FLUSH,1148,truck,584,270,585,269,0.6115,2026-08-04 03:32:56.368,2026-08-04 03:32:56.756
car_ID_533,FLUSH,1149,car,461,285,463,281,0.5841,2026-08-04 03:32:56.573,2026-08-04 03:32:57.464
car_ID_534,FLUSH,1152,car,563,272,563,272,0.5252,2026-08-04 03:32:57.530,2026-08-04 03:32:57.530
car_ID_531,FLUSH,1147,car,390,294,404,287,0.5747,2026-08-04 03:32:56.029,2026-08-04 03:32:58.210
truck_ID_105,FLUSH,1156,truck,738,254,738,254,0.5477,2026-08-04 03:32:58.759,2026-08-04 03:32:58.759
car_ID_537,FLUSH,1152,car,568,269,563,269,0.5365,2026-08-04 03:32:58.596,2026-08-04 03:32:59.132
car_ID_536,FLUSH,1153,car,525,273,523,272,0.5892,2026-08-04 03:32:58.240,2026-08-04 03:32:59.265
truck_ID_107,FLUSH,1159,truck,767,254,772,252,0.5871,2026-08-04 03:32:59.588,2026-08-04 03:33:00.395
car_ID_535,FLUSH,1154,car,603,270,619,271,0.5901,2026-08-04 03:32:57.955,2026-08-04 03:33:00.428
truck_ID_108,FLUSH,1160,truck,772,252,772,252,0.5347,2026-08-04 03:33:00.095,2026-08-04 03:33:00.569
bus_ID_16,FLUSH,1166,bus,789,245,789,245,0.5026,2026-08-04 03:33:02.625,2026-08-04 03:33:02.661
car_ID_538,FLUSH,1162,car,404,303,609,279,0.6308,2026-08-04 03:33:01.729,2026-08-04 03:33:03.886
car_ID_539,FLUSH,1172,car,701,273,702,273,0.5276,2026-08-04 03:33:05.323,2026-08-04 03:33:05.355
car_ID_541,FLUSH,1176,car,461,287,464,286,0.5891,2026-08-04 03:33:05.900,2026-08-04 03:33:06.320
truck_ID_106,FLUSH,1157,truck,374,292,776,249,0.7114,2026-08-04 03:32:59.100,2026-08-04 03:33:06.623
car_ID_544,FLUSH,1179,car,572,271,572,271,0.5311,2026-08-04 03:33:07.164,2026-08-04 03:33:07.164
car_ID_546,FLUSH,1182,car,599,269,607,270,0.5729,2026-08-04 03:33:07.470,2026-08-04 03:33:08.089
car_ID_547,FLUSH,1179,car,568,270,569,270,0.5204,2026-08-04 03:33:08.363,2026-08-04 03:33:08.396
truck_ID_109,FLUSH,1168,truck,384,291,770,253,0.7426,2026-08-04 03:33:02.896,2026-08-04 03:33:10.200
car_ID_540,FLUSH,1175,car,390,298,400,292,0.5648,2026-08-04 03:33:05.355,2026-08-04 03:33:10.524
car_ID_545,FLUSH,1176,car,460,280,462,282,0.5583,2026-08-04 03:33:07.470,2026-08-04 03:33:10.755
car_ID_542,FLUSH,1177,car,523,278,524,272,0.5899,2026-08-04 03:33:06.560,2026-08-04 03:33:11.328
car_ID_549,FLUSH,1179,car,563,269,559,269,0.5237,2026-08-04 03:33:09.993,2026-08-04 03:33:11.564
truck_ID_111,FLUSH,1168,truck,786,246,787,245,0.5864,2026-08-04 03:33:11.460,2026-08-04 03:33:11.790
car_ID_548,FLUSH,1182,car,604,270,615,270,0.5829,2026-08-04 03:33:09.142,2026-08-04 03:33:12.220
truck_ID_110,FLUSH,1187,truck,384,297,630,264,0.6426,2026-08-04 03:33:11.296,2026-08-04 03:33:14.160
car_ID_543,FLUSH,1178,car,411,332,801,260,0.6806,2026-08-04 03:33:06.658,2026-08-04 03:33:14.758
car_ID_553,FLUSH,1195,car,569,269,568,269,0.5157,2026-08-04 03:33:14.689,2026-08-04 03:33:15.467
car_ID_555,FLUSH,1197,car,604,267,608,271,0.5586,2026-08-04 03:33:15.094,2026-08-04 03:33:16.011
car_ID_557,FLUSH,1197,car,612,271,612,271,0.5846,2026-08-04 03:33:17.067,2026-08-04 03:33:17.100
truck_ID_113,FLUSH,1199,truck,760,252,761,251,0.7557,2026-08-04 03:33:16.923,2026-08-04 03:33:17.290
truck_ID_112,FLUSH,1196,truck,688,257,767,249,0.6566,2026-08-04 03:33:14.958,2026-08-04 03:33:17.547
bus_ID_17,FLUSH,1196,bus,768,249,768,249,0.5026,2026-08-04 03:33:17.576,2026-08-04 03:33:17.576
car_ID_558,FLUSH,1195,car,564,270,567,270,0.5241,2026-08-04 03:33:18.033,2026-08-04 03:33:20.287
car_ID_556,FLUSH,1198,car,341,318,734,261,0.6891,2026-08-04 03:33:15.628,2026-08-04 03:33:20.721
car_ID_560,FLUSH,1198,car,762,252,762,252,0.5347,2026-08-04 03:33:21.995,2026-08-04 03:33:21.995
car_ID_550,FLUSH,1190,car,391,295,392,296,0.5769,2026-08-04 03:33:13.529,2026-08-04 03:33:22.157
car_ID_554,FLUSH,1194,car,413,329,796,256,0.6743,2026-08-04 03:33:14.689,2026-08-04 03:33:22.592
car_ID_562,FLUSH,1190,car,391,295,391,295,0.5440,2026-08-04 03:33:23.288,2026-08-04 03:33:23.422
car_ID_564,FLUSH,1190,car,390,294,391,297,0.5133,2026-08-04 03:33:24.828,2026-08-04 03:33:25.225
car_ID_563,FLUSH,1195,car,566,270,563,269,0.5136,2026-08-04 03:33:24.167,2026-08-04 03:33:25.535
car_ID_561,FLUSH,1210,car,1060,351,376,336,0.7563,2026-08-04 03:33:22.968,2026-08-04 03:33:26.730
car_ID_552,FLUSH,1192,car,518,275,520,273,0.5820,2026-08-04 03:33:14.127,2026-08-04 03:33:26.998
car_ID_551,FLUSH,1191,car,461,286,462,280,0.5831,2026-08-04 03:33:13.695,2026-08-04 03:33:28.564
car_ID_565,FLUSH,1214,car,1060,357,348,338,0.7701,2026-08-04 03:33:26.019,2026-08-04 03:33:29.163
car_ID_566,FLUSH,1190,car,391,295,391,295,0.5724,2026-08-04 03:33:26.424,2026-08-04 03:33:29.292
car_ID_567,FLUSH,1215,car,1049,350,355,335,0.7930,2026-08-04 03:33:27.726,2026-08-04 03:33:29.945
car_ID_569,FLUSH,1190,car,392,296,390,293,0.5809,2026-08-04 03:33:30.494,2026-08-04 03:33:32.832
car_ID_573,FLUSH,1195,car,567,269,567,269,0.5097,2026-08-04 03:33:33.726,2026-08-04 03:33:33.726
car_ID_570,FLUSH,1219,car,866,300,774,275,0.7436,2026-08-04 03:33:30.739,2026-08-04 03:33:34.031
car_ID_572,FLUSH,1221,car,990,321,806,257,0.7258,2026-08-04 03:33:32.125,2026-08-04 03:33:41.068
car_ID_574,FLUSH,1190,car,391,294,379,296,0.5743,2026-08-04 03:33:35.596,2026-08-04 03:33:42.238
car_ID_571,FLUSH,1220,car,462,280,418,284,0.6089,2026-08-04 03:33:31.033,2026-08-04 03:33:43.462
car_ID_568,FLUSH,1192,car,523,273,391,284,0.5991,2026-08-04 03:33:28.264,2026-08-04 03:33:46.791
car_ID_577,FLUSH,1228,car,393,356,980,380,0.8216,2026-08-04 03:33:46.163,2026-08-04 03:33:48.003
car_ID_576,FLUSH,1195,car,566,269,400,285,0.6631,2026-08-04 03:33:44.192,2026-08-04 03:33:49.231
car_ID_579,FLUSH,1232,car,353,352,1058,383,0.8191,2026-08-04 03:33:48.037,2026-08-04 03:33:50.026
car_ID_575,FLUSH,1225,car,1045,326,809,255,0.7770,2026-08-04 03:33:42.828,2026-08-04 03:33:50.396
car_ID_581,FLUSH,1234,car,347,372,969,390,0.8196,2026-08-04 03:33:50.026,2026-08-04 03:33:51.961
car_ID_582,FLUSH,1238,car,409,350,983,375,0.8211,2026-08-04 03:33:52.455,2026-08-04 03:33:54.227
car_ID_580,FLUSH,1233,car,614,268,507,276,0.5844,2026-08-04 03:33:49.725,2026-08-04 03:33:57.881
car_ID_584,FLUSH,1251,car,608,257,598,258,0.5561,2026-08-04 03:33:57.698,2026-08-04 03:33:57.987
car_ID_583,FLUSH,1240,car,613,260,554,267,0.5966,2026-08-04 03:33:53.062,2026-08-04 03:33:58.928
car_ID_587,FLUSH,1255,car,780,240,780,240,0.5097,2026-08-04 03:33:59.424,2026-08-04 03:33:59.456
car_ID_585,FLUSH,1252,car,396,307,612,281,0.7609,2026-08-04 03:33:57.763,2026-08-04 03:33:59.858
car_ID_588,FLUSH,1240,car,545,267,545,269,0.5458,2026-08-04 03:34:00.131,2026-08-04 03:34:00.949
car_ID_589,FLUSH,1257,car,383,294,404,285,0.6240,2026-08-04 03:34:00.437,2026-08-04 03:34:01.662
car_ID_578,FLUSH,1229,car,618,268,465,282,0.6936,2026-08-04 03:33:46.887,2026-08-04 03:34:02.111
car_ID_591,FLUSH,1263,car,545,269,542,268,0.5240,2026-08-04 03:34:02.153,2026-08-04 03:34:02.692
car_ID_592,FLUSH,1260,car,549,300,549,300,0.5276,2026-08-04 03:34:03.033,2026-08-04 03:34:03.033
car_ID_593,FLUSH,1265,car,607,268,607,269,0.6302,2026-08-04 03:34:03.367,2026-08-04 03:34:03.474
car_ID_590,FLUSH,1262,car,744,280,807,257,0.6686,2026-08-04 03:34:01.830,2026-08-04 03:34:04.871
car_ID_586,FLUSH,1254,car,394,341,784,250,0.6843,2026-08-04 03:33:58.360,2026-08-04 03:34:05.019
car_ID_594,FLUSH,1266,car,601,293,692,280,0.5250,2026-08-04 03:34:03.585,2026-08-04 03:34:05.019
car_ID_559,FLUSH,1201,car,613,271,770,252,0.6167,2026-08-04 03:33:18.330,2026-08-04 03:34:06.823
car_ID_598,FLUSH,1275,car,505,282,509,281,0.5605,2026-08-04 03:34:05.963,2026-08-04 03:34:07.099
car_ID_597,FLUSH,1274,car,409,335,657,292,0.7570,2026-08-04 03:34:05.801,2026-08-04 03:34:08.662
car_ID_599,FLUSH,1280,car,587,267,588,267,0.5162,2026-08-04 03:34:08.600,2026-08-04 03:34:08.763
car_ID_601,FLUSH,1274,car,708,280,708,280,0.5240,2026-08-04 03:34:09.764,2026-08-04 03:34:09.825
car_ID_595,FLUSH,1270,car,388,291,397,292,0.6054,2026-08-04 03:34:04.947,2026-08-04 03:34:10.365
car_ID_603,FLUSH,1287,car,657,262,657,262,0.5204,2026-08-04 03:34:10.967,2026-08-04 03:34:10.973
car_ID_596,FLUSH,1272,car,442,282,465,282,0.6166,2026-08-04 03:34:05.291,2026-08-04 03:34:11.191
truck_ID_114,FLUSH,1264,truck,340,300,787,245,0.7332,2026-08-04 03:34:02.036,2026-08-04 03:34:11.395
bus_ID_18,FLUSH,1288,bus,439,299,442,302,0.5090,2026-08-04 03:34:11.567,2026-08-04 03:34:11.633
car_ID_600,FLUSH,1284,car,400,334,683,289,0.7501,2026-08-04 03:34:08.731,2026-08-04 03:34:12.155
bus_ID_19,FLUSH,1292,bus,493,284,524,278,0.6353,2026-08-04 03:34:12.123,2026-08-04 03:34:12.458
truck_ID_115,FLUSH,1292,truck,550,274,587,269,0.7257,2026-08-04 03:34:12.629,2026-08-04 03:34:12.962
car_ID_604,FLUSH,1293,car,389,300,401,289,0.6299,2026-08-04 03:34:12.595,2026-08-04 03:34:13.622
car_ID_606,FLUSH,1297,car,502,282,509,282,0.5561,2026-08-04 03:34:13.307,2026-08-04 03:34:13.622
car_ID_607,FLUSH,1298,car,747,276,752,275,0.5551,2026-08-04 03:34:13.520,2026-08-04 03:34:13.726
car_ID_602,FLUSH,1286,car,744,275,797,260,0.6186,2026-08-04 03:34:10.653,2026-08-04 03:34:14.027
car_ID_605,FLUSH,1296,car,438,283,462,281,0.6108,2026-08-04 03:34:12.763,2026-08-04 03:34:14.398
car_ID_608,FLUSH,1303,car,609,271,613,269,0.5882,2026-08-04 03:34:14.756,2026-08-04 03:34:14.886
truck_ID_117,FLUSH,1302,truck,360,297,504,281,0.6640,2026-08-04 03:34:13.995,2026-08-04 03:34:15.426
car_ID_611,FLUSH,1309,car,503,281,507,278,0.5342,2026-08-04 03:34:16.392,2026-08-04 03:34:16.799
truck_ID_116,FLUSH,1294,truck,548,274,764,251,0.6711,2026-08-04 03:34:12.629,2026-08-04 03:34:16.798
car_ID_613,FLUSH,1313,car,613,267,613,267,0.5133,2026-08-04 03:34:17.451,2026-08-04 03:34:17.451
car_ID_612,FLUSH,1311,car,586,270,585,271,0.5181,2026-08-04 03:34:17.451,2026-08-04 03:34:17.521
car_ID_614,FLUSH,1309,car,507,277,508,277,0.5157,2026-08-04 03:34:18.295,2026-08-04 03:34:18.670
car_ID_616,FLUSH,1314,car,657,263,657,263,0.5026,2026-08-04 03:34:19.428,2026-08-04 03:34:19.428
car_ID_609,FLUSH,1307,car,379,290,406,286,0.6191,2026-08-04 03:34:15.633,2026-08-04 03:34:19.793
car_ID_610,FLUSH,1308,car,440,281,466,281,0.6494,2026-08-04 03:34:15.940,2026-08-04 03:34:20.034
car_ID_615,FLUSH,1313,car,614,268,619,269,0.5328,2026-08-04 03:34:18.910,2026-08-04 03:34:20.962
truck_ID_118,FLUSH,1306,truck,524,279,789,246,0.6848,2026-08-04 03:34:15.533,2026-08-04 03:34:21.263
bus_ID_20,FLUSH,1319,bus,497,282,572,272,0.6040,2026-08-04 03:34:21.263,2026-08-04 03:34:21.719
truck_ID_119,FLUSH,1319,truck,554,274,646,264,0.6155,2026-08-04 03:34:21.585,2026-08-04 03:34:22.800
car_ID_617,FLUSH,1320,car,377,296,390,294,0.6076,2026-08-04 03:34:21.469,2026-08-04 03:34:24.018
car_ID_618,FLUSH,1321,car,440,282,457,285,0.6463,2026-08-04 03:34:21.719,2026-08-04 03:34:24.299
bus_ID_21,FLUSH,1330,bus,774,251,775,251,0.5692,2026-08-04 03:34:24.686,2026-08-04 03:34:24.762
truck_ID_120,FLUSH,1330,truck,774,250,774,250,0.6131,2026-08-04 03:34:24.796,2026-08-04 03:34:24.796
car_ID_619,FLUSH,1325,car,606,269,616,267,0.5758,2026-08-04 03:34:24.879,2026-08-04 03:34:25.563
truck_ID_122,FLUSH,1335,truck,541,278,544,278,0.6040,2026-08-04 03:34:25.637,2026-08-04 03:34:26.121
car_ID_623,FLUSH,1344,car,613,267,613,267,0.5632,2026-08-04 03:34:26.966,2026-08-04 03:34:26.966
car_ID_622,FLUSH,1340,car,510,282,505,275,0.5187,2026-08-04 03:34:26.242,2026-08-04 03:34:27.071
car_ID_624,FLUSH,1346,car,316,304,316,304,0.5133,2026-08-04 03:34:27.034,2026-08-04 03:34:27.487
truck_ID_121,FLUSH,1334,truck,416,290,790,246,0.6718,2026-08-04 03:34:24.797,2026-08-04 03:34:30.158
car_ID_625,FLUSH,1344,car,613,268,614,268,0.5425,2026-08-04 03:34:28.264,2026-08-04 03:34:31.381
car_ID_626,FLUSH,1350,car,449,319,643,286,0.7062,2026-08-04 03:34:30.829,2026-08-04 03:34:32.029
car_ID_629,FLUSH,1354,car,546,268,543,268,0.5724,2026-08-04 03:34:34.091,2026-08-04 03:34:35.434
car_ID_630,FLUSH,1340,car,506,279,507,278,0.5466,2026-08-04 03:34:35.367,2026-08-04 03:34:35.688
car_ID_627,FLUSH,1352,car,739,275,799,259,0.6826,2026-08-04 03:34:33.091,2026-08-04 03:34:35.723
car_ID_631,FLUSH,1361,car,791,237,784,237,0.5448,2026-08-04 03:34:36.328,2026-08-04 03:34:36.596
car_ID_632,FLUSH,1340,car,507,277,507,277,0.5276,2026-08-04 03:34:37.284,2026-08-04 03:34:37.284
car_ID_633,FLUSH,1351,car,586,269,586,269,0.5133,2026-08-04 03:34:38.310,2026-08-04 03:34:38.316
car_ID_634,FLUSH,1365,car,723,244,704,247,0.5572,2026-08-04 03:34:38.554,2026-08-04 03:34:39.369
car_ID_635,FLUSH,1369,car,546,268,546,268,0.5062,2026-08-04 03:34:41.992,2026-08-04 03:34:41.992
car_ID_628,FLUSH,1344,car,614,270,600,263,0.5396,2026-08-04 03:34:33.191,2026-08-04 03:34:42.061
car_ID_636,FLUSH,1340,car,508,277,508,277,0.5027,2026-08-04 03:34:42.202,2026-08-04 03:34:42.202
car_ID_638,FLUSH,1373,car,713,251,713,251,0.5204,2026-08-04 03:34:42.688,2026-08-04 03:34:42.720
car_ID_639,FLUSH,1369,car,546,265,544,269,0.5551,2026-08-04 03:34:43.147,2026-08-04 03:34:44.007
car_ID_637,FLUSH,1367,car,615,269,613,270,0.5367,2026-08-04 03:34:42.202,2026-08-04 03:34:45.038
car_ID_640,FLUSH,1340,car,507,277,507,277,0.5026,2026-08-04 03:34:45.791,2026-08-04 03:34:46.196
truck_ID_123,FLUSH,1376,truck,993,331,547,327,0.6233,2026-08-04 03:34:44.420,2026-08-04 03:34:46.196
truck_ID_124,FLUSH,1381,truck,542,331,499,331,0.6791,2026-08-04 03:34:46.396,2026-08-04 03:34:46.665
car_ID_641,FLUSH,1367,car,614,269,615,268,0.5040,2026-08-04 03:34:46.600,2026-08-04 03:34:47.966
car_ID_644,FLUSH,1388,car,508,275,508,275,0.5311,2026-08-04 03:34:48.963,2026-08-04 03:34:48.995
car_ID_642,FLUSH,1384,car,1035,347,392,337,0.7636,2026-08-04 03:34:47.020,2026-08-04 03:34:49.477
car_ID_646,FLUSH,1395,car,946,308,925,304,0.6479,2026-08-04 03:34:51.223,2026-08-04 03:34:51.424
car_ID_647,FLUSH,1388,car,507,277,507,276,0.5062,2026-08-04 03:34:52.101,2026-08-04 03:34:52.133
car_ID_643,FLUSH,1387,car,914,304,785,266,0.7565,2026-08-04 03:34:48.013,2026-08-04 03:34:52.822
car_ID_650,FLUSH,1387,car,800,259,802,259,0.5917,2026-08-04 03:34:53.891,2026-08-04 03:34:54.085
car_ID_648,FLUSH,1397,car,814,295,760,277,0.6242,2026-08-04 03:34:52.721,2026-08-04 03:34:54.963
car_ID_649,FLUSH,1399,car,970,313,767,283,0.7083,2026-08-04 03:34:53.030,2026-08-04 03:34:55.758
car_ID_652,FLUSH,1398,car,586,269,586,269,0.5097,2026-08-04 03:34:58.021,2026-08-04 03:34:58.054
car_ID_620,FLUSH,1336,car,392,289,315,305,0.6112,2026-08-04 03:34:25.709,2026-08-04 03:35:02.198
car_ID_651,FLUSH,1403,car,1082,325,806,257,0.6950,2026-08-04 03:34:54.020,2026-08-04 03:35:02.198
car_ID_654,FLUSH,1416,car,545,269,545,268,0.5240,2026-08-04 03:35:02.724,2026-08-04 03:35:02.788
car_ID_653,FLUSH,1388,car,499,277,484,278,0.5158,2026-08-04 03:35:02.421,2026-08-04 03:35:03.444
car_ID_621,FLUSH,1338,car,444,281,356,288,0.6508,2026-08-04 03:34:25.816,2026-08-04 03:35:04.060
car_ID_657,FLUSH,1388,car,473,273,468,272,0.5240,2026-08-04 03:35:04.564,2026-08-04 03:35:05.227
car_ID_658,FLUSH,1422,car,197,332,221,341,0.5296,2026-08-04 03:35:04.971,2026-08-04 03:35:05.694
car_ID_656,FLUSH,1420,car,392,355,968,385,0.7846,2026-08-04 03:35:04.301,2026-08-04 03:35:05.795
car_ID_660,FLUSH,1416,car,506,273,466,276,0.5616,2026-08-04 03:35:05.731,2026-08-04 03:35:06.556
car_ID_659,FLUSH,1423,car,427,276,406,278,0.6432,2026-08-04 03:35:05.156,2026-08-04 03:35:06.593
car_ID_655,FLUSH,1413,car,586,270,526,274,0.5650,2026-08-04 03:35:03.407,2026-08-04 03:35:07.571
car_ID_661,FLUSH,1426,car,346,365,1084,403,0.8308,2026-08-04 03:35:06.036,2026-08-04 03:35:08.121
car_ID_663,FLUSH,1427,car,426,275,387,281,0.5390,2026-08-04 03:35:08.153,2026-08-04 03:35:09.072
car_ID_662,FLUSH,1416,car,499,275,431,284,0.5530,2026-08-04 03:35:08.089,2026-08-04 03:35:09.420
car_ID_664,FLUSH,1429,car,326,361,1021,388,0.7936,2026-08-04 03:35:08.397,2026-08-04 03:35:10.694
car_ID_666,FLUSH,1433,car,462,272,412,278,0.5896,2026-08-04 03:35:09.722,2026-08-04 03:35:10.990
car_ID_667,FLUSH,1435,car,343,380,878,400,0.7973,2026-08-04 03:35:09.995,2026-08-04 03:35:11.399
car_ID_670,FLUSH,1439,car,718,375,718,375,0.6303,2026-08-04 03:35:12.627,2026-08-04 03:35:13.108
car_ID_669,FLUSH,1437,car,332,374,1014,380,0.7524,2026-08-04 03:35:11.429,2026-08-04 03:35:13.691
car_ID_671,FLUSH,1441,car,365,379,1005,389,0.7731,2026-08-04 03:35:13.724,2026-08-04 03:35:15.737
car_ID_673,FLUSH,1445,car,339,297,339,297,0.5311,2026-08-04 03:35:15.737,2026-08-04 03:35:15.769
car_ID_665,FLUSH,1430,car,580,269,304,301,0.6756,2026-08-04 03:35:08.766,2026-08-04 03:35:18.702
car_ID_677,FLUSH,1430,car,306,304,306,304,0.5027,2026-08-04 03:35:20.005,2026-08-04 03:35:20.005
car_ID_645,FLUSH,1367,car,613,267,404,291,0.6475,2026-08-04 03:34:50.328,2026-08-04 03:35:20.964
car_ID_668,FLUSH,1436,car,619,267,471,281,0.6268,2026-08-04 03:35:11.399,2026-08-04 03:35:21.435
car_ID_672,FLUSH,1442,car,615,266,519,276,0.6695,2026-08-04 03:35:13.963,2026-08-04 03:35:21.887
car_ID_674,FLUSH,1447,car,616,261,560,268,0.5668,2026-08-04 03:35:16.759,2026-08-04 03:35:22.090
car_ID_678,FLUSH,1454,car,610,265,607,266,0.5630,2026-08-04 03:35:21.653,2026-08-04 03:35:22.329
truck_ID_125,FLUSH,1453,truck,326,301,429,294,0.6908,2026-08-04 03:35:21.402,2026-08-04 03:35:22.898
car_ID_675,FLUSH,1448,car,344,347,806,257,0.7338,2026-08-04 03:35:17.000,2026-08-04 03:35:25.058
car_ID_676,FLUSH,1451,car,356,313,746,257,0.7064,2026-08-04 03:35:18.669,2026-08-04 03:35:25.061
bus_ID_22,FLUSH,1458,bus,654,264,664,263,0.6087,2026-08-04 03:35:25.467,2026-08-04 03:35:25.566
car_ID_683,FLUSH,1463,car,554,269,554,269,0.5102,2026-08-04 03:35:25.631,2026-08-04 03:35:25.631
car_ID_680,FLUSH,1457,car,305,303,305,302,0.5664,2026-08-04 03:35:24.487,2026-08-04 03:35:26.902
car_ID_685,FLUSH,1468,car,656,274,656,274,0.5454,2026-08-04 03:35:27.993,2026-08-04 03:35:27.993
car_ID_679,FLUSH,1459,car,375,305,407,288,0.6587,2026-08-04 03:35:24.201,2026-08-04 03:35:28.066
car_ID_681,FLUSH,1460,car,454,287,461,281,0.6152,2026-08-04 03:35:24.791,2026-08-04 03:35:28.265
car_ID_686,FLUSH,1469,car,718,262,724,262,0.5151,2026-08-04 03:35:28.103,2026-08-04 03:35:28.469
car_ID_687,FLUSH,1470,car,559,267,559,267,0.5062,2026-08-04 03:35:28.602,2026-08-04 03:35:28.602
car_ID_682,FLUSH,1461,car,511,279,518,278,0.5762,2026-08-04 03:35:25.195,2026-08-04 03:35:28.845
truck_ID_127,FLUSH,1471,truck,763,251,778,248,0.6504,2026-08-04 03:35:28.366,2026-08-04 03:35:29.264
truck_ID_126,FLUSH,1458,truck,534,279,779,248,0.7041,2026-08-04 03:35:24.135,2026-08-04 03:35:29.326
bus_ID_23,FLUSH,1458,bus,780,246,784,245,0.5739,2026-08-04 03:35:29.569,2026-08-04 03:35:29.862
truck_ID_128,FLUSH,1472,truck,372,297,447,291,0.6433,2026-08-04 03:35:28.644,2026-08-04 03:35:30.010
bus_ID_24,FLUSH,1478,bus,542,279,543,278,0.5703,2026-08-04 03:35:30.660,2026-08-04 03:35:31.166
truck_ID_129,FLUSH,1477,truck,488,284,645,266,0.7207,2026-08-04 03:35:30.185,2026-08-04 03:35:31.885
car_ID_688,FLUSH,1476,car,305,301,306,302,0.5323,2026-08-04 03:35:30.660,2026-08-04 03:35:32.567
car_ID_692,FLUSH,1485,car,559,267,559,268,0.5269,2026-08-04 03:35:32.194,2026-08-04 03:35:33.124
car_ID_690,FLUSH,1480,car,386,295,404,288,0.6744,2026-08-04 03:35:31.065,2026-08-04 03:35:33.160
car_ID_684,FLUSH,1465,car,362,326,792,262,0.7038,2026-08-04 03:35:25.989,2026-08-04 03:35:33.258
car_ID_691,FLUSH,1482,car,461,286,464,282,0.6297,2026-08-04 03:35:31.635,2026-08-04 03:35:33.527
car_ID_689,FLUSH,1481,car,390,307,517,276,0.5859,2026-08-04 03:35:30.762,2026-08-04 03:35:33.864
truck_ID_130,FLUSH,1483,truck,726,257,770,251,0.7260,2026-08-04 03:35:33.259,2026-08-04 03:35:35.339
car_ID_697,FLUSH,1496,car,559,267,562,267,0.5204,2026-08-04 03:35:37.039,2026-08-04 03:35:37.119
car_ID_694,FLUSH,1491,car,307,303,306,301,0.5229,2026-08-04 03:35:35.993,2026-08-04 03:35:39.982
car_ID_699,FLUSH,1496,car,556,267,559,268,0.5414,2026-08-04 03:35:39.027,2026-08-04 03:35:40.188
car_ID_702,FLUSH,1502,car,607,262,607,262,0.5204,2026-08-04 03:35:41.385,2026-08-04 03:35:41.450
car_ID_698,FLUSH,1498,car,454,317,749,271,0.6395,2026-08-04 03:35:37.664,2026-08-04 03:35:41.663
truck_ID_131,FLUSH,1488,truck,402,291,780,248,0.7210,2026-08-04 03:35:34.211,2026-08-04 03:35:41.713
car_ID_701,FLUSH,1496,car,557,267,559,266,0.5372,2026-08-04 03:35:41.385,2026-08-04 03:35:42.583
car_ID_696,FLUSH,1495,car,510,277,519,277,0.5851,2026-08-04 03:35:36.495,2026-08-04 03:35:42.919
car_ID_695,FLUSH,1493,car,460,288,457,280,0.6333,2026-08-04 03:35:36.227,2026-08-04 03:35:43.195
car_ID_700,FLUSH,1491,car,305,302,307,302,0.5270,2026-08-04 03:35:41.253,2026-08-04 03:35:43.628
car_ID_693,FLUSH,1492,car,388,293,393,296,0.6528,2026-08-04 03:35:35.717,2026-08-04 03:35:44.287
car_ID_705,FLUSH,1513,car,622,267,612,269,0.5775,2026-08-04 03:35:45.063,2026-08-04 03:35:45.162
car_ID_704,FLUSH,1507,car,786,259,802,255,0.5859,2026-08-04 03:35:44.186,2026-08-04 03:35:45.623
bus_ID_25,FLUSH,1501,bus,1082,292,360,286,0.8486,2026-08-04 03:35:40.123,2026-08-04 03:35:45.827
car_ID_703,FLUSH,1506,car,960,316,747,290,0.7535,2026-08-04 03:35:44.186,2026-08-04 03:35:47.219
car_ID_706,FLUSH,1516,car,559,268,556,265,0.5641,2026-08-04 03:35:45.552,2026-08-04 03:35:48.351
car_ID_711,FLUSH,1523,car,719,275,738,264,0.5832,2026-08-04 03:35:48.625,2026-08-04 03:35:50.528
car_ID_710,FLUSH,1520,car,940,310,805,255,0.7115,2026-08-04 03:35:46.567,2026-08-04 03:35:53.463
car_ID_713,FLUSH,1513,car,606,263,606,262,0.5109,2026-08-04 03:35:53.708,2026-08-04 03:35:53.859
car_ID_712,FLUSH,1516,car,559,268,559,267,0.5344,2026-08-04 03:35:49.587,2026-08-04 03:35:53.921
car_ID_715,FLUSH,1513,car,604,263,603,263,0.5080,2026-08-04 03:35:55.760,2026-08-04 03:35:55.890
car_ID_716,FLUSH,1530,car,791,237,791,237,0.5097,2026-08-04 03:35:55.963,2026-08-04 03:35:55.995
car_ID_714,FLUSH,1516,car,559,266,557,267,0.5262,2026-08-04 03:35:55.214,2026-08-04 03:35:56.299
car_ID_717,FLUSH,1522,car,319,304,319,304,0.5204,2026-08-04 03:35:57.129,2026-08-04 03:35:57.161
car_ID_709,FLUSH,1519,car,412,287,315,306,0.6080,2026-08-04 03:35:46.198,2026-08-04 03:36:00.790
car_ID_708,FLUSH,1517,car,465,281,404,284,0.6353,2026-08-04 03:35:45.997,2026-08-04 03:36:01.157
car_ID_719,FLUSH,1538,car,421,277,421,277,0.5133,2026-08-04 03:36:02.149,2026-08-04 03:36:02.149
car_ID_720,FLUSH,1543,car,370,366,370,366,0.6202,2026-08-04 03:36:02.322,2026-08-04 03:36:02.322
truck_ID_132,FLUSH,1545,truck,388,364,392,366,0.5552,2026-08-04 03:36:02.558,2026-08-04 03:36:02.593
car_ID_722,FLUSH,1544,car,579,264,578,264,0.5501,2026-08-04 03:36:02.760,2026-08-04 03:36:02.827
car_ID_723,FLUSH,1546,car,218,327,218,327,0.5418,2026-08-04 03:36:02.928,2026-08-04 03:36:02.928
truck_ID_133,FLUSH,1543,truck,392,366,392,366,0.6078,2026-08-04 03:36:02.626,2026-08-04 03:36:03.094
car_ID_721,FLUSH,1545,car,372,361,1095,391,0.7709,2026-08-04 03:36:02.492,2026-08-04 03:36:04.867
car_ID_707,FLUSH,1515,car,523,276,313,306,0.5988,2026-08-04 03:35:45.590,2026-08-04 03:36:05.057
car_ID_728,FLUSH,1550,car,709,248,709,248,0.5204,2026-08-04 03:36:05.188,2026-08-04 03:36:05.188
car_ID_727,FLUSH,1544,car,529,271,533,272,0.5183,2026-08-04 03:36:05.122,2026-08-04 03:36:05.257
car_ID_718,FLUSH,1516,car,560,268,396,283,0.5697,2026-08-04 03:35:58.058,2026-08-04 03:36:05.290
car_ID_726,FLUSH,1546,car,343,341,1110,379,0.8079,2026-08-04 03:36:03.957,2026-08-04 03:36:06.558
car_ID_732,FLUSH,1557,car,207,325,220,327,0.5496,2026-08-04 03:36:07.400,2026-08-04 03:36:07.708
car_ID_731,FLUSH,1554,car,612,260,565,265,0.5646,2026-08-04 03:36:06.896,2026-08-04 03:36:08.122
car_ID_730,FLUSH,1555,car,404,357,942,381,0.7864,2026-08-04 03:36:06.558,2026-08-04 03:36:08.190
car_ID_729,FLUSH,1544,car,501,275,439,280,0.6048,2026-08-04 03:36:06.490,2026-08-04 03:36:08.596
car_ID_725,FLUSH,1547,car,543,267,303,289,0.6616,2026-08-04 03:36:03.928,2026-08-04 03:36:09.085
car_ID_724,FLUSH,1534,car,614,267,486,275,0.5572,2026-08-04 03:36:03.819,2026-08-04 03:36:09.557
car_ID_733,FLUSH,1560,car,615,254,525,262,0.6159,2026-08-04 03:36:07.753,2026-08-04 03:36:09.858
car_ID_737,FLUSH,1568,car,465,279,465,279,0.5276,2026-08-04 03:36:10.367,2026-08-04 03:36:10.758
car_ID_734,FLUSH,1561,car,356,361,1114,385,0.8419,2026-08-04 03:36:08.698,2026-08-04 03:36:11.022
truck_ID_134,FLUSH,1570,truck,720,384,727,385,0.8291,2026-08-04 03:36:11.601,2026-08-04 03:36:11.633
truck_ID_135,FLUSH,1567,truck,741,384,741,384,0.6190,2026-08-04 03:36:11.666,2026-08-04 03:36:11.666
car_ID_736,FLUSH,1567,car,335,372,844,381,0.7006,2026-08-04 03:36:10.230,2026-08-04 03:36:11.880
car_ID_738,FLUSH,1570,car,489,369,923,390,0.5811,2026-08-04 03:36:11.022,2026-08-04 03:36:12.481
car_ID_739,FLUSH,1572,car,440,281,416,283,0.5731,2026-08-04 03:36:11.910,2026-08-04 03:36:13.103
truck_ID_136,FLUSH,1575,truck,641,240,627,243,0.5371,2026-08-04 03:36:13.428,2026-08-04 03:36:13.993
car_ID_742,FLUSH,1572,car,393,283,392,283,0.5547,2026-08-04 03:36:14.637,2026-08-04 03:36:14.743
truck_ID_137,FLUSH,1578,truck,618,242,386,258,0.6266,2026-08-04 03:36:14.193,2026-08-04 03:36:17.926
car_ID_746,FLUSH,1585,car,748,241,748,241,0.5240,2026-08-04 03:36:17.926,2026-08-04 03:36:17.958
car_ID_745,FLUSH,1584,car,723,245,707,245,0.5328,2026-08-04 03:36:17.196,2026-08-04 03:36:18.062
car_ID_735,FLUSH,1563,car,613,265,524,295,0.5987,2026-08-04 03:36:09.592,2026-08-04 03:36:18.700
car_ID_741,FLUSH,1577,car,416,336,805,258,0.6682,2026-08-04 03:36:13.428,2026-08-04 03:36:18.700
car_ID_743,FLUSH,1581,car,616,266,597,264,0.6449,2026-08-04 03:36:15.899,2026-08-04 03:36:18.700
car_ID_747,FLUSH,1586,car,450,282,449,283,0.5322,2026-08-04 03:36:18.392,2026-08-04 03:36:19.460
car_ID_749,FLUSH,1587,car,542,287,657,277,0.6582,2026-08-04 03:36:18.837,2026-08-04 03:36:20.589
car_ID_751,FLUSH,1581,car,575,268,575,267,0.5173,2026-08-04 03:36:20.622,2026-08-04 03:36:21.298
car_ID_752,FLUSH,1593,car,447,285,449,285,0.5788,2026-08-04 03:36:20.932,2026-08-04 03:36:21.332
car_ID_755,FLUSH,1597,car,572,271,572,270,0.5359,2026-08-04 03:36:22.226,2026-08-04 03:36:22.290
car_ID_756,FLUSH,1596,car,648,260,649,260,0.5347,2026-08-04 03:36:22.396,2026-08-04 03:36:22.461
car_ID_757,FLUSH,1593,car,448,283,451,285,0.5600,2026-08-04 03:36:22.532,2026-08-04 03:36:23.222
car_ID_744,FLUSH,1583,car,397,342,795,263,0.7204,2026-08-04 03:36:16.825,2026-08-04 03:36:23.425
car_ID_753,FLUSH,1591,car,613,263,613,274,0.5551,2026-08-04 03:36:21.016,2026-08-04 03:36:23.426
car_ID_748,FLUSH,1578,car,396,342,780,267,0.6601,2026-08-04 03:36:18.634,2026-08-04 03:36:24.269
car_ID_759,FLUSH,1597,car,567,269,570,269,0.5354,2026-08-04 03:36:23.764,2026-08-04 03:36:24.509
car_ID_760,FLUSH,1600,car,604,264,609,270,0.5236,2026-08-04 03:36:24.202,2026-08-04 03:36:25.025
car_ID_762,FLUSH,1597,car,564,272,565,273,0.5552,2026-08-04 03:36:25.574,2026-08-04 03:36:25.580
car_ID_763,FLUSH,1578,car,801,258,801,258,0.5169,2026-08-04 03:36:25.921,2026-08-04 03:36:25.953
car_ID_754,FLUSH,1595,car,404,313,721,266,0.6698,2026-08-04 03:36:21.429,2026-08-04 03:36:27.351
car_ID_761,FLUSH,1593,car,448,283,448,282,0.5958,2026-08-04 03:36:24.370,2026-08-04 03:36:27.827
car_ID_764,FLUSH,1600,car,604,264,602,264,0.5507,2026-08-04 03:36:26.595,2026-08-04 03:36:27.960
car_ID_750,FLUSH,1588,car,396,309,756,255,0.6589,2026-08-04 03:36:19.591,2026-08-04 03:36:28.057
car_ID_768,FLUSH,1600,car,608,267,609,268,0.5490,2026-08-04 03:36:29.263,2026-08-04 03:36:29.295
car_ID_769,FLUSH,1595,car,755,255,758,255,0.5162,2026-08-04 03:36:29.360,2026-08-04 03:36:29.597
car_ID_770,FLUSH,1613,car,701,251,701,251,0.5169,2026-08-04 03:36:30.594,2026-08-04 03:36:30.594
car_ID_758,FLUSH,1598,car,375,322,779,252,0.6823,2026-08-04 03:36:22.799,2026-08-04 03:36:32.433
car_ID_771,FLUSH,1598,car,804,248,804,248,0.5204,2026-08-04 03:36:33.671,2026-08-04 03:36:33.679
car_ID_772,FLUSH,1600,car,599,268,597,269,0.5331,2026-08-04 03:36:33.929,2026-08-04 03:36:34.555
car_ID_765,FLUSH,1610,car,404,315,769,255,0.7146,2026-08-04 03:36:28.196,2026-08-04 03:36:34.587
car_ID_774,FLUSH,1619,car,611,272,610,272,0.5222,2026-08-04 03:36:37.762,2026-08-04 03:36:38.229
car_ID_773,FLUSH,1620,car,1074,348,395,332,0.7444,2026-08-04 03:36:36.697,2026-08-04 03:36:39.904
car_ID_775,FLUSH,1626,car,945,307,926,306,0.5810,2026-08-04 03:36:40.951,2026-08-04 03:36:41.324
car_ID_777,FLUSH,1619,car,611,271,611,271,0.5133,2026-08-04 03:36:44.167,2026-08-04 03:36:44.167
car_ID_766,FLUSH,1597,car,564,270,555,270,0.5457,2026-08-04 03:36:28.309,2026-08-04 03:36:45.132
car_ID_776,FLUSH,1606,car,864,301,794,260,0.7086,2026-08-04 03:36:42.066,2026-08-04 03:36:48.524
car_ID_779,FLUSH,1637,car,962,316,799,258,0.7067,2026-08-04 03:36:47.633,2026-08-04 03:36:54.330
car_ID_767,FLUSH,1593,car,443,284,405,287,0.6315,2026-08-04 03:36:28.864,2026-08-04 03:36:57.834
car_ID_780,FLUSH,1643,car,370,360,974,378,0.7994,2026-08-04 03:36:58.697,2026-08-04 03:37:00.601
car_ID_740,FLUSH,1569,car,618,266,313,306,0.6750,2026-08-04 03:36:12.219,2026-08-04 03:37:01.666
car_ID_778,FLUSH,1597,car,556,270,420,283,0.5782,2026-08-04 03:36:46.529,2026-08-04 03:37:02.512
car_ID_783,FLUSH,1648,car,398,355,1015,368,0.7371,2026-08-04 03:37:00.397,2026-08-04 03:37:02.689
car_ID_781,FLUSH,1634,car,585,267,411,283,0.5957,2026-08-04 03:36:59.068,2026-08-04 03:37:04.662
car_ID_784,FLUSH,1651,car,330,371,947,389,0.8088,2026-08-04 03:37:02.759,2026-08-04 03:37:05.041
car_ID_786,FLUSH,1656,car,287,357,336,347,0.5741,2026-08-04 03:37:04.904,2026-08-04 03:37:05.361
truck_ID_138,FLUSH,1656,truck,365,361,369,366,0.6453,2026-08-04 03:37:05.391,2026-08-04 03:37:05.423
car_ID_788,FLUSH,1658,car,530,272,530,272,0.6167,2026-08-04 03:37:05.326,2026-08-04 03:37:05.457
truck_ID_139,FLUSH,1657,truck,378,367,378,367,0.5778,2026-08-04 03:37:05.457,2026-08-04 03:37:05.457
car_ID_787,FLUSH,1657,car,347,361,1086,397,0.8132,2026-08-04 03:37:05.293,2026-08-04 03:37:07.675
car_ID_782,FLUSH,1619,car,612,263,402,280,0.6535,2026-08-04 03:36:59.827,2026-08-04 03:37:08.702
car_ID_790,FLUSH,1662,car,435,277,401,280,0.5899,2026-08-04 03:37:07.540,2026-08-04 03:37:08.763
car_ID_789,FLUSH,1663,car,363,370,934,388,0.7744,2026-08-04 03:37:07.234,2026-08-04 03:37:09.124
car_ID_791,FLUSH,1661,car,613,259,517,271,0.6763,2026-08-04 03:37:07.568,2026-08-04 03:37:09.424
car_ID_793,FLUSH,1619,car,396,280,397,280,0.5286,2026-08-04 03:37:10.264,2026-08-04 03:37:11.027
car_ID_794,FLUSH,1662,car,396,281,396,280,0.5167,2026-08-04 03:37:10.755,2026-08-04 03:37:13.421
car_ID_795,FLUSH,1668,car,374,348,374,348,0.5775,2026-08-04 03:37:13.454,2026-08-04 03:37:13.521
car_ID_796,FLUSH,1619,car,396,277,396,276,0.5490,2026-08-04 03:37:13.591,2026-08-04 03:37:13.623
truck_ID_140,FLUSH,1668,truck,410,322,428,320,0.5803,2026-08-04 03:37:13.995,2026-08-04 03:37:14.228
car_ID_797,FLUSH,1669,car,720,240,720,240,0.5311,2026-08-04 03:37:14.333,2026-08-04 03:37:14.333
car_ID_792,FLUSH,1664,car,618,266,537,273,0.7195,2026-08-04 03:37:08.393,2026-08-04 03:37:14.890
car_ID_785,FLUSH,1653,car,618,266,468,287,0.7088,2026-08-04 03:37:04.095,2026-08-04 03:37:15.495
car_ID_798,FLUSH,1668,car,474,313,585,296,0.6542,2026-08-04 03:37:14.563,2026-08-04 03:37:15.899
car_ID_799,FLUSH,1671,car,526,281,538,280,0.6015,2026-08-04 03:37:15.935,2026-08-04 03:37:16.154
truck_ID_143,FLUSH,1668,truck,556,300,601,295,0.6199,2026-08-04 03:37:15.495,2026-08-04 03:37:16.283
truck_ID_142,FLUSH,1664,truck,555,302,615,293,0.5610,2026-08-04 03:37:15.463,2026-08-04 03:37:16.356
car_ID_800,FLUSH,1673,car,387,281,411,281,0.5632,2026-08-04 03:37:18.091,2026-08-04 03:37:18.767
car_ID_801,FLUSH,1674,car,458,284,470,286,0.6680,2026-08-04 03:37:18.599,2026-08-04 03:37:19.289
car_ID_802,FLUSH,1675,car,515,280,525,281,0.5680,2026-08-04 03:37:19.120,2026-08-04 03:37:19.391
car_ID_803,FLUSH,1676,car,754,272,760,270,0.5371,2026-08-04 03:37:19.226,2026-08-04 03:37:19.492
truck_ID_144,FLUSH,1678,truck,372,283,626,264,0.6056,2026-08-04 03:37:19.932,2026-08-04 03:37:22.562
truck_ID_145,FLUSH,1686,truck,763,251,763,251,0.5561,2026-08-04 03:37:22.562,2026-08-04 03:37:22.562
car_ID_805,FLUSH,1681,car,394,281,396,281,0.5588,2026-08-04 03:37:21.686,2026-08-04 03:37:22.628
car_ID_808,FLUSH,1688,car,563,267,563,267,0.5668,2026-08-04 03:37:23.120,2026-08-04 03:37:23.120
truck_ID_146,FLUSH,1689,truck,394,280,394,280,0.5062,2026-08-04 03:37:24.590,2026-08-04 03:37:24.590
car_ID_810,FLUSH,1681,car,394,281,395,283,0.5460,2026-08-04 03:37:24.272,2026-08-04 03:37:25.162
car_ID_809,FLUSH,1692,car,611,262,568,267,0.6005,2026-08-04 03:37:24.037,2026-08-04 03:37:25.261
car_ID_804,FLUSH,1682,car,1105,352,335,335,0.7736,2026-08-04 03:37:21.613,2026-08-04 03:37:25.533
car_ID_812,FLUSH,1696,car,611,257,565,265,0.6194,2026-08-04 03:37:24.938,2026-08-04 03:37:26.328
truck_ID_141,FLUSH,1670,truck,322,295,768,250,0.6652,2026-08-04 03:37:15.227,2026-08-04 03:37:26.460
car_ID_811,FLUSH,1689,car,394,281,395,280,0.5267,2026-08-04 03:37:24.338,2026-08-04 03:37:28.298
car_ID_813,FLUSH,1681,car,396,280,392,282,0.5255,2026-08-04 03:37:26.490,2026-08-04 03:37:29.089
car_ID_816,FLUSH,1681,car,388,283,387,283,0.5240,2026-08-04 03:37:31.374,2026-08-04 03:37:31.381
car_ID_818,FLUSH,1705,car,791,235,792,236,0.5347,2026-08-04 03:37:31.374,2026-08-04 03:37:31.381
car_ID_815,FLUSH,1704,car,711,249,703,250,0.5276,2026-08-04 03:37:31.059,2026-08-04 03:37:31.689
car_ID_817,FLUSH,1703,car,624,258,614,254,0.5747,2026-08-04 03:37:31.374,2026-08-04 03:37:32.224
car_ID_819,FLUSH,1681,car,387,284,387,284,0.5256,2026-08-04 03:37:32.434,2026-08-04 03:37:33.792
car_ID_822,FLUSH,1712,car,712,244,709,245,0.5530,2026-08-04 03:37:35.168,2026-08-04 03:37:35.370
car_ID_814,FLUSH,1689,car,389,283,387,288,0.5288,2026-08-04 03:37:30.410,2026-08-04 03:37:36.264
car_ID_820,FLUSH,1711,car,950,309,762,276,0.7063,2026-08-04 03:37:33.963,2026-08-04 03:37:37.284
car_ID_821,FLUSH,1681,car,388,283,385,283,0.5445,2026-08-04 03:37:34.960,2026-08-04 03:37:37.579
car_ID_807,FLUSH,1685,car,517,279,529,275,0.6482,2026-08-04 03:37:22.562,2026-08-04 03:37:38.926
car_ID_824,FLUSH,1718,car,658,249,656,250,0.5233,2026-08-04 03:37:38.335,2026-08-04 03:37:39.454
car_ID_825,FLUSH,1721,car,379,281,369,287,0.5392,2026-08-04 03:37:39.159,2026-08-04 03:37:39.923
car_ID_826,FLUSH,1724,car,529,278,529,278,0.5418,2026-08-04 03:37:40.361,2026-08-04 03:37:40.427
car_ID_827,FLUSH,1723,car,328,295,328,295,0.5383,2026-08-04 03:37:41.037,2026-08-04 03:37:41.534
car_ID_829,FLUSH,1729,car,467,275,466,275,0.5026,2026-08-04 03:37:41.829,2026-08-04 03:37:41.861
car_ID_823,FLUSH,1714,car,945,309,787,260,0.6880,2026-08-04 03:37:36.024,2026-08-04 03:37:42.147
car_ID_830,FLUSH,1724,car,526,282,525,282,0.5169,2026-08-04 03:37:42.611,2026-08-04 03:37:42.618
car_ID_806,FLUSH,1684,car,454,282,319,305,0.7261,2026-08-04 03:37:21.943,2026-08-04 03:37:44.289
truck_ID_147,FLUSH,1703,truck,616,249,572,252,0.6942,2026-08-04 03:37:32.365,2026-08-04 03:37:44.694
car_ID_831,FLUSH,1734,car,347,372,907,392,0.7446,2026-08-04 03:37:43.211,2026-08-04 03:37:44.827
car_ID_832,FLUSH,1737,car,490,281,446,285,0.5801,2026-08-04 03:37:44.324,2026-08-04 03:37:45.381
car_ID_833,FLUSH,1741,car,302,358,577,372,0.6144,2026-08-04 03:37:44.827,2026-08-04 03:37:45.957
car_ID_835,FLUSH,1745,car,525,370,618,375,0.5890,2026-08-04 03:37:45.828,2026-08-04 03:37:46.061
bus_ID_27,FLUSH,1745,bus,544,371,765,378,0.6200,2026-08-04 03:37:45.895,2026-08-04 03:37:46.330
car_ID_828,FLUSH,1727,car,936,312,760,259,0.6708,2026-08-04 03:37:41.221,2026-08-04 03:37:46.395
bus_ID_26,FLUSH,1741,bus,512,368,772,377,0.5665,2026-08-04 03:37:45.789,2026-08-04 03:37:46.395
truck_ID_148,FLUSH,1741,truck,390,355,903,382,0.5349,2026-08-04 03:37:45.430,2026-08-04 03:37:46.590
truck_ID_150,FLUSH,1745,truck,692,379,924,384,0.7435,2026-08-04 03:37:46.201,2026-08-04 03:37:46.589
car_ID_836,FLUSH,1751,car,606,257,606,257,0.5347,2026-08-04 03:37:46.890,2026-08-04 03:37:46.922
car_ID_839,FLUSH,1750,car,647,260,647,260,0.5383,2026-08-04 03:37:48.070,2026-08-04 03:37:48.070
truck_ID_149,FLUSH,1746,truck,551,251,486,258,0.6671,2026-08-04 03:37:46.029,2026-08-04 03:37:48.210
car_ID_840,FLUSH,1754,car,349,367,360,368,0.7184,2026-08-04 03:37:48.590,2026-08-04 03:37:48.624
car_ID_834,FLUSH,1743,car,497,273,339,284,0.6821,2026-08-04 03:37:45.316,2026-08-04 03:37:48.825
car_ID_838,FLUSH,1752,car,470,271,425,275,0.5304,2026-08-04 03:37:47.862,2026-08-04 03:37:48.927
car_ID_837,FLUSH,1748,car,605,257,586,258,0.6143,2026-08-04 03:37:47.155,2026-08-04 03:37:49.096
truck_ID_151,FLUSH,1752,truck,441,265,441,265,0.5628,2026-08-04 03:37:49.129,2026-08-04 03:37:49.129
car_ID_841,FLUSH,1755,car,367,368,996,401,0.8668,2026-08-04 03:37:48.691,2026-08-04 03:37:50.259
truck_ID_153,FLUSH,1758,truck,387,275,386,275,0.6190,2026-08-04 03:37:50.430,2026-08-04 03:37:50.462
car_ID_842,FLUSH,1756,car,584,260,552,263,0.5559,2026-08-04 03:37:49.230,2026-08-04 03:37:50.597
truck_ID_154,FLUSH,1760,truck,382,366,384,367,0.5552,2026-08-04 03:37:50.834,2026-08-04 03:37:50.866
car_ID_845,FLUSH,1760,car,413,368,413,368,0.6490,2026-08-04 03:37:50.942,2026-08-04 03:37:51.420
car_ID_844,FLUSH,1759,car,359,363,950,395,0.8133,2026-08-04 03:37:50.764,2026-08-04 03:37:52.334
truck_ID_152,FLUSH,1748,truck,565,260,490,267,0.7012,2026-08-04 03:37:50.092,2026-08-04 03:37:52.992
truck_ID_156,FLUSH,1764,truck,458,270,458,270,0.6381,2026-08-04 03:37:53.498,2026-08-04 03:37:53.953
car_ID_843,FLUSH,1757,car,613,264,496,278,0.5792,2026-08-04 03:37:50.227,2026-08-04 03:37:56.163
truck_ID_155,FLUSH,1763,truck,493,267,441,271,0.6705,2026-08-04 03:37:52.411,2026-08-04 03:37:58.254
car_ID_846,FLUSH,1762,car,614,267,539,276,0.6273,2026-08-04 03:37:53.228,2026-08-04 03:37:59.105
truck_ID_157,FLUSH,1765,truck,323,304,460,287,0.5520,2026-08-04 03:37:58.863,2026-08-04 03:38:00.470
car_ID_847,FLUSH,1772,car,537,276,543,278,0.6160,2026-08-04 03:38:02.595,2026-08-04 03:38:03.264
truck_ID_158,FLUSH,1770,truck,353,300,529,278,0.7103,2026-08-04 03:38:02.627,2026-08-04 03:38:05.023
bus_ID_29,FLUSH,1776,bus,768,252,768,252,0.5668,2026-08-04 03:38:05.562,2026-08-04 03:38:05.733
bus_ID_28,FLUSH,1770,bus,422,361,422,361,0.5330,2026-08-04 03:38:05.427,2026-08-04 03:38:05.899
car_ID_849,FLUSH,1786,car,499,294,599,285,0.6163,2026-08-04 03:38:07.822,2026-08-04 03:38:08.729
bus_ID_30,FLUSH,1780,bus,852,346,1014,359,0.5631,2026-08-04 03:38:07.855,2026-08-04 03:38:08.932
car_ID_850,FLUSH,1784,car,642,281,697,273,0.5662,2026-08-04 03:38:08.055,2026-08-04 03:38:09.222
truck_ID_161,FLUSH,1789,truck,344,276,344,276,0.5027,2026-08-04 03:38:09.222,2026-08-04 03:38:09.222
truck_ID_160,FLUSH,1783,truck,757,254,776,251,0.6267,2026-08-04 03:38:08.405,2026-08-04 03:38:09.627
car_ID_848,FLUSH,1785,car,412,334,674,286,0.7599,2026-08-04 03:38:07.822,2026-08-04 03:38:10.033
truck_ID_162,FLUSH,1789,truck,342,275,344,275,0.5590,2026-08-04 03:38:10.822,2026-08-04 03:38:10.854
car_ID_854,FLUSH,1794,car,709,267,717,266,0.5351,2026-08-04 03:38:11.334,2026-08-04 03:38:11.768
car_ID_851,FLUSH,1788,car,393,317,670,281,0.7692,2026-08-04 03:38:08.665,2026-08-04 03:38:12.127
car_ID_853,FLUSH,1792,car,391,317,675,277,0.7410,2026-08-04 03:38:10.137,2026-08-04 03:38:13.287
car_ID_856,FLUSH,1798,car,399,310,561,288,0.6449,2026-08-04 03:38:11.865,2026-08-04 03:38:13.424
car_ID_855,FLUSH,1796,car,756,276,788,260,0.6123,2026-08-04 03:38:11.596,2026-08-04 03:38:14.030
car_ID_857,FLUSH,1801,car,535,275,541,273,0.5835,2026-08-04 03:38:13.659,2026-08-04 03:38:14.703
car_ID_852,FLUSH,1777,car,538,274,648,278,0.5999,2026-08-04 03:38:09.153,2026-08-04 03:38:15.327
car_ID_861,FLUSH,1806,car,492,273,492,273,0.5552,2026-08-04 03:38:16.146,2026-08-04 03:38:16.242
car_ID_859,FLUSH,1805,car,613,255,562,262,0.6050,2026-08-04 03:38:15.195,2026-08-04 03:38:16.457
truck_ID_159,FLUSH,1781,truck,435,271,410,274,0.6637,2026-08-04 03:38:07.666,2026-08-04 03:38:17.382
car_ID_862,FLUSH,1807,car,716,260,730,260,0.5612,2026-08-04 03:38:17.197,2026-08-04 03:38:18.279
car_ID_858,FLUSH,1788,car,709,270,784,250,0.6296,2026-08-04 03:38:13.963,2026-08-04 03:38:18.315
car_ID_863,FLUSH,1806,car,479,275,440,276,0.5666,2026-08-04 03:38:17.755,2026-08-04 03:38:18.429
car_ID_864,FLUSH,1811,car,608,255,565,261,0.5770,2026-08-04 03:38:17.859,2026-08-04 03:38:18.904
truck_ID_163,FLUSH,1810,truck,409,274,352,274,0.6969,2026-08-04 03:38:16.958,2026-08-04 03:38:19.089
car_ID_865,FLUSH,1813,car,482,280,482,280,0.5882,2026-08-04 03:38:19.625,2026-08-04 03:38:19.795
car_ID_860,FLUSH,1801,car,542,273,530,274,0.5603,2026-08-04 03:38:15.732,2026-08-04 03:38:20.067
truck_ID_164,FLUSH,1816,truck,351,328,464,336,0.7567,2026-08-04 03:38:19.795,2026-08-04 03:38:20.458
truck_ID_165,FLUSH,1818,truck,478,336,806,344,0.7686,2026-08-04 03:38:20.520,2026-08-04 03:38:21.774
car_ID_867,FLUSH,1821,car,589,265,554,268,0.5366,2026-08-04 03:38:21.857,2026-08-04 03:38:22.494
car_ID_869,FLUSH,1827,car,613,260,612,260,0.5365,2026-08-04 03:38:23.660,2026-08-04 03:38:23.693
car_ID_866,FLUSH,1819,car,517,275,409,285,0.6336,2026-08-04 03:38:21.685,2026-08-04 03:38:24.643
car_ID_870,FLUSH,1829,car,321,338,499,358,0.5878,2026-08-04 03:38:24.399,2026-08-04 03:38:25.430
truck_ID_166,FLUSH,1829,truck,373,344,646,362,0.6529,2026-08-04 03:38:24.790,2026-08-04 03:38:25.850
person_ID_2,FLUSH,1834,person,638,264,638,264,0.5133,2026-08-04 03:38:25.915,2026-08-04 03:38:25.990
car_ID_872,FLUSH,1831,car,452,274,447,276,0.5109,2026-08-04 03:38:25.699,2026-08-04 03:38:26.261
car_ID_871,FLUSH,1830,car,607,269,527,269,0.6047,2026-08-04 03:38:24.604,2026-08-04 03:38:26.520
car_ID_875,FLUSH,1842,car,842,303,842,303,0.7700,2026-08-04 03:38:27.248,2026-08-04 03:38:27.248
truck_ID_167,FLUSH,1833,truck,558,363,1035,373,0.6831,2026-08-04 03:38:25.599,2026-08-04 03:38:27.276
car_ID_876,FLUSH,1843,car,792,300,750,294,0.6623,2026-08-04 03:38:27.623,2026-08-04 03:38:28.264
car_ID_868,FLUSH,1822,car,618,265,330,303,0.6594,2026-08-04 03:38:22.159,2026-08-04 03:38:28.395
car_ID_874,FLUSH,1841,car,342,374,926,394,0.7764,2026-08-04 03:38:27.167,2026-08-04 03:38:29.063
car_ID_877,FLUSH,1847,car,701,285,701,285,0.5989,2026-08-04 03:38:29.063,2026-08-04 03:38:29.063
bus_ID_31,FLUSH,1848,bus,601,241,601,241,0.5596,2026-08-04 03:38:29.257,2026-08-04 03:38:29.257
car_ID_873,FLUSH,1840,car,633,259,353,287,0.7303,2026-08-04 03:38:26.870,2026-08-04 03:38:29.864
truck_ID_168,FLUSH,1845,truck,587,240,583,241,0.5668,2026-08-04 03:38:30.353,2026-08-04 03:38:30.490
car_ID_880,FLUSH,1851,car,213,336,213,336,0.5169,2026-08-04 03:38:31.032,2026-08-04 03:38:31.032
truck_ID_169,FLUSH,1848,truck,566,243,540,245,0.5866,2026-08-04 03:38:30.763,2026-08-04 03:38:31.655
car_ID_878,FLUSH,1849,car,343,373,1052,392,0.8343,2026-08-04 03:38:29.702,2026-08-04 03:38:31.793
truck_ID_171,FLUSH,1854,truck,333,365,369,372,0.5560,2026-08-04 03:38:32.030,2026-08-04 03:38:32.261
car_ID_879,FLUSH,1847,car,699,276,762,255,0.5730,2026-08-04 03:38:30.118,2026-08-04 03:38:33.527
car_ID_881,FLUSH,1854,car,347,366,1088,400,0.7642,2026-08-04 03:38:32.127,2026-08-04 03:38:34.486
truck_ID_170,FLUSH,1853,truck,548,242,385,255,0.6128,2026-08-04 03:38:31.400,2026-08-04 03:38:34.794
car_ID_882,FLUSH,1858,car,624,258,541,269,0.6320,2026-08-04 03:38:34.860,2026-08-04 03:38:36.945
truck_ID_172,FLUSH,1860,truck,474,314,474,314,0.5204,2026-08-04 03:38:37.656,2026-08-04 03:38:37.656
car_ID_884,FLUSH,1867,car,570,297,571,297,0.5026,2026-08-04 03:38:38.467,2026-08-04 03:38:38.505
car_ID_883,FLUSH,1860,car,488,306,650,285,0.5866,2026-08-04 03:38:37.767,2026-08-04 03:38:39.496
car_ID_885,FLUSH,1865,car,466,273,385,282,0.5706,2026-08-04 03:38:38.620,2026-08-04 03:38:39.951
car_ID_886,FLUSH,1869,car,748,272,787,258,0.6868,2026-08-04 03:38:41.037,2026-08-04 03:38:43.096
bus_ID_33,FLUSH,1870,bus,562,243,562,243,0.5953,2026-08-04 03:38:43.373,2026-08-04 03:38:43.383
bus_ID_32,FLUSH,1868,bus,641,236,565,243,0.5936,2026-08-04 03:38:40.223,2026-08-04 03:38:43.801
bus_ID_34,FLUSH,1870,bus,476,250,472,250,0.5472,2026-08-04 03:38:44.633,2026-08-04 03:38:44.763
bus_ID_35,FLUSH,1873,bus,420,254,420,254,0.5276,2026-08-04 03:38:45.460,2026-08-04 03:38:45.460
car_ID_887,FLUSH,1875,car,611,260,427,280,0.6136,2026-08-04 03:38:47.390,2026-08-04 03:38:49.654
person_ID_3,FLUSH,1864,person,511,411,689,353,0.7815,2026-08-04 03:38:38.467,2026-08-04 03:38:49.718
car_ID_890,FLUSH,1880,car,611,255,388,281,0.5953,2026-08-04 03:38:53.742,2026-08-04 03:38:56.785
car_ID_888,FLUSH,1877,car,402,333,800,259,0.6588,2026-08-04 03:38:51.769,2026-08-04 03:38:58.119
car_ID_889,FLUSH,1878,car,404,312,753,258,0.7058,2026-08-04 03:38:53.402,2026-08-04 03:38:58.119
person_ID_4,FLUSH,1881,person,762,316,838,309,0.6163,2026-08-04 03:38:56.371,2026-08-04 03:38:59.517
person_ID_5,FLUSH,1885,person,813,302,814,304,0.5781,2026-08-04 03:39:01.659,2026-08-04 03:39:02.321
car_ID_891,FLUSH,1882,car,394,333,796,261,0.7214,2026-08-04 03:38:58.829,2026-08-04 03:39:04.729
car_ID_892,FLUSH,1886,car,387,316,760,257,0.7052,2026-08-04 03:39:02.423,2026-08-04 03:39:07.126
car_ID_893,FLUSH,1891,car,1064,348,390,338,0.7767,2026-08-04 03:39:13.791,2026-08-04 03:39:16.997
car_ID_894,FLUSH,1892,car,609,256,390,283,0.5814,2026-08-04 03:39:15.206,2026-08-04 03:39:19.646
car_ID_897,FLUSH,1898,car,656,254,656,253,0.5323,2026-08-04 03:39:21.791,2026-08-04 03:39:21.852
car_ID_895,FLUSH,1895,car,609,256,422,278,0.6240,2026-08-04 03:39:17.444,2026-08-04 03:39:23.763
car_ID_896,FLUSH,1897,car,626,257,489,274,0.5825,2026-08-04 03:39:21.536,2026-08-04 03:39:24.372
car_ID_898,FLUSH,1899,car,625,258,375,283,0.6865,2026-08-04 03:39:22.833,2026-08-04 03:39:28.566
car_ID_899,FLUSH,1904,car,611,264,401,283,0.5949,2026-08-04 03:39:28.099,2026-08-04 03:39:32.229
car_ID_900,FLUSH,1907,car,626,258,387,284,0.6653,2026-08-04 03:39:29.900,2026-08-04 03:39:34.958
car_ID_901,FLUSH,1909,car,615,255,370,282,0.6832,2026-08-04 03:39:32.868,2026-08-04 03:39:35.962
car_ID_902,FLUSH,1911,car,616,260,370,287,0.7357,2026-08-04 03:39:34.066,2026-08-04 03:39:38.101
car_ID_903,FLUSH,1913,car,341,378,1030,381,0.7288,2026-08-04 03:39:36.800,2026-08-04 03:39:39.125
car_ID_904,FLUSH,1915,car,615,257,365,283,0.6453,2026-08-04 03:39:41.366,2026-08-04 03:39:45.132
car_ID_906,FLUSH,1918,car,705,250,703,250,0.5596,2026-08-04 03:39:47.694,2026-08-04 03:39:47.864
car_ID_908,FLUSH,1921,car,428,282,414,283,0.5757,2026-08-04 03:39:49.507,2026-08-04 03:39:49.615
car_ID_910,FLUSH,1926,car,583,258,558,263,0.5305,2026-08-04 03:39:51.831,2026-08-04 03:39:52.290
car_ID_912,FLUSH,1929,car,647,259,647,258,0.5097,2026-08-04 03:39:52.996,2026-08-04 03:39:53.028
car_ID_911,FLUSH,1931,car,614,267,526,269,0.5434,2026-08-04 03:39:52.923,2026-08-04 03:39:55.098
car_ID_916,FLUSH,1937,car,322,310,322,310,0.5703,2026-08-04 03:39:55.895,2026-08-04 03:39:55.895
car_ID_905,FLUSH,1917,car,620,265,647,278,0.6775,2026-08-04 03:39:46.844,2026-08-04 03:39:55.960
car_ID_914,FLUSH,1936,car,612,263,521,269,0.6356,2026-08-04 03:39:54.898,2026-08-04 03:39:56.198
car_ID_909,FLUSH,1927,car,389,311,720,264,0.7307,2026-08-04 03:39:51.738,2026-08-04 03:39:56.267
car_ID_917,FLUSH,1940,car,321,307,343,296,0.5968,2026-08-04 03:39:56.098,2026-08-04 03:39:56.644
car_ID_915,FLUSH,1938,car,602,270,583,272,0.5416,2026-08-04 03:39:55.794,2026-08-04 03:39:56.925
car_ID_918,FLUSH,1942,car,405,287,386,284,0.5985,2026-08-04 03:39:56.268,2026-08-04 03:39:56.925
car_ID_907,FLUSH,1919,car,399,309,439,285,0.6772,2026-08-04 03:39:48.243,2026-08-04 03:39:57.361
truck_ID_174,FLUSH,1927,truck,734,241,734,241,0.5204,2026-08-04 03:39:57.599,2026-08-04 03:39:57.631
car_ID_920,FLUSH,1944,car,716,267,719,267,0.5212,2026-08-04 03:39:57.599,2026-08-04 03:39:57.730
truck_ID_173,FLUSH,1940,truck,334,299,443,287,0.6172,2026-08-04 03:39:57.043,2026-08-04 03:39:57.862
car_ID_913,FLUSH,1932,car,327,307,643,276,0.6835,2026-08-04 03:39:53.718,2026-08-04 03:39:57.966
car_ID_922,FLUSH,1927,car,754,254,754,254,0.6060,2026-08-04 03:39:58.007,2026-08-04 03:39:58.007
car_ID_921,FLUSH,1948,car,322,308,335,301,0.5953,2026-08-04 03:39:57.913,2026-08-04 03:39:58.123
car_ID_923,FLUSH,1950,car,395,295,416,287,0.6610,2026-08-04 03:39:58.089,2026-08-04 03:39:58.591
car_ID_919,FLUSH,1945,car,553,275,550,273,0.5596,2026-08-04 03:39:57.431,2026-08-04 03:39:58.663
car_ID_924,FLUSH,1952,car,511,282,520,282,0.6345,2026-08-04 03:39:59.130,2026-08-04 03:39:59.300
car_ID_926,FLUSH,1944,car,748,256,756,255,0.5907,2026-08-04 03:39:59.233,2026-08-04 03:39:59.693
truck_ID_177,FLUSH,1955,truck,707,248,710,246,0.5395,2026-08-04 03:39:59.375,2026-08-04 03:39:59.693
truck_ID_175,FLUSH,1949,truck,470,285,672,263,0.7415,2026-08-04 03:39:58.056,2026-08-04 03:40:00.264
car_ID_925,FLUSH,1953,car,704,266,754,253,0.5879,2026-08-04 03:39:59.198,2026-08-04 03:40:01.464
truck_ID_178,FLUSH,1949,truck,715,258,720,257,0.5552,2026-08-04 03:40:01.354,2026-08-04 03:40:01.465
car_ID_930,FLUSH,1949,car,743,261,743,261,0.5062,2026-08-04 03:40:01.964,2026-08-04 03:40:01.964
car_ID_929,FLUSH,1962,car,466,288,471,289,0.5951,2026-08-04 03:40:01.660,2026-08-04 03:40:02.181
car_ID_928,FLUSH,1963,car,409,304,611,285,0.6255,2026-08-04 03:40:01.594,2026-08-04 03:40:03.203
car_ID_933,FLUSH,1968,car,398,311,620,283,0.7076,2026-08-04 03:40:02.388,2026-08-04 03:40:04.734
car_ID_931,FLUSH,1964,car,466,321,659,276,0.6924,2026-08-04 03:40:02.258,2026-08-04 03:40:04.867
truck_ID_176,FLUSH,1951,truck,353,300,767,250,0.7194,2026-08-04 03:39:58.863,2026-08-04 03:40:05.973
car_ID_936,FLUSH,1976,car,397,303,576,288,0.5940,2026-08-04 03:40:04.901,2026-08-04 03:40:06.133
truck_ID_179,FLUSH,1978,truck,572,243,572,243,0.5525,2026-08-04 03:40:05.666,2026-08-04 03:40:06.133
car_ID_937,FLUSH,1975,car,706,278,729,268,0.5917,2026-08-04 03:40:05.140,2026-08-04 03:40:06.623
car_ID_932,FLUSH,1959,car,319,308,672,288,0.6927,2026-08-04 03:40:02.356,2026-08-04 03:40:06.718
truck_ID_180,FLUSH,1951,truck,786,245,786,245,0.5177,2026-08-04 03:40:07.333,2026-08-04 03:40:07.333
truck_ID_181,FLUSH,1984,truck,524,249,480,249,0.6073,2026-08-04 03:40:07.666,2026-08-04 03:40:08.673
car_ID_940,FLUSH,1977,car,330,302,340,300,0.5521,2026-08-04 03:40:07.993,2026-08-04 03:40:08.757
car_ID_935,FLUSH,1970,car,341,300,326,302,0.6010,2026-08-04 03:40:04.024,2026-08-04 03:40:09.928
car_ID_939,FLUSH,1982,car,705,269,752,258,0.5485,2026-08-04 03:40:07.818,2026-08-04 03:40:10.067
car_ID_941,FLUSH,1975,car,751,275,804,256,0.6406,2026-08-04 03:40:08.023,2026-08-04 03:40:11.901
car_ID_938,FLUSH,1980,car,394,316,769,252,0.7020,2026-08-04 03:40:06.070,2026-08-04 03:40:12.084
car_ID_944,FLUSH,1992,car,341,300,342,301,0.5181,2026-08-04 03:40:11.798,2026-08-04 03:40:12.257
car_ID_945,FLUSH,1992,car,341,299,341,299,0.5204,2026-08-04 03:40:13.289,2026-08-04 03:40:13.519
car_ID_946,FLUSH,1998,car,615,255,523,264,0.7005,2026-08-04 03:40:14.811,2026-08-04 03:40:16.257
car_ID_942,FLUSH,1988,car,410,332,804,259,0.6825,2026-08-04 03:40:10.432,2026-08-04 03:40:16.355
car_ID_947,FLUSH,2002,car,613,262,518,273,0.6550,2026-08-04 03:40:16.993,2026-08-04 03:40:18.453
car_ID_948,FLUSH,2006,car,339,300,341,299,0.5117,2026-08-04 03:40:18.903,2026-08-04 03:40:20.199
car_ID_950,FLUSH,2006,car,338,300,338,300,0.5062,2026-08-04 03:40:21.401,2026-08-04 03:40:21.401
car_ID_949,FLUSH,2007,car,1044,343,417,342,0.7830,2026-08-04 03:40:19.154,2026-08-04 03:40:21.919
truck_ID_182,FLUSH,2009,truck,731,334,725,334,0.5928,2026-08-04 03:40:23.219,2026-08-04 03:40:23.269
truck_ID_183,FLUSH,2010,truck,728,334,728,334,0.5477,2026-08-04 03:40:23.278,2026-08-04 03:40:23.310
car_ID_951,FLUSH,2009,car,994,337,558,337,0.5922,2026-08-04 03:40:22.397,2026-08-04 03:40:23.791
car_ID_953,FLUSH,2010,car,450,330,449,330,0.6340,2026-08-04 03:40:24.163,2026-08-04 03:40:24.196
car_ID_952,FLUSH,2011,car,950,310,733,283,0.7085,2026-08-04 03:40:23.628,2026-08-04 03:40:26.759
car_ID_955,FLUSH,2016,car,342,300,340,299,0.5213,2026-08-04 03:40:25.598,2026-08-04 03:40:26.965
car_ID_954,FLUSH,2015,car,1099,332,740,291,0.7746,2026-08-04 03:40:24.691,2026-08-04 03:40:27.823
car_ID_957,FLUSH,2021,car,749,258,770,252,0.5705,2026-08-04 03:40:30.046,2026-08-04 03:40:31.059
car_ID_956,FLUSH,2020,car,711,281,786,250,0.6274,2026-08-04 03:40:28.574,2026-08-04 03:40:33.359
car_ID_959,FLUSH,2016,car,339,300,340,300,0.5739,2026-08-04 03:40:35.403,2026-08-04 03:40:35.436
car_ID_943,FLUSH,1989,car,321,306,258,307,0.5906,2026-08-04 03:40:11.159,2026-08-04 03:40:37.388
car_ID_958,FLUSH,2022,car,1047,327,802,256,0.7337,2026-08-04 03:40:30.389,2026-08-04 03:40:39.156
car_ID_927,FLUSH,1960,car,397,306,296,305,0.6390,2026-08-04 03:40:01.465,2026-08-04 03:40:39.229
car_ID_960,FLUSH,2032,car,611,256,476,273,0.5668,2026-08-04 03:40:37.120,2026-08-04 03:40:39.328
car_ID_934,FLUSH,1967,car,467,280,397,293,0.6598,2026-08-04 03:40:02.423,2026-08-04 03:40:39.667
car_ID_963,FLUSH,2039,car,614,267,613,267,0.5353,2026-08-04 03:40:39.909,2026-08-04 03:40:40.090
car_ID_964,FLUSH,2040,car,360,367,353,360,0.5989,2026-08-04 03:40:40.158,2026-08-04 03:40:40.322
car_ID_962,FLUSH,2036,car,616,267,427,283,0.6298,2026-08-04 03:40:38.757,2026-08-04 03:40:42.464
car_ID_961,FLUSH,2030,car,812,298,773,260,0.6778,2026-08-04 03:40:38.446,2026-08-04 03:40:42.616
car_ID_965,FLUSH,2042,car,378,362,1113,389,0.8274,2026-08-04 03:40:40.462,2026-08-04 03:40:42.716
truck_ID_184,FLUSH,2046,truck,372,371,374,371,0.5740,2026-08-04 03:40:42.888,2026-08-04 03:40:42.920
car_ID_967,FLUSH,2044,car,214,340,373,371,0.6050,2026-08-04 03:40:41.997,2026-08-04 03:40:43.398
car_ID_966,FLUSH,2043,car,608,263,420,283,0.5773,2026-08-04 03:40:40.866,2026-08-04 03:40:44.080
car_ID_968,FLUSH,2046,car,352,369,1075,396,0.8032,2026-08-04 03:40:42.820,2026-08-04 03:40:44.893
car_ID_970,FLUSH,2048,car,608,255,529,269,0.5841,2026-08-04 03:40:44.967,2026-08-04 03:40:46.301
car_ID_969,FLUSH,2047,car,352,373,1016,394,0.8480,2026-08-04 03:40:44.627,2026-08-04 03:40:46.664
car_ID_971,FLUSH,2049,car,440,275,440,275,0.5133,2026-08-04 03:40:47.254,2026-08-04 03:40:47.254
car_ID_972,FLUSH,2050,car,350,369,436,360,0.5822,2026-08-04 03:40:47.493,2026-08-04 03:40:48.524
car_ID_973,FLUSH,2051,car,420,358,1062,380,0.7996,2026-08-04 03:40:47.961,2026-08-04 03:40:50.528
car_ID_975,FLUSH,2055,car,458,310,671,285,0.7632,2026-08-04 03:40:55.341,2026-08-04 03:40:56.825
car_ID_974,FLUSH,2054,car,374,319,671,276,0.7595,2026-08-04 03:40:53.855,2026-08-04 03:40:56.926
truck_ID_185,FLUSH,2057,truck,448,294,448,294,0.7503,2026-08-04 03:40:57.430,2026-08-04 03:40:57.598
bus_ID_36,FLUSH,2057,bus,441,295,510,284,0.6081,2026-08-04 03:40:57.394,2026-08-04 03:40:58.524
car_ID_977,FLUSH,2059,car,600,308,651,303,0.5509,2026-08-04 03:40:57.764,2026-08-04 03:40:58.591
truck_ID_186,FLUSH,2061,truck,522,281,584,271,0.5938,2026-08-04 03:40:58.220,2026-08-04 03:40:59.066
car_ID_976,FLUSH,2058,car,740,276,806,257,0.7305,2026-08-04 03:40:57.598,2026-08-04 03:41:00.365
bus_ID_37,FLUSH,2061,bus,516,282,653,264,0.5690,2026-08-04 03:40:58.190,2026-08-04 03:41:00.429
bus_ID_38,FLUSH,2069,bus,765,253,765,253,0.5703,2026-08-04 03:41:02.661,2026-08-04 03:41:02.661
car_ID_978,FLUSH,2072,car,615,268,605,269,0.5870,2026-08-04 03:41:03.686,2026-08-04 03:41:04.259
truck_ID_187,FLUSH,2071,truck,374,300,658,265,0.6928,2026-08-04 03:41:03.468,2026-08-04 03:41:06.038
car_ID_979,FLUSH,2078,car,551,273,560,276,0.5841,2026-08-04 03:41:06.067,2026-08-04 03:41:06.300
bus_ID_39,FLUSH,2079,bus,420,289,441,285,0.5753,2026-08-04 03:41:06.377,2026-08-04 03:41:06.555
car_ID_980,FLUSH,2084,car,505,285,505,285,0.5169,2026-08-04 03:41:08.222,2026-08-04 03:41:08.255
truck_ID_189,FLUSH,2071,truck,732,256,766,252,0.6298,2026-08-04 03:41:07.129,2026-08-04 03:41:08.255
truck_ID_190,FLUSH,2085,truck,590,260,590,260,0.5668,2026-08-04 03:41:08.255,2026-08-04 03:41:08.733
car_ID_981,FLUSH,2086,car,490,281,485,282,0.7058,2026-08-04 03:41:08.398,2026-08-04 03:41:09.489
car_ID_982,FLUSH,2084,car,604,256,591,257,0.5397,2026-08-04 03:41:09.556,2026-08-04 03:41:09.791
truck_ID_188,FLUSH,2079,truck,438,288,771,250,0.6966,2026-08-04 03:41:06.491,2026-08-04 03:41:11.258
truck_ID_191,FLUSH,2087,truck,400,296,645,265,0.6362,2026-08-04 03:41:09.712,2026-08-04 03:41:12.304
truck_ID_192,FLUSH,2095,truck,719,256,721,256,0.5080,2026-08-04 03:41:12.801,2026-08-04 03:41:13.309
truck_ID_193,FLUSH,2097,truck,762,253,764,253,0.6333,2026-08-04 03:41:13.926,2026-08-04 03:41:13.989
car_ID_983,FLUSH,2090,car,452,287,439,283,0.6184,2026-08-04 03:41:11.399,2026-08-04 03:41:17.014
bus_ID_41,FLUSH,2102,bus,586,269,586,269,0.5097,2026-08-04 03:41:17.820,2026-08-04 03:41:17.990
truck_ID_194,FLUSH,2099,truck,520,275,583,268,0.6400,2026-08-04 03:41:17.625,2026-08-04 03:41:18.022
bus_ID_40,FLUSH,2099,bus,407,292,625,265,0.6206,2026-08-04 03:41:17.021,2026-08-04 03:41:18.632
car_ID_984,FLUSH,2096,car,419,333,799,258,0.6881,2026-08-04 03:41:13.034,2026-08-04 03:41:19.457
car_ID_986,FLUSH,2108,car,798,253,799,252,0.5104,2026-08-04 03:41:22.838,2026-08-04 03:41:23.457
car_ID_987,FLUSH,2109,car,385,341,662,289,0.7820,2026-08-04 03:41:23.120,2026-08-04 03:41:24.923
car_ID_988,FLUSH,2114,car,611,260,555,268,0.5955,2026-08-04 03:41:24.585,2026-08-04 03:41:25.326
car_ID_985,FLUSH,2100,car,412,293,433,283,0.6301,2026-08-04 03:41:17.754,2026-08-04 03:41:25.395
truck_ID_195,FLUSH,2115,truck,370,295,646,262,0.6447,2026-08-04 03:41:25.094,2026-08-04 03:41:27.385
car_ID_989,FLUSH,2116,car,742,277,780,267,0.6980,2026-08-04 03:41:25.957,2026-08-04 03:41:27.488
truck_ID_196,FLUSH,2119,truck,749,253,762,250,0.6626,2026-08-04 03:41:28.789,2026-08-04 03:41:29.257
bus_ID_42,FLUSH,2123,bus,765,250,765,250,0.5454,2026-08-04 03:41:29.329,2026-08-04 03:41:29.329
truck_ID_197,FLUSH,2123,truck,767,249,767,249,0.5062,2026-08-04 03:41:29.593,2026-08-04 03:41:29.625
car_ID_991,FLUSH,2121,car,606,255,492,270,0.5812,2026-08-04 03:41:27.998,2026-08-04 03:41:29.830
car_ID_992,FLUSH,2124,car,612,256,456,273,0.6683,2026-08-04 03:41:29.565,2026-08-04 03:41:31.855
car_ID_993,FLUSH,2125,car,478,289,574,278,0.6880,2026-08-04 03:41:31.238,2026-08-04 03:41:32.063
car_ID_994,FLUSH,2126,car,570,278,636,271,0.6393,2026-08-04 03:41:31.822,2026-08-04 03:41:32.463
person_ID_6,FLUSH,2125,person,634,271,641,270,0.5490,2026-08-04 03:41:32.224,2026-08-04 03:41:32.594
car_ID_995,FLUSH,2127,car,367,282,357,283,0.5223,2026-08-04 03:41:32.529,2026-08-04 03:41:33.118
car_ID_997,FLUSH,2129,car,707,261,711,261,0.5518,2026-08-04 03:41:33.798,2026-08-04 03:41:34.070
car_ID_998,FLUSH,2131,car,752,253,756,251,0.5240,2026-08-04 03:41:35.567,2026-08-04 03:41:35.850
car_ID_999,FLUSH,2132,car,412,295,426,287,0.6185,2026-08-04 03:41:36.185,2026-08-04 03:41:37.106
car_ID_990,FLUSH,2118,car,411,294,772,266,0.6390,2026-08-04 03:41:26.590,2026-08-04 03:41:37.622
car_ID_1000,FLUSH,2131,car,778,265,798,260,0.5630,2026-08-04 03:41:37.352,2026-08-04 03:41:38.332
car_ID_996,FLUSH,2130,car,410,295,696,275,0.6913,2026-08-04 03:41:33.758,2026-08-04 03:41:38.484
truck_ID_198,FLUSH,2133,truck,408,292,645,263,0.6210,2026-08-04 03:41:37.704,2026-08-04 03:41:39.399
truck_ID_199,FLUSH,2137,truck,741,253,767,250,0.6448,2026-08-04 03:41:40.627,2026-08-04 03:41:41.357
car_ID_1002,FLUSH,2138,car,614,255,458,274,0.6892,2026-08-04 03:41:40.427,2026-08-04 03:41:42.713
car_ID_1003,FLUSH,2140,car,380,281,357,282,0.6074,2026-08-04 03:41:43.531,2026-08-04 03:41:43.899
car_ID_1005,FLUSH,2143,car,1115,351,702,351,0.8115,2026-08-04 03:41:46.293,2026-08-04 03:41:48.554
car_ID_1004,FLUSH,2142,car,614,255,476,274,0.6556,2026-08-04 03:41:45.687,2026-08-04 03:41:48.656
car_ID_1006,FLUSH,2144,car,643,348,347,342,0.8276,2026-08-04 03:41:48.723,2026-08-04 03:41:49.858
car_ID_1007,FLUSH,2145,car,926,354,385,344,0.5802,2026-08-04 03:41:49.647,2026-08-04 03:41:51.530
car_ID_1008,FLUSH,2149,car,1006,353,394,342,0.7030,2026-08-04 03:41:51.461,2026-08-04 03:41:53.263
car_ID_1010,FLUSH,2154,car,558,266,486,273,0.5470,2026-08-04 03:41:53.400,2026-08-04 03:41:54.862
car_ID_1001,FLUSH,2134,car,415,292,322,305,0.5957,2026-08-04 03:41:38.755,2026-08-04 03:42:06.655
car_ID_1009,FLUSH,2150,car,612,261,392,287,0.5798,2026-08-04 03:41:52.063,2026-08-04 03:42:08.227
car_ID_1013,FLUSH,2161,car,379,367,934,391,0.7249,2026-08-04 03:42:07.227,2026-08-04 03:42:08.795
car_ID_1011,FLUSH,2155,car,613,262,369,286,0.6225,2026-08-04 03:41:55.721,2026-08-04 03:42:11.628
car_ID_1012,FLUSH,2157,car,617,264,430,284,0.5775,2026-08-04 03:41:58.490,2026-08-04 03:42:12.592
car_ID_1014,FLUSH,2165,car,295,356,1042,396,0.8026,2026-08-04 03:42:10.303,2026-08-04 03:42:13.170
car_ID_1016,FLUSH,2171,car,371,357,367,350,0.6645,2026-08-04 03:42:15.395,2026-08-04 03:42:15.630
car_ID_1017,FLUSH,2172,car,774,242,774,242,0.5347,2026-08-04 03:42:15.492,2026-08-04 03:42:15.631
car_ID_1015,FLUSH,2167,car,341,374,948,399,0.7603,2026-08-04 03:42:13.452,2026-08-04 03:42:15.727
car_ID_1018,FLUSH,2173,car,415,355,1097,377,0.7653,2026-08-04 03:42:15.760,2026-08-04 03:42:18.026
car_ID_1019,FLUSH,2175,car,383,356,1000,388,0.7920,2026-08-04 03:42:17.195,2026-08-04 03:42:19.353
car_ID_1022,FLUSH,2180,car,560,258,549,261,0.5513,2026-08-04 03:42:19.997,2026-08-04 03:42:20.270
car_ID_1020,FLUSH,2176,car,622,266,412,295,0.6008,2026-08-04 03:42:18.228,2026-08-04 03:42:21.953
car_ID_1025,FLUSH,2184,car,617,270,617,270,0.5596,2026-08-04 03:42:22.226,2026-08-04 03:42:22.226
car_ID_1027,FLUSH,2185,car,704,250,704,250,0.5133,2026-08-04 03:42:23.661,2026-08-04 03:42:23.661
car_ID_1021,FLUSH,2178,car,413,331,787,259,0.6380,2026-08-04 03:42:19.591,2026-08-04 03:42:25.497
car_ID_1026,FLUSH,2176,car,403,312,644,281,0.7001,2026-08-04 03:42:22.997,2026-08-04 03:42:25.530
car_ID_1030,FLUSH,2191,car,699,275,706,270,0.6317,2026-08-04 03:42:26.798,2026-08-04 03:42:27.266
car_ID_1031,FLUSH,2192,car,331,316,331,316,0.5454,2026-08-04 03:42:27.266,2026-08-04 03:42:27.266
car_ID_1024,FLUSH,2183,car,352,343,805,257,0.7393,2026-08-04 03:42:22.226,2026-08-04 03:42:29.531
car_ID_1028,FLUSH,2186,car,406,307,747,261,0.6765,2026-08-04 03:42:24.402,2026-08-04 03:42:29.630
car_ID_1032,FLUSH,2194,car,389,296,366,296,0.7100,2026-08-04 03:42:28.261,2026-08-04 03:42:31.619
car_ID_1029,FLUSH,2189,car,386,311,768,255,0.7145,2026-08-04 03:42:25.842,2026-08-04 03:42:32.361
car_ID_1034,FLUSH,2199,car,332,307,294,307,0.5526,2026-08-04 03:42:31.788,2026-08-04 03:42:33.295
car_ID_1023,FLUSH,2182,car,619,269,787,249,0.6847,2026-08-04 03:42:20.857,2026-08-04 03:42:35.098
car_ID_1036,FLUSH,2204,car,647,252,646,253,0.5204,2026-08-04 03:42:35.227,2026-08-04 03:42:35.259
car_ID_1037,FLUSH,2207,car,940,315,940,315,0.5454,2026-08-04 03:42:35.465,2026-08-04 03:42:35.465
car_ID_1033,FLUSH,2196,car,615,267,314,312,0.7092,2026-08-04 03:42:29.024,2026-08-04 03:42:35.850
truck_ID_200,FLUSH,2208,truck,403,374,403,374,0.6078,2026-08-04 03:42:36.257,2026-08-04 03:42:36.257
car_ID_1035,FLUSH,2203,car,353,374,951,400,0.7519,2026-08-04 03:42:34.169,2026-08-04 03:42:36.327
car_ID_1040,FLUSH,2204,car,628,257,625,257,0.5112,2026-08-04 03:42:36.362,2026-08-04 03:42:36.528
car_ID_1039,FLUSH,2210,car,407,375,414,376,0.8038,2026-08-04 03:42:36.295,2026-08-04 03:42:36.799
truck_ID_202,FLUSH,2204,truck,599,257,599,257,0.5561,2026-08-04 03:42:37.658,2026-08-04 03:42:37.690
car_ID_1042,FLUSH,2211,car,593,257,592,256,0.5169,2026-08-04 03:42:37.862,2026-08-04 03:42:37.894
car_ID_1038,FLUSH,2208,car,294,368,1048,405,0.8362,2026-08-04 03:42:35.665,2026-08-04 03:42:38.168
car_ID_1044,FLUSH,2215,car,656,252,656,252,0.5097,2026-08-04 03:42:38.582,2026-08-04 03:42:38.582
car_ID_1045,FLUSH,2217,car,216,333,219,335,0.5787,2026-08-04 03:42:38.671,2026-08-04 03:42:38.752
car_ID_1041,FLUSH,2202,car,845,303,768,279,0.7303,2026-08-04 03:42:36.667,2026-08-04 03:42:39.562
car_ID_1046,FLUSH,2218,car,887,304,873,303,0.7009,2026-08-04 03:42:38.964,2026-08-04 03:42:39.563
truck_ID_203,FLUSH,2216,truck,554,261,534,263,0.5647,2026-08-04 03:42:38.785,2026-08-04 03:42:39.636
truck_ID_204,FLUSH,2219,truck,357,354,374,364,0.5502,2026-08-04 03:42:39.595,2026-08-04 03:42:39.765
car_ID_1047,FLUSH,2219,car,366,368,416,368,0.8119,2026-08-04 03:42:39.498,2026-08-04 03:42:40.393
car_ID_1051,FLUSH,2224,car,783,273,783,272,0.5732,2026-08-04 03:42:41.067,2026-08-04 03:42:41.181
car_ID_1048,FLUSH,2221,car,357,361,1071,397,0.8856,2026-08-04 03:42:39.668,2026-08-04 03:42:41.489
truck_ID_201,FLUSH,2211,truck,604,256,330,288,0.5928,2026-08-04 03:42:37.523,2026-08-04 03:42:41.693
car_ID_1043,FLUSH,2213,car,1002,313,767,270,0.6822,2026-08-04 03:42:38.024,2026-08-04 03:42:43.728
car_ID_1049,FLUSH,2220,car,610,256,371,283,0.6308,2026-08-04 03:42:39.943,2026-08-04 03:42:43.967
car_ID_1053,FLUSH,2226,car,783,263,783,263,0.5347,2026-08-04 03:42:44.339,2026-08-04 03:42:44.339
car_ID_1050,FLUSH,2223,car,957,315,764,277,0.6442,2026-08-04 03:42:40.494,2026-08-04 03:42:44.554
bus_ID_43,FLUSH,2232,bus,516,339,516,339,0.5515,2026-08-04 03:42:46.427,2026-08-04 03:42:46.427
car_ID_1052,FLUSH,2225,car,1061,327,756,282,0.7506,2026-08-04 03:42:42.794,2026-08-04 03:42:46.496
truck_ID_205,FLUSH,2230,truck,359,328,593,342,0.7310,2026-08-04 03:42:45.652,2026-08-04 03:42:47.191
car_ID_1055,FLUSH,2237,car,802,259,802,259,0.5240,2026-08-04 03:42:47.898,2026-08-04 03:42:47.898
truck_ID_206,FLUSH,2232,truck,379,330,974,351,0.7647,2026-08-04 03:42:45.817,2026-08-04 03:42:47.897
car_ID_1054,FLUSH,2229,car,936,307,758,269,0.6299,2026-08-04 03:42:45.201,2026-08-04 03:42:50.021
car_ID_1057,FLUSH,2238,car,786,265,789,264,0.5335,2026-08-04 03:42:49.656,2026-08-04 03:42:50.021
car_ID_1056,FLUSH,2234,car,628,255,374,279,0.6698,2026-08-04 03:42:48.037,2026-08-04 03:42:51.252
car_ID_1058,FLUSH,2229,car,761,256,761,256,0.5418,2026-08-04 03:42:51.524,2026-08-04 03:42:51.556
car_ID_1059,FLUSH,2238,car,804,257,806,257,0.5882,2026-08-04 03:42:51.524,2026-08-04 03:42:51.661
car_ID_1061,FLUSH,2247,car,635,283,635,283,0.5561,2026-08-04 03:42:56.505,2026-08-04 03:42:56.505
car_ID_1060,FLUSH,2243,car,347,318,576,263,0.7217,2026-08-04 03:42:53.704,2026-08-04 03:42:57.327
car_ID_1063,FLUSH,2255,car,611,260,589,264,0.5896,2026-08-04 03:43:00.988,2026-08-04 03:43:01.354
truck_ID_209,FLUSH,2263,truck,426,297,446,282,0.5590,2026-08-04 03:43:03.195,2026-08-04 03:43:03.227
truck_ID_207,FLUSH,2246,truck,365,301,771,250,0.6595,2026-08-04 03:42:56.393,2026-08-04 03:43:03.296
car_ID_1062,FLUSH,2251,car,421,279,675,291,0.6981,2026-08-04 03:42:59.264,2026-08-04 03:43:03.468
car_ID_1064,FLUSH,2265,car,702,269,716,265,0.5897,2026-08-04 03:43:04.092,2026-08-04 03:43:04.670
truck_ID_208,FLUSH,2258,truck,328,300,599,267,0.6441,2026-08-04 03:43:02.034,2026-08-04 03:43:05.224
car_ID_1066,FLUSH,2269,car,444,277,444,277,0.5062,2026-08-04 03:43:05.457,2026-08-04 03:43:05.457
car_ID_1065,FLUSH,2266,car,745,276,777,267,0.6222,2026-08-04 03:43:04.226,2026-08-04 03:43:05.826
truck_ID_210,FLUSH,2258,truck,713,255,769,251,0.6441,2026-08-04 03:43:06.301,2026-08-04 03:43:07.981
car_ID_1067,FLUSH,2273,car,609,265,465,281,0.5657,2026-08-04 03:43:10.027,2026-08-04 03:43:12.091
car_ID_1068,FLUSH,2277,car,1084,347,335,339,0.8178,2026-08-04 03:43:15.826,2026-08-04 03:43:19.324
car_ID_1070,FLUSH,2279,car,1022,352,382,340,0.8054,2026-08-04 03:43:18.398,2026-08-04 03:43:20.742
car_ID_1069,FLUSH,2278,car,1032,325,750,277,0.7126,2026-08-04 03:43:17.751,2026-08-04 03:43:22.017
car_ID_1072,FLUSH,2285,car,937,311,756,285,0.7146,2026-08-04 03:43:21.192,2026-08-04 03:43:23.184
car_ID_1071,FLUSH,2280,car,611,256,350,282,0.7424,2026-08-04 03:43:18.672,2026-08-04 03:43:24.992
car_ID_1073,FLUSH,2278,car,766,269,801,258,0.5389,2026-08-04 03:43:23.355,2026-08-04 03:43:25.259
car_ID_1074,FLUSH,2285,car,734,274,761,258,0.6416,2026-08-04 03:43:24.267,2026-08-04 03:43:26.828
car_ID_1075,FLUSH,2289,car,606,256,388,282,0.5939,2026-08-04 03:43:27.656,2026-08-04 03:43:32.531
car_ID_1076,FLUSH,2291,car,384,335,800,257,0.7028,2026-08-04 03:43:34.195,2026-08-04 03:43:41.453
truck_ID_211,FLUSH,2295,truck,377,293,377,293,0.5440,2026-08-04 03:43:50.735,2026-08-04 03:43:50.735
bus_ID_44,FLUSH,2294,bus,401,289,401,289,0.5965,2026-08-04 03:43:51.355,2026-08-04 03:43:51.355
truck_ID_212,FLUSH,2294,truck,386,292,406,294,0.6051,2026-08-04 03:43:50.802,2026-08-04 03:43:51.525
bus_ID_45,FLUSH,2297,bus,441,293,444,290,0.5327,2026-08-04 03:43:51.793,2026-08-04 03:43:51.859
truck_ID_213,FLUSH,2297,truck,396,294,439,288,0.5471,2026-08-04 03:43:51.421,2026-08-04 03:43:52.792
car_ID_1077,FLUSH,2293,car,393,314,767,256,0.7189,2026-08-04 03:43:48.168,2026-08-04 03:43:55.066
car_ID_1078,FLUSH,2303,car,491,311,587,297,0.5465,2026-08-04 03:43:55.389,2026-08-04 03:43:56.533
car_ID_1079,FLUSH,2304,car,513,308,642,287,0.5529,2026-08-04 03:43:55.589,2026-08-04 03:43:57.332
car_ID_1080,FLUSH,2306,car,612,260,578,265,0.5563,2026-08-04 03:43:58.080,2026-08-04 03:43:59.165
truck_ID_214,FLUSH,2298,truck,443,285,785,244,0.6367,2026-08-04 03:43:52.364,2026-08-04 03:44:00.062
car_ID_1082,FLUSH,2309,car,469,280,455,283,0.5686,2026-08-04 03:44:01.662,2026-08-04 03:44:02.098
truck_ID_215,FLUSH,2308,truck,402,314,646,280,0.7369,2026-08-04 03:43:59.590,2026-08-04 03:44:02.251
car_ID_1081,FLUSH,2304,car,702,279,796,258,0.6572,2026-08-04 03:43:58.427,2026-08-04 03:44:03.367
truck_ID_216,FLUSH,2311,truck,346,327,547,291,0.6188,2026-08-04 03:44:02.098,2026-08-04 03:44:03.717
bus_ID_46,FLUSH,2311,bus,519,295,577,287,0.5665,2026-08-04 03:44:03.431,2026-08-04 03:44:04.009
car_ID_1083,FLUSH,2313,car,395,299,374,289,0.6119,2026-08-04 03:44:03.293,2026-08-04 03:44:04.225
truck_ID_217,FLUSH,2312,truck,479,301,607,284,0.6220,2026-08-04 03:44:03.161,2026-08-04 03:44:04.326
bus_ID_47,FLUSH,2312,bus,563,288,636,282,0.5987,2026-08-04 03:44:03.858,2026-08-04 03:44:04.663
truck_ID_218,FLUSH,2314,truck,759,266,779,261,0.6245,2026-08-04 03:44:04.663,2026-08-04 03:44:06.036
car_ID_1084,FLUSH,2316,car,610,263,510,273,0.6153,2026-08-04 03:44:05.224,2026-08-04 03:44:06.755
car_ID_1085,FLUSH,2312,car,750,269,768,264,0.5645,2026-08-04 03:44:06.722,2026-08-04 03:44:07.461
car_ID_1086,FLUSH,2319,car,594,288,660,276,0.5941,2026-08-04 03:44:07.186,2026-08-04 03:44:08.121
truck_ID_219,FLUSH,2318,truck,365,294,636,264,0.6374,2026-08-04 03:44:06.483,2026-08-04 03:44:09.722
car_ID_1087,FLUSH,2322,car,791,254,791,253,0.5418,2026-08-04 03:44:09.962,2026-08-04 03:44:09.994
car_ID_1088,FLUSH,2329,car,608,261,608,261,0.5169,2026-08-04 03:44:11.499,2026-08-04 03:44:11.969
truck_ID_221,FLUSH,2331,truck,433,291,450,286,0.6453,2026-08-04 03:44:12.044,2026-08-04 03:44:12.190
bus_ID_48,FLUSH,2332,bus,767,250,767,250,0.5062,2026-08-04 03:44:12.624,2026-08-04 03:44:12.624
bus_ID_49,FLUSH,2334,bus,768,250,769,250,0.5518,2026-08-04 03:44:12.764,2026-08-04 03:44:12.930
truck_ID_220,FLUSH,2327,truck,364,295,639,263,0.7082,2026-08-04 03:44:10.922,2026-08-04 03:44:14.436
truck_ID_223,FLUSH,2341,truck,763,252,765,252,0.5974,2026-08-04 03:44:16.894,2026-08-04 03:44:17.026
car_ID_1089,FLUSH,2351,car,576,258,568,260,0.6387,2026-08-04 03:44:20.859,2026-08-04 03:44:21.027
truck_ID_224,FLUSH,2352,truck,424,313,424,313,0.5177,2026-08-04 03:44:21.093,2026-08-04 03:44:21.093
car_ID_1090,FLUSH,2356,car,492,270,492,270,0.5703,2026-08-04 03:44:22.085,2026-08-04 03:44:22.085
truck_ID_222,FLUSH,2343,truck,369,298,776,248,0.7068,2026-08-04 03:44:16.591,2026-08-04 03:44:23.694
car_ID_1091,FLUSH,2359,car,799,269,800,268,0.5311,2026-08-04 03:44:24.793,2026-08-04 03:44:24.826
car_ID_1094,FLUSH,2366,car,760,278,760,278,0.5347,2026-08-04 03:44:26.124,2026-08-04 03:44:26.124
car_ID_1092,FLUSH,2361,car,378,338,692,290,0.7234,2026-08-04 03:44:24.957,2026-08-04 03:44:27.655
car_ID_1093,FLUSH,2364,car,612,263,386,285,0.6403,2026-08-04 03:44:25.761,2026-08-04 03:44:28.063
car_ID_1096,FLUSH,2369,car,750,278,757,273,0.5760,2026-08-04 03:44:28.635,2026-08-04 03:44:29.321
car_ID_1097,FLUSH,2366,car,794,261,797,261,0.5359,2026-08-04 03:44:29.056,2026-08-04 03:44:29.321
car_ID_1098,FLUSH,2370,car,323,309,323,309,0.5347,2026-08-04 03:44:31.064,2026-08-04 03:44:31.131
car_ID_1095,FLUSH,2365,car,370,329,800,259,0.6660,2026-08-04 03:44:27.164,2026-08-04 03:44:33.930
car_ID_1100,FLUSH,2377,car,600,301,600,301,0.6452,2026-08-04 03:44:34.688,2026-08-04 03:44:35.162
car_ID_1101,FLUSH,2381,car,607,262,606,262,0.5327,2026-08-04 03:44:37.209,2026-08-04 03:44:37.796
truck_ID_225,FLUSH,2380,truck,413,297,607,274,0.7355,2026-08-04 03:44:36.831,2026-08-04 03:44:37.828
car_ID_1099,FLUSH,2375,car,401,335,796,260,0.6579,2026-08-04 03:44:33.663,2026-08-04 03:44:38.823
car_ID_1102,FLUSH,2383,car,552,270,428,283,0.5258,2026-08-04 03:44:37.926,2026-08-04 03:44:39.463
car_ID_1103,FLUSH,2380,car,613,260,398,284,0.6259,2026-08-04 03:44:38.300,2026-08-04 03:44:40.760
car_ID_1104,FLUSH,2389,car,619,255,410,275,0.6603,2026-08-04 03:44:40.792,2026-08-04 03:44:43.631
truck_ID_227,FLUSH,2397,truck,592,294,595,294,0.6773,2026-08-04 03:44:47.055,2026-08-04 03:44:47.087
car_ID_1109,FLUSH,2397,car,565,298,596,293,0.6202,2026-08-04 03:44:46.919,2026-08-04 03:44:47.123
truck_ID_226,FLUSH,2393,truck,563,298,566,298,0.5418,2026-08-04 03:44:46.881,2026-08-04 03:44:47.225
car_ID_1105,FLUSH,2392,car,420,310,702,273,0.7434,2026-08-04 03:44:44.996,2026-08-04 03:44:47.429
car_ID_1107,FLUSH,2393,car,339,336,644,286,0.6636,2026-08-04 03:44:45.860,2026-08-04 03:44:47.591
car_ID_1110,FLUSH,2398,car,321,310,321,310,0.5276,2026-08-04 03:44:47.559,2026-08-04 03:44:47.994
car_ID_1108,FLUSH,2395,car,372,319,620,282,0.7757,2026-08-04 03:44:46.810,2026-08-04 03:44:48.232
car_ID_1106,FLUSH,2394,car,629,258,394,281,0.5910,2026-08-04 03:44:45.268,2026-08-04 03:44:48.346
car_ID_1112,FLUSH,2405,car,709,269,714,268,0.6265,2026-08-04 03:44:49.567,2026-08-04 03:44:49.642
truck_ID_228,FLUSH,2404,truck,654,237,646,237,0.5369,2026-08-04 03:44:49.495,2026-08-04 03:44:50.260
car_ID_1111,FLUSH,2403,car,757,270,794,260,0.6314,2026-08-04 03:44:49.093,2026-08-04 03:44:50.619
car_ID_1113,FLUSH,2405,car,748,259,752,256,0.5466,2026-08-04 03:44:50.800,2026-08-04 03:44:51.084
car_ID_1114,FLUSH,2408,car,417,310,604,283,0.5896,2026-08-04 03:44:51.078,2026-08-04 03:44:52.299
car_ID_1115,FLUSH,2409,car,321,308,617,285,0.6893,2026-08-04 03:44:51.114,2026-08-04 03:44:53.501
truck_ID_229,FLUSH,2406,truck,390,306,764,253,0.6330,2026-08-04 03:44:49.693,2026-08-04 03:44:54.119
truck_ID_230,FLUSH,2410,truck,590,266,383,263,0.6292,2026-08-04 03:44:51.660,2026-08-04 03:44:55.232
car_ID_1116,FLUSH,2413,car,717,263,711,262,0.5181,2026-08-04 03:44:54.054,2026-08-04 03:44:55.491
truck_ID_231,FLUSH,2406,truck,781,249,782,248,0.5398,2026-08-04 03:44:55.527,2026-08-04 03:44:55.720
car_ID_1117,FLUSH,2418,car,324,309,324,309,0.5240,2026-08-04 03:44:58.562,2026-08-04 03:44:58.562
truck_ID_232,FLUSH,2415,truck,419,297,761,251,0.6770,2026-08-04 03:44:56.667,2026-08-04 03:44:59.991
car_ID_1118,FLUSH,2422,car,613,268,604,270,0.5193,2026-08-04 03:45:00.059,2026-08-04 03:45:00.395
truck_ID_233,FLUSH,2424,truck,711,349,711,349,0.5477,2026-08-04 03:45:02.656,2026-08-04 03:45:02.656
car_ID_1119,FLUSH,2424,car,1055,349,417,338,0.7851,2026-08-04 03:45:00.533,2026-08-04 03:45:03.989
car_ID_1122,FLUSH,2428,car,326,307,325,323,0.5424,2026-08-04 03:45:03.198,2026-08-04 03:45:04.023
car_ID_1121,FLUSH,2422,car,539,279,409,297,0.5757,2026-08-04 03:45:02.141,2026-08-04 03:45:06.442
car_ID_1123,FLUSH,2434,car,1006,352,368,350,0.7179,2026-08-04 03:45:03.887,2026-08-04 03:45:06.520
car_ID_1120,FLUSH,2426,car,617,266,485,276,0.5778,2026-08-04 03:45:01.223,2026-08-04 03:45:06.925
truck_ID_234,FLUSH,2439,truck,782,340,782,340,0.6190,2026-08-04 03:45:07.246,2026-08-04 03:45:07.246
car_ID_1124,FLUSH,2439,car,999,343,464,336,0.7034,2026-08-04 03:45:06.408,2026-08-04 03:45:08.287
car_ID_1127,FLUSH,2444,car,460,334,450,334,0.6153,2026-08-04 03:45:08.321,2026-08-04 03:45:08.395
car_ID_1125,FLUSH,2442,car,899,303,756,284,0.7364,2026-08-04 03:45:07.295,2026-08-04 03:45:09.657
car_ID_1129,FLUSH,2422,car,401,288,401,289,0.5331,2026-08-04 03:45:09.167,2026-08-04 03:45:09.838
car_ID_1131,FLUSH,2426,car,477,277,476,277,0.5240,2026-08-04 03:45:09.625,2026-08-04 03:45:09.838
car_ID_1132,FLUSH,2451,car,320,324,320,325,0.5062,2026-08-04 03:45:10.130,2026-08-04 03:45:10.162
car_ID_1126,FLUSH,2445,car,1060,353,334,338,0.8132,2026-08-04 03:45:08.287,2026-08-04 03:45:10.464
car_ID_1128,FLUSH,2446,car,899,309,760,272,0.6504,2026-08-04 03:45:08.865,2026-08-04 03:45:11.815
car_ID_1134,FLUSH,2422,car,400,289,400,297,0.5240,2026-08-04 03:45:11.162,2026-08-04 03:45:11.980
car_ID_1130,FLUSH,2449,car,617,255,522,269,0.5546,2026-08-04 03:45:09.233,2026-08-04 03:45:12.457
car_ID_1133,FLUSH,2454,car,1022,351,409,341,0.8035,2026-08-04 03:45:10.822,2026-08-04 03:45:12.625
car_ID_1138,FLUSH,2422,car,400,292,401,289,0.5739,2026-08-04 03:45:13.168,2026-08-04 03:45:13.200
car_ID_1137,FLUSH,2460,car,1050,345,707,345,0.7791,2026-08-04 03:45:12.410,2026-08-04 03:45:13.239
truck_ID_235,FLUSH,2460,truck,671,344,664,344,0.6190,2026-08-04 03:45:13.267,2026-08-04 03:45:13.299
car_ID_1135,FLUSH,2456,car,710,281,733,264,0.6037,2026-08-04 03:45:11.467,2026-08-04 03:45:13.757
car_ID_1139,FLUSH,2464,car,622,343,424,333,0.7915,2026-08-04 03:45:13.377,2026-08-04 03:45:13.956
car_ID_1136,FLUSH,2458,car,805,286,777,262,0.6139,2026-08-04 03:45:11.815,2026-08-04 03:45:15.151
car_ID_1142,FLUSH,2459,car,477,277,478,277,0.5288,2026-08-04 03:45:15.390,2026-08-04 03:45:15.555
car_ID_1140,FLUSH,2463,car,962,321,768,291,0.6228,2026-08-04 03:45:13.469,2026-08-04 03:45:16.320
car_ID_1141,FLUSH,2422,car,401,296,397,298,0.5166,2026-08-04 03:45:14.890,2026-08-04 03:45:17.297
car_ID_1145,FLUSH,2472,car,1020,351,413,340,0.7082,2026-08-04 03:45:17.097,2026-08-04 03:45:19.226
car_ID_1143,FLUSH,2469,car,890,307,718,267,0.6665,2026-08-04 03:45:15.860,2026-08-04 03:45:19.728
car_ID_1144,FLUSH,2471,car,950,308,766,280,0.6845,2026-08-04 03:45:16.958,2026-08-04 03:45:19.928
car_ID_1146,FLUSH,2422,car,399,294,401,289,0.5399,2026-08-04 03:45:18.335,2026-08-04 03:45:21.749
car_ID_1147,FLUSH,2476,car,959,310,793,261,0.6206,2026-08-04 03:45:19.049,2026-08-04 03:45:23.963
car_ID_1149,FLUSH,2422,car,403,288,393,290,0.5301,2026-08-04 03:45:25.227,2026-08-04 03:45:26.660
car_ID_1148,FLUSH,2480,car,614,264,527,273,0.5816,2026-08-04 03:45:21.315,2026-08-04 03:45:29.088
car_ID_1150,FLUSH,2488,car,462,279,426,282,0.5896,2026-08-04 03:45:28.156,2026-08-04 03:45:29.629
car_ID_1151,FLUSH,2480,car,505,277,469,281,0.5764,2026-08-04 03:45:30.295,2026-08-04 03:45:31.464
car_ID_1152,FLUSH,2489,car,355,366,975,385,0.8272,2026-08-04 03:45:31.588,2026-08-04 03:45:33.522
car_ID_1153,FLUSH,2490,car,294,355,1108,382,0.7771,2026-08-04 03:45:32.898,2026-08-04 03:45:36.120
car_ID_1154,FLUSH,2492,car,369,372,958,391,0.7504,2026-08-04 03:45:35.434,2026-08-04 03:45:37.133
car_ID_1155,FLUSH,2494,car,345,369,1036,390,0.7962,2026-08-04 03:45:37.688,2026-08-04 03:45:39.913
car_ID_1156,FLUSH,2496,car,601,257,498,273,0.5814,2026-08-04 03:45:42.260,2026-08-04 03:45:44.142
car_ID_1158,FLUSH,2499,car,613,262,436,283,0.5848,2026-08-04 03:45:45.030,2026-08-04 03:45:46.835
car_ID_1157,FLUSH,2498,car,395,339,693,289,0.7595,2026-08-04 03:45:44.185,2026-08-04 03:45:47.256
car_ID_1159,FLUSH,2500,car,416,325,675,287,0.7172,2026-08-04 03:45:47.556,2026-08-04 03:45:49.329
car_ID_1160,FLUSH,2501,car,738,280,786,267,0.6262,2026-08-04 03:45:48.099,2026-08-04 03:45:50.230
car_ID_1162,FLUSH,2503,car,746,278,780,271,0.6567,2026-08-04 03:45:50.258,2026-08-04 03:45:51.453
car_ID_1161,FLUSH,2502,car,341,322,732,267,0.7059,2026-08-04 03:45:48.455,2026-08-04 03:45:51.485
car_ID_1165,FLUSH,2508,car,613,301,613,301,0.5525,2026-08-04 03:45:56.199,2026-08-04 03:45:56.668
car_ID_1163,FLUSH,2504,car,356,315,756,255,0.6951,2026-08-04 03:45:52.099,2026-08-04 03:45:57.665
car_ID_1164,FLUSH,2507,car,395,342,802,258,0.6555,2026-08-04 03:45:54.831,2026-08-04 03:46:00.494
car_ID_1166,FLUSH,2509,car,397,330,681,286,0.7154,2026-08-04 03:45:59.063,2026-08-04 03:46:01.056
car_ID_1167,FLUSH,2514,car,739,277,786,262,0.6072,2026-08-04 03:46:02.063,2026-08-04 03:46:04.582
car_ID_1168,FLUSH,2513,car,610,266,429,285,0.5896,2026-08-04 03:46:02.110,2026-08-04 03:46:05.760
car_ID_1170,FLUSH,2518,car,613,265,525,274,0.5948,2026-08-04 03:46:05.425,2026-08-04 03:46:07.797
car_ID_1169,FLUSH,2517,car,656,253,347,279,0.6231,2026-08-04 03:46:03.820,2026-08-04 03:46:08.494
car_ID_1171,FLUSH,2521,car,508,277,487,279,0.5445,2026-08-04 03:46:08.094,2026-08-04 03:46:08.795
car_ID_1173,FLUSH,2524,car,405,287,398,287,0.5187,2026-08-04 03:46:14.916,2026-08-04 03:46:16.457
car_ID_1172,FLUSH,2523,car,610,265,435,283,0.5621,2026-08-04 03:46:11.495,2026-08-04 03:46:18.333
car_ID_1174,FLUSH,2525,car,336,370,819,398,0.7194,2026-08-04 03:46:19.080,2026-08-04 03:46:20.955
truck_ID_236,FLUSH,2526,truck,673,385,873,384,0.6673,2026-08-04 03:46:20.888,2026-08-04 03:46:21.740
car_ID_1175,FLUSH,2529,car,404,360,950,389,0.8240,2026-08-04 03:46:22.191,2026-08-04 03:46:24.163
car_ID_1176,FLUSH,2532,car,396,356,997,382,0.8373,2026-08-04 03:46:24.266,2026-08-04 03:46:25.872
car_ID_1177,FLUSH,2533,car,998,322,798,260,0.6761,2026-08-04 03:46:25.427,2026-08-04 03:46:31.788
car_ID_1178,FLUSH,2538,car,624,258,430,281,0.6579,2026-08-04 03:46:30.857,2026-08-04 03:46:34.751
truck_ID_237,FLUSH,2546,truck,341,298,428,290,0.5432,2026-08-04 03:46:36.330,2026-08-04 03:46:37.050
car_ID_1180,FLUSH,2544,car,606,264,545,272,0.5391,2026-08-04 03:46:35.599,2026-08-04 03:46:37.126
bus_ID_51,FLUSH,2546,bus,444,287,454,286,0.5815,2026-08-04 03:46:37.126,2026-08-04 03:46:37.205
bus_ID_50,FLUSH,2548,bus,431,288,461,285,0.5853,2026-08-04 03:46:37.042,2026-08-04 03:46:37.250
car_ID_1179,FLUSH,2542,car,394,339,648,294,0.6469,2026-08-04 03:46:35.366,2026-08-04 03:46:37.723
truck_ID_238,FLUSH,2548,truck,473,285,614,269,0.6859,2026-08-04 03:46:37.324,2026-08-04 03:46:39.203
car_ID_1181,FLUSH,2550,car,473,279,456,282,0.5780,2026-08-04 03:46:38.586,2026-08-04 03:46:39.206
car_ID_1184,FLUSH,2554,car,427,284,421,285,0.5490,2026-08-04 03:46:40.261,2026-08-04 03:46:40.626
truck_ID_239,FLUSH,2556,truck,722,259,722,259,0.5204,2026-08-04 03:46:40.728,2026-08-04 03:46:40.728
car_ID_1182,FLUSH,2551,car,750,280,796,265,0.5987,2026-08-04 03:46:38.586,2026-08-04 03:46:40.823
person_ID_7,FLUSH,2557,person,369,292,369,292,0.7628,2026-08-04 03:46:41.067,2026-08-04 03:46:41.067
car_ID_1183,FLUSH,2552,car,409,314,621,284,0.7433,2026-08-04 03:46:39.528,2026-08-04 03:46:41.559
truck_ID_241,FLUSH,2560,truck,397,300,397,300,0.5327,2026-08-04 03:46:42.920,2026-08-04 03:46:43.058
truck_ID_240,FLUSH,2557,truck,435,278,610,264,0.6651,2026-08-04 03:46:41.486,2026-08-04 03:46:43.121
car_ID_1185,FLUSH,2552,car,705,272,717,269,0.5475,2026-08-04 03:46:43.194,2026-08-04 03:46:44.208
truck_ID_242,FLUSH,2563,truck,762,249,764,249,0.6338,2026-08-04 03:46:45.831,2026-08-04 03:46:45.961
car_ID_1186,FLUSH,2566,car,402,298,405,298,0.5197,2026-08-04 03:46:45.832,2026-08-04 03:46:45.996
bus_ID_52,FLUSH,2564,bus,596,271,636,266,0.6759,2026-08-04 03:46:45.687,2026-08-04 03:46:46.246
truck_ID_243,FLUSH,2568,truck,398,304,615,269,0.7120,2026-08-04 03:46:47.492,2026-08-04 03:46:50.084
car_ID_1189,FLUSH,2581,car,937,310,935,310,0.5311,2026-08-04 03:46:51.490,2026-08-04 03:46:51.522
car_ID_1187,FLUSH,2571,car,991,350,391,340,0.7439,2026-08-04 03:46:48.959,2026-08-04 03:46:51.967
car_ID_1190,FLUSH,2581,car,803,297,764,292,0.6744,2026-08-04 03:46:52.722,2026-08-04 03:46:53.294
truck_ID_244,FLUSH,2586,truck,771,257,771,251,0.5472,2026-08-04 03:46:53.424,2026-08-04 03:46:53.528
car_ID_1191,FLUSH,2587,car,612,265,603,267,0.5372,2026-08-04 03:46:54.122,2026-08-04 03:46:54.590
car_ID_1188,FLUSH,2575,car,402,298,403,287,0.5483,2026-08-04 03:46:49.681,2026-08-04 03:46:54.861
bus_ID_53,FLUSH,2584,bus,1073,306,572,299,0.7931,2026-08-04 03:46:52.578,2026-08-04 03:46:56.534
bus_ID_54,FLUSH,2589,bus,594,299,319,296,0.7490,2026-08-04 03:46:56.025,2026-08-04 03:46:57.800
car_ID_1192,FLUSH,2590,car,742,270,781,264,0.6316,2026-08-04 03:46:56.732,2026-08-04 03:46:58.191
car_ID_1195,FLUSH,2596,car,655,250,556,263,0.5828,2026-08-04 03:47:05.123,2026-08-04 03:47:07.156
car_ID_1196,FLUSH,2597,car,400,337,684,289,0.6798,2026-08-04 03:47:06.334,2026-08-04 03:47:08.734
car_ID_1198,FLUSH,2601,car,595,262,520,273,0.6005,2026-08-04 03:47:08.468,2026-08-04 03:47:09.386
car_ID_1197,FLUSH,2599,car,580,287,667,279,0.5688,2026-08-04 03:47:08.092,2026-08-04 03:47:09.691
car_ID_1194,FLUSH,2594,car,404,287,404,287,0.6063,2026-08-04 03:46:58.384,2026-08-04 03:47:09.927
car_ID_1193,FLUSH,2592,car,508,273,464,280,0.5754,2026-08-04 03:46:57.865,2026-08-04 03:47:10.297
car_ID_1199,FLUSH,2597,car,746,279,774,256,0.5659,2026-08-04 03:47:09.765,2026-08-04 03:47:12.221
truck_ID_245,FLUSH,2604,truck,355,317,636,276,0.7354,2026-08-04 03:47:10.363,2026-08-04 03:47:12.310
car_ID_1200,FLUSH,2605,car,406,299,404,288,0.5811,2026-08-04 03:47:11.227,2026-08-04 03:47:12.726
car_ID_1201,FLUSH,2606,car,463,283,464,281,0.5931,2026-08-04 03:47:11.434,2026-08-04 03:47:13.411
car_ID_1202,FLUSH,2616,car,404,299,404,287,0.6129,2026-08-04 03:47:14.183,2026-08-04 03:47:16.165
truck_ID_246,FLUSH,2614,truck,755,262,793,252,0.5939,2026-08-04 03:47:14.027,2026-08-04 03:47:16.165
bus_ID_55,FLUSH,2612,bus,374,293,660,251,0.7698,2026-08-04 03:47:13.167,2026-08-04 03:47:16.215
truck_ID_247,FLUSH,2617,truck,425,310,422,312,0.7728,2026-08-04 03:47:16.489,2026-08-04 03:47:16.522
bus_ID_56,FLUSH,2623,bus,710,247,719,246,0.6244,2026-08-04 03:47:16.591,2026-08-04 03:47:17.132
bus_ID_57,FLUSH,2616,bus,453,306,544,290,0.5651,2026-08-04 03:47:16.657,2026-08-04 03:47:17.170
truck_ID_249,FLUSH,2624,truck,481,300,562,288,0.6867,2026-08-04 03:47:16.803,2026-08-04 03:47:17.169
truck_ID_248,FLUSH,2616,truck,464,305,606,285,0.6585,2026-08-04 03:47:16.691,2026-08-04 03:47:17.431
bus_ID_58,FLUSH,2624,bus,491,298,572,287,0.5415,2026-08-04 03:47:16.812,2026-08-04 03:47:17.463
car_ID_1204,FLUSH,2620,car,637,287,763,260,0.6414,2026-08-04 03:47:15.495,2026-08-04 03:47:18.627
car_ID_1206,FLUSH,2616,car,615,260,508,273,0.7403,2026-08-04 03:47:18.058,2026-08-04 03:47:19.790
car_ID_1203,FLUSH,2617,car,461,287,349,285,0.5977,2026-08-04 03:47:14.501,2026-08-04 03:47:21.600
car_ID_1207,FLUSH,2630,car,404,288,387,289,0.6106,2026-08-04 03:47:20.997,2026-08-04 03:47:25.937
car_ID_1205,FLUSH,2625,car,466,286,389,286,0.6000,2026-08-04 03:47:17.100,2026-08-04 03:47:28.568
car_ID_1209,FLUSH,2636,car,357,369,950,387,0.6996,2026-08-04 03:47:29.931,2026-08-04 03:47:32.226
car_ID_1208,FLUSH,2635,car,614,266,368,296,0.6962,2026-08-04 03:47:29.695,2026-08-04 03:47:32.848
car_ID_1210,FLUSH,2638,car,876,307,754,290,0.7131,2026-08-04 03:47:31.064,2026-08-04 03:47:32.847
car_ID_1211,FLUSH,2639,car,395,367,943,398,0.7521,2026-08-04 03:47:32.022,2026-08-04 03:47:34.010
car_ID_1213,FLUSH,2644,car,357,347,387,354,0.6338,2026-08-04 03:47:33.458,2026-08-04 03:47:34.017
truck_ID_250,FLUSH,2652,truck,651,237,652,238,0.5334,2026-08-04 03:47:35.262,2026-08-04 03:47:35.599
car_ID_1214,FLUSH,2647,car,425,357,1115,383,0.7641,2026-08-04 03:47:33.596,2026-08-04 03:47:35.750
car_ID_1212,FLUSH,2643,car,994,323,757,289,0.7772,2026-08-04 03:47:32.785,2026-08-04 03:47:35.854
truck_ID_252,FLUSH,2656,truck,378,369,378,369,0.5703,2026-08-04 03:47:36.462,2026-08-04 03:47:36.462
car_ID_1215,FLUSH,2655,car,374,370,374,370,0.5365,2026-08-04 03:47:36.462,2026-08-04 03:47:36.935
car_ID_1217,FLUSH,2643,car,751,260,751,259,0.5490,2026-08-04 03:47:36.896,2026-08-04 03:47:36.967
car_ID_1216,FLUSH,2656,car,385,371,1021,399,0.8512,2026-08-04 03:47:36.498,2026-08-04 03:47:37.929
truck_ID_251,FLUSH,2654,truck,610,241,398,259,0.6775,2026-08-04 03:47:36.398,2026-08-04 03:47:39.394
car_ID_1218,FLUSH,2657,car,729,272,759,257,0.5933,2026-08-04 03:47:37.655,2026-08-04 03:47:40.288
car_ID_1219,FLUSH,2662,car,610,265,410,287,0.5987,2026-08-04 03:47:39.361,2026-08-04 03:47:41.924
car_ID_1220,FLUSH,2664,car,627,258,439,278,0.6539,2026-08-04 03:47:41.390,2026-08-04 03:47:43.193
car_ID_1221,FLUSH,2667,car,649,254,568,265,0.6614,2026-08-04 03:47:45.000,2026-08-04 03:47:47.692
car_ID_1224,FLUSH,2667,car,481,265,481,264,0.6345,2026-08-04 03:47:48.726,2026-08-04 03:47:48.758
truck_ID_253,FLUSH,2667,truck,408,269,378,268,0.5479,2026-08-04 03:47:49.497,2026-08-04 03:47:49.860
car_ID_1223,FLUSH,2672,car,372,337,645,293,0.7587,2026-08-04 03:47:48.233,2026-08-04 03:47:51.185
car_ID_1225,FLUSH,2677,car,752,278,785,268,0.6632,2026-08-04 03:47:52.993,2026-08-04 03:47:54.867
car_ID_1226,FLUSH,2680,car,410,333,678,288,0.7189,2026-08-04 03:47:56.166,2026-08-04 03:47:57.664
car_ID_1227,FLUSH,2683,car,748,276,795,263,0.5944,2026-08-04 03:47:58.458,2026-08-04 03:48:00.075
car_ID_1228,FLUSH,2689,car,625,259,468,280,0.7237,2026-08-04 03:48:04.565,2026-08-04 03:48:07.833
car_ID_1229,FLUSH,2691,car,1017,352,419,347,0.7306,2026-08-04 03:48:05.895,2026-08-04 03:48:08.531
car_ID_1230,FLUSH,2694,car,1029,350,330,326,0.7508,2026-08-04 03:48:08.897,2026-08-04 03:48:12.188
car_ID_1231,FLUSH,2695,car,1081,350,399,339,0.8096,2026-08-04 03:48:10.300,2026-08-04 03:48:12.929
car_ID_1232,FLUSH,2699,car,995,320,768,256,0.6637,2026-08-04 03:48:11.192,2026-08-04 03:48:18.913
car_ID_1233,FLUSH,2711,car,1045,328,756,289,0.7437,2026-08-04 03:48:18.867,2026-08-04 03:48:20.990
car_ID_1222,FLUSH,2670,car,542,258,384,280,0.6097,2026-08-04 03:47:48.233,2026-08-04 03:48:22.762
car_ID_1235,FLUSH,2716,car,721,272,727,269,0.5326,2026-08-04 03:48:22.596,2026-08-04 03:48:23.222
car_ID_1234,FLUSH,2715,car,633,259,422,280,0.6702,2026-08-04 03:48:21.585,2026-08-04 03:48:24.768
car_ID_1236,FLUSH,2719,car,404,360,875,392,0.7487,2026-08-04 03:48:26.036,2026-08-04 03:48:26.992
car_ID_1237,FLUSH,2721,car,606,256,436,277,0.6163,2026-08-04 03:48:27.236,2026-08-04 03:48:29.288
car_ID_1239,FLUSH,2726,car,356,364,397,348,0.5400,2026-08-04 03:48:29.395,2026-08-04 03:48:29.631
car_ID_1238,FLUSH,2725,car,610,261,453,280,0.6105,2026-08-04 03:48:28.887,2026-08-04 03:48:30.452
car_ID_1240,FLUSH,2727,car,840,380,846,380,0.5853,2026-08-04 03:48:30.944,2026-08-04 03:48:30.954
truck_ID_255,FLUSH,2727,truck,439,357,898,377,0.6998,2026-08-04 03:48:29.868,2026-08-04 03:48:31.545
truck_ID_254,FLUSH,2726,truck,387,349,1017,374,0.6786,2026-08-04 03:48:29.727,2026-08-04 03:48:31.752
car_ID_1241,FLUSH,2732,car,620,257,501,271,0.5588,2026-08-04 03:48:33.425,2026-08-04 03:48:35.057
car_ID_1242,FLUSH,2733,car,613,262,422,283,0.6604,2026-08-04 03:48:35.668,2026-08-04 03:48:37.728
car_ID_1245,FLUSH,2737,car,657,255,657,255,0.5739,2026-08-04 03:48:41.962,2026-08-04 03:48:41.995
car_ID_1247,FLUSH,2740,car,427,306,427,306,0.5490,2026-08-04 03:48:42.853,2026-08-04 03:48:42.853
car_ID_1248,FLUSH,2741,car,595,265,594,265,0.5347,2026-08-04 03:48:44.696,2026-08-04 03:48:44.728
car_ID_1244,FLUSH,2736,car,391,321,710,270,0.6992,2026-08-04 03:48:40.726,2026-08-04 03:48:45.167
car_ID_1249,FLUSH,2741,car,550,272,550,272,0.5240,2026-08-04 03:48:45.817,2026-08-04 03:48:45.817
truck_ID_256,FLUSH,2743,truck,385,305,398,298,0.6849,2026-08-04 03:48:45.482,2026-08-04 03:48:45.889
car_ID_1243,FLUSH,2735,car,610,264,604,283,0.5970,2026-08-04 03:48:40.494,2026-08-04 03:48:46.128
car_ID_1250,FLUSH,2746,car,671,279,672,279,0.5347,2026-08-04 03:48:47.053,2026-08-04 03:48:47.087
car_ID_1251,FLUSH,2749,car,454,290,454,290,0.5204,2026-08-04 03:48:47.595,2026-08-04 03:48:47.595
car_ID_1252,FLUSH,2747,car,710,269,714,268,0.5632,2026-08-04 03:48:48.030,2026-08-04 03:48:48.289
truck_ID_257,FLUSH,2744,truck,387,302,622,271,0.7612,2026-08-04 03:48:45.817,2026-08-04 03:48:48.443
car_ID_1246,FLUSH,2738,car,416,331,778,267,0.6395,2026-08-04 03:48:42.365,2026-08-04 03:48:48.725
car_ID_1254,FLUSH,2753,car,411,285,411,285,0.5133,2026-08-04 03:48:49.166,2026-08-04 03:48:49.166
car_ID_1253,FLUSH,2750,car,386,340,675,289,0.7024,2026-08-04 03:48:48.030,2026-08-04 03:48:51.286
car_ID_1255,FLUSH,2758,car,754,277,786,265,0.5754,2026-08-04 03:48:53.168,2026-08-04 03:48:55.960
car_ID_1256,FLUSH,2761,car,613,261,451,280,0.7363,2026-08-04 03:48:54.622,2026-08-04 03:48:56.951
car_ID_1257,FLUSH,2763,car,393,286,393,286,0.5454,2026-08-04 03:48:57.461,2026-08-04 03:48:57.461
car_ID_1258,FLUSH,2763,car,409,307,616,279,0.6652,2026-08-04 03:48:58.730,2026-08-04 03:49:00.261
car_ID_1259,FLUSH,2771,car,710,266,714,266,0.6445,2026-08-04 03:49:01.796,2026-08-04 03:49:01.932
car_ID_1260,FLUSH,2773,car,610,264,527,275,0.5884,2026-08-04 03:49:03.231,2026-08-04 03:49:05.218
bus_ID_59,FLUSH,2778,bus,391,302,405,300,0.6215,2026-08-04 03:49:05.654,2026-08-04 03:49:05.732
truck_ID_258,FLUSH,2778,truck,480,290,531,287,0.6056,2026-08-04 03:49:06.107,2026-08-04 03:49:06.438
car_ID_1261,FLUSH,2781,car,481,286,464,281,0.5424,2026-08-04 03:49:06.818,2026-08-04 03:49:08.996
car_ID_1262,FLUSH,2786,car,600,265,592,266,0.5652,2026-08-04 03:49:09.031,2026-08-04 03:49:09.359
car_ID_1263,FLUSH,2794,car,520,287,522,283,0.5323,2026-08-04 03:49:11.631,2026-08-04 03:49:11.697
truck_ID_259,FLUSH,2788,truck,367,298,688,248,0.7115,2026-08-04 03:49:09.143,2026-08-04 03:49:12.390
bus_ID_60,FLUSH,2797,bus,370,321,370,321,0.5515,2026-08-04 03:49:13.163,2026-08-04 03:49:13.163
truck_ID_261,FLUSH,2799,truck,764,251,764,251,0.5026,2026-08-04 03:49:14.059,2026-08-04 03:49:14.059
truck_ID_262,FLUSH,2804,truck,558,290,558,290,0.6773,2026-08-04 03:49:14.228,2026-08-04 03:49:14.700
truck_ID_260,FLUSH,2797,truck,427,311,619,283,0.6669,2026-08-04 03:49:13.406,2026-08-04 03:49:15.186
car_ID_1265,FLUSH,2811,car,511,305,530,303,0.5596,2026-08-04 03:49:16.590,2026-08-04 03:49:16.757
car_ID_1264,FLUSH,2806,car,405,311,618,281,0.6304,2026-08-04 03:49:15.326,2026-08-04 03:49:16.961
truck_ID_263,FLUSH,2813,truck,758,266,774,261,0.5579,2026-08-04 03:49:17.030,2026-08-04 03:49:17.853
car_ID_1267,FLUSH,2816,car,460,281,465,279,0.5454,2026-08-04 03:49:17.788,2026-08-04 03:49:18.062
car_ID_1266,FLUSH,2810,car,394,306,616,283,0.7532,2026-08-04 03:49:17.030,2026-08-04 03:49:18.734
car_ID_1268,FLUSH,2822,car,707,268,711,268,0.5316,2026-08-04 03:49:20.097,2026-08-04 03:49:20.401
car_ID_1270,FLUSH,2816,car,465,281,465,281,0.5169,2026-08-04 03:49:22.595,2026-08-04 03:49:22.627
car_ID_1269,FLUSH,2824,car,418,330,774,270,0.6664,2026-08-04 03:49:20.923,2026-08-04 03:49:25.188
car_ID_1271,FLUSH,2832,car,615,258,601,257,0.5779,2026-08-04 03:49:25.832,2026-08-04 03:49:26.153
car_ID_1272,FLUSH,2834,car,399,316,639,283,0.6763,2026-08-04 03:49:26.290,2026-08-04 03:49:28.024
car_ID_1273,FLUSH,2835,car,634,258,550,266,0.5598,2026-08-04 03:49:27.063,2026-08-04 03:49:28.748
car_ID_1274,FLUSH,2840,car,611,263,599,263,0.5355,2026-08-04 03:49:29.965,2026-08-04 03:49:30.244
car_ID_1275,FLUSH,2838,car,748,263,758,258,0.5548,2026-08-04 03:49:30.487,2026-08-04 03:49:31.130
car_ID_1276,FLUSH,2816,car,458,281,377,289,0.5663,2026-08-04 03:49:34.446,2026-08-04 03:49:38.467
car_ID_1278,FLUSH,2850,car,397,363,1015,395,0.7045,2026-08-04 03:49:36.868,2026-08-04 03:49:38.761
car_ID_1277,FLUSH,2839,car,501,277,410,287,0.5709,2026-08-04 03:49:36.624,2026-08-04 03:49:39.982
car_ID_1282,FLUSH,2856,car,821,292,809,291,0.5971,2026-08-04 03:49:41.652,2026-08-04 03:49:41.757
car_ID_1281,FLUSH,2855,car,367,370,917,396,0.7775,2026-08-04 03:49:40.524,2026-08-04 03:49:42.401
car_ID_1279,FLUSH,2845,car,556,272,398,288,0.5648,2026-08-04 03:49:38.591,2026-08-04 03:49:43.046
car_ID_1284,FLUSH,2859,car,409,357,946,384,0.8618,2026-08-04 03:49:43.225,2026-08-04 03:49:44.726
car_ID_1280,FLUSH,2853,car,624,260,386,284,0.6266,2026-08-04 03:49:40.122,2026-08-04 03:49:45.376
bus_ID_61,FLUSH,2848,bus,1009,277,774,242,0.7253,2026-08-04 03:49:36.288,2026-08-04 03:49:45.558
car_ID_1283,FLUSH,2858,car,932,311,760,283,0.6617,2026-08-04 03:49:43.091,2026-08-04 03:49:45.891
car_ID_1286,FLUSH,2865,car,407,373,911,399,0.7691,2026-08-04 03:49:45.138,2026-08-04 03:49:46.755
car_ID_1285,FLUSH,2863,car,995,321,764,276,0.7101,2026-08-04 03:49:44.461,2026-08-04 03:49:48.336
car_ID_1288,FLUSH,2870,car,399,361,1031,386,0.7674,2026-08-04 03:49:46.943,2026-08-04 03:49:48.791
car_ID_1287,FLUSH,2867,car,1001,313,785,265,0.6897,2026-08-04 03:49:46.492,2026-08-04 03:49:50.393
car_ID_1290,FLUSH,2874,car,360,350,1025,383,0.8078,2026-08-04 03:49:48.962,2026-08-04 03:49:50.663
car_ID_1289,FLUSH,2871,car,613,266,326,304,0.7080,2026-08-04 03:49:47.355,2026-08-04 03:49:51.352
car_ID_1291,FLUSH,2875,car,1013,323,757,290,0.7452,2026-08-04 03:49:49.265,2026-08-04 03:49:51.727
car_ID_1292,FLUSH,2878,car,957,317,741,292,0.7227,2026-08-04 03:49:51.110,2026-08-04 03:49:52.678
car_ID_1295,FLUSH,2883,car,361,372,361,372,0.7766,2026-08-04 03:49:54.700,2026-08-04 03:49:54.700
truck_ID_264,FLUSH,2885,truck,373,374,373,374,0.5703,2026-08-04 03:49:54.761,2026-08-04 03:49:54.761
car_ID_1294,FLUSH,2882,car,707,284,708,270,0.6190,2026-08-04 03:49:53.369,2026-08-04 03:49:55.171
car_ID_1297,FLUSH,2888,car,800,258,800,258,0.5062,2026-08-04 03:49:56.534,2026-08-04 03:49:56.918
car_ID_1296,FLUSH,2885,car,384,375,1031,404,0.8242,2026-08-04 03:49:54.795,2026-08-04 03:49:56.988
car_ID_1293,FLUSH,2881,car,961,318,793,258,0.6368,2026-08-04 03:49:52.859,2026-08-04 03:49:59.146
car_ID_1299,FLUSH,2895,car,467,332,469,332,0.5097,2026-08-04 03:50:03.229,2026-08-04 03:50:03.262
car_ID_1298,FLUSH,2893,car,345,316,616,278,0.7004,2026-08-04 03:50:01.389,2026-08-04 03:50:04.258
bus_ID_62,FLUSH,2895,bus,480,301,625,281,0.6386,2026-08-04 03:50:03.598,2026-08-04 03:50:05.219
car_ID_1301,FLUSH,2901,car,756,265,756,265,0.5204,2026-08-04 03:50:06.418,2026-08-04 03:50:06.450
bus_ID_64,FLUSH,2899,bus,593,282,594,281,0.5062,2026-08-04 03:50:06.927,2026-08-04 03:50:06.959
car_ID_1300,FLUSH,2897,car,396,341,677,291,0.6361,2026-08-04 03:50:04.325,2026-08-04 03:50:07.347
car_ID_1302,FLUSH,2899,car,593,281,610,279,0.5729,2026-08-04 03:50:06.992,2026-08-04 03:50:07.669
bus_ID_63,FLUSH,2903,bus,399,305,604,279,0.6978,2026-08-04 03:50:06.789,2026-08-04 03:50:08.531
bus_ID_65,FLUSH,2907,bus,607,278,616,276,0.7818,2026-08-04 03:50:08.460,2026-08-04 03:50:08.531
truck_ID_265,FLUSH,2907,truck,594,281,632,275,0.8236,2026-08-04 03:50:08.321,2026-08-04 03:50:09.187
car_ID_1303,FLUSH,2905,car,762,268,771,271,0.5780,2026-08-04 03:50:07.637,2026-08-04 03:50:10.027
car_ID_1305,FLUSH,2910,car,605,265,549,271,0.5479,2026-08-04 03:50:09.555,2026-08-04 03:50:10.655
car_ID_1304,FLUSH,2908,car,394,316,645,276,0.7333,2026-08-04 03:50:08.531,2026-08-04 03:50:11.087
car_ID_1306,FLUSH,2913,car,521,298,588,290,0.5870,2026-08-04 03:50:10.727,2026-08-04 03:50:11.293
car_ID_1307,FLUSH,2916,car,713,269,717,268,0.5853,2026-08-04 03:50:12.592,2026-08-04 03:50:12.731
truck_ID_267,FLUSH,2914,truck,757,261,781,252,0.5420,2026-08-04 03:50:11.131,2026-08-04 03:50:13.029
truck_ID_266,FLUSH,2912,truck,356,302,661,263,0.7177,2026-08-04 03:50:10.165,2026-08-04 03:50:14.092
car_ID_1308,FLUSH,2921,car,602,255,602,255,0.5062,2026-08-04 03:50:14.538,2026-08-04 03:50:14.538
truck_ID_268,FLUSH,2923,truck,404,299,494,281,0.7462,2026-08-04 03:50:15.288,2026-08-04 03:50:16.267
truck_ID_270,FLUSH,2926,truck,517,279,645,265,0.7371,2026-08-04 03:50:16.387,2026-08-04 03:50:17.582
truck_ID_269,FLUSH,2922,truck,749,254,782,246,0.6867,2026-08-04 03:50:15.395,2026-08-04 03:50:17.819
truck_ID_271,FLUSH,2926,truck,728,256,772,251,0.5586,2026-08-04 03:50:18.670,2026-08-04 03:50:20.620
car_ID_1309,FLUSH,2930,car,363,334,676,287,0.7333,2026-08-04 03:50:17.787,2026-08-04 03:50:20.723
car_ID_1311,FLUSH,2939,car,751,278,784,265,0.6856,2026-08-04 03:50:22.091,2026-08-04 03:50:24.622
car_ID_1313,FLUSH,2942,car,559,264,442,277,0.6163,2026-08-04 03:50:24.029,2026-08-04 03:50:26.222
car_ID_1314,FLUSH,2945,car,1035,354,396,347,0.7077,2026-08-04 03:50:25.976,2026-08-04 03:50:29.303
car_ID_1310,FLUSH,2931,car,590,265,375,292,0.6587,2026-08-04 03:50:18.094,2026-08-04 03:50:44.136
car_ID_1312,FLUSH,2941,car,618,260,407,287,0.6058,2026-08-04 03:50:22.513,2026-08-04 03:50:46.224
car_ID_1315,FLUSH,2956,car,403,370,932,403,0.7574,2026-08-04 03:50:46.772,2026-08-04 03:50:48.387
car_ID_1316,FLUSH,2959,car,376,364,1006,387,0.7662,2026-08-04 03:50:49.669,2026-08-04 03:50:51.797
car_ID_1317,FLUSH,2962,car,954,315,751,290,0.6769,2026-08-04 03:50:51.359,2026-08-04 03:50:53.459
car_ID_1319,FLUSH,2967,car,654,250,654,250,0.5335,2026-08-04 03:50:53.943,2026-08-04 03:50:54.023
car_ID_1318,FLUSH,2964,car,399,367,939,388,0.8032,2026-08-04 03:50:52.528,2026-08-04 03:50:54.324
car_ID_1321,FLUSH,2970,car,740,270,776,258,0.6243,2026-08-04 03:50:55.822,2026-08-04 03:50:57.796
car_ID_1320,FLUSH,2967,car,610,256,398,278,0.6356,2026-08-04 03:50:55.100,2026-08-04 03:50:58.352
car_ID_1322,FLUSH,2977,car,558,293,595,284,0.6641,2026-08-04 03:51:02.960,2026-08-04 03:51:03.431
car_ID_1323,FLUSH,2978,car,609,275,644,276,0.5882,2026-08-04 03:51:03.513,2026-08-04 03:51:04.223
truck_ID_272,FLUSH,2976,truck,347,299,521,275,0.7487,2026-08-04 03:51:01.760,2026-08-04 03:51:06.200
truck_ID_273,FLUSH,2982,truck,589,275,594,269,0.5611,2026-08-04 03:51:05.860,2026-08-04 03:51:06.854
car_ID_1324,FLUSH,2985,car,751,264,777,254,0.5396,2026-08-04 03:51:05.964,2026-08-04 03:51:07.496
car_ID_1326,FLUSH,2990,car,397,307,397,307,0.5454,2026-08-04 03:51:07.463,2026-08-04 03:51:07.528
car_ID_1327,FLUSH,2982,car,644,299,648,297,0.5100,2026-08-04 03:51:07.561,2026-08-04 03:51:08.121
car_ID_1325,FLUSH,2987,car,381,339,659,287,0.7292,2026-08-04 03:51:06.689,2026-08-04 03:51:10.094
car_ID_1329,FLUSH,2993,car,583,268,565,270,0.5540,2026-08-04 03:51:09.725,2026-08-04 03:51:10.261
car_ID_1328,FLUSH,2994,car,396,340,509,320,0.8032,2026-08-04 03:51:09.131,2026-08-04 03:51:10.293
truck_ID_274,FLUSH,2995,truck,762,253,767,252,0.5678,2026-08-04 03:51:09.790,2026-08-04 03:51:10.367
bus_ID_67,FLUSH,2999,bus,542,330,558,326,0.7273,2026-08-04 03:51:11.223,2026-08-04 03:51:11.833
bus_ID_66,FLUSH,2997,bus,317,327,941,328,0.6554,2026-08-04 03:51:10.334,2026-08-04 03:51:12.928
bus_ID_68,FLUSH,3000,bus,749,326,863,329,0.6329,2026-08-04 03:51:12.081,2026-08-04 03:51:13.001
car_ID_1330,FLUSH,3003,car,655,289,697,288,0.6278,2026-08-04 03:51:12.698,2026-08-04 03:51:13.478
car_ID_1331,FLUSH,3004,car,768,274,789,262,0.7011,2026-08-04 03:51:12.895,2026-08-04 03:51:15.158
car_ID_1333,FLUSH,3005,car,752,279,785,267,0.6411,2026-08-04 03:51:14.842,2026-08-04 03:51:17.651
car_ID_1334,FLUSH,3008,car,1105,352,401,343,0.7826,2026-08-04 03:51:18.789,2026-08-04 03:51:21.991
car_ID_1335,FLUSH,3012,car,975,321,752,291,0.7064,2026-08-04 03:51:21.621,2026-08-04 03:51:24.819
car_ID_1336,FLUSH,3016,car,712,274,754,258,0.6101,2026-08-04 03:51:26.829,2026-08-04 03:51:30.480
car_ID_1332,FLUSH,3001,car,413,287,383,290,0.5355,2026-08-04 03:51:13.593,2026-08-04 03:51:37.223
car_ID_1337,FLUSH,3022,car,629,259,366,288,0.7157,2026-08-04 03:51:35.367,2026-08-04 03:51:39.157
car_ID_1338,FLUSH,3027,car,349,374,895,399,0.7975,2026-08-04 03:51:39.357,2026-08-04 03:51:41.418
car_ID_1340,FLUSH,3033,car,347,375,347,375,0.5846,2026-08-04 03:51:42.537,2026-08-04 03:51:42.537
car_ID_1339,FLUSH,3026,car,614,267,415,286,0.5757,2026-08-04 03:51:40.761,2026-08-04 03:51:44.358
car_ID_1341,FLUSH,3035,car,399,374,961,402,0.8036,2026-08-04 03:51:42.776,2026-08-04 03:51:44.624
car_ID_1342,FLUSH,3037,car,934,311,757,290,0.6962,2026-08-04 03:51:42.954,2026-08-04 03:51:44.660
car_ID_1343,FLUSH,3038,car,609,262,438,281,0.5896,2026-08-04 03:51:43.426,2026-08-04 03:51:45.435
car_ID_1345,FLUSH,3043,car,655,251,654,252,0.5169,2026-08-04 03:51:48.452,2026-08-04 03:51:48.652
car_ID_1344,FLUSH,3037,car,753,279,790,261,0.5905,2026-08-04 03:51:45.856,2026-08-04 03:51:49.332
car_ID_1346,FLUSH,3044,car,611,255,441,275,0.6115,2026-08-04 03:51:49.923,2026-08-04 03:51:53.966
car_ID_1349,FLUSH,3054,car,386,281,386,280,0.5377,2026-08-04 03:51:54.559,2026-08-04 03:51:55.168
car_ID_1348,FLUSH,3050,car,393,315,608,284,0.7691,2026-08-04 03:51:53.880,2026-08-04 03:51:55.690
car_ID_1350,FLUSH,3058,car,611,262,610,266,0.5884,2026-08-04 03:51:56.690,2026-08-04 03:51:57.158
car_ID_1351,FLUSH,3060,car,743,273,752,268,0.5296,2026-08-04 03:51:57.398,2026-08-04 03:51:57.663
car_ID_1347,FLUSH,3049,car,336,320,792,260,0.6869,2026-08-04 03:51:52.365,2026-08-04 03:51:58.034
car_ID_1352,FLUSH,3061,car,655,304,655,304,0.5204,2026-08-04 03:51:59.129,2026-08-04 03:51:59.129
truck_ID_275,FLUSH,3056,truck,370,294,671,259,0.7414,2026-08-04 03:51:55.486,2026-08-04 03:52:00.360
car_ID_1355,FLUSH,3067,car,610,266,597,266,0.5563,2026-08-04 03:52:02.522,2026-08-04 03:52:03.097
car_ID_1356,FLUSH,3071,car,475,308,512,294,0.7152,2026-08-04 03:52:03.132,2026-08-04 03:52:03.777
truck_ID_276,FLUSH,3065,truck,719,254,777,248,0.6421,2026-08-04 03:52:01.424,2026-08-04 03:52:04.196
car_ID_1354,FLUSH,3069,car,402,313,617,280,0.5980,2026-08-04 03:52:02.178,2026-08-04 03:52:04.391
bus_ID_69,FLUSH,3073,bus,624,253,595,239,0.6397,2026-08-04 03:52:04.197,2026-08-04 03:52:05.042
truck_ID_277,FLUSH,3076,truck,584,241,564,241,0.5962,2026-08-04 03:52:05.297,2026-08-04 03:52:06.216
truck_ID_278,FLUSH,3073,truck,573,240,517,244,0.5545,2026-08-04 03:52:05.595,2026-08-04 03:52:06.791
car_ID_1357,FLUSH,3074,car,560,271,485,277,0.5949,2026-08-04 03:52:04.056,2026-08-04 03:52:07.598
truck_ID_279,FLUSH,3080,truck,497,247,462,247,0.5065,2026-08-04 03:52:07.160,2026-08-04 03:52:07.700
car_ID_1353,FLUSH,3062,car,481,282,400,282,0.5829,2026-08-04 03:51:59.337,2026-08-04 03:52:07.798
car_ID_1358,FLUSH,3079,car,615,255,496,270,0.6328,2026-08-04 03:52:07.160,2026-08-04 03:52:10.160
car_ID_1361,FLUSH,3088,car,1019,342,407,345,0.7795,2026-08-04 03:52:19.995,2026-08-04 03:52:22.120
car_ID_1362,FLUSH,3091,car,940,307,736,281,0.6572,2026-08-04 03:52:22.627,2026-08-04 03:52:26.024
car_ID_1363,FLUSH,3092,car,752,259,753,258,0.5294,2026-08-04 03:52:29.124,2026-08-04 03:52:29.394
car_ID_1360,FLUSH,3062,car,394,281,389,283,0.5922,2026-08-04 03:52:09.553,2026-08-04 03:52:36.320
car_ID_1359,FLUSH,3074,car,469,279,424,284,0.6969,2026-08-04 03:52:09.031,2026-08-04 03:52:38.543
car_ID_1364,FLUSH,3096,car,654,250,424,276,0.5815,2026-08-04 03:52:36.224,2026-08-04 03:52:40.220
car_ID_1367,FLUSH,3101,car,656,252,654,252,0.5299,2026-08-04 03:52:40.109,2026-08-04 03:52:40.390
car_ID_1365,FLUSH,3098,car,346,344,987,384,0.7995,2026-08-04 03:52:38.954,2026-08-04 03:52:40.796
truck_ID_281,FLUSH,3105,truck,483,363,772,377,0.6313,2026-08-04 03:52:42.634,2026-08-04 03:52:43.356
truck_ID_280,FLUSH,3107,truck,388,353,807,378,0.6050,2026-08-04 03:52:42.333,2026-08-04 03:52:43.425
car_ID_1366,FLUSH,3100,car,616,256,381,284,0.5872,2026-08-04 03:52:40.109,2026-08-04 03:52:43.630
car_ID_1370,FLUSH,3107,car,505,366,955,383,0.7051,2026-08-04 03:52:42.708,2026-08-04 03:52:43.697
car_ID_1369,FLUSH,3105,car,358,363,965,384,0.6019,2026-08-04 03:52:41.926,2026-08-04 03:52:43.730
car_ID_1368,FLUSH,3104,car,614,256,382,284,0.6417,2026-08-04 03:52:41.345,2026-08-04 03:52:44.995
car_ID_1371,FLUSH,3111,car,343,369,1046,383,0.8203,2026-08-04 03:52:44.325,2026-08-04 03:52:46.600
car_ID_1372,FLUSH,3116,car,548,266,440,278,0.5917,2026-08-04 03:52:48.823,2026-08-04 03:52:50.160
car_ID_1373,FLUSH,3118,car,637,257,470,274,0.6613,2026-08-04 03:52:51.146,2026-08-04 03:52:53.293
bus_ID_70,FLUSH,3122,bus,337,303,451,282,0.8142,2026-08-04 03:52:54.526,2026-08-04 03:52:55.964
bus_ID_71,FLUSH,3125,bus,456,280,631,261,0.7816,2026-08-04 03:52:56.027,2026-08-04 03:52:57.930
car_ID_1374,FLUSH,3132,car,619,277,619,277,0.5026,2026-08-04 03:52:58.950,2026-08-04 03:52:58.950
car_ID_1375,FLUSH,3130,car,539,262,538,262,0.5882,2026-08-04 03:52:59.130,2026-08-04 03:52:59.162
truck_ID_282,FLUSH,3130,truck,570,258,500,264,0.6258,2026-08-04 03:52:58.760,2026-08-04 03:53:00.094
truck_ID_283,FLUSH,3134,truck,495,265,464,267,0.6759,2026-08-04 03:52:59.650,2026-08-04 03:53:00.432
bus_ID_72,FLUSH,3141,bus,758,245,762,239,0.5269,2026-08-04 03:53:00.963,2026-08-04 03:53:01.187
car_ID_1376,FLUSH,3140,car,705,267,719,264,0.5977,2026-08-04 03:53:00.731,2026-08-04 03:53:01.219
car_ID_1377,FLUSH,3136,car,1076,339,1076,340,0.5102,2026-08-04 03:53:03.246,2026-08-04 03:53:03.286
truck_ID_284,FLUSH,3139,truck,337,300,637,265,0.7297,2026-08-04 03:53:01.005,2026-08-04 03:53:04.024
car_ID_1380,FLUSH,3136,car,1075,338,1075,338,0.5177,2026-08-04 03:53:04.671,2026-08-04 03:53:04.769
car_ID_1379,FLUSH,3148,car,571,264,542,267,0.5689,2026-08-04 03:53:04.557,2026-08-04 03:53:05.489
car_ID_1381,FLUSH,3152,car,486,304,588,286,0.5810,2026-08-04 03:53:05.933,2026-08-04 03:53:06.786
truck_ID_287,FLUSH,3157,truck,760,253,760,253,0.5418,2026-08-04 03:53:06.827,2026-08-04 03:53:06.827
truck_ID_288,FLUSH,3158,truck,761,252,761,252,0.5739,2026-08-04 03:53:07.125,2026-08-04 03:53:07.157
truck_ID_285,FLUSH,3151,truck,736,252,763,241,0.6876,2026-08-04 03:53:05.817,2026-08-04 03:53:07.226
car_ID_1378,FLUSH,3147,car,401,338,677,290,0.7256,2026-08-04 03:53:04.461,2026-08-04 03:53:08.026
car_ID_1383,FLUSH,3167,car,756,279,765,279,0.5452,2026-08-04 03:53:09.098,2026-08-04 03:53:09.873
car_ID_1382,FLUSH,3164,car,399,313,617,282,0.6776,2026-08-04 03:53:08.693,2026-08-04 03:53:10.330
car_ID_1385,FLUSH,3175,car,705,270,713,269,0.5074,2026-08-04 03:53:11.731,2026-08-04 03:53:12.055
truck_ID_286,FLUSH,3154,truck,401,293,770,251,0.7097,2026-08-04 03:53:06.365,2026-08-04 03:53:12.728
car_ID_1384,FLUSH,3173,car,398,334,668,287,0.7559,2026-08-04 03:53:10.566,2026-08-04 03:53:13.484
truck_ID_289,FLUSH,3176,truck,384,292,616,267,0.7718,2026-08-04 03:53:11.988,2026-08-04 03:53:14.734
car_ID_1386,FLUSH,3182,car,752,278,768,276,0.5451,2026-08-04 03:53:14.918,2026-08-04 03:53:16.113
truck_ID_290,FLUSH,3190,truck,764,253,769,250,0.6279,2026-08-04 03:53:18.017,2026-08-04 03:53:18.898
car_ID_1387,FLUSH,3187,car,397,313,645,278,0.6738,2026-08-04 03:53:17.566,2026-08-04 03:53:20.096
truck_ID_291,FLUSH,3190,truck,791,245,792,245,0.5276,2026-08-04 03:53:20.588,2026-08-04 03:53:20.655
car_ID_1388,FLUSH,3178,car,1071,324,1071,324,0.5252,2026-08-04 03:53:20.991,2026-08-04 03:53:21.056
car_ID_1389,FLUSH,3193,car,711,270,728,267,0.5555,2026-08-04 03:53:21.452,2026-08-04 03:53:22.218
car_ID_1390,FLUSH,3196,car,750,260,756,256,0.6204,2026-08-04 03:53:23.624,2026-08-04 03:53:24.365
car_ID_1391,FLUSH,3195,car,1054,350,378,344,0.7793,2026-08-04 03:53:25.494,2026-08-04 03:53:28.601
car_ID_1392,FLUSH,3200,car,1036,317,744,264,0.7274,2026-08-04 03:53:29.510,2026-08-04 03:53:35.955
car_ID_1394,FLUSH,3203,car,1004,351,399,340,0.7389,2026-08-04 03:53:34.554,2026-08-04 03:53:36.763
car_ID_1393,FLUSH,3202,car,950,312,758,271,0.6816,2026-08-04 03:53:33.156,2026-08-04 03:53:36.865
car_ID_1395,FLUSH,3205,car,946,311,761,284,0.6942,2026-08-04 03:53:35.703,2026-08-04 03:53:38.820
car_ID_1396,FLUSH,3208,car,590,261,425,279,0.5853,2026-08-04 03:53:38.401,2026-08-04 03:53:41.660
car_ID_1398,FLUSH,3210,car,941,304,862,298,0.5615,2026-08-04 03:53:41.163,2026-08-04 03:53:42.196
car_ID_1399,FLUSH,3213,car,618,256,407,278,0.6035,2026-08-04 03:53:42.501,2026-08-04 03:53:45.755
motorcycle_ID_2,FLUSH,3215,motorcycle,538,383,657,395,0.5725,2026-08-04 03:53:46.562,2026-08-04 03:53:46.833
car_ID_1397,FLUSH,3211,car,991,307,787,254,0.7284,2026-08-04 03:53:40.827,2026-08-04 03:53:47.695
car_ID_1402,FLUSH,3221,car,486,367,647,379,0.5845,2026-08-04 03:53:50.123,2026-08-04 03:53:50.561
truck_ID_292,FLUSH,3219,truck,646,378,693,380,0.5665,2026-08-04 03:53:50.561,2026-08-04 03:53:50.662
car_ID_1401,FLUSH,3219,car,410,357,832,388,0.6494,2026-08-04 03:53:49.708,2026-08-04 03:53:51.068
truck_ID_293,FLUSH,3221,truck,668,379,939,387,0.5785,2026-08-04 03:53:50.597,2026-08-04 03:53:51.592
car_ID_1400,FLUSH,3216,car,625,253,422,277,0.6581,2026-08-04 03:53:48.727,2026-08-04 03:53:52.333
car_ID_1404,FLUSH,3228,car,608,269,525,267,0.6318,2026-08-04 03:53:53.942,2026-08-04 03:53:56.430
car_ID_1403,FLUSH,3226,car,606,265,431,279,0.6100,2026-08-04 03:53:52.687,2026-08-04 03:53:57.497
car_ID_1405,FLUSH,3231,car,405,285,390,287,0.5378,2026-08-04 03:53:58.288,2026-08-04 03:53:58.825
car_ID_1406,FLUSH,3232,car,401,335,636,295,0.7274,2026-08-04 03:53:58.726,2026-08-04 03:54:00.731
car_ID_1407,FLUSH,3234,car,756,278,785,266,0.6065,2026-08-04 03:54:02.643,2026-08-04 03:54:04.624
car_ID_1409,FLUSH,3239,car,1092,355,397,342,0.7774,2026-08-04 03:54:08.119,2026-08-04 03:54:11.228
car_ID_1411,FLUSH,3248,car,758,347,758,347,0.5383,2026-08-04 03:54:13.332,2026-08-04 03:54:13.787
car_ID_1410,FLUSH,3246,car,924,351,423,341,0.6887,2026-08-04 03:54:12.776,2026-08-04 03:54:14.090
car_ID_1412,FLUSH,3247,car,859,292,777,269,0.6580,2026-08-04 03:54:13.992,2026-08-04 03:54:18.799
car_ID_1413,FLUSH,3255,car,618,261,485,278,0.6467,2026-08-04 03:54:19.155,2026-08-04 03:54:28.808
car_ID_1414,FLUSH,3262,car,419,282,432,279,0.5973,2026-08-04 03:54:29.727,2026-08-04 03:54:29.999
car_ID_1416,FLUSH,3264,car,477,278,481,279,0.5299,2026-08-04 03:54:30.067,2026-08-04 03:54:30.286
car_ID_1408,FLUSH,3236,car,618,261,625,275,0.6291,2026-08-04 03:54:06.891,2026-08-04 03:54:31.507
car_ID_1415,FLUSH,3263,car,611,256,545,265,0.5636,2026-08-04 03:54:29.727,2026-08-04 03:54:31.617
car_ID_1417,FLUSH,3268,car,708,266,715,263,0.5942,2026-08-04 03:54:33.123,2026-08-04 03:54:33.794
car_ID_1419,FLUSH,3270,car,487,285,488,285,0.5240,2026-08-04 03:54:34.070,2026-08-04 03:54:34.103
truck_ID_294,FLUSH,3266,truck,377,295,658,264,0.7182,2026-08-04 03:54:30.522,2026-08-04 03:54:34.655
car_ID_1420,FLUSH,3277,car,418,283,416,283,0.5655,2026-08-04 03:54:35.127,2026-08-04 03:54:36.931
car_ID_1418,FLUSH,3272,car,352,316,675,273,0.7679,2026-08-04 03:54:33.662,2026-08-04 03:54:37.031
truck_ID_295,FLUSH,3278,truck,720,257,767,250,0.6700,2026-08-04 03:54:35.735,2026-08-04 03:54:37.821
car_ID_1425,FLUSH,3272,car,710,266,710,266,0.6024,2026-08-04 03:54:38.063,2026-08-04 03:54:38.095
car_ID_1426,FLUSH,3287,car,780,270,786,270,0.5852,2026-08-04 03:54:38.471,2026-08-04 03:54:38.992
car_ID_1424,FLUSH,3285,car,427,310,640,283,0.7405,2026-08-04 03:54:37.428,2026-08-04 03:54:39.390
car_ID_1422,FLUSH,3280,car,383,321,762,257,0.6326,2026-08-04 03:54:35.398,2026-08-04 03:54:41.827
car_ID_1427,FLUSH,3293,car,703,272,761,254,0.5781,2026-08-04 03:54:40.666,2026-08-04 03:54:43.484
car_ID_1428,FLUSH,3297,car,637,259,637,259,0.5240,2026-08-04 03:54:44.756,2026-08-04 03:54:45.232
car_ID_1430,FLUSH,3303,car,979,353,401,344,0.6587,2026-08-04 03:54:46.361,2026-08-04 03:54:48.997
truck_ID_296,FLUSH,3317,truck,595,249,594,248,0.6702,2026-08-04 03:54:52.408,2026-08-04 03:54:52.621
car_ID_1431,FLUSH,3308,car,609,267,581,269,0.5718,2026-08-04 03:54:48.650,2026-08-04 03:54:52.722
car_ID_1432,FLUSH,3319,car,974,319,924,309,0.6118,2026-08-04 03:54:52.588,2026-08-04 03:54:53.060
car_ID_1434,FLUSH,3308,car,579,270,580,269,0.5294,2026-08-04 03:54:54.220,2026-08-04 03:54:55.757
car_ID_1423,FLUSH,3284,car,419,280,419,282,0.5793,2026-08-04 03:54:37.209,2026-08-04 03:54:56.094
truck_ID_297,FLUSH,3331,truck,578,240,578,240,0.5596,2026-08-04 03:54:56.753,2026-08-04 03:54:56.820
car_ID_1429,FLUSH,3302,car,612,265,546,272,0.5921,2026-08-04 03:54:46.031,2026-08-04 03:54:56.919
car_ID_1433,FLUSH,3319,car,815,298,757,277,0.6898,2026-08-04 03:54:54.155,2026-08-04 03:54:57.124
car_ID_1435,FLUSH,3329,car,980,351,414,344,0.7227,2026-08-04 03:54:55.930,2026-08-04 03:54:57.212
truck_ID_298,FLUSH,3302,truck,544,252,544,249,0.5846,2026-08-04 03:54:57.801,2026-08-04 03:54:57.833
car_ID_1421,FLUSH,3279,car,479,281,477,278,0.5843,2026-08-04 03:54:35.192,2026-08-04 03:54:58.323
car_ID_1439,FLUSH,3302,car,544,272,543,273,0.5703,2026-08-04 03:54:58.925,2026-08-04 03:54:59.000
car_ID_1440,FLUSH,3335,car,580,270,580,270,0.5395,2026-08-04 03:54:58.925,2026-08-04 03:54:59.000
car_ID_1441,FLUSH,3308,car,613,267,613,267,0.5323,2026-08-04 03:54:58.968,2026-08-04 03:54:59.037
truck_ID_300,FLUSH,3338,truck,652,238,651,238,0.5062,2026-08-04 03:54:58.968,2026-08-04 03:54:59.469
car_ID_1438,FLUSH,3337,car,973,352,391,344,0.7405,2026-08-04 03:54:58.186,2026-08-04 03:54:59.858
truck_ID_299,FLUSH,3336,truck,536,245,453,251,0.6253,2026-08-04 03:54:58.152,2026-08-04 03:55:00.915
car_ID_1436,FLUSH,3327,car,863,305,785,272,0.7000,2026-08-04 03:54:56.503,2026-08-04 03:55:01.361
car_ID_1442,FLUSH,3335,car,579,269,580,269,0.5285,2026-08-04 03:55:00.127,2026-08-04 03:55:01.423
car_ID_1444,FLUSH,3343,car,656,254,645,257,0.5169,2026-08-04 03:55:01.141,2026-08-04 03:55:01.630
bus_ID_73,FLUSH,3340,bus,890,291,904,288,0.5887,2026-08-04 03:55:01.456,2026-08-04 03:55:01.760
car_ID_1445,FLUSH,3340,car,869,300,862,300,0.5798,2026-08-04 03:55:02.098,2026-08-04 03:55:02.164
car_ID_1447,FLUSH,3279,car,487,278,489,278,0.5529,2026-08-04 03:55:02.861,2026-08-04 03:55:03.538
bus_ID_74,FLUSH,3345,bus,801,281,763,270,0.6303,2026-08-04 03:55:02.307,2026-08-04 03:55:03.858
car_ID_1443,FLUSH,3302,car,542,274,545,272,0.5644,2026-08-04 03:55:00.197,2026-08-04 03:55:04.288
car_ID_1448,FLUSH,3279,car,488,278,487,278,0.5450,2026-08-04 03:55:04.803,2026-08-04 03:55:05.319
car_ID_1449,FLUSH,3349,car,606,264,606,264,0.5240,2026-08-04 03:55:05.559,2026-08-04 03:55:05.559
car_ID_1446,FLUSH,3335,car,578,270,578,269,0.5406,2026-08-04 03:55:02.720,2026-08-04 03:55:05.625
car_ID_1450,FLUSH,3302,car,543,273,546,272,0.5164,2026-08-04 03:55:06.096,2026-08-04 03:55:06.924
car_ID_1452,FLUSH,3335,car,581,270,581,270,0.5062,2026-08-04 03:55:07.129,2026-08-04 03:55:07.129
bus_ID_75,FLUSH,3350,bus,773,257,778,254,0.5532,2026-08-04 03:55:06.620,2026-08-04 03:55:07.129
truck_ID_301,FLUSH,3353,truck,526,247,523,248,0.6202,2026-08-04 03:55:07.978,2026-08-04 03:55:08.075
car_ID_1454,FLUSH,3349,car,603,264,603,264,0.5026,2026-08-04 03:55:08.424,2026-08-04 03:55:08.456
car_ID_1437,FLUSH,3284,car,417,283,386,285,0.5717,2026-08-04 03:54:57.158,2026-08-04 03:55:08.597
car_ID_1451,FLUSH,3279,car,478,278,437,281,0.5507,2026-08-04 03:55:06.722,2026-08-04 03:55:08.696
car_ID_1455,FLUSH,3302,car,538,273,531,273,0.5395,2026-08-04 03:55:08.888,2026-08-04 03:55:09.855
car_ID_1456,FLUSH,3353,car,462,280,447,281,0.5711,2026-08-04 03:55:10.501,2026-08-04 03:55:11.360
car_ID_1458,FLUSH,3349,car,604,266,604,265,0.5145,2026-08-04 03:55:12.129,2026-08-04 03:55:12.385
car_ID_1457,FLUSH,3354,car,410,357,892,390,0.7924,2026-08-04 03:55:11.523,2026-08-04 03:55:13.435
car_ID_1459,FLUSH,3302,car,501,277,438,283,0.5608,2026-08-04 03:55:12.177,2026-08-04 03:55:13.754
car_ID_1453,FLUSH,3335,car,580,270,426,284,0.5751,2026-08-04 03:55:08.185,2026-08-04 03:55:16.387
car_ID_1460,FLUSH,3361,car,366,354,1030,378,0.8112,2026-08-04 03:55:14.091,2026-08-04 03:55:16.387
car_ID_1463,FLUSH,3367,car,421,358,999,376,0.7646,2026-08-04 03:55:16.584,2026-08-04 03:55:18.629
car_ID_1464,FLUSH,3370,car,607,255,559,258,0.5585,2026-08-04 03:55:17.534,2026-08-04 03:55:19.898
car_ID_1461,FLUSH,3349,car,577,268,384,288,0.5996,2026-08-04 03:55:14.601,2026-08-04 03:55:20.199
car_ID_1465,FLUSH,3374,car,394,354,972,387,0.8312,2026-08-04 03:55:19.220,2026-08-04 03:55:20.846
car_ID_1462,FLUSH,3364,car,1034,327,796,263,0.6991,2026-08-04 03:55:15.192,2026-08-04 03:55:22.160
car_ID_1467,FLUSH,3378,car,516,270,516,270,0.5418,2026-08-04 03:55:22.159,2026-08-04 03:55:22.159
car_ID_1466,FLUSH,3370,car,523,263,452,270,0.5602,2026-08-04 03:55:21.024,2026-08-04 03:55:22.525
car_ID_1468,FLUSH,3382,car,336,337,648,291,0.7600,2026-08-04 03:55:23.388,2026-08-04 03:55:26.015
car_ID_1470,FLUSH,3385,car,581,265,566,268,0.5405,2026-08-04 03:55:25.797,2026-08-04 03:55:26.041
car_ID_1471,FLUSH,3387,car,522,274,522,274,0.5133,2026-08-04 03:55:26.596,2026-08-04 03:55:26.596
car_ID_1474,FLUSH,3389,car,365,322,369,322,0.6190,2026-08-04 03:55:27.551,2026-08-04 03:55:27.616
car_ID_1469,FLUSH,3384,car,376,306,645,276,0.7463,2026-08-04 03:55:25.129,2026-08-04 03:55:27.725
car_ID_1475,FLUSH,3390,car,386,319,403,315,0.5552,2026-08-04 03:55:27.726,2026-08-04 03:55:27.890
car_ID_1476,FLUSH,3391,car,673,275,675,273,0.6595,2026-08-04 03:55:28.099,2026-08-04 03:55:28.196
car_ID_1477,FLUSH,3393,car,700,268,719,263,0.6227,2026-08-04 03:55:28.721,2026-08-04 03:55:29.560
car_ID_1473,FLUSH,3382,car,745,277,792,261,0.6480,2026-08-04 03:55:27.371,2026-08-04 03:55:29.903
truck_ID_302,FLUSH,3390,truck,415,314,618,283,0.6963,2026-08-04 03:55:27.955,2026-08-04 03:55:30.407
car_ID_1478,FLUSH,3394,car,424,312,591,286,0.5837,2026-08-04 03:55:29.392,2026-08-04 03:55:31.027
car_ID_1472,FLUSH,3388,car,436,305,737,261,0.6898,2026-08-04 03:55:26.966,2026-08-04 03:55:31.572
car_ID_1479,FLUSH,3397,car,403,311,707,270,0.6784,2026-08-04 03:55:30.355,2026-08-04 03:55:33.897
truck_ID_304,FLUSH,3402,truck,750,267,764,263,0.5736,2026-08-04 03:55:33.290,2026-08-04 03:55:34.166
truck_ID_303,FLUSH,3400,truck,373,296,639,265,0.7584,2026-08-04 03:55:31.261,2026-08-04 03:55:34.929
car_ID_1480,FLUSH,3405,car,551,276,548,275,0.5698,2026-08-04 03:55:35.370,2026-08-04 03:55:35.668
truck_ID_305,FLUSH,3406,truck,378,301,617,266,0.8230,2026-08-04 03:55:35.533,2026-08-04 03:55:38.400
truck_ID_306,FLUSH,3407,truck,740,254,767,252,0.5363,2026-08-04 03:55:36.966,2026-08-04 03:55:38.565
car_ID_1484,FLUSH,3406,car,674,291,675,290,0.5062,2026-08-04 03:55:39.394,2026-08-04 03:55:39.883
car_ID_1483,FLUSH,3414,car,606,259,491,276,0.6448,2026-08-04 03:55:38.990,2026-08-04 03:55:40.632
car_ID_1486,FLUSH,3420,car,755,282,755,282,0.5062,2026-08-04 03:55:41.031,2026-08-04 03:55:41.031
car_ID_1482,FLUSH,3411,car,387,340,639,295,0.7867,2026-08-04 03:55:38.504,2026-08-04 03:55:41.200
truck_ID_307,FLUSH,3420,truck,754,256,781,245,0.6987,2026-08-04 03:55:40.763,2026-08-04 03:55:42.764
car_ID_1481,FLUSH,3409,car,462,289,423,276,0.5830,2026-08-04 03:55:37.624,2026-08-04 03:55:42.812
car_ID_1487,FLUSH,3425,car,749,278,782,268,0.6020,2026-08-04 03:55:43.393,2026-08-04 03:55:45.655
car_ID_1489,FLUSH,3429,car,576,256,466,270,0.5856,2026-08-04 03:55:45.166,2026-08-04 03:55:46.666
car_ID_1490,FLUSH,3430,car,610,263,599,264,0.5347,2026-08-04 03:55:46.597,2026-08-04 03:55:46.757
car_ID_1488,FLUSH,3428,car,624,257,529,272,0.5558,2026-08-04 03:55:44.528,2026-08-04 03:55:47.827
car_ID_1492,FLUSH,3434,car,595,258,551,266,0.5684,2026-08-04 03:55:47.898,2026-08-04 03:55:48.588
car_ID_1491,FLUSH,3433,car,414,314,620,283,0.6644,2026-08-04 03:55:47.497,2026-08-04 03:55:49.022
car_ID_1485,FLUSH,3417,car,596,254,447,282,0.6007,2026-08-04 03:55:39.762,2026-08-04 03:55:50.385
car_ID_1494,FLUSH,3439,car,703,273,716,268,0.5582,2026-08-04 03:55:50.260,2026-08-04 03:55:50.598
car_ID_1493,FLUSH,3428,car,506,274,505,278,0.5606,2026-08-04 03:55:49.327,2026-08-04 03:55:51.138
car_ID_1495,FLUSH,3444,car,753,260,753,260,0.5276,2026-08-04 03:55:52.402,2026-08-04 03:55:52.434
car_ID_1496,FLUSH,3449,car,597,283,597,283,0.5775,2026-08-04 03:55:53.846,2026-08-04 03:55:54.324
truck_ID_309,FLUSH,3448,truck,548,244,458,251,0.7063,2026-08-04 03:55:53.365,2026-08-04 03:55:55.064
car_ID_1497,FLUSH,3446,car,436,284,437,283,0.6030,2026-08-04 03:55:54.124,2026-08-04 03:55:56.028
truck_ID_308,FLUSH,3441,truck,391,296,769,251,0.6704,2026-08-04 03:55:50.745,2026-08-04 03:55:56.027
car_ID_1500,FLUSH,3452,car,598,257,598,257,0.5739,2026-08-04 03:55:56.064,2026-08-04 03:55:56.064
car_ID_1499,FLUSH,3451,car,501,277,501,276,0.5299,2026-08-04 03:55:55.854,2026-08-04 03:55:56.260
car_ID_1498,FLUSH,3450,car,608,261,539,270,0.5776,2026-08-04 03:55:54.931,2026-08-04 03:55:56.429
car_ID_1501,FLUSH,3456,car,500,286,500,286,0.6559,2026-08-04 03:55:58.691,2026-08-04 03:55:58.691
truck_ID_310,FLUSH,3453,truck,379,301,644,264,0.6466,2026-08-04 03:55:56.953,2026-08-04 03:55:59.229
car_ID_1503,FLUSH,3462,car,614,261,544,270,0.6281,2026-08-04 03:56:00.698,2026-08-04 03:56:02.247
car_ID_1504,FLUSH,3460,car,437,283,437,283,0.5483,2026-08-04 03:56:00.762,2026-08-04 03:56:02.787
car_ID_1502,FLUSH,3459,car,583,256,502,275,0.5675,2026-08-04 03:55:59.404,2026-08-04 03:56:03.168
car_ID_1506,FLUSH,3459,car,506,276,506,276,0.5561,2026-08-04 03:56:05.155,2026-08-04 03:56:05.187
car_ID_1508,FLUSH,3459,car,507,276,507,277,0.5378,2026-08-04 03:56:06.519,2026-08-04 03:56:07.397
car_ID_1507,FLUSH,3469,car,608,255,537,265,0.5810,2026-08-04 03:56:06.236,2026-08-04 03:56:08.223
car_ID_1510,FLUSH,3478,car,506,277,506,277,0.5409,2026-08-04 03:56:09.859,2026-08-04 03:56:11.188
car_ID_1509,FLUSH,3473,car,609,258,576,257,0.5836,2026-08-04 03:56:09.830,2026-08-04 03:56:11.293
car_ID_1512,FLUSH,3473,car,548,264,548,264,0.5276,2026-08-04 03:56:12.351,2026-08-04 03:56:12.351
bus_ID_76,FLUSH,3484,bus,586,240,586,240,0.5062,2026-08-04 03:56:13.102,2026-08-04 03:56:13.134
truck_ID_311,FLUSH,3484,truck,585,241,585,241,0.5133,2026-08-04 03:56:13.199,2026-08-04 03:56:13.199
truck_ID_312,FLUSH,3483,truck,585,241,585,241,0.5133,2026-08-04 03:56:13.232,2026-08-04 03:56:13.232
truck_ID_313,FLUSH,3482,truck,663,343,660,342,0.6040,2026-08-04 03:56:14.263,2026-08-04 03:56:14.295
car_ID_1505,FLUSH,3460,car,438,283,438,283,0.5388,2026-08-04 03:56:04.798,2026-08-04 03:56:14.529
car_ID_1514,FLUSH,3473,car,501,276,501,276,0.5204,2026-08-04 03:56:14.529,2026-08-04 03:56:14.529
truck_ID_315,FLUSH,3489,truck,574,244,572,244,0.5323,2026-08-04 03:56:14.921,2026-08-04 03:56:14.989
truck_ID_314,FLUSH,3483,truck,575,243,569,244,0.6113,2026-08-04 03:56:14.875,2026-08-04 03:56:15.288
bus_ID_77,FLUSH,3483,bus,550,246,550,246,0.5204,2026-08-04 03:56:16.662,2026-08-04 03:56:16.662
car_ID_1511,FLUSH,3482,car,1076,345,280,323,0.7471,2026-08-04 03:56:11.704,2026-08-04 03:56:16.724
car_ID_1516,FLUSH,3491,car,808,300,763,292,0.7008,2026-08-04 03:56:16.097,2026-08-04 03:56:16.723
car_ID_1517,FLUSH,3496,car,437,284,437,284,0.5133,2026-08-04 03:56:17.098,2026-08-04 03:56:17.130
bus_ID_78,FLUSH,3498,bus,543,247,543,247,0.5169,2026-08-04 03:56:17.165,2026-08-04 03:56:17.165
truck_ID_316,FLUSH,3494,truck,655,239,634,237,0.6088,2026-08-04 03:56:15.830,2026-08-04 03:56:17.260
car_ID_1513,FLUSH,3487,car,1101,352,347,344,0.8066,2026-08-04 03:56:14.092,2026-08-04 03:56:17.821
car_ID_1520,FLUSH,3499,car,562,267,562,267,0.5454,2026-08-04 03:56:18.936,2026-08-04 03:56:18.936
car_ID_1519,FLUSH,3502,car,437,283,436,283,0.6123,2026-08-04 03:56:18.666,2026-08-04 03:56:19.046
car_ID_1515,FLUSH,3495,car,939,313,718,267,0.6257,2026-08-04 03:56:16.065,2026-08-04 03:56:19.152
car_ID_1518,FLUSH,3491,car,752,280,783,265,0.6169,2026-08-04 03:56:17.822,2026-08-04 03:56:19.187
car_ID_1521,FLUSH,3505,car,625,259,587,265,0.5585,2026-08-04 03:56:19.489,2026-08-04 03:56:20.923
car_ID_1524,FLUSH,3509,car,545,270,545,270,0.5311,2026-08-04 03:56:21.878,2026-08-04 03:56:21.884
car_ID_1523,FLUSH,3508,car,435,282,436,284,0.5999,2026-08-04 03:56:21.700,2026-08-04 03:56:22.027
car_ID_1522,FLUSH,3506,car,788,294,779,266,0.6236,2026-08-04 03:56:19.860,2026-08-04 03:56:23.037
car_ID_1525,FLUSH,3511,car,432,282,419,285,0.5838,2026-08-04 03:56:25.496,2026-08-04 03:56:33.156
car_ID_1526,FLUSH,3517,car,392,358,1005,387,0.8348,2026-08-04 03:56:33.391,2026-08-04 03:56:35.194
car_ID_1528,FLUSH,3516,car,612,262,565,269,0.5497,2026-08-04 03:56:34.828,2026-08-04 03:56:36.088
car_ID_1529,FLUSH,3520,car,405,359,908,389,0.8136,2026-08-04 03:56:35.263,2026-08-04 03:56:36.660
car_ID_1527,FLUSH,3518,car,537,271,499,275,0.5307,2026-08-04 03:56:34.758,2026-08-04 03:56:37.455
truck_ID_317,FLUSH,3507,truck,591,241,383,254,0.6848,2026-08-04 03:56:21.196,2026-08-04 03:56:38.890
car_ID_1531,FLUSH,3523,car,377,363,920,385,0.8135,2026-08-04 03:56:38.579,2026-08-04 03:56:40.390
car_ID_1530,FLUSH,3522,car,646,256,437,279,0.6478,2026-08-04 03:56:38.050,2026-08-04 03:56:40.865
car_ID_1532,FLUSH,3527,car,410,359,1017,383,0.7421,2026-08-04 03:56:41.145,2026-08-04 03:56:43.258
car_ID_1533,FLUSH,3529,car,629,258,409,280,0.6277,2026-08-04 03:56:42.460,2026-08-04 03:56:45.546
car_ID_1534,FLUSH,3536,car,657,255,656,256,0.5317,2026-08-04 03:56:45.952,2026-08-04 03:56:46.123
car_ID_1535,FLUSH,3535,car,608,264,580,267,0.5724,2026-08-04 03:56:46.155,2026-08-04 03:56:46.734
car_ID_1536,FLUSH,3537,car,617,260,615,261,0.5757,2026-08-04 03:56:47.087,2026-08-04 03:56:47.122
car_ID_1538,FLUSH,3545,car,391,294,391,294,0.5276,2026-08-04 03:56:48.927,2026-08-04 03:56:48.927
car_ID_1539,FLUSH,3547,car,459,278,411,282,0.5781,2026-08-04 03:56:49.394,2026-08-04 03:56:49.816
truck_ID_318,FLUSH,3534,truck,362,296,674,261,0.7104,2026-08-04 03:56:45.790,2026-08-04 03:56:50.293
car_ID_1537,FLUSH,3542,car,418,300,618,280,0.6558,2026-08-04 03:56:48.620,2026-08-04 03:56:50.558
car_ID_1540,FLUSH,3553,car,613,264,611,265,0.5935,2026-08-04 03:56:51.931,2026-08-04 03:56:52.218
car_ID_1541,FLUSH,3554,car,704,270,712,267,0.5806,2026-08-04 03:56:51.931,2026-08-04 03:56:52.335
truck_ID_319,FLUSH,3546,truck,722,254,769,250,0.6373,2026-08-04 03:56:50.665,2026-08-04 03:56:52.472
truck_ID_320,FLUSH,3552,truck,374,297,512,280,0.6963,2026-08-04 03:56:50.966,2026-08-04 03:56:52.927
car_ID_1544,FLUSH,3563,car,591,257,525,267,0.6153,2026-08-04 03:56:54.832,2026-08-04 03:56:55.922
car_ID_1545,FLUSH,3565,car,604,276,589,284,0.5238,2026-08-04 03:56:55.523,2026-08-04 03:56:56.033
truck_ID_321,FLUSH,3557,truck,517,280,768,251,0.7268,2026-08-04 03:56:52.959,2026-08-04 03:56:57.088
truck_ID_322,FLUSH,3570,truck,763,252,767,251,0.5430,2026-08-04 03:56:56.752,2026-08-04 03:56:57.088
car_ID_1542,FLUSH,3558,car,377,339,657,279,0.7637,2026-08-04 03:56:53.908,2026-08-04 03:56:57.530
bus_ID_80,FLUSH,3570,bus,772,248,778,248,0.5371,2026-08-04 03:56:57.598,2026-08-04 03:56:57.762
car_ID_1547,FLUSH,3571,car,701,276,708,273,0.5501,2026-08-04 03:56:57.730,2026-08-04 03:56:57.904
bus_ID_79,FLUSH,3557,bus,764,252,779,247,0.5815,2026-08-04 03:56:56.792,2026-08-04 03:56:57.966
car_ID_1546,FLUSH,3566,car,394,308,627,280,0.7462,2026-08-04 03:56:55.761,2026-08-04 03:56:58.112
car_ID_1543,FLUSH,3562,car,519,275,421,283,0.6917,2026-08-04 03:56:54.125,2026-08-04 03:56:59.499
car_ID_1550,FLUSH,3576,car,610,256,592,260,0.6110,2026-08-04 03:56:59.965,2026-08-04 03:57:00.327
car_ID_1549,FLUSH,3577,car,704,270,719,264,0.5865,2026-08-04 03:56:59.856,2026-08-04 03:57:00.796
car_ID_1548,FLUSH,3574,car,749,281,801,262,0.6015,2026-08-04 03:56:58.032,2026-08-04 03:57:01.651
car_ID_1552,FLUSH,3580,car,448,275,449,276,0.6262,2026-08-04 03:57:02.134,2026-08-04 03:57:02.200
car_ID_1551,FLUSH,3579,car,386,288,401,286,0.6053,2026-08-04 03:57:01.829,2026-08-04 03:57:03.061
truck_ID_325,FLUSH,3585,truck,437,293,437,293,0.6378,2026-08-04 03:57:04.820,2026-08-04 03:57:05.293
truck_ID_323,FLUSH,3575,truck,371,296,764,252,0.6957,2026-08-04 03:56:59.575,2026-08-04 03:57:06.401
truck_ID_324,FLUSH,3583,truck,350,298,634,265,0.7200,2026-08-04 03:57:03.570,2026-08-04 03:57:06.925
car_ID_1553,FLUSH,3586,car,387,301,403,287,0.6249,2026-08-04 03:57:05.695,2026-08-04 03:57:07.530
car_ID_1554,FLUSH,3587,car,433,306,625,283,0.6804,2026-08-04 03:57:05.963,2026-08-04 03:57:07.721
car_ID_1555,FLUSH,3595,car,704,267,704,267,0.5204,2026-08-04 03:57:09.381,2026-08-04 03:57:09.381
truck_ID_327,FLUSH,3591,truck,362,292,513,280,0.6059,2026-08-04 03:57:07.958,2026-08-04 03:57:09.842
truck_ID_326,FLUSH,3583,truck,719,256,770,251,0.6645,2026-08-04 03:57:07.958,2026-08-04 03:57:10.162
car_ID_1556,FLUSH,3598,car,383,285,400,290,0.5963,2026-08-04 03:57:09.884,2026-08-04 03:57:10.197
truck_ID_329,FLUSH,3597,truck,771,251,774,251,0.6987,2026-08-04 03:57:09.726,2026-08-04 03:57:10.295
car_ID_1557,FLUSH,3591,car,422,305,602,284,0.6167,2026-08-04 03:57:09.884,2026-08-04 03:57:11.428
truck_ID_328,FLUSH,3594,truck,441,293,768,252,0.7344,2026-08-04 03:57:08.997,2026-08-04 03:57:13.433
truck_ID_330,FLUSH,3599,truck,401,294,663,264,0.7040,2026-08-04 03:57:10.992,2026-08-04 03:57:14.061
car_ID_1560,FLUSH,3607,car,612,266,581,270,0.6037,2026-08-04 03:57:14.158,2026-08-04 03:57:15.804
truck_ID_331,FLUSH,3604,truck,738,256,785,245,0.6884,2026-08-04 03:57:14.706,2026-08-04 03:57:17.858
car_ID_1558,FLUSH,3601,car,382,285,647,279,0.6810,2026-08-04 03:57:12.425,2026-08-04 03:57:17.991
car_ID_1559,FLUSH,3606,car,336,316,739,265,0.7288,2026-08-04 03:57:14.029,2026-08-04 03:57:19.727
car_ID_1565,FLUSH,3619,car,702,269,718,268,0.5875,2026-08-04 03:57:19.290,2026-08-04 03:57:20.030
car_ID_1564,FLUSH,3617,car,385,317,668,277,0.7657,2026-08-04 03:57:19.004,2026-08-04 03:57:21.634
car_ID_1562,FLUSH,3611,car,550,276,462,282,0.5862,2026-08-04 03:57:15.998,2026-08-04 03:57:21.850
car_ID_1563,FLUSH,3613,car,418,316,723,269,0.6724,2026-08-04 03:57:17.371,2026-08-04 03:57:22.054
car_ID_1566,FLUSH,3622,car,387,286,443,307,0.6444,2026-08-04 03:57:20.305,2026-08-04 03:57:22.091
car_ID_1561,FLUSH,3609,car,384,292,647,282,0.6741,2026-08-04 03:57:15.804,2026-08-04 03:57:22.561
truck_ID_332,FLUSH,3622,truck,363,306,521,284,0.5463,2026-08-04 03:57:22.396,2026-08-04 03:57:23.391
car_ID_1568,FLUSH,3628,car,629,257,619,260,0.5721,2026-08-04 03:57:22.931,2026-08-04 03:57:23.423
bus_ID_83,FLUSH,3630,bus,527,283,557,280,0.6256,2026-08-04 03:57:23.456,2026-08-04 03:57:23.690
bus_ID_81,FLUSH,3622,bus,393,301,558,280,0.7057,2026-08-04 03:57:22.529,2026-08-04 03:57:23.723
car_ID_1567,FLUSH,3625,car,397,309,621,280,0.6642,2026-08-04 03:57:21.818,2026-08-04 03:57:24.028
bus_ID_82,FLUSH,3633,bus,711,253,713,253,0.6249,2026-08-04 03:57:23.311,2026-08-04 03:57:24.094
car_ID_1573,FLUSH,3636,car,755,256,755,256,0.5169,2026-08-04 03:57:24.159,2026-08-04 03:57:24.234
truck_ID_333,FLUSH,3630,truck,491,288,596,274,0.6349,2026-08-04 03:57:23.134,2026-08-04 03:57:24.331
car_ID_1572,FLUSH,3613,car,724,265,730,264,0.6507,2026-08-04 03:57:24.061,2026-08-04 03:57:24.453
car_ID_1574,FLUSH,3622,car,540,270,526,269,0.5557,2026-08-04 03:57:24.270,2026-08-04 03:57:24.581
car_ID_1570,FLUSH,3634,car,449,287,460,282,0.5571,2026-08-04 03:57:23.511,2026-08-04 03:57:25.023
car_ID_1577,FLUSH,3638,car,543,265,532,266,0.6149,2026-08-04 03:57:25.735,2026-08-04 03:57:25.974
car_ID_1576,FLUSH,3613,car,750,257,755,253,0.5532,2026-08-04 03:57:25.668,2026-08-04 03:57:26.356
car_ID_1580,FLUSH,3642,car,584,278,587,277,0.5121,2026-08-04 03:57:26.291,2026-08-04 03:57:26.356
car_ID_1571,FLUSH,3635,car,386,309,670,278,0.6833,2026-08-04 03:57:23.964,2026-08-04 03:57:26.965
car_ID_1575,FLUSH,3639,car,387,313,595,284,0.7236,2026-08-04 03:57:25.161,2026-08-04 03:57:26.965
car_ID_1569,FLUSH,3629,car,370,298,399,288,0.6390,2026-08-04 03:57:22.963,2026-08-04 03:57:27.388
car_ID_1583,FLUSH,3647,car,604,254,604,254,0.5097,2026-08-04 03:57:27.389,2026-08-04 03:57:27.389
car_ID_1582,FLUSH,3644,car,767,254,785,248,0.5287,2026-08-04 03:57:26.891,2026-08-04 03:57:27.621
car_ID_1579,FLUSH,3634,car,460,283,461,282,0.5439,2026-08-04 03:57:26.225,2026-08-04 03:57:27.654
car_ID_1578,FLUSH,3641,car,403,337,644,292,0.7851,2026-08-04 03:57:26.151,2026-08-04 03:57:27.926
car_ID_1581,FLUSH,3645,car,716,263,710,269,0.5611,2026-08-04 03:57:26.600,2026-08-04 03:57:28.614
car_ID_1584,FLUSH,3651,car,753,256,753,256,0.5632,2026-08-04 03:57:28.734,2026-08-04 03:57:28.734
car_ID_1588,FLUSH,3656,car,452,292,463,289,0.5374,2026-08-04 03:57:29.796,2026-08-04 03:57:29.901
car_ID_1585,FLUSH,3641,car,672,272,714,269,0.5379,2026-08-04 03:57:28.954,2026-08-04 03:57:30.065
car_ID_1587,FLUSH,3652,car,748,281,781,272,0.6090,2026-08-04 03:57:29.524,2026-08-04 03:57:30.800
car_ID_1589,FLUSH,3658,car,391,315,671,280,0.6985,2026-08-04 03:57:29.999,2026-08-04 03:57:32.565
car_ID_1590,FLUSH,3660,car,586,259,501,272,0.6239,2026-08-04 03:57:30.688,2026-08-04 03:57:32.565
car_ID_1591,FLUSH,3661,car,409,328,635,292,0.7077,2026-08-04 03:57:31.331,2026-08-04 03:57:32.866
truck_ID_334,FLUSH,3649,truck,380,294,781,244,0.6932,2026-08-04 03:57:27.894,2026-08-04 03:57:34.365
truck_ID_335,FLUSH,3670,truck,783,244,790,243,0.6017,2026-08-04 03:57:33.931,2026-08-04 03:57:34.787
car_ID_1595,FLUSH,3671,car,618,258,603,262,0.5326,2026-08-04 03:57:34.722,2026-08-04 03:57:35.705
car_ID_1593,FLUSH,3664,car,613,264,531,268,0.5559,2026-08-04 03:57:32.352,2026-08-04 03:57:35.917
car_ID_1594,FLUSH,3669,car,739,278,777,265,0.5953,2026-08-04 03:57:34.365,2026-08-04 03:57:36.057
car_ID_1596,FLUSH,3675,car,398,336,637,295,0.7400,2026-08-04 03:57:35.197,2026-08-04 03:57:36.935
car_ID_1592,FLUSH,3656,car,458,282,458,283,0.6151,2026-08-04 03:57:31.786,2026-08-04 03:57:39.094
car_ID_1586,FLUSH,3654,car,387,287,400,286,0.6583,2026-08-04 03:57:29.459,2026-08-04 03:57:39.361
truck_ID_336,FLUSH,3678,truck,591,249,587,255,0.6293,2026-08-04 03:57:37.659,2026-08-04 03:57:40.324
car_ID_1599,FLUSH,3689,car,459,289,523,278,0.5664,2026-08-04 03:57:41.267,2026-08-04 03:57:41.787
car_ID_1597,FLUSH,3686,car,743,278,802,257,0.6576,2026-08-04 03:57:38.398,2026-08-04 03:57:42.197
truck_ID_337,FLUSH,3687,truck,394,290,741,254,0.7085,2026-08-04 03:57:39.632,2026-08-04 03:57:43.362
car_ID_1602,FLUSH,3696,car,657,255,657,255,0.5311,2026-08-04 03:57:46.160,2026-08-04 03:57:46.193
car_ID_1600,FLUSH,3690,car,460,283,459,282,0.5686,2026-08-04 03:57:41.689,2026-08-04 03:57:47.696
car_ID_1603,FLUSH,3698,car,658,256,658,256,0.5596,2026-08-04 03:57:47.696,2026-08-04 03:57:47.696
car_ID_1601,FLUSH,3697,car,393,340,644,293,0.7669,2026-08-04 03:57:45.988,2026-08-04 03:57:47.891
car_ID_1604,FLUSH,3699,car,519,271,519,271,0.5215,2026-08-04 03:57:48.130,2026-08-04 03:57:48.163
car_ID_1605,FLUSH,3690,car,458,281,459,281,0.5768,2026-08-04 03:57:49.099,2026-08-04 03:57:49.228
car_ID_1606,FLUSH,3701,car,747,276,793,262,0.6088,2026-08-04 03:57:49.570,2026-08-04 03:57:51.862
car_ID_1608,FLUSH,3702,car,519,271,519,271,0.5215,2026-08-04 03:57:52.788,2026-08-04 03:57:52.820
car_ID_1610,FLUSH,3707,car,519,271,519,271,0.5402,2026-08-04 03:57:56.497,2026-08-04 03:57:57.022
car_ID_1609,FLUSH,3706,car,422,312,737,264,0.7142,2026-08-04 03:57:53.769,2026-08-04 03:57:57.663
car_ID_1611,FLUSH,3706,car,758,258,779,251,0.5622,2026-08-04 03:57:58.858,2026-08-04 03:57:59.891
car_ID_1612,FLUSH,3713,car,1017,352,408,343,0.7292,2026-08-04 03:58:01.565,2026-08-04 03:58:04.543
car_ID_1613,FLUSH,3707,car,519,271,519,271,0.5440,2026-08-04 03:58:05.109,2026-08-04 03:58:05.114
truck_ID_338,FLUSH,3692,truck,583,251,582,251,0.6977,2026-08-04 03:57:42.568,2026-08-04 03:58:07.065
truck_ID_340,FLUSH,3722,truck,515,248,470,250,0.6002,2026-08-04 03:58:07.466,2026-08-04 03:58:08.967
car_ID_1607,FLUSH,3690,car,459,282,457,282,0.6330,2026-08-04 03:57:50.326,2026-08-04 03:58:09.621
car_ID_1614,FLUSH,3690,car,458,284,458,282,0.5181,2026-08-04 03:58:10.824,2026-08-04 03:58:11.394
car_ID_1617,FLUSH,3729,car,519,271,519,271,0.5459,2026-08-04 03:58:13.101,2026-08-04 03:58:13.308
car_ID_1615,FLUSH,3727,car,965,315,764,277,0.6576,2026-08-04 03:58:10.824,2026-08-04 03:58:15.118
car_ID_1618,FLUSH,3690,car,458,282,457,282,0.5772,2026-08-04 03:58:14.259,2026-08-04 03:58:16.584
car_ID_1616,FLUSH,3731,car,1065,329,748,265,0.7272,2026-08-04 03:58:12.354,2026-08-04 03:58:19.926
car_ID_1598,FLUSH,3688,car,387,286,329,301,0.6437,2026-08-04 03:57:40.895,2026-08-04 03:58:20.992
car_ID_1620,FLUSH,3736,car,524,271,515,271,0.5150,2026-08-04 03:58:18.670,2026-08-04 03:58:21.495
car_ID_1621,FLUSH,3731,car,752,259,759,257,0.5619,2026-08-04 03:58:21.139,2026-08-04 03:58:21.698
car_ID_1619,FLUSH,3690,car,457,282,425,285,0.6229,2026-08-04 03:58:18.605,2026-08-04 03:58:22.122
truck_ID_341,FLUSH,3740,truck,410,268,380,269,0.5556,2026-08-04 03:58:20.896,2026-08-04 03:58:22.430
truck_ID_342,FLUSH,3752,truck,352,352,385,353,0.5988,2026-08-04 03:58:25.601,2026-08-04 03:58:25.799
car_ID_1623,FLUSH,3747,car,367,367,1009,381,0.7791,2026-08-04 03:58:23.590,2026-08-04 03:58:26.040
car_ID_1622,FLUSH,3743,car,839,302,716,258,0.6430,2026-08-04 03:58:23.169,2026-08-04 03:58:27.128
car_ID_1627,FLUSH,3760,car,656,256,650,257,0.5133,2026-08-04 03:58:27.719,2026-08-04 03:58:27.891
truck_ID_339,FLUSH,3707,truck,540,246,482,258,0.7442,2026-08-04 03:58:06.623,2026-08-04 03:58:27.927
car_ID_1628,FLUSH,3759,car,749,260,752,257,0.5797,2026-08-04 03:58:27.761,2026-08-04 03:58:27.989
car_ID_1624,FLUSH,3752,car,429,358,1089,380,0.8295,2026-08-04 03:58:25.900,2026-08-04 03:58:28.061
car_ID_1629,FLUSH,3762,car,396,371,846,391,0.7180,2026-08-04 03:58:27.956,2026-08-04 03:58:29.665
car_ID_1630,FLUSH,3763,car,602,257,575,261,0.5406,2026-08-04 03:58:29.898,2026-08-04 03:58:30.419
car_ID_1625,FLUSH,3749,car,608,270,411,287,0.6122,2026-08-04 03:58:26.088,2026-08-04 03:58:31.117
car_ID_1626,FLUSH,3757,car,617,270,448,278,0.5879,2026-08-04 03:58:27.269,2026-08-04 03:58:31.363
car_ID_1632,FLUSH,3767,car,389,363,853,378,0.7079,2026-08-04 03:58:31.118,2026-08-04 03:58:32.736
truck_ID_344,FLUSH,3770,truck,716,373,919,379,0.5721,2026-08-04 03:58:32.433,2026-08-04 03:58:32.928
car_ID_1631,FLUSH,3766,car,556,272,395,298,0.6286,2026-08-04 03:58:30.419,2026-08-04 03:58:33.396
car_ID_1633,FLUSH,3770,car,684,374,956,381,0.5417,2026-08-04 03:58:32.327,2026-08-04 03:58:33.460
truck_ID_343,FLUSH,3767,truck,661,372,954,380,0.5847,2026-08-04 03:58:32.261,2026-08-04 03:58:33.459
car_ID_1634,FLUSH,3775,car,418,355,438,356,0.5552,2026-08-04 03:58:34.551,2026-08-04 03:58:34.655
truck_ID_345,FLUSH,3775,truck,418,337,423,327,0.5874,2026-08-04 03:58:34.760,2026-08-04 03:58:35.063
truck_ID_346,FLUSH,3777,truck,445,328,830,337,0.7512,2026-08-04 03:58:35.166,2026-08-04 03:58:36.825
car_ID_1635,FLUSH,3778,car,358,362,912,397,0.8156,2026-08-04 03:58:36.563,2026-08-04 03:58:38.720
car_ID_1637,FLUSH,3783,car,609,266,584,267,0.5763,2026-08-04 03:58:39.696,2026-08-04 03:58:40.702
car_ID_1639,FLUSH,3787,car,554,273,553,273,0.5941,2026-08-04 03:58:41.331,2026-08-04 03:58:41.403
car_ID_1638,FLUSH,3785,car,354,329,523,309,0.6292,2026-08-04 03:58:40.670,2026-08-04 03:58:42.058
car_ID_1636,FLUSH,3784,car,392,318,669,276,0.7102,2026-08-04 03:58:39.631,2026-08-04 03:58:42.463
car_ID_1640,FLUSH,3789,car,563,303,673,285,0.6005,2026-08-04 03:58:42.431,2026-08-04 03:58:43.963
car_ID_1644,FLUSH,3793,car,606,267,606,267,0.5632,2026-08-04 03:58:44.076,2026-08-04 03:58:44.083
car_ID_1641,FLUSH,3790,car,503,278,383,290,0.5570,2026-08-04 03:58:42.496,2026-08-04 03:58:45.791
car_ID_1643,FLUSH,3792,car,400,332,678,285,0.7342,2026-08-04 03:58:43.192,2026-08-04 03:58:46.194
car_ID_1646,FLUSH,3796,car,537,275,497,278,0.5462,2026-08-04 03:58:45.886,2026-08-04 03:58:46.900
car_ID_1642,FLUSH,3791,car,697,272,796,261,0.6135,2026-08-04 03:58:42.955,2026-08-04 03:58:48.306
car_ID_1645,FLUSH,3794,car,393,318,722,267,0.6596,2026-08-04 03:58:44.559,2026-08-04 03:58:48.381
car_ID_1647,FLUSH,3792,car,732,278,774,266,0.6039,2026-08-04 03:58:47.255,2026-08-04 03:58:49.229
truck_ID_347,FLUSH,3799,truck,396,302,595,266,0.6855,2026-08-04 03:58:47.901,2026-08-04 03:58:50.591
car_ID_1649,FLUSH,3806,car,411,286,408,287,0.5240,2026-08-04 03:58:51.449,2026-08-04 03:58:52.367
car_ID_1648,FLUSH,3803,car,402,310,615,282,0.6758,2026-08-04 03:58:50.733,2026-08-04 03:58:52.507
truck_ID_348,FLUSH,3807,truck,684,261,766,250,0.5606,2026-08-04 03:58:51.287,2026-08-04 03:58:54.034
truck_ID_349,FLUSH,3808,truck,364,301,639,264,0.6937,2026-08-04 03:58:52.990,2026-08-04 03:58:56.261
truck_ID_351,FLUSH,3815,truck,733,255,769,252,0.6004,2026-08-04 03:58:58.069,2026-08-04 03:58:59.404
truck_ID_350,FLUSH,3813,truck,371,294,630,266,0.7100,2026-08-04 03:58:56.955,2026-08-04 03:58:59.647
truck_ID_354,FLUSH,3826,truck,488,277,546,271,0.5556,2026-08-04 03:59:02.655,2026-08-04 03:59:02.995
truck_ID_352,FLUSH,3821,truck,381,292,642,267,0.7305,2026-08-04 03:59:01.188,2026-08-04 03:59:03.366
truck_ID_353,FLUSH,3822,truck,726,254,770,250,0.6046,2026-08-04 03:59:01.221,2026-08-04 03:59:03.770
truck_ID_355,FLUSH,3830,truck,729,255,771,252,0.6278,2026-08-04 03:59:04.527,2026-08-04 03:59:06.301
car_ID_1651,FLUSH,3837,car,615,267,608,268,0.5699,2026-08-04 03:59:10.743,2026-08-04 03:59:11.288
car_ID_1650,FLUSH,3835,car,614,268,591,277,0.5757,2026-08-04 03:59:09.554,2026-08-04 03:59:11.560
car_ID_1652,FLUSH,3833,car,641,257,636,259,0.5474,2026-08-04 03:59:11.090,2026-08-04 03:59:11.665
truck_ID_357,FLUSH,3839,truck,542,279,559,277,0.5418,2026-08-04 03:59:11.831,2026-08-04 03:59:12.028
bus_ID_84,FLUSH,3838,bus,587,274,587,274,0.5311,2026-08-04 03:59:12.158,2026-08-04 03:59:12.158
truck_ID_356,FLUSH,3838,truck,378,300,595,274,0.5911,2026-08-04 03:59:10.992,2026-08-04 03:59:12.222
car_ID_1653,FLUSH,3842,car,516,282,482,280,0.5852,2026-08-04 03:59:12.125,2026-08-04 03:59:13.824
car_ID_1654,FLUSH,3838,car,599,264,564,264,0.6206,2026-08-04 03:59:12.797,2026-08-04 03:59:14.496
car_ID_1655,FLUSH,3850,car,620,267,619,268,0.5940,2026-08-04 03:59:14.296,2026-08-04 03:59:14.883
car_ID_1656,FLUSH,3849,car,654,255,655,255,0.5157,2026-08-04 03:59:14.729,2026-08-04 03:59:14.883
truck_ID_358,FLUSH,3848,truck,353,304,596,275,0.6529,2026-08-04 03:59:13.961,2026-08-04 03:59:15.288
car_ID_1658,FLUSH,3854,car,412,286,411,286,0.5145,2026-08-04 03:59:15.831,2026-08-04 03:59:15.901
car_ID_1659,FLUSH,3852,car,758,250,764,249,0.5481,2026-08-04 03:59:15.901,2026-08-04 03:59:16.170
car_ID_1661,FLUSH,3853,car,536,268,534,268,0.5409,2026-08-04 03:59:16.209,2026-08-04 03:59:16.459
car_ID_1660,FLUSH,3855,car,465,283,468,282,0.5703,2026-08-04 03:59:15.997,2026-08-04 03:59:16.956
truck_ID_359,FLUSH,3858,truck,718,260,722,260,0.5513,2026-08-04 03:59:17.164,2026-08-04 03:59:17.227
car_ID_1657,FLUSH,3848,car,594,273,574,273,0.5538,2026-08-04 03:59:15.695,2026-08-04 03:59:19.175
car_ID_1663,FLUSH,3859,car,618,265,601,267,0.5653,2026-08-04 03:59:17.466,2026-08-04 03:59:20.859
car_ID_1662,FLUSH,3857,car,437,307,750,259,0.6908,2026-08-04 03:59:16.956,2026-08-04 03:59:21.060
car_ID_1665,FLUSH,3848,car,573,274,573,274,0.5846,2026-08-04 03:59:21.398,2026-08-04 03:59:21.431
car_ID_1664,FLUSH,3864,car,436,320,575,297,0.6121,2026-08-04 03:59:20.964,2026-08-04 03:59:21.885
truck_ID_360,FLUSH,3864,truck,464,315,598,295,0.6918,2026-08-04 03:59:21.164,2026-08-04 03:59:22.087
car_ID_1666,FLUSH,3866,car,518,308,565,300,0.5583,2026-08-04 03:59:21.463,2026-08-04 03:59:22.255
truck_ID_361,FLUSH,3874,truck,520,247,520,247,0.5169,2026-08-04 03:59:24.231,2026-08-04 03:59:24.263
car_ID_1668,FLUSH,3873,car,601,266,600,266,0.5490,2026-08-04 03:59:25.290,2026-08-04 03:59:25.322
car_ID_1667,FLUSH,3872,car,572,273,573,271,0.5345,2026-08-04 03:59:23.888,2026-08-04 03:59:26.895
car_ID_1669,FLUSH,3879,car,712,246,712,246,0.5204,2026-08-04 03:59:27.132,2026-08-04 03:59:27.132
truck_ID_362,FLUSH,3872,truck,582,242,582,242,0.6345,2026-08-04 03:59:27.228,2026-08-04 03:59:27.335
car_ID_1671,FLUSH,3877,car,470,280,470,280,0.5801,2026-08-04 03:59:28.198,2026-08-04 03:59:28.282
truck_ID_363,FLUSH,3880,truck,526,256,497,250,0.6157,2026-08-04 03:59:27.788,2026-08-04 03:59:28.815
car_ID_1672,FLUSH,3880,car,527,269,527,269,0.5133,2026-08-04 03:59:30.165,2026-08-04 03:59:30.165
car_ID_1673,FLUSH,3883,car,609,261,608,261,0.5169,2026-08-04 03:59:30.926,2026-08-04 03:59:31.091
car_ID_1674,FLUSH,3880,car,526,269,526,269,0.5097,2026-08-04 03:59:31.228,2026-08-04 03:59:31.228
car_ID_1675,FLUSH,3887,car,526,267,526,267,0.5276,2026-08-04 03:59:32.897,2026-08-04 03:59:32.897
car_ID_1676,FLUSH,3886,car,431,278,432,277,0.5525,2026-08-04 03:59:34.201,2026-08-04 03:59:34.333
bus_ID_85,FLUSH,3894,bus,647,241,647,241,0.5026,2026-08-04 03:59:35.030,2026-08-04 03:59:35.090
car_ID_1670,FLUSH,3881,car,573,272,572,265,0.5408,2026-08-04 03:59:27.468,2026-08-04 03:59:35.228
bus_ID_86,FLUSH,3896,bus,627,244,627,244,0.5525,2026-08-04 03:59:35.627,2026-08-04 03:59:36.086
car_ID_1678,FLUSH,3899,car,573,275,573,275,0.6595,2026-08-04 03:59:37.287,2026-08-04 03:59:37.791
car_ID_1677,FLUSH,3897,car,394,312,616,285,0.7492,2026-08-04 03:59:36.528,2026-08-04 03:59:38.161
truck_ID_364,FLUSH,3894,truck,526,242,525,242,0.5311,2026-08-04 03:59:38.197,2026-08-04 03:59:38.229
car_ID_1680,FLUSH,3904,car,719,268,719,268,0.5739,2026-08-04 03:59:39.828,2026-08-04 03:59:39.828
car_ID_1681,FLUSH,3905,car,465,282,465,282,0.5133,2026-08-04 03:59:39.977,2026-08-04 03:59:40.455
car_ID_1682,FLUSH,3903,car,611,260,611,260,0.5062,2026-08-04 03:59:41.336,2026-08-04 03:59:41.369
car_ID_1683,FLUSH,3911,car,469,282,469,282,0.5062,2026-08-04 03:59:42.127,2026-08-04 03:59:42.229
car_ID_1684,FLUSH,3909,car,772,254,772,254,0.5632,2026-08-04 03:59:42.196,2026-08-04 03:59:42.228
car_ID_1686,FLUSH,3910,car,612,262,611,262,0.5252,2026-08-04 03:59:45.130,2026-08-04 03:59:45.194
car_ID_1685,FLUSH,3911,car,465,281,462,282,0.5547,2026-08-04 03:59:44.622,2026-08-04 03:59:46.258
car_ID_1687,FLUSH,3908,car,411,287,411,287,0.5097,2026-08-04 03:59:47.510,2026-08-04 03:59:47.510
car_ID_1679,FLUSH,3902,car,573,274,572,272,0.5439,2026-08-04 03:59:38.401,2026-08-04 03:59:49.698
bus_ID_87,FLUSH,3923,bus,590,247,589,247,0.6202,2026-08-04 03:59:50.392,2026-08-04 03:59:50.426
car_ID_1689,FLUSH,3902,car,572,271,572,272,0.5447,2026-08-04 03:59:51.101,2026-08-04 03:59:51.235
car_ID_1690,FLUSH,3932,car,950,311,922,307,0.5294,2026-08-04 03:59:53.907,2026-08-04 03:59:54.224
car_ID_1688,FLUSH,3924,car,1053,352,384,343,0.7880,2026-08-04 03:59:50.493,2026-08-04 03:59:54.301
car_ID_1691,FLUSH,3933,car,1019,353,407,342,0.7960,2026-08-04 03:59:53.914,2026-08-04 03:59:56.436
bus_ID_88,FLUSH,3944,bus,649,241,646,242,0.5561,2026-08-04 03:59:57.093,2026-08-04 03:59:57.185
car_ID_1693,FLUSH,3938,car,859,302,759,286,0.7466,2026-08-04 03:59:55.234,2026-08-04 03:59:57.693
truck_ID_365,FLUSH,3944,truck,642,241,642,241,0.5276,2026-08-04 03:59:57.599,2026-08-04 03:59:57.693
car_ID_1692,FLUSH,3902,car,572,273,572,273,0.5384,2026-08-04 03:59:53.983,2026-08-04 03:59:58.258
car_ID_1694,FLUSH,3940,car,1023,349,409,342,0.8311,2026-08-04 03:59:55.960,2026-08-04 03:59:58.351
truck_ID_366,FLUSH,3950,truck,713,346,713,346,0.5552,2026-08-04 03:59:58.807,2026-08-04 03:59:58.807
car_ID_1697,FLUSH,3950,car,702,346,702,346,0.6453,2026-08-04 03:59:58.847,2026-08-04 03:59:58.964
truck_ID_367,FLUSH,3946,truck,652,343,649,343,0.5177,2026-08-04 03:59:59.001,2026-08-04 03:59:59.033
car_ID_1698,FLUSH,3902,car,572,272,572,272,0.5097,2026-08-04 03:59:59.922,2026-08-04 03:59:59.922
car_ID_1695,FLUSH,3942,car,946,309,774,271,0.6207,2026-08-04 03:59:56.531,2026-08-04 04:00:00.495
car_ID_1696,FLUSH,3946,car,1057,350,381,331,0.7506,2026-08-04 03:59:57.599,2026-08-04 04:00:00.698
bus_ID_89,FLUSH,3954,bus,568,250,568,251,0.5204,2026-08-04 04:00:01.524,2026-08-04 04:00:01.556
car_ID_1699,FLUSH,3953,car,759,275,791,263,0.6065,2026-08-04 04:00:02.033,2026-08-04 04:00:04.802
car_ID_1700,FLUSH,3956,car,573,271,573,273,0.5368,2026-08-04 04:00:02.689,2026-08-04 04:00:05.185
car_ID_1701,FLUSH,3959,car,466,283,466,283,0.5418,2026-08-04 04:00:05.186,2026-08-04 04:00:05.186
car_ID_1703,FLUSH,3962,car,468,279,468,279,0.5133,2026-08-04 04:00:07.399,2026-08-04 04:00:07.431
car_ID_1702,FLUSH,3956,car,572,272,572,272,0.5606,2026-08-04 04:00:06.298,2026-08-04 04:00:09.307
bus_ID_90,FLUSH,3964,bus,481,243,475,243,0.5440,2026-08-04 04:00:09.137,2026-08-04 04:00:09.654
truck_ID_368,FLUSH,3960,truck,653,241,647,242,0.6109,2026-08-04 04:00:09.069,2026-08-04 04:00:09.654
car_ID_1704,FLUSH,3961,car,602,266,601,267,0.5644,2026-08-04 04:00:09.928,2026-08-04 04:00:10.509
truck_ID_369,FLUSH,3967,truck,633,242,625,241,0.5965,2026-08-04 04:00:10.509,2026-08-04 04:00:10.949
car_ID_1705,FLUSH,3956,car,569,271,568,271,0.5174,2026-08-04 04:00:10.741,2026-08-04 04:00:11.326
car_ID_1706,FLUSH,3969,car,454,280,439,283,0.5636,2026-08-04 04:00:11.058,2026-08-04 04:00:11.929
bus_ID_92,FLUSH,3967,bus,592,236,592,236,0.5347,2026-08-04 04:00:11.597,2026-08-04 04:00:12.083
bus_ID_91,FLUSH,3963,bus,468,246,460,249,0.5535,2026-08-04 04:00:10.787,2026-08-04 04:00:12.285
bus_ID_93,FLUSH,3964,bus,464,248,454,250,0.5611,2026-08-04 04:00:11.697,2026-08-04 04:00:12.726
car_ID_1707,FLUSH,3973,car,362,361,362,361,0.5290,2026-08-04 04:00:13.166,2026-08-04 04:00:13.166
bus_ID_94,FLUSH,3963,bus,446,250,442,251,0.5516,2026-08-04 04:00:13.331,2026-08-04 04:00:13.577
truck_ID_370,FLUSH,3974,truck,732,383,732,383,0.6453,2026-08-04 04:00:14.095,2026-08-04 04:00:14.095
car_ID_1708,FLUSH,3974,car,397,363,1023,372,0.8427,2026-08-04 04:00:13.266,2026-08-04 04:00:14.666
truck_ID_371,FLUSH,3963,truck,398,255,397,255,0.5383,2026-08-04 04:00:15.390,2026-08-04 04:00:15.423
car_ID_1711,FLUSH,3964,car,456,276,429,278,0.5541,2026-08-04 04:00:14.940,2026-08-04 04:00:15.629
car_ID_1709,FLUSH,3956,car,549,273,432,283,0.6093,2026-08-04 04:00:13.687,2026-08-04 04:00:17.231
car_ID_1714,FLUSH,3975,car,637,260,630,261,0.5276,2026-08-04 04:00:16.525,2026-08-04 04:00:17.399
car_ID_1712,FLUSH,3978,car,392,359,959,389,0.8425,2026-08-04 04:00:15.929,2026-08-04 04:00:17.974
car_ID_1716,FLUSH,3982,car,607,265,601,266,0.5374,2026-08-04 04:00:18.530,2026-08-04 04:00:19.001
car_ID_1715,FLUSH,3981,car,407,360,982,388,0.8299,2026-08-04 04:00:17.399,2026-08-04 04:00:19.350
car_ID_1713,FLUSH,3970,car,552,273,388,289,0.6120,2026-08-04 04:00:16.166,2026-08-04 04:00:19.861
car_ID_1717,FLUSH,3983,car,367,375,894,400,0.7910,2026-08-04 04:00:19.218,2026-08-04 04:00:20.623
car_ID_1719,FLUSH,3988,car,401,358,924,369,0.7145,2026-08-04 04:00:20.754,2026-08-04 04:00:22.643
truck_ID_372,FLUSH,3979,truck,544,244,391,251,0.6414,2026-08-04 04:00:17.165,2026-08-04 04:00:23.348
car_ID_1710,FLUSH,3961,car,613,268,381,290,0.6346,2026-08-04 04:00:14.194,2026-08-04 04:00:23.554
car_ID_1721,FLUSH,3995,car,369,365,1031,402,0.7318,2026-08-04 04:00:22.386,2026-08-04 04:00:24.298
car_ID_1722,FLUSH,3998,car,630,257,559,267,0.6005,2026-08-04 04:00:23.457,2026-08-04 04:00:24.531
car_ID_1723,FLUSH,4001,car,612,252,549,259,0.5469,2026-08-04 04:00:24.564,2026-08-04 04:00:26.455
car_ID_1720,FLUSH,3986,car,614,268,511,276,0.5668,2026-08-04 04:00:20.860,2026-08-04 04:00:26.893
car_ID_1724,FLUSH,3961,car,382,289,396,288,0.6155,2026-08-04 04:00:25.260,2026-08-04 04:00:27.402
car_ID_1718,FLUSH,3982,car,573,268,454,281,0.6146,2026-08-04 04:00:20.063,2026-08-04 04:00:27.618
car_ID_1725,FLUSH,3986,car,511,277,516,277,0.5133,2026-08-04 04:00:28.295,2026-08-04 04:00:28.630
truck_ID_373,FLUSH,4003,truck,396,291,655,265,0.7284,2026-08-04 04:00:29.021,2026-08-04 04:00:32.929
car_ID_1726,FLUSH,4010,car,379,293,404,286,0.6325,2026-08-04 04:00:31.668,2026-08-04 04:00:34.401
car_ID_1727,FLUSH,4009,car,444,296,459,280,0.6276,2026-08-04 04:00:31.990,2026-08-04 04:00:34.757
car_ID_1728,FLUSH,4012,car,515,285,521,281,0.5590,2026-08-04 04:00:32.698,2026-08-04 04:00:35.361
truck_ID_374,FLUSH,4018,truck,725,256,768,251,0.6286,2026-08-04 04:00:34.442,2026-08-04 04:00:36.019
car_ID_1730,FLUSH,4017,car,605,267,585,272,0.6083,2026-08-04 04:00:33.624,2026-08-04 04:00:36.120
car_ID_1729,FLUSH,4016,car,414,308,672,276,0.6697,2026-08-04 04:00:33.108,2026-08-04 04:00:36.529
car_ID_1731,FLUSH,4026,car,657,256,657,256,0.5133,2026-08-04 04:00:37.002,2026-08-04 04:00:37.035
car_ID_1732,FLUSH,4028,car,715,265,719,262,0.5882,2026-08-04 04:00:37.521,2026-08-04 04:00:37.928
car_ID_1733,FLUSH,4029,car,382,292,393,288,0.5855,2026-08-04 04:00:37.659,2026-08-04 04:00:38.889
car_ID_1734,FLUSH,4030,car,441,282,458,278,0.5804,2026-08-04 04:00:37.928,2026-08-04 04:00:39.260
car_ID_1735,FLUSH,4032,car,510,278,520,281,0.5574,2026-08-04 04:00:38.675,2026-08-04 04:00:40.220
car_ID_1736,FLUSH,4034,car,556,273,579,275,0.6593,2026-08-04 04:00:39.188,2026-08-04 04:00:40.317
truck_ID_376,FLUSH,4035,truck,363,297,449,282,0.5493,2026-08-04 04:00:39.603,2026-08-04 04:00:40.523
bus_ID_95,FLUSH,4035,bus,539,277,542,276,0.5365,2026-08-04 04:00:41.556,2026-08-04 04:00:41.588
car_ID_1737,FLUSH,4039,car,382,291,387,298,0.5989,2026-08-04 04:00:41.667,2026-08-04 04:00:42.221
car_ID_1738,FLUSH,4041,car,438,282,451,285,0.6507,2026-08-04 04:00:41.927,2026-08-04 04:00:42.531
truck_ID_377,FLUSH,4035,truck,560,273,589,263,0.6173,2026-08-04 04:00:41.755,2026-08-04 04:00:42.701
truck_ID_375,FLUSH,4024,truck,371,295,773,251,0.7193,2026-08-04 04:00:35.096,2026-08-04 04:00:42.875
car_ID_1739,FLUSH,4045,car,507,283,516,283,0.5893,2026-08-04 04:00:42.531,2026-08-04 04:00:43.049
car_ID_1740,FLUSH,4048,car,562,274,577,275,0.6736,2026-08-04 04:00:43.081,2026-08-04 04:00:43.559
car_ID_1743,FLUSH,4056,car,319,305,319,305,0.5454,2026-08-04 04:00:45.563,2026-08-04 04:00:45.563
truck_ID_379,FLUSH,4051,truck,435,295,576,268,0.5711,2026-08-04 04:00:43.986,2026-08-04 04:00:45.715
truck_ID_378,FLUSH,4035,truck,718,256,774,251,0.6149,2026-08-04 04:00:43.940,2026-08-04 04:00:46.092
car_ID_1744,FLUSH,4057,car,511,285,513,277,0.5445,2026-08-04 04:00:45.955,2026-08-04 04:00:47.883
car_ID_1742,FLUSH,4054,car,441,282,462,281,0.6576,2026-08-04 04:00:45.094,2026-08-04 04:00:48.340
car_ID_1741,FLUSH,4053,car,381,288,401,286,0.6006,2026-08-04 04:00:44.997,2026-08-04 04:00:48.523
truck_ID_381,FLUSH,4062,truck,594,244,518,245,0.5779,2026-08-04 04:00:47.562,2026-08-04 04:00:49.026
truck_ID_380,FLUSH,4058,truck,670,263,773,252,0.7472,2026-08-04 04:00:46.225,2026-08-04 04:00:49.358
car_ID_1745,FLUSH,4059,car,559,271,581,270,0.6616,2026-08-04 04:00:46.127,2026-08-04 04:00:49.699
car_ID_1750,FLUSH,4073,car,634,298,634,298,0.5204,2026-08-04 04:00:51.587,2026-08-04 04:00:52.059
car_ID_1751,FLUSH,4076,car,318,306,318,306,0.5846,2026-08-04 04:00:52.430,2026-08-04 04:00:52.462
truck_ID_382,FLUSH,4066,truck,362,297,791,246,0.7193,2026-08-04 04:00:48.587,2026-08-04 04:00:55.756
car_ID_1747,FLUSH,4070,car,448,290,462,280,0.6818,2026-08-04 04:00:50.698,2026-08-04 04:00:55.792
car_ID_1752,FLUSH,4080,car,615,268,615,268,0.5525,2026-08-04 04:00:55.794,2026-08-04 04:00:55.794
car_ID_1746,FLUSH,4068,car,379,295,399,287,0.6640,2026-08-04 04:00:50.292,2026-08-04 04:00:55.958
car_ID_1748,FLUSH,4072,car,509,281,524,276,0.5858,2026-08-04 04:00:51.037,2026-08-04 04:00:56.260
car_ID_1749,FLUSH,4075,car,563,271,578,274,0.6925,2026-08-04 04:00:51.485,2026-08-04 04:00:56.664
bus_ID_96,FLUSH,4082,bus,472,280,479,279,0.6490,2026-08-04 04:00:57.291,2026-08-04 04:00:57.323
car_ID_1756,FLUSH,4088,car,505,283,512,283,0.5409,2026-08-04 04:00:58.486,2026-08-04 04:00:58.698
truck_ID_383,FLUSH,4082,truck,357,300,630,264,0.7061,2026-08-04 04:00:56.600,2026-08-04 04:00:58.992
bus_ID_97,FLUSH,4082,bus,662,261,663,261,0.5290,2026-08-04 04:00:59.080,2026-08-04 04:00:59.566
truck_ID_384,FLUSH,4093,truck,734,255,734,255,0.5215,2026-08-04 04:01:00.396,2026-08-04 04:01:00.396
truck_ID_385,FLUSH,4094,truck,763,251,766,250,0.6259,2026-08-04 04:01:01.291,2026-08-04 04:01:01.760
car_ID_1758,FLUSH,4088,car,514,278,516,276,0.5217,2026-08-04 04:00:59.820,2026-08-04 04:01:01.965
car_ID_1755,FLUSH,4086,car,347,317,723,265,0.7139,2026-08-04 04:00:58.419,2026-08-04 04:01:02.410
bus_ID_98,FLUSH,4094,bus,767,249,769,248,0.5782,2026-08-04 04:01:02.166,2026-08-04 04:01:02.410
truck_ID_388,FLUSH,4096,truck,769,247,769,247,0.5882,2026-08-04 04:01:02.451,2026-08-04 04:01:02.483
truck_ID_387,FLUSH,4098,truck,496,249,474,248,0.6884,2026-08-04 04:01:02.100,2026-08-04 04:01:02.888
truck_ID_386,FLUSH,4097,truck,674,245,647,243,0.5576,2026-08-04 04:01:01.866,2026-08-04 04:01:03.300
car_ID_1759,FLUSH,4089,car,392,313,619,283,0.7047,2026-08-04 04:01:01.895,2026-08-04 04:01:03.437
car_ID_1760,FLUSH,4101,car,506,281,512,277,0.5531,2026-08-04 04:01:02.791,2026-08-04 04:01:03.618
car_ID_1757,FLUSH,4090,car,562,273,545,297,0.6732,2026-08-04 04:00:59.024,2026-08-04 04:01:04.276
truck_ID_389,FLUSH,4104,truck,587,243,587,243,0.6060,2026-08-04 04:01:04.596,2026-08-04 04:01:04.596
car_ID_1753,FLUSH,4084,car,381,294,641,288,0.6571,2026-08-04 04:00:57.769,2026-08-04 04:01:05.521
truck_ID_390,FLUSH,4109,truck,522,247,522,247,0.5276,2026-08-04 04:01:05.593,2026-08-04 04:01:05.593
car_ID_1764,FLUSH,4107,car,517,278,516,278,0.5062,2026-08-04 04:01:05.593,2026-08-04 04:01:05.625
car_ID_1754,FLUSH,4087,car,443,284,455,280,0.6568,2026-08-04 04:00:58.071,2026-08-04 04:01:05.723
car_ID_1762,FLUSH,4100,car,380,289,401,287,0.6044,2026-08-04 04:01:04.501,2026-08-04 04:01:05.995
car_ID_1761,FLUSH,4103,car,642,281,750,261,0.5762,2026-08-04 04:01:03.619,2026-08-04 04:01:06.580
car_ID_1763,FLUSH,4104,car,565,272,579,273,0.6838,2026-08-04 04:01:04.932,2026-08-04 04:01:06.608
car_ID_1767,FLUSH,4115,car,770,268,775,266,0.5607,2026-08-04 04:01:08.527,2026-08-04 04:01:08.899
truck_ID_391,FLUSH,4110,truck,398,293,683,261,0.6860,2026-08-04 04:01:06.229,2026-08-04 04:01:09.653
truck_ID_392,FLUSH,4123,truck,725,254,725,255,0.5224,2026-08-04 04:01:10.025,2026-08-04 04:01:10.132
truck_ID_393,FLUSH,4127,truck,759,252,768,250,0.7071,2026-08-04 04:01:11.071,2026-08-04 04:01:11.931
car_ID_1772,FLUSH,4131,car,656,256,654,255,0.5258,2026-08-04 04:01:14.128,2026-08-04 04:01:14.337
car_ID_1771,FLUSH,4126,car,617,270,613,267,0.6118,2026-08-04 04:01:12.725,2026-08-04 04:01:15.123
truck_ID_394,FLUSH,4137,truck,687,352,687,352,0.5477,2026-08-04 04:01:16.992,2026-08-04 04:01:16.992
car_ID_1770,FLUSH,4121,car,317,305,319,307,0.5282,2026-08-04 04:01:12.526,2026-08-04 04:01:17.388
car_ID_1773,FLUSH,4134,car,1029,349,429,348,0.7266,2026-08-04 04:01:15.997,2026-08-04 04:01:18.061
car_ID_1775,FLUSH,4140,car,640,260,639,260,0.5276,2026-08-04 04:01:19.556,2026-08-04 04:01:19.589
car_ID_1774,FLUSH,4142,car,1010,351,414,342,0.7688,2026-08-04 04:01:19.355,2026-08-04 04:01:21.268
car_ID_1779,FLUSH,4133,car,615,273,615,273,0.5395,2026-08-04 04:01:22.758,2026-08-04 04:01:22.916
car_ID_1780,FLUSH,4143,car,318,305,319,305,0.5222,2026-08-04 04:01:22.907,2026-08-04 04:01:23.336
car_ID_1777,FLUSH,4146,car,957,307,912,305,0.5967,2026-08-04 04:01:22.494,2026-08-04 04:01:23.383
car_ID_1776,FLUSH,4141,car,936,310,770,275,0.7823,2026-08-04 04:01:19.722,2026-08-04 04:01:24.035
car_ID_1783,FLUSH,4133,car,614,273,615,273,0.5169,2026-08-04 04:01:24.376,2026-08-04 04:01:24.384
car_ID_1778,FLUSH,4147,car,1036,349,415,338,0.7437,2026-08-04 04:01:22.725,2026-08-04 04:01:24.603
car_ID_1782,FLUSH,4149,car,1041,326,855,306,0.6956,2026-08-04 04:01:24.161,2026-08-04 04:01:25.704
car_ID_1781,FLUSH,4148,car,843,299,753,276,0.6602,2026-08-04 04:01:23.629,2026-08-04 04:01:26.460
car_ID_1784,FLUSH,4150,car,1093,348,378,334,0.8155,2026-08-04 04:01:24.384,2026-08-04 04:01:26.554
car_ID_1787,FLUSH,4154,car,170,329,167,329,0.5347,2026-08-04 04:01:27.198,2026-08-04 04:01:27.688
car_ID_1785,FLUSH,4152,car,848,305,751,285,0.6921,2026-08-04 04:01:25.765,2026-08-04 04:01:28.090
car_ID_1786,FLUSH,4153,car,1024,343,419,341,0.7763,2026-08-04 04:01:26.629,2026-08-04 04:01:28.233
car_ID_1789,FLUSH,4158,car,993,352,416,343,0.7267,2026-08-04 04:01:28.596,2026-08-04 04:01:30.068
car_ID_1790,FLUSH,4160,car,743,272,741,271,0.5311,2026-08-04 04:01:31.199,2026-08-04 04:01:31.431
car_ID_1788,FLUSH,4155,car,873,305,783,263,0.6558,2026-08-04 04:01:27.611,2026-08-04 04:01:31.737
car_ID_1791,FLUSH,4161,car,1028,351,416,342,0.7637,2026-08-04 04:01:31.361,2026-08-04 04:01:33.079
car_ID_1794,FLUSH,4133,car,614,273,614,272,0.5181,2026-08-04 04:01:33.079,2026-08-04 04:01:33.151
car_ID_1796,FLUSH,4155,car,801,258,803,256,0.5454,2026-08-04 04:01:33.291,2026-08-04 04:01:33.457
car_ID_1792,FLUSH,4160,car,746,263,759,254,0.5683,2026-08-04 04:01:32.668,2026-08-04 04:01:33.758
car_ID_1795,FLUSH,4163,car,629,258,600,254,0.5404,2026-08-04 04:01:33.223,2026-08-04 04:01:34.061
car_ID_1793,FLUSH,4164,car,987,353,415,341,0.6903,2026-08-04 04:01:33.043,2026-08-04 04:01:35.027
car_ID_1797,FLUSH,4172,car,1096,346,400,344,0.7797,2026-08-04 04:01:35.734,2026-08-04 04:01:37.276
car_ID_1765,FLUSH,4113,car,381,297,373,289,0.6273,2026-08-04 04:01:07.733,2026-08-04 04:01:39.981
car_ID_1766,FLUSH,4116,car,453,288,423,283,0.6921,2026-08-04 04:01:08.184,2026-08-04 04:01:41.756
car_ID_1798,FLUSH,4133,car,615,272,610,268,0.5848,2026-08-04 04:01:39.265,2026-08-04 04:01:44.690
car_ID_1800,FLUSH,4191,car,214,335,214,335,0.5097,2026-08-04 04:01:45.030,2026-08-04 04:01:45.498
car_ID_1768,FLUSH,4118,car,510,283,416,285,0.6031,2026-08-04 04:01:08.527,2026-08-04 04:01:45.648
car_ID_1799,FLUSH,4189,car,383,361,967,379,0.7749,2026-08-04 04:01:44.289,2026-08-04 04:01:46.358
car_ID_1801,FLUSH,4193,car,375,363,1097,381,0.7939,2026-08-04 04:01:45.751,2026-08-04 04:01:48.102
car_ID_1804,FLUSH,4195,car,425,282,389,285,0.6142,2026-08-04 04:01:47.362,2026-08-04 04:01:48.134
car_ID_1802,FLUSH,4133,car,612,270,574,271,0.5470,2026-08-04 04:01:46.022,2026-08-04 04:01:48.926
car_ID_1769,FLUSH,4120,car,558,271,363,290,0.6771,2026-08-04 04:01:08.899,2026-08-04 04:01:49.194
car_ID_1805,FLUSH,4196,car,397,358,979,386,0.8271,2026-08-04 04:01:48.035,2026-08-04 04:01:49.599
car_ID_1803,FLUSH,4194,car,573,272,400,298,0.6261,2026-08-04 04:01:46.498,2026-08-04 04:01:50.729
car_ID_1806,FLUSH,4198,car,611,265,522,275,0.5903,2026-08-04 04:01:49.126,2026-08-04 04:01:52.316
car_ID_1807,FLUSH,4202,car,379,370,934,390,0.7367,2026-08-04 04:01:50.762,2026-08-04 04:01:52.925
car_ID_1808,FLUSH,4133,car,505,278,421,285,0.6374,2026-08-04 04:01:50.800,2026-08-04 04:01:53.018
truck_ID_395,FLUSH,4209,truck,362,347,362,347,0.5365,2026-08-04 04:01:53.018,2026-08-04 04:01:53.018
car_ID_1811,FLUSH,4133,car,402,286,402,286,0.5775,2026-08-04 04:01:54.493,2026-08-04 04:01:54.493
car_ID_1809,FLUSH,4209,car,391,352,1055,379,0.8510,2026-08-04 04:01:53.068,2026-08-04 04:01:54.790
truck_ID_396,FLUSH,4213,truck,611,239,571,243,0.5943,2026-08-04 04:01:55.956,2026-08-04 04:01:57.490
truck_ID_397,FLUSH,4217,truck,629,242,491,247,0.6457,2026-08-04 04:01:58.522,2026-08-04 04:02:00.560
car_ID_1810,FLUSH,4198,car,473,280,605,286,0.5982,2026-08-04 04:01:53.531,2026-08-04 04:02:01.389
truck_ID_398,FLUSH,4221,truck,648,241,637,241,0.5759,2026-08-04 04:02:00.976,2026-08-04 04:02:01.530
car_ID_1812,FLUSH,4216,car,390,345,700,289,0.7612,2026-08-04 04:01:57.596,2026-08-04 04:02:01.624
car_ID_1815,FLUSH,4223,car,531,265,525,268,0.5333,2026-08-04 04:02:01.559,2026-08-04 04:02:01.796
car_ID_1816,FLUSH,4222,car,461,281,462,280,0.5276,2026-08-04 04:02:01.861,2026-08-04 04:02:01.893
bus_ID_99,FLUSH,4221,bus,606,239,594,241,0.5620,2026-08-04 04:02:01.926,2026-08-04 04:02:02.347
car_ID_1817,FLUSH,4227,car,651,272,651,272,0.5917,2026-08-04 04:02:02.028,2026-08-04 04:02:02.487
car_ID_1813,FLUSH,4220,car,344,338,613,293,0.6798,2026-08-04 04:01:59.534,2026-08-04 04:02:02.825
car_ID_1814,FLUSH,4225,car,366,318,622,281,0.7319,2026-08-04 04:02:01.529,2026-08-04 04:02:03.667
bus_ID_100,FLUSH,4233,bus,579,269,579,269,0.6228,2026-08-04 04:02:04.969,2026-08-04 04:02:04.969
truck_ID_399,FLUSH,4233,truck,376,294,584,269,0.5925,2026-08-04 04:02:03.194,2026-08-04 04:02:05.031
car_ID_1818,FLUSH,4230,car,752,279,794,264,0.6587,2026-08-04 04:02:02.788,2026-08-04 04:02:05.418
car_ID_1821,FLUSH,4241,car,576,269,583,273,0.5807,2026-08-04 04:02:06.131,2026-08-04 04:02:06.399
truck_ID_400,FLUSH,4237,truck,482,260,387,256,0.6672,2026-08-04 04:02:05.353,2026-08-04 04:02:07.091
car_ID_1822,FLUSH,4237,car,383,284,381,298,0.5751,2026-08-04 04:02:07.127,2026-08-04 04:02:07.193
truck_ID_401,FLUSH,4243,truck,731,255,737,255,0.5693,2026-08-04 04:02:07.193,2026-08-04 04:02:07.389
car_ID_1819,FLUSH,4236,car,454,291,642,276,0.6863,2026-08-04 04:02:05.140,2026-08-04 04:02:07.915
car_ID_1820,FLUSH,4240,car,389,298,619,285,0.6887,2026-08-04 04:02:06.030,2026-08-04 04:02:08.429
bus_ID_101,FLUSH,4246,bus,762,251,769,249,0.5911,2026-08-04 04:02:08.086,2026-08-04 04:02:08.766
car_ID_1826,FLUSH,4250,car,666,283,666,283,0.5204,2026-08-04 04:02:08.827,2026-08-04 04:02:09.306
truck_ID_402,FLUSH,4247,truck,588,240,491,248,0.6156,2026-08-04 04:02:07.530,2026-08-04 04:02:09.823
car_ID_1827,FLUSH,4252,car,712,263,713,261,0.5510,2026-08-04 04:02:09.823,2026-08-04 04:02:10.128
car_ID_1824,FLUSH,4245,car,455,282,451,281,0.5827,2026-08-04 04:02:07.795,2026-08-04 04:02:10.297
car_ID_1825,FLUSH,4248,car,400,341,674,293,0.7572,2026-08-04 04:02:08.220,2026-08-04 04:02:10.432
truck_ID_403,FLUSH,4247,truck,413,254,397,250,0.5390,2026-08-04 04:02:11.023,2026-08-04 04:02:11.194
car_ID_1828,FLUSH,4255,car,761,275,785,266,0.6299,2026-08-04 04:02:10.235,2026-08-04 04:02:11.359
car_ID_1829,FLUSH,4256,car,444,329,699,288,0.6745,2026-08-04 04:02:10.571,2026-08-04 04:02:12.854
car_ID_1831,FLUSH,4248,car,752,279,796,265,0.6685,2026-08-04 04:02:11.592,2026-08-04 04:02:14.429
car_ID_1832,FLUSH,4260,car,743,280,803,259,0.5897,2026-08-04 04:02:13.614,2026-08-04 04:02:18.492
car_ID_1833,FLUSH,4265,car,657,256,653,259,0.5347,2026-08-04 04:02:31.567,2026-08-04 04:02:32.561
car_ID_1835,FLUSH,4267,car,591,258,571,262,0.5183,2026-08-04 04:02:35.230,2026-08-04 04:02:35.702
car_ID_1823,FLUSH,4244,car,557,270,527,272,0.6904,2026-08-04 04:02:07.193,2026-08-04 04:02:36.492
car_ID_1830,FLUSH,4258,car,456,283,390,288,0.6008,2026-08-04 04:02:11.327,2026-08-04 04:02:40.052
car_ID_1837,FLUSH,4273,car,375,355,974,376,0.8356,2026-08-04 04:02:39.262,2026-08-04 04:02:40.861
car_ID_1839,FLUSH,4277,car,655,257,655,256,0.5329,2026-08-04 04:02:41.964,2026-08-04 04:02:42.160
car_ID_1836,FLUSH,4267,car,530,272,384,286,0.6606,2026-08-04 04:02:36.936,2026-08-04 04:02:42.639
car_ID_1838,FLUSH,4276,car,375,367,959,382,0.8205,2026-08-04 04:02:41.401,2026-08-04 04:02:43.021
car_ID_1834,FLUSH,4265,car,639,257,385,289,0.6483,2026-08-04 04:02:34.164,2026-08-04 04:02:44.960
car_ID_1840,FLUSH,4279,car,379,369,1028,392,0.7955,2026-08-04 04:02:44.154,2026-08-04 04:02:46.292
car_ID_1842,FLUSH,4282,car,404,363,923,392,0.7979,2026-08-04 04:02:46.697,2026-08-04 04:02:48.004
car_ID_1841,FLUSH,4280,car,612,265,413,285,0.6820,2026-08-04 04:02:44.726,2026-08-04 04:02:51.592
car_ID_1843,FLUSH,4289,car,618,256,475,271,0.5960,2026-08-04 04:02:50.189,2026-08-04 04:02:52.331
car_ID_1845,FLUSH,4280,car,414,283,430,283,0.5760,2026-08-04 04:02:52.722,2026-08-04 04:02:54.120
car_ID_1844,FLUSH,4290,car,389,314,670,278,0.7469,2026-08-04 04:02:51.811,2026-08-04 04:02:54.307
car_ID_1846,FLUSH,4294,car,704,272,719,268,0.5710,2026-08-04 04:02:55.098,2026-08-04 04:02:55.512
car_ID_1847,FLUSH,4295,car,613,257,564,263,0.6037,2026-08-04 04:02:55.098,2026-08-04 04:02:56.125
car_ID_1848,FLUSH,4296,car,633,256,622,258,0.5365,2026-08-04 04:02:56.435,2026-08-04 04:02:56.698
car_ID_1849,FLUSH,4298,car,758,256,758,255,0.5264,2026-08-04 04:02:56.919,2026-08-04 04:02:56.987
car_ID_1851,FLUSH,4302,car,502,271,502,271,0.5204,2026-08-04 04:03:00.024,2026-08-04 04:03:00.024
truck_ID_404,FLUSH,4293,truck,391,296,665,263,0.7385,2026-08-04 04:02:55.513,2026-08-04 04:03:00.837
car_ID_1852,FLUSH,4304,car,416,284,411,284,0.6675,2026-08-04 04:03:00.732,2026-08-04 04:03:01.993
car_ID_1853,FLUSH,4307,car,543,271,489,276,0.5686,2026-08-04 04:03:01.660,2026-08-04 04:03:02.203
car_ID_1850,FLUSH,4300,car,414,292,642,281,0.6946,2026-08-04 04:02:59.099,2026-08-04 04:03:02.442
car_ID_1854,FLUSH,4309,car,424,304,612,293,0.6234,2026-08-04 04:03:02.443,2026-08-04 04:03:04.118
car_ID_1856,FLUSH,4313,car,699,271,715,268,0.6262,2026-08-04 04:03:03.736,2026-08-04 04:03:04.321
truck_ID_405,FLUSH,4308,truck,724,257,767,250,0.6368,2026-08-04 04:03:02.300,2026-08-04 04:03:04.832
car_ID_1855,FLUSH,4311,car,422,323,643,286,0.5862,2026-08-04 04:03:03.460,2026-08-04 04:03:05.932
car_ID_1859,FLUSH,4320,car,490,294,493,294,0.6131,2026-08-04 04:03:06.545,2026-08-04 04:03:06.554
car_ID_1857,FLUSH,4314,car,408,298,418,286,0.6016,2026-08-04 04:03:03.911,2026-08-04 04:03:06.922
car_ID_1860,FLUSH,4324,car,534,289,536,289,0.5383,2026-08-04 04:03:06.890,2026-08-04 04:03:07.057
truck_ID_408,FLUSH,4325,truck,703,245,706,246,0.5757,2026-08-04 04:03:07.499,2026-08-04 04:03:07.662
truck_ID_407,FLUSH,4324,truck,529,290,605,278,0.5216,2026-08-04 04:03:06.857,2026-08-04 04:03:08.023
car_ID_1858,FLUSH,4312,car,382,313,725,268,0.7455,2026-08-04 04:03:04.421,2026-08-04 04:03:08.319
truck_ID_406,FLUSH,4320,truck,408,305,672,254,0.6419,2026-08-04 04:03:06.032,2026-08-04 04:03:08.427
car_ID_1861,FLUSH,4328,car,754,272,770,268,0.6275,2026-08-04 04:03:07.531,2026-08-04 04:03:08.592
truck_ID_410,FLUSH,4328,truck,761,246,760,244,0.5959,2026-08-04 04:03:09.275,2026-08-04 04:03:09.691
truck_ID_409,FLUSH,4327,truck,403,292,659,266,0.7462,2026-08-04 04:03:07.697,2026-08-04 04:03:10.057
truck_ID_411,FLUSH,4337,truck,354,312,354,312,0.5917,2026-08-04 04:03:10.057,2026-08-04 04:03:10.057
car_ID_1863,FLUSH,4336,car,564,271,551,275,0.6115,2026-08-04 04:03:10.139,2026-08-04 04:03:10.704
bus_ID_102,FLUSH,4339,bus,592,239,589,240,0.5614,2026-08-04 04:03:10.599,2026-08-04 04:03:10.704
truck_ID_414,FLUSH,4337,truck,586,282,586,282,0.5561,2026-08-04 04:03:11.461,2026-08-04 04:03:11.565
car_ID_1864,FLUSH,4337,car,409,306,603,280,0.6415,2026-08-04 04:03:10.230,2026-08-04 04:03:11.628
truck_ID_412,FLUSH,4339,truck,600,241,548,244,0.6143,2026-08-04 04:03:10.950,2026-08-04 04:03:11.628
truck_ID_413,FLUSH,4340,truck,735,255,784,252,0.6248,2026-08-04 04:03:11.259,2026-08-04 04:03:13.436
car_ID_1866,FLUSH,4338,car,319,305,319,305,0.5026,2026-08-04 04:03:14.184,2026-08-04 04:03:14.261
truck_ID_415,FLUSH,4341,truck,554,243,405,256,0.7104,2026-08-04 04:03:11.660,2026-08-04 04:03:14.496
car_ID_1862,FLUSH,4334,car,414,292,417,285,0.6145,2026-08-04 04:03:09.075,2026-08-04 04:03:15.014
car_ID_1865,FLUSH,4342,car,509,281,473,280,0.5810,2026-08-04 04:03:11.293,2026-08-04 04:03:15.259
truck_ID_417,FLUSH,4350,truck,585,242,581,243,0.5547,2026-08-04 04:03:15.521,2026-08-04 04:03:15.664
car_ID_1867,FLUSH,4359,car,477,279,477,279,0.5311,2026-08-04 04:03:17.500,2026-08-04 04:03:17.500
car_ID_1870,FLUSH,4356,car,316,307,316,307,0.5097,2026-08-04 04:03:18.293,2026-08-04 04:03:18.459
car_ID_1868,FLUSH,4358,car,412,285,646,280,0.6438,2026-08-04 04:03:17.568,2026-08-04 04:03:19.765
truck_ID_416,FLUSH,4348,truck,373,296,765,249,0.6755,2026-08-04 04:03:15.460,2026-08-04 04:03:20.823
truck_ID_418,FLUSH,4364,truck,587,243,472,250,0.6975,2026-08-04 04:03:19.993,2026-08-04 04:03:22.047
car_ID_1871,FLUSH,4359,car,475,279,475,278,0.5648,2026-08-04 04:03:19.209,2026-08-04 04:03:27.824
truck_ID_419,FLUSH,4369,truck,601,240,450,253,0.6508,2026-08-04 04:03:25.836,2026-08-04 04:03:28.464
bus_ID_103,FLUSH,4372,bus,616,238,576,240,0.5885,2026-08-04 04:03:29.461,2026-08-04 04:03:30.473
bus_ID_104,FLUSH,4373,bus,601,239,543,245,0.5242,2026-08-04 04:03:29.833,2026-08-04 04:03:31.194
truck_ID_420,FLUSH,4372,truck,599,239,561,243,0.5992,2026-08-04 04:03:29.930,2026-08-04 04:03:31.271
car_ID_1872,FLUSH,4359,car,476,279,474,279,0.5631,2026-08-04 04:03:29.430,2026-08-04 04:03:31.703
truck_ID_421,FLUSH,4373,truck,557,245,494,254,0.7276,2026-08-04 04:03:31.343,2026-08-04 04:03:32.462
car_ID_1869,FLUSH,4363,car,413,285,417,284,0.5839,2026-08-04 04:03:18.154,2026-08-04 04:03:32.627
car_ID_1873,FLUSH,4382,car,481,284,481,284,0.5097,2026-08-04 04:03:35.191,2026-08-04 04:03:35.191
truck_ID_423,FLUSH,4389,truck,634,246,617,238,0.6684,2026-08-04 04:03:37.587,2026-08-04 04:03:38.100
car_ID_1874,FLUSH,4384,car,409,309,669,279,0.6755,2026-08-04 04:03:35.433,2026-08-04 04:03:38.535
truck_ID_422,FLUSH,4378,truck,371,310,781,247,0.6626,2026-08-04 04:03:32.659,2026-08-04 04:03:39.864
car_ID_1877,FLUSH,4392,car,704,273,718,264,0.5721,2026-08-04 04:03:39.596,2026-08-04 04:03:40.725
car_ID_1875,FLUSH,4380,car,413,285,391,289,0.5763,2026-08-04 04:03:36.192,2026-08-04 04:03:40.926
truck_ID_424,FLUSH,4391,truck,592,241,459,252,0.6036,2026-08-04 04:03:38.853,2026-08-04 04:03:41.725
truck_ID_426,FLUSH,4396,truck,590,240,590,240,0.5097,2026-08-04 04:03:42.531,2026-08-04 04:03:42.978
car_ID_1876,FLUSH,4382,car,476,277,396,285,0.5831,2026-08-04 04:03:36.492,2026-08-04 04:03:43.461
car_ID_1879,FLUSH,4402,car,656,258,656,258,0.5423,2026-08-04 04:03:44.036,2026-08-04 04:03:44.248
truck_ID_425,FLUSH,4394,truck,609,240,488,252,0.5859,2026-08-04 04:03:41.820,2026-08-04 04:03:45.060
car_ID_1880,FLUSH,4403,car,394,356,998,385,0.8434,2026-08-04 04:03:44.142,2026-08-04 04:03:46.007
truck_ID_427,FLUSH,4399,truck,664,242,648,240,0.5850,2026-08-04 04:03:45.060,2026-08-04 04:03:46.089
car_ID_1878,FLUSH,4398,car,938,310,784,270,0.6729,2026-08-04 04:03:42.978,2026-08-04 04:03:47.391
car_ID_1883,FLUSH,4407,car,393,356,979,380,0.8329,2026-08-04 04:03:46.630,2026-08-04 04:03:48.450
car_ID_1881,FLUSH,4404,car,992,315,759,285,0.7245,2026-08-04 04:03:45.714,2026-08-04 04:03:48.856
car_ID_1882,FLUSH,4405,car,607,266,318,309,0.6222,2026-08-04 04:03:46.396,2026-08-04 04:03:50.089
truck_ID_428,FLUSH,4406,truck,598,242,414,264,0.6993,2026-08-04 04:03:47.033,2026-08-04 04:03:50.219
car_ID_1884,FLUSH,4408,car,901,308,766,275,0.6452,2026-08-04 04:03:48.450,2026-08-04 04:03:52.060
car_ID_1885,FLUSH,4411,car,385,362,969,367,0.7625,2026-08-04 04:03:49.950,2026-08-04 04:03:52.433
truck_ID_429,FLUSH,4417,truck,649,238,649,238,0.5739,2026-08-04 04:03:52.688,2026-08-04 04:03:52.952
bus_ID_105,FLUSH,4416,bus,623,238,584,240,0.5695,2026-08-04 04:03:52.994,2026-08-04 04:03:53.768
car_ID_1889,FLUSH,4421,car,594,265,586,265,0.6024,2026-08-04 04:03:54.427,2026-08-04 04:03:54.520
car_ID_1887,FLUSH,4412,car,642,255,415,278,0.6611,2026-08-04 04:03:51.071,2026-08-04 04:03:54.661
car_ID_1888,FLUSH,4418,car,357,371,1033,403,0.8362,2026-08-04 04:03:53.357,2026-08-04 04:03:55.028
car_ID_1886,FLUSH,4413,car,995,315,795,261,0.7050,2026-08-04 04:03:50.797,2026-08-04 04:03:56.602
car_ID_1890,FLUSH,4423,car,414,284,414,284,0.5169,2026-08-04 04:03:56.470,2026-08-04 04:03:56.921
truck_ID_430,FLUSH,4422,truck,568,244,390,259,0.6421,2026-08-04 04:03:54.834,2026-08-04 04:03:57.919
car_ID_1892,FLUSH,4428,car,657,255,654,256,0.5269,2026-08-04 04:03:59.164,2026-08-04 04:03:59.427
car_ID_1891,FLUSH,4424,car,620,255,413,279,0.6150,2026-08-04 04:03:58.352,2026-08-04 04:04:01.866
car_ID_1897,FLUSH,4435,car,615,269,610,270,0.5484,2026-08-04 04:04:02.757,2026-08-04 04:04:02.923
car_ID_1893,FLUSH,4429,car,612,261,388,285,0.6651,2026-08-04 04:04:00.298,2026-08-04 04:04:03.299
car_ID_1894,FLUSH,4433,car,613,257,430,279,0.5603,2026-08-04 04:04:00.968,2026-08-04 04:04:03.834
car_ID_1895,FLUSH,4432,car,624,261,423,284,0.5832,2026-08-04 04:04:01.696,2026-08-04 04:04:04.459
car_ID_1898,FLUSH,4436,car,380,342,595,304,0.8041,2026-08-04 04:04:03.596,2026-08-04 04:04:05.544
car_ID_1899,FLUSH,4440,car,599,302,684,290,0.6107,2026-08-04 04:04:05.621,2026-08-04 04:04:06.889
car_ID_1901,FLUSH,4442,car,611,262,566,268,0.5522,2026-08-04 04:04:06.129,2026-08-04 04:04:06.987
car_ID_1896,FLUSH,4434,car,656,250,377,283,0.6301,2026-08-04 04:04:02.526,2026-08-04 04:04:07.632
car_ID_1900,FLUSH,4441,car,392,313,631,280,0.7834,2026-08-04 04:04:05.861,2026-08-04 04:04:08.461
car_ID_1902,FLUSH,4445,car,525,279,390,285,0.6589,2026-08-04 04:04:07.392,2026-08-04 04:04:09.131
truck_ID_431,FLUSH,4448,truck,616,240,616,240,0.5525,2026-08-04 04:04:10.502,2026-08-04 04:04:10.984
car_ID_1905,FLUSH,4449,car,708,268,719,265,0.6080,2026-08-04 04:04:10.568,2026-08-04 04:04:11.290
car_ID_1904,FLUSH,4447,car,434,319,645,286,0.6813,2026-08-04 04:04:10.157,2026-08-04 04:04:11.592
car_ID_1903,FLUSH,4440,car,743,278,804,257,0.5991,2026-08-04 04:04:08.389,2026-08-04 04:04:12.992
truck_ID_432,FLUSH,4452,truck,570,241,488,251,0.6602,2026-08-04 04:04:11.189,2026-08-04 04:04:13.500
car_ID_1906,FLUSH,4453,car,754,271,795,256,0.5809,2026-08-04 04:04:13.239,2026-08-04 04:04:15.487
car_ID_1907,FLUSH,4456,car,611,265,402,288,0.5780,2026-08-04 04:04:16.622,2026-08-04 04:04:20.754
car_ID_1908,FLUSH,4458,car,630,260,365,288,0.6691,2026-08-04 04:04:20.430,2026-08-04 04:04:23.857
car_ID_1909,FLUSH,4459,car,613,262,401,285,0.5934,2026-08-04 04:04:22.567,2026-08-04 04:04:24.988
car_ID_1910,FLUSH,4460,car,613,262,386,286,0.6227,2026-08-04 04:04:24.670,2026-08-04 04:04:27.129
car_ID_1912,FLUSH,4462,car,625,258,535,269,0.5706,2026-08-04 04:04:27.686,2026-08-04 04:04:28.832
car_ID_1911,FLUSH,4461,car,402,359,944,383,0.7650,2026-08-04 04:04:26.958,2026-08-04 04:04:29.085
car_ID_1913,FLUSH,4463,car,614,263,425,284,0.6262,2026-08-04 04:04:29.661,2026-08-04 04:04:31.809
car_ID_1914,FLUSH,4464,car,984,320,765,279,0.7550,2026-08-04 04:04:30.038,2026-08-04 04:04:35.935
car_ID_1918,FLUSH,4471,car,657,248,653,249,0.5252,2026-08-04 04:04:37.738,2026-08-04 04:04:37.961
car_ID_1917,FLUSH,4470,car,782,274,786,267,0.5620,2026-08-04 04:04:36.832,2026-08-04 04:04:38.058
car_ID_1919,FLUSH,4472,car,613,269,605,270,0.5222,2026-08-04 04:04:37.832,2026-08-04 04:04:38.199
car_ID_1915,FLUSH,4467,car,916,306,783,263,0.6795,2026-08-04 04:04:34.192,2026-08-04 04:04:40.588
car_ID_1916,FLUSH,4469,car,613,263,407,285,0.6453,2026-08-04 04:04:36.832,2026-08-04 04:04:40.827
car_ID_1920,FLUSH,4473,car,606,255,430,273,0.5621,2026-08-04 04:04:38.991,2026-08-04 04:04:41.553
car_ID_1923,FLUSH,4477,car,451,299,603,281,0.6659,2026-08-04 04:04:43.656,2026-08-04 04:04:44.890
car_ID_1921,FLUSH,4476,car,400,335,680,289,0.6672,2026-08-04 04:04:42.664,2026-08-04 04:04:45.032
car_ID_1928,FLUSH,4483,car,711,265,711,265,0.5026,2026-08-04 04:04:46.391,2026-08-04 04:04:46.391
car_ID_1925,FLUSH,4480,car,602,301,601,305,0.5112,2026-08-04 04:04:45.987,2026-08-04 04:04:46.533
car_ID_1922,FLUSH,4475,car,623,260,487,274,0.5719,2026-08-04 04:04:42.986,2026-08-04 04:04:46.600
bus_ID_106,FLUSH,4475,bus,449,295,446,297,0.5026,2026-08-04 04:04:46.639,2026-08-04 04:04:46.799
car_ID_1927,FLUSH,4482,car,750,274,773,268,0.5575,2026-08-04 04:04:46.391,2026-08-04 04:04:47.422
car_ID_1929,FLUSH,4484,car,448,289,396,282,0.6337,2026-08-04 04:04:47.066,2026-08-04 04:04:49.495
car_ID_1930,FLUSH,4487,car,614,262,576,266,0.5547,2026-08-04 04:04:49.566,2026-08-04 04:04:50.285
car_ID_1924,FLUSH,4478,car,406,333,795,263,0.6772,2026-08-04 04:04:44.486,2026-08-04 04:04:50.460
car_ID_1926,FLUSH,4481,car,396,308,448,280,0.6242,2026-08-04 04:04:46.228,2026-08-04 04:04:51.440
car_ID_1932,FLUSH,4489,car,382,339,703,283,0.7436,2026-08-04 04:04:52.095,2026-08-04 04:04:54.024
car_ID_1931,FLUSH,4488,car,412,328,784,265,0.6529,2026-08-04 04:04:50.461,2026-08-04 04:04:54.595
car_ID_1933,FLUSH,4490,car,742,277,807,257,0.6302,2026-08-04 04:04:54.631,2026-08-04 04:04:57.228
bus_ID_108,FLUSH,4494,bus,467,284,494,281,0.6220,2026-08-04 04:04:59.028,2026-08-04 04:04:59.195
bus_ID_107,FLUSH,4495,bus,425,289,486,281,0.6087,2026-08-04 04:04:58.795,2026-08-04 04:04:59.264
truck_ID_434,FLUSH,4495,truck,528,279,529,279,0.7664,2026-08-04 04:04:59.433,2026-08-04 04:04:59.466
truck_ID_433,FLUSH,4494,truck,500,280,588,272,0.6049,2026-08-04 04:04:59.231,2026-08-04 04:05:00.020
car_ID_1935,FLUSH,4499,car,387,344,693,291,0.7712,2026-08-04 04:05:01.865,2026-08-04 04:05:03.941
car_ID_1934,FLUSH,4496,car,408,313,805,258,0.6860,2026-08-04 04:05:00.868,2026-08-04 04:05:08.423
car_ID_1936,FLUSH,4502,car,392,316,756,255,0.6605,2026-08-04 04:05:03.428,2026-08-04 04:05:08.744
car_ID_1937,FLUSH,4507,car,408,307,716,267,0.7253,2026-08-04 04:05:11.222,2026-08-04 04:05:14.193
car_ID_1938,FLUSH,4508,car,391,342,615,300,0.7643,2026-08-04 04:05:14.695,2026-08-04 04:05:15.891
car_ID_1939,FLUSH,4507,car,747,261,764,254,0.5998,2026-08-04 04:05:15.322,2026-08-04 04:05:16.048
car_ID_1940,FLUSH,4509,car,745,279,783,267,0.5855,2026-08-04 04:05:17.467,2026-08-04 04:05:19.000
car_ID_1941,FLUSH,4516,car,396,354,919,379,0.8219,2026-08-04 04:05:28.259,2026-08-04 04:05:29.726
car_ID_1945,FLUSH,4518,car,776,240,769,241,0.5305,2026-08-04 04:05:30.422,2026-08-04 04:05:31.080
car_ID_1944,FLUSH,4521,car,418,357,670,381,0.6168,2026-08-04 04:05:30.354,2026-08-04 04:05:31.122
truck_ID_436,FLUSH,4522,truck,670,381,726,383,0.6959,2026-08-04 04:05:31.122,2026-08-04 04:05:31.228
truck_ID_435,FLUSH,4521,truck,633,378,745,382,0.5409,2026-08-04 04:05:31.030,2026-08-04 04:05:31.767
car_ID_1942,FLUSH,4517,car,649,256,390,286,0.6199,2026-08-04 04:05:28.599,2026-08-04 04:05:31.876
car_ID_1946,FLUSH,4522,car,481,368,924,389,0.6336,2026-08-04 04:05:30.654,2026-08-04 04:05:32.087
car_ID_1943,FLUSH,4520,car,600,257,386,283,0.6179,2026-08-04 04:05:29.899,2026-08-04 04:05:33.357
car_ID_1948,FLUSH,4527,car,711,247,709,247,0.5568,2026-08-04 04:05:34.501,2026-08-04 04:05:34.609
car_ID_1947,FLUSH,4528,car,985,320,714,276,0.6719,2026-08-04 04:05:34.432,2026-08-04 04:05:37.619
car_ID_1949,FLUSH,4529,car,992,317,753,271,0.7029,2026-08-04 04:05:35.872,2026-08-04 04:05:39.828
car_ID_1953,FLUSH,4533,car,647,258,646,258,0.5169,2026-08-04 04:05:40.524,2026-08-04 04:05:40.590
truck_ID_437,FLUSH,4530,truck,466,276,458,276,0.5195,2026-08-04 04:05:41.233,2026-08-04 04:05:41.351
car_ID_1955,FLUSH,4529,car,788,261,788,261,0.5775,2026-08-04 04:05:41.551,2026-08-04 04:05:41.551
car_ID_1954,FLUSH,4535,car,516,272,423,279,0.5874,2026-08-04 04:05:40.657,2026-08-04 04:05:41.724
car_ID_1950,FLUSH,4530,car,656,255,399,281,0.6432,2026-08-04 04:05:36.791,2026-08-04 04:05:41.951
truck_ID_438,FLUSH,4535,truck,449,277,390,284,0.5360,2026-08-04 04:05:41.442,2026-08-04 04:05:42.062
car_ID_1951,FLUSH,4532,car,1034,326,708,276,0.7203,2026-08-04 04:05:39.220,2026-08-04 04:05:42.931
car_ID_1957,FLUSH,4537,car,657,254,615,261,0.5517,2026-08-04 04:05:41.789,2026-08-04 04:05:43.221
car_ID_1952,FLUSH,4531,car,629,255,525,268,0.6362,2026-08-04 04:05:40.040,2026-08-04 04:05:43.591
car_ID_1958,FLUSH,4540,car,944,308,765,287,0.7236,2026-08-04 04:05:42.160,2026-08-04 04:05:44.386
car_ID_1962,FLUSH,4541,car,656,251,656,251,0.5383,2026-08-04 04:05:45.640,2026-08-04 04:05:45.672
car_ID_1959,FLUSH,4542,car,943,314,756,292,0.6446,2026-08-04 04:05:43.732,2026-08-04 04:05:45.750
car_ID_1956,FLUSH,4536,car,631,260,384,297,0.6250,2026-08-04 04:05:41.758,2026-08-04 04:05:45.920
car_ID_1965,FLUSH,4548,car,711,246,711,246,0.5026,2026-08-04 04:05:46.396,2026-08-04 04:05:46.396
car_ID_1960,FLUSH,4543,car,579,269,410,284,0.6332,2026-08-04 04:05:43.770,2026-08-04 04:05:46.631
car_ID_1966,FLUSH,4549,car,752,255,758,255,0.5353,2026-08-04 04:05:46.429,2026-08-04 04:05:46.632
car_ID_1961,FLUSH,4540,car,767,279,780,272,0.7441,2026-08-04 04:05:45.500,2026-08-04 04:05:46.762
car_ID_1968,FLUSH,4553,car,558,266,556,267,0.6844,2026-08-04 04:05:47.660,2026-08-04 04:05:47.692
car_ID_1963,FLUSH,4545,car,710,284,719,267,0.6046,2026-08-04 04:05:45.822,2026-08-04 04:05:48.195
truck_ID_439,FLUSH,4550,truck,356,343,928,367,0.7548,2026-08-04 04:05:46.697,2026-08-04 04:05:48.329
truck_ID_440,FLUSH,4551,truck,548,360,987,369,0.7293,2026-08-04 04:05:47.356,2026-08-04 04:05:48.448
car_ID_1969,FLUSH,4550,car,729,366,1063,368,0.5636,2026-08-04 04:05:47.863,2026-08-04 04:05:49.123
car_ID_1964,FLUSH,4546,car,619,264,436,280,0.6315,2026-08-04 04:05:46.264,2026-08-04 04:05:49.603
car_ID_1971,FLUSH,4558,car,343,367,993,400,0.8441,2026-08-04 04:05:49.278,2026-08-04 04:05:50.912
car_ID_1967,FLUSH,4547,car,837,296,782,265,0.6936,2026-08-04 04:05:47.002,2026-08-04 04:05:51.135
car_ID_1972,FLUSH,4559,car,428,282,386,287,0.6389,2026-08-04 04:05:49.944,2026-08-04 04:05:51.215
car_ID_1970,FLUSH,4554,car,617,254,422,274,0.6916,2026-08-04 04:05:48.894,2026-08-04 04:05:52.128
car_ID_1973,FLUSH,4559,car,386,281,366,282,0.5682,2026-08-04 04:05:52.434,2026-08-04 04:05:52.755
car_ID_1974,FLUSH,4566,car,389,341,658,293,0.7553,2026-08-04 04:05:55.262,2026-08-04 04:05:58.101
car_ID_1977,FLUSH,4573,car,473,317,618,294,0.6309,2026-08-04 04:05:57.668,2026-08-04 04:05:59.534
car_ID_1975,FLUSH,4567,car,609,263,467,280,0.6011,2026-08-04 04:05:56.059,2026-08-04 04:05:59.714
car_ID_1976,FLUSH,4571,car,397,328,656,289,0.7137,2026-08-04 04:05:57.119,2026-08-04 04:05:59.825
truck_ID_441,FLUSH,4578,truck,366,319,415,311,0.5603,2026-08-04 04:05:59.760,2026-08-04 04:06:00.024
car_ID_1979,FLUSH,4582,car,655,252,655,252,0.5240,2026-08-04 04:06:00.627,2026-08-04 04:06:00.627
car_ID_1978,FLUSH,4579,car,627,259,608,263,0.5726,2026-08-04 04:06:00.128,2026-08-04 04:06:00.897
bus_ID_109,FLUSH,4578,bus,430,307,582,287,0.6144,2026-08-04 04:06:00.165,2026-08-04 04:06:01.386
truck_ID_443,FLUSH,4578,truck,588,287,606,287,0.6318,2026-08-04 04:06:01.487,2026-08-04 04:06:01.627
truck_ID_442,FLUSH,4581,truck,495,300,605,286,0.5721,2026-08-04 04:06:00.627,2026-08-04 04:06:01.659
bus_ID_110,FLUSH,4581,bus,505,298,621,283,0.6700,2026-08-04 04:06:00.730,2026-08-04 04:06:01.861
car_ID_1983,FLUSH,4589,car,578,266,570,267,0.6360,2026-08-04 04:06:02.061,2026-08-04 04:06:02.726
car_ID_1981,FLUSH,4571,car,736,275,786,260,0.6061,2026-08-04 04:06:01.223,2026-08-04 04:06:04.090
car_ID_1982,FLUSH,4588,car,400,334,679,286,0.7036,2026-08-04 04:06:01.696,2026-08-04 04:06:04.594
bus_ID_111,FLUSH,4592,bus,477,315,543,308,0.6084,2026-08-04 04:06:04.257,2026-08-04 04:06:04.693
truck_ID_444,FLUSH,4593,truck,762,265,764,264,0.5498,2026-08-04 04:06:04.561,2026-08-04 04:06:04.729
car_ID_1985,FLUSH,4594,car,489,267,470,273,0.6461,2026-08-04 04:06:04.513,2026-08-04 04:06:04.834
truck_ID_445,FLUSH,4592,truck,599,296,599,296,0.5846,2026-08-04 04:06:05.133,2026-08-04 04:06:05.277
truck_ID_446,FLUSH,4595,truck,774,263,780,259,0.5347,2026-08-04 04:06:05.242,2026-08-04 04:06:05.790
car_ID_1986,FLUSH,4592,car,557,303,622,292,0.5557,2026-08-04 04:06:04.767,2026-08-04 04:06:05.825
car_ID_1987,FLUSH,4588,car,745,276,774,270,0.6543,2026-08-04 04:06:05.790,2026-08-04 04:06:07.056
car_ID_1988,FLUSH,4598,car,414,332,654,289,0.7406,2026-08-04 04:06:05.824,2026-08-04 04:06:07.828
car_ID_1989,FLUSH,4600,car,395,313,611,283,0.7266,2026-08-04 04:06:06.784,2026-08-04 04:06:08.795
car_ID_1990,FLUSH,4602,car,520,308,560,301,0.6039,2026-08-04 04:06:08.529,2026-08-04 04:06:08.795
bus_ID_112,FLUSH,4602,bus,434,321,586,298,0.5951,2026-08-04 04:06:08.072,2026-08-04 04:06:09.026
car_ID_1991,FLUSH,4608,car,753,276,779,269,0.6384,2026-08-04 04:06:09.370,2026-08-04 04:06:11.018
car_ID_1984,FLUSH,4591,car,602,256,504,275,0.6045,2026-08-04 04:06:02.338,2026-08-04 04:06:21.395
car_ID_1980,FLUSH,4584,car,443,283,451,281,0.5955,2026-08-04 04:06:00.865,2026-08-04 04:06:21.666
truck_ID_447,FLUSH,4624,truck,365,298,633,265,0.6991,2026-08-04 04:06:21.257,2026-08-04 04:06:22.964
car_ID_1994,FLUSH,4630,car,611,255,543,264,0.6105,2026-08-04 04:06:24.005,2026-08-04 04:06:25.426
truck_ID_448,FLUSH,4624,truck,728,252,767,248,0.6026,2026-08-04 04:06:24.047,2026-08-04 04:06:25.594
car_ID_1995,FLUSH,4636,car,655,260,655,260,0.5097,2026-08-04 04:06:28.563,2026-08-04 04:06:28.563
car_ID_1997,FLUSH,4642,car,563,261,541,265,0.5162,2026-08-04 04:06:33.063,2026-08-04 04:06:33.518
car_ID_1992,FLUSH,4625,car,440,282,380,283,0.6147,2026-08-04 04:06:22.902,2026-08-04 04:06:35.697
car_ID_1993,FLUSH,4626,car,501,282,402,284,0.5988,2026-08-04 04:06:22.902,2026-08-04 04:06:37.827
car_ID_1998,FLUSH,4647,car,656,256,631,259,0.5334,2026-08-04 04:06:36.185,2026-08-04 04:06:37.828
car_ID_2001,FLUSH,4651,car,656,250,654,251,0.5389,2026-08-04 04:06:37.716,2026-08-04 04:06:37.892
car_ID_1999,FLUSH,4648,car,387,362,923,395,0.7986,2026-08-04 04:06:36.599,2026-08-04 04:06:38.230
car_ID_2003,FLUSH,4653,car,995,308,995,308,0.5311,2026-08-04 04:06:38.502,2026-08-04 04:06:38.537
truck_ID_449,FLUSH,4653,truck,976,308,893,298,0.5221,2026-08-04 04:06:38.818,2026-08-04 04:06:39.863
car_ID_2002,FLUSH,4652,car,384,367,1015,382,0.7068,2026-08-04 04:06:38.231,2026-08-04 04:06:40.324
car_ID_2000,FLUSH,4649,car,935,314,763,284,0.7447,2026-08-04 04:06:37.198,2026-08-04 04:06:40.421
truck_ID_450,FLUSH,4654,truck,919,301,795,288,0.6687,2026-08-04 04:06:39.286,2026-08-04 04:06:40.828
car_ID_1996,FLUSH,4641,car,622,259,399,288,0.5935,2026-08-04 04:06:31.430,2026-08-04 04:06:40.865
car_ID_2005,FLUSH,4656,car,382,366,931,383,0.8105,2026-08-04 04:06:40.260,2026-08-04 04:06:41.811
car_ID_2004,FLUSH,4647,car,600,261,400,286,0.6277,2026-08-04 04:06:39.221,2026-08-04 04:06:43.054
car_ID_2006,FLUSH,4659,car,778,272,802,259,0.5503,2026-08-04 04:06:42.461,2026-08-04 04:06:44.859
car_ID_2007,FLUSH,4660,car,357,370,989,395,0.7499,2026-08-04 04:06:43.454,2026-08-04 04:06:45.888
car_ID_2008,FLUSH,4662,car,363,374,963,403,0.7768,2026-08-04 04:06:45.888,2026-08-04 04:06:48.133
car_ID_2009,FLUSH,4665,car,364,366,936,387,0.7944,2026-08-04 04:06:47.032,2026-08-04 04:06:48.656
car_ID_2010,FLUSH,4666,car,605,265,388,288,0.6529,2026-08-04 04:06:48.040,2026-08-04 04:06:53.466
car_ID_2011,FLUSH,4667,car,657,256,455,277,0.6809,2026-08-04 04:06:48.448,2026-08-04 04:06:56.295
car_ID_2012,FLUSH,4669,car,415,331,798,259,0.6986,2026-08-04 04:06:50.962,2026-08-04 04:06:56.464
car_ID_2013,FLUSH,4671,car,395,343,701,289,0.7779,2026-08-04 04:06:53.820,2026-08-04 04:06:57.123
car_ID_2015,FLUSH,4677,car,473,317,473,317,0.5347,2026-08-04 04:06:57.364,2026-08-04 04:06:57.364
bus_ID_113,FLUSH,4676,bus,422,280,422,280,0.6003,2026-08-04 04:06:57.363,2026-08-04 04:06:57.425
car_ID_2014,FLUSH,4675,car,403,310,624,284,0.5877,2026-08-04 04:06:55.924,2026-08-04 04:06:57.830
truck_ID_452,FLUSH,4683,truck,592,262,592,262,0.5169,2026-08-04 04:06:59.635,2026-08-04 04:07:00.095
car_ID_2016,FLUSH,4678,car,745,281,800,258,0.6820,2026-08-04 04:06:57.393,2026-08-04 04:07:00.591
car_ID_2018,FLUSH,4680,car,331,315,630,281,0.7523,2026-08-04 04:07:00.028,2026-08-04 04:07:01.928
car_ID_2019,FLUSH,4690,car,413,284,412,285,0.6489,2026-08-04 04:07:01.867,2026-08-04 04:07:02.726
truck_ID_451,FLUSH,4676,truck,391,293,766,250,0.6920,2026-08-04 04:06:56.842,2026-08-04 04:07:02.993
car_ID_2020,FLUSH,4680,car,706,268,715,265,0.5779,2026-08-04 04:07:03.029,2026-08-04 04:07:03.495
car_ID_2021,FLUSH,4692,car,414,283,427,283,0.6769,2026-08-04 04:07:04.090,2026-08-04 04:07:04.394
car_ID_2017,FLUSH,4679,car,400,285,413,285,0.6735,2026-08-04 04:06:58.687,2026-08-04 04:07:04.627
truck_ID_453,FLUSH,4693,truck,376,294,644,266,0.7543,2026-08-04 04:07:04.627,2026-08-04 04:07:06.817
truck_ID_454,FLUSH,4696,truck,749,254,767,252,0.6281,2026-08-04 04:07:08.143,2026-08-04 04:07:08.655
car_ID_2025,FLUSH,4705,car,316,309,321,310,0.5703,2026-08-04 04:07:11.661,2026-08-04 04:07:11.931
car_ID_2024,FLUSH,4701,car,418,327,804,260,0.6338,2026-08-04 04:07:09.032,2026-08-04 04:07:14.931
car_ID_2029,FLUSH,4705,car,315,309,315,309,0.5204,2026-08-04 04:07:15.108,2026-08-04 04:07:15.190
car_ID_2023,FLUSH,4699,car,413,284,758,254,0.6696,2026-08-04 04:07:07.565,2026-08-04 04:07:16.234
car_ID_2026,FLUSH,4707,car,413,285,413,284,0.6641,2026-08-04 04:07:12.419,2026-08-04 04:07:18.449
car_ID_2030,FLUSH,4714,car,399,343,675,291,0.6610,2026-08-04 04:07:16.234,2026-08-04 04:07:18.596
car_ID_2027,FLUSH,4710,car,396,331,791,261,0.7106,2026-08-04 04:07:13.956,2026-08-04 04:07:19.131
car_ID_2022,FLUSH,4695,car,403,286,425,284,0.6599,2026-08-04 04:07:06.027,2026-08-04 04:07:19.992
car_ID_2028,FLUSH,4709,car,613,265,500,277,0.6433,2026-08-04 04:07:14.053,2026-08-04 04:07:20.228
car_ID_2031,FLUSH,4717,car,656,252,625,258,0.5271,2026-08-04 04:07:18.596,2026-08-04 04:07:20.579
truck_ID_455,FLUSH,4719,truck,360,311,632,273,0.7959,2026-08-04 04:07:20.093,2026-08-04 04:07:21.562
car_ID_2035,FLUSH,4719,car,639,295,639,295,0.6131,2026-08-04 04:07:21.593,2026-08-04 04:07:22.074
car_ID_2032,FLUSH,4718,car,742,282,805,258,0.6756,2026-08-04 04:07:19.000,2026-08-04 04:07:22.320
car_ID_2037,FLUSH,4726,car,571,263,534,267,0.6445,2026-08-04 04:07:22.113,2026-08-04 04:07:22.544
truck_ID_456,FLUSH,4728,truck,755,261,791,250,0.6884,2026-08-04 04:07:22.998,2026-08-04 04:07:24.894
car_ID_2034,FLUSH,4722,car,477,284,498,278,0.6885,2026-08-04 04:07:21.028,2026-08-04 04:07:25.455
bus_ID_114,FLUSH,4730,bus,403,306,430,300,0.7051,2026-08-04 04:07:25.324,2026-08-04 04:07:25.456
car_ID_2038,FLUSH,4730,car,347,316,645,275,0.7066,2026-08-04 04:07:25.076,2026-08-04 04:07:26.858
car_ID_2040,FLUSH,4735,car,615,256,580,262,0.5806,2026-08-04 04:07:27.858,2026-08-04 04:07:28.698
car_ID_2041,FLUSH,4732,car,315,309,315,309,0.5632,2026-08-04 04:07:30.852,2026-08-04 04:07:30.852
car_ID_2043,FLUSH,4744,car,314,308,315,308,0.5133,2026-08-04 04:07:34.505,2026-08-04 04:07:34.511
truck_ID_457,FLUSH,4743,truck,737,342,733,342,0.5778,2026-08-04 04:07:35.094,2026-08-04 04:07:35.127
car_ID_2045,FLUSH,4744,car,316,309,319,308,0.5775,2026-08-04 04:07:35.599,2026-08-04 04:07:35.935
car_ID_2042,FLUSH,4743,car,1067,352,478,336,0.7200,2026-08-04 04:07:33.589,2026-08-04 04:07:36.111
car_ID_2044,FLUSH,4745,car,612,256,575,261,0.5891,2026-08-04 04:07:35.161,2026-08-04 04:07:36.489
car_ID_2046,FLUSH,4743,car,316,309,316,309,0.5169,2026-08-04 04:07:37.377,2026-08-04 04:07:37.553
car_ID_2047,FLUSH,4749,car,656,254,576,264,0.5755,2026-08-04 04:07:37.996,2026-08-04 04:07:41.322
car_ID_2048,FLUSH,4743,car,317,309,317,310,0.5442,2026-08-04 04:07:41.469,2026-08-04 04:07:41.576
car_ID_2050,FLUSH,4755,car,657,252,656,252,0.5561,2026-08-04 04:07:43.660,2026-08-04 04:07:43.827
car_ID_2049,FLUSH,4754,car,630,259,577,266,0.6090,2026-08-04 04:07:42.933,2026-08-04 04:07:44.591
car_ID_2052,FLUSH,4761,car,656,257,654,258,0.5240,2026-08-04 04:07:46.186,2026-08-04 04:07:46.296
car_ID_2036,FLUSH,4725,car,597,262,542,271,0.6494,2026-08-04 04:07:21.665,2026-08-04 04:07:47.003
car_ID_2039,FLUSH,4734,car,401,290,365,287,0.6749,2026-08-04 04:07:25.629,2026-08-04 04:07:51.522
car_ID_2054,FLUSH,4767,car,394,283,394,283,0.5133,2026-08-04 04:07:51.856,2026-08-04 04:07:51.856
car_ID_2033,FLUSH,4720,car,398,288,406,288,0.6244,2026-08-04 04:07:20.656,2026-08-04 04:07:53.627
car_ID_2055,FLUSH,4770,car,375,366,954,382,0.8283,2026-08-04 04:07:54.109,2026-08-04 04:07:56.261
car_ID_2051,FLUSH,4755,car,615,256,409,286,0.6582,2026-08-04 04:07:45.063,2026-08-04 04:07:56.327
car_ID_2056,FLUSH,4772,car,356,366,365,353,0.5425,2026-08-04 04:07:56.159,2026-08-04 04:07:56.393
car_ID_2057,FLUSH,4773,car,413,359,1044,385,0.8449,2026-08-04 04:07:56.570,2026-08-04 04:07:58.350
car_ID_2053,FLUSH,4765,car,613,265,391,289,0.5931,2026-08-04 04:07:50.024,2026-08-04 04:07:59.131
car_ID_2059,FLUSH,4775,car,326,310,326,310,0.5311,2026-08-04 04:07:59.495,2026-08-04 04:07:59.673
car_ID_2058,FLUSH,4774,car,370,364,979,387,0.7928,2026-08-04 04:07:58.721,2026-08-04 04:08:01.109
car_ID_2061,FLUSH,4778,car,338,375,965,393,0.7746,2026-08-04 04:08:01.690,2026-08-04 04:08:03.967
car_ID_2062,FLUSH,4781,car,366,372,978,393,0.7947,2026-08-04 04:08:03.734,2026-08-04 04:08:05.959
car_ID_2060,FLUSH,4776,car,947,310,764,254,0.7193,2026-08-04 04:08:00.730,2026-08-04 04:08:06.645
car_ID_2063,FLUSH,4783,car,646,256,385,282,0.7131,2026-08-04 04:08:04.597,2026-08-04 04:08:09.028
car_ID_2064,FLUSH,4790,car,655,256,646,257,0.5169,2026-08-04 04:08:08.866,2026-08-04 04:08:09.367
truck_ID_458,FLUSH,4790,truck,650,240,643,238,0.5588,2026-08-04 04:08:10.059,2026-08-04 04:08:10.397
car_ID_2066,FLUSH,4790,car,657,256,647,259,0.5515,2026-08-04 04:08:10.529,2026-08-04 04:08:10.953
car_ID_2067,FLUSH,4794,car,605,265,595,264,0.5276,2026-08-04 04:08:11.121,2026-08-04 04:08:11.354
car_ID_2065,FLUSH,4792,car,392,319,668,278,0.7738,2026-08-04 04:08:09.027,2026-08-04 04:08:11.763
truck_ID_459,FLUSH,4797,truck,550,246,550,246,0.5169,2026-08-04 04:08:12.552,2026-08-04 04:08:12.625
car_ID_2069,FLUSH,4792,car,716,267,749,261,0.5641,2026-08-04 04:08:12.855,2026-08-04 04:08:13.921
car_ID_2068,FLUSH,4796,car,403,315,674,279,0.7438,2026-08-04 04:08:12.029,2026-08-04 04:08:15.760
car_ID_2071,FLUSH,4794,car,501,275,384,287,0.6597,2026-08-04 04:08:13.675,2026-08-04 04:08:15.862
car_ID_2072,FLUSH,4801,car,702,271,719,265,0.5515,2026-08-04 04:08:16.134,2026-08-04 04:08:17.157
car_ID_2074,FLUSH,4803,car,330,305,323,306,0.5392,2026-08-04 04:08:17.293,2026-08-04 04:08:18.169
car_ID_2076,FLUSH,4807,car,749,256,750,256,0.5715,2026-08-04 04:08:18.728,2026-08-04 04:08:18.796
car_ID_2077,FLUSH,4803,car,319,307,320,306,0.5439,2026-08-04 04:08:19.419,2026-08-04 04:08:20.854
car_ID_2078,FLUSH,4803,car,319,307,319,307,0.5062,2026-08-04 04:08:21.897,2026-08-04 04:08:21.930
car_ID_2073,FLUSH,4802,car,361,330,802,259,0.6744,2026-08-04 04:08:16.687,2026-08-04 04:08:22.792
car_ID_2075,FLUSH,4804,car,531,295,752,257,0.6348,2026-08-04 04:08:17.669,2026-08-04 04:08:23.128
truck_ID_460,FLUSH,4810,truck,787,339,750,338,0.5734,2026-08-04 04:08:24.228,2026-08-04 04:08:24.397
car_ID_2081,FLUSH,4812,car,687,338,682,338,0.6190,2026-08-04 04:08:24.630,2026-08-04 04:08:24.662
car_ID_2080,FLUSH,4803,car,319,307,318,308,0.5425,2026-08-04 04:08:23.520,2026-08-04 04:08:25.526
car_ID_2082,FLUSH,4814,car,454,333,454,333,0.6603,2026-08-04 04:08:25.627,2026-08-04 04:08:25.829
car_ID_2070,FLUSH,4798,car,614,266,396,293,0.6475,2026-08-04 04:08:13.063,2026-08-04 04:08:26.202
truck_ID_461,FLUSH,4810,truck,353,324,353,324,0.6265,2026-08-04 04:08:26.055,2026-08-04 04:08:26.280
car_ID_2083,FLUSH,4818,car,319,307,318,308,0.5454,2026-08-04 04:08:27.643,2026-08-04 04:08:28.763
car_ID_2086,FLUSH,4818,car,319,307,319,307,0.5240,2026-08-04 04:08:29.894,2026-08-04 04:08:29.927
car_ID_2088,FLUSH,4818,car,319,307,319,307,0.5525,2026-08-04 04:08:31.161,2026-08-04 04:08:31.193
car_ID_2084,FLUSH,4820,car,972,318,754,281,0.7092,2026-08-04 04:08:28.126,2026-08-04 04:08:31.301
car_ID_2085,FLUSH,4821,car,657,254,422,277,0.7146,2026-08-04 04:08:29.187,2026-08-04 04:08:34.344
car_ID_2089,FLUSH,4825,car,787,259,787,259,0.5062,2026-08-04 04:08:34.418,2026-08-04 04:08:34.426
car_ID_2087,FLUSH,4822,car,974,318,776,267,0.6755,2026-08-04 04:08:29.959,2026-08-04 04:08:36.393
car_ID_2091,FLUSH,4830,car,783,263,786,262,0.6100,2026-08-04 04:08:36.558,2026-08-04 04:08:36.793
car_ID_2090,FLUSH,4827,car,1100,345,359,337,0.8231,2026-08-04 04:08:35.074,2026-08-04 04:08:37.262
car_ID_2092,FLUSH,4831,car,997,352,402,341,0.6751,2026-08-04 04:08:36.927,2026-08-04 04:08:38.919
car_ID_2094,FLUSH,4836,car,319,307,319,307,0.6060,2026-08-04 04:08:39.664,2026-08-04 04:08:39.695
car_ID_2093,FLUSH,4835,car,1100,352,341,340,0.7866,2026-08-04 04:08:38.500,2026-08-04 04:08:40.755
car_ID_2096,FLUSH,4839,car,318,308,320,306,0.5507,2026-08-04 04:08:41.443,2026-08-04 04:08:41.720
car_ID_2097,FLUSH,4841,car,656,252,656,252,0.5359,2026-08-04 04:08:43.824,2026-08-04 04:08:43.899
car_ID_2099,FLUSH,4839,car,319,305,319,305,0.5490,2026-08-04 04:08:45.845,2026-08-04 04:08:45.922
car_ID_2098,FLUSH,4842,car,621,254,514,270,0.6357,2026-08-04 04:08:45.235,2026-08-04 04:08:48.851
car_ID_2079,FLUSH,4810,car,1041,341,385,291,0.6227,2026-08-04 04:08:23.064,2026-08-04 04:08:49.664
car_ID_2101,FLUSH,4810,car,388,282,387,282,0.5418,2026-08-04 04:08:50.799,2026-08-04 04:08:50.831
car_ID_2102,FLUSH,4847,car,322,307,322,307,0.5240,2026-08-04 04:08:50.964,2026-08-04 04:08:50.964
car_ID_2104,FLUSH,4849,car,712,245,712,245,0.5169,2026-08-04 04:08:51.060,2026-08-04 04:08:51.060
car_ID_2103,FLUSH,4848,car,656,251,654,252,0.5475,2026-08-04 04:08:50.995,2026-08-04 04:08:51.150
car_ID_2095,FLUSH,4834,car,619,265,394,285,0.7098,2026-08-04 04:08:40.277,2026-08-04 04:08:52.092
car_ID_2108,FLUSH,4854,car,655,249,655,249,0.5133,2026-08-04 04:08:53.088,2026-08-04 04:08:53.088
car_ID_2100,FLUSH,4844,car,916,305,803,259,0.7319,2026-08-04 04:08:48.297,2026-08-04 04:08:54.103
car_ID_2106,FLUSH,4852,car,377,367,1041,398,0.7502,2026-08-04 04:08:52.264,2026-08-04 04:08:54.723
car_ID_2107,FLUSH,4851,car,609,256,378,283,0.6187,2026-08-04 04:08:52.418,2026-08-04 04:08:55.890
car_ID_2110,FLUSH,4856,car,336,373,1003,395,0.7384,2026-08-04 04:08:54.691,2026-08-04 04:08:56.951
car_ID_2109,FLUSH,4854,car,610,255,384,280,0.6368,2026-08-04 04:08:54.289,2026-08-04 04:08:57.800
car_ID_2105,FLUSH,4850,car,947,309,774,257,0.6735,2026-08-04 04:08:51.756,2026-08-04 04:08:58.620
car_ID_2112,FLUSH,4859,car,403,357,1037,376,0.7655,2026-08-04 04:08:57.692,2026-08-04 04:08:59.923
car_ID_2111,FLUSH,4858,car,609,255,380,281,0.6434,2026-08-04 04:08:56.874,2026-08-04 04:09:00.428
car_ID_2113,FLUSH,4866,car,561,266,523,269,0.6496,2026-08-04 04:09:09.552,2026-08-04 04:09:10.636
bus_ID_115,FLUSH,4862,bus,723,254,727,253,0.6256,2026-08-04 04:09:10.985,2026-08-04 04:09:11.122
truck_ID_462,FLUSH,4862,truck,381,313,736,253,0.7011,2026-08-04 04:09:06.710,2026-08-04 04:09:11.868
truck_ID_463,FLUSH,4868,truck,386,296,642,266,0.7073,2026-08-04 04:09:10.090,2026-08-04 04:09:12.890
truck_ID_464,FLUSH,4872,truck,723,256,760,253,0.5424,2026-08-04 04:09:14.226,2026-08-04 04:09:15.654
car_ID_2114,FLUSH,4875,car,609,261,409,285,0.6499,2026-08-04 04:09:15.254,2026-08-04 04:09:17.764
car_ID_2115,FLUSH,4878,car,591,256,432,272,0.5829,2026-08-04 04:09:16.067,2026-08-04 04:09:18.397
car_ID_2116,FLUSH,4880,car,616,254,393,278,0.6853,2026-08-04 04:09:17.225,2026-08-04 04:09:20.673
car_ID_2117,FLUSH,4882,car,617,267,370,298,0.6769,2026-08-04 04:09:21.323,2026-08-04 04:09:25.470
car_ID_2119,FLUSH,4882,car,318,312,314,307,0.5133,2026-08-04 04:09:26.526,2026-08-04 04:09:26.861
car_ID_2121,FLUSH,4882,car,306,306,306,306,0.5026,2026-08-04 04:09:32.392,2026-08-04 04:09:32.424
car_ID_2120,FLUSH,4893,car,1098,349,343,330,0.8197,2026-08-04 04:09:30.583,2026-08-04 04:09:34.894
car_ID_2122,FLUSH,4901,car,633,259,451,281,0.7449,2026-08-04 04:09:36.000,2026-08-04 04:09:39.861
car_ID_2123,FLUSH,4904,car,990,319,722,271,0.6889,2026-08-04 04:09:37.684,2026-08-04 04:09:42.393
car_ID_2124,FLUSH,4913,car,748,260,788,246,0.5573,2026-08-04 04:09:44.164,2026-08-04 04:09:46.220
car_ID_2118,FLUSH,4887,car,656,255,384,288,0.6922,2026-08-04 04:09:24.264,2026-08-04 04:09:50.086
car_ID_2125,FLUSH,4918,car,656,255,378,283,0.6344,2026-08-04 04:09:46.022,2026-08-04 04:09:51.479
car_ID_2126,FLUSH,4920,car,970,317,792,260,0.6698,2026-08-04 04:09:47.592,2026-08-04 04:09:52.463
car_ID_2127,FLUSH,4922,car,618,264,395,288,0.6775,2026-08-04 04:09:48.508,2026-08-04 04:09:53.565
car_ID_2128,FLUSH,4924,car,366,359,1058,395,0.8263,2026-08-04 04:09:52.262,2026-08-04 04:09:54.587
car_ID_2129,FLUSH,4926,car,645,261,645,261,0.5418,2026-08-04 04:09:54.620,2026-08-04 04:09:54.620
bicycle_ID_1,FLUSH,4928,bicycle,519,406,649,409,0.6914,2026-08-04 04:09:54.486,2026-08-04 04:09:55.095
motorcycle_ID_3,FLUSH,4928,motorcycle,658,409,658,409,0.5418,2026-08-04 04:09:55.128,2026-08-04 04:09:55.233
person_ID_8,FLUSH,4927,person,427,368,906,390,0.6689,2026-08-04 04:09:54.058,2026-08-04 04:09:56.086
car_ID_2131,FLUSH,4933,car,370,366,1033,383,0.7406,2026-08-04 04:09:56.491,2026-08-04 04:09:58.959
car_ID_2132,FLUSH,4937,car,367,368,1001,381,0.8131,2026-08-04 04:09:58.453,2026-08-04 04:10:00.394
car_ID_2130,FLUSH,4932,car,618,265,313,315,0.6770,2026-08-04 04:09:55.677,2026-08-04 04:10:03.430
car_ID_2134,FLUSH,4943,car,647,246,647,246,0.5383,2026-08-04 04:10:04.692,2026-08-04 04:10:04.692
car_ID_2136,FLUSH,4945,car,305,306,305,306,0.5276,2026-08-04 04:10:05.197,2026-08-04 04:10:05.197
truck_ID_465,FLUSH,4943,truck,511,255,509,255,0.7165,2026-08-04 04:10:06.854,2026-08-04 04:10:06.887
truck_ID_466,FLUSH,4947,truck,447,264,447,264,0.5169,2026-08-04 04:10:07.492,2026-08-04 04:10:07.597
car_ID_2137,FLUSH,4943,car,580,249,422,264,0.5706,2026-08-04 04:10:05.864,2026-08-04 04:10:07.694
car_ID_2133,FLUSH,4942,car,392,344,801,259,0.6868,2026-08-04 04:10:04.186,2026-08-04 04:10:10.159
car_ID_2138,FLUSH,4948,car,380,320,669,276,0.7489,2026-08-04 04:10:07.897,2026-08-04 04:10:11.320
car_ID_2135,FLUSH,4944,car,360,316,778,253,0.7031,2026-08-04 04:10:05.000,2026-08-04 04:10:11.591
car_ID_2140,FLUSH,4952,car,706,268,728,263,0.5837,2026-08-04 04:10:12.443,2026-08-04 04:10:13.295
car_ID_2139,FLUSH,4950,car,364,316,673,277,0.7584,2026-08-04 04:10:10.769,2026-08-04 04:10:13.718
car_ID_2141,FLUSH,4952,car,750,257,750,257,0.5632,2026-08-04 04:10:14.360,2026-08-04 04:10:14.360
truck_ID_467,FLUSH,4953,truck,382,295,770,251,0.7125,2026-08-04 04:10:12.655,2026-08-04 04:10:16.995
car_ID_2143,FLUSH,4964,car,700,273,717,268,0.6409,2026-08-04 04:10:16.623,2026-08-04 04:10:17.394
car_ID_2142,FLUSH,4960,car,405,314,774,251,0.7027,2026-08-04 04:10:15.521,2026-08-04 04:10:21.464
car_ID_2144,FLUSH,4969,car,1069,348,377,333,0.7904,2026-08-04 04:10:20.434,2026-08-04 04:10:24.430
car_ID_2145,FLUSH,4977,car,656,255,655,255,0.5478,2026-08-04 04:10:26.992,2026-08-04 04:10:27.166
car_ID_2146,FLUSH,4980,car,632,257,383,285,0.6522,2026-08-04 04:10:27.889,2026-08-04 04:10:31.880
car_ID_2147,FLUSH,4982,car,603,255,430,277,0.5921,2026-08-04 04:10:29.218,2026-08-04 04:10:32.797
car_ID_2148,FLUSH,4984,car,616,262,385,284,0.6603,2026-08-04 04:10:31.163,2026-08-04 04:10:36.035
car_ID_2149,FLUSH,4993,car,968,318,767,272,0.7570,2026-08-04 04:10:37.855,2026-08-04 04:10:41.857
car_ID_2151,FLUSH,5000,car,781,264,783,264,0.5109,2026-08-04 04:10:42.694,2026-08-04 04:10:42.754
car_ID_2153,FLUSH,5002,car,348,367,1064,400,0.8446,2026-08-04 04:10:44.238,2026-08-04 04:10:46.053
car_ID_2150,FLUSH,4996,car,964,308,800,258,0.6938,2026-08-04 04:10:40.452,2026-08-04 04:10:46.153
car_ID_2152,FLUSH,5001,car,613,266,316,314,0.6834,2026-08-04 04:10:43.861,2026-08-04 04:10:47.993
car_ID_2154,FLUSH,5008,car,655,255,656,255,0.5062,2026-08-04 04:10:50.120,2026-08-04 04:10:50.152
truck_ID_468,FLUSH,5013,truck,385,365,385,365,0.5215,2026-08-04 04:10:50.692,2026-08-04 04:10:51.169
car_ID_2158,FLUSH,5015,car,711,248,711,248,0.5026,2026-08-04 04:10:51.266,2026-08-04 04:10:51.266
car_ID_2155,FLUSH,5011,car,363,364,1010,395,0.8438,2026-08-04 04:10:50.596,2026-08-04 04:10:52.225
car_ID_2159,FLUSH,5017,car,617,256,570,261,0.5579,2026-08-04 04:10:53.493,2026-08-04 04:10:54.963
car_ID_2157,FLUSH,5008,car,633,259,480,277,0.6151,2026-08-04 04:10:51.234,2026-08-04 04:10:56.265
car_ID_2160,FLUSH,5016,car,652,257,562,271,0.5790,2026-08-04 04:10:53.825,2026-08-04 04:10:57.424
car_ID_2156,FLUSH,5012,car,615,265,668,278,0.6922,2026-08-04 04:10:50.791,2026-08-04 04:10:58.790
car_ID_2161,FLUSH,5026,car,704,272,704,272,0.6024,2026-08-04 04:10:59.665,2026-08-04 04:10:59.665
car_ID_2164,FLUSH,5023,car,319,309,320,307,0.5194,2026-08-04 04:11:00.593,2026-08-04 04:11:02.337
car_ID_2162,FLUSH,5024,car,401,285,401,285,0.6377,2026-08-04 04:11:00.089,2026-08-04 04:11:04.041
car_ID_2163,FLUSH,5027,car,472,279,486,276,0.6438,2026-08-04 04:11:00.090,2026-08-04 04:11:04.852
truck_ID_469,FLUSH,5021,truck,367,302,777,250,0.6840,2026-08-04 04:10:56.395,2026-08-04 04:11:05.133
car_ID_2165,FLUSH,5034,car,321,310,320,307,0.5454,2026-08-04 04:11:05.486,2026-08-04 04:11:05.830
car_ID_2166,FLUSH,5035,car,402,285,400,285,0.5852,2026-08-04 04:11:06.270,2026-08-04 04:11:07.359
car_ID_2167,FLUSH,5036,car,466,280,479,278,0.6031,2026-08-04 04:11:06.270,2026-08-04 04:11:07.965
truck_ID_470,FLUSH,5024,truck,346,311,653,269,0.7413,2026-08-04 04:11:04.455,2026-08-04 04:11:08.169
truck_ID_472,FLUSH,5043,truck,744,261,779,255,0.6113,2026-08-04 04:11:09.401,2026-08-04 04:11:11.256
car_ID_2168,FLUSH,5046,car,397,303,438,304,0.7224,2026-08-04 04:11:10.625,2026-08-04 04:11:11.358
car_ID_2169,FLUSH,5047,car,472,286,599,284,0.6455,2026-08-04 04:11:10.667,2026-08-04 04:11:11.899
car_ID_2172,FLUSH,5048,car,320,307,320,306,0.5441,2026-08-04 04:11:12.762,2026-08-04 04:11:13.710
truck_ID_471,FLUSH,5039,truck,368,299,766,251,0.6757,2026-08-04 04:11:07.933,2026-08-04 04:11:14.389
car_ID_2173,FLUSH,5055,car,612,264,515,275,0.5885,2026-08-04 04:11:16.892,2026-08-04 04:11:18.589
car_ID_2175,FLUSH,5048,car,319,307,319,307,0.5062,2026-08-04 04:11:22.764,2026-08-04 04:11:22.796
car_ID_2176,FLUSH,5048,car,320,307,320,307,0.5398,2026-08-04 04:11:24.431,2026-08-04 04:11:25.456
car_ID_2174,FLUSH,5058,car,1045,345,343,322,0.8100,2026-08-04 04:11:21.702,2026-08-04 04:11:25.860
car_ID_2178,FLUSH,5067,car,655,253,655,253,0.5062,2026-08-04 04:11:27.638,2026-08-04 04:11:27.638
car_ID_2177,FLUSH,5066,car,1068,339,883,337,0.7070,2026-08-04 04:11:27.164,2026-08-04 04:11:28.054
car_ID_2179,FLUSH,5068,car,883,339,883,339,0.6190,2026-08-04 04:11:28.090,2026-08-04 04:11:28.159
truck_ID_473,FLUSH,5066,truck,870,337,816,336,0.6726,2026-08-04 04:11:28.127,2026-08-04 04:11:28.362
bus_ID_116,FLUSH,5064,bus,1007,285,905,265,0.7091,2026-08-04 04:11:26.267,2026-08-04 04:11:28.396
car_ID_2183,FLUSH,5065,car,321,309,321,309,0.5561,2026-08-04 04:11:29.494,2026-08-04 04:11:29.526
car_ID_2184,FLUSH,5070,car,527,334,509,334,0.7578,2026-08-04 04:11:29.658,2026-08-04 04:11:29.761
car_ID_2182,FLUSH,5068,car,564,332,466,332,0.5916,2026-08-04 04:11:29.494,2026-08-04 04:11:30.030
truck_ID_475,FLUSH,5070,truck,563,332,452,330,0.5748,2026-08-04 04:11:29.526,2026-08-04 04:11:30.030
car_ID_2181,FLUSH,5064,car,854,302,780,292,0.6522,2026-08-04 04:11:29.246,2026-08-04 04:11:30.610
truck_ID_474,FLUSH,5068,truck,836,336,359,326,0.6656,2026-08-04 04:11:28.297,2026-08-04 04:11:30.921
car_ID_2180,FLUSH,5069,car,616,255,503,270,0.6722,2026-08-04 04:11:28.904,2026-08-04 04:11:32.194
car_ID_2186,FLUSH,5072,car,1032,351,409,341,0.7310,2026-08-04 04:11:30.240,2026-08-04 04:11:32.933
car_ID_2185,FLUSH,5071,car,913,306,741,279,0.6979,2026-08-04 04:11:30.063,2026-08-04 04:11:33.243
car_ID_2188,FLUSH,5079,car,783,279,778,273,0.5446,2026-08-04 04:11:32.593,2026-08-04 04:11:33.557
car_ID_2187,FLUSH,5076,car,1018,353,407,342,0.7154,2026-08-04 04:11:32.089,2026-08-04 04:11:34.264
bus_ID_117,FLUSH,5066,bus,878,264,783,245,0.7035,2026-08-04 04:11:28.634,2026-08-04 04:11:34.688
car_ID_2189,FLUSH,5079,car,786,268,789,264,0.5381,2026-08-04 04:11:34.805,2026-08-04 04:11:35.899
bus_ID_118,FLUSH,5066,bus,793,242,793,242,0.5062,2026-08-04 04:11:35.967,2026-08-04 04:11:35.999
car_ID_2190,FLUSH,5071,car,734,269,754,255,0.5415,2026-08-04 04:11:34.805,2026-08-04 04:11:37.623
car_ID_2191,FLUSH,5082,car,316,309,316,308,0.5374,2026-08-04 04:11:41.953,2026-08-04 04:11:42.054
car_ID_2170,FLUSH,5049,car,400,286,382,287,0.6429,2026-08-04 04:11:11.027,2026-08-04 04:11:43.492
car_ID_2171,FLUSH,5052,car,475,279,390,286,0.6872,2026-08-04 04:11:11.392,2026-08-04 04:11:45.770
car_ID_2192,FLUSH,5087,car,367,359,1018,385,0.7480,2026-08-04 04:11:46.861,2026-08-04 04:11:49.463
car_ID_2193,FLUSH,5091,car,393,358,968,394,0.8270,2026-08-04 04:11:48.820,2026-08-04 04:11:50.359
car_ID_2194,FLUSH,5093,car,376,363,1014,390,0.7987,2026-08-04 04:11:50.969,2026-08-04 04:11:53.356
car_ID_2195,FLUSH,5100,car,390,343,686,291,0.7584,2026-08-04 04:11:57.928,2026-08-04 04:12:00.934
car_ID_2196,FLUSH,5102,car,388,315,612,281,0.6917,2026-08-04 04:11:58.690,2026-08-04 04:12:00.996
car_ID_2197,FLUSH,5105,car,710,269,713,269,0.5715,2026-08-04 04:12:02.126,2026-08-04 04:12:02.191
car_ID_2198,FLUSH,5106,car,749,280,801,259,0.6714,2026-08-04 04:12:02.159,2026-08-04 04:12:05.587
car_ID_2199,FLUSH,5107,car,406,309,736,263,0.7048,2026-08-04 04:12:02.571,2026-08-04 04:12:06.858
car_ID_2200,FLUSH,5108,car,336,317,680,274,0.7590,2026-08-04 04:12:04.112,2026-08-04 04:12:07.160
truck_ID_477,FLUSH,5112,truck,494,281,524,277,0.6025,2026-08-04 04:12:06.859,2026-08-04 04:12:07.633
truck_ID_476,FLUSH,5109,truck,377,295,767,252,0.6760,2026-08-04 04:12:05.376,2026-08-04 04:12:10.797
car_ID_2201,FLUSH,5115,car,655,252,655,252,0.5133,2026-08-04 04:12:10.904,2026-08-04 04:12:10.910
car_ID_2202,FLUSH,5117,car,617,255,596,257,0.6474,2026-08-04 04:12:11.657,2026-08-04 04:12:12.160
car_ID_2203,FLUSH,5120,car,493,270,381,283,0.6401,2026-08-04 04:12:13.671,2026-08-04 04:12:14.694
truck_ID_478,FLUSH,5118,truck,386,300,779,248,0.7200,2026-08-04 04:12:12.066,2026-08-04 04:12:17.194
car_ID_2205,FLUSH,5125,car,719,250,711,250,0.5096,2026-08-04 04:12:18.626,2026-08-04 04:12:19.456
car_ID_2206,FLUSH,5127,car,710,246,710,246,0.5133,2026-08-04 04:12:20.298,2026-08-04 04:12:20.298
car_ID_2204,FLUSH,5124,car,616,254,384,281,0.6429,2026-08-04 04:12:16.819,2026-08-04 04:12:20.398
car_ID_2208,FLUSH,5130,car,656,250,655,251,0.5496,2026-08-04 04:12:21.764,2026-08-04 04:12:21.932
car_ID_2207,FLUSH,5129,car,657,255,549,268,0.6247,2026-08-04 04:12:20.465,2026-08-04 04:12:22.555
truck_ID_479,FLUSH,5132,truck,505,290,505,290,0.5703,2026-08-04 04:12:22.690,2026-08-04 04:12:22.690
truck_ID_480,FLUSH,5129,truck,550,284,576,279,0.7022,2026-08-04 04:12:23.095,2026-08-04 04:12:23.301
truck_ID_481,FLUSH,5133,truck,594,278,595,277,0.5311,2026-08-04 04:12:23.508,2026-08-04 04:12:23.545
bus_ID_119,FLUSH,5129,bus,553,283,599,276,0.5236,2026-08-04 04:12:23.127,2026-08-04 04:12:23.755
car_ID_2210,FLUSH,5132,car,470,275,380,282,0.6703,2026-08-04 04:12:23.301,2026-08-04 04:12:24.021
car_ID_2211,FLUSH,5136,car,670,274,670,274,0.5596,2026-08-04 04:12:24.435,2026-08-04 04:12:24.835
car_ID_2209,FLUSH,5133,car,611,255,382,279,0.6071,2026-08-04 04:12:22.795,2026-08-04 04:12:26.066
car_ID_2212,FLUSH,5137,car,387,336,671,287,0.7494,2026-08-04 04:12:24.761,2026-08-04 04:12:26.658
car_ID_2214,FLUSH,5140,car,748,259,751,257,0.5531,2026-08-04 04:12:26.995,2026-08-04 04:12:27.263
car_ID_2217,FLUSH,5144,car,655,252,655,252,0.5169,2026-08-04 04:12:30.027,2026-08-04 04:12:30.027
car_ID_2215,FLUSH,5141,car,706,270,803,256,0.6419,2026-08-04 04:12:27.029,2026-08-04 04:12:30.774
car_ID_2216,FLUSH,5142,car,643,259,397,282,0.7002,2026-08-04 04:12:28.963,2026-08-04 04:12:32.390
car_ID_2213,FLUSH,5139,car,616,265,317,305,0.7051,2026-08-04 04:12:26.626,2026-08-04 04:12:33.526
car_ID_2218,FLUSH,5145,car,617,257,389,283,0.6203,2026-08-04 04:12:30.986,2026-08-04 04:12:34.127
car_ID_2220,FLUSH,5139,car,318,309,316,304,0.5167,2026-08-04 04:12:35.298,2026-08-04 04:12:37.362
person_ID_9,FLUSH,5139,person,330,329,331,331,0.5276,2026-08-04 04:12:38.765,2026-08-04 04:12:39.053
truck_ID_482,FLUSH,5139,truck,355,309,355,309,0.5890,2026-08-04 04:12:39.187,2026-08-04 04:12:39.187
truck_ID_483,FLUSH,5160,truck,481,295,481,295,0.6773,2026-08-04 04:12:39.695,2026-08-04 04:12:39.695
car_ID_2221,FLUSH,5155,car,656,255,585,267,0.6318,2026-08-04 04:12:36.958,2026-08-04 04:12:39.968
car_ID_2222,FLUSH,5159,car,657,254,616,261,0.5525,2026-08-04 04:12:39.278,2026-08-04 04:12:40.332
car_ID_2223,FLUSH,5139,car,313,304,316,306,0.5422,2026-08-04 04:12:39.527,2026-08-04 04:12:40.414
car_ID_2224,FLUSH,5160,car,496,293,661,273,0.6874,2026-08-04 04:12:39.801,2026-08-04 04:12:41.257
car_ID_2226,FLUSH,5139,car,334,332,316,304,0.5324,2026-08-04 04:12:41.674,2026-08-04 04:12:42.289
car_ID_2227,FLUSH,5164,car,399,312,756,265,0.6682,2026-08-04 04:12:41.855,2026-08-04 04:12:44.924
car_ID_2228,FLUSH,5139,car,316,304,314,302,0.5347,2026-08-04 04:12:44.299,2026-08-04 04:12:46.698
car_ID_2230,FLUSH,5139,car,315,306,315,306,0.5169,2026-08-04 04:12:53.457,2026-08-04 04:12:53.457
car_ID_2229,FLUSH,5171,car,1037,354,414,345,0.7777,2026-08-04 04:12:51.921,2026-08-04 04:12:54.161
person_ID_10,FLUSH,5139,person,327,349,327,353,0.5561,2026-08-04 04:12:54.276,2026-08-04 04:12:54.282
car_ID_2231,FLUSH,5174,car,359,335,353,342,0.5440,2026-08-04 04:12:54.282,2026-08-04 04:12:54.311
car_ID_2234,FLUSH,5139,car,316,304,317,306,0.5139,2026-08-04 04:12:54.858,2026-08-04 04:12:56.459
person_ID_11,FLUSH,5139,person,326,350,326,356,0.5579,2026-08-04 04:12:56.942,2026-08-04 04:12:57.107
car_ID_2233,FLUSH,5177,car,1020,351,392,337,0.7908,2026-08-04 04:12:54.691,2026-08-04 04:12:57.219
car_ID_2237,FLUSH,5182,car,317,305,318,304,0.5160,2026-08-04 04:12:58.099,2026-08-04 04:12:58.331
car_ID_2236,FLUSH,5180,car,1045,356,402,342,0.7945,2026-08-04 04:12:56.734,2026-08-04 04:12:58.924
car_ID_2238,FLUSH,5182,car,316,305,316,305,0.5062,2026-08-04 04:12:59.735,2026-08-04 04:12:59.735
car_ID_2232,FLUSH,5173,car,954,316,798,260,0.6807,2026-08-04 04:12:54.311,2026-08-04 04:13:00.290
car_ID_2239,FLUSH,5182,car,316,304,315,303,0.5211,2026-08-04 04:13:00.901,2026-08-04 04:13:03.021
car_ID_2235,FLUSH,5179,car,985,320,801,258,0.6909,2026-08-04 04:12:56.396,2026-08-04 04:13:03.422
car_ID_2240,FLUSH,5182,car,316,303,316,307,0.5398,2026-08-04 04:13:04.727,2026-08-04 04:13:05.311
car_ID_2241,FLUSH,5188,car,652,256,546,270,0.6992,2026-08-04 04:13:05.340,2026-08-04 04:13:07.800
car_ID_2242,FLUSH,5189,car,655,250,546,264,0.6346,2026-08-04 04:13:06.057,2026-08-04 04:13:08.789
car_ID_2219,FLUSH,5150,car,656,255,393,285,0.7472,2026-08-04 04:12:33.830,2026-08-04 04:13:10.460
car_ID_2225,FLUSH,5161,car,550,287,380,282,0.6854,2026-08-04 04:12:40.167,2026-08-04 04:13:13.603
car_ID_2243,FLUSH,5195,car,374,370,1078,395,0.7955,2026-08-04 04:13:11.861,2026-08-04 04:13:13.953
car_ID_2245,FLUSH,5206,car,656,257,656,257,0.5062,2026-08-04 04:13:18.059,2026-08-04 04:13:18.059
car_ID_2244,FLUSH,5202,car,385,358,984,391,0.7660,2026-08-04 04:13:16.467,2026-08-04 04:13:18.458
car_ID_2248,FLUSH,5211,car,712,378,721,378,0.6418,2026-08-04 04:13:19.690,2026-08-04 04:13:20.191
car_ID_2246,FLUSH,5208,car,377,344,986,386,0.6869,2026-08-04 04:13:18.490,2026-08-04 04:13:20.748
car_ID_2247,FLUSH,5206,car,615,264,376,289,0.6950,2026-08-04 04:13:19.410,2026-08-04 04:13:23.718
car_ID_2251,FLUSH,5221,car,660,252,603,256,0.5534,2026-08-04 04:13:24.875,2026-08-04 04:13:26.297
truck_ID_484,FLUSH,5206,truck,423,325,468,318,0.5816,2026-08-04 04:13:26.199,2026-08-04 04:13:26.556
bus_ID_120,FLUSH,5206,bus,340,338,525,309,0.6069,2026-08-04 04:13:25.590,2026-08-04 04:13:27.025
bus_ID_121,FLUSH,5225,bus,511,310,536,308,0.6915,2026-08-04 04:13:26.895,2026-08-04 04:13:27.129
car_ID_2252,FLUSH,5206,car,567,301,573,300,0.5478,2026-08-04 04:13:27.396,2026-08-04 04:13:27.460
truck_ID_485,FLUSH,5206,truck,606,296,612,294,0.5561,2026-08-04 04:13:27.809,2026-08-04 04:13:27.888
car_ID_2253,FLUSH,5227,car,479,273,472,274,0.5133,2026-08-04 04:13:28.128,2026-08-04 04:13:28.226
car_ID_2255,FLUSH,5230,car,655,257,652,258,0.5235,2026-08-04 04:13:29.004,2026-08-04 04:13:29.387
car_ID_2254,FLUSH,5229,car,614,256,527,267,0.6683,2026-08-04 04:13:28.832,2026-08-04 04:13:30.401
car_ID_2258,FLUSH,5233,car,573,266,505,274,0.7152,2026-08-04 04:13:31.734,2026-08-04 04:13:32.520
car_ID_2259,FLUSH,5235,car,400,284,399,285,0.5383,2026-08-04 04:13:33.244,2026-08-04 04:13:33.725
car_ID_2250,FLUSH,5220,car,615,268,477,279,0.6421,2026-08-04 04:13:24.229,2026-08-04 04:13:35.492
car_ID_2249,FLUSH,5214,car,613,266,795,250,0.6269,2026-08-04 04:13:23.096,2026-08-04 04:13:36.892
car_ID_2256,FLUSH,5231,car,396,296,640,279,0.6951,2026-08-04 04:13:30.303,2026-08-04 04:13:36.993
car_ID_2262,FLUSH,5241,car,334,319,767,256,0.6688,2026-08-04 04:13:39.917,2026-08-04 04:13:44.610
car_ID_2263,FLUSH,5244,car,413,333,805,257,0.7370,2026-08-04 04:13:42.499,2026-08-04 04:13:48.332
car_ID_2265,FLUSH,5246,car,384,289,385,288,0.5215,2026-08-04 04:13:46.696,2026-08-04 04:13:49.323
car_ID_2261,FLUSH,5239,car,454,287,482,281,0.6754,2026-08-04 04:13:35.392,2026-08-04 04:13:50.051
car_ID_2257,FLUSH,5230,car,628,260,520,275,0.6659,2026-08-04 04:13:30.610,2026-08-04 04:13:50.192
bus_ID_122,FLUSH,5249,bus,408,295,409,293,0.7578,2026-08-04 04:13:50.421,2026-08-04 04:13:50.454
car_ID_2264,FLUSH,5245,car,420,334,806,260,0.6871,2026-08-04 04:13:45.664,2026-08-04 04:13:50.894
car_ID_2260,FLUSH,5237,car,379,298,771,255,0.6454,2026-08-04 04:13:34.990,2026-08-04 04:13:50.998
bus_ID_123,FLUSH,5251,bus,424,297,427,297,0.5477,2026-08-04 04:13:50.625,2026-08-04 04:13:51.100
truck_ID_487,FLUSH,5251,truck,411,301,505,283,0.6665,2026-08-04 04:13:50.526,2026-08-04 04:13:51.161
truck_ID_486,FLUSH,5249,truck,367,306,762,254,0.6965,2026-08-04 04:13:50.124,2026-08-04 04:13:54.203
car_ID_2270,FLUSH,5263,car,713,249,712,250,0.5133,2026-08-04 04:13:56.697,2026-08-04 04:13:56.730
car_ID_2267,FLUSH,5254,car,385,310,770,253,0.6996,2026-08-04 04:13:51.894,2026-08-04 04:13:57.392
car_ID_2272,FLUSH,5266,car,657,254,638,259,0.5399,2026-08-04 04:13:58.890,2026-08-04 04:14:01.031
car_ID_2274,FLUSH,5273,car,721,245,721,245,0.5276,2026-08-04 04:14:02.368,2026-08-04 04:14:02.368
car_ID_2269,FLUSH,5258,car,386,288,778,253,0.6321,2026-08-04 04:13:52.956,2026-08-04 04:14:03.904
truck_ID_488,FLUSH,5274,truck,678,343,670,345,0.5140,2026-08-04 04:14:04.794,2026-08-04 04:14:04.826
car_ID_2276,FLUSH,5275,car,656,251,599,257,0.5576,2026-08-04 04:14:04.109,2026-08-04 04:14:05.721
car_ID_2275,FLUSH,5274,car,1087,346,413,334,0.7568,2026-08-04 04:14:03.127,2026-08-04 04:14:06.198
car_ID_2271,FLUSH,5267,car,386,299,384,290,0.5315,2026-08-04 04:13:58.693,2026-08-04 04:14:07.559
car_ID_2278,FLUSH,5280,car,521,269,518,270,0.5374,2026-08-04 04:14:07.238,2026-08-04 04:14:07.870
car_ID_2277,FLUSH,5278,car,998,340,425,322,0.6672,2026-08-04 04:14:06.059,2026-08-04 04:14:08.101
car_ID_2279,FLUSH,5267,car,387,288,382,289,0.5371,2026-08-04 04:14:08.864,2026-08-04 04:14:09.061
car_ID_2280,FLUSH,5267,car,385,289,378,288,0.5338,2026-08-04 04:14:10.157,2026-08-04 04:14:20.948
car_ID_2266,FLUSH,5253,car,458,285,319,312,0.7103,2026-08-04 04:13:51.693,2026-08-04 04:14:25.027
car_ID_2268,FLUSH,5256,car,520,280,388,288,0.6475,2026-08-04 04:13:52.098,2026-08-04 04:14:26.130
car_ID_2281,FLUSH,5313,car,330,369,968,396,0.8105,2026-08-04 04:14:24.326,2026-08-04 04:14:26.234
car_ID_2282,FLUSH,5315,car,662,254,646,258,0.5287,2026-08-04 04:14:25.698,2026-08-04 04:14:27.335
car_ID_2273,FLUSH,5266,car,615,262,386,284,0.6623,2026-08-04 04:14:02.074,2026-08-04 04:14:28.965
car_ID_2283,FLUSH,5318,car,381,365,1021,386,0.8418,2026-08-04 04:14:27.698,2026-08-04 04:14:29.753
car_ID_2286,FLUSH,5322,car,816,287,793,283,0.5727,2026-08-04 04:14:30.204,2026-08-04 04:14:30.586
car_ID_2285,FLUSH,5321,car,326,371,1033,400,0.8197,2026-08-04 04:14:29.117,2026-08-04 04:14:31.190
car_ID_2287,FLUSH,5323,car,351,372,997,384,0.8175,2026-08-04 04:14:30.755,2026-08-04 04:14:32.660
car_ID_2288,FLUSH,5328,car,364,362,1017,377,0.8309,2026-08-04 04:14:32.491,2026-08-04 04:14:34.162
car_ID_2289,FLUSH,5330,car,776,271,797,260,0.5762,2026-08-04 04:14:33.420,2026-08-04 04:14:35.301
car_ID_2290,FLUSH,5338,car,325,303,322,307,0.5521,2026-08-04 04:14:37.166,2026-08-04 04:14:37.912
bus_ID_124,FLUSH,5338,bus,417,274,463,271,0.6028,2026-08-04 04:14:38.965,2026-08-04 04:14:39.223
bus_ID_125,FLUSH,5343,bus,498,268,500,268,0.7241,2026-08-04 04:14:39.354,2026-08-04 04:14:39.387
truck_ID_490,FLUSH,5343,truck,491,269,586,258,0.7025,2026-08-04 04:14:39.324,2026-08-04 04:14:39.996
truck_ID_489,FLUSH,5338,truck,396,278,634,256,0.6980,2026-08-04 04:14:38.701,2026-08-04 04:14:40.390
truck_ID_491,FLUSH,5338,truck,702,250,719,248,0.6005,2026-08-04 04:14:41.501,2026-08-04 04:14:42.008
bus_ID_126,FLUSH,5338,bus,720,248,722,248,0.5929,2026-08-04 04:14:42.156,2026-08-04 04:14:42.224
car_ID_2292,FLUSH,5343,car,628,255,398,279,0.7295,2026-08-04 04:14:41.137,2026-08-04 04:14:44.195
car_ID_2284,FLUSH,5315,car,617,263,807,255,0.7146,2026-08-04 04:14:28.885,2026-08-04 04:14:44.690
car_ID_2294,FLUSH,5349,car,1060,328,1060,329,0.5177,2026-08-04 04:14:44.468,2026-08-04 04:14:44.859
car_ID_2293,FLUSH,5347,car,418,330,803,259,0.7006,2026-08-04 04:14:42.517,2026-08-04 04:14:48.030
car_ID_2291,FLUSH,5342,car,320,309,319,312,0.5445,2026-08-04 04:14:39.657,2026-08-04 04:14:50.756
car_ID_2295,FLUSH,5361,car,656,254,656,254,0.5775,2026-08-04 04:14:52.537,2026-08-04 04:14:52.537
car_ID_2296,FLUSH,5363,car,618,256,383,279,0.7358,2026-08-04 04:14:53.256,2026-08-04 04:14:55.885
car_ID_2299,FLUSH,5370,car,656,253,656,252,0.5472,2026-08-04 04:14:57.235,2026-08-04 04:14:57.272
car_ID_2298,FLUSH,5367,car,367,364,1008,376,0.7918,2026-08-04 04:14:56.728,2026-08-04 04:14:59.224
car_ID_2297,FLUSH,5365,car,1053,327,737,286,0.7521,2026-08-04 04:14:54.348,2026-08-04 04:15:00.017
car_ID_2300,FLUSH,5371,car,617,255,423,277,0.6527,2026-08-04 04:14:58.028,2026-08-04 04:15:00.311
car_ID_2302,FLUSH,5379,car,716,250,709,250,0.5582,2026-08-04 04:15:04.033,2026-08-04 04:15:04.320
car_ID_2301,FLUSH,5365,car,737,280,803,258,0.6477,2026-08-04 04:15:01.172,2026-08-04 04:15:05.955
car_ID_2306,FLUSH,5386,car,654,258,654,258,0.5062,2026-08-04 04:15:06.494,2026-08-04 04:15:06.494
car_ID_2305,FLUSH,5385,car,722,244,705,244,0.5846,2026-08-04 04:15:05.923,2026-08-04 04:15:06.764
car_ID_2304,FLUSH,5377,car,581,256,387,279,0.5833,2026-08-04 04:15:04.523,2026-08-04 04:15:07.727
car_ID_2308,FLUSH,5390,car,656,249,655,250,0.5454,2026-08-04 04:15:08.351,2026-08-04 04:15:08.416
car_ID_2303,FLUSH,5380,car,615,261,382,286,0.6961,2026-08-04 04:15:04.223,2026-08-04 04:15:09.303
car_ID_2312,FLUSH,5380,car,324,307,322,306,0.5133,2026-08-04 04:15:10.396,2026-08-04 04:15:10.563
car_ID_2311,FLUSH,5392,car,391,318,715,266,0.7552,2026-08-04 04:15:10.092,2026-08-04 04:15:14.597
car_ID_2310,FLUSH,5391,car,405,336,803,264,0.7143,2026-08-04 04:15:09.721,2026-08-04 04:15:14.762
car_ID_2314,FLUSH,5403,car,746,259,764,255,0.5588,2026-08-04 04:15:16.100,2026-08-04 04:15:16.990
car_ID_2316,FLUSH,5404,car,318,311,318,311,0.5276,2026-08-04 04:15:17.940,2026-08-04 04:15:17.940
car_ID_2313,FLUSH,5396,car,390,344,802,260,0.7350,2026-08-04 04:15:12.757,2026-08-04 04:15:18.050
car_ID_2317,FLUSH,5407,car,656,257,656,257,0.5062,2026-08-04 04:15:18.154,2026-08-04 04:15:18.154
car_ID_2318,FLUSH,5409,car,609,263,582,266,0.5716,2026-08-04 04:15:19.133,2026-08-04 04:15:19.549
car_ID_2309,FLUSH,5390,car,617,253,793,244,0.6586,2026-08-04 04:15:09.468,2026-08-04 04:15:20.063
car_ID_2320,FLUSH,5410,car,318,310,318,310,0.5490,2026-08-04 04:15:19.856,2026-08-04 04:15:20.063
car_ID_2321,FLUSH,5413,car,657,252,654,253,0.5269,2026-08-04 04:15:20.300,2026-08-04 04:15:20.534
car_ID_2322,FLUSH,5412,car,717,249,714,251,0.5299,2026-08-04 04:15:20.465,2026-08-04 04:15:20.669
car_ID_2323,FLUSH,5415,car,463,278,436,279,0.5507,2026-08-04 04:15:20.669,2026-08-04 04:15:20.991
car_ID_2325,FLUSH,5422,car,658,257,658,257,0.5062,2026-08-04 04:15:22.585,2026-08-04 04:15:22.585
car_ID_2326,FLUSH,5420,car,709,248,708,248,0.5115,2026-08-04 04:15:22.890,2026-08-04 04:15:22.998
car_ID_2324,FLUSH,5416,car,617,255,498,271,0.6282,2026-08-04 04:15:21.056,2026-08-04 04:15:23.061
truck_ID_492,FLUSH,5427,truck,582,290,603,286,0.5211,2026-08-04 04:15:25.459,2026-08-04 04:15:25.589
car_ID_2330,FLUSH,5427,car,545,296,625,287,0.6119,2026-08-04 04:15:25.217,2026-08-04 04:15:25.794
car_ID_2319,FLUSH,5404,car,413,321,803,258,0.6835,2026-08-04 04:15:19.338,2026-08-04 04:15:25.925
car_ID_2327,FLUSH,5425,car,657,253,493,272,0.5873,2026-08-04 04:15:23.994,2026-08-04 04:15:26.035
car_ID_2331,FLUSH,5426,car,319,309,319,309,0.5276,2026-08-04 04:15:26.370,2026-08-04 04:15:26.659
car_ID_2329,FLUSH,5428,car,615,264,491,270,0.6112,2026-08-04 04:15:25.152,2026-08-04 04:15:27.361
car_ID_2332,FLUSH,5432,car,774,263,797,253,0.5933,2026-08-04 04:15:28.089,2026-08-04 04:15:29.587
car_ID_2307,FLUSH,5389,car,616,265,394,289,0.6275,2026-08-04 04:15:08.004,2026-08-04 04:15:33.929
car_ID_2315,FLUSH,5405,car,615,268,461,287,0.6636,2026-08-04 04:15:16.824,2026-08-04 04:15:34.195
car_ID_2328,FLUSH,5419,car,457,313,524,283,0.7000,2026-08-04 04:15:24.801,2026-08-04 04:15:34.436
truck_ID_494,FLUSH,5447,truck,545,279,545,279,0.6378,2026-08-04 04:15:35.464,2026-08-04 04:15:35.937
car_ID_2337,FLUSH,5454,car,656,275,656,275,0.5160,2026-08-04 04:15:37.511,2026-08-04 04:15:37.623
truck_ID_493,FLUSH,5439,truck,369,296,782,248,0.6591,2026-08-04 04:15:34.466,2026-08-04 04:15:38.527
car_ID_2335,FLUSH,5448,car,388,290,779,249,0.6616,2026-08-04 04:15:36.032,2026-08-04 04:15:41.786
car_ID_2336,FLUSH,5452,car,387,297,381,290,0.6088,2026-08-04 04:15:36.690,2026-08-04 04:15:43.861
car_ID_2338,FLUSH,5466,car,656,255,558,268,0.6303,2026-08-04 04:15:45.060,2026-08-04 04:15:46.623
car_ID_2333,FLUSH,5446,car,392,299,320,308,0.6684,2026-08-04 04:15:35.498,2026-08-04 04:15:47.554
car_ID_2339,FLUSH,5468,car,370,363,958,378,0.8107,2026-08-04 04:15:46.472,2026-08-04 04:15:48.264
car_ID_2340,FLUSH,5469,car,470,277,376,284,0.6897,2026-08-04 04:15:47.347,2026-08-04 04:15:48.439
car_ID_2344,FLUSH,5477,car,935,307,935,307,0.7842,2026-08-04 04:15:49.428,2026-08-04 04:15:49.899
truck_ID_495,FLUSH,5479,truck,877,302,876,303,0.5311,2026-08-04 04:15:50.075,2026-08-04 04:15:50.218
car_ID_2342,FLUSH,5474,car,378,366,1008,387,0.8013,2026-08-04 04:15:48.703,2026-08-04 04:15:50.997
car_ID_2334,FLUSH,5450,car,513,282,318,311,0.7241,2026-08-04 04:15:35.967,2026-08-04 04:15:51.127
car_ID_2341,FLUSH,5473,car,1029,315,778,288,0.7352,2026-08-04 04:15:48.567,2026-08-04 04:15:51.838
car_ID_2343,FLUSH,5475,car,659,255,355,285,0.6353,2026-08-04 04:15:48.952,2026-08-04 04:15:52.227
car_ID_2346,FLUSH,5481,car,571,262,383,282,0.7206,2026-08-04 04:15:50.623,2026-08-04 04:15:52.359
car_ID_2347,FLUSH,5482,car,368,362,1040,380,0.8367,2026-08-04 04:15:51.062,2026-08-04 04:15:53.015
car_ID_2348,FLUSH,5484,car,953,312,738,286,0.6213,2026-08-04 04:15:52.134,2026-08-04 04:15:54.867
car_ID_2350,FLUSH,5487,car,346,362,385,366,0.7115,2026-08-04 04:15:54.760,2026-08-04 04:15:55.365
car_ID_2349,FLUSH,5486,car,781,282,805,257,0.6834,2026-08-04 04:15:52.544,2026-08-04 04:15:56.701
car_ID_2351,FLUSH,5488,car,369,364,1048,403,0.8395,2026-08-04 04:15:54.827,2026-08-04 04:15:57.044
car_ID_2345,FLUSH,5480,car,1005,318,753,258,0.6672,2026-08-04 04:15:50.253,2026-08-04 04:15:58.479
car_ID_2352,FLUSH,5492,car,657,256,652,258,0.5663,2026-08-04 04:15:59.028,2026-08-04 04:15:59.599
car_ID_2353,FLUSH,5494,car,615,264,409,286,0.6812,2026-08-04 04:16:01.032,2026-08-04 04:16:05.555
car_ID_2355,FLUSH,5500,car,656,256,652,258,0.5276,2026-08-04 04:16:07.288,2026-08-04 04:16:07.798
car_ID_2354,FLUSH,5496,car,364,317,762,255,0.6862,2026-08-04 04:16:05.685,2026-08-04 04:16:12.577
car_ID_2357,FLUSH,5501,car,395,315,787,247,0.6800,2026-08-04 04:16:07.765,2026-08-04 04:16:14.931
car_ID_2359,FLUSH,5514,car,995,351,944,349,0.6032,2026-08-04 04:16:19.919,2026-08-04 04:16:20.700
car_ID_2360,FLUSH,5516,car,972,350,403,342,0.7732,2026-08-04 04:16:20.276,2026-08-04 04:16:22.927
car_ID_2361,FLUSH,5520,car,656,257,653,258,0.5337,2026-08-04 04:16:22.693,2026-08-04 04:16:23.314
truck_ID_496,FLUSH,5531,truck,647,239,556,242,0.6212,2026-08-04 04:16:32.125,2026-08-04 04:16:34.816
car_ID_2356,FLUSH,5494,car,335,313,317,310,0.5613,2026-08-04 04:16:07.461,2026-08-04 04:16:34.844
truck_ID_497,FLUSH,5534,truck,574,242,525,245,0.6081,2026-08-04 04:16:34.393,2026-08-04 04:16:35.668
car_ID_2358,FLUSH,5502,car,618,265,392,289,0.6276,2026-08-04 04:16:08.722,2026-08-04 04:16:36.823
truck_ID_498,FLUSH,5537,truck,500,247,486,247,0.6300,2026-08-04 04:16:36.105,2026-08-04 04:16:36.859
car_ID_2362,FLUSH,5524,car,614,264,377,290,0.6755,2026-08-04 04:16:24.680,2026-08-04 04:16:41.297
car_ID_2364,FLUSH,5540,car,360,375,966,397,0.7912,2026-08-04 04:16:40.657,2026-08-04 04:16:42.356
car_ID_2363,FLUSH,5528,car,616,267,383,286,0.6454,2026-08-04 04:16:29.559,2026-08-04 04:16:43.653
car_ID_2366,FLUSH,5528,car,317,308,317,308,0.5240,2026-08-04 04:16:44.756,2026-08-04 04:16:44.788
car_ID_2365,FLUSH,5545,car,369,368,970,398,0.8052,2026-08-04 04:16:43.924,2026-08-04 04:16:46.191
car_ID_2367,FLUSH,5547,car,381,358,1008,385,0.7957,2026-08-04 04:16:46.323,2026-08-04 04:16:48.818
car_ID_2368,FLUSH,5551,car,350,363,1005,390,0.8231,2026-08-04 04:16:48.026,2026-08-04 04:16:50.107
car_ID_2370,FLUSH,5556,car,655,255,513,273,0.6369,2026-08-04 04:16:52.768,2026-08-04 04:16:55.470
car_ID_2372,FLUSH,5561,car,470,278,388,285,0.6269,2026-08-04 04:16:55.330,2026-08-04 04:16:55.960
car_ID_2369,FLUSH,5555,car,401,334,796,262,0.6834,2026-08-04 04:16:52.398,2026-08-04 04:16:58.236
car_ID_2373,FLUSH,5563,car,707,268,768,251,0.5801,2026-08-04 04:16:57.010,2026-08-04 04:16:59.257
car_ID_2374,FLUSH,5563,car,801,246,801,246,0.5097,2026-08-04 04:17:00.292,2026-08-04 04:17:00.325
car_ID_2375,FLUSH,5566,car,710,246,710,246,0.5466,2026-08-04 04:17:00.292,2026-08-04 04:17:00.360
car_ID_2371,FLUSH,5559,car,354,316,374,286,0.7091,2026-08-04 04:16:54.555,2026-08-04 04:17:01.028
car_ID_2379,FLUSH,5574,car,657,255,654,257,0.5403,2026-08-04 04:17:03.225,2026-08-04 04:17:03.561
car_ID_2377,FLUSH,5571,car,649,251,607,257,0.5543,2026-08-04 04:17:02.672,2026-08-04 04:17:04.066
car_ID_2380,FLUSH,5576,car,615,261,480,268,0.6202,2026-08-04 04:17:04.256,2026-08-04 04:17:06.534
car_ID_2376,FLUSH,5572,car,616,264,388,285,0.6152,2026-08-04 04:17:02.531,2026-08-04 04:17:07.056
car_ID_2381,FLUSH,5578,car,464,283,401,288,0.6451,2026-08-04 04:17:06.399,2026-08-04 04:17:08.418
car_ID_2382,FLUSH,5582,car,656,255,608,262,0.5640,2026-08-04 04:17:08.451,2026-08-04 04:17:09.329
car_ID_2378,FLUSH,5573,car,399,340,804,258,0.6755,2026-08-04 04:17:02.744,2026-08-04 04:17:10.897
truck_ID_500,FLUSH,5589,truck,640,264,640,264,0.5140,2026-08-04 04:17:11.103,2026-08-04 04:17:11.103
car_ID_2384,FLUSH,5587,car,474,278,413,284,0.6073,2026-08-04 04:17:10.695,2026-08-04 04:17:11.149
bus_ID_127,FLUSH,5583,bus,645,264,651,263,0.7053,2026-08-04 04:17:11.178,2026-08-04 04:17:11.243
truck_ID_499,FLUSH,5583,truck,374,301,657,263,0.6638,2026-08-04 04:17:08.593,2026-08-04 04:17:11.387
bus_ID_128,FLUSH,5591,bus,729,253,729,253,0.6416,2026-08-04 04:17:12.751,2026-08-04 04:17:13.225
bus_ID_129,FLUSH,5590,bus,764,248,768,247,0.5756,2026-08-04 04:17:14.152,2026-08-04 04:17:14.968
car_ID_2386,FLUSH,5596,car,1047,325,1048,326,0.5396,2026-08-04 04:17:14.459,2026-08-04 04:17:15.350
car_ID_2388,FLUSH,5596,car,1047,326,1047,326,0.5252,2026-08-04 04:17:17.156,2026-08-04 04:17:17.264
car_ID_2385,FLUSH,5597,car,618,255,380,283,0.6891,2026-08-04 04:17:14.325,2026-08-04 04:17:17.526
car_ID_2389,FLUSH,5600,car,1044,326,1044,326,0.5102,2026-08-04 04:17:18.255,2026-08-04 04:17:18.287
car_ID_2390,FLUSH,5606,car,546,391,546,391,0.7236,2026-08-04 04:17:19.755,2026-08-04 04:17:19.755
car_ID_2391,FLUSH,5609,car,713,250,711,250,0.5537,2026-08-04 04:17:20.125,2026-08-04 04:17:20.192
car_ID_2393,FLUSH,5600,car,1037,322,1037,322,0.5027,2026-08-04 04:17:20.906,2026-08-04 04:17:20.914
truck_ID_501,FLUSH,5600,truck,1033,323,1033,323,0.5276,2026-08-04 04:17:22.205,2026-08-04 04:17:22.487
car_ID_2383,FLUSH,5586,car,327,310,802,259,0.6534,2026-08-04 04:17:10.532,2026-08-04 04:17:23.128
car_ID_2394,FLUSH,5612,car,324,312,326,309,0.5606,2026-08-04 04:17:21.389,2026-08-04 04:17:24.597
car_ID_2395,FLUSH,5615,car,571,265,405,283,0.7258,2026-08-04 04:17:23.369,2026-08-04 04:17:24.998
truck_ID_502,FLUSH,5613,truck,1032,323,1014,323,0.5658,2026-08-04 04:17:22.620,2026-08-04 04:17:26.623
car_ID_2396,FLUSH,5616,car,645,259,530,272,0.6845,2026-08-04 04:17:24.933,2026-08-04 04:17:26.928
car_ID_2397,FLUSH,5612,car,324,314,325,311,0.5347,2026-08-04 04:17:26.001,2026-08-04 04:17:27.122
truck_ID_503,FLUSH,5622,truck,1012,323,1012,324,0.5027,2026-08-04 04:17:27.163,2026-08-04 04:17:27.196
car_ID_2398,FLUSH,5624,car,655,255,655,255,0.5335,2026-08-04 04:17:27.618,2026-08-04 04:17:27.798
car_ID_2387,FLUSH,5601,car,325,310,805,256,0.6981,2026-08-04 04:17:16.533,2026-08-04 04:17:28.055
car_ID_2400,FLUSH,5627,car,715,246,710,245,0.5625,2026-08-04 04:17:28.290,2026-08-04 04:17:28.492
car_ID_2399,FLUSH,5626,car,397,284,397,284,0.5347,2026-08-04 04:17:28.055,2026-08-04 04:17:28.527
car_ID_2401,FLUSH,5625,car,762,245,761,246,0.5026,2026-08-04 04:17:28.731,2026-08-04 04:17:28.764
truck_ID_505,FLUSH,5613,truck,1007,323,1005,323,0.5289,2026-08-04 04:17:28.595,2026-08-04 04:17:30.160
truck_ID_507,FLUSH,5628,truck,648,243,629,241,0.6251,2026-08-04 04:17:29.288,2026-08-04 04:17:30.160
car_ID_2402,FLUSH,5628,car,603,263,597,264,0.5668,2026-08-04 04:17:30.369,2026-08-04 04:17:30.563
truck_ID_506,FLUSH,5624,truck,652,242,617,243,0.6030,2026-08-04 04:17:29.188,2026-08-04 04:17:30.636
car_ID_2405,FLUSH,5632,car,660,252,658,252,0.5335,2026-08-04 04:17:31.059,2026-08-04 04:17:31.125
truck_ID_504,FLUSH,5622,truck,1006,322,996,321,0.5425,2026-08-04 04:17:28.223,2026-08-04 04:17:31.867
car_ID_2404,FLUSH,5612,car,324,310,325,310,0.5286,2026-08-04 04:17:31.021,2026-08-04 04:17:32.185
car_ID_2407,FLUSH,5635,car,486,272,479,272,0.5466,2026-08-04 04:17:32.591,2026-08-04 04:17:32.765
car_ID_2408,FLUSH,5637,car,659,256,659,257,0.5133,2026-08-04 04:17:33.488,2026-08-04 04:17:33.520
car_ID_2392,FLUSH,5610,car,663,253,409,280,0.6869,2026-08-04 04:17:20.125,2026-08-04 04:17:33.553
truck_ID_508,FLUSH,5628,truck,590,244,457,251,0.6577,2026-08-04 04:17:31.225,2026-08-04 04:17:33.821
car_ID_2410,FLUSH,5637,car,643,264,643,264,0.5062,2026-08-04 04:17:35.230,2026-08-04 04:17:35.230
car_ID_2406,FLUSH,5632,car,648,255,545,266,0.6096,2026-08-04 04:17:32.185,2026-08-04 04:17:38.669
car_ID_2413,FLUSH,5641,car,547,267,540,267,0.5448,2026-08-04 04:17:38.299,2026-08-04 04:17:39.624
car_ID_2415,FLUSH,5641,car,540,266,540,266,0.5026,2026-08-04 04:17:40.989,2026-08-04 04:17:40.989
car_ID_2411,FLUSH,5639,car,323,311,323,313,0.5299,2026-08-04 04:17:36.277,2026-08-04 04:17:41.091
car_ID_2414,FLUSH,5642,car,656,256,632,265,0.5339,2026-08-04 04:17:39.155,2026-08-04 04:17:41.714
car_ID_2416,FLUSH,5639,car,324,310,324,312,0.5474,2026-08-04 04:17:42.259,2026-08-04 04:17:45.492
truck_ID_509,FLUSH,5634,truck,994,318,916,309,0.6587,2026-08-04 04:17:31.324,2026-08-04 04:17:46.655
car_ID_2417,FLUSH,5645,car,1074,354,347,344,0.7781,2026-08-04 04:17:43.623,2026-08-04 04:17:46.830
car_ID_2419,FLUSH,5641,car,539,266,540,266,0.5199,2026-08-04 04:17:46.550,2026-08-04 04:17:47.067
car_ID_2422,FLUSH,5649,car,840,303,840,303,0.5490,2026-08-04 04:17:47.912,2026-08-04 04:17:47.912
car_ID_2421,FLUSH,5647,car,539,267,540,267,0.5050,2026-08-04 04:17:47.067,2026-08-04 04:17:48.031
car_ID_2420,FLUSH,5639,car,322,311,323,311,0.5401,2026-08-04 04:17:46.898,2026-08-04 04:17:48.091
car_ID_2423,FLUSH,5651,car,808,299,798,298,0.6145,2026-08-04 04:17:48.432,2026-08-04 04:17:48.637
truck_ID_510,FLUSH,5649,truck,913,308,813,300,0.6144,2026-08-04 04:17:46.733,2026-08-04 04:17:48.847
car_ID_2418,FLUSH,5648,car,1051,354,333,345,0.8134,2026-08-04 04:17:46.311,2026-08-04 04:17:48.985
car_ID_2424,FLUSH,5653,car,780,293,780,293,0.6702,2026-08-04 04:17:49.191,2026-08-04 04:17:49.191
car_ID_2427,FLUSH,5641,car,539,266,539,266,0.5026,2026-08-04 04:17:52.130,2026-08-04 04:17:52.395
car_ID_2428,FLUSH,5647,car,540,266,540,266,0.5157,2026-08-04 04:17:54.238,2026-08-04 04:17:54.658
car_ID_2426,FLUSH,5655,car,871,305,803,259,0.6957,2026-08-04 04:17:50.186,2026-08-04 04:17:56.495
car_ID_2430,FLUSH,5658,car,540,266,540,266,0.5026,2026-08-04 04:17:57.387,2026-08-04 04:17:57.790
car_ID_2425,FLUSH,5639,car,324,310,324,309,0.5496,2026-08-04 04:17:49.693,2026-08-04 04:18:00.499
car_ID_2409,FLUSH,5638,car,414,282,384,283,0.6706,2026-08-04 04:17:35.159,2026-08-04 04:18:03.545
car_ID_2429,FLUSH,5657,car,934,314,782,254,0.7454,2026-08-04 04:17:56.158,2026-08-04 04:18:03.761
car_ID_2432,FLUSH,5661,car,531,267,525,269,0.5281,2026-08-04 04:18:03.293,2026-08-04 04:18:03.933
truck_ID_511,FLUSH,5658,truck,494,269,493,269,0.5121,2026-08-04 04:18:05.524,2026-08-04 04:18:05.591
car_ID_2403,FLUSH,5624,car,595,261,384,286,0.6682,2026-08-04 04:17:30.855,2026-08-04 04:18:06.057
car_ID_2434,FLUSH,5661,car,480,270,476,269,0.5347,2026-08-04 04:18:05.997,2026-08-04 04:18:06.091
car_ID_2431,FLUSH,5658,car,533,267,456,272,0.5299,2026-08-04 04:18:02.598,2026-08-04 04:18:06.563
car_ID_2433,FLUSH,5665,car,371,361,1017,391,0.7765,2026-08-04 04:18:05.453,2026-08-04 04:18:07.729
truck_ID_512,FLUSH,5670,truck,661,379,661,379,0.5778,2026-08-04 04:18:10.083,2026-08-04 04:18:10.083
truck_ID_513,FLUSH,5669,truck,676,380,873,383,0.7241,2026-08-04 04:18:10.124,2026-08-04 04:18:10.560
car_ID_2437,FLUSH,5670,car,612,376,927,386,0.7389,2026-08-04 04:18:09.985,2026-08-04 04:18:10.692
car_ID_2436,FLUSH,5669,car,357,357,963,387,0.6818,2026-08-04 04:18:08.892,2026-08-04 04:18:11.219
car_ID_2439,FLUSH,5671,car,765,242,765,242,0.5347,2026-08-04 04:18:11.255,2026-08-04 04:18:11.255
car_ID_2412,FLUSH,5640,car,619,266,317,308,0.6057,2026-08-04 04:17:36.928,2026-08-04 04:18:11.757
car_ID_2440,FLUSH,5676,car,711,246,710,247,0.5026,2026-08-04 04:18:12.956,2026-08-04 04:18:12.988
car_ID_2435,FLUSH,5663,car,606,265,389,286,0.6892,2026-08-04 04:18:06.091,2026-08-04 04:18:13.395
car_ID_2441,FLUSH,5677,car,359,343,519,357,0.6170,2026-08-04 04:18:12.989,2026-08-04 04:18:13.498
car_ID_2438,FLUSH,5673,car,377,350,1027,385,0.7909,2026-08-04 04:18:11.187,2026-08-04 04:18:13.598
truck_ID_514,FLUSH,5677,truck,532,359,919,374,0.8554,2026-08-04 04:18:13.532,2026-08-04 04:18:15.033
car_ID_2443,FLUSH,5681,car,306,364,1066,398,0.8260,2026-08-04 04:18:14.966,2026-08-04 04:18:17.125
car_ID_2442,FLUSH,5678,car,658,252,409,279,0.6633,2026-08-04 04:18:14.091,2026-08-04 04:18:17.328
car_ID_2445,FLUSH,5685,car,656,252,539,267,0.6621,2026-08-04 04:18:17.832,2026-08-04 04:18:20.834
car_ID_2444,FLUSH,5682,car,613,258,671,285,0.7240,2026-08-04 04:18:16.167,2026-08-04 04:18:21.389
truck_ID_515,FLUSH,5687,truck,368,298,424,298,0.6382,2026-08-04 04:18:20.366,2026-08-04 04:18:21.494
truck_ID_517,FLUSH,5691,truck,505,288,502,288,0.5552,2026-08-04 04:18:22.727,2026-08-04 04:18:22.891
truck_ID_516,FLUSH,5687,truck,515,289,592,277,0.6029,2026-08-04 04:18:22.520,2026-08-04 04:18:23.928
truck_ID_518,FLUSH,5694,truck,653,272,676,268,0.6149,2026-08-04 04:18:24.798,2026-08-04 04:18:25.132
car_ID_2446,FLUSH,5690,car,729,276,793,260,0.7158,2026-08-04 04:18:22.136,2026-08-04 04:18:25.319
truck_ID_519,FLUSH,5698,truck,745,259,745,259,0.5632,2026-08-04 04:18:26.135,2026-08-04 04:18:26.135
car_ID_2447,FLUSH,5695,car,343,314,620,280,0.6779,2026-08-04 04:18:24.123,2026-08-04 04:18:26.556
car_ID_2449,FLUSH,5699,car,359,308,395,303,0.6153,2026-08-04 04:18:26.956,2026-08-04 04:18:27.162
truck_ID_520,FLUSH,5701,truck,763,257,766,257,0.5623,2026-08-04 04:18:27.599,2026-08-04 04:18:27.703
bus_ID_130,FLUSH,5700,bus,769,256,769,256,0.5632,2026-08-04 04:18:27.888,2026-08-04 04:18:27.920
truck_ID_521,FLUSH,5699,truck,472,294,503,290,0.5797,2026-08-04 04:18:27.954,2026-08-04 04:18:28.157
car_ID_2450,FLUSH,5699,car,506,289,570,291,0.6080,2026-08-04 04:18:28.191,2026-08-04 04:18:29.031
car_ID_2451,FLUSH,5702,car,704,272,717,266,0.5422,2026-08-04 04:18:28.259,2026-08-04 04:18:29.031
bus_ID_131,FLUSH,5704,bus,414,303,415,303,0.5133,2026-08-04 04:18:29.560,2026-08-04 04:18:29.593
car_ID_2453,FLUSH,5704,car,411,305,479,294,0.6163,2026-08-04 04:18:29.517,2026-08-04 04:18:30.498
car_ID_2452,FLUSH,5703,car,594,285,709,266,0.5665,2026-08-04 04:18:29.210,2026-08-04 04:18:31.499
car_ID_2448,FLUSH,5697,car,617,258,649,272,0.7009,2026-08-04 04:18:26.135,2026-08-04 04:18:32.634
car_ID_2455,FLUSH,5706,car,591,266,372,287,0.6537,2026-08-04 04:18:31.733,2026-08-04 04:18:33.489
car_ID_2458,FLUSH,5717,car,709,265,709,265,0.5703,2026-08-04 04:18:33.858,2026-08-04 04:18:33.858
car_ID_2454,FLUSH,5708,car,390,312,672,278,0.7552,2026-08-04 04:18:31.630,2026-08-04 04:18:34.331
car_ID_2456,FLUSH,5709,car,721,264,758,254,0.5653,2026-08-04 04:18:32.186,2026-08-04 04:18:34.428
car_ID_2457,FLUSH,5715,car,606,255,465,274,0.6834,2026-08-04 04:18:33.619,2026-08-04 04:18:36.418
car_ID_2462,FLUSH,5722,car,619,271,619,272,0.5204,2026-08-04 04:18:36.489,2026-08-04 04:18:36.555
car_ID_2461,FLUSH,5719,car,753,255,771,251,0.5490,2026-08-04 04:18:36.040,2026-08-04 04:18:37.367
car_ID_2463,FLUSH,5723,car,593,268,594,269,0.5395,2026-08-04 04:18:37.297,2026-08-04 04:18:37.460
person_ID_12,FLUSH,5723,person,596,287,596,289,0.5097,2026-08-04 04:18:37.658,2026-08-04 04:18:38.158
car_ID_2460,FLUSH,5720,car,386,310,718,266,0.6952,2026-08-04 04:18:35.389,2026-08-04 04:18:39.006
car_ID_2459,FLUSH,5717,car,705,269,774,250,0.6070,2026-08-04 04:18:35.093,2026-08-04 04:18:39.160
car_ID_2464,FLUSH,5726,car,458,280,387,285,0.7013,2026-08-04 04:18:38.898,2026-08-04 04:18:39.595
car_ID_2465,FLUSH,5727,car,492,280,471,286,0.7394,2026-08-04 04:18:39.160,2026-08-04 04:18:39.986
car_ID_2466,FLUSH,5730,car,776,261,783,260,0.5561,2026-08-04 04:18:40.406,2026-08-04 04:18:40.651
truck_ID_522,FLUSH,5721,truck,363,288,760,251,0.7387,2026-08-04 04:18:36.489,2026-08-04 04:18:42.422
bus_ID_133,FLUSH,5721,bus,762,252,764,251,0.6315,2026-08-04 04:18:42.564,2026-08-04 04:18:42.731
bus_ID_132,FLUSH,5736,bus,761,252,770,250,0.5371,2026-08-04 04:18:42.534,2026-08-04 04:18:42.998
truck_ID_523,FLUSH,5729,truck,369,298,668,265,0.6536,2026-08-04 04:18:40.166,2026-08-04 04:18:43.279
car_ID_2467,FLUSH,5735,car,403,288,416,287,0.6511,2026-08-04 04:18:42.024,2026-08-04 04:18:43.959
truck_ID_526,FLUSH,5743,truck,501,281,522,280,0.5400,2026-08-04 04:18:45.763,2026-08-04 04:18:46.324
truck_ID_524,FLUSH,5741,truck,753,254,769,250,0.6863,2026-08-04 04:18:44.957,2026-08-04 04:18:46.394
truck_ID_525,FLUSH,5739,truck,439,294,642,265,0.7092,2026-08-04 04:18:45.294,2026-08-04 04:18:46.994
car_ID_2468,FLUSH,5744,car,386,295,422,284,0.6053,2026-08-04 04:18:45.934,2026-08-04 04:18:48.430
car_ID_2469,FLUSH,5749,car,552,264,464,276,0.6560,2026-08-04 04:18:47.100,2026-08-04 04:18:48.539
truck_ID_527,FLUSH,5752,truck,367,304,408,296,0.5948,2026-08-04 04:18:48.333,2026-08-04 04:18:48.704
car_ID_2470,FLUSH,5755,car,654,273,654,274,0.5097,2026-08-04 04:18:49.402,2026-08-04 04:18:49.531
truck_ID_528,FLUSH,5751,truck,731,255,773,248,0.6166,2026-08-04 04:18:48.430,2026-08-04 04:18:50.728
truck_ID_529,FLUSH,5756,truck,568,278,598,274,0.7281,2026-08-04 04:18:49.901,2026-08-04 04:18:50.791
car_ID_2472,FLUSH,5761,car,319,307,319,307,0.5810,2026-08-04 04:18:50.859,2026-08-04 04:18:50.924
car_ID_2473,FLUSH,5763,car,656,256,657,257,0.5311,2026-08-04 04:18:52.260,2026-08-04 04:18:52.564
car_ID_2476,FLUSH,5766,car,318,308,319,309,0.5041,2026-08-04 04:18:54.458,2026-08-04 04:18:54.828
car_ID_2475,FLUSH,5765,car,399,307,615,282,0.7659,2026-08-04 04:18:54.070,2026-08-04 04:18:55.332
car_ID_2474,FLUSH,5761,car,423,329,687,288,0.7813,2026-08-04 04:18:53.292,2026-08-04 04:18:55.636
car_ID_2479,FLUSH,5771,car,736,278,802,257,0.6889,2026-08-04 04:18:56.632,2026-08-04 04:19:00.896
car_ID_2478,FLUSH,5769,car,382,321,766,255,0.6952,2026-08-04 04:18:55.750,2026-08-04 04:19:00.967
car_ID_2480,FLUSH,5773,car,353,327,770,272,0.6947,2026-08-04 04:18:57.797,2026-08-04 04:19:02.361
car_ID_2483,FLUSH,5785,car,316,307,319,309,0.5386,2026-08-04 04:19:01.256,2026-08-04 04:19:03.900
car_ID_2477,FLUSH,5768,car,602,268,484,279,0.7136,2026-08-04 04:18:55.435,2026-08-04 04:19:04.992
car_ID_2485,FLUSH,5790,car,598,310,598,310,0.5418,2026-08-04 04:19:06.063,2026-08-04 04:19:06.063
car_ID_2481,FLUSH,5778,car,427,333,807,258,0.6967,2026-08-04 04:18:59.058,2026-08-04 04:19:06.635
bus_ID_134,FLUSH,5790,bus,601,295,567,301,0.5388,2026-08-04 04:19:06.560,2026-08-04 04:19:06.833
car_ID_2482,FLUSH,5784,car,389,310,771,250,0.7086,2026-08-04 04:19:00.628,2026-08-04 04:19:07.286
car_ID_2486,FLUSH,5795,car,538,310,677,290,0.5835,2026-08-04 04:19:06.903,2026-08-04 04:19:08.348
car_ID_2487,FLUSH,5799,car,778,263,792,258,0.5614,2026-08-04 04:19:10.465,2026-08-04 04:19:11.593
car_ID_2488,FLUSH,5796,car,318,309,318,309,0.5258,2026-08-04 04:19:12.030,2026-08-04 04:19:12.135
car_ID_2489,FLUSH,5796,car,319,308,319,307,0.5434,2026-08-04 04:19:13.191,2026-08-04 04:19:15.232
car_ID_2471,FLUSH,5758,car,387,297,318,309,0.6784,2026-08-04 04:18:49.864,2026-08-04 04:19:19.787
car_ID_2484,FLUSH,5793,car,472,280,384,288,0.7514,2026-08-04 04:19:05.992,2026-08-04 04:19:20.127
car_ID_2492,FLUSH,5813,car,399,362,1002,391,0.7687,2026-08-04 04:19:21.529,2026-08-04 04:19:23.634
car_ID_2494,FLUSH,5815,car,337,375,402,370,0.7121,2026-08-04 04:19:23.330,2026-08-04 04:19:24.167
car_ID_2491,FLUSH,5812,car,661,252,380,281,0.7085,2026-08-04 04:19:21.388,2026-08-04 04:19:24.696
car_ID_2490,FLUSH,5811,car,963,315,762,276,0.7305,2026-08-04 04:19:21.092,2026-08-04 04:19:24.797
car_ID_2495,FLUSH,5816,car,412,374,1071,401,0.8370,2026-08-04 04:19:23.709,2026-08-04 04:19:25.624
car_ID_2496,FLUSH,5817,car,366,356,983,378,0.7402,2026-08-04 04:19:24.765,2026-08-04 04:19:26.925
car_ID_2493,FLUSH,5814,car,967,317,799,257,0.6603,2026-08-04 04:19:22.556,2026-08-04 04:19:28.388
car_ID_2499,FLUSH,5822,car,607,262,419,282,0.6010,2026-08-04 04:19:30.396,2026-08-04 04:19:32.731
car_ID_2498,FLUSH,5821,car,937,314,744,277,0.7003,2026-08-04 04:19:29.931,2026-08-04 04:19:32.792
car_ID_2497,FLUSH,5819,car,959,314,802,258,0.7125,2026-08-04 04:19:27.729,2026-08-04 04:19:33.634
car_ID_2501,FLUSH,5821,car,773,271,793,260,0.5671,2026-08-04 04:19:33.926,2026-08-04 04:19:35.453
car_ID_2503,FLUSH,5828,car,592,313,592,313,0.5703,2026-08-04 04:19:37.329,2026-08-04 04:19:37.329
car_ID_2502,FLUSH,5826,car,399,349,969,380,0.7981,2026-08-04 04:19:36.526,2026-08-04 04:19:38.156
car_ID_2504,FLUSH,5830,car,657,247,655,249,0.5668,2026-08-04 04:19:38.362,2026-08-04 04:19:38.495
car_ID_2500,FLUSH,5823,car,988,314,802,251,0.6928,2026-08-04 04:19:31.463,2026-08-04 04:19:38.563
car_ID_2505,FLUSH,5833,car,620,252,384,278,0.6854,2026-08-04 04:19:39.254,2026-08-04 04:19:42.187
car_ID_2506,FLUSH,5834,car,625,260,416,283,0.6433,2026-08-04 04:19:41.775,2026-08-04 04:19:44.434
car_ID_2507,FLUSH,5835,car,615,256,510,269,0.7277,2026-08-04 04:19:42.530,2026-08-04 04:19:44.682
car_ID_2508,FLUSH,5842,car,453,305,514,287,0.6174,2026-08-04 04:19:47.487,2026-08-04 04:19:48.024
car_ID_2509,FLUSH,5845,car,499,284,499,284,0.5775,2026-08-04 04:19:48.258,2026-08-04 04:19:48.734
car_ID_2510,FLUSH,5844,car,486,273,649,276,0.7244,2026-08-04 04:19:48.367,2026-08-04 04:19:51.922
truck_ID_530,FLUSH,5838,truck,365,309,766,250,0.7301,2026-08-04 04:19:44.368,2026-08-04 04:19:52.535
car_ID_2512,FLUSH,5853,car,702,269,715,265,0.6427,2026-08-04 04:19:52.955,2026-08-04 04:19:53.828
car_ID_2511,FLUSH,5851,car,387,320,669,279,0.7642,2026-08-04 04:19:51.565,2026-08-04 04:19:54.098
car_ID_2514,FLUSH,5858,car,663,251,656,252,0.5359,2026-08-04 04:19:56.930,2026-08-04 04:19:57.219
car_ID_2513,FLUSH,5855,car,703,272,769,253,0.5746,2026-08-04 04:19:54.758,2026-08-04 04:19:57.930
car_ID_2515,FLUSH,5859,car,1052,349,371,334,0.7582,2026-08-04 04:19:57.656,2026-08-04 04:20:01.310
truck_ID_531,FLUSH,5864,truck,672,350,667,349,0.6678,2026-08-04 04:20:01.866,2026-08-04 04:20:01.871
car_ID_2517,FLUSH,5864,car,1099,353,645,349,0.7765,2026-08-04 04:19:59.867,2026-08-04 04:20:02.467
car_ID_2516,FLUSH,5860,car,618,255,377,284,0.7257,2026-08-04 04:19:58.134,2026-08-04 04:20:02.648
car_ID_2519,FLUSH,5868,car,635,348,342,340,0.8405,2026-08-04 04:20:02.024,2026-08-04 04:20:03.260
car_ID_2520,FLUSH,5871,car,1050,350,342,342,0.8167,2026-08-04 04:20:03.156,2026-08-04 04:20:06.075
car_ID_2521,FLUSH,5873,car,1011,347,347,334,0.7889,2026-08-04 04:20:06.874,2026-08-04 04:20:08.823
car_ID_2518,FLUSH,5867,car,961,318,804,259,0.7323,2026-08-04 04:20:01.423,2026-08-04 04:20:09.159
truck_ID_532,FLUSH,5881,truck,629,240,564,243,0.7262,2026-08-04 04:20:12.450,2026-08-04 04:20:14.665
truck_ID_533,FLUSH,5882,truck,561,244,478,251,0.7195,2026-08-04 04:20:14.222,2026-08-04 04:20:16.042
car_ID_2525,FLUSH,5898,car,590,287,607,286,0.5614,2026-08-04 04:20:36.880,2026-08-04 04:20:37.094
car_ID_2522,FLUSH,5893,car,335,321,669,281,0.7775,2026-08-04 04:20:33.587,2026-08-04 04:20:37.723
car_ID_2523,FLUSH,5895,car,339,331,674,285,0.6015,2026-08-04 04:20:35.188,2026-08-04 04:20:38.868
car_ID_2528,FLUSH,5904,car,745,277,804,260,0.6673,2026-08-04 04:20:38.528,2026-08-04 04:20:40.794
car_ID_2527,FLUSH,5902,car,391,315,663,276,0.7646,2026-08-04 04:20:38.495,2026-08-04 04:20:41.292
car_ID_2524,FLUSH,5899,car,352,315,717,262,0.7343,2026-08-04 04:20:36.848,2026-08-04 04:20:41.820
truck_ID_535,FLUSH,5909,truck,479,277,479,277,0.5665,2026-08-04 04:20:41.600,2026-08-04 04:20:42.060
car_ID_2526,FLUSH,5903,car,702,271,799,257,0.5738,2026-08-04 04:20:38.463,2026-08-04 04:20:43.995
truck_ID_536,FLUSH,5911,truck,453,294,632,272,0.6368,2026-08-04 04:20:42.362,2026-08-04 04:20:44.484
truck_ID_538,FLUSH,5916,truck,661,267,661,267,0.5240,2026-08-04 04:20:45.191,2026-08-04 04:20:45.191
car_ID_2530,FLUSH,5915,car,391,314,589,289,0.7625,2026-08-04 04:20:43.860,2026-08-04 04:20:45.698
car_ID_2529,FLUSH,5913,car,383,342,664,291,0.8153,2026-08-04 04:20:43.183,2026-08-04 04:20:46.260
truck_ID_534,FLUSH,5906,truck,356,304,777,248,0.7382,2026-08-04 04:20:39.356,2026-08-04 04:20:46.726
car_ID_2531,FLUSH,5922,car,743,281,743,281,0.5027,2026-08-04 04:20:47.621,2026-08-04 04:20:47.621
truck_ID_537,FLUSH,5917,truck,380,293,695,261,0.5971,2026-08-04 04:20:45.024,2026-08-04 04:20:48.601
truck_ID_539,FLUSH,5924,truck,458,299,461,299,0.5418,2026-08-04 04:20:48.569,2026-08-04 04:20:48.601
car_ID_2533,FLUSH,5925,car,530,292,530,292,0.6060,2026-08-04 04:20:48.889,2026-08-04 04:20:48.889
car_ID_2534,FLUSH,5924,car,556,288,625,279,0.7087,2026-08-04 04:20:49.021,2026-08-04 04:20:49.502
car_ID_2535,FLUSH,5927,car,608,276,608,276,0.5169,2026-08-04 04:20:49.055,2026-08-04 04:20:49.538
car_ID_2536,FLUSH,5929,car,705,267,707,266,0.5228,2026-08-04 04:20:50.664,2026-08-04 04:20:50.728
car_ID_2532,FLUSH,5923,car,355,325,683,291,0.7467,2026-08-04 04:20:48.297,2026-08-04 04:20:51.028
truck_ID_540,FLUSH,5917,truck,743,255,778,251,0.7057,2026-08-04 04:20:49.834,2026-08-04 04:20:51.790
car_ID_2537,FLUSH,5917,car,757,278,777,271,0.6126,2026-08-04 04:20:52.361,2026-08-04 04:20:53.665
car_ID_2538,FLUSH,5931,car,652,251,652,251,0.5561,2026-08-04 04:20:54.266,2026-08-04 04:20:54.266
truck_ID_541,FLUSH,5928,truck,384,293,768,250,0.7376,2026-08-04 04:20:50.596,2026-08-04 04:20:56.494
car_ID_2539,FLUSH,5933,car,632,256,599,260,0.6614,2026-08-04 04:20:55.399,2026-08-04 04:20:57.354
car_ID_2540,FLUSH,5937,car,657,252,655,253,0.5984,2026-08-04 04:20:57.484,2026-08-04 04:20:57.692
car_ID_2541,FLUSH,5940,car,426,310,646,281,0.6913,2026-08-04 04:20:58.760,2026-08-04 04:21:00.593
car_ID_2544,FLUSH,5945,car,394,281,370,280,0.5659,2026-08-04 04:21:02.199,2026-08-04 04:21:02.399
car_ID_2543,FLUSH,5944,car,697,272,719,267,0.5855,2026-08-04 04:21:01.522,2026-08-04 04:21:02.504
car_ID_2542,FLUSH,5941,car,543,269,321,309,0.6754,2026-08-04 04:20:59.227,2026-08-04 04:21:03.869
truck_ID_542,FLUSH,5934,truck,373,295,796,244,0.7230,2026-08-04 04:20:56.564,2026-08-04 04:21:04.689
car_ID_2545,FLUSH,5946,car,623,254,321,304,0.7084,2026-08-04 04:21:02.295,2026-08-04 04:21:07.495
car_ID_2546,FLUSH,5949,car,625,257,398,284,0.6800,2026-08-04 04:21:06.907,2026-08-04 04:21:09.229
car_ID_2547,FLUSH,5954,car,715,250,710,249,0.5157,2026-08-04 04:21:10.601,2026-08-04 04:21:10.662
car_ID_2549,FLUSH,5959,car,710,247,710,247,0.5383,2026-08-04 04:21:13.060,2026-08-04 04:21:13.092
car_ID_2551,FLUSH,5959,car,712,248,712,248,0.5290,2026-08-04 04:21:14.191,2026-08-04 04:21:14.191
car_ID_2548,FLUSH,5958,car,656,256,367,287,0.7160,2026-08-04 04:21:12.383,2026-08-04 04:21:17.497
car_ID_2555,FLUSH,5972,car,720,243,710,244,0.5227,2026-08-04 04:21:17.838,2026-08-04 04:21:18.258
car_ID_2550,FLUSH,5962,car,657,249,399,276,0.6958,2026-08-04 04:21:13.920,2026-08-04 04:21:18.563
car_ID_2556,FLUSH,5974,car,657,253,656,252,0.5354,2026-08-04 04:21:18.531,2026-08-04 04:21:18.695
car_ID_2557,FLUSH,5975,car,597,272,596,272,0.5062,2026-08-04 04:21:19.031,2026-08-04 04:21:19.063
car_ID_2559,FLUSH,5977,car,656,249,656,249,0.5656,2026-08-04 04:21:20.063,2026-08-04 04:21:20.132
car_ID_2553,FLUSH,5967,car,1065,352,384,338,0.7765,2026-08-04 04:21:17.127,2026-08-04 04:21:20.820
motorcycle_ID_4,FLUSH,5980,motorcycle,811,352,808,352,0.5953,2026-08-04 04:21:21.154,2026-08-04 04:21:21.219
car_ID_2560,FLUSH,5980,car,777,347,771,345,0.5383,2026-08-04 04:21:21.260,2026-08-04 04:21:21.326
motorcycle_ID_5,FLUSH,5984,motorcycle,626,347,560,347,0.5974,2026-08-04 04:21:21.766,2026-08-04 04:21:22.002
car_ID_2562,FLUSH,5984,car,549,343,469,344,0.5611,2026-08-04 04:21:22.041,2026-08-04 04:21:22.459
car_ID_2552,FLUSH,5965,car,664,254,304,288,0.6988,2026-08-04 04:21:15.361,2026-08-04 04:21:22.795
car_ID_2554,FLUSH,5970,car,616,262,376,286,0.6949,2026-08-04 04:21:17.260,2026-08-04 04:21:23.471
car_ID_2558,FLUSH,5976,car,618,256,423,280,0.7125,2026-08-04 04:21:19.889,2026-08-04 04:21:25.387
car_ID_2563,FLUSH,5985,car,657,255,505,271,0.6852,2026-08-04 04:21:22.144,2026-08-04 04:21:26.353
car_ID_2565,FLUSH,5970,car,376,288,376,285,0.5193,2026-08-04 04:21:26.240,2026-08-04 04:21:26.353
car_ID_2566,FLUSH,5992,car,657,255,654,256,0.5305,2026-08-04 04:21:28.566,2026-08-04 04:21:29.277
car_ID_2567,FLUSH,5993,car,345,303,345,304,0.5177,2026-08-04 04:21:29.964,2026-08-04 04:21:30.453
car_ID_2561,FLUSH,5977,car,616,253,402,274,0.6289,2026-08-04 04:21:21.326,2026-08-04 04:21:30.783
car_ID_2564,FLUSH,5987,car,968,318,784,253,0.7002,2026-08-04 04:21:23.330,2026-08-04 04:21:32.220
truck_ID_543,FLUSH,5997,truck,818,288,818,288,0.5703,2026-08-04 04:21:32.828,2026-08-04 04:21:32.828
car_ID_2570,FLUSH,5997,car,752,273,752,273,0.5383,2026-08-04 04:21:34.984,2026-08-04 04:21:35.057
car_ID_2569,FLUSH,5999,car,657,256,657,256,0.5605,2026-08-04 04:21:34.791,2026-08-04 04:21:35.158
car_ID_2571,FLUSH,6003,car,778,264,779,264,0.5204,2026-08-04 04:21:36.693,2026-08-04 04:21:36.726
car_ID_2568,FLUSH,5994,car,616,263,317,307,0.7299,2026-08-04 04:21:31.945,2026-08-04 04:21:41.025
car_ID_2573,FLUSH,6006,car,383,366,1010,396,0.8087,2026-08-04 04:21:40.209,2026-08-04 04:21:41.786
car_ID_2572,FLUSH,6004,car,615,265,392,285,0.6941,2026-08-04 04:21:37.509,2026-08-04 04:21:41.990
car_ID_2574,FLUSH,6009,car,347,379,999,379,0.8052,2026-08-04 04:21:42.463,2026-08-04 04:21:44.297
car_ID_2575,FLUSH,6015,car,344,371,1006,383,0.8159,2026-08-04 04:21:44.551,2026-08-04 04:21:46.325
car_ID_2576,FLUSH,6020,car,346,369,993,386,0.7956,2026-08-04 04:21:46.797,2026-08-04 04:21:48.751
car_ID_2579,FLUSH,6026,car,322,307,316,309,0.5637,2026-08-04 04:21:53.862,2026-08-04 04:21:54.323
car_ID_2578,FLUSH,6022,car,384,339,804,257,0.7367,2026-08-04 04:21:50.590,2026-08-04 04:21:55.756
truck_ID_545,FLUSH,6028,truck,437,307,449,304,0.5421,2026-08-04 04:21:56.363,2026-08-04 04:21:56.460
bus_ID_135,FLUSH,6028,bus,456,305,545,292,0.5982,2026-08-04 04:21:56.493,2026-08-04 04:21:57.222
bus_ID_136,FLUSH,6027,bus,468,303,557,290,0.5365,2026-08-04 04:21:56.594,2026-08-04 04:21:57.324
bus_ID_137,FLUSH,6031,bus,617,281,624,281,0.5325,2026-08-04 04:21:58.003,2026-08-04 04:21:58.589
truck_ID_544,FLUSH,6027,truck,385,312,668,276,0.6195,2026-08-04 04:21:55.988,2026-08-04 04:21:59.261
car_ID_2577,FLUSH,6017,car,631,259,770,251,0.7334,2026-08-04 04:21:46.965,2026-08-04 04:21:59.961
truck_ID_547,FLUSH,6033,truck,739,266,756,264,0.5311,2026-08-04 04:22:00.327,2026-08-04 04:22:00.800
truck_ID_548,FLUSH,6035,truck,761,263,766,262,0.5202,2026-08-04 04:22:01.102,2026-08-04 04:22:01.318
car_ID_2580,FLUSH,6034,car,427,306,657,278,0.6247,2026-08-04 04:22:00.425,2026-08-04 04:22:02.687
car_ID_2581,FLUSH,6036,car,388,339,674,292,0.7805,2026-08-04 04:22:01.218,2026-08-04 04:22:03.876
car_ID_2584,FLUSH,6041,car,691,276,709,270,0.5644,2026-08-04 04:22:03.228,2026-08-04 04:22:03.876
car_ID_2583,FLUSH,6038,car,401,311,644,277,0.6840,2026-08-04 04:22:01.994,2026-08-04 04:22:03.976
truck_ID_546,FLUSH,6032,truck,407,290,787,247,0.7458,2026-08-04 04:21:58.399,2026-08-04 04:22:06.028
car_ID_2586,FLUSH,6036,car,706,267,753,257,0.5661,2026-08-04 04:22:05.035,2026-08-04 04:22:06.921
car_ID_2587,FLUSH,6041,car,745,274,791,263,0.6417,2026-08-04 04:22:05.204,2026-08-04 04:22:07.829
car_ID_2582,FLUSH,6037,car,597,263,772,269,0.6370,2026-08-04 04:22:01.862,2026-08-04 04:22:08.282
car_ID_2591,FLUSH,6037,car,798,261,804,258,0.5106,2026-08-04 04:22:09.586,2026-08-04 04:22:10.145
car_ID_2590,FLUSH,6055,car,627,251,527,265,0.6934,2026-08-04 04:22:09.444,2026-08-04 04:22:11.693
car_ID_2585,FLUSH,6045,car,388,343,803,257,0.7210,2026-08-04 04:22:04.637,2026-08-04 04:22:12.198
car_ID_2589,FLUSH,6054,car,386,340,717,276,0.7956,2026-08-04 04:22:09.368,2026-08-04 04:22:12.388
car_ID_2588,FLUSH,6049,car,397,338,789,263,0.7517,2026-08-04 04:22:06.564,2026-08-04 04:22:13.094
truck_ID_549,FLUSH,6057,truck,385,292,676,262,0.7459,2026-08-04 04:22:11.592,2026-08-04 04:22:13.950
car_ID_2592,FLUSH,6058,car,747,280,782,272,0.6661,2026-08-04 04:22:12.883,2026-08-04 04:22:14.156
truck_ID_550,FLUSH,6061,truck,761,251,775,248,0.6826,2026-08-04 04:22:15.723,2026-08-04 04:22:16.585
car_ID_2593,FLUSH,6064,car,656,252,656,253,0.6017,2026-08-04 04:22:17.889,2026-08-04 04:22:18.018
car_ID_2595,FLUSH,6068,car,403,317,594,287,0.7286,2026-08-04 04:22:20.719,2026-08-04 04:22:21.807
car_ID_2594,FLUSH,6065,car,620,254,367,283,0.7021,2026-08-04 04:22:18.765,2026-08-04 04:22:21.965
car_ID_2597,FLUSH,6070,car,408,314,584,288,0.6172,2026-08-04 04:22:22.289,2026-08-04 04:22:23.267
car_ID_2599,FLUSH,6073,car,713,270,734,264,0.5337,2026-08-04 04:22:23.569,2026-08-04 04:22:24.224
car_ID_2596,FLUSH,6069,car,396,339,787,263,0.6868,2026-08-04 04:22:20.957,2026-08-04 04:22:25.359
car_ID_2600,FLUSH,6076,car,707,269,754,257,0.5975,2026-08-04 04:22:24.923,2026-08-04 04:22:26.640
car_ID_2598,FLUSH,6071,car,391,335,805,257,0.7144,2026-08-04 04:22:22.355,2026-08-04 04:22:27.922
car_ID_2601,FLUSH,6078,car,705,245,704,246,0.5549,2026-08-04 04:22:28.564,2026-08-04 04:22:28.634
car_ID_2602,FLUSH,6080,car,656,251,654,251,0.5276,2026-08-04 04:22:30.033,2026-08-04 04:22:30.265
motorcycle_ID_7,FLUSH,6085,motorcycle,757,358,757,358,0.5739,2026-08-04 04:22:32.494,2026-08-04 04:22:32.528
motorcycle_ID_6,FLUSH,6084,motorcycle,800,357,507,357,0.6814,2026-08-04 04:22:32.362,2026-08-04 04:22:33.183
car_ID_2604,FLUSH,6084,car,886,357,423,353,0.5721,2026-08-04 04:22:32.123,2026-08-04 04:22:33.454
car_ID_2605,FLUSH,6092,car,1060,346,388,335,0.7659,2026-08-04 04:22:33.724,2026-08-04 04:22:36.190
car_ID_2603,FLUSH,6083,car,621,253,360,279,0.7271,2026-08-04 04:22:31.094,2026-08-04 04:22:36.825
car_ID_2606,FLUSH,6095,car,1006,320,756,286,0.7325,2026-08-04 04:22:35.977,2026-08-04 04:22:40.135
car_ID_2607,FLUSH,6098,car,975,317,761,275,0.7620,2026-08-04 04:22:38.502,2026-08-04 04:22:43.361
car_ID_2608,FLUSH,6101,car,960,317,726,269,0.6498,2026-08-04 04:22:41.401,2026-08-04 04:22:46.259
car_ID_2609,FLUSH,6104,car,1042,328,748,283,0.7373,2026-08-04 04:22:43.593,2026-08-04 04:22:46.868
car_ID_2610,FLUSH,6098,car,768,270,804,258,0.5835,2026-08-04 04:22:44.616,2026-08-04 04:22:47.957
car_ID_2612,FLUSH,6111,car,658,253,656,253,0.5267,2026-08-04 04:22:47.957,2026-08-04 04:22:48.130
car_ID_2614,FLUSH,6115,car,618,256,342,288,0.7474,2026-08-04 04:22:48.923,2026-08-04 04:22:52.025
car_ID_2611,FLUSH,6107,car,1020,326,779,252,0.6873,2026-08-04 04:22:45.159,2026-08-04 04:22:52.329
car_ID_2613,FLUSH,6113,car,769,276,805,256,0.6618,2026-08-04 04:22:48.467,2026-08-04 04:22:52.330
car_ID_2615,FLUSH,6118,car,357,360,1007,384,0.8156,2026-08-04 04:22:51.796,2026-08-04 04:22:53.577
car_ID_2616,FLUSH,6131,car,383,319,645,281,0.6961,2026-08-04 04:23:05.553,2026-08-04 04:23:07.999
car_ID_2617,FLUSH,6133,car,712,272,772,257,0.5801,2026-08-04 04:23:09.382,2026-08-04 04:23:11.863
car_ID_2618,FLUSH,6137,car,619,254,389,282,0.6748,2026-08-04 04:23:23.027,2026-08-04 04:23:25.833
car_ID_2619,FLUSH,6141,car,355,314,653,270,0.8048,2026-08-04 04:23:27.791,2026-08-04 04:23:29.711
car_ID_2623,FLUSH,6149,car,657,256,657,257,0.5445,2026-08-04 04:23:31.265,2026-08-04 04:23:31.502
car_ID_2621,FLUSH,6146,car,329,321,672,275,0.7449,2026-08-04 04:23:30.102,2026-08-04 04:23:32.693
car_ID_2620,FLUSH,6145,car,665,254,773,253,0.5963,2026-08-04 04:23:29.293,2026-08-04 04:23:33.455
car_ID_2622,FLUSH,6148,car,643,259,395,284,0.7155,2026-08-04 04:23:30.588,2026-08-04 04:23:35.192
car_ID_2626,FLUSH,6156,car,658,252,657,253,0.5365,2026-08-04 04:23:35.225,2026-08-04 04:23:35.401
car_ID_2628,FLUSH,6148,car,320,306,318,306,0.5626,2026-08-04 04:23:36.290,2026-08-04 04:23:36.597
car_ID_2625,FLUSH,6153,car,709,267,789,246,0.5617,2026-08-04 04:23:33.526,2026-08-04 04:23:36.894
car_ID_2624,FLUSH,6151,car,616,264,432,285,0.6608,2026-08-04 04:23:33.287,2026-08-04 04:23:38.028
car_ID_2629,FLUSH,6159,car,615,255,545,265,0.6216,2026-08-04 04:23:36.692,2026-08-04 04:23:38.976
car_ID_2627,FLUSH,6158,car,403,330,799,260,0.6658,2026-08-04 04:23:36.119,2026-08-04 04:23:41.066
truck_ID_551,FLUSH,6162,truck,397,291,773,248,0.7312,2026-08-04 04:23:38.366,2026-08-04 04:23:42.632
car_ID_2632,FLUSH,6166,car,395,311,678,275,0.7936,2026-08-04 04:23:40.898,2026-08-04 04:23:42.986
car_ID_2630,FLUSH,6164,car,390,302,793,249,0.6420,2026-08-04 04:23:39.566,2026-08-04 04:23:46.871
car_ID_2634,FLUSH,6175,car,656,246,656,246,0.5561,2026-08-04 04:23:47.459,2026-08-04 04:23:47.491
car_ID_2635,FLUSH,6176,car,1099,350,710,345,0.7892,2026-08-04 04:23:48.892,2026-08-04 04:23:51.234
truck_ID_552,FLUSH,6180,truck,673,344,670,343,0.5140,2026-08-04 04:23:51.356,2026-08-04 04:23:51.388
car_ID_2637,FLUSH,6180,car,658,342,351,335,0.8196,2026-08-04 04:23:51.423,2026-08-04 04:23:52.683
car_ID_2636,FLUSH,6175,car,623,248,493,266,0.6550,2026-08-04 04:23:48.995,2026-08-04 04:23:53.866
car_ID_2631,FLUSH,6165,car,390,282,384,289,0.5759,2026-08-04 04:23:40.590,2026-08-04 04:23:54.967
car_ID_2639,FLUSH,6183,car,1092,349,335,337,0.8310,2026-08-04 04:23:53.160,2026-08-04 04:23:55.571
car_ID_2638,FLUSH,6181,car,974,318,804,259,0.7503,2026-08-04 04:23:52.540,2026-08-04 04:24:01.390
car_ID_2643,FLUSH,6190,car,878,307,878,307,0.5525,2026-08-04 04:24:03.029,2026-08-04 04:24:03.499
car_ID_2642,FLUSH,6189,car,975,319,753,283,0.7273,2026-08-04 04:24:02.335,2026-08-04 04:24:04.695
car_ID_2640,FLUSH,6165,car,389,287,320,310,0.5548,2026-08-04 04:23:56.631,2026-08-04 04:24:08.425
car_ID_2641,FLUSH,6187,car,968,313,800,259,0.7048,2026-08-04 04:24:00.567,2026-08-04 04:24:08.491
car_ID_2644,FLUSH,6189,car,731,276,769,255,0.6371,2026-08-04 04:24:05.793,2026-08-04 04:24:09.789
car_ID_2633,FLUSH,6171,car,616,265,317,314,0.7546,2026-08-04 04:23:43.935,2026-08-04 04:24:11.963
car_ID_2645,FLUSH,6194,car,370,363,1006,383,0.7717,2026-08-04 04:24:10.568,2026-08-04 04:24:12.593
car_ID_2646,FLUSH,6198,car,378,366,1046,391,0.8102,2026-08-04 04:24:12.561,2026-08-04 04:24:14.189
car_ID_2647,FLUSH,6201,car,216,338,364,367,0.5804,2026-08-04 04:24:14.900,2026-08-04 04:24:15.858
car_ID_2648,FLUSH,6202,car,379,371,1107,404,0.8072,2026-08-04 04:24:15.897,2026-08-04 04:24:18.261
car_ID_2652,FLUSH,6217,car,615,255,526,268,0.6437,2026-08-04 04:24:29.158,2026-08-04 04:24:30.778
bus_ID_138,FLUSH,6219,bus,328,295,379,292,0.5340,2026-08-04 04:24:30.523,2026-08-04 04:24:30.778
car_ID_2649,FLUSH,6208,car,344,346,803,256,0.7397,2026-08-04 04:24:23.031,2026-08-04 04:24:31.158
bus_ID_139,FLUSH,6219,bus,499,283,500,283,0.6565,2026-08-04 04:24:32.093,2026-08-04 04:24:32.125
car_ID_2650,FLUSH,6212,car,394,341,803,260,0.7266,2026-08-04 04:24:25.727,2026-08-04 04:24:33.215
truck_ID_554,FLUSH,6225,truck,638,263,644,263,0.5782,2026-08-04 04:24:33.355,2026-08-04 04:24:33.883
truck_ID_553,FLUSH,6219,truck,317,297,674,259,0.6882,2026-08-04 04:24:30.420,2026-08-04 04:24:33.919
car_ID_2651,FLUSH,6216,car,389,339,777,270,0.6805,2026-08-04 04:24:28.807,2026-08-04 04:24:34.228
car_ID_2653,FLUSH,6226,car,553,262,465,273,0.6346,2026-08-04 04:24:33.659,2026-08-04 04:24:35.329
truck_ID_555,FLUSH,6229,truck,392,314,472,303,0.5327,2026-08-04 04:24:34.993,2026-08-04 04:24:35.393
bus_ID_140,FLUSH,6229,bus,463,305,521,294,0.6119,2026-08-04 04:24:35.329,2026-08-04 04:24:35.696
car_ID_2654,FLUSH,6231,car,656,275,656,275,0.5062,2026-08-04 04:24:35.737,2026-08-04 04:24:35.770
bus_ID_141,FLUSH,6230,bus,544,291,544,291,0.5365,2026-08-04 04:24:35.843,2026-08-04 04:24:35.843
truck_ID_556,FLUSH,6230,truck,559,290,611,283,0.6930,2026-08-04 04:24:35.952,2026-08-04 04:24:36.424
car_ID_2655,FLUSH,6240,car,657,252,655,253,0.5639,2026-08-04 04:24:41.266,2026-08-04 04:24:41.380
car_ID_2656,FLUSH,6241,car,713,247,713,247,0.5097,2026-08-04 04:24:41.857,2026-08-04 04:24:41.889
car_ID_2657,FLUSH,6243,car,615,256,383,282,0.6948,2026-08-04 04:24:42.159,2026-08-04 04:24:44.655
car_ID_2659,FLUSH,6248,car,656,256,656,256,0.5365,2026-08-04 04:24:45.030,2026-08-04 04:24:45.160
truck_ID_557,FLUSH,6252,truck,511,271,498,272,0.5329,2026-08-04 04:24:47.797,2026-08-04 04:24:47.993
car_ID_2658,FLUSH,6245,car,657,253,489,273,0.6420,2026-08-04 04:24:43.632,2026-08-04 04:24:48.166
car_ID_2661,FLUSH,6252,car,521,270,461,275,0.5523,2026-08-04 04:24:47.630,2026-08-04 04:24:48.621
car_ID_2662,FLUSH,6254,car,716,250,711,251,0.5276,2026-08-04 04:24:48.589,2026-08-04 04:24:48.804
truck_ID_558,FLUSH,6245,truck,475,275,435,277,0.5411,2026-08-04 04:24:48.411,2026-08-04 04:24:49.024
car_ID_2664,FLUSH,6245,car,420,279,420,279,0.5525,2026-08-04 04:24:49.265,2026-08-04 04:24:49.265
truck_ID_559,FLUSH,6252,truck,430,278,393,282,0.5324,2026-08-04 04:24:49.094,2026-08-04 04:24:49.887
car_ID_2663,FLUSH,6255,car,629,251,461,269,0.6639,2026-08-04 04:24:48.804,2026-08-04 04:24:51.484
car_ID_2660,FLUSH,6248,car,617,263,387,283,0.6760,2026-08-04 04:24:46.528,2026-08-04 04:24:51.577
car_ID_2668,FLUSH,6262,car,349,345,366,347,0.5993,2026-08-04 04:24:53.933,2026-08-04 04:24:54.088
car_ID_2666,FLUSH,6259,car,574,266,354,286,0.7207,2026-08-04 04:24:52.194,2026-08-04 04:24:54.291
truck_ID_560,FLUSH,6262,truck,461,358,510,364,0.7960,2026-08-04 04:24:54.459,2026-08-04 04:24:54.634
car_ID_2665,FLUSH,6256,car,635,259,404,284,0.6982,2026-08-04 04:24:51.028,2026-08-04 04:24:55.097
truck_ID_561,FLUSH,6263,truck,521,364,1008,377,0.7683,2026-08-04 04:24:54.634,2026-08-04 04:24:56.260
car_ID_2669,FLUSH,6260,car,621,262,393,286,0.6745,2026-08-04 04:24:54.634,2026-08-04 04:24:57.629
car_ID_2671,FLUSH,6267,car,410,359,1000,392,0.8261,2026-08-04 04:24:56.228,2026-08-04 04:24:57.629
car_ID_2667,FLUSH,6261,car,956,310,790,260,0.7241,2026-08-04 04:24:53.467,2026-08-04 04:24:59.851
car_ID_2672,FLUSH,6270,car,395,353,1074,379,0.8355,2026-08-04 04:24:59.374,2026-08-04 04:25:01.422
car_ID_2673,FLUSH,6273,car,401,359,985,389,0.8076,2026-08-04 04:25:01.361,2026-08-04 04:25:02.829
car_ID_2670,FLUSH,6268,car,973,311,804,257,0.7694,2026-08-04 04:24:55.989,2026-08-04 04:25:04.562
car_ID_2674,FLUSH,6277,car,1029,327,768,272,0.7759,2026-08-04 04:25:06.197,2026-08-04 04:25:11.397
car_ID_2675,FLUSH,6279,car,1049,329,753,283,0.7453,2026-08-04 04:25:08.394,2026-08-04 04:25:12.698
car_ID_2676,FLUSH,6282,car,892,297,776,287,0.6170,2026-08-04 04:25:12.288,2026-08-04 04:25:13.722
car_ID_2678,FLUSH,6285,car,776,269,779,268,0.5866,2026-08-04 04:25:15.729,2026-08-04 04:25:15.999
car_ID_2679,FLUSH,6285,car,790,263,804,257,0.5769,2026-08-04 04:25:17.090,2026-08-04 04:25:18.426
car_ID_2677,FLUSH,6283,car,977,320,762,257,0.6477,2026-08-04 04:25:13.304,2026-08-04 04:25:20.472
car_ID_2680,FLUSH,6291,car,713,249,712,249,0.5169,2026-08-04 04:25:21.641,2026-08-04 04:25:21.673
truck_ID_562,FLUSH,6292,truck,354,312,732,254,0.7425,2026-08-04 04:25:22.967,2026-08-04 04:25:26.007
truck_ID_563,FLUSH,6302,truck,756,253,784,248,0.6411,2026-08-04 04:25:26.654,2026-08-04 04:25:28.199
car_ID_2683,FLUSH,6305,car,656,257,656,257,0.5026,2026-08-04 04:25:29.192,2026-08-04 04:25:29.192
car_ID_2681,FLUSH,6297,car,609,265,319,311,0.6527,2026-08-04 04:25:25.427,2026-08-04 04:25:32.803
car_ID_2682,FLUSH,6300,car,366,353,804,257,0.7479,2026-08-04 04:25:26.423,2026-08-04 04:25:32.803
car_ID_2686,FLUSH,6297,car,319,311,319,311,0.5240,2026-08-04 04:25:34.760,2026-08-04 04:25:34.760
car_ID_2687,FLUSH,6312,car,656,252,655,252,0.5532,2026-08-04 04:25:35.752,2026-08-04 04:25:35.883
car_ID_2689,FLUSH,6315,car,714,246,713,246,0.5169,2026-08-04 04:25:36.875,2026-08-04 04:25:36.881
car_ID_2690,FLUSH,6316,car,776,240,776,242,0.5258,2026-08-04 04:25:37.276,2026-08-04 04:25:37.459
car_ID_2691,FLUSH,6317,car,657,253,655,252,0.5525,2026-08-04 04:25:38.133,2026-08-04 04:25:38.305
car_ID_2688,FLUSH,6314,car,621,254,421,277,0.7172,2026-08-04 04:25:36.463,2026-08-04 04:25:38.919
car_ID_2693,FLUSH,6324,car,657,257,650,257,0.5169,2026-08-04 04:25:40.625,2026-08-04 04:25:40.828
car_ID_2684,FLUSH,6306,car,617,264,378,289,0.6478,2026-08-04 04:25:30.319,2026-08-04 04:25:41.299
car_ID_2692,FLUSH,6321,car,616,255,426,277,0.6724,2026-08-04 04:25:39.094,2026-08-04 04:25:41.690
car_ID_2694,FLUSH,6326,car,615,262,434,281,0.7033,2026-08-04 04:25:41.369,2026-08-04 04:25:43.325
car_ID_2695,FLUSH,6306,car,376,289,762,259,0.6400,2026-08-04 04:25:42.595,2026-08-04 04:25:53.021
car_ID_2698,FLUSH,6331,car,796,246,796,245,0.5454,2026-08-04 04:25:54.601,2026-08-04 04:25:54.702
car_ID_2699,FLUSH,6334,car,717,251,716,251,0.5632,2026-08-04 04:25:57.836,2026-08-04 04:25:57.898
car_ID_2700,FLUSH,6337,car,682,344,682,344,0.5402,2026-08-04 04:25:58.757,2026-08-04 04:25:58.757
car_ID_2685,FLUSH,6307,car,1103,348,392,339,0.6964,2026-08-04 04:25:31.200,2026-08-04 04:25:59.822
car_ID_2701,FLUSH,6338,car,620,251,473,270,0.6347,2026-08-04 04:25:59.204,2026-08-04 04:26:02.756
car_ID_2704,FLUSH,6345,car,530,272,487,276,0.6163,2026-08-04 04:26:02.585,2026-08-04 04:26:03.368
car_ID_2697,FLUSH,6328,car,377,289,377,290,0.5515,2026-08-04 04:25:49.335,2026-08-04 04:26:03.645
car_ID_2705,FLUSH,6338,car,393,274,391,277,0.5062,2026-08-04 04:26:04.196,2026-08-04 04:26:04.700
car_ID_2703,FLUSH,6343,car,976,314,766,272,0.6861,2026-08-04 04:26:01.390,2026-08-04 04:26:06.591
car_ID_2708,FLUSH,6348,car,612,260,538,269,0.6056,2026-08-04 04:26:05.254,2026-08-04 04:26:07.767
car_ID_2710,FLUSH,6354,car,789,262,790,261,0.5329,2026-08-04 04:26:08.461,2026-08-04 04:26:08.560
car_ID_2707,FLUSH,6328,car,373,288,375,290,0.5423,2026-08-04 04:26:04.969,2026-08-04 04:26:12.421
car_ID_2711,FLUSH,6361,car,718,251,718,251,0.5026,2026-08-04 04:26:13.161,2026-08-04 04:26:13.161
car_ID_2706,FLUSH,6349,car,976,316,803,258,0.7292,2026-08-04 04:26:04.548,2026-08-04 04:26:13.383
car_ID_2712,FLUSH,6363,car,654,257,654,257,0.5169,2026-08-04 04:26:15.392,2026-08-04 04:26:15.392
car_ID_2714,FLUSH,6366,car,325,308,322,309,0.5154,2026-08-04 04:26:16.695,2026-08-04 04:26:17.028
car_ID_2713,FLUSH,6363,car,612,261,599,264,0.5853,2026-08-04 04:26:16.662,2026-08-04 04:26:17.169
car_ID_2709,FLUSH,6350,car,620,269,561,275,0.5890,2026-08-04 04:26:06.334,2026-08-04 04:26:17.483
car_ID_2696,FLUSH,6329,car,619,268,319,306,0.7261,2026-08-04 04:25:49.269,2026-08-04 04:26:19.964
car_ID_2702,FLUSH,6341,car,616,268,381,286,0.6671,2026-08-04 04:26:00.702,2026-08-04 04:26:21.228
car_ID_2716,FLUSH,6372,car,391,361,994,382,0.8168,2026-08-04 04:26:19.737,2026-08-04 04:26:21.367
car_ID_2715,FLUSH,6350,car,554,276,493,283,0.6380,2026-08-04 04:26:19.333,2026-08-04 04:26:22.327
car_ID_2718,FLUSH,6379,car,326,307,322,309,0.5768,2026-08-04 04:26:22.194,2026-08-04 04:26:22.327
car_ID_2717,FLUSH,6378,car,373,367,964,393,0.8246,2026-08-04 04:26:21.126,2026-08-04 04:26:22.594
truck_ID_564,FLUSH,6371,truck,647,239,488,251,0.6488,2026-08-04 04:26:19.528,2026-08-04 04:26:23.727
car_ID_2721,FLUSH,6381,car,770,241,769,242,0.5145,2026-08-04 04:26:24.230,2026-08-04 04:26:24.294
car_ID_2720,FLUSH,6384,car,347,357,1034,396,0.8241,2026-08-04 04:26:23.991,2026-08-04 04:26:26.360
car_ID_2722,FLUSH,6386,car,367,372,984,401,0.8362,2026-08-04 04:26:26.211,2026-08-04 04:26:27.992
car_ID_2724,FLUSH,6392,car,661,254,530,269,0.6569,2026-08-04 04:26:29.160,2026-08-04 04:26:32.297
car_ID_2726,FLUSH,6397,car,659,256,659,256,0.5204,2026-08-04 04:26:34.858,2026-08-04 04:26:34.890
car_ID_2727,FLUSH,6399,car,380,291,391,288,0.5467,2026-08-04 04:26:35.955,2026-08-04 04:26:36.663
car_ID_2723,FLUSH,6388,car,615,265,471,288,0.6947,2026-08-04 04:26:28.533,2026-08-04 04:26:37.254
bus_ID_142,FLUSH,6403,bus,522,281,522,281,0.5628,2026-08-04 04:26:39.330,2026-08-04 04:26:39.330
car_ID_2719,FLUSH,6382,car,613,266,778,255,0.6886,2026-08-04 04:26:23.139,2026-08-04 04:26:40.559
car_ID_2725,FLUSH,6394,car,380,295,734,269,0.6851,2026-08-04 04:26:34.353,2026-08-04 04:26:40.933
truck_ID_565,FLUSH,6401,truck,399,295,690,259,0.6923,2026-08-04 04:26:37.658,2026-08-04 04:26:41.520
truck_ID_566,FLUSH,6401,truck,746,252,766,251,0.6630,2026-08-04 04:26:42.960,2026-08-04 04:26:43.937
car_ID_2732,FLUSH,6419,car,639,260,541,270,0.7088,2026-08-04 04:26:47.970,2026-08-04 04:26:50.251
car_ID_2731,FLUSH,6413,car,387,343,805,256,0.7035,2026-08-04 04:26:43.090,2026-08-04 04:26:51.628
car_ID_2729,FLUSH,6406,car,438,283,449,285,0.6898,2026-08-04 04:26:39.831,2026-08-04 04:26:52.199
car_ID_2734,FLUSH,6422,car,658,256,660,257,0.5447,2026-08-04 04:26:52.431,2026-08-04 04:26:52.549
car_ID_2733,FLUSH,6421,car,1083,350,396,344,0.8350,2026-08-04 04:26:50.209,2026-08-04 04:26:52.694
car_ID_2736,FLUSH,6425,car,336,344,334,344,0.5065,2026-08-04 04:26:52.825,2026-08-04 04:26:53.329
truck_ID_567,FLUSH,6436,truck,648,238,648,238,0.5596,2026-08-04 04:27:07.504,2026-08-04 04:27:07.537
bus_ID_143,FLUSH,6438,bus,598,242,598,242,0.6559,2026-08-04 04:27:09.289,2026-08-04 04:27:09.289
car_ID_2728,FLUSH,6405,car,377,298,315,309,0.5621,2026-08-04 04:26:39.463,2026-08-04 04:27:09.964
truck_ID_568,FLUSH,6438,truck,591,242,584,243,0.5737,2026-08-04 04:27:09.489,2026-08-04 04:27:10.129
car_ID_2735,FLUSH,6423,car,449,287,321,305,0.7121,2026-08-04 04:26:52.578,2026-08-04 04:27:12.794
car_ID_2730,FLUSH,6409,car,558,274,386,288,0.6374,2026-08-04 04:26:40.965,2026-08-04 04:27:13.799
car_ID_2738,FLUSH,6443,car,359,376,1038,400,0.8113,2026-08-04 04:27:12.259,2026-08-04 04:27:14.858
car_ID_2739,FLUSH,6446,car,356,377,1045,391,0.8390,2026-08-04 04:27:14.090,2026-08-04 04:27:15.970
car_ID_2737,FLUSH,6422,car,611,265,404,288,0.5967,2026-08-04 04:26:54.603,2026-08-04 04:27:16.065
car_ID_2740,FLUSH,6448,car,345,361,1080,391,0.8486,2026-08-04 04:27:16.863,2026-08-04 04:27:19.055
bus_ID_145,FLUSH,6452,bus,639,239,550,246,0.6355,2026-08-04 04:27:18.295,2026-08-04 04:27:20.286
car_ID_2742,FLUSH,6454,car,392,357,981,387,0.8357,2026-08-04 04:27:18.765,2026-08-04 04:27:20.488
truck_ID_570,FLUSH,6452,truck,637,239,513,249,0.6450,2026-08-04 04:27:18.330,2026-08-04 04:27:20.890
truck_ID_569,FLUSH,6449,truck,657,240,510,249,0.6435,2026-08-04 04:27:17.823,2026-08-04 04:27:20.922
bus_ID_144,FLUSH,6449,bus,672,237,502,250,0.6188,2026-08-04 04:27:17.329,2026-08-04 04:27:21.032
truck_ID_571,FLUSH,6459,truck,387,278,387,278,0.5327,2026-08-04 04:27:22.193,2026-08-04 04:27:22.291
car_ID_2744,FLUSH,6458,car,828,294,758,284,0.5441,2026-08-04 04:27:21.437,2026-08-04 04:27:22.460
car_ID_2743,FLUSH,6456,car,370,369,1005,392,0.8152,2026-08-04 04:27:20.724,2026-08-04 04:27:22.867
car_ID_2741,FLUSH,6451,car,938,314,803,258,0.6605,2026-08-04 04:27:17.754,2026-08-04 04:27:24.066
car_ID_2745,FLUSH,6458,car,729,271,754,256,0.5909,2026-08-04 04:27:23.694,2026-08-04 04:27:25.089
car_ID_2746,FLUSH,6461,car,379,320,675,279,0.7440,2026-08-04 04:27:27.790,2026-08-04 04:27:31.518
car_ID_2747,FLUSH,6463,car,611,268,404,287,0.5609,2026-08-04 04:27:28.819,2026-08-04 04:27:32.633
car_ID_2752,FLUSH,6468,car,709,270,730,266,0.5365,2026-08-04 04:27:32.024,2026-08-04 04:27:32.777
car_ID_2748,FLUSH,6464,car,340,340,717,270,0.7709,2026-08-04 04:27:28.953,2026-08-04 04:27:33.292
car_ID_2749,FLUSH,6465,car,341,348,663,294,0.7521,2026-08-04 04:27:30.354,2026-08-04 04:27:33.425
car_ID_2751,FLUSH,6467,car,394,313,616,284,0.6767,2026-08-04 04:27:31.407,2026-08-04 04:27:33.594
car_ID_2755,FLUSH,6473,car,759,257,759,257,0.5311,2026-08-04 04:27:34.132,2026-08-04 04:27:34.132
car_ID_2756,FLUSH,6474,car,656,277,656,277,0.5204,2026-08-04 04:27:34.244,2026-08-04 04:27:34.249
car_ID_2750,FLUSH,6466,car,614,269,514,276,0.6055,2026-08-04 04:27:31.134,2026-08-04 04:27:34.278
car_ID_2757,FLUSH,6471,car,319,312,319,312,0.5632,2026-08-04 04:27:34.321,2026-08-04 04:27:34.354
car_ID_2760,FLUSH,6478,car,704,270,704,270,0.5668,2026-08-04 04:27:35.199,2026-08-04 04:27:35.199
car_ID_2754,FLUSH,6472,car,753,279,776,272,0.5828,2026-08-04 04:27:34.019,2026-08-04 04:27:35.264
car_ID_2758,FLUSH,6476,car,468,283,407,289,0.6543,2026-08-04 04:27:34.423,2026-08-04 04:27:36.126
truck_ID_572,FLUSH,6476,truck,470,300,643,276,0.7803,2026-08-04 04:27:37.355,2026-08-04 04:27:39.261
car_ID_2759,FLUSH,6475,car,739,279,800,256,0.5904,2026-08-04 04:27:34.996,2026-08-04 04:27:39.396
car_ID_2761,FLUSH,6482,car,396,321,657,275,0.6617,2026-08-04 04:27:38.199,2026-08-04 04:27:40.324
car_ID_2753,FLUSH,6470,car,481,313,780,263,0.6689,2026-08-04 04:27:33.930,2026-08-04 04:27:40.628
car_ID_2762,FLUSH,6483,car,395,340,688,292,0.7632,2026-08-04 04:27:38.585,2026-08-04 04:27:41.694
car_ID_2765,FLUSH,6491,car,318,307,318,308,0.5659,2026-08-04 04:27:42.263,2026-08-04 04:27:42.537
truck_ID_573,FLUSH,6488,truck,755,265,771,259,0.6421,2026-08-04 04:27:41.097,2026-08-04 04:27:42.855
car_ID_2764,FLUSH,6489,car,421,331,678,293,0.6628,2026-08-04 04:27:41.730,2026-08-04 04:27:44.351
car_ID_2767,FLUSH,6491,car,318,308,318,308,0.5026,2026-08-04 04:27:44.440,2026-08-04 04:27:44.440
car_ID_2763,FLUSH,6485,car,402,310,718,264,0.6926,2026-08-04 04:27:40.662,2026-08-04 04:27:44.795
truck_ID_574,FLUSH,6483,truck,785,260,785,260,0.5311,2026-08-04 04:27:44.959,2026-08-04 04:27:44.959
car_ID_2766,FLUSH,6483,car,754,278,785,266,0.6220,2026-08-04 04:27:43.225,2026-08-04 04:27:45.687
car_ID_2769,FLUSH,6491,car,318,309,318,309,0.5026,2026-08-04 04:27:45.823,2026-08-04 04:27:45.928
car_ID_2770,FLUSH,6490,car,383,289,383,289,0.5525,2026-08-04 04:27:46.362,2026-08-04 04:27:46.394
car_ID_2771,FLUSH,6490,car,382,289,379,289,0.5422,2026-08-04 04:27:48.109,2026-08-04 04:27:49.468
car_ID_2768,FLUSH,6496,car,751,278,800,258,0.6895,2026-08-04 04:27:45.723,2026-08-04 04:27:50.124
car_ID_2772,FLUSH,6490,car,327,313,320,313,0.5787,2026-08-04 04:27:50.831,2026-08-04 04:27:51.288
car_ID_2773,FLUSH,6497,car,663,252,660,253,0.6015,2026-08-04 04:27:51.376,2026-08-04 04:27:51.491
car_ID_2774,FLUSH,6498,car,612,257,426,277,0.6407,2026-08-04 04:27:52.233,2026-08-04 04:27:53.916
car_ID_2775,FLUSH,6499,car,342,382,982,392,0.7762,2026-08-04 04:27:53.194,2026-08-04 04:27:55.035
car_ID_2777,FLUSH,6501,car,621,261,395,285,0.6786,2026-08-04 04:27:54.928,2026-08-04 04:27:57.309
car_ID_2778,FLUSH,6502,car,631,254,452,271,0.5817,2026-08-04 04:27:55.375,2026-08-04 04:27:57.426
car_ID_2779,FLUSH,6503,car,335,374,1004,390,0.7486,2026-08-04 04:27:55.457,2026-08-04 04:27:57.924
car_ID_2780,FLUSH,6504,car,1021,305,946,298,0.5775,2026-08-04 04:28:00.854,2026-08-04 04:28:01.360
truck_ID_575,FLUSH,6505,truck,897,293,824,288,0.5858,2026-08-04 04:28:01.851,2026-08-04 04:28:02.390
car_ID_2776,FLUSH,6500,car,984,321,794,283,0.7749,2026-08-04 04:27:54.028,2026-08-04 04:28:03.199
car_ID_2781,FLUSH,6506,car,937,297,871,296,0.5569,2026-08-04 04:28:02.426,2026-08-04 04:28:03.572
car_ID_2783,FLUSH,6507,car,771,276,771,277,0.5846,2026-08-04 04:28:05.592,2026-08-04 04:28:05.624
car_ID_2782,FLUSH,6505,car,819,289,793,259,0.6083,2026-08-04 04:28:03.572,2026-08-04 04:28:09.527
car_ID_2785,FLUSH,6510,car,421,311,609,283,0.7011,2026-08-04 04:28:12.425,2026-08-04 04:28:13.863
car_ID_2786,FLUSH,6513,car,654,281,655,276,0.5400,2026-08-04 04:28:14.298,2026-08-04 04:28:14.419
car_ID_2784,FLUSH,6509,car,385,341,698,289,0.7587,2026-08-04 04:28:12.186,2026-08-04 04:28:15.393
car_ID_2788,FLUSH,6520,car,443,289,443,289,0.6630,2026-08-04 04:28:18.462,2026-08-04 04:28:18.462
car_ID_2787,FLUSH,6509,car,751,280,804,257,0.6754,2026-08-04 04:28:16.492,2026-08-04 04:28:20.130
truck_ID_576,FLUSH,6515,truck,366,294,704,259,0.7289,2026-08-04 04:28:15.624,2026-08-04 04:28:20.490
bus_ID_146,FLUSH,6526,bus,566,244,566,244,0.5739,2026-08-04 04:28:22.226,2026-08-04 04:28:22.226
truck_ID_578,FLUSH,6524,truck,745,253,769,249,0.6068,2026-08-04 04:28:21.232,2026-08-04 04:28:22.518
truck_ID_577,FLUSH,6522,truck,515,251,562,244,0.6757,2026-08-04 04:28:21.028,2026-08-04 04:28:22.799
truck_ID_579,FLUSH,6526,truck,559,245,469,251,0.7249,2026-08-04 04:28:22.363,2026-08-04 04:28:23.892
truck_ID_580,FLUSH,6528,truck,653,238,653,238,0.5276,2026-08-04 04:28:23.893,2026-08-04 04:28:23.893
truck_ID_581,FLUSH,6529,truck,787,246,787,246,0.5703,2026-08-04 04:28:23.893,2026-08-04 04:28:23.893
truck_ID_582,FLUSH,6527,truck,462,254,461,254,0.5815,2026-08-04 04:28:23.964,2026-08-04 04:28:23.996
truck_ID_583,FLUSH,6528,truck,588,242,490,250,0.6848,2026-08-04 04:28:25.400,2026-08-04 04:28:27.033
car_ID_2790,FLUSH,6533,car,338,319,669,277,0.7433,2026-08-04 04:28:35.468,2026-08-04 04:28:37.725
car_ID_2789,FLUSH,6531,car,401,312,762,253,0.6965,2026-08-04 04:28:34.384,2026-08-04 04:28:39.296
car_ID_2792,FLUSH,6537,car,712,250,712,250,0.5169,2026-08-04 04:28:39.664,2026-08-04 04:28:39.664
car_ID_2791,FLUSH,6536,car,714,270,778,253,0.6183,2026-08-04 04:28:38.030,2026-08-04 04:28:40.116
truck_ID_584,FLUSH,6543,truck,648,238,631,239,0.5307,2026-08-04 04:28:45.624,2026-08-04 04:28:46.466
car_ID_2794,FLUSH,6540,car,1025,352,379,343,0.7948,2026-08-04 04:28:43.866,2026-08-04 04:28:46.819
truck_ID_585,FLUSH,6546,truck,586,242,581,243,0.5801,2026-08-04 04:28:47.829,2026-08-04 04:28:48.181
car_ID_2793,FLUSH,6538,car,631,259,338,287,0.7466,2026-08-04 04:28:42.230,2026-08-04 04:28:49.435
truck_ID_586,FLUSH,6549,truck,497,251,479,252,0.5562,2026-08-04 04:28:50.193,2026-08-04 04:28:50.803
car_ID_2795,FLUSH,6545,car,851,294,763,272,0.6956,2026-08-04 04:28:47.494,2026-08-04 04:28:50.967
car_ID_2797,FLUSH,6550,car,1065,328,768,292,0.7502,2026-08-04 04:28:50.258,2026-08-04 04:28:53.537
car_ID_2796,FLUSH,6547,car,982,314,734,264,0.6646,2026-08-04 04:28:49.061,2026-08-04 04:28:56.130
car_ID_2798,FLUSH,6552,car,933,312,767,274,0.7248,2026-08-04 04:28:52.234,2026-08-04 04:28:56.261
car_ID_2799,FLUSH,6555,car,994,322,763,293,0.7580,2026-08-04 04:28:54.055,2026-08-04 04:28:56.540
car_ID_2803,FLUSH,6560,car,598,272,598,272,0.5169,2026-08-04 04:28:58.695,2026-08-04 04:28:58.695
car_ID_2802,FLUSH,6552,car,776,271,802,255,0.6599,2026-08-04 04:28:57.627,2026-08-04 04:29:00.417
car_ID_2804,FLUSH,6562,car,663,254,663,254,0.5596,2026-08-04 04:29:01.057,2026-08-04 04:29:01.088
car_ID_2801,FLUSH,6558,car,615,261,375,286,0.6928,2026-08-04 04:28:57.431,2026-08-04 04:29:01.491
car_ID_2805,FLUSH,6563,car,392,369,1027,405,0.7340,2026-08-04 04:29:01.225,2026-08-04 04:29:02.930
car_ID_2800,FLUSH,6556,car,992,319,805,257,0.7365,2026-08-04 04:28:55.049,2026-08-04 04:29:04.146
car_ID_2808,FLUSH,6567,car,884,303,882,303,0.6523,2026-08-04 04:29:07.433,2026-08-04 04:29:07.465
car_ID_2806,FLUSH,6562,car,630,260,317,304,0.7002,2026-08-04 04:29:02.829,2026-08-04 04:29:07.616
car_ID_2807,FLUSH,6568,car,617,262,387,286,0.6471,2026-08-04 04:29:07.031,2026-08-04 04:29:09.995
car_ID_2810,FLUSH,6570,car,375,357,1062,369,0.8147,2026-08-04 04:29:10.231,2026-08-04 04:29:12.054
car_ID_2809,FLUSH,6569,car,792,291,784,261,0.6349,2026-08-04 04:29:07.820,2026-08-04 04:29:13.307
car_ID_2812,FLUSH,6569,car,804,251,804,251,0.5347,2026-08-04 04:29:14.992,2026-08-04 04:29:14.992
car_ID_2811,FLUSH,6573,car,616,256,374,286,0.6213,2026-08-04 04:29:13.419,2026-08-04 04:29:17.202
car_ID_2814,FLUSH,6577,car,329,319,660,277,0.7927,2026-08-04 04:29:16.626,2026-08-04 04:29:19.699
car_ID_2817,FLUSH,6583,car,548,284,550,284,0.5703,2026-08-04 04:29:19.933,2026-08-04 04:29:19.965
car_ID_2815,FLUSH,6576,car,612,255,416,275,0.6265,2026-08-04 04:29:17.616,2026-08-04 04:29:20.066
car_ID_2820,FLUSH,6588,car,708,267,710,265,0.6436,2026-08-04 04:29:21.094,2026-08-04 04:29:21.363
car_ID_2813,FLUSH,6574,car,410,339,804,258,0.7127,2026-08-04 04:29:15.223,2026-08-04 04:29:21.634
car_ID_2819,FLUSH,6589,car,604,262,401,281,0.6729,2026-08-04 04:29:21.063,2026-08-04 04:29:23.075
person_ID_13,FLUSH,6593,person,331,342,327,344,0.5515,2026-08-04 04:29:24.335,2026-08-04 04:29:24.367
truck_ID_587,FLUSH,6586,truck,586,242,543,245,0.6768,2026-08-04 04:29:23.040,2026-08-04 04:29:24.443
truck_ID_588,FLUSH,6593,truck,395,292,442,300,0.5720,2026-08-04 04:29:24.036,2026-08-04 04:29:25.453
car_ID_2816,FLUSH,6579,car,396,340,797,255,0.6566,2026-08-04 04:29:18.629,2026-08-04 04:29:26.322
car_ID_2818,FLUSH,6584,car,349,319,754,256,0.7019,2026-08-04 04:29:20.033,2026-08-04 04:29:26.321
car_ID_2821,FLUSH,6598,car,411,310,656,278,0.7313,2026-08-04 04:29:27.387,2026-08-04 04:29:29.463
truck_ID_589,FLUSH,6594,truck,446,301,777,249,0.7327,2026-08-04 04:29:25.499,2026-08-04 04:29:31.130
truck_ID_590,FLUSH,6601,truck,363,296,715,258,0.7190,2026-08-04 04:29:28.027,2026-08-04 04:29:31.993
car_ID_2822,FLUSH,6609,car,607,262,595,270,0.5658,2026-08-04 04:29:31.620,2026-08-04 04:29:32.535
truck_ID_592,FLUSH,6610,truck,757,254,769,251,0.6635,2026-08-04 04:29:32.888,2026-08-04 04:29:33.666
car_ID_2823,FLUSH,6611,car,456,278,400,282,0.5345,2026-08-04 04:29:33.464,2026-08-04 04:29:34.310
car_ID_2824,FLUSH,6612,car,489,269,488,269,0.5703,2026-08-04 04:29:34.557,2026-08-04 04:29:34.782
car_ID_2826,FLUSH,6616,car,656,274,656,273,0.5115,2026-08-04 04:29:36.060,2026-08-04 04:29:36.095
car_ID_2825,FLUSH,6613,car,585,265,473,278,0.6084,2026-08-04 04:29:35.371,2026-08-04 04:29:36.598
car_ID_2827,FLUSH,6617,car,656,254,656,254,0.5169,2026-08-04 04:29:36.700,2026-08-04 04:29:36.700
truck_ID_591,FLUSH,6608,truck,486,250,777,251,0.6960,2026-08-04 04:29:30.825,2026-08-04 04:29:37.323
truck_ID_593,FLUSH,6615,truck,584,242,545,246,0.7102,2026-08-04 04:29:35.989,2026-08-04 04:29:37.388
car_ID_2828,FLUSH,6619,car,659,252,659,252,0.5383,2026-08-04 04:29:37.663,2026-08-04 04:29:37.663
car_ID_2829,FLUSH,6597,car,590,322,590,322,0.5240,2026-08-04 04:29:38.063,2026-08-04 04:29:38.063
car_ID_2830,FLUSH,6622,car,553,265,387,284,0.6066,2026-08-04 04:29:39.777,2026-08-04 04:29:42.523
truck_ID_594,FLUSH,6618,truck,408,315,769,253,0.7076,2026-08-04 04:29:37.357,2026-08-04 04:29:42.585
car_ID_2831,FLUSH,6623,car,591,258,450,274,0.7036,2026-08-04 04:29:39.924,2026-08-04 04:29:42.686
car_ID_2833,FLUSH,6627,car,480,323,526,316,0.5891,2026-08-04 04:29:42.621,2026-08-04 04:29:42.929
car_ID_2832,FLUSH,6624,car,408,310,716,264,0.6533,2026-08-04 04:29:40.257,2026-08-04 04:29:43.332
car_ID_2835,FLUSH,6630,car,400,280,377,281,0.6185,2026-08-04 04:29:43.190,2026-08-04 04:29:43.427
bus_ID_147,FLUSH,6629,bus,524,301,524,301,0.6060,2026-08-04 04:29:43.464,2026-08-04 04:29:43.464
car_ID_2834,FLUSH,6628,car,619,254,602,256,0.6575,2026-08-04 04:29:42.723,2026-08-04 04:29:43.496
bus_ID_148,FLUSH,6631,bus,523,301,621,288,0.5703,2026-08-04 04:29:43.496,2026-08-04 04:29:44.254
truck_ID_595,FLUSH,6629,truck,439,313,624,288,0.6906,2026-08-04 04:29:42.956,2026-08-04 04:29:44.286
truck_ID_596,FLUSH,6631,truck,521,301,657,282,0.6473,2026-08-04 04:29:43.464,2026-08-04 04:29:44.993
car_ID_2837,FLUSH,6633,car,568,261,384,280,0.7177,2026-08-04 04:29:44.287,2026-08-04 04:29:47.018
car_ID_2838,FLUSH,6635,car,411,312,714,266,0.6736,2026-08-04 04:29:45.855,2026-08-04 04:29:49.089
car_ID_2836,FLUSH,6632,car,396,340,797,259,0.6866,2026-08-04 04:29:43.978,2026-08-04 04:29:50.529
car_ID_2839,FLUSH,6637,car,399,340,801,257,0.7029,2026-08-04 04:29:47.223,2026-08-04 04:29:52.990
car_ID_2842,FLUSH,6645,car,721,246,721,246,0.5418,2026-08-04 04:29:53.131,2026-08-04 04:29:53.163
car_ID_2840,FLUSH,6644,car,406,315,649,277,0.7301,2026-08-04 04:29:52.826,2026-08-04 04:29:54.830
car_ID_2841,FLUSH,6643,car,614,261,562,270,0.6694,2026-08-04 04:29:52.826,2026-08-04 04:29:55.110
truck_ID_598,FLUSH,6643,truck,597,280,603,280,0.5311,2026-08-04 04:29:55.758,2026-08-04 04:29:55.823
truck_ID_597,FLUSH,6649,truck,592,281,592,281,0.5062,2026-08-04 04:29:55.728,2026-08-04 04:29:55.895
car_ID_2844,FLUSH,6649,car,492,295,621,272,0.6383,2026-08-04 04:29:55.079,2026-08-04 04:29:55.992
car_ID_2845,FLUSH,6650,car,713,268,737,264,0.5955,2026-08-04 04:29:55.960,2026-08-04 04:29:56.793
car_ID_2846,FLUSH,6648,car,597,256,532,263,0.6506,2026-08-04 04:29:56.333,2026-08-04 04:29:57.469
car_ID_2847,FLUSH,6653,car,440,273,381,278,0.6040,2026-08-04 04:29:58.424,2026-08-04 04:29:58.964
car_ID_2848,FLUSH,6652,car,747,260,762,252,0.5807,2026-08-04 04:29:58.758,2026-08-04 04:29:59.426
truck_ID_599,FLUSH,6654,truck,555,245,480,254,0.6284,2026-08-04 04:29:58.661,2026-08-04 04:29:59.791
car_ID_2843,FLUSH,6646,car,405,305,446,283,0.6655,2026-08-04 04:29:54.665,2026-08-04 04:29:59.989
car_ID_2849,FLUSH,6652,car,796,246,797,247,0.5062,2026-08-04 04:30:00.566,2026-08-04 04:30:00.855
bus_ID_149,FLUSH,6657,bus,646,264,648,264,0.5252,2026-08-04 04:30:02.286,2026-08-04 04:30:02.318
car_ID_2850,FLUSH,6659,car,411,292,391,287,0.5431,2026-08-04 04:30:01.428,2026-08-04 04:30:02.964
truck_ID_602,FLUSH,6662,truck,560,248,560,248,0.7557,2026-08-04 04:30:02.858,2026-08-04 04:30:03.330
truck_ID_603,FLUSH,6664,truck,718,257,718,257,0.6131,2026-08-04 04:30:03.268,2026-08-04 04:30:03.725
truck_ID_604,FLUSH,6665,truck,756,253,760,253,0.6390,2026-08-04 04:30:04.120,2026-08-04 04:30:04.227
truck_ID_601,FLUSH,6661,truck,659,262,782,247,0.6209,2026-08-04 04:30:02.394,2026-08-04 04:30:05.462
truck_ID_605,FLUSH,6673,truck,462,253,462,253,0.6808,2026-08-04 04:30:08.594,2026-08-04 04:30:09.049
car_ID_2852,FLUSH,6675,car,660,255,660,255,0.5204,2026-08-04 04:30:10.239,2026-08-04 04:30:10.271
truck_ID_600,FLUSH,6657,truck,404,293,405,258,0.7335,2026-08-04 04:30:00.823,2026-08-04 04:30:11.669
car_ID_2854,FLUSH,6683,car,657,253,658,252,0.5264,2026-08-04 04:30:13.423,2026-08-04 04:30:13.489
car_ID_2855,FLUSH,6680,car,619,260,619,260,0.6024,2026-08-04 04:30:13.489,2026-08-04 04:30:13.489
car_ID_2856,FLUSH,6684,car,608,256,608,256,0.5525,2026-08-04 04:30:14.692,2026-08-04 04:30:14.725
car_ID_2858,FLUSH,6687,car,497,271,491,269,0.5109,2026-08-04 04:30:15.768,2026-08-04 04:30:15.916
car_ID_2851,FLUSH,6667,car,624,262,394,285,0.6723,2026-08-04 04:30:06.699,2026-08-04 04:30:17.755
car_ID_2861,FLUSH,6695,car,424,276,408,275,0.5454,2026-08-04 04:30:19.193,2026-08-04 04:30:19.561
car_ID_2859,FLUSH,6690,car,1089,354,354,343,0.8198,2026-08-04 04:30:16.827,2026-08-04 04:30:20.181
car_ID_2857,FLUSH,6683,car,614,261,502,275,0.5756,2026-08-04 04:30:15.191,2026-08-04 04:30:20.486
car_ID_2862,FLUSH,6696,car,1049,354,389,345,0.8288,2026-08-04 04:30:19.226,2026-08-04 04:30:21.648
car_ID_2865,FLUSH,6706,car,379,342,379,342,0.5810,2026-08-04 04:30:21.787,2026-08-04 04:30:22.259
car_ID_2853,FLUSH,6675,car,624,259,399,284,0.6165,2026-08-04 04:30:11.564,2026-08-04 04:30:22.865
truck_ID_606,FLUSH,6708,truck,653,238,652,238,0.5062,2026-08-04 04:30:23.393,2026-08-04 04:30:23.425
bus_ID_150,FLUSH,6708,bus,651,238,650,238,0.5276,2026-08-04 04:30:23.556,2026-08-04 04:30:23.624
truck_ID_607,FLUSH,6711,truck,649,238,644,238,0.5311,2026-08-04 04:30:23.695,2026-08-04 04:30:23.961
car_ID_2863,FLUSH,6702,car,988,319,756,273,0.7358,2026-08-04 04:30:20.587,2026-08-04 04:30:25.193
car_ID_2864,FLUSH,6683,car,483,274,409,283,0.6099,2026-08-04 04:30:21.642,2026-08-04 04:30:25.330
car_ID_2869,FLUSH,6716,car,780,333,780,333,0.6096,2026-08-04 04:30:25.700,2026-08-04 04:30:26.159
car_ID_2867,FLUSH,6713,car,1037,342,383,332,0.7647,2026-08-04 04:30:24.993,2026-08-04 04:30:26.497
truck_ID_608,FLUSH,6712,truck,630,239,597,240,0.6934,2026-08-04 04:30:24.726,2026-08-04 04:30:26.631
car_ID_2866,FLUSH,6710,car,949,306,763,276,0.6493,2026-08-04 04:30:23.127,2026-08-04 04:30:26.966
car_ID_2870,FLUSH,6721,car,774,270,782,265,0.5311,2026-08-04 04:30:28.001,2026-08-04 04:30:28.707
car_ID_2868,FLUSH,6715,car,979,321,768,267,0.7869,2026-08-04 04:30:25.464,2026-08-04 04:30:30.355
car_ID_2871,FLUSH,6722,car,957,313,750,282,0.7334,2026-08-04 04:30:28.823,2026-08-04 04:30:31.450
car_ID_2874,FLUSH,6715,car,792,253,800,250,0.5323,2026-08-04 04:30:32.700,2026-08-04 04:30:33.028
truck_ID_609,FLUSH,6717,truck,596,240,444,251,0.6940,2026-08-04 04:30:26.196,2026-08-04 04:30:33.796
car_ID_2860,FLUSH,6689,car,616,260,446,281,0.6486,2026-08-04 04:30:17.131,2026-08-04 04:30:34.254
car_ID_2873,FLUSH,6724,car,989,317,767,288,0.7623,2026-08-04 04:30:32.633,2026-08-04 04:30:34.756
truck_ID_610,FLUSH,6717,truck,433,252,430,253,0.5712,2026-08-04 04:30:35.691,2026-08-04 04:30:37.070
car_ID_2876,FLUSH,6729,car,794,244,794,244,0.5240,2026-08-04 04:30:38.484,2026-08-04 04:30:38.484
car_ID_2872,FLUSH,6723,car,1032,318,779,252,0.6427,2026-08-04 04:30:30.000,2026-08-04 04:30:39.366
car_ID_2875,FLUSH,6717,car,426,283,383,285,0.5622,2026-08-04 04:30:37.731,2026-08-04 04:30:39.841
truck_ID_611,FLUSH,6728,truck,430,254,386,256,0.5638,2026-08-04 04:30:37.391,2026-08-04 04:30:40.423
car_ID_2877,FLUSH,6730,car,351,370,1015,395,0.7868,2026-08-04 04:30:40.902,2026-08-04 04:30:43.923
car_ID_2878,FLUSH,6734,car,658,255,397,283,0.6992,2026-08-04 04:30:43.734,2026-08-04 04:30:47.900
car_ID_2879,FLUSH,6736,car,658,257,386,286,0.6628,2026-08-04 04:30:45.959,2026-08-04 04:30:50.364
car_ID_2880,FLUSH,6741,car,638,260,378,282,0.6980,2026-08-04 04:30:48.897,2026-08-04 04:30:52.523
car_ID_2882,FLUSH,6746,car,659,249,430,272,0.5994,2026-08-04 04:30:52.206,2026-08-04 04:30:55.588
car_ID_2884,FLUSH,6749,car,353,314,648,277,0.7764,2026-08-04 04:30:55.455,2026-08-04 04:30:58.087
car_ID_2881,FLUSH,6744,car,393,337,802,257,0.7437,2026-08-04 04:30:51.589,2026-08-04 04:30:59.357
car_ID_2885,FLUSH,6752,car,699,270,716,263,0.5882,2026-08-04 04:30:59.133,2026-08-04 04:30:59.790
truck_ID_612,FLUSH,6751,truck,394,301,650,264,0.6179,2026-08-04 04:30:58.229,2026-08-04 04:31:00.922
car_ID_2883,FLUSH,6747,car,378,318,787,245,0.7116,2026-08-04 04:30:53.265,2026-08-04 04:31:01.023
truck_ID_613,FLUSH,6756,truck,684,263,760,253,0.6135,2026-08-04 04:31:01.358,2026-08-04 04:31:03.444
car_ID_2887,FLUSH,6755,car,301,354,666,290,0.7809,2026-08-04 04:31:00.469,2026-08-04 04:31:03.888
car_ID_2886,FLUSH,6754,car,402,315,707,272,0.7567,2026-08-04 04:31:00.031,2026-08-04 04:31:04.386
car_ID_2888,FLUSH,6759,car,353,319,716,264,0.6936,2026-08-04 04:31:02.255,2026-08-04 04:31:06.062
car_ID_2889,FLUSH,6754,car,745,277,772,272,0.6005,2026-08-04 04:31:05.458,2026-08-04 04:31:06.825
car_ID_2890,FLUSH,6767,car,480,272,363,282,0.5955,2026-08-04 04:31:06.363,2026-08-04 04:31:07.601
car_ID_2891,FLUSH,6769,car,538,277,498,282,0.7001,2026-08-04 04:31:06.791,2026-08-04 04:31:08.358
car_ID_2892,FLUSH,6771,car,610,265,597,270,0.6662,2026-08-04 04:31:07.987,2026-08-04 04:31:08.596
truck_ID_614,FLUSH,6762,truck,367,296,776,248,0.7703,2026-08-04 04:31:03.958,2026-08-04 04:31:10.336
car_ID_2894,FLUSH,6776,car,473,279,442,282,0.5855,2026-08-04 04:31:10.104,2026-08-04 04:31:10.486
car_ID_2896,FLUSH,6779,car,326,310,318,306,0.6224,2026-08-04 04:31:11.232,2026-08-04 04:31:13.522
car_ID_2895,FLUSH,6777,car,520,278,400,287,0.6381,2026-08-04 04:31:10.382,2026-08-04 04:31:13.835
car_ID_2893,FLUSH,6774,car,405,287,719,261,0.6904,2026-08-04 04:31:09.665,2026-08-04 04:31:14.582
truck_ID_615,FLUSH,6770,truck,377,296,787,247,0.7185,2026-08-04 04:31:07.783,2026-08-04 04:31:15.029
car_ID_2899,FLUSH,6784,car,613,264,578,268,0.5537,2026-08-04 04:31:14.369,2026-08-04 04:31:15.533
car_ID_2898,FLUSH,6783,car,391,316,716,267,0.7509,2026-08-04 04:31:14.027,2026-08-04 04:31:17.164
bus_ID_152,FLUSH,6787,bus,658,264,663,263,0.5640,2026-08-04 04:31:17.958,2026-08-04 04:31:18.030
truck_ID_616,FLUSH,6787,truck,395,298,666,263,0.7415,2026-08-04 04:31:15.190,2026-08-04 04:31:18.065
bus_ID_151,FLUSH,6794,bus,645,265,687,259,0.5459,2026-08-04 04:31:17.744,2026-08-04 04:31:18.362
car_ID_2897,FLUSH,6781,car,406,337,791,264,0.7096,2026-08-04 04:31:12.024,2026-08-04 04:31:18.531
truck_ID_618,FLUSH,6799,truck,736,255,745,254,0.6351,2026-08-04 04:31:19.374,2026-08-04 04:31:19.694
truck_ID_617,FLUSH,6794,truck,605,269,759,252,0.6576,2026-08-04 04:31:17.303,2026-08-04 04:31:20.099
bus_ID_153,FLUSH,6799,bus,729,254,771,248,0.5994,2026-08-04 04:31:19.056,2026-08-04 04:31:21.052
car_ID_2900,FLUSH,6790,car,318,306,317,307,0.6266,2026-08-04 04:31:16.529,2026-08-04 04:31:21.131
bus_ID_154,FLUSH,6794,bus,739,254,767,249,0.6142,2026-08-04 04:31:19.563,2026-08-04 04:31:21.164
car_ID_2901,FLUSH,6792,car,392,298,410,287,0.6105,2026-08-04 04:31:16.792,2026-08-04 04:31:21.535
car_ID_2902,FLUSH,6795,car,506,280,500,278,0.7249,2026-08-04 04:31:17.439,2026-08-04 04:31:21.925
truck_ID_619,FLUSH,6803,truck,598,240,578,243,0.7122,2026-08-04 04:31:21.201,2026-08-04 04:31:21.925
car_ID_2904,FLUSH,6807,car,388,298,396,288,0.5929,2026-08-04 04:31:22.904,2026-08-04 04:31:23.832
car_ID_2903,FLUSH,6806,car,316,305,316,304,0.5937,2026-08-04 04:31:22.609,2026-08-04 04:31:23.995
car_ID_2905,FLUSH,6809,car,472,278,495,284,0.6321,2026-08-04 04:31:23.311,2026-08-04 04:31:24.349
bus_ID_155,FLUSH,6806,bus,449,311,557,295,0.5402,2026-08-04 04:31:24.518,2026-08-04 04:31:25.139
car_ID_2909,FLUSH,6806,car,549,297,594,289,0.7228,2026-08-04 04:31:25.089,2026-08-04 04:31:25.464
truck_ID_622,FLUSH,6809,truck,593,290,594,290,0.5026,2026-08-04 04:31:25.433,2026-08-04 04:31:25.465
truck_ID_621,FLUSH,6806,truck,370,322,637,280,0.6329,2026-08-04 04:31:24.167,2026-08-04 04:31:25.856
car_ID_2910,FLUSH,6814,car,622,245,622,245,0.5097,2026-08-04 04:31:26.293,2026-08-04 04:31:26.326
truck_ID_620,FLUSH,6790,truck,357,293,754,269,0.7261,2026-08-04 04:31:21.296,2026-08-04 04:31:27.729
car_ID_2913,FLUSH,6814,car,585,248,574,250,0.5711,2026-08-04 04:31:27.520,2026-08-04 04:31:27.790
car_ID_2914,FLUSH,6826,car,625,256,625,256,0.5169,2026-08-04 04:31:28.031,2026-08-04 04:31:28.031
car_ID_2911,FLUSH,6819,car,616,260,546,268,0.6405,2026-08-04 04:31:27.422,2026-08-04 04:31:28.436
truck_ID_623,FLUSH,6825,truck,773,263,773,263,0.5177,2026-08-04 04:31:28.690,2026-08-04 04:31:28.690
car_ID_2915,FLUSH,6827,car,709,245,706,245,0.5359,2026-08-04 04:31:28.719,2026-08-04 04:31:28.784
car_ID_2916,FLUSH,6828,car,439,277,432,277,0.5801,2026-08-04 04:31:29.391,2026-08-04 04:31:29.500
car_ID_2917,FLUSH,6832,car,657,250,656,251,0.5352,2026-08-04 04:31:30.696,2026-08-04 04:31:30.928
truck_ID_624,FLUSH,6830,truck,573,243,535,246,0.6669,2026-08-04 04:31:30.087,2026-08-04 04:31:31.525
car_ID_2919,FLUSH,6834,car,775,237,775,237,0.5062,2026-08-04 04:31:32.775,2026-08-04 04:31:32.775
car_ID_2906,FLUSH,6812,car,316,308,315,305,0.5859,2026-08-04 04:31:24.451,2026-08-04 04:31:33.548
car_ID_2912,FLUSH,6821,car,397,333,802,258,0.7382,2026-08-04 04:31:27.454,2026-08-04 04:31:33.965
car_ID_2918,FLUSH,6832,car,615,253,521,262,0.6166,2026-08-04 04:31:32.128,2026-08-04 04:31:35.160
car_ID_2922,FLUSH,6835,car,612,254,610,255,0.5133,2026-08-04 04:31:35.558,2026-08-04 04:31:35.624
car_ID_2923,FLUSH,6837,car,450,274,450,274,0.5418,2026-08-04 04:31:36.365,2026-08-04 04:31:36.398
car_ID_2907,FLUSH,6813,car,393,299,391,289,0.5805,2026-08-04 04:31:24.777,2026-08-04 04:31:36.495
car_ID_2921,FLUSH,6836,car,722,244,705,245,0.5506,2026-08-04 04:31:35.513,2026-08-04 04:31:36.530
truck_ID_625,FLUSH,6835,truck,588,241,582,241,0.5826,2026-08-04 04:31:37.186,2026-08-04 04:31:37.388
truck_ID_626,FLUSH,6839,truck,574,243,524,246,0.5489,2026-08-04 04:31:37.596,2026-08-04 04:31:38.746
car_ID_2924,FLUSH,6838,car,391,324,804,260,0.6778,2026-08-04 04:31:36.596,2026-08-04 04:31:42.100
car_ID_2926,FLUSH,6840,car,620,251,519,264,0.6314,2026-08-04 04:31:39.908,2026-08-04 04:31:42.961
car_ID_2920,FLUSH,6812,car,318,305,318,305,0.6129,2026-08-04 04:31:34.997,2026-08-04 04:31:44.829
car_ID_2927,FLUSH,6842,car,460,272,383,279,0.5697,2026-08-04 04:31:43.817,2026-08-04 04:31:45.102
car_ID_2929,FLUSH,6847,car,391,318,771,254,0.6778,2026-08-04 04:31:48.859,2026-08-04 04:31:54.563
car_ID_2931,FLUSH,6854,car,400,309,673,281,0.7642,2026-08-04 04:31:55.825,2026-08-04 04:31:57.987
car_ID_2933,FLUSH,6858,car,657,257,657,256,0.5097,2026-08-04 04:31:59.491,2026-08-04 04:31:59.622
car_ID_2932,FLUSH,6857,car,712,272,785,252,0.6411,2026-08-04 04:31:58.836,2026-08-04 04:32:01.796
car_ID_2934,FLUSH,6861,car,614,266,576,271,0.5649,2026-08-04 04:32:02.627,2026-08-04 04:32:06.477
car_ID_2925,FLUSH,6813,car,390,289,391,289,0.5858,2026-08-04 04:31:37.626,2026-08-04 04:32:06.659
car_ID_2935,FLUSH,6863,car,1052,352,373,338,0.7984,2026-08-04 04:32:04.058,2026-08-04 04:32:07.366
car_ID_2939,FLUSH,6861,car,572,272,572,272,0.5062,2026-08-04 04:32:08.097,2026-08-04 04:32:08.130
car_ID_2936,FLUSH,6866,car,1075,344,374,338,0.8093,2026-08-04 04:32:05.868,2026-08-04 04:32:09.035
car_ID_2938,FLUSH,6813,car,390,289,389,289,0.5426,2026-08-04 04:32:07.860,2026-08-04 04:32:10.785
car_ID_2942,FLUSH,6877,car,662,254,662,254,0.5240,2026-08-04 04:32:12.603,2026-08-04 04:32:12.635
truck_ID_627,FLUSH,6879,truck,612,246,603,247,0.5846,2026-08-04 04:32:13.075,2026-08-04 04:32:13.418
car_ID_2937,FLUSH,6867,car,928,306,789,258,0.7465,2026-08-04 04:32:07.029,2026-08-04 04:32:13.994
car_ID_2944,FLUSH,6861,car,575,269,575,269,0.5062,2026-08-04 04:32:14.222,2026-08-04 04:32:14.222
car_ID_2943,FLUSH,6877,car,615,260,575,266,0.5641,2026-08-04 04:32:14.128,2026-08-04 04:32:15.467
truck_ID_628,FLUSH,6881,truck,553,242,553,242,0.5311,2026-08-04 04:32:15.097,2026-08-04 04:32:15.564
car_ID_2945,FLUSH,6884,car,661,252,657,251,0.5506,2026-08-04 04:32:15.738,2026-08-04 04:32:16.223
car_ID_2940,FLUSH,6874,car,952,315,795,260,0.6941,2026-08-04 04:32:10.271,2026-08-04 04:32:16.967
car_ID_2941,FLUSH,6813,car,389,288,389,289,0.5372,2026-08-04 04:32:12.295,2026-08-04 04:32:17.525
car_ID_2946,FLUSH,6888,car,607,255,607,256,0.5222,2026-08-04 04:32:18.777,2026-08-04 04:32:18.883
car_ID_2908,FLUSH,6816,car,469,279,393,284,0.7052,2026-08-04 04:31:25.057,2026-08-04 04:32:19.459
car_ID_2928,FLUSH,6812,car,316,305,317,304,0.6070,2026-08-04 04:31:46.032,2026-08-04 04:32:19.867
car_ID_2930,FLUSH,6845,car,611,264,534,272,0.6340,2026-08-04 04:31:49.375,2026-08-04 04:32:21.009
car_ID_2948,FLUSH,6816,car,388,288,377,289,0.5480,2026-08-04 04:32:20.763,2026-08-04 04:32:22.335
truck_ID_629,FLUSH,6895,truck,656,239,630,240,0.5346,2026-08-04 04:32:21.269,2026-08-04 04:32:22.897
car_ID_2951,FLUSH,6899,car,406,278,383,281,0.5472,2026-08-04 04:32:23.693,2026-08-04 04:32:24.061
bus_ID_156,FLUSH,6901,bus,647,244,634,244,0.6181,2026-08-04 04:32:24.093,2026-08-04 04:32:24.520
truck_ID_630,FLUSH,6900,truck,533,244,533,244,0.5347,2026-08-04 04:32:24.658,2026-08-04 04:32:24.658
car_ID_2947,FLUSH,6890,car,475,278,395,286,0.6672,2026-08-04 04:32:18.777,2026-08-04 04:32:25.331
car_ID_2949,FLUSH,6896,car,536,272,440,281,0.6168,2026-08-04 04:32:22.028,2026-08-04 04:32:27.078
car_ID_2952,FLUSH,6903,car,338,352,1058,387,0.8494,2026-08-04 04:32:25.364,2026-08-04 04:32:27.695
truck_ID_631,FLUSH,6904,truck,397,258,397,258,0.5552,2026-08-04 04:32:27.492,2026-08-04 04:32:27.951
car_ID_2954,FLUSH,6907,car,664,256,661,256,0.5240,2026-08-04 04:32:28.864,2026-08-04 04:32:29.058
car_ID_2953,FLUSH,6906,car,370,367,1017,388,0.7418,2026-08-04 04:32:27.860,2026-08-04 04:32:30.359
car_ID_2950,FLUSH,6888,car,571,271,410,288,0.6444,2026-08-04 04:32:22.864,2026-08-04 04:32:31.859
car_ID_2955,FLUSH,6908,car,389,357,1049,375,0.7580,2026-08-04 04:32:30.458,2026-08-04 04:32:33.158
car_ID_2956,FLUSH,6909,car,609,266,393,288,0.6479,2026-08-04 04:32:31.040,2026-08-04 04:32:34.487
car_ID_2957,FLUSH,6913,car,403,351,996,375,0.8117,2026-08-04 04:32:33.255,2026-08-04 04:32:35.076
car_ID_2958,FLUSH,6909,car,319,314,319,314,0.5169,2026-08-04 04:32:35.987,2026-08-04 04:32:36.059
car_ID_2959,FLUSH,6909,car,317,312,317,312,0.5632,2026-08-04 04:32:37.247,2026-08-04 04:32:37.423
car_ID_2960,FLUSH,6919,car,611,254,534,263,0.5949,2026-08-04 04:32:40.599,2026-08-04 04:32:42.589
car_ID_2961,FLUSH,6923,car,657,255,657,256,0.5363,2026-08-04 04:32:43.228,2026-08-04 04:32:43.498
car_ID_2964,FLUSH,6925,car,461,275,442,280,0.5436,2026-08-04 04:32:46.467,2026-08-04 04:32:46.635
car_ID_2962,FLUSH,6926,car,391,313,623,283,0.6830,2026-08-04 04:32:46.046,2026-08-04 04:32:47.732
bus_ID_157,FLUSH,6927,bus,476,316,550,303,0.6010,2026-08-04 04:32:47.359,2026-08-04 04:32:48.048
car_ID_2966,FLUSH,6933,car,654,250,654,250,0.5204,2026-08-04 04:32:48.588,2026-08-04 04:32:48.664
car_ID_2968,FLUSH,6936,car,639,291,640,290,0.5953,2026-08-04 04:32:49.337,2026-08-04 04:32:49.421
car_ID_2965,FLUSH,6928,car,421,308,605,281,0.6489,2026-08-04 04:32:48.041,2026-08-04 04:32:49.618
car_ID_2963,FLUSH,6927,car,339,337,682,285,0.6532,2026-08-04 04:32:46.258,2026-08-04 04:32:50.602
truck_ID_632,FLUSH,6921,truck,394,293,778,249,0.8064,2026-08-04 04:32:43.263,2026-08-04 04:32:51.127
car_ID_2971,FLUSH,6937,car,319,312,319,313,0.5561,2026-08-04 04:32:51.255,2026-08-04 04:32:51.287
car_ID_2972,FLUSH,6942,car,716,264,716,263,0.6096,2026-08-04 04:32:51.664,2026-08-04 04:32:51.697
truck_ID_633,FLUSH,6943,truck,782,248,787,247,0.5485,2026-08-04 04:32:51.562,2026-08-04 04:32:51.984
car_ID_2973,FLUSH,6944,car,630,297,634,297,0.5565,2026-08-04 04:32:51.665,2026-08-04 04:32:52.202
car_ID_2969,FLUSH,6938,car,613,253,496,269,0.7233,2026-08-04 04:32:49.751,2026-08-04 04:32:52.384
car_ID_2970,FLUSH,6940,car,711,274,794,261,0.6278,2026-08-04 04:32:50.735,2026-08-04 04:32:55.009
car_ID_2967,FLUSH,6932,car,335,338,782,270,0.7291,2026-08-04 04:32:48.729,2026-08-04 04:32:55.792
truck_ID_635,FLUSH,6950,truck,599,253,599,253,0.5204,2026-08-04 04:32:56.481,2026-08-04 04:32:56.481
car_ID_2974,FLUSH,6950,car,624,258,571,261,0.5472,2026-08-04 04:32:56.098,2026-08-04 04:32:56.687
truck_ID_636,FLUSH,6951,truck,528,261,528,261,0.5525,2026-08-04 04:32:57.101,2026-08-04 04:32:57.101
bus_ID_158,FLUSH,6951,bus,452,266,449,266,0.6452,2026-08-04 04:32:57.533,2026-08-04 04:32:57.566
car_ID_2975,FLUSH,6953,car,653,274,653,274,0.5097,2026-08-04 04:32:57.631,2026-08-04 04:32:57.631
truck_ID_634,FLUSH,6945,truck,395,292,779,250,0.7397,2026-08-04 04:32:52.657,2026-08-04 04:32:58.827
truck_ID_637,FLUSH,6945,truck,789,247,789,247,0.5097,2026-08-04 04:33:00.036,2026-08-04 04:33:00.036
car_ID_2976,FLUSH,6947,car,318,313,316,313,0.5126,2026-08-04 04:32:58.697,2026-08-04 04:33:01.294
car_ID_2978,FLUSH,6955,car,1018,344,423,331,0.7550,2026-08-04 04:33:02.555,2026-08-04 04:33:05.698
car_ID_2981,FLUSH,6947,car,319,310,319,310,0.5292,2026-08-04 04:33:07.499,2026-08-04 04:33:07.785
car_ID_2979,FLUSH,6959,car,660,253,425,278,0.6136,2026-08-04 04:33:03.858,2026-08-04 04:33:10.197
car_ID_2980,FLUSH,6962,car,1073,352,320,309,0.7951,2026-08-04 04:33:05.933,2026-08-04 04:33:10.300
car_ID_2984,FLUSH,6969,car,320,310,319,309,0.5169,2026-08-04 04:33:13.928,2026-08-04 04:33:15.359
car_ID_2982,FLUSH,6965,car,967,315,804,258,0.7234,2026-08-04 04:33:07.887,2026-08-04 04:33:16.185
car_ID_2983,FLUSH,6970,car,657,255,428,282,0.7140,2026-08-04 04:33:12.531,2026-08-04 04:33:17.273
truck_ID_638,FLUSH,6973,truck,650,239,504,250,0.6794,2026-08-04 04:33:16.935,2026-08-04 04:33:21.449
car_ID_2977,FLUSH,6953,car,629,261,319,302,0.7373,2026-08-04 04:32:59.460,2026-08-04 04:33:21.991
truck_ID_639,FLUSH,6976,truck,476,249,440,250,0.5921,2026-08-04 04:33:21.620,2026-08-04 04:33:22.832
car_ID_2985,FLUSH,6977,car,399,360,980,390,0.8533,2026-08-04 04:33:22.127,2026-08-04 04:33:23.460
car_ID_2986,FLUSH,6978,car,633,259,418,283,0.6997,2026-08-04 04:33:22.530,2026-08-04 04:33:24.958
car_ID_2987,FLUSH,6984,car,348,353,1040,390,0.8474,2026-08-04 04:33:25.852,2026-08-04 04:33:27.652
car_ID_2988,FLUSH,6986,car,942,314,729,272,0.6927,2026-08-04 04:33:27.032,2026-08-04 04:33:30.186
car_ID_2989,FLUSH,6985,car,624,259,373,285,0.7078,2026-08-04 04:33:27.795,2026-08-04 04:33:30.491
car_ID_2991,FLUSH,6989,car,662,254,380,283,0.6655,2026-08-04 04:33:29.293,2026-08-04 04:33:32.990
car_ID_2990,FLUSH,6988,car,962,313,805,257,0.6746,2026-08-04 04:33:28.896,2026-08-04 04:33:34.256
car_ID_2992,FLUSH,6991,car,662,253,379,282,0.6910,2026-08-04 04:33:30.997,2026-08-04 04:33:34.963
car_ID_2993,FLUSH,6997,car,367,315,668,277,0.8117,2026-08-04 04:33:38.833,2026-08-04 04:33:41.926
car_ID_2994,FLUSH,6998,car,391,315,645,281,0.7674,2026-08-04 04:33:41.669,2026-08-04 04:33:44.125
car_ID_2996,FLUSH,7007,car,709,270,715,268,0.5759,2026-08-04 04:33:45.522,2026-08-04 04:33:45.822
car_ID_2995,FLUSH,7000,car,705,271,801,253,0.6523,2026-08-04 04:33:42.754,2026-08-04 04:33:46.095
truck_ID_640,FLUSH,7001,truck,344,303,766,251,0.7314,2026-08-04 04:33:42.755,2026-08-04 04:33:51.630
truck_ID_641,FLUSH,7009,truck,346,313,677,261,0.7868,2026-08-04 04:33:47.694,2026-08-04 04:33:51.762
car_ID_2997,FLUSH,7014,car,589,259,412,277,0.6732,2026-08-04 04:33:51.056,2026-08-04 04:33:54.091
truck_ID_642,FLUSH,7016,truck,720,257,782,249,0.6463,2026-08-04 04:33:52.102,2026-08-04 04:33:54.797
car_ID_3000,FLUSH,7021,car,606,299,606,299,0.5632,2026-08-04 04:33:55.860,2026-08-04 04:33:55.860
car_ID_3001,FLUSH,7022,car,657,255,657,255,0.5026,2026-08-04 04:33:57.161,2026-08-04 04:33:57.161
car_ID_2998,FLUSH,7017,car,395,338,783,264,0.6963,2026-08-04 04:33:52.491,2026-08-04 04:33:58.933
car_ID_2999,FLUSH,7019,car,387,336,802,258,0.7251,2026-08-04 04:33:54.091,2026-08-04 04:34:02.529
car_ID_3002,FLUSH,7024,car,619,262,388,286,0.7154,2026-08-04 04:33:59.241,2026-08-04 04:34:04.160
car_ID_3006,FLUSH,7024,car,329,310,327,309,0.5953,2026-08-04 04:34:05.260,2026-08-04 04:34:05.425
car_ID_3004,FLUSH,7030,car,1097,352,340,342,0.8337,2026-08-04 04:34:02.255,2026-08-04 04:34:06.063
car_ID_3005,FLUSH,7029,car,609,255,472,270,0.6395,2026-08-04 04:34:03.377,2026-08-04 04:34:06.589
car_ID_3007,FLUSH,7024,car,317,308,316,306,0.5260,2026-08-04 04:34:06.726,2026-08-04 04:34:07.599
car_ID_3008,FLUSH,7033,car,923,311,779,271,0.7674,2026-08-04 04:34:09.657,2026-08-04 04:34:13.825
car_ID_3009,FLUSH,7024,car,317,304,317,306,0.5436,2026-08-04 04:34:09.760,2026-08-04 04:34:15.324
car_ID_3012,FLUSH,7041,car,662,252,657,252,0.5490,2026-08-04 04:34:15.128,2026-08-04 04:34:15.324
car_ID_3011,FLUSH,7040,car,790,264,803,259,0.5748,2026-08-04 04:34:15.021,2026-08-04 04:34:16.078
car_ID_3014,FLUSH,7024,car,318,306,318,306,0.5668,2026-08-04 04:34:17.862,2026-08-04 04:34:17.862
car_ID_3010,FLUSH,7036,car,1003,317,803,256,0.7531,2026-08-04 04:34:12.527,2026-08-04 04:34:19.427
car_ID_3013,FLUSH,7042,car,621,255,439,280,0.6721,2026-08-04 04:34:16.078,2026-08-04 04:34:20.001
car_ID_3003,FLUSH,7028,car,632,261,311,309,0.7076,2026-08-04 04:34:01.155,2026-08-04 04:34:22.263
car_ID_3016,FLUSH,7045,car,211,339,213,340,0.5490,2026-08-04 04:34:25.891,2026-08-04 04:34:25.923
car_ID_3015,FLUSH,7044,car,328,374,997,398,0.7919,2026-08-04 04:34:24.520,2026-08-04 04:34:26.664
truck_ID_643,FLUSH,7047,truck,369,365,369,365,0.6415,2026-08-04 04:34:26.870,2026-08-04 04:34:26.870
car_ID_3017,FLUSH,7047,car,354,377,1029,396,0.8488,2026-08-04 04:34:26.694,2026-08-04 04:34:28.554
car_ID_3018,FLUSH,7054,car,386,340,657,277,0.6696,2026-08-04 04:34:36.432,2026-08-04 04:34:39.470
car_ID_3024,FLUSH,7063,car,704,270,709,270,0.5490,2026-08-04 04:34:40.359,2026-08-04 04:34:40.587
car_ID_3022,FLUSH,7060,car,389,342,718,276,0.7528,2026-08-04 04:34:39.470,2026-08-04 04:34:42.621
bus_ID_159,FLUSH,7066,bus,655,240,647,242,0.5650,2026-08-04 04:34:42.408,2026-08-04 04:34:42.707
truck_ID_645,FLUSH,7068,truck,616,241,616,241,0.5062,2026-08-04 04:34:43.561,2026-08-04 04:34:43.561
car_ID_3019,FLUSH,7055,car,394,337,802,257,0.7440,2026-08-04 04:34:36.528,2026-08-04 04:34:43.620
car_ID_3020,FLUSH,7053,car,613,253,675,277,0.6903,2026-08-04 04:34:37.296,2026-08-04 04:34:45.205
bus_ID_161,FLUSH,7066,bus,563,245,528,249,0.5555,2026-08-04 04:34:44.661,2026-08-04 04:34:45.252
bus_ID_160,FLUSH,7068,bus,598,241,514,250,0.6626,2026-08-04 04:34:43.952,2026-08-04 04:34:45.539
truck_ID_644,FLUSH,7066,truck,638,255,520,250,0.6051,2026-08-04 04:34:43.161,2026-08-04 04:34:45.825
truck_ID_646,FLUSH,7068,truck,563,245,504,251,0.5547,2026-08-04 04:34:44.661,2026-08-04 04:34:46.159
bus_ID_162,FLUSH,7070,bus,368,288,512,270,0.6078,2026-08-04 04:34:45.421,2026-08-04 04:34:46.643
car_ID_3021,FLUSH,7057,car,368,346,803,257,0.7167,2026-08-04 04:34:38.207,2026-08-04 04:34:46.858
truck_ID_647,FLUSH,7071,truck,407,290,403,289,0.6378,2026-08-04 04:34:46.889,2026-08-04 04:34:46.921
truck_ID_648,FLUSH,7072,truck,512,283,512,283,0.5102,2026-08-04 04:34:48.285,2026-08-04 04:34:48.318
car_ID_3023,FLUSH,7062,car,418,307,761,253,0.6987,2026-08-04 04:34:40.262,2026-08-04 04:34:48.892
truck_ID_649,FLUSH,7071,truck,530,281,769,251,0.7582,2026-08-04 04:34:48.424,2026-08-04 04:34:53.233
truck_ID_651,FLUSH,7081,truck,632,239,627,240,0.6726,2026-08-04 04:34:56.213,2026-08-04 04:34:56.888
bus_ID_163,FLUSH,7084,bus,595,241,595,241,0.5454,2026-08-04 04:34:57.396,2026-08-04 04:34:57.396
truck_ID_650,FLUSH,7079,truck,654,239,591,241,0.5562,2026-08-04 04:34:55.399,2026-08-04 04:34:58.056
car_ID_3025,FLUSH,7080,car,1038,354,381,338,0.7638,2026-08-04 04:34:55.695,2026-08-04 04:34:59.167
truck_ID_652,FLUSH,7084,truck,589,242,466,252,0.7713,2026-08-04 04:34:57.629,2026-08-04 04:35:01.286
car_ID_3026,FLUSH,7086,car,1085,352,359,341,0.8363,2026-08-04 04:34:59.287,2026-08-04 04:35:02.290
truck_ID_653,FLUSH,7089,truck,464,253,383,259,0.5935,2026-08-04 04:35:01.278,2026-08-04 04:35:02.898
car_ID_3028,FLUSH,7088,car,661,255,381,284,0.7294,2026-08-04 04:35:01.012,2026-08-04 04:35:06.358
car_ID_3027,FLUSH,7087,car,971,315,803,257,0.7692,2026-08-04 04:35:00.824,2026-08-04 04:35:09.087
truck_ID_654,FLUSH,7100,truck,652,238,648,240,0.5181,2026-08-04 04:35:27.688,2026-08-04 04:35:27.961
truck_ID_655,FLUSH,7104,truck,627,240,617,239,0.6574,2026-08-04 04:35:28.755,2026-08-04 04:35:29.502
car_ID_3031,FLUSH,7107,car,657,256,655,256,0.5115,2026-08-04 04:35:30.424,2026-08-04 04:35:30.694
car_ID_3029,FLUSH,7097,car,644,258,422,283,0.6220,2026-08-04 04:35:25.856,2026-08-04 04:35:30.827
truck_ID_656,FLUSH,7105,truck,587,243,504,251,0.7026,2026-08-04 04:35:29.851,2026-08-04 04:35:32.059
car_ID_3033,FLUSH,7109,car,608,266,578,268,0.6328,2026-08-04 04:35:32.191,2026-08-04 04:35:32.924
car_ID_3032,FLUSH,7108,car,777,236,759,238,0.5338,2026-08-04 04:35:32.126,2026-08-04 04:35:33.056
car_ID_3034,FLUSH,7115,car,711,244,712,244,0.5552,2026-08-04 04:35:35.031,2026-08-04 04:35:35.133
car_ID_3036,FLUSH,7117,car,392,286,392,286,0.5561,2026-08-04 04:35:35.790,2026-08-04 04:35:35.790
car_ID_3030,FLUSH,7106,car,371,319,766,252,0.7141,2026-08-04 04:35:29.851,2026-08-04 04:35:36.463
car_ID_3035,FLUSH,7114,car,414,306,555,289,0.5683,2026-08-04 04:35:35.066,2026-08-04 04:35:36.959
car_ID_3037,FLUSH,7120,car,572,259,569,261,0.5311,2026-08-04 04:35:37.292,2026-08-04 04:35:37.425
truck_ID_659,FLUSH,7122,truck,640,261,640,261,0.5290,2026-08-04 04:35:37.902,2026-08-04 04:35:37.934
truck_ID_657,FLUSH,7110,truck,376,294,767,251,0.7343,2026-08-04 04:35:31.789,2026-08-04 04:35:39.858
car_ID_3038,FLUSH,7123,car,475,272,418,275,0.5691,2026-08-04 04:35:39.640,2026-08-04 04:35:40.542
car_ID_3039,FLUSH,7127,car,612,301,612,301,0.5703,2026-08-04 04:35:40.361,2026-08-04 04:35:40.833
truck_ID_661,FLUSH,7130,truck,470,264,470,264,0.5383,2026-08-04 04:35:41.256,2026-08-04 04:35:41.256
car_ID_3041,FLUSH,7130,car,465,266,440,271,0.5299,2026-08-04 04:35:41.355,2026-08-04 04:35:41.611
car_ID_3040,FLUSH,7129,car,590,259,526,266,0.6915,2026-08-04 04:35:40.764,2026-08-04 04:35:43.081
car_ID_3042,FLUSH,7131,car,620,252,603,255,0.5945,2026-08-04 04:35:42.407,2026-08-04 04:35:43.299
truck_ID_658,FLUSH,7119,truck,358,294,772,251,0.7336,2026-08-04 04:35:36.664,2026-08-04 04:35:44.291
car_ID_3043,FLUSH,7138,car,511,267,408,277,0.6704,2026-08-04 04:35:45.587,2026-08-04 04:35:47.224
car_ID_3044,FLUSH,7139,car,608,256,541,266,0.6576,2026-08-04 04:35:46.127,2026-08-04 04:35:48.251
car_ID_3045,FLUSH,7143,car,423,279,415,278,0.5359,2026-08-04 04:35:50.163,2026-08-04 04:35:50.230
truck_ID_660,FLUSH,7125,truck,517,261,788,246,0.7308,2026-08-04 04:35:40.696,2026-08-04 04:35:50.634
car_ID_3048,FLUSH,7148,car,656,276,655,275,0.5585,2026-08-04 04:35:53.724,2026-08-04 04:35:53.954
car_ID_3049,FLUSH,7149,car,720,252,719,253,0.5246,2026-08-04 04:35:53.858,2026-08-04 04:35:54.128
truck_ID_662,FLUSH,7141,truck,364,316,785,249,0.7637,2026-08-04 04:35:47.799,2026-08-04 04:35:55.697
car_ID_3046,FLUSH,7147,car,382,341,787,265,0.7320,2026-08-04 04:35:52.756,2026-08-04 04:35:59.794
car_ID_3051,FLUSH,7154,car,388,317,773,252,0.7169,2026-08-04 04:35:56.619,2026-08-04 04:36:02.864
car_ID_3050,FLUSH,7151,car,382,337,803,256,0.7209,2026-08-04 04:35:54.834,2026-08-04 04:36:04.094
car_ID_3052,FLUSH,7157,car,374,317,801,246,0.6909,2026-08-04 04:35:59.691,2026-08-04 04:36:05.459
car_ID_3055,FLUSH,7161,car,1091,351,685,346,0.7683,2026-08-04 04:36:06.653,2026-08-04 04:36:08.904
car_ID_3056,FLUSH,7165,car,648,345,387,336,0.8144,2026-08-04 04:36:09.026,2026-08-04 04:36:10.199
car_ID_3054,FLUSH,7160,car,964,310,769,272,0.7798,2026-08-04 04:36:06.341,2026-08-04 04:36:10.621
truck_ID_663,FLUSH,7163,truck,932,295,762,268,0.6539,2026-08-04 04:36:09.091,2026-08-04 04:36:14.372
car_ID_3058,FLUSH,7172,car,717,253,717,253,0.5240,2026-08-04 04:36:18.095,2026-08-04 04:36:18.095
car_ID_3057,FLUSH,7167,car,955,311,770,255,0.6654,2026-08-04 04:36:11.468,2026-08-04 04:36:19.427
car_ID_3047,FLUSH,7145,car,613,264,372,289,0.7207,2026-08-04 04:35:53.031,2026-08-04 04:36:20.589
car_ID_3053,FLUSH,7156,car,613,267,372,296,0.7514,2026-08-04 04:35:59.829,2026-08-04 04:36:23.264
truck_ID_664,FLUSH,7182,truck,701,378,701,378,0.6303,2026-08-04 04:36:25.236,2026-08-04 04:36:25.236
car_ID_3063,FLUSH,7182,car,481,368,880,384,0.7048,2026-08-04 04:36:24.688,2026-08-04 04:36:25.649
truck_ID_665,FLUSH,7180,truck,716,380,740,379,0.5431,2026-08-04 04:36:25.263,2026-08-04 04:36:25.649
car_ID_3062,FLUSH,7180,car,385,352,911,387,0.6717,2026-08-04 04:36:24.069,2026-08-04 04:36:26.153
car_ID_3059,FLUSH,7176,car,625,262,323,303,0.6569,2026-08-04 04:36:22.093,2026-08-04 04:36:26.186
car_ID_3060,FLUSH,7177,car,644,257,371,281,0.6265,2026-08-04 04:36:22.529,2026-08-04 04:36:26.598
car_ID_3061,FLUSH,7179,car,662,254,410,281,0.6753,2026-08-04 04:36:24.069,2026-08-04 04:36:27.524
car_ID_3064,FLUSH,7184,car,389,356,1042,389,0.7891,2026-08-04 04:36:25.640,2026-08-04 04:36:27.795
car_ID_3067,FLUSH,7188,car,363,370,363,370,0.5965,2026-08-04 04:36:28.131,2026-08-04 04:36:28.588
car_ID_3066,FLUSH,7187,car,300,367,1044,391,0.8150,2026-08-04 04:36:27.726,2026-08-04 04:36:29.528
car_ID_3068,FLUSH,7190,car,384,364,368,363,0.5704,2026-08-04 04:36:29.875,2026-08-04 04:36:29.923
car_ID_3065,FLUSH,7185,car,622,252,418,271,0.6239,2026-08-04 04:36:27.188,2026-08-04 04:36:30.996
car_ID_3069,FLUSH,7191,car,376,365,1093,394,0.8424,2026-08-04 04:36:30.022,2026-08-04 04:36:32.200
car_ID_3071,FLUSH,7207,car,585,257,577,257,0.5814,2026-08-04 04:36:40.964,2026-08-04 04:36:41.223
truck_ID_666,FLUSH,7199,truck,359,313,631,277,0.6736,2026-08-04 04:36:38.137,2026-08-04 04:36:41.223
car_ID_3072,FLUSH,7208,car,603,265,603,263,0.5204,2026-08-04 04:36:41.223,2026-08-04 04:36:41.287
car_ID_3070,FLUSH,7195,car,358,318,768,256,0.7246,2026-08-04 04:36:35.792,2026-08-04 04:36:41.932
car_ID_3073,FLUSH,7211,car,522,267,415,284,0.5747,2026-08-04 04:36:42.365,2026-08-04 04:36:43.292
truck_ID_667,FLUSH,7215,truck,762,261,763,261,0.5383,2026-08-04 04:36:43.708,2026-08-04 04:36:43.741
car_ID_3074,FLUSH,7210,car,615,261,389,284,0.7324,2026-08-04 04:36:42.723,2026-08-04 04:36:45.166
car_ID_3075,FLUSH,7216,car,617,255,372,282,0.6787,2026-08-04 04:36:44.292,2026-08-04 04:36:48.022
car_ID_3076,FLUSH,7223,car,658,252,655,252,0.5097,2026-08-04 04:36:52.552,2026-08-04 04:36:52.625
car_ID_3078,FLUSH,7225,car,380,313,411,307,0.5896,2026-08-04 04:36:54.532,2026-08-04 04:36:54.801
car_ID_3077,FLUSH,7224,car,613,254,382,280,0.6536,2026-08-04 04:36:53.610,2026-08-04 04:36:57.133
car_ID_3082,FLUSH,7231,car,656,256,656,256,0.5236,2026-08-04 04:36:58.765,2026-08-04 04:36:59.103
car_ID_3079,FLUSH,7226,car,415,334,805,260,0.6624,2026-08-04 04:36:54.834,2026-08-04 04:37:00.166
car_ID_3080,FLUSH,7227,car,561,308,770,250,0.5892,2026-08-04 04:36:55.554,2026-08-04 04:37:00.364
car_ID_3081,FLUSH,7228,car,403,308,776,251,0.6617,2026-08-04 04:36:55.997,2026-08-04 04:37:01.831
car_ID_3083,FLUSH,7233,car,615,264,325,312,0.7197,2026-08-04 04:37:00.438,2026-08-04 04:37:04.496
car_ID_3084,FLUSH,7237,car,366,371,995,389,0.8034,2026-08-04 04:37:08.057,2026-08-04 04:37:09.732
car_ID_3086,FLUSH,7241,car,715,247,715,247,0.5169,2026-08-04 04:37:12.196,2026-08-04 04:37:12.196
car_ID_3087,FLUSH,7244,car,612,255,358,282,0.7296,2026-08-04 04:37:14.464,2026-08-04 04:37:17.103
car_ID_3085,FLUSH,7239,car,955,315,804,258,0.7557,2026-08-04 04:37:10.267,2026-08-04 04:37:19.292
car_ID_3088,FLUSH,7250,car,613,255,370,283,0.6498,2026-08-04 04:37:17.034,2026-08-04 04:37:19.930
car_ID_3089,FLUSH,7251,car,662,255,388,284,0.6811,2026-08-04 04:37:17.924,2026-08-04 04:37:21.520
car_ID_3091,FLUSH,7256,car,644,259,375,282,0.7310,2026-08-04 04:37:20.421,2026-08-04 04:37:23.898
car_ID_3090,FLUSH,7254,car,937,312,800,253,0.7761,2026-08-04 04:37:19.696,2026-08-04 04:37:26.327
car_ID_3093,FLUSH,7261,car,591,303,591,303,0.5347,2026-08-04 04:37:29.462,2026-08-04 04:37:29.495
car_ID_3092,FLUSH,7259,car,389,340,670,290,0.7197,2026-08-04 04:37:27.524,2026-08-04 04:37:30.658
car_ID_3096,FLUSH,7268,car,717,251,716,251,0.5169,2026-08-04 04:37:32.643,2026-08-04 04:37:32.650
car_ID_3095,FLUSH,7267,car,610,260,391,279,0.6835,2026-08-04 04:37:32.277,2026-08-04 04:37:34.729
car_ID_3094,FLUSH,7266,car,737,278,801,256,0.7631,2026-08-04 04:37:31.928,2026-08-04 04:37:36.133
car_ID_3097,FLUSH,7271,car,611,265,390,288,0.6668,2026-08-04 04:37:36.134,2026-08-04 04:37:39.131
car_ID_3098,FLUSH,7273,car,339,380,975,401,0.7498,2026-08-04 04:37:43.225,2026-08-04 04:37:45.178
truck_ID_668,FLUSH,7280,truck,391,338,394,338,0.5311,2026-08-04 04:37:56.470,2026-08-04 04:37:56.476
truck_ID_669,FLUSH,7279,truck,402,337,404,336,0.5240,2026-08-04 04:37:56.556,2026-08-04 04:37:56.589
car_ID_3100,FLUSH,7280,car,424,332,426,332,0.6880,2026-08-04 04:37:56.757,2026-08-04 04:37:56.790
car_ID_3102,FLUSH,7285,car,797,237,771,242,0.5447,2026-08-04 04:37:59.451,2026-08-04 04:38:00.691
car_ID_3099,FLUSH,7279,car,397,338,804,260,0.6861,2026-08-04 04:37:56.505,2026-08-04 04:38:03.355
car_ID_3103,FLUSH,7286,car,363,314,667,276,0.7474,2026-08-04 04:38:00.300,2026-08-04 04:38:03.823
car_ID_3105,FLUSH,7293,car,610,261,404,282,0.6856,2026-08-04 04:38:03.098,2026-08-04 04:38:05.523
car_ID_3101,FLUSH,7284,car,398,317,763,258,0.7172,2026-08-04 04:37:58.895,2026-08-04 04:38:06.353
car_ID_3107,FLUSH,7294,car,659,256,659,256,0.5383,2026-08-04 04:38:06.689,2026-08-04 04:38:06.758
car_ID_3104,FLUSH,7289,car,333,319,794,250,0.7394,2026-08-04 04:38:01.563,2026-08-04 04:38:09.929
car_ID_3108,FLUSH,7296,car,610,265,446,280,0.6352,2026-08-04 04:38:07.788,2026-08-04 04:38:10.377
car_ID_3106,FLUSH,7295,car,618,255,376,284,0.6453,2026-08-04 04:38:06.224,2026-08-04 04:38:10.832
car_ID_3109,FLUSH,7299,car,657,256,479,278,0.6525,2026-08-04 04:38:09.091,2026-08-04 04:38:11.819
car_ID_3110,FLUSH,7300,car,531,275,317,314,0.6852,2026-08-04 04:38:09.524,2026-08-04 04:38:14.783
car_ID_3111,FLUSH,7300,car,317,314,316,315,0.5229,2026-08-04 04:38:15.885,2026-08-04 04:38:17.035
car_ID_3112,FLUSH,7305,car,614,266,389,291,0.7202,2026-08-04 04:38:20.499,2026-08-04 04:38:24.924
car_ID_3113,FLUSH,7310,car,344,367,368,368,0.5739,2026-08-04 04:38:26.460,2026-08-04 04:38:26.598
car_ID_3114,FLUSH,7312,car,390,358,1036,380,0.8384,2026-08-04 04:38:26.695,2026-08-04 04:38:28.400
car_ID_3115,FLUSH,7314,car,350,348,350,348,0.5628,2026-08-04 04:38:29.265,2026-08-04 04:38:29.265
car_ID_3116,FLUSH,7315,car,391,360,1004,387,0.8352,2026-08-04 04:38:29.396,2026-08-04 04:38:31.002
car_ID_3117,FLUSH,7318,car,620,261,377,286,0.7075,2026-08-04 04:38:31.992,2026-08-04 04:38:34.273
car_ID_3118,FLUSH,7319,car,1037,327,807,256,0.7634,2026-08-04 04:38:32.086,2026-08-04 04:38:39.332
car_ID_3119,FLUSH,7320,car,937,310,784,253,0.7554,2026-08-04 04:38:36.857,2026-08-04 04:38:45.221
car_ID_3122,FLUSH,7323,car,375,319,670,276,0.7479,2026-08-04 04:38:46.296,2026-08-04 04:38:49.447
car_ID_3126,FLUSH,7332,car,444,311,444,311,0.6345,2026-08-04 04:38:49.617,2026-08-04 04:38:50.096
car_ID_3125,FLUSH,7330,car,374,322,539,299,0.7335,2026-08-04 04:38:49.106,2026-08-04 04:38:50.362
car_ID_3124,FLUSH,7329,car,700,272,763,257,0.5611,2026-08-04 04:38:48.997,2026-08-04 04:38:51.797
car_ID_3127,FLUSH,7334,car,550,297,660,280,0.6613,2026-08-04 04:38:50.466,2026-08-04 04:38:52.255
car_ID_3120,FLUSH,7321,car,1000,320,966,314,0.5333,2026-08-04 04:38:43.262,2026-08-04 04:38:52.657
car_ID_3121,FLUSH,7322,car,328,336,800,257,0.7489,2026-08-04 04:38:44.488,2026-08-04 04:38:52.889
car_ID_3123,FLUSH,7324,car,340,334,782,260,0.7161,2026-08-04 04:38:46.890,2026-08-04 04:38:53.845
car_ID_3130,FLUSH,7341,car,705,266,705,266,0.5133,2026-08-04 04:38:55.467,2026-08-04 04:38:55.475
truck_ID_670,FLUSH,7333,truck,374,297,770,248,0.7341,2026-08-04 04:38:50.096,2026-08-04 04:38:56.752
car_ID_3129,FLUSH,7321,car,973,314,968,311,0.5779,2026-08-04 04:38:54.801,2026-08-04 04:38:57.564
car_ID_3133,FLUSH,7350,car,697,359,697,359,0.5169,2026-08-04 04:38:58.625,2026-08-04 04:38:59.087
car_ID_3132,FLUSH,7345,car,1094,352,341,341,0.8338,2026-08-04 04:38:56.591,2026-08-04 04:39:00.752
car_ID_3128,FLUSH,7339,car,350,347,805,257,0.7521,2026-08-04 04:38:53.303,2026-08-04 04:39:01.257
car_ID_3131,FLUSH,7344,car,620,256,317,315,0.7024,2026-08-04 04:38:56.525,2026-08-04 04:39:04.852
car_ID_3134,FLUSH,7348,car,967,314,787,262,0.7160,2026-08-04 04:38:58.708,2026-08-04 04:39:06.825
car_ID_3136,FLUSH,7356,car,718,250,711,251,0.5627,2026-08-04 04:39:09.083,2026-08-04 04:39:09.560
car_ID_3135,FLUSH,7352,car,980,321,804,258,0.7107,2026-08-04 04:39:03.061,2026-08-04 04:39:11.531
person_ID_14,FLUSH,7357,person,924,398,734,396,0.7090,2026-08-04 04:39:09.121,2026-08-04 04:39:11.604
car_ID_3137,FLUSH,7362,car,656,255,656,255,0.5062,2026-08-04 04:39:12.056,2026-08-04 04:39:12.088
person_ID_15,FLUSH,7361,person,705,396,383,389,0.6942,2026-08-04 04:39:11.336,2026-08-04 04:39:15.125
car_ID_3139,FLUSH,7368,car,657,256,656,256,0.5418,2026-08-04 04:39:15.199,2026-08-04 04:39:15.329
car_ID_3138,FLUSH,7366,car,631,259,384,286,0.7139,2026-08-04 04:39:13.825,2026-08-04 04:39:19.832
car_ID_3142,FLUSH,7372,car,353,372,935,401,0.8321,2026-08-04 04:39:19.651,2026-08-04 04:39:21.337
car_ID_3140,FLUSH,7369,car,936,310,805,257,0.7105,2026-08-04 04:39:15.329,2026-08-04 04:39:21.795
car_ID_3141,FLUSH,7371,car,616,264,317,312,0.6797,2026-08-04 04:39:17.484,2026-08-04 04:39:23.727
car_ID_3143,FLUSH,7377,car,382,370,981,394,0.8099,2026-08-04 04:39:25.369,2026-08-04 04:39:27.322
car_ID_3144,FLUSH,7379,car,387,320,652,279,0.6689,2026-08-04 04:39:30.696,2026-08-04 04:39:33.025
car_ID_3145,FLUSH,7380,car,344,344,672,288,0.8037,2026-08-04 04:39:30.896,2026-08-04 04:39:33.898
truck_ID_672,FLUSH,7385,truck,450,292,472,285,0.6759,2026-08-04 04:39:37.026,2026-08-04 04:39:37.187
car_ID_3146,FLUSH,7382,car,739,278,803,256,0.7168,2026-08-04 04:39:35.002,2026-08-04 04:39:38.658
truck_ID_671,FLUSH,7384,truck,362,303,764,250,0.6893,2026-08-04 04:39:35.351,2026-08-04 04:39:42.473
car_ID_3147,FLUSH,7393,car,630,260,578,268,0.6879,2026-08-04 04:39:42.368,2026-08-04 04:39:43.768
car_ID_3148,FLUSH,7396,car,614,256,599,258,0.5433,2026-08-04 04:39:43.600,2026-08-04 04:39:44.053
car_ID_3149,FLUSH,7399,car,421,283,408,285,0.5756,2026-08-04 04:39:45.688,2026-08-04 04:39:45.996
car_ID_3150,FLUSH,7400,car,450,276,403,279,0.5932,2026-08-04 04:39:46.264,2026-08-04 04:39:46.754
truck_ID_673,FLUSH,7395,truck,378,297,788,246,0.7124,2026-08-04 04:39:43.296,2026-08-04 04:39:52.726
car_ID_3152,FLUSH,7409,car,435,305,785,255,0.6673,2026-08-04 04:39:57.450,2026-08-04 04:40:03.120
car_ID_3153,FLUSH,7413,car,402,314,784,253,0.7371,2026-08-04 04:40:00.655,2026-08-04 04:40:06.721
car_ID_3154,FLUSH,7415,car,1055,354,377,342,0.7580,2026-08-04 04:40:05.601,2026-08-04 04:40:08.944
car_ID_3155,FLUSH,7420,car,1043,353,341,349,0.7695,2026-08-04 04:40:11.648,2026-08-04 04:40:13.701
car_ID_3157,FLUSH,7424,car,656,255,656,255,0.5427,2026-08-04 04:40:16.254,2026-08-04 04:40:16.391
car_ID_3156,FLUSH,7423,car,1009,312,804,256,0.7838,2026-08-04 04:40:15.948,2026-08-04 04:40:22.889
car_ID_3151,FLUSH,7404,car,615,266,368,295,0.6343,2026-08-04 04:39:51.288,2026-08-04 04:40:25.665
car_ID_3158,FLUSH,7425,car,614,265,372,288,0.7494,2026-08-04 04:40:19.225,2026-08-04 04:40:28.298
car_ID_3159,FLUSH,7428,car,365,355,1012,385,0.8363,2026-08-04 04:40:26.932,2026-08-04 04:40:28.992
car_ID_3160,FLUSH,7429,car,365,368,1046,380,0.7781,2026-08-04 04:40:30.259,2026-08-04 04:40:32.499
car_ID_3161,FLUSH,7431,car,359,361,986,393,0.7821,2026-08-04 04:40:32.828,2026-08-04 04:40:34.727
truck_ID_674,FLUSH,7434,truck,386,303,670,266,0.7742,2026-08-04 04:40:40.865,2026-08-04 04:40:44.018
truck_ID_677,FLUSH,7441,truck,761,253,769,251,0.6875,2026-08-04 04:40:46.060,2026-08-04 04:40:47.201
truck_ID_676,FLUSH,7439,truck,726,256,788,249,0.6309,2026-08-04 04:40:45.140,2026-08-04 04:40:47.831
truck_ID_675,FLUSH,7437,truck,374,284,735,245,0.7368,2026-08-04 04:40:44.525,2026-08-04 04:40:49.184
truck_ID_678,FLUSH,7444,truck,619,240,491,251,0.7268,2026-08-04 04:40:49.134,2026-08-04 04:40:51.760
car_ID_3162,FLUSH,7450,car,656,252,656,252,0.5169,2026-08-04 04:40:56.926,2026-08-04 04:40:56.926
car_ID_3163,FLUSH,7452,car,617,254,379,282,0.7256,2026-08-04 04:40:57.876,2026-08-04 04:41:01.112
car_ID_3165,FLUSH,7457,car,599,249,583,251,0.5340,2026-08-04 04:41:02.792,2026-08-04 04:41:03.098
car_ID_3164,FLUSH,7456,car,609,248,591,249,0.5214,2026-08-04 04:41:02.529,2026-08-04 04:41:03.349
truck_ID_680,FLUSH,7456,truck,557,253,535,256,0.5888,2026-08-04 04:41:03.559,2026-08-04 04:41:04.401
truck_ID_679,FLUSH,7457,truck,570,251,463,263,0.5895,2026-08-04 04:41:03.349,2026-08-04 04:41:04.788
car_ID_3166,FLUSH,7463,car,715,252,715,252,0.5169,2026-08-04 04:41:10.487,2026-08-04 04:41:10.959
car_ID_3167,FLUSH,7466,car,613,267,316,315,0.6863,2026-08-04 04:41:13.860,2026-08-04 04:41:21.127
car_ID_3168,FLUSH,7469,car,404,312,787,248,0.6736,2026-08-04 04:41:16.158,2026-08-04 04:41:21.232
car_ID_3170,FLUSH,7474,car,507,268,406,277,0.6059,2026-08-04 04:41:21.756,2026-08-04 04:41:22.992
car_ID_3169,FLUSH,7472,car,639,258,381,286,0.7102,2026-08-04 04:41:18.793,2026-08-04 04:41:28.761
car_ID_3174,FLUSH,7481,car,658,257,657,256,0.5474,2026-08-04 04:41:30.796,2026-08-04 04:41:31.098
car_ID_3172,FLUSH,7472,car,376,286,376,286,0.5269,2026-08-04 04:41:30.116,2026-08-04 04:41:32.064
car_ID_3173,FLUSH,7480,car,1095,353,381,344,0.7950,2026-08-04 04:41:30.526,2026-08-04 04:41:33.225
car_ID_3171,FLUSH,7475,car,357,311,799,247,0.6470,2026-08-04 04:41:25.884,2026-08-04 04:41:33.258
car_ID_3176,FLUSH,7485,car,658,255,655,256,0.5365,2026-08-04 04:41:34.725,2026-08-04 04:41:35.184
truck_ID_681,FLUSH,7490,truck,562,251,490,255,0.6564,2026-08-04 04:41:38.454,2026-08-04 04:41:40.286
car_ID_3179,FLUSH,7492,car,621,263,576,267,0.5548,2026-08-04 04:41:40.197,2026-08-04 04:41:41.522
car_ID_3177,FLUSH,7472,car,377,286,369,287,0.5694,2026-08-04 04:41:37.394,2026-08-04 04:41:49.655
truck_ID_682,FLUSH,7503,truck,636,251,636,251,0.5276,2026-08-04 04:41:50.094,2026-08-04 04:41:50.094
car_ID_3180,FLUSH,7503,car,621,258,610,258,0.5782,2026-08-04 04:41:50.300,2026-08-04 04:41:50.462
truck_ID_683,FLUSH,7504,truck,605,253,548,256,0.5936,2026-08-04 04:41:50.674,2026-08-04 04:41:51.527
car_ID_3181,FLUSH,7472,car,322,306,318,304,0.5190,2026-08-04 04:41:51.260,2026-08-04 04:41:51.593
car_ID_3175,FLUSH,7484,car,614,269,369,296,0.7320,2026-08-04 04:41:34.109,2026-08-04 04:41:53.405
car_ID_3183,FLUSH,7508,car,324,307,314,308,0.6246,2026-08-04 04:41:53.955,2026-08-04 04:41:54.366
car_ID_3182,FLUSH,7507,car,343,372,1037,403,0.8109,2026-08-04 04:41:53.405,2026-08-04 04:41:55.665
car_ID_3178,FLUSH,7487,car,618,264,377,285,0.6675,2026-08-04 04:41:37.394,2026-08-04 04:41:55.926
car_ID_3185,FLUSH,7514,car,291,355,291,355,0.5347,2026-08-04 04:41:57.956,2026-08-04 04:41:58.429
car_ID_3184,FLUSH,7511,car,337,360,989,381,0.8166,2026-08-04 04:41:56.723,2026-08-04 04:41:58.628
car_ID_3186,FLUSH,7515,car,372,364,1032,384,0.8527,2026-08-04 04:41:58.327,2026-08-04 04:41:59.995
car_ID_3187,FLUSH,7517,car,640,259,378,282,0.7561,2026-08-04 04:41:59.219,2026-08-04 04:42:02.044
car_ID_3188,FLUSH,7521,car,379,361,971,386,0.8236,2026-08-04 04:42:00.956,2026-08-04 04:42:02.664
car_ID_3189,FLUSH,7519,car,619,254,381,280,0.6995,2026-08-04 04:42:01.334,2026-08-04 04:42:04.700
car_ID_3190,FLUSH,7527,car,657,256,657,256,0.5392,2026-08-04 04:42:05.665,2026-08-04 04:42:05.763
bus_ID_164,FLUSH,7528,bus,418,314,435,312,0.6465,2026-08-04 04:42:06.290,2026-08-04 04:42:06.452
bus_ID_165,FLUSH,7526,bus,430,314,496,303,0.5306,2026-08-04 04:42:06.387,2026-08-04 04:42:07.030
bus_ID_166,FLUSH,7528,bus,559,291,565,291,0.5590,2026-08-04 04:42:07.617,2026-08-04 04:42:07.688
car_ID_3192,FLUSH,7528,car,631,289,630,286,0.5181,2026-08-04 04:42:08.530,2026-08-04 04:42:08.700
truck_ID_685,FLUSH,7528,truck,456,309,653,281,0.6474,2026-08-04 04:42:06.647,2026-08-04 04:42:08.803
bus_ID_167,FLUSH,7526,bus,615,286,623,283,0.6204,2026-08-04 04:42:08.276,2026-08-04 04:42:08.838
truck_ID_684,FLUSH,7526,truck,355,329,662,280,0.5815,2026-08-04 04:42:05.730,2026-08-04 04:42:08.976
truck_ID_686,FLUSH,7536,truck,736,273,750,270,0.6449,2026-08-04 04:42:10.355,2026-08-04 04:42:10.755
car_ID_3194,FLUSH,7538,car,707,253,708,253,0.5240,2026-08-04 04:42:10.794,2026-08-04 04:42:10.826
truck_ID_687,FLUSH,7539,truck,751,269,755,268,0.5677,2026-08-04 04:42:10.827,2026-08-04 04:42:10.923
car_ID_3191,FLUSH,7534,car,564,271,383,287,0.7068,2026-08-04 04:42:08.426,2026-08-04 04:42:11.159
car_ID_3196,FLUSH,7536,car,764,266,767,266,0.6724,2026-08-04 04:42:11.403,2026-08-04 04:42:11.706
car_ID_3195,FLUSH,7539,car,759,268,763,267,0.6504,2026-08-04 04:42:11.063,2026-08-04 04:42:11.817
car_ID_3198,FLUSH,7540,car,657,257,657,257,0.5204,2026-08-04 04:42:12.469,2026-08-04 04:42:12.502
bus_ID_168,FLUSH,7536,bus,773,264,780,261,0.5987,2026-08-04 04:42:11.978,2026-08-04 04:42:12.599
car_ID_3193,FLUSH,7526,car,632,259,422,283,0.7105,2026-08-04 04:42:09.595,2026-08-04 04:42:12.695
car_ID_3197,FLUSH,7537,car,647,257,604,265,0.6333,2026-08-04 04:42:11.566,2026-08-04 04:42:14.230
car_ID_3199,FLUSH,7536,car,790,257,804,252,0.5699,2026-08-04 04:42:13.490,2026-08-04 04:42:14.855
car_ID_3200,FLUSH,7544,car,317,308,318,308,0.5373,2026-08-04 04:42:14.890,2026-08-04 04:42:15.987
car_ID_3201,FLUSH,7546,car,505,271,467,276,0.6096,2026-08-04 04:42:15.365,2026-08-04 04:42:16.591
car_ID_3202,FLUSH,7547,car,456,279,386,286,0.6748,2026-08-04 04:42:15.663,2026-08-04 04:42:16.863
car_ID_3203,FLUSH,7550,car,655,274,656,274,0.5236,2026-08-04 04:42:17.791,2026-08-04 04:42:18.468
truck_ID_688,FLUSH,7542,truck,410,282,780,244,0.7366,2026-08-04 04:42:13.591,2026-08-04 04:42:19.357
car_ID_3204,FLUSH,7551,car,315,306,319,305,0.5206,2026-08-04 04:42:18.537,2026-08-04 04:42:21.499
car_ID_3205,FLUSH,7552,car,417,288,407,280,0.5487,2026-08-04 04:42:18.609,2026-08-04 04:42:21.879
truck_ID_689,FLUSH,7549,truck,369,297,791,248,0.7378,2026-08-04 04:42:16.864,2026-08-04 04:42:23.429
car_ID_3210,FLUSH,7563,car,650,258,646,257,0.5647,2026-08-04 04:42:26.494,2026-08-04 04:42:26.864
truck_ID_690,FLUSH,7551,truck,341,302,785,249,0.7468,2026-08-04 04:42:22.134,2026-08-04 04:42:27.159
car_ID_3208,FLUSH,7560,car,606,254,470,273,0.7427,2026-08-04 04:42:24.762,2026-08-04 04:42:27.352
car_ID_3211,FLUSH,7564,car,618,254,472,274,0.7315,2026-08-04 04:42:27.045,2026-08-04 04:42:29.496
car_ID_3206,FLUSH,7558,car,319,307,318,304,0.5547,2026-08-04 04:42:24.002,2026-08-04 04:42:29.842
car_ID_3209,FLUSH,7562,car,702,268,782,249,0.6126,2026-08-04 04:42:26.159,2026-08-04 04:42:30.595
car_ID_3207,FLUSH,7557,car,406,280,803,244,0.6984,2026-08-04 04:42:24.255,2026-08-04 04:42:38.148
car_ID_3215,FLUSH,7568,car,631,259,518,273,0.7247,2026-08-04 04:42:36.599,2026-08-04 04:42:39.236
car_ID_3214,FLUSH,7558,car,319,305,318,305,0.5619,2026-08-04 04:42:31.095,2026-08-04 04:42:44.059
car_ID_3216,FLUSH,7570,car,1033,350,354,339,0.7896,2026-08-04 04:42:41.123,2026-08-04 04:42:44.557
car_ID_3219,FLUSH,7558,car,319,305,318,304,0.5409,2026-08-04 04:42:45.323,2026-08-04 04:42:46.690
car_ID_3221,FLUSH,7578,car,655,253,655,253,0.5080,2026-08-04 04:42:46.580,2026-08-04 04:42:46.690
car_ID_3217,FLUSH,7572,car,1054,348,353,334,0.8101,2026-08-04 04:42:43.893,2026-08-04 04:42:46.991
car_ID_3224,FLUSH,7581,car,319,304,319,305,0.5396,2026-08-04 04:42:47.703,2026-08-04 04:42:48.830
car_ID_3218,FLUSH,7573,car,856,301,733,267,0.7381,2026-08-04 04:42:45.252,2026-08-04 04:42:49.235
car_ID_3220,FLUSH,7577,car,1046,347,378,336,0.7562,2026-08-04 04:42:46.365,2026-08-04 04:42:49.584
car_ID_3223,FLUSH,7580,car,619,255,515,269,0.7034,2026-08-04 04:42:47.492,2026-08-04 04:42:50.222
car_ID_3225,FLUSH,7582,car,1063,348,336,322,0.7942,2026-08-04 04:42:49.202,2026-08-04 04:42:51.491
car_ID_3226,FLUSH,7584,car,319,305,319,305,0.5538,2026-08-04 04:42:49.688,2026-08-04 04:42:52.727
car_ID_3222,FLUSH,7579,car,980,319,803,256,0.7497,2026-08-04 04:42:47.127,2026-08-04 04:42:54.833
car_ID_3227,FLUSH,7584,car,320,304,318,305,0.5384,2026-08-04 04:42:54.364,2026-08-04 04:42:59.786
car_ID_3213,FLUSH,7565,car,404,287,387,281,0.6278,2026-08-04 04:42:30.796,2026-08-04 04:43:00.853
car_ID_3228,FLUSH,7590,car,657,256,504,274,0.6441,2026-08-04 04:42:57.601,2026-08-04 04:43:01.225
car_ID_3229,FLUSH,7593,car,617,254,424,276,0.7107,2026-08-04 04:43:00.339,2026-08-04 04:43:04.361
car_ID_3212,FLUSH,7563,car,618,262,318,305,0.7448,2026-08-04 04:42:28.168,2026-08-04 04:43:04.951
car_ID_3230,FLUSH,7596,car,351,372,1023,396,0.7632,2026-08-04 04:43:04.666,2026-08-04 04:43:06.861
truck_ID_691,FLUSH,7599,truck,399,357,645,375,0.6380,2026-08-04 04:43:06.926,2026-08-04 04:43:07.996
truck_ID_692,FLUSH,7601,truck,418,357,842,381,0.6906,2026-08-04 04:43:07.066,2026-08-04 04:43:08.159
car_ID_3232,FLUSH,7601,car,397,358,989,381,0.6364,2026-08-04 04:43:06.893,2026-08-04 04:43:08.496
car_ID_3231,FLUSH,7599,car,363,365,1028,385,0.6000,2026-08-04 04:43:06.528,2026-08-04 04:43:09.019
car_ID_3233,FLUSH,7605,car,305,367,1026,388,0.8014,2026-08-04 04:43:08.127,2026-08-04 04:43:10.131
truck_ID_693,FLUSH,7606,truck,595,241,460,252,0.6880,2026-08-04 04:43:08.529,2026-08-04 04:43:10.859
car_ID_3234,FLUSH,7612,car,716,250,713,250,0.5115,2026-08-04 04:43:13.643,2026-08-04 04:43:13.861
car_ID_3237,FLUSH,7616,car,616,254,552,263,0.6294,2026-08-04 04:43:16.629,2026-08-04 04:43:17.826
car_ID_3235,FLUSH,7613,car,650,256,589,269,0.5807,2026-08-04 04:43:16.125,2026-08-04 04:43:18.430
car_ID_3236,FLUSH,7614,car,386,322,633,284,0.6401,2026-08-04 04:43:16.489,2026-08-04 04:43:19.089
car_ID_3238,FLUSH,7620,car,452,280,413,285,0.7016,2026-08-04 04:43:20.455,2026-08-04 04:43:21.300
bus_ID_169,FLUSH,7623,bus,410,388,438,387,0.5145,2026-08-04 04:43:21.267,2026-08-04 04:43:21.718
truck_ID_694,FLUSH,7618,truck,335,313,679,255,0.8165,2026-08-04 04:43:18.099,2026-08-04 04:43:21.825
truck_ID_695,FLUSH,7623,truck,443,339,445,339,0.5714,2026-08-04 04:43:21.793,2026-08-04 04:43:22.294
bus_ID_170,FLUSH,7626,bus,546,278,546,278,0.5490,2026-08-04 04:43:23.118,2026-08-04 04:43:23.187
bus_ID_171,FLUSH,7625,bus,564,278,564,278,0.5632,2026-08-04 04:43:23.323,2026-08-04 04:43:23.323
truck_ID_696,FLUSH,7626,truck,540,278,564,278,0.5625,2026-08-04 04:43:23.085,2026-08-04 04:43:23.323
truck_ID_698,FLUSH,7630,truck,579,275,594,273,0.5819,2026-08-04 04:43:23.523,2026-08-04 04:43:23.715
car_ID_3241,FLUSH,7625,car,600,274,600,274,0.5810,2026-08-04 04:43:23.835,2026-08-04 04:43:23.835
car_ID_3242,FLUSH,7630,car,622,271,623,272,0.6131,2026-08-04 04:43:24.169,2026-08-04 04:43:24.200
car_ID_3240,FLUSH,7629,car,516,269,435,277,0.6914,2026-08-04 04:43:23.361,2026-08-04 04:43:24.276
car_ID_3239,FLUSH,7624,car,314,310,534,300,0.7255,2026-08-04 04:43:22.734,2026-08-04 04:43:24.996
truck_ID_697,FLUSH,7625,truck,547,278,668,266,0.5803,2026-08-04 04:43:23.118,2026-08-04 04:43:25.202
bus_ID_172,FLUSH,7636,bus,493,282,506,278,0.6322,2026-08-04 04:43:25.951,2026-08-04 04:43:26.058
truck_ID_700,FLUSH,7636,truck,403,297,561,271,0.6212,2026-08-04 04:43:25.339,2026-08-04 04:43:26.427
truck_ID_699,FLUSH,7632,truck,744,256,786,245,0.7083,2026-08-04 04:43:23.565,2026-08-04 04:43:27.082
car_ID_3247,FLUSH,7648,car,456,313,544,298,0.6196,2026-08-04 04:43:28.754,2026-08-04 04:43:29.530
car_ID_3243,FLUSH,7643,car,374,319,615,286,0.6645,2026-08-04 04:43:27.457,2026-08-04 04:43:29.714
car_ID_3248,FLUSH,7649,car,656,275,656,275,0.5418,2026-08-04 04:43:29.707,2026-08-04 04:43:29.715
truck_ID_701,FLUSH,7638,truck,569,271,769,251,0.6620,2026-08-04 04:43:26.464,2026-08-04 04:43:29.918
car_ID_3244,FLUSH,7642,car,572,290,720,262,0.6439,2026-08-04 04:43:27.522,2026-08-04 04:43:31.163
car_ID_3245,FLUSH,7645,car,591,262,352,286,0.7096,2026-08-04 04:43:27.764,2026-08-04 04:43:31.163
car_ID_3246,FLUSH,7646,car,429,317,660,279,0.7003,2026-08-04 04:43:28.521,2026-08-04 04:43:31.312
bus_ID_173,FLUSH,7650,bus,766,251,786,248,0.5951,2026-08-04 04:43:29.786,2026-08-04 04:43:31.731
car_ID_3250,FLUSH,7649,car,630,258,533,269,0.6920,2026-08-04 04:43:31.062,2026-08-04 04:43:32.647
car_ID_3254,FLUSH,7660,car,656,274,656,274,0.5026,2026-08-04 04:43:32.855,2026-08-04 04:43:32.888
car_ID_3249,FLUSH,7653,car,394,316,644,282,0.7541,2026-08-04 04:43:30.997,2026-08-04 04:43:33.841
car_ID_3251,FLUSH,7655,car,396,317,667,283,0.6495,2026-08-04 04:43:31.925,2026-08-04 04:43:34.220
car_ID_3253,FLUSH,7659,car,749,265,802,257,0.5328,2026-08-04 04:43:32.723,2026-08-04 04:43:35.170
car_ID_3252,FLUSH,7656,car,703,272,787,270,0.6180,2026-08-04 04:43:32.437,2026-08-04 04:43:35.689
truck_ID_702,FLUSH,7658,truck,389,307,779,249,0.7002,2026-08-04 04:43:32.568,2026-08-04 04:43:38.258
car_ID_3256,FLUSH,7666,car,630,259,449,279,0.6489,2026-08-04 04:43:37.731,2026-08-04 04:43:41.257
car_ID_3257,FLUSH,7669,car,379,297,379,297,0.5383,2026-08-04 04:43:41.695,2026-08-04 04:43:41.695
truck_ID_703,FLUSH,7668,truck,619,238,456,253,0.7169,2026-08-04 04:43:39.467,2026-08-04 04:43:42.519
car_ID_3255,FLUSH,7663,car,611,265,647,279,0.7104,2026-08-04 04:43:36.124,2026-08-04 04:43:43.160
car_ID_3259,FLUSH,7671,car,318,314,319,312,0.5608,2026-08-04 04:43:45.493,2026-08-04 04:43:46.065
car_ID_3258,FLUSH,7670,car,709,262,778,254,0.6278,2026-08-04 04:43:44.027,2026-08-04 04:43:46.545
car_ID_3260,FLUSH,7673,car,632,258,358,286,0.7133,2026-08-04 04:43:46.133,2026-08-04 04:43:49.557
car_ID_3261,FLUSH,7680,car,389,356,989,379,0.8577,2026-08-04 04:43:50.784,2026-08-04 04:43:52.422
truck_ID_704,FLUSH,7686,truck,656,241,656,241,0.5490,2026-08-04 04:43:53.534,2026-08-04 04:43:53.534
car_ID_3262,FLUSH,7685,car,366,364,1014,386,0.7760,2026-08-04 04:43:53.098,2026-08-04 04:43:55.622
truck_ID_705,FLUSH,7686,truck,614,240,504,250,0.7295,2026-08-04 04:43:54.944,2026-08-04 04:43:57.435
truck_ID_706,FLUSH,7690,truck,646,241,594,242,0.6281,2026-08-04 04:43:56.411,2026-08-04 04:43:58.460
truck_ID_707,FLUSH,7693,truck,592,243,490,251,0.7337,2026-08-04 04:43:58.025,2026-08-04 04:44:00.027
truck_ID_708,FLUSH,7698,truck,430,337,430,337,0.5484,2026-08-04 04:44:04.131,2026-08-04 04:44:04.131
car_ID_3263,FLUSH,7699,car,397,337,801,263,0.7140,2026-08-04 04:44:06.755,2026-08-04 04:44:13.876
car_ID_3265,FLUSH,7712,car,530,256,529,256,0.6915,2026-08-04 04:44:13.961,2026-08-04 04:44:13.994
car_ID_3264,FLUSH,7711,car,539,255,521,257,0.6220,2026-08-04 04:44:13.555,2026-08-04 04:44:14.097
truck_ID_711,FLUSH,7711,truck,518,258,518,258,0.6987,2026-08-04 04:44:14.130,2026-08-04 04:44:14.130
person_ID_16,FLUSH,7710,person,835,421,892,414,0.5923,2026-08-04 04:44:13.490,2026-08-04 04:44:14.688
truck_ID_710,FLUSH,7712,truck,532,256,504,259,0.6429,2026-08-04 04:44:13.919,2026-08-04 04:44:14.791
car_ID_3266,FLUSH,7716,car,613,262,597,266,0.5530,2026-08-04 04:44:14.925,2026-08-04 04:44:15.496
car_ID_3267,FLUSH,7718,car,717,250,711,251,0.5647,2026-08-04 04:44:16.560,2026-08-04 04:44:16.810
truck_ID_709,FLUSH,7704,truck,357,291,783,245,0.7451,2026-08-04 04:44:10.129,2026-08-04 04:44:17.814
truck_ID_713,FLUSH,7722,truck,781,244,781,244,0.5133,2026-08-04 04:44:18.127,2026-08-04 04:44:18.127
car_ID_3272,FLUSH,7727,car,655,276,655,276,0.5204,2026-08-04 04:44:20.249,2026-08-04 04:44:20.249
car_ID_3268,FLUSH,7720,car,476,276,647,278,0.6810,2026-08-04 04:44:17.271,2026-08-04 04:44:20.932
car_ID_3270,FLUSH,7724,car,634,259,507,272,0.6386,2026-08-04 04:44:18.832,2026-08-04 04:44:21.220
truck_ID_714,FLUSH,7728,truck,655,244,642,243,0.5083,2026-08-04 04:44:20.997,2026-08-04 04:44:21.436
car_ID_3269,FLUSH,7723,car,594,270,370,285,0.7130,2026-08-04 04:44:18.196,2026-08-04 04:44:21.829
car_ID_3271,FLUSH,7726,car,396,344,697,291,0.7778,2026-08-04 04:44:19.090,2026-08-04 04:44:22.024
truck_ID_712,FLUSH,7715,truck,362,303,787,246,0.7025,2026-08-04 04:44:14.557,2026-08-04 04:44:22.230
truck_ID_715,FLUSH,7731,truck,590,242,495,252,0.6384,2026-08-04 04:44:22.536,2026-08-04 04:44:24.166
car_ID_3275,FLUSH,7732,car,712,272,751,258,0.5625,2026-08-04 04:44:22.330,2026-08-04 04:44:24.242
car_ID_3279,FLUSH,7735,car,318,304,318,303,0.5240,2026-08-04 04:44:24.901,2026-08-04 04:44:24.908
car_ID_3280,FLUSH,7740,car,716,248,715,248,0.5027,2026-08-04 04:44:26.068,2026-08-04 04:44:26.075
car_ID_3276,FLUSH,7734,car,658,255,425,278,0.7036,2026-08-04 04:44:22.770,2026-08-04 04:44:26.290
car_ID_3277,FLUSH,7736,car,741,283,800,261,0.7033,2026-08-04 04:44:22.845,2026-08-04 04:44:26.496
car_ID_3281,FLUSH,7741,car,318,305,318,305,0.5347,2026-08-04 04:44:26.666,2026-08-04 04:44:26.733
car_ID_3282,FLUSH,7743,car,714,248,708,248,0.5226,2026-08-04 04:44:27.836,2026-08-04 04:44:28.062
car_ID_3283,FLUSH,7741,car,320,304,320,304,0.5026,2026-08-04 04:44:28.030,2026-08-04 04:44:28.062
truck_ID_716,FLUSH,7738,truck,651,242,420,262,0.6226,2026-08-04 04:44:24.242,2026-08-04 04:44:28.235
car_ID_3285,FLUSH,7741,car,319,306,319,306,0.5062,2026-08-04 04:44:29.167,2026-08-04 04:44:29.167
car_ID_3274,FLUSH,7725,car,366,344,803,260,0.7423,2026-08-04 04:44:21.760,2026-08-04 04:44:29.424
car_ID_3286,FLUSH,7751,car,721,242,721,242,0.5359,2026-08-04 04:44:29.601,2026-08-04 04:44:29.668
car_ID_3284,FLUSH,7747,car,617,254,433,278,0.7317,2026-08-04 04:44:28.556,2026-08-04 04:44:31.251
car_ID_3278,FLUSH,7737,car,378,346,806,258,0.7707,2026-08-04 04:44:24.133,2026-08-04 04:44:31.890
car_ID_3290,FLUSH,7755,car,718,250,715,251,0.5519,2026-08-04 04:44:32.248,2026-08-04 04:44:32.398
car_ID_3288,FLUSH,7750,car,645,257,456,275,0.7053,2026-08-04 04:44:29.924,2026-08-04 04:44:32.754
car_ID_3291,FLUSH,7756,car,624,259,441,278,0.7284,2026-08-04 04:44:32.955,2026-08-04 04:44:35.407
car_ID_3287,FLUSH,7752,car,386,337,804,259,0.7436,2026-08-04 04:44:29.856,2026-08-04 04:44:35.689
truck_ID_717,FLUSH,7760,truck,518,260,518,260,0.5311,2026-08-04 04:44:35.996,2026-08-04 04:44:35.996
car_ID_3295,FLUSH,7764,car,529,259,529,259,0.5402,2026-08-04 04:44:35.787,2026-08-04 04:44:36.262
car_ID_3293,FLUSH,7761,car,612,264,453,282,0.6552,2026-08-04 04:44:35.167,2026-08-04 04:44:37.226
car_ID_3294,FLUSH,7763,car,317,303,317,303,0.5556,2026-08-04 04:44:35.269,2026-08-04 04:44:37.460
car_ID_3292,FLUSH,7760,car,598,251,450,268,0.5588,2026-08-04 04:44:34.224,2026-08-04 04:44:37.492
car_ID_3296,FLUSH,7766,car,657,256,657,256,0.5204,2026-08-04 04:44:37.899,2026-08-04 04:44:37.931
car_ID_3289,FLUSH,7741,car,319,304,803,258,0.7055,2026-08-04 04:44:30.413,2026-08-04 04:44:40.260
car_ID_3300,FLUSH,7772,car,713,252,713,252,0.5062,2026-08-04 04:44:40.837,2026-08-04 04:44:40.871
car_ID_3301,FLUSH,7775,car,712,252,712,252,0.5216,2026-08-04 04:44:42.724,2026-08-04 04:44:42.791
car_ID_3297,FLUSH,7769,car,394,338,806,258,0.7590,2026-08-04 04:44:38.355,2026-08-04 04:44:43.885
car_ID_3303,FLUSH,7778,car,777,238,779,238,0.5252,2026-08-04 04:44:45.491,2026-08-04 04:44:45.829
car_ID_3302,FLUSH,7780,car,404,335,805,257,0.7672,2026-08-04 04:44:45.139,2026-08-04 04:44:50.127
car_ID_3307,FLUSH,7788,car,716,251,712,252,0.5226,2026-08-04 04:44:52.428,2026-08-04 04:44:52.689
car_ID_3308,FLUSH,7791,car,657,257,657,257,0.5062,2026-08-04 04:44:55.862,2026-08-04 04:44:55.894
car_ID_3298,FLUSH,7763,car,317,306,316,304,0.5729,2026-08-04 04:44:39.288,2026-08-04 04:45:00.546
car_ID_3305,FLUSH,7783,car,618,267,567,276,0.5686,2026-08-04 04:44:48.124,2026-08-04 04:45:00.751
car_ID_3309,FLUSH,7793,car,1028,347,408,337,0.7771,2026-08-04 04:44:58.561,2026-08-04 04:45:00.993
car_ID_3312,FLUSH,7783,car,569,277,564,276,0.5228,2026-08-04 04:45:03.268,2026-08-04 04:45:04.501
truck_ID_718,FLUSH,7802,truck,643,239,637,242,0.5644,2026-08-04 04:45:04.743,2026-08-04 04:45:05.077
bus_ID_174,FLUSH,7802,bus,625,243,625,243,0.5240,2026-08-04 04:45:05.394,2026-08-04 04:45:05.394
truck_ID_720,FLUSH,7802,truck,571,242,549,242,0.5404,2026-08-04 04:45:06.797,2026-08-04 04:45:07.364
bus_ID_175,FLUSH,7802,bus,579,241,547,242,0.5490,2026-08-04 04:45:06.591,2026-08-04 04:45:07.499
bus_ID_176,FLUSH,7807,bus,577,241,546,243,0.5539,2026-08-04 04:45:06.656,2026-08-04 04:45:07.530
car_ID_3310,FLUSH,7796,car,983,314,782,267,0.7112,2026-08-04 04:45:00.784,2026-08-04 04:45:07.822
car_ID_3313,FLUSH,7800,car,990,325,758,276,0.7442,2026-08-04 04:45:04.025,2026-08-04 04:45:08.227
car_ID_3306,FLUSH,7787,car,623,269,609,269,0.6264,2026-08-04 04:44:51.331,2026-08-04 04:45:08.630
truck_ID_721,FLUSH,7810,truck,651,243,629,241,0.5408,2026-08-04 04:45:07.164,2026-08-04 04:45:08.668
car_ID_3315,FLUSH,7813,car,791,264,793,261,0.5482,2026-08-04 04:45:08.832,2026-08-04 04:45:09.183
car_ID_3317,FLUSH,7787,car,606,269,606,269,0.5490,2026-08-04 04:45:09.792,2026-08-04 04:45:09.792
car_ID_3311,FLUSH,7763,car,317,303,316,303,0.5520,2026-08-04 04:45:01.739,2026-08-04 04:45:10.215
truck_ID_719,FLUSH,7807,truck,588,241,433,251,0.5437,2026-08-04 04:45:06.354,2026-08-04 04:45:10.459
truck_ID_722,FLUSH,7817,truck,593,243,568,242,0.7146,2026-08-04 04:45:09.865,2026-08-04 04:45:10.863
car_ID_3318,FLUSH,7787,car,611,270,607,268,0.5612,2026-08-04 04:45:10.996,2026-08-04 04:45:11.362
car_ID_3314,FLUSH,7809,car,949,307,804,256,0.7120,2026-08-04 04:45:06.959,2026-08-04 04:45:12.296
car_ID_3316,FLUSH,7814,car,740,284,770,253,0.6173,2026-08-04 04:45:09.119,2026-08-04 04:45:12.736
truck_ID_723,FLUSH,7821,truck,645,239,625,238,0.5823,2026-08-04 04:45:13.222,2026-08-04 04:45:13.760
car_ID_3319,FLUSH,7787,car,608,270,606,269,0.5556,2026-08-04 04:45:12.426,2026-08-04 04:45:15.910
car_ID_3273,FLUSH,7730,car,456,285,380,289,0.6862,2026-08-04 04:44:21.505,2026-08-04 04:45:16.087
truck_ID_724,FLUSH,7822,truck,489,247,481,251,0.5086,2026-08-04 04:45:15.297,2026-08-04 04:45:16.388
truck_ID_726,FLUSH,7825,truck,475,252,475,252,0.5317,2026-08-04 04:45:17.378,2026-08-04 04:45:17.556
car_ID_3320,FLUSH,7787,car,605,268,606,269,0.5200,2026-08-04 04:45:17.266,2026-08-04 04:45:18.099
car_ID_3299,FLUSH,7773,car,614,268,395,288,0.7007,2026-08-04 04:44:40.432,2026-08-04 04:45:18.640
car_ID_3323,FLUSH,7826,car,763,243,753,240,0.5086,2026-08-04 04:45:19.968,2026-08-04 04:45:20.391
car_ID_3325,FLUSH,7830,car,215,331,215,331,0.5062,2026-08-04 04:45:20.998,2026-08-04 04:45:20.998
truck_ID_727,FLUSH,7825,truck,460,253,441,254,0.5484,2026-08-04 04:45:19.096,2026-08-04 04:45:20.998
car_ID_3324,FLUSH,7828,car,354,379,954,390,0.7777,2026-08-04 04:45:20.155,2026-08-04 04:45:21.855
truck_ID_725,FLUSH,7823,truck,595,238,548,245,0.5658,2026-08-04 04:45:16.024,2026-08-04 04:45:21.889
car_ID_3327,FLUSH,7832,car,714,250,714,250,0.5311,2026-08-04 04:45:22.133,2026-08-04 04:45:22.165
car_ID_3304,FLUSH,7781,car,619,268,385,289,0.5931,2026-08-04 04:44:46.408,2026-08-04 04:45:22.299
car_ID_3321,FLUSH,7783,car,567,276,424,288,0.6381,2026-08-04 04:45:18.433,2026-08-04 04:45:23.459
car_ID_3330,FLUSH,7839,car,633,261,632,261,0.5240,2026-08-04 04:45:23.966,2026-08-04 04:45:24.035
car_ID_3326,FLUSH,7831,car,364,365,1071,400,0.8491,2026-08-04 04:45:22.088,2026-08-04 04:45:24.231
car_ID_3329,FLUSH,7837,car,370,363,977,383,0.8256,2026-08-04 04:45:23.252,2026-08-04 04:45:24.823
truck_ID_730,FLUSH,7839,truck,656,245,655,245,0.6951,2026-08-04 04:45:24.667,2026-08-04 04:45:25.170
car_ID_3331,FLUSH,7841,car,715,251,711,252,0.5112,2026-08-04 04:45:24.959,2026-08-04 04:45:25.202
truck_ID_728,FLUSH,7835,truck,529,247,429,256,0.5850,2026-08-04 04:45:23.158,2026-08-04 04:45:26.799
car_ID_3322,FLUSH,7787,car,603,271,382,290,0.6829,2026-08-04 04:45:19.462,2026-08-04 04:45:26.964
car_ID_3335,FLUSH,7847,car,656,257,656,257,0.5062,2026-08-04 04:45:27.262,2026-08-04 04:45:27.262
car_ID_3334,FLUSH,7846,car,779,238,776,239,0.5233,2026-08-04 04:45:27.191,2026-08-04 04:45:27.528
car_ID_3333,FLUSH,7844,car,363,364,1010,385,0.8269,2026-08-04 04:45:26.527,2026-08-04 04:45:28.431
car_ID_3337,FLUSH,7851,car,757,242,757,242,0.5347,2026-08-04 04:45:28.861,2026-08-04 04:45:28.894
car_ID_3336,FLUSH,7848,car,338,370,925,392,0.8130,2026-08-04 04:45:28.266,2026-08-04 04:45:30.257
car_ID_3340,FLUSH,7855,car,659,254,652,256,0.5273,2026-08-04 04:45:30.728,2026-08-04 04:45:31.729
truck_ID_729,FLUSH,7840,truck,664,243,483,253,0.7161,2026-08-04 04:45:24.100,2026-08-04 04:45:31.826
car_ID_3341,FLUSH,7859,car,363,330,595,296,0.7295,2026-08-04 04:45:31.826,2026-08-04 04:45:33.871
car_ID_3342,FLUSH,7862,car,596,296,798,258,0.6488,2026-08-04 04:45:33.427,2026-08-04 04:45:37.901
car_ID_3344,FLUSH,7864,car,418,311,772,254,0.7025,2026-08-04 04:45:34.388,2026-08-04 04:45:38.998
car_ID_3345,FLUSH,7870,car,656,256,656,256,0.5133,2026-08-04 04:45:39.949,2026-08-04 04:45:39.949
car_ID_3347,FLUSH,7885,car,715,251,713,251,0.5097,2026-08-04 04:45:55.895,2026-08-04 04:45:55.966
car_ID_3343,FLUSH,7861,car,618,260,607,264,0.5505,2026-08-04 04:45:33.977,2026-08-04 04:45:58.726
car_ID_3346,FLUSH,7884,car,409,335,803,258,0.7439,2026-08-04 04:45:54.394,2026-08-04 04:46:00.714
car_ID_3349,FLUSH,7895,car,981,354,398,349,0.7811,2026-08-04 04:46:01.670,2026-08-04 04:46:03.559
car_ID_3351,FLUSH,7902,car,712,246,713,250,0.5315,2026-08-04 04:46:07.127,2026-08-04 04:46:08.363
car_ID_3352,FLUSH,7904,car,963,318,760,274,0.7438,2026-08-04 04:46:08.164,2026-08-04 04:46:12.263
car_ID_3350,FLUSH,7900,car,987,325,736,263,0.7198,2026-08-04 04:46:06.255,2026-08-04 04:46:12.868
car_ID_3354,FLUSH,7911,car,789,263,802,259,0.5254,2026-08-04 04:46:13.994,2026-08-04 04:46:14.826
car_ID_3355,FLUSH,7914,car,717,246,716,246,0.5276,2026-08-04 04:46:16.083,2026-08-04 04:46:16.158
car_ID_3353,FLUSH,7907,car,961,313,783,258,0.7449,2026-08-04 04:46:10.568,2026-08-04 04:46:16.693
car_ID_3332,FLUSH,7843,car,614,261,448,276,0.6773,2026-08-04 04:45:25.622,2026-08-04 04:46:16.870
car_ID_3328,FLUSH,7834,car,617,267,315,305,0.7322,2026-08-04 04:45:22.392,2026-08-04 04:46:20.997
car_ID_3357,FLUSH,7921,car,715,251,708,251,0.5621,2026-08-04 04:46:20.229,2026-08-04 04:46:20.997
car_ID_3356,FLUSH,7916,car,462,278,413,283,0.6722,2026-08-04 04:46:17.488,2026-08-04 04:46:22.029
truck_ID_731,FLUSH,7925,truck,659,244,643,242,0.6988,2026-08-04 04:46:21.486,2026-08-04 04:46:22.567
car_ID_3348,FLUSH,7861,car,606,264,600,264,0.5425,2026-08-04 04:45:59.797,2026-08-04 04:46:22.915
car_ID_3360,FLUSH,7931,car,214,321,217,322,0.6078,2026-08-04 04:46:23.727,2026-08-04 04:46:23.828
car_ID_3359,FLUSH,7930,car,464,273,377,280,0.7079,2026-08-04 04:46:23.119,2026-08-04 04:46:24.201
car_ID_3358,FLUSH,7927,car,361,364,1062,389,0.7932,2026-08-04 04:46:21.721,2026-08-04 04:46:24.278
car_ID_3361,FLUSH,7861,car,596,264,595,265,0.5181,2026-08-04 04:46:24.318,2026-08-04 04:46:24.484
car_ID_3364,FLUSH,7934,car,423,282,392,286,0.6375,2026-08-04 04:46:25.648,2026-08-04 04:46:26.255
car_ID_3339,FLUSH,7854,car,540,268,330,298,0.6460,2026-08-04 04:45:30.599,2026-08-04 04:46:27.111
car_ID_3362,FLUSH,7933,car,369,356,1081,378,0.7789,2026-08-04 04:46:24.861,2026-08-04 04:46:27.326
car_ID_3338,FLUSH,7853,car,614,267,417,286,0.5813,2026-08-04 04:45:29.836,2026-08-04 04:46:27.994
truck_ID_732,FLUSH,7932,truck,593,238,443,254,0.6843,2026-08-04 04:46:24.484,2026-08-04 04:46:28.400
car_ID_3367,FLUSH,7942,car,609,264,609,264,0.5097,2026-08-04 04:46:29.293,2026-08-04 04:46:29.293
truck_ID_734,FLUSH,7947,truck,656,381,698,382,0.5462,2026-08-04 04:46:29.363,2026-08-04 04:46:29.495
car_ID_3368,FLUSH,7947,car,751,382,799,380,0.6663,2026-08-04 04:46:29.631,2026-08-04 04:46:29.770
car_ID_3363,FLUSH,7861,car,597,266,428,282,0.6168,2026-08-04 04:46:25.612,2026-08-04 04:46:30.019
car_ID_3366,FLUSH,7945,car,373,361,732,383,0.7176,2026-08-04 04:46:27.913,2026-08-04 04:46:30.020
car_ID_3369,FLUSH,7951,car,367,363,367,363,0.5169,2026-08-04 04:46:30.902,2026-08-04 04:46:30.902
car_ID_3371,FLUSH,7954,car,407,284,388,285,0.5612,2026-08-04 04:46:31.555,2026-08-04 04:46:31.791
bus_ID_177,FLUSH,7957,bus,687,372,687,372,0.6303,2026-08-04 04:46:32.166,2026-08-04 04:46:32.166
car_ID_3373,FLUSH,7957,car,697,372,697,372,0.5177,2026-08-04 04:46:32.198,2026-08-04 04:46:32.655
car_ID_3370,FLUSH,7952,car,381,355,1051,381,0.7923,2026-08-04 04:46:31.175,2026-08-04 04:46:32.993
car_ID_3375,FLUSH,7959,car,792,240,790,241,0.5115,2026-08-04 04:46:32.792,2026-08-04 04:46:32.994
car_ID_3365,FLUSH,7941,car,611,261,314,310,0.6045,2026-08-04 04:46:26.901,2026-08-04 04:46:33.492
truck_ID_733,FLUSH,7942,truck,656,245,457,253,0.7550,2026-08-04 04:46:27.110,2026-08-04 04:46:33.647
car_ID_3376,FLUSH,7963,car,612,260,609,260,0.5178,2026-08-04 04:46:33.734,2026-08-04 04:46:33.897
car_ID_3374,FLUSH,7961,car,367,360,1024,387,0.8083,2026-08-04 04:46:32.574,2026-08-04 04:46:34.561
car_ID_3378,FLUSH,7969,car,715,250,712,251,0.5953,2026-08-04 04:46:36.463,2026-08-04 04:46:36.635
car_ID_3372,FLUSH,7953,car,611,265,522,274,0.6405,2026-08-04 04:46:31.861,2026-08-04 04:46:36.848
car_ID_3377,FLUSH,7966,car,620,272,583,269,0.5930,2026-08-04 04:46:35.407,2026-08-04 04:46:36.994
car_ID_3382,FLUSH,7977,car,499,267,430,273,0.5928,2026-08-04 04:46:39.964,2026-08-04 04:46:41.155
car_ID_3384,FLUSH,7980,car,655,274,654,274,0.5240,2026-08-04 04:46:41.796,2026-08-04 04:46:41.896
car_ID_3385,FLUSH,7981,car,526,272,519,272,0.5513,2026-08-04 04:46:41.999,2026-08-04 04:46:42.062
car_ID_3383,FLUSH,7979,car,341,361,1018,381,0.7590,2026-08-04 04:46:40.393,2026-08-04 04:46:43.093
truck_ID_735,FLUSH,7968,truck,382,295,787,246,0.6972,2026-08-04 04:46:35.963,2026-08-04 04:46:43.460
car_ID_3386,FLUSH,7984,car,615,262,576,268,0.5960,2026-08-04 04:46:43.566,2026-08-04 04:46:44.624
car_ID_3387,FLUSH,7985,car,710,247,710,247,0.5276,2026-08-04 04:46:45.041,2026-08-04 04:46:45.047
car_ID_3389,FLUSH,7990,car,656,252,656,253,0.5436,2026-08-04 04:46:47.360,2026-08-04 04:46:47.445
car_ID_3381,FLUSH,7976,car,579,270,524,273,0.6761,2026-08-04 04:46:39.822,2026-08-04 04:46:48.900
car_ID_3388,FLUSH,7989,car,646,259,518,273,0.6376,2026-08-04 04:46:46.693,2026-08-04 04:46:50.697
car_ID_3391,FLUSH,7998,car,616,255,560,264,0.6494,2026-08-04 04:46:55.393,2026-08-04 04:46:56.623
car_ID_3392,FLUSH,8000,car,715,251,713,252,0.5573,2026-08-04 04:46:56.623,2026-08-04 04:46:56.692
car_ID_3393,FLUSH,8002,car,625,261,562,268,0.6043,2026-08-04 04:46:58.787,2026-08-04 04:47:00.167
car_ID_3394,FLUSH,8006,car,616,255,553,265,0.6550,2026-08-04 04:47:00.367,2026-08-04 04:47:01.976
car_ID_3380,FLUSH,7975,car,529,278,431,281,0.7305,2026-08-04 04:46:39.465,2026-08-04 04:47:02.593
car_ID_3398,FLUSH,8015,car,417,278,417,278,0.5133,2026-08-04 04:47:04.574,2026-08-04 04:47:04.574
car_ID_3395,FLUSH,8011,car,1032,348,414,339,0.7940,2026-08-04 04:47:02.393,2026-08-04 04:47:05.129
car_ID_3397,FLUSH,8014,car,621,253,556,264,0.6610,2026-08-04 04:47:03.594,2026-08-04 04:47:05.432
car_ID_3399,FLUSH,8019,car,403,282,402,282,0.5109,2026-08-04 04:47:08.408,2026-08-04 04:47:08.450
car_ID_3379,FLUSH,7973,car,428,282,376,284,0.6074,2026-08-04 04:46:38.519,2026-08-04 04:47:08.982
car_ID_3400,FLUSH,8022,car,632,260,563,269,0.6781,2026-08-04 04:47:11.743,2026-08-04 04:47:13.589
car_ID_3401,FLUSH,8024,car,611,259,561,266,0.6244,2026-08-04 04:47:13.355,2026-08-04 04:47:15.189
car_ID_3402,FLUSH,8025,car,487,276,480,277,0.5299,2026-08-04 04:47:15.125,2026-08-04 04:47:15.299
car_ID_3404,FLUSH,8028,car,483,275,476,273,0.5226,2026-08-04 04:47:17.453,2026-08-04 04:47:17.922
car_ID_3403,FLUSH,8027,car,410,283,364,287,0.5915,2026-08-04 04:47:16.725,2026-08-04 04:47:18.678
truck_ID_736,FLUSH,8030,truck,655,245,655,245,0.5140,2026-08-04 04:47:19.792,2026-08-04 04:47:19.792
car_ID_3396,FLUSH,8012,car,475,281,375,288,0.7349,2026-08-04 04:47:02.594,2026-08-04 04:47:21.263
car_ID_3406,FLUSH,8028,car,386,279,386,281,0.5212,2026-08-04 04:47:21.376,2026-08-04 04:47:21.619
truck_ID_737,FLUSH,8032,truck,626,244,600,246,0.6314,2026-08-04 04:47:20.962,2026-08-04 04:47:22.464
car_ID_3405,FLUSH,8033,car,351,362,1032,382,0.8516,2026-08-04 04:47:21.305,2026-08-04 04:47:23.155
car_ID_3390,FLUSH,7990,car,613,255,366,287,0.6959,2026-08-04 04:46:48.763,2026-08-04 04:47:23.392
truck_ID_738,FLUSH,8036,truck,598,246,518,253,0.6529,2026-08-04 04:47:22.021,2026-08-04 04:47:23.994
bus_ID_178,FLUSH,8042,bus,632,240,622,239,0.6177,2026-08-04 04:47:25.300,2026-08-04 04:47:25.726
car_ID_3407,FLUSH,8039,car,375,362,1044,387,0.7924,2026-08-04 04:47:24.265,2026-08-04 04:47:27.053
bus_ID_180,FLUSH,8048,bus,580,243,576,243,0.6096,2026-08-04 04:47:27.325,2026-08-04 04:47:27.455
truck_ID_740,FLUSH,8049,truck,584,243,574,243,0.6233,2026-08-04 04:47:27.182,2026-08-04 04:47:27.591
bus_ID_179,FLUSH,8049,bus,581,242,565,244,0.6274,2026-08-04 04:47:27.294,2026-08-04 04:47:27.790
car_ID_3408,FLUSH,8047,car,330,370,975,386,0.8369,2026-08-04 04:47:26.595,2026-08-04 04:47:29.056
truck_ID_739,FLUSH,8048,truck,591,242,517,248,0.6342,2026-08-04 04:47:27.053,2026-08-04 04:47:29.127
car_ID_3412,FLUSH,8055,car,716,250,710,251,0.5894,2026-08-04 04:47:29.401,2026-08-04 04:47:29.809
truck_ID_741,FLUSH,8056,truck,653,244,651,244,0.5276,2026-08-04 04:47:30.123,2026-08-04 04:47:30.189
car_ID_3410,FLUSH,8053,car,379,361,997,395,0.8075,2026-08-04 04:47:28.510,2026-08-04 04:47:30.669
car_ID_3414,FLUSH,8060,car,612,251,601,253,0.5418,2026-08-04 04:47:31.489,2026-08-04 04:47:31.796
car_ID_3415,FLUSH,8059,car,524,258,524,258,0.5169,2026-08-04 04:47:31.796,2026-08-04 04:47:31.796
car_ID_3411,FLUSH,8054,car,948,310,766,280,0.7589,2026-08-04 04:47:28.957,2026-08-04 04:47:31.994
truck_ID_742,FLUSH,8066,truck,504,251,501,251,0.6393,2026-08-04 04:47:34.253,2026-08-04 04:47:34.386
car_ID_3413,FLUSH,8058,car,962,310,793,253,0.7556,2026-08-04 04:47:30.763,2026-08-04 04:47:37.223
car_ID_3416,FLUSH,8065,car,625,261,389,286,0.6927,2026-08-04 04:47:33.496,2026-08-04 04:47:37.831
truck_ID_743,FLUSH,8071,truck,586,246,586,246,0.5882,2026-08-04 04:47:39.988,2026-08-04 04:47:39.988
car_ID_3417,FLUSH,8075,car,796,238,796,238,0.5133,2026-08-04 04:47:40.427,2026-08-04 04:47:40.459
car_ID_3419,FLUSH,8076,car,716,249,710,249,0.5457,2026-08-04 04:47:41.100,2026-08-04 04:47:41.422
car_ID_3421,FLUSH,8078,car,592,257,592,257,0.5953,2026-08-04 04:47:41.455,2026-08-04 04:47:41.455
car_ID_3422,FLUSH,8082,car,716,251,716,251,0.5977,2026-08-04 04:47:43.123,2026-08-04 04:47:43.200
truck_ID_744,FLUSH,8085,truck,483,288,485,287,0.5065,2026-08-04 04:47:43.567,2026-08-04 04:47:43.599
car_ID_3418,FLUSH,8077,car,359,317,648,279,0.7388,2026-08-04 04:47:40.837,2026-08-04 04:47:43.635
person_ID_17,FLUSH,8089,person,326,355,326,355,0.6096,2026-08-04 04:47:44.964,2026-08-04 04:47:44.964
car_ID_3423,FLUSH,8085,car,621,273,627,272,0.6024,2026-08-04 04:47:45.107,2026-08-04 04:47:45.253
car_ID_3425,FLUSH,8092,car,589,265,578,271,0.5545,2026-08-04 04:47:45.354,2026-08-04 04:47:45.824
car_ID_3426,FLUSH,8093,car,711,261,711,261,0.5632,2026-08-04 04:47:47.135,2026-08-04 04:47:47.135
car_ID_3424,FLUSH,8090,car,479,308,660,281,0.6625,2026-08-04 04:47:45.141,2026-08-04 04:47:47.213
truck_ID_746,FLUSH,8099,truck,529,289,529,289,0.5917,2026-08-04 04:47:49.345,2026-08-04 04:47:49.345
car_ID_3420,FLUSH,8079,car,332,345,802,258,0.7310,2026-08-04 04:47:41.263,2026-08-04 04:47:49.958
car_ID_3427,FLUSH,8099,car,396,305,638,272,0.7055,2026-08-04 04:47:48.391,2026-08-04 04:47:50.663
car_ID_3428,FLUSH,8103,car,532,275,393,286,0.6974,2026-08-04 04:47:48.893,2026-08-04 04:47:50.811
truck_ID_747,FLUSH,8108,truck,580,241,580,241,0.5204,2026-08-04 04:47:50.858,2026-08-04 04:47:50.858
bus_ID_181,FLUSH,8107,bus,652,254,652,254,0.5062,2026-08-04 04:47:50.926,2026-08-04 04:47:51.088
bus_ID_182,FLUSH,8099,bus,657,255,661,252,0.5638,2026-08-04 04:47:50.956,2026-08-04 04:47:51.121
truck_ID_748,FLUSH,8109,truck,579,241,563,244,0.5149,2026-08-04 04:47:50.892,2026-08-04 04:47:51.392
car_ID_3431,FLUSH,8112,car,673,272,709,266,0.5547,2026-08-04 04:47:51.327,2026-08-04 04:47:52.460
bus_ID_183,FLUSH,8115,bus,620,244,623,245,0.6901,2026-08-04 04:47:52.387,2026-08-04 04:47:52.590
car_ID_3429,FLUSH,8104,car,583,268,351,285,0.7297,2026-08-04 04:47:49.437,2026-08-04 04:47:52.797
bus_ID_184,FLUSH,8107,bus,624,243,611,245,0.6220,2026-08-04 04:47:52.494,2026-08-04 04:47:52.893
truck_ID_745,FLUSH,8089,truck,376,296,776,250,0.7106,2026-08-04 04:47:45.187,2026-08-04 04:47:52.893
car_ID_3432,FLUSH,8117,car,718,267,720,264,0.5383,2026-08-04 04:47:52.991,2026-08-04 04:47:53.200
truck_ID_750,FLUSH,8115,truck,605,244,592,245,0.5097,2026-08-04 04:47:53.755,2026-08-04 04:47:54.064
car_ID_3430,FLUSH,8111,car,618,261,414,280,0.6459,2026-08-04 04:47:50.811,2026-08-04 04:47:54.225
truck_ID_751,FLUSH,8089,truck,787,245,788,245,0.5216,2026-08-04 04:47:54.393,2026-08-04 04:47:54.458
car_ID_3434,FLUSH,8120,car,748,255,750,254,0.5699,2026-08-04 04:47:54.458,2026-08-04 04:47:54.731
truck_ID_749,FLUSH,8107,truck,567,248,525,250,0.5601,2026-08-04 04:47:53.402,2026-08-04 04:47:55.021
truck_ID_752,FLUSH,8123,truck,649,247,648,248,0.5628,2026-08-04 04:47:55.997,2026-08-04 04:47:56.029
car_ID_3435,FLUSH,8123,car,623,259,605,260,0.5724,2026-08-04 04:47:56.724,2026-08-04 04:47:57.258
truck_ID_753,FLUSH,8123,truck,609,253,521,255,0.6284,2026-08-04 04:47:57.332,2026-08-04 04:47:59.184
car_ID_3436,FLUSH,8127,car,531,268,491,269,0.5887,2026-08-04 04:47:58.696,2026-08-04 04:47:59.388
car_ID_3433,FLUSH,8119,car,657,256,385,286,0.6833,2026-08-04 04:47:53.930,2026-08-04 04:47:59.422
truck_ID_754,FLUSH,8127,truck,472,261,472,261,0.5311,2026-08-04 04:47:59.824,2026-08-04 04:47:59.824
car_ID_3438,FLUSH,8128,car,772,240,772,240,0.5062,2026-08-04 04:48:00.676,2026-08-04 04:48:00.676
car_ID_3439,FLUSH,8131,car,656,257,656,257,0.5097,2026-08-04 04:48:01.797,2026-08-04 04:48:01.797
car_ID_3437,FLUSH,8129,car,613,255,398,278,0.7163,2026-08-04 04:47:58.871,2026-08-04 04:48:02.769
car_ID_3441,FLUSH,8134,car,713,248,713,248,0.5402,2026-08-04 04:48:03.555,2026-08-04 04:48:03.587
car_ID_3440,FLUSH,8133,car,394,335,605,302,0.6649,2026-08-04 04:48:02.700,2026-08-04 04:48:04.372
car_ID_3444,FLUSH,8139,car,656,255,656,256,0.5235,2026-08-04 04:48:05.931,2026-08-04 04:48:06.146
car_ID_3442,FLUSH,8135,car,618,264,548,280,0.6200,2026-08-04 04:48:03.555,2026-08-04 04:48:06.255
car_ID_3445,FLUSH,8141,car,716,250,714,250,0.5543,2026-08-04 04:48:06.455,2026-08-04 04:48:06.663
car_ID_3443,FLUSH,8136,car,611,299,801,260,0.6713,2026-08-04 04:48:03.927,2026-08-04 04:48:08.500
car_ID_3446,FLUSH,8143,car,468,280,427,285,0.7387,2026-08-04 04:48:07.716,2026-08-04 04:48:09.355
car_ID_3447,FLUSH,8145,car,614,270,594,267,0.6335,2026-08-04 04:48:09.090,2026-08-04 04:48:10.097
truck_ID_755,FLUSH,8140,truck,375,297,773,248,0.7820,2026-08-04 04:48:05.995,2026-08-04 04:48:11.056
truck_ID_757,FLUSH,8150,truck,774,248,783,245,0.5536,2026-08-04 04:48:11.130,2026-08-04 04:48:12.359
car_ID_3451,FLUSH,8157,car,656,275,656,274,0.5466,2026-08-04 04:48:13.663,2026-08-04 04:48:13.864
truck_ID_756,FLUSH,8148,truck,375,297,769,249,0.7512,2026-08-04 04:48:09.562,2026-08-04 04:48:14.765
truck_ID_758,FLUSH,8159,truck,770,249,777,247,0.6737,2026-08-04 04:48:14.334,2026-08-04 04:48:14.765
truck_ID_759,FLUSH,8158,truck,583,240,583,240,0.5989,2026-08-04 04:48:14.765,2026-08-04 04:48:14.765
bus_ID_185,FLUSH,8158,bus,538,243,513,243,0.5712,2026-08-04 04:48:15.769,2026-08-04 04:48:16.326
car_ID_3449,FLUSH,8153,car,329,313,325,305,0.5789,2026-08-04 04:48:11.917,2026-08-04 04:48:17.486
car_ID_3454,FLUSH,8169,car,712,248,709,248,0.5240,2026-08-04 04:48:21.165,2026-08-04 04:48:21.335
car_ID_3455,FLUSH,8168,car,757,245,757,245,0.5525,2026-08-04 04:48:21.591,2026-08-04 04:48:21.591
car_ID_3448,FLUSH,8152,car,526,272,403,283,0.7475,2026-08-04 04:48:11.618,2026-08-04 04:48:23.123
car_ID_3457,FLUSH,8175,car,717,251,708,251,0.6125,2026-08-04 04:48:23.355,2026-08-04 04:48:23.863
car_ID_3458,FLUSH,8177,car,565,260,538,261,0.5164,2026-08-04 04:48:24.364,2026-08-04 04:48:24.899
car_ID_3456,FLUSH,8173,car,662,254,527,269,0.6371,2026-08-04 04:48:22.396,2026-08-04 04:48:25.792
car_ID_3461,FLUSH,8182,car,721,242,720,242,0.5204,2026-08-04 04:48:26.339,2026-08-04 04:48:26.350
car_ID_3450,FLUSH,8154,car,601,266,405,283,0.6819,2026-08-04 04:48:12.156,2026-08-04 04:48:26.461
car_ID_3453,FLUSH,8165,car,613,255,446,277,0.6820,2026-08-04 04:48:19.971,2026-08-04 04:48:26.799
car_ID_3464,FLUSH,8182,car,714,251,713,251,0.5133,2026-08-04 04:48:27.966,2026-08-04 04:48:28.131
car_ID_3465,FLUSH,8185,car,622,259,596,260,0.5493,2026-08-04 04:48:28.507,2026-08-04 04:48:29.193
car_ID_3459,FLUSH,8180,car,450,274,376,285,0.6826,2026-08-04 04:48:25.985,2026-08-04 04:48:29.956
car_ID_3466,FLUSH,8186,car,634,245,629,246,0.5568,2026-08-04 04:48:29.924,2026-08-04 04:48:30.094
car_ID_3463,FLUSH,8183,car,617,254,530,265,0.6062,2026-08-04 04:48:27.757,2026-08-04 04:48:30.258
car_ID_3467,FLUSH,8188,car,773,240,755,242,0.5434,2026-08-04 04:48:30.024,2026-08-04 04:48:30.863
car_ID_3469,FLUSH,8186,car,565,253,540,255,0.5573,2026-08-04 04:48:31.863,2026-08-04 04:48:32.436
car_ID_3468,FLUSH,8193,car,620,262,531,271,0.6137,2026-08-04 04:48:31.458,2026-08-04 04:48:33.380
truck_ID_760,FLUSH,8199,truck,455,262,454,261,0.5632,2026-08-04 04:48:33.765,2026-08-04 04:48:33.797
car_ID_3462,FLUSH,8184,car,510,274,405,283,0.7074,2026-08-04 04:48:26.531,2026-08-04 04:48:34.285
car_ID_3452,FLUSH,8166,car,322,306,321,306,0.5648,2026-08-04 04:48:19.020,2026-08-04 04:48:34.596
car_ID_3473,FLUSH,8203,car,712,253,711,253,0.5240,2026-08-04 04:48:34.624,2026-08-04 04:48:34.656
car_ID_3470,FLUSH,8198,car,608,256,540,263,0.5578,2026-08-04 04:48:33.328,2026-08-04 04:48:35.166
car_ID_3475,FLUSH,8206,car,798,237,791,238,0.5261,2026-08-04 04:48:35.763,2026-08-04 04:48:36.228
car_ID_3472,FLUSH,8202,car,611,255,524,263,0.6288,2026-08-04 04:48:34.596,2026-08-04 04:48:37.024
car_ID_3477,FLUSH,8206,car,766,240,766,240,0.5026,2026-08-04 04:48:37.357,2026-08-04 04:48:37.389
car_ID_3474,FLUSH,8204,car,630,258,526,267,0.6586,2026-08-04 04:48:35.692,2026-08-04 04:48:37.836
car_ID_3479,FLUSH,8210,car,548,263,548,263,0.5097,2026-08-04 04:48:38.377,2026-08-04 04:48:38.377
car_ID_3480,FLUSH,8213,car,466,274,455,273,0.5283,2026-08-04 04:48:38.423,2026-08-04 04:48:38.554
car_ID_3478,FLUSH,8212,car,617,263,536,272,0.5889,2026-08-04 04:48:37.593,2026-08-04 04:48:39.401
car_ID_3481,FLUSH,8216,car,716,247,707,249,0.5378,2026-08-04 04:48:39.230,2026-08-04 04:48:39.821
car_ID_3471,FLUSH,8199,car,405,285,407,284,0.6680,2026-08-04 04:48:34.526,2026-08-04 04:48:39.921
car_ID_3460,FLUSH,8179,car,643,259,503,285,0.6730,2026-08-04 04:48:26.124,2026-08-04 04:48:40.884
car_ID_3482,FLUSH,8218,car,648,259,589,262,0.6290,2026-08-04 04:48:39.688,2026-08-04 04:48:41.021
car_ID_3483,FLUSH,8221,car,663,259,655,260,0.5668,2026-08-04 04:48:41.221,2026-08-04 04:48:41.593
truck_ID_761,FLUSH,8222,truck,395,305,571,273,0.6400,2026-08-04 04:48:41.058,2026-08-04 04:48:42.133
car_ID_3487,FLUSH,8227,car,720,249,720,249,0.5454,2026-08-04 04:48:42.233,2026-08-04 04:48:42.233
car_ID_3476,FLUSH,8205,car,323,305,658,280,0.6608,2026-08-04 04:48:35.855,2026-08-04 04:48:42.300
truck_ID_762,FLUSH,8223,truck,407,309,623,268,0.6963,2026-08-04 04:48:41.188,2026-08-04 04:48:42.654
car_ID_3486,FLUSH,8226,car,751,246,751,246,0.5311,2026-08-04 04:48:42.232,2026-08-04 04:48:42.691
car_ID_3490,FLUSH,8231,car,452,275,452,275,0.5525,2026-08-04 04:48:42.991,2026-08-04 04:48:42.991
car_ID_3491,FLUSH,8232,car,586,260,525,267,0.6219,2026-08-04 04:48:43.540,2026-08-04 04:48:44.659
truck_ID_763,FLUSH,8227,truck,664,265,768,252,0.6455,2026-08-04 04:48:42.893,2026-08-04 04:48:44.830
car_ID_3492,FLUSH,8227,car,771,263,773,271,0.6231,2026-08-04 04:48:45.075,2026-08-04 04:48:45.186
car_ID_3488,FLUSH,8228,car,483,281,449,276,0.6756,2026-08-04 04:48:42.268,2026-08-04 04:48:45.690
car_ID_3493,FLUSH,8234,car,657,257,657,257,0.5276,2026-08-04 04:48:46.031,2026-08-04 04:48:46.031
car_ID_3495,FLUSH,8236,car,561,263,546,264,0.6313,2026-08-04 04:48:47.702,2026-08-04 04:48:48.018
car_ID_3485,FLUSH,8225,car,322,307,321,308,0.5599,2026-08-04 04:48:42.031,2026-08-04 04:48:48.966
car_ID_3484,FLUSH,8224,car,405,287,413,284,0.6978,2026-08-04 04:48:41.998,2026-08-04 04:48:49.485
car_ID_3489,FLUSH,8230,car,581,263,505,277,0.6896,2026-08-04 04:48:42.860,2026-08-04 04:48:49.889
car_ID_3494,FLUSH,8233,car,611,264,568,272,0.5933,2026-08-04 04:48:47.082,2026-08-04 04:48:50.228
car_ID_3496,FLUSH,8238,car,614,267,612,270,0.5713,2026-08-04 04:48:49.169,2026-08-04 04:48:50.994
truck_ID_766,FLUSH,8253,truck,695,340,592,336,0.5965,2026-08-04 04:48:53.475,2026-08-04 04:48:53.887
car_ID_3409,FLUSH,8051,car,1097,350,545,339,0.6527,2026-08-04 04:47:28.304,2026-08-04 04:48:54.059
car_ID_3502,FLUSH,8255,car,655,274,656,275,0.5228,2026-08-04 04:48:53.621,2026-08-04 04:48:54.296
car_ID_3498,FLUSH,8245,car,321,308,321,307,0.5750,2026-08-04 04:48:51.185,2026-08-04 04:48:54.432
car_ID_3503,FLUSH,8253,car,568,337,426,333,0.6772,2026-08-04 04:48:53.958,2026-08-04 04:48:54.598
truck_ID_765,FLUSH,8051,truck,717,339,350,327,0.5543,2026-08-04 04:48:53.362,2026-08-04 04:48:54.902
truck_ID_764,FLUSH,8241,truck,368,295,786,246,0.7143,2026-08-04 04:48:49.792,2026-08-04 04:48:55.189
car_ID_3499,FLUSH,8247,car,484,278,445,278,0.7068,2026-08-04 04:48:51.456,2026-08-04 04:48:55.994
car_ID_3497,FLUSH,8244,car,404,285,376,284,0.6912,2026-08-04 04:48:51.153,2026-08-04 04:48:58.110
car_ID_3508,FLUSH,8244,car,362,284,363,284,0.5145,2026-08-04 04:48:59.391,2026-08-04 04:49:00.565
truck_ID_767,FLUSH,8261,truck,657,244,628,244,0.6054,2026-08-04 04:49:00.787,2026-08-04 04:49:02.895
car_ID_3509,FLUSH,8266,car,713,248,713,248,0.5102,2026-08-04 04:49:04.887,2026-08-04 04:49:04.920
car_ID_3500,FLUSH,8249,car,546,273,550,272,0.6299,2026-08-04 04:48:51.785,2026-08-04 04:49:05.123
car_ID_3510,FLUSH,8244,car,363,284,363,284,0.5169,2026-08-04 04:49:05.161,2026-08-04 04:49:05.161
car_ID_3506,FLUSH,8258,car,997,319,785,249,0.7641,2026-08-04 04:48:56.627,2026-08-04 04:49:06.037
car_ID_3504,FLUSH,8051,car,324,306,321,306,0.5448,2026-08-04 04:48:55.385,2026-08-04 04:49:06.289
car_ID_3505,FLUSH,8256,car,513,275,504,275,0.7046,2026-08-04 04:48:55.429,2026-08-04 04:49:06.388
car_ID_3501,FLUSH,8250,car,586,271,589,272,0.6471,2026-08-04 04:48:52.137,2026-08-04 04:49:06.485
car_ID_3511,FLUSH,8249,car,548,273,546,273,0.5347,2026-08-04 04:49:06.425,2026-08-04 04:49:06.485
car_ID_3507,FLUSH,8260,car,420,284,420,283,0.6140,2026-08-04 04:48:58.532,2026-08-04 04:49:06.691
truck_ID_768,FLUSH,8267,truck,595,241,563,238,0.7624,2026-08-04 04:49:04.818,2026-08-04 04:49:06.789
car_ID_3512,FLUSH,8274,car,404,284,413,284,0.5521,2026-08-04 04:49:09.628,2026-08-04 04:49:10.034
car_ID_3513,FLUSH,8273,car,319,306,319,305,0.6002,2026-08-04 04:49:09.693,2026-08-04 04:49:10.309
car_ID_3517,FLUSH,8279,car,657,257,625,259,0.5337,2026-08-04 04:49:10.126,2026-08-04 04:49:11.097
truck_ID_769,FLUSH,8275,truck,514,248,439,254,0.6141,2026-08-04 04:49:09.868,2026-08-04 04:49:12.664
car_ID_3516,FLUSH,8278,car,500,277,442,282,0.6166,2026-08-04 04:49:10.035,2026-08-04 04:49:13.255
car_ID_3518,FLUSH,8285,car,509,275,473,279,0.5299,2026-08-04 04:49:13.388,2026-08-04 04:49:13.827
car_ID_3521,FLUSH,8290,car,716,252,712,251,0.5578,2026-08-04 04:49:15.464,2026-08-04 04:49:16.963
car_ID_3520,FLUSH,8289,car,371,363,1021,387,0.8447,2026-08-04 04:49:15.027,2026-08-04 04:49:16.996
car_ID_3514,FLUSH,8276,car,550,273,375,290,0.6489,2026-08-04 04:49:10.002,2026-08-04 04:49:18.259
car_ID_3522,FLUSH,8292,car,344,364,990,374,0.8166,2026-08-04 04:49:17.031,2026-08-04 04:49:18.825
car_ID_3519,FLUSH,8287,car,558,260,371,284,0.6194,2026-08-04 04:49:14.364,2026-08-04 04:49:19.019
car_ID_3515,FLUSH,8277,car,589,271,313,314,0.6675,2026-08-04 04:49:10.002,2026-08-04 04:49:20.895
car_ID_3524,FLUSH,8297,car,378,358,988,380,0.7910,2026-08-04 04:49:19.228,2026-08-04 04:49:21.068
car_ID_3523,FLUSH,8293,car,626,261,382,286,0.6992,2026-08-04 04:49:18.472,2026-08-04 04:49:21.447
car_ID_3525,FLUSH,8295,car,616,261,340,293,0.7075,2026-08-04 04:49:20.323,2026-08-04 04:49:23.834
car_ID_3526,FLUSH,8302,car,371,366,1039,380,0.7697,2026-08-04 04:49:23.592,2026-08-04 04:49:26.292
car_ID_3527,FLUSH,8305,car,341,362,1034,395,0.8422,2026-08-04 04:49:25.396,2026-08-04 04:49:27.292
car_ID_3528,FLUSH,8309,car,715,252,712,251,0.5371,2026-08-04 04:49:27.726,2026-08-04 04:49:27.791
car_ID_3532,FLUSH,8317,car,712,250,712,250,0.5299,2026-08-04 04:49:31.623,2026-08-04 04:49:31.689
car_ID_3530,FLUSH,8312,car,612,263,517,273,0.6547,2026-08-04 04:49:30.360,2026-08-04 04:49:31.826
car_ID_3529,FLUSH,8310,car,614,266,462,280,0.6456,2026-08-04 04:49:28.339,2026-08-04 04:49:32.501
car_ID_3533,FLUSH,8320,car,621,259,588,265,0.6478,2026-08-04 04:49:33.798,2026-08-04 04:49:34.524
car_ID_3531,FLUSH,8315,car,373,319,780,251,0.7365,2026-08-04 04:49:30.491,2026-08-04 04:49:37.964
truck_ID_770,FLUSH,8319,truck,406,297,682,263,0.7393,2026-08-04 04:49:34.188,2026-08-04 04:49:39.533
truck_ID_772,FLUSH,8329,truck,755,255,736,257,0.5115,2026-08-04 04:49:39.988,2026-08-04 04:49:40.638
truck_ID_773,FLUSH,8332,truck,751,256,764,253,0.5591,2026-08-04 04:49:41.054,2026-08-04 04:49:41.592
car_ID_3538,FLUSH,8338,car,655,275,656,276,0.5638,2026-08-04 04:49:44.814,2026-08-04 04:49:45.100
car_ID_3537,FLUSH,8339,car,611,275,612,275,0.5080,2026-08-04 04:49:44.776,2026-08-04 04:49:45.292
truck_ID_771,FLUSH,8326,truck,407,296,789,247,0.7068,2026-08-04 04:49:38.033,2026-08-04 04:49:46.822
car_ID_3536,FLUSH,8337,car,390,316,779,249,0.7073,2026-08-04 04:49:43.772,2026-08-04 04:49:49.992
car_ID_3540,FLUSH,8344,car,625,259,425,273,0.6892,2026-08-04 04:49:47.264,2026-08-04 04:49:50.850
car_ID_3541,FLUSH,8346,car,404,311,711,268,0.7074,2026-08-04 04:49:47.932,2026-08-04 04:49:51.360
car_ID_3542,FLUSH,8347,car,656,258,471,274,0.6106,2026-08-04 04:49:49.080,2026-08-04 04:49:52.310
car_ID_3543,FLUSH,8351,car,319,309,319,308,0.5710,2026-08-04 04:49:49.592,2026-08-04 04:49:53.096
truck_ID_774,FLUSH,8342,truck,660,241,455,251,0.6594,2026-08-04 04:49:47.160,2026-08-04 04:49:53.130
bus_ID_186,FLUSH,8357,bus,615,240,615,240,0.5169,2026-08-04 04:49:53.167,2026-08-04 04:49:53.167
car_ID_3534,FLUSH,8330,car,319,313,800,260,0.6885,2026-08-04 04:49:41.729,2026-08-04 04:49:53.397
truck_ID_775,FLUSH,8354,truck,658,244,613,239,0.6249,2026-08-04 04:49:51.395,2026-08-04 04:49:53.690
car_ID_3545,FLUSH,8363,car,318,310,319,307,0.6274,2026-08-04 04:49:56.172,2026-08-04 04:49:56.823
car_ID_3535,FLUSH,8333,car,613,267,403,289,0.6498,2026-08-04 04:49:42.488,2026-08-04 04:49:57.133
truck_ID_776,FLUSH,8357,truck,611,240,450,253,0.7553,2026-08-04 04:49:53.268,2026-08-04 04:49:57.226
car_ID_3539,FLUSH,8341,car,317,308,805,256,0.7253,2026-08-04 04:49:46.192,2026-08-04 04:49:57.368
truck_ID_777,FLUSH,8358,truck,633,242,592,239,0.5751,2026-08-04 04:49:56.619,2026-08-04 04:49:58.531
car_ID_3544,FLUSH,8364,car,423,321,777,267,0.7214,2026-08-04 04:49:56.000,2026-08-04 04:50:00.470
truck_ID_779,FLUSH,8373,truck,519,246,456,252,0.6271,2026-08-04 04:49:59.893,2026-08-04 04:50:01.536
truck_ID_780,FLUSH,8377,truck,659,246,652,253,0.6465,2026-08-04 04:50:01.943,2026-08-04 04:50:02.459
car_ID_3548,FLUSH,8374,car,320,310,319,309,0.5790,2026-08-04 04:50:00.604,2026-08-04 04:50:02.690
car_ID_3547,FLUSH,8372,car,319,311,670,276,0.7226,2026-08-04 04:49:59.492,2026-08-04 04:50:02.768
truck_ID_778,FLUSH,8366,truck,463,288,786,244,0.7319,2026-08-04 04:49:58.531,2026-08-04 04:50:03.962
car_ID_3549,FLUSH,8372,car,714,268,755,252,0.6109,2026-08-04 04:50:03.854,2026-08-04 04:50:05.693
car_ID_3552,FLUSH,8383,car,713,250,713,250,0.5027,2026-08-04 04:50:06.030,2026-08-04 04:50:06.030
truck_ID_781,FLUSH,8382,truck,584,241,491,250,0.6537,2026-08-04 04:50:04.755,2026-08-04 04:50:07.196
car_ID_3553,FLUSH,8385,car,648,258,646,259,0.5551,2026-08-04 04:50:06.726,2026-08-04 04:50:07.397
car_ID_3551,FLUSH,8381,car,319,308,319,309,0.5705,2026-08-04 04:50:04.755,2026-08-04 04:50:09.389
car_ID_3550,FLUSH,8379,car,400,333,801,259,0.6898,2026-08-04 04:50:04.094,2026-08-04 04:50:11.199
car_ID_3554,FLUSH,8386,car,614,254,437,276,0.6973,2026-08-04 04:50:07.750,2026-08-04 04:50:12.330
car_ID_3557,FLUSH,8391,car,319,308,319,309,0.5977,2026-08-04 04:50:10.622,2026-08-04 04:50:13.529
car_ID_3546,FLUSH,8370,car,402,297,402,289,0.6371,2026-08-04 04:49:59.207,2026-08-04 04:50:14.097
car_ID_3555,FLUSH,8385,car,631,261,511,275,0.6439,2026-08-04 04:50:08.601,2026-08-04 04:50:14.640
car_ID_3558,FLUSH,8388,car,617,269,563,268,0.5728,2026-08-04 04:50:11.635,2026-08-04 04:50:14.890
car_ID_3559,FLUSH,8402,car,477,275,459,277,0.5916,2026-08-04 04:50:13.792,2026-08-04 04:50:14.952
car_ID_3556,FLUSH,8390,car,390,319,781,255,0.7130,2026-08-04 04:50:10.103,2026-08-04 04:50:16.835
car_ID_3564,FLUSH,8411,car,447,277,426,278,0.5370,2026-08-04 04:50:16.803,2026-08-04 04:50:17.132
car_ID_3565,FLUSH,8415,car,656,275,656,275,0.6167,2026-08-04 04:50:18.533,2026-08-04 04:50:18.533
truck_ID_782,FLUSH,8404,truck,456,286,779,245,0.7325,2026-08-04 04:50:15.398,2026-08-04 04:50:19.661
car_ID_3561,FLUSH,8407,car,317,308,319,309,0.5619,2026-08-04 04:50:15.945,2026-08-04 04:50:19.968
truck_ID_783,FLUSH,8418,truck,600,242,568,241,0.6370,2026-08-04 04:50:19.393,2026-08-04 04:50:20.353
car_ID_3566,FLUSH,8419,car,319,311,805,256,0.7528,2026-08-04 04:50:21.300,2026-08-04 04:50:29.630
car_ID_3568,FLUSH,8430,car,972,330,961,330,0.5635,2026-08-04 04:50:30.531,2026-08-04 04:50:30.592
truck_ID_784,FLUSH,8429,truck,592,241,541,243,0.6128,2026-08-04 04:50:30.834,2026-08-04 04:50:32.992
car_ID_3567,FLUSH,8421,car,318,310,319,309,0.5811,2026-08-04 04:50:22.667,2026-08-04 04:50:33.370
truck_ID_785,FLUSH,8430,truck,971,323,428,326,0.6354,2026-08-04 04:50:30.927,2026-08-04 04:50:33.963
car_ID_3560,FLUSH,8406,car,403,293,397,289,0.6546,2026-08-04 04:50:15.944,2026-08-04 04:50:35.956
car_ID_3570,FLUSH,8439,car,320,308,319,309,0.5840,2026-08-04 04:50:35.166,2026-08-04 04:50:35.956
truck_ID_787,FLUSH,8441,truck,811,283,807,281,0.5264,2026-08-04 04:50:36.291,2026-08-04 04:50:36.367
car_ID_3569,FLUSH,8437,car,1017,353,395,341,0.8179,2026-08-04 04:50:34.358,2026-08-04 04:50:36.602
truck_ID_786,FLUSH,8432,truck,634,243,503,246,0.6274,2026-08-04 04:50:32.147,2026-08-04 04:50:37.227
car_ID_3572,FLUSH,8443,car,1002,317,931,304,0.6069,2026-08-04 04:50:36.790,2026-08-04 04:50:37.422
bus_ID_187,FLUSH,8448,bus,771,257,765,255,0.5823,2026-08-04 04:50:37.930,2026-08-04 04:50:38.284
car_ID_3571,FLUSH,8442,car,1058,351,358,333,0.8287,2026-08-04 04:50:36.126,2026-08-04 04:50:38.425
truck_ID_788,FLUSH,8443,truck,890,299,809,291,0.5910,2026-08-04 04:50:37.802,2026-08-04 04:50:38.794
bus_ID_188,FLUSH,8457,bus,675,243,669,243,0.5469,2026-08-04 04:50:41.827,2026-08-04 04:50:42.438
bus_ID_189,FLUSH,8459,bus,668,243,664,243,0.5662,2026-08-04 04:50:42.405,2026-08-04 04:50:42.628
truck_ID_790,FLUSH,8462,truck,631,243,631,243,0.8380,2026-08-04 04:50:43.800,2026-08-04 04:50:44.090
bus_ID_190,FLUSH,8462,bus,583,243,583,243,0.5026,2026-08-04 04:50:44.194,2026-08-04 04:50:44.194
car_ID_3574,FLUSH,8450,car,973,314,802,257,0.7205,2026-08-04 04:50:38.828,2026-08-04 04:50:45.071
truck_ID_789,FLUSH,8459,truck,645,243,566,244,0.6688,2026-08-04 04:50:43.125,2026-08-04 04:50:45.205
car_ID_3575,FLUSH,8464,car,746,256,759,253,0.5909,2026-08-04 04:50:44.631,2026-08-04 04:50:45.456
car_ID_3573,FLUSH,8406,car,403,290,405,288,0.5920,2026-08-04 04:50:37.494,2026-08-04 04:50:47.533
truck_ID_791,FLUSH,8465,truck,636,243,616,240,0.7851,2026-08-04 04:50:45.995,2026-08-04 04:50:47.998
truck_ID_792,FLUSH,8470,truck,616,239,607,241,0.6684,2026-08-04 04:50:48.049,2026-08-04 04:50:48.859
car_ID_3576,FLUSH,8472,car,390,289,384,289,0.5311,2026-08-04 04:50:50.297,2026-08-04 04:50:50.428
truck_ID_793,FLUSH,8475,truck,401,256,401,256,0.5552,2026-08-04 04:50:51.731,2026-08-04 04:50:52.199
car_ID_3562,FLUSH,8409,car,472,280,412,284,0.6801,2026-08-04 04:50:16.226,2026-08-04 04:50:52.995
car_ID_3563,FLUSH,8410,car,544,271,403,285,0.6898,2026-08-04 04:50:16.759,2026-08-04 04:50:56.038
car_ID_3577,FLUSH,8481,car,368,364,1017,381,0.8244,2026-08-04 04:50:53.822,2026-08-04 04:50:56.239
car_ID_3579,FLUSH,8489,car,717,250,715,251,0.5409,2026-08-04 04:50:56.726,2026-08-04 04:50:56.956
car_ID_3578,FLUSH,8490,car,359,369,987,397,0.8014,2026-08-04 04:50:56.596,2026-08-04 04:50:58.425
truck_ID_795,FLUSH,8496,truck,657,245,657,245,0.5725,2026-08-04 04:50:59.356,2026-08-04 04:50:59.711
truck_ID_796,FLUSH,8495,truck,655,243,656,243,0.5837,2026-08-04 04:50:59.711,2026-08-04 04:50:59.893
car_ID_3581,FLUSH,8497,car,383,346,1025,372,0.8270,2026-08-04 04:50:59.669,2026-08-04 04:51:02.122
truck_ID_794,FLUSH,8493,truck,573,243,527,247,0.7581,2026-08-04 04:50:58.290,2026-08-04 04:51:02.319
car_ID_3583,FLUSH,8498,car,385,354,950,387,0.7727,2026-08-04 04:51:01.192,2026-08-04 04:51:03.029
truck_ID_797,FLUSH,8505,truck,483,250,482,250,0.5727,2026-08-04 04:51:02.961,2026-08-04 04:51:03.029
bus_ID_191,FLUSH,8496,bus,627,240,627,240,0.5810,2026-08-04 04:51:03.062,2026-08-04 04:51:03.380
bus_ID_192,FLUSH,8504,bus,626,241,619,241,0.5895,2026-08-04 04:51:03.172,2026-08-04 04:51:03.731
car_ID_3584,FLUSH,8502,car,597,268,566,270,0.5571,2026-08-04 04:51:02.799,2026-08-04 04:51:04.192
car_ID_3585,FLUSH,8506,car,657,254,657,255,0.5677,2026-08-04 04:51:04.332,2026-08-04 04:51:04.499
truck_ID_798,FLUSH,8493,truck,504,249,480,251,0.5822,2026-08-04 04:51:03.557,2026-08-04 04:51:04.790
truck_ID_799,FLUSH,8496,truck,603,241,588,239,0.5412,2026-08-04 04:51:04.819,2026-08-04 04:51:05.763
car_ID_3580,FLUSH,8491,car,632,260,427,282,0.6712,2026-08-04 04:50:57.533,2026-08-04 04:51:06.448
car_ID_3582,FLUSH,8495,car,629,261,508,275,0.5845,2026-08-04 04:51:00.266,2026-08-04 04:51:06.522
truck_ID_800,FLUSH,8508,truck,594,241,574,243,0.5645,2026-08-04 04:51:05.360,2026-08-04 04:51:06.663
car_ID_3587,FLUSH,8511,car,397,344,522,342,0.6032,2026-08-04 04:51:06.765,2026-08-04 04:51:07.232
car_ID_3586,FLUSH,8510,car,608,262,606,262,0.6008,2026-08-04 04:51:06.596,2026-08-04 04:51:07.306
car_ID_3588,FLUSH,8513,car,595,258,590,258,0.5686,2026-08-04 04:51:07.857,2026-08-04 04:51:08.019
truck_ID_802,FLUSH,8508,truck,549,241,549,241,0.5311,2026-08-04 04:51:08.019,2026-08-04 04:51:08.019
bus_ID_193,FLUSH,8508,bus,567,229,533,240,0.5843,2026-08-04 04:51:07.265,2026-08-04 04:51:08.875
truck_ID_803,FLUSH,8514,truck,533,240,523,244,0.5946,2026-08-04 04:51:08.840,2026-08-04 04:51:09.154
bus_ID_194,FLUSH,8514,bus,552,241,516,246,0.5356,2026-08-04 04:51:07.890,2026-08-04 04:51:09.863
bus_ID_195,FLUSH,8520,bus,482,248,469,248,0.6017,2026-08-04 04:51:10.591,2026-08-04 04:51:10.924
car_ID_3592,FLUSH,8517,car,511,275,449,283,0.5695,2026-08-04 04:51:09.088,2026-08-04 04:51:11.228
car_ID_3589,FLUSH,8516,car,459,279,410,285,0.6694,2026-08-04 04:51:08.801,2026-08-04 04:51:11.397
car_ID_3591,FLUSH,8513,car,574,265,525,271,0.6088,2026-08-04 04:51:09.088,2026-08-04 04:51:11.991
truck_ID_801,FLUSH,8515,truck,650,238,588,242,0.6609,2026-08-04 04:51:07.987,2026-08-04 04:51:13.074
truck_ID_805,FLUSH,8526,truck,662,243,653,244,0.6372,2026-08-04 04:51:12.562,2026-08-04 04:51:13.788
truck_ID_804,FLUSH,8524,truck,379,304,494,282,0.5719,2026-08-04 04:51:11.854,2026-08-04 04:51:13.962
bus_ID_196,FLUSH,8524,bus,507,280,532,278,0.5871,2026-08-04 04:51:14.203,2026-08-04 04:51:14.441
bus_ID_197,FLUSH,8527,bus,535,278,535,278,0.6190,2026-08-04 04:51:14.441,2026-08-04 04:51:14.441
car_ID_3590,FLUSH,8518,car,593,290,796,244,0.6934,2026-08-04 04:51:09.054,2026-08-04 04:51:15.430
car_ID_3593,FLUSH,8529,car,426,278,377,282,0.6389,2026-08-04 04:51:14.722,2026-08-04 04:51:15.931
truck_ID_807,FLUSH,8531,truck,478,253,458,253,0.6478,2026-08-04 04:51:15.364,2026-08-04 04:51:16.493
car_ID_3594,FLUSH,8535,car,607,265,599,269,0.5577,2026-08-04 04:51:16.865,2026-08-04 04:51:17.251
truck_ID_806,FLUSH,8527,truck,543,275,769,249,0.6559,2026-08-04 04:51:14.555,2026-08-04 04:51:19.325
truck_ID_810,FLUSH,8539,truck,768,250,771,251,0.5210,2026-08-04 04:51:19.099,2026-08-04 04:51:19.530
car_ID_3595,FLUSH,8535,car,530,272,377,286,0.5962,2026-08-04 04:51:18.336,2026-08-04 04:51:20.696
bus_ID_199,FLUSH,8539,bus,778,249,778,248,0.5917,2026-08-04 04:51:20.134,2026-08-04 04:51:20.761
truck_ID_811,FLUSH,8541,truck,623,239,620,239,0.5727,2026-08-04 04:51:20.731,2026-08-04 04:51:20.793
truck_ID_812,FLUSH,8542,truck,489,252,489,252,0.6345,2026-08-04 04:51:20.760,2026-08-04 04:51:20.793
bus_ID_200,FLUSH,8538,bus,620,239,618,239,0.6107,2026-08-04 04:51:20.825,2026-08-04 04:51:20.896
truck_ID_808,FLUSH,8537,truck,600,241,485,251,0.7653,2026-08-04 04:51:17.034,2026-08-04 04:51:20.897
car_ID_3596,FLUSH,8540,car,721,246,702,246,0.5271,2026-08-04 04:51:19.662,2026-08-04 04:51:21.136
bus_ID_198,FLUSH,8527,bus,778,249,790,245,0.5839,2026-08-04 04:51:20.054,2026-08-04 04:51:21.297
bus_ID_201,FLUSH,8541,bus,606,240,597,241,0.5301,2026-08-04 04:51:21.264,2026-08-04 04:51:21.655
bus_ID_202,FLUSH,8541,bus,566,244,565,244,0.5062,2026-08-04 04:51:22.885,2026-08-04 04:51:22.918
truck_ID_813,FLUSH,8541,truck,590,241,546,245,0.7952,2026-08-04 04:51:22.026,2026-08-04 04:51:23.629
truck_ID_814,FLUSH,8545,truck,513,249,505,250,0.5972,2026-08-04 04:51:24.626,2026-08-04 04:51:24.889
truck_ID_809,FLUSH,8538,truck,667,245,392,280,0.6782,2026-08-04 04:51:18.542,2026-08-04 04:51:27.046
car_ID_3599,FLUSH,8551,car,711,250,711,250,0.5561,2026-08-04 04:51:28.525,2026-08-04 04:51:28.525
car_ID_3597,FLUSH,8544,car,618,254,341,282,0.7415,2026-08-04 04:51:24.823,2026-08-04 04:51:31.216
car_ID_3600,FLUSH,8553,car,628,258,371,284,0.7357,2026-08-04 04:51:30.897,2026-08-04 04:51:34.048
car_ID_3598,FLUSH,8550,car,375,317,796,247,0.6879,2026-08-04 04:51:28.032,2026-08-04 04:51:35.524
car_ID_3601,FLUSH,8558,car,645,258,450,274,0.6830,2026-08-04 04:51:35.993,2026-08-04 04:51:38.995
car_ID_3602,FLUSH,8564,car,614,259,392,280,0.6944,2026-08-04 04:51:39.034,2026-08-04 04:51:42.297
car_ID_3603,FLUSH,8565,car,658,255,368,283,0.6969,2026-08-04 04:51:39.101,2026-08-04 04:51:43.734
truck_ID_815,FLUSH,8568,truck,662,243,491,252,0.7483,2026-08-04 04:51:40.364,2026-08-04 04:51:44.412
bus_ID_203,FLUSH,8573,bus,597,241,597,241,0.5846,2026-08-04 04:51:46.892,2026-08-04 04:51:46.955
bus_ID_204,FLUSH,8576,bus,596,240,596,240,0.6559,2026-08-04 04:51:46.922,2026-08-04 04:51:46.955
truck_ID_817,FLUSH,8576,truck,577,242,560,243,0.6327,2026-08-04 04:51:47.389,2026-08-04 04:51:48.220
car_ID_3605,FLUSH,8581,car,710,250,710,251,0.5323,2026-08-04 04:51:49.257,2026-08-04 04:51:49.336
truck_ID_816,FLUSH,8573,truck,657,244,488,250,0.5995,2026-08-04 04:51:45.008,2026-08-04 04:51:49.487
car_ID_3604,FLUSH,8580,car,647,259,404,278,0.6855,2026-08-04 04:51:48.895,2026-08-04 04:51:52.065
truck_ID_818,FLUSH,8582,truck,658,244,620,240,0.6177,2026-08-04 04:51:50.057,2026-08-04 04:51:52.233
car_ID_3606,FLUSH,8588,car,718,249,712,250,0.5497,2026-08-04 04:51:52.004,2026-08-04 04:51:52.342
truck_ID_819,FLUSH,8587,truck,619,240,483,251,0.6533,2026-08-04 04:51:51.799,2026-08-04 04:51:54.975
bus_ID_205,FLUSH,8595,bus,658,245,646,241,0.5672,2026-08-04 04:51:54.461,2026-08-04 04:51:55.092
car_ID_3611,FLUSH,8598,car,796,240,796,239,0.5097,2026-08-04 04:51:55.222,2026-08-04 04:51:55.254
car_ID_3610,FLUSH,8594,car,761,236,753,238,0.5207,2026-08-04 04:51:54.867,2026-08-04 04:51:55.287
car_ID_3609,FLUSH,8596,car,721,247,710,246,0.5223,2026-08-04 04:51:54.832,2026-08-04 04:51:55.496
bus_ID_206,FLUSH,8600,bus,630,243,622,239,0.5661,2026-08-04 04:51:55.560,2026-08-04 04:51:55.864
car_ID_3607,FLUSH,8586,car,602,266,375,288,0.6098,2026-08-04 04:51:52.099,2026-08-04 04:51:56.219
bus_ID_207,FLUSH,8600,bus,553,245,552,245,0.6060,2026-08-04 04:51:57.857,2026-08-04 04:51:57.891
car_ID_3612,FLUSH,8595,car,611,264,461,277,0.6665,2026-08-04 04:51:55.391,2026-08-04 04:51:57.924
bus_ID_208,FLUSH,8603,bus,551,245,543,246,0.6345,2026-08-04 04:51:57.924,2026-08-04 04:51:58.119
car_ID_3613,FLUSH,8601,car,714,251,708,252,0.5531,2026-08-04 04:51:58.326,2026-08-04 04:51:58.490
truck_ID_821,FLUSH,8603,truck,574,243,520,248,0.6226,2026-08-04 04:51:57.372,2026-08-04 04:51:58.627
truck_ID_820,FLUSH,8600,truck,597,241,539,246,0.6015,2026-08-04 04:51:56.691,2026-08-04 04:51:58.698
car_ID_3608,FLUSH,8591,car,614,268,413,286,0.6674,2026-08-04 04:51:53.096,2026-08-04 04:51:58.827
car_ID_3614,FLUSH,8602,car,615,255,574,259,0.6869,2026-08-04 04:51:58.867,2026-08-04 04:52:00.299
car_ID_3615,FLUSH,8605,car,465,305,602,264,0.6864,2026-08-04 04:51:59.454,2026-08-04 04:52:01.327
car_ID_3617,FLUSH,8611,car,407,296,409,296,0.5347,2026-08-04 04:52:03.170,2026-08-04 04:52:03.202
car_ID_3616,FLUSH,8606,car,628,281,715,264,0.6060,2026-08-04 04:52:01.193,2026-08-04 04:52:03.238
truck_ID_822,FLUSH,8604,truck,353,292,776,249,0.7417,2026-08-04 04:51:59.252,2026-08-04 04:52:07.963
car_ID_3618,FLUSH,8621,car,390,288,393,287,0.6543,2026-08-04 04:52:06.963,2026-08-04 04:52:08.261
truck_ID_823,FLUSH,8616,truck,400,291,655,265,0.7686,2026-08-04 04:52:04.607,2026-08-04 04:52:08.465
car_ID_3619,FLUSH,8624,car,515,273,429,282,0.6503,2026-08-04 04:52:07.753,2026-08-04 04:52:09.055
truck_ID_825,FLUSH,8627,truck,589,242,588,242,0.7510,2026-08-04 04:52:09.456,2026-08-04 04:52:09.524
car_ID_3620,FLUSH,8627,car,610,263,610,263,0.5757,2026-08-04 04:52:10.205,2026-08-04 04:52:10.283
truck_ID_824,FLUSH,8628,truck,595,241,581,243,0.5837,2026-08-04 04:52:09.251,2026-08-04 04:52:10.283
truck_ID_828,FLUSH,8631,truck,493,281,498,282,0.6397,2026-08-04 04:52:10.833,2026-08-04 04:52:10.930
truck_ID_827,FLUSH,8616,truck,726,254,769,249,0.6157,2026-08-04 04:52:09.665,2026-08-04 04:52:12.258
car_ID_3621,FLUSH,8633,car,387,290,390,291,0.5155,2026-08-04 04:52:11.364,2026-08-04 04:52:12.492
truck_ID_829,FLUSH,8640,truck,587,242,587,242,0.5418,2026-08-04 04:52:14.161,2026-08-04 04:52:14.161
car_ID_3623,FLUSH,8638,car,560,269,437,281,0.6252,2026-08-04 04:52:12.765,2026-08-04 04:52:14.217
car_ID_3624,FLUSH,8640,car,593,265,593,265,0.5169,2026-08-04 04:52:14.627,2026-08-04 04:52:14.627
bus_ID_209,FLUSH,8642,bus,570,244,564,244,0.5853,2026-08-04 04:52:14.656,2026-08-04 04:52:14.823
car_ID_3622,FLUSH,8635,car,479,278,510,293,0.6091,2026-08-04 04:52:11.953,2026-08-04 04:52:15.435
truck_ID_831,FLUSH,8642,truck,544,245,532,265,0.7003,2026-08-04 04:52:15.366,2026-08-04 04:52:15.701
car_ID_3629,FLUSH,8642,car,568,284,568,284,0.6096,2026-08-04 04:52:16.091,2026-08-04 04:52:16.091
car_ID_3625,FLUSH,8644,car,386,298,393,300,0.6323,2026-08-04 04:52:15.019,2026-08-04 04:52:16.178
car_ID_3626,FLUSH,8647,car,495,295,618,279,0.6307,2026-08-04 04:52:15.291,2026-08-04 04:52:16.865
truck_ID_826,FLUSH,8629,truck,401,292,777,244,0.7213,2026-08-04 04:52:09.630,2026-08-04 04:52:17.064
bus_ID_210,FLUSH,8645,bus,610,243,597,240,0.5768,2026-08-04 04:52:17.140,2026-08-04 04:52:17.558
truck_ID_832,FLUSH,8647,truck,601,240,598,240,0.6554,2026-08-04 04:52:17.393,2026-08-04 04:52:18.030
truck_ID_830,FLUSH,8645,truck,660,245,592,241,0.6237,2026-08-04 04:52:15.213,2026-08-04 04:52:18.215
car_ID_3628,FLUSH,8649,car,450,307,667,280,0.7086,2026-08-04 04:52:16.056,2026-08-04 04:52:18.711
bus_ID_211,FLUSH,8655,bus,491,285,491,285,0.5177,2026-08-04 04:52:18.683,2026-08-04 04:52:18.824
truck_ID_834,FLUSH,8655,truck,530,281,533,281,0.5665,2026-08-04 04:52:18.955,2026-08-04 04:52:19.461
car_ID_3627,FLUSH,8646,car,388,332,788,267,0.6927,2026-08-04 04:52:15.435,2026-08-04 04:52:20.759
truck_ID_835,FLUSH,8657,truck,480,252,426,253,0.6259,2026-08-04 04:52:19.762,2026-08-04 04:52:20.860
car_ID_3631,FLUSH,8659,car,590,266,436,281,0.7072,2026-08-04 04:52:20.556,2026-08-04 04:52:22.733
car_ID_3633,FLUSH,8660,car,624,259,460,276,0.6800,2026-08-04 04:52:21.332,2026-08-04 04:52:24.102
truck_ID_833,FLUSH,8654,truck,426,309,788,247,0.7299,2026-08-04 04:52:18.206,2026-08-04 04:52:24.552
car_ID_3634,FLUSH,8664,car,699,268,728,262,0.5941,2026-08-04 04:52:22.295,2026-08-04 04:52:24.584
car_ID_3635,FLUSH,8666,car,618,256,599,263,0.5847,2026-08-04 04:52:23.727,2026-08-04 04:52:25.059
truck_ID_836,FLUSH,8669,truck,656,243,646,244,0.5994,2026-08-04 04:52:25.503,2026-08-04 04:52:26.022
car_ID_3637,FLUSH,8664,car,748,257,765,253,0.5360,2026-08-04 04:52:25.636,2026-08-04 04:52:26.868
car_ID_3636,FLUSH,8668,car,578,267,442,277,0.7057,2026-08-04 04:52:25.283,2026-08-04 04:52:27.111
car_ID_3632,FLUSH,8658,car,390,287,382,289,0.6482,2026-08-04 04:52:21.199,2026-08-04 04:52:27.392
truck_ID_837,FLUSH,8671,truck,646,243,516,248,0.7569,2026-08-04 04:52:26.056,2026-08-04 04:52:29.565
bus_ID_212,FLUSH,8671,bus,509,249,509,249,0.5632,2026-08-04 04:52:29.707,2026-08-04 04:52:29.707
car_ID_3630,FLUSH,8656,car,386,295,783,251,0.6658,2026-08-04 04:52:19.124,2026-08-04 04:52:29.766
car_ID_3639,FLUSH,8674,car,379,366,975,396,0.8196,2026-08-04 04:52:28.686,2026-08-04 04:52:30.019
person_ID_18,FLUSH,8678,person,493,373,493,373,0.6630,2026-08-04 04:52:30.830,2026-08-04 04:52:30.830
car_ID_3638,FLUSH,8666,car,607,266,386,288,0.6222,2026-08-04 04:52:26.357,2026-08-04 04:52:30.896
truck_ID_838,FLUSH,8675,truck,498,250,400,257,0.5705,2026-08-04 04:52:29.912,2026-08-04 04:52:31.281
person_ID_19,FLUSH,8680,person,681,389,821,389,0.5802,2026-08-04 04:52:31.200,2026-08-04 04:52:31.893
motorcycle_ID_8,FLUSH,8677,motorcycle,412,389,826,414,0.6883,2026-08-04 04:52:30.628,2026-08-04 04:52:31.893
car_ID_3641,FLUSH,8681,car,368,368,1040,399,0.7390,2026-08-04 04:52:31.997,2026-08-04 04:52:34.059
car_ID_3642,FLUSH,8685,car,370,369,1004,389,0.8198,2026-08-04 04:52:34.696,2026-08-04 04:52:36.295
car_ID_3640,FLUSH,8676,car,999,319,804,257,0.7559,2026-08-04 04:52:30.219,2026-08-04 04:52:37.258
car_ID_3643,FLUSH,8688,car,616,256,605,257,0.5026,2026-08-04 04:52:38.587,2026-08-04 04:52:38.923
car_ID_3644,FLUSH,8690,car,603,258,603,258,0.5133,2026-08-04 04:52:39.023,2026-08-04 04:52:39.023
car_ID_3645,FLUSH,8690,car,564,261,563,261,0.5882,2026-08-04 04:52:40.059,2026-08-04 04:52:40.091
truck_ID_840,FLUSH,8690,truck,574,260,517,264,0.5412,2026-08-04 04:52:39.820,2026-08-04 04:52:40.992
truck_ID_839,FLUSH,8688,truck,603,257,466,269,0.5658,2026-08-04 04:52:39.095,2026-08-04 04:52:41.859
bus_ID_213,FLUSH,8693,bus,449,291,473,289,0.6318,2026-08-04 04:52:44.559,2026-08-04 04:52:44.727
truck_ID_841,FLUSH,8693,truck,344,300,610,275,0.6930,2026-08-04 04:52:43.956,2026-08-04 04:52:45.756
truck_ID_842,FLUSH,8694,truck,555,281,729,260,0.5923,2026-08-04 04:52:45.281,2026-08-04 04:52:47.711
car_ID_3647,FLUSH,8702,car,756,253,756,253,0.5525,2026-08-04 04:52:48.623,2026-08-04 04:52:48.623
car_ID_3649,FLUSH,8705,car,710,251,709,251,0.5418,2026-08-04 04:52:49.344,2026-08-04 04:52:49.351
truck_ID_843,FLUSH,8697,truck,341,315,662,269,0.8032,2026-08-04 04:52:46.434,2026-08-04 04:52:50.164
car_ID_3646,FLUSH,8696,car,404,316,795,246,0.6701,2026-08-04 04:52:45.825,2026-08-04 04:52:51.155
car_ID_3648,FLUSH,8700,car,394,308,423,283,0.6914,2026-08-04 04:52:48.663,2026-08-04 04:52:52.108
car_ID_3650,FLUSH,8709,car,594,257,401,280,0.6674,2026-08-04 04:52:50.636,2026-08-04 04:52:53.580
truck_ID_845,FLUSH,8716,truck,760,257,778,252,0.6418,2026-08-04 04:52:52.657,2026-08-04 04:52:54.035
car_ID_3654,FLUSH,8718,car,715,251,708,250,0.5414,2026-08-04 04:52:54.036,2026-08-04 04:52:54.363
car_ID_3653,FLUSH,8717,car,526,271,459,278,0.5746,2026-08-04 04:52:53.620,2026-08-04 04:52:54.463
truck_ID_844,FLUSH,8714,truck,751,260,786,251,0.6204,2026-08-04 04:52:52.109,2026-08-04 04:52:54.764
car_ID_3651,FLUSH,8712,car,637,259,385,286,0.6599,2026-08-04 04:52:51.395,2026-08-04 04:52:54.934
car_ID_3652,FLUSH,8715,car,630,259,351,284,0.7149,2026-08-04 04:52:53.235,2026-08-04 04:52:56.958
car_ID_3656,FLUSH,8723,car,759,240,759,240,0.5596,2026-08-04 04:52:57.023,2026-08-04 04:52:57.023
car_ID_3658,FLUSH,8725,car,721,246,710,246,0.5187,2026-08-04 04:52:58.593,2026-08-04 04:52:59.242
car_ID_3659,FLUSH,8726,car,342,333,377,339,0.5638,2026-08-04 04:52:59.863,2026-08-04 04:53:00.131
car_ID_3655,FLUSH,8721,car,644,259,398,282,0.7198,2026-08-04 04:52:56.524,2026-08-04 04:53:00.433
truck_ID_846,FLUSH,8726,truck,390,342,421,346,0.6093,2026-08-04 04:53:00.262,2026-08-04 04:53:00.479
car_ID_3661,FLUSH,8729,car,534,263,534,263,0.5240,2026-08-04 04:53:00.509,2026-08-04 04:53:00.509
bus_ID_214,FLUSH,8726,bus,427,346,427,346,0.5402,2026-08-04 04:53:00.508,2026-08-04 04:53:00.508
car_ID_3660,FLUSH,8728,car,982,321,891,304,0.7583,2026-08-04 04:53:00.509,2026-08-04 04:53:01.630
truck_ID_847,FLUSH,8730,truck,448,349,910,360,0.7828,2026-08-04 04:53:00.625,2026-08-04 04:53:01.985
car_ID_3657,FLUSH,8724,car,640,261,414,276,0.6455,2026-08-04 04:52:58.129,2026-08-04 04:53:02.053
car_ID_3662,FLUSH,8732,car,442,282,369,292,0.6434,2026-08-04 04:53:01.189,2026-08-04 04:53:02.136
car_ID_3663,FLUSH,8731,car,656,255,414,281,0.6861,2026-08-04 04:53:01.367,2026-08-04 04:53:05.836
car_ID_3665,FLUSH,8744,car,292,350,1077,379,0.7897,2026-08-04 04:53:04.885,2026-08-04 04:53:07.534
truck_ID_848,FLUSH,8742,truck,658,239,455,253,0.7569,2026-08-04 04:53:03.199,2026-08-04 04:53:07.642
truck_ID_849,FLUSH,8750,truck,437,255,437,255,0.7353,2026-08-04 04:53:07.853,2026-08-04 04:53:07.853
bus_ID_215,FLUSH,8747,bus,658,243,598,241,0.5957,2026-08-04 04:53:06.730,2026-08-04 04:53:08.329
car_ID_3664,FLUSH,8739,car,821,302,805,259,0.7832,2026-08-04 04:53:02.171,2026-08-04 04:53:08.667
bus_ID_216,FLUSH,8748,bus,627,241,565,245,0.5629,2026-08-04 04:53:07.642,2026-08-04 04:53:09.120
truck_ID_851,FLUSH,8748,truck,587,242,560,244,0.6812,2026-08-04 04:53:08.667,2026-08-04 04:53:09.696
truck_ID_850,FLUSH,8747,truck,596,242,513,250,0.7285,2026-08-04 04:53:08.466,2026-08-04 04:53:10.102
bus_ID_218,FLUSH,8754,bus,500,250,499,250,0.7414,2026-08-04 04:53:10.320,2026-08-04 04:53:10.353
bus_ID_217,FLUSH,8747,bus,508,250,488,251,0.6284,2026-08-04 04:53:10.167,2026-08-04 04:53:10.558
car_ID_3666,FLUSH,8752,car,393,346,590,372,0.7572,2026-08-04 04:53:09.928,2026-08-04 04:53:10.755
truck_ID_852,FLUSH,8754,truck,509,251,443,255,0.6102,2026-08-04 04:53:10.167,2026-08-04 04:53:11.059
car_ID_3667,FLUSH,8756,car,622,373,826,379,0.7265,2026-08-04 04:53:10.824,2026-08-04 04:53:11.394
truck_ID_853,FLUSH,8752,truck,720,375,725,375,0.5290,2026-08-04 04:53:11.026,2026-08-04 04:53:11.548
truck_ID_854,FLUSH,8755,truck,631,240,625,240,0.5793,2026-08-04 04:53:11.494,2026-08-04 04:53:11.584
truck_ID_855,FLUSH,8760,truck,589,241,496,252,0.6740,2026-08-04 04:53:12.562,2026-08-04 04:53:14.337
car_ID_3668,FLUSH,8755,car,617,261,396,283,0.6393,2026-08-04 04:53:11.702,2026-08-04 04:53:14.478
car_ID_3669,FLUSH,8762,car,610,265,499,278,0.6516,2026-08-04 04:53:14.777,2026-08-04 04:53:16.662
car_ID_3670,FLUSH,8763,car,711,251,711,252,0.5109,2026-08-04 04:53:16.662,2026-08-04 04:53:16.728
car_ID_3671,FLUSH,8767,car,714,252,713,252,0.5311,2026-08-04 04:53:17.857,2026-08-04 04:53:17.923
car_ID_3672,FLUSH,8773,car,509,279,386,288,0.7166,2026-08-04 04:53:19.796,2026-08-04 04:53:21.265
car_ID_3673,FLUSH,8774,car,569,270,393,285,0.6836,2026-08-04 04:53:20.246,2026-08-04 04:53:22.228
car_ID_3674,FLUSH,8776,car,611,266,442,282,0.6748,2026-08-04 04:53:21.167,2026-08-04 04:53:23.968
truck_ID_856,FLUSH,8765,truck,381,296,777,247,0.7737,2026-08-04 04:53:16.859,2026-08-04 04:53:24.002
bus_ID_219,FLUSH,8780,bus,454,283,483,281,0.7379,2026-08-04 04:53:23.935,2026-08-04 04:53:24.090
bus_ID_220,FLUSH,8776,bus,488,280,491,279,0.5311,2026-08-04 04:53:24.135,2026-08-04 04:53:24.168
car_ID_3675,FLUSH,8778,car,613,259,510,273,0.6253,2026-08-04 04:53:22.364,2026-08-04 04:53:24.320
car_ID_3676,FLUSH,8781,car,369,287,352,288,0.5663,2026-08-04 04:53:23.968,2026-08-04 04:53:24.555
car_ID_3677,FLUSH,8785,car,443,279,437,279,0.5971,2026-08-04 04:53:24.391,2026-08-04 04:53:24.555
truck_ID_858,FLUSH,8780,truck,436,286,582,271,0.6984,2026-08-04 04:53:23.841,2026-08-04 04:53:24.855
truck_ID_859,FLUSH,8776,truck,554,274,661,253,0.6323,2026-08-04 04:53:24.590,2026-08-04 04:53:25.887
car_ID_3678,FLUSH,8780,car,586,267,495,277,0.6020,2026-08-04 04:53:25.854,2026-08-04 04:53:27.050
truck_ID_857,FLUSH,8777,truck,656,243,434,254,0.6485,2026-08-04 04:53:22.123,2026-08-04 04:53:27.390
truck_ID_861,FLUSH,8788,truck,716,257,725,255,0.5395,2026-08-04 04:53:27.187,2026-08-04 04:53:27.436
truck_ID_860,FLUSH,8776,truck,626,242,558,247,0.6270,2026-08-04 04:53:26.924,2026-08-04 04:53:28.445
car_ID_3679,FLUSH,8792,car,714,250,712,249,0.5115,2026-08-04 04:53:29.395,2026-08-04 04:53:29.537
car_ID_3681,FLUSH,8794,car,713,253,708,252,0.5591,2026-08-04 04:53:31.591,2026-08-04 04:53:31.788
car_ID_3680,FLUSH,8790,car,618,255,359,282,0.7321,2026-08-04 04:53:29.504,2026-08-04 04:53:33.460
car_ID_3683,FLUSH,8800,car,713,251,709,251,0.5530,2026-08-04 04:53:33.394,2026-08-04 04:53:33.628
car_ID_3682,FLUSH,8796,car,613,262,421,281,0.6913,2026-08-04 04:53:32.234,2026-08-04 04:53:34.591
car_ID_3686,FLUSH,8805,car,711,250,710,250,0.5501,2026-08-04 04:53:35.475,2026-08-04 04:53:35.554
car_ID_3688,FLUSH,8798,car,761,242,761,242,0.5240,2026-08-04 04:53:35.683,2026-08-04 04:53:35.683
car_ID_3684,FLUSH,8801,car,613,263,348,288,0.6827,2026-08-04 04:53:33.460,2026-08-04 04:53:36.922
car_ID_3685,FLUSH,8799,car,612,263,348,288,0.7186,2026-08-04 04:53:34.727,2026-08-04 04:53:37.827
car_ID_3690,FLUSH,8809,car,716,249,712,249,0.5490,2026-08-04 04:53:37.762,2026-08-04 04:53:38.070
car_ID_3687,FLUSH,8806,car,649,259,349,288,0.7567,2026-08-04 04:53:35.683,2026-08-04 04:53:39.853
car_ID_3691,FLUSH,8811,car,656,258,656,258,0.5121,2026-08-04 04:53:40.633,2026-08-04 04:53:40.699
car_ID_3692,FLUSH,8814,car,610,265,579,270,0.6322,2026-08-04 04:53:42.822,2026-08-04 04:53:43.732
car_ID_3689,FLUSH,8810,car,656,258,722,263,0.7229,2026-08-04 04:53:37.457,2026-08-04 04:53:44.659
car_ID_3695,FLUSH,8826,car,718,247,713,248,0.5477,2026-08-04 04:53:47.260,2026-08-04 04:53:47.534
truck_ID_862,FLUSH,8818,truck,326,319,786,246,0.7604,2026-08-04 04:53:43.666,2026-08-04 04:53:48.192
car_ID_3694,FLUSH,8823,car,616,254,432,275,0.7090,2026-08-04 04:53:45.757,2026-08-04 04:53:48.289
car_ID_3696,FLUSH,8824,car,615,261,425,283,0.6898,2026-08-04 04:53:47.564,2026-08-04 04:53:49.923
car_ID_3698,FLUSH,8828,car,611,256,558,264,0.5771,2026-08-04 04:53:49.703,2026-08-04 04:53:50.734
car_ID_3693,FLUSH,8822,car,513,277,377,287,0.6910,2026-08-04 04:53:44.995,2026-08-04 04:53:51.694
car_ID_3699,FLUSH,8830,car,462,274,454,276,0.5623,2026-08-04 04:53:51.832,2026-08-04 04:53:51.928
car_ID_3697,FLUSH,8827,car,620,268,491,279,0.6267,2026-08-04 04:53:48.192,2026-08-04 04:53:52.148
car_ID_3700,FLUSH,8832,car,715,251,709,252,0.5726,2026-08-04 04:53:52.930,2026-08-04 04:53:53.158
truck_ID_863,FLUSH,8831,truck,387,291,780,244,0.7506,2026-08-04 04:53:52.230,2026-08-04 04:53:57.095
car_ID_3703,FLUSH,8839,car,616,268,522,279,0.6647,2026-08-04 04:53:57.891,2026-08-04 04:54:03.236
car_ID_3704,FLUSH,8843,car,613,262,560,267,0.5886,2026-08-04 04:54:02.357,2026-08-04 04:54:03.386
car_ID_3705,FLUSH,8845,car,715,250,710,251,0.5734,2026-08-04 04:54:03.657,2026-08-04 04:54:03.890
truck_ID_864,FLUSH,8843,truck,543,252,540,252,0.5395,2026-08-04 04:54:04.027,2026-08-04 04:54:04.195
car_ID_3706,FLUSH,8847,car,519,275,503,276,0.5778,2026-08-04 04:54:03.923,2026-08-04 04:54:04.302
car_ID_3708,FLUSH,8848,car,712,251,711,250,0.5050,2026-08-04 04:54:05.126,2026-08-04 04:54:05.196
car_ID_3710,FLUSH,8852,car,657,256,657,256,0.5097,2026-08-04 04:54:06.691,2026-08-04 04:54:06.724
car_ID_3709,FLUSH,8849,car,630,259,542,268,0.6567,2026-08-04 04:54:06.034,2026-08-04 04:54:08.092
car_ID_3713,FLUSH,8853,car,520,279,518,278,0.6372,2026-08-04 04:54:08.467,2026-08-04 04:54:08.850
car_ID_3715,FLUSH,8858,car,656,262,656,262,0.5490,2026-08-04 04:54:09.651,2026-08-04 04:54:09.651
car_ID_3712,FLUSH,8852,car,614,262,545,269,0.6764,2026-08-04 04:54:07.827,2026-08-04 04:54:09.679
car_ID_3716,FLUSH,8859,car,701,250,701,250,0.5204,2026-08-04 04:54:09.798,2026-08-04 04:54:09.798
truck_ID_865,FLUSH,8857,truck,686,347,686,347,0.5665,2026-08-04 04:54:11.158,2026-08-04 04:54:11.158
car_ID_3711,FLUSH,8851,car,1055,345,380,333,0.7668,2026-08-04 04:54:06.999,2026-08-04 04:54:11.230
truck_ID_866,FLUSH,8864,truck,880,306,880,306,0.5276,2026-08-04 04:54:11.404,2026-08-04 04:54:11.404
car_ID_3719,FLUSH,8859,car,711,250,709,248,0.5864,2026-08-04 04:54:11.404,2026-08-04 04:54:11.811
car_ID_3714,FLUSH,8857,car,1052,342,412,336,0.7931,2026-08-04 04:54:09.642,2026-08-04 04:54:12.189
car_ID_3717,FLUSH,8860,car,996,320,835,303,0.7385,2026-08-04 04:54:10.419,2026-08-04 04:54:12.257
car_ID_3701,FLUSH,8833,car,378,299,359,287,0.6208,2026-08-04 04:53:53.331,2026-08-04 04:54:14.271
car_ID_3718,FLUSH,8862,car,608,263,535,271,0.5882,2026-08-04 04:54:11.267,2026-08-04 04:54:14.623
car_ID_3723,FLUSH,8874,car,713,249,713,249,0.5062,2026-08-04 04:54:14.954,2026-08-04 04:54:14.954
car_ID_3720,FLUSH,8864,car,872,306,730,267,0.7125,2026-08-04 04:54:11.451,2026-08-04 04:54:16.020
bus_ID_221,FLUSH,8866,bus,572,242,572,242,0.6630,2026-08-04 04:54:16.124,2026-08-04 04:54:16.124
truck_ID_868,FLUSH,8878,truck,587,242,559,241,0.6441,2026-08-04 04:54:15.531,2026-08-04 04:54:16.694
car_ID_3707,FLUSH,8843,car,520,279,520,278,0.6125,2026-08-04 04:54:04.523,2026-08-04 04:54:16.899
car_ID_3725,FLUSH,8882,car,717,250,707,250,0.5278,2026-08-04 04:54:16.967,2026-08-04 04:54:17.657
truck_ID_867,FLUSH,8866,truck,658,244,511,241,0.6274,2026-08-04 04:54:12.257,2026-08-04 04:54:18.565
car_ID_3726,FLUSH,8833,car,377,288,380,287,0.5178,2026-08-04 04:54:17.693,2026-08-04 04:54:18.718
car_ID_3721,FLUSH,8870,car,942,308,781,266,0.7317,2026-08-04 04:54:13.866,2026-08-04 04:54:18.958
car_ID_3728,FLUSH,8891,car,656,257,656,257,0.5133,2026-08-04 04:54:20.013,2026-08-04 04:54:20.013
truck_ID_869,FLUSH,8888,truck,499,241,455,243,0.5701,2026-08-04 04:54:18.892,2026-08-04 04:54:20.219
car_ID_3727,FLUSH,8883,car,611,257,585,258,0.5736,2026-08-04 04:54:19.670,2026-08-04 04:54:21.104
car_ID_3729,FLUSH,8893,car,720,251,710,252,0.5677,2026-08-04 04:54:21.139,2026-08-04 04:54:21.995
truck_ID_870,FLUSH,8895,truck,419,246,397,250,0.5210,2026-08-04 04:54:21.554,2026-08-04 04:54:22.395
car_ID_3724,FLUSH,8881,car,969,316,804,260,0.6891,2026-08-04 04:54:16.418,2026-08-04 04:54:22.942
car_ID_3731,FLUSH,8899,car,794,238,787,239,0.5739,2026-08-04 04:54:22.601,2026-08-04 04:54:23.023
car_ID_3730,FLUSH,8894,car,622,262,597,264,0.6045,2026-08-04 04:54:21.822,2026-08-04 04:54:24.118
car_ID_3732,FLUSH,8843,car,521,274,524,269,0.5483,2026-08-04 04:54:23.095,2026-08-04 04:54:24.218
truck_ID_871,FLUSH,8898,truck,634,241,632,242,0.7557,2026-08-04 04:54:24.453,2026-08-04 04:54:24.587
car_ID_3733,FLUSH,8898,car,622,262,622,262,0.5596,2026-08-04 04:54:25.465,2026-08-04 04:54:25.497
car_ID_3734,FLUSH,8902,car,714,248,714,248,0.5027,2026-08-04 04:54:25.993,2026-08-04 04:54:25.993
car_ID_3736,FLUSH,8898,car,610,262,610,263,0.5124,2026-08-04 04:54:26.730,2026-08-04 04:54:27.001
car_ID_3738,FLUSH,8909,car,382,286,381,286,0.5193,2026-08-04 04:54:27.455,2026-08-04 04:54:27.525
truck_ID_872,FLUSH,8908,truck,594,238,568,237,0.5957,2026-08-04 04:54:26.836,2026-08-04 04:54:28.521
car_ID_3740,FLUSH,8912,car,454,279,454,279,0.5097,2026-08-04 04:54:28.926,2026-08-04 04:54:28.926
car_ID_3739,FLUSH,8902,car,709,250,709,250,0.5592,2026-08-04 04:54:28.201,2026-08-04 04:54:29.431
car_ID_3737,FLUSH,8904,car,610,263,607,260,0.5489,2026-08-04 04:54:27.111,2026-08-04 04:54:29.699
car_ID_3702,FLUSH,8834,car,448,282,371,283,0.6828,2026-08-04 04:53:53.495,2026-08-04 04:54:30.599
car_ID_3743,FLUSH,8904,car,602,260,600,261,0.5449,2026-08-04 04:54:30.793,2026-08-04 04:54:31.099
car_ID_3741,FLUSH,8914,car,342,370,1056,386,0.7570,2026-08-04 04:54:29.060,2026-08-04 04:54:31.723
car_ID_3735,FLUSH,8843,car,524,272,390,287,0.5973,2026-08-04 04:54:26.297,2026-08-04 04:54:32.365
car_ID_3745,FLUSH,8921,car,465,275,433,279,0.5226,2026-08-04 04:54:32.059,2026-08-04 04:54:32.990
car_ID_3744,FLUSH,8920,car,345,368,988,391,0.7438,2026-08-04 04:54:31.456,2026-08-04 04:54:33.701
car_ID_3749,FLUSH,8927,car,512,267,512,267,0.5062,2026-08-04 04:54:34.891,2026-08-04 04:54:34.891
car_ID_3750,FLUSH,8928,car,580,256,579,255,0.5204,2026-08-04 04:54:35.335,2026-08-04 04:54:35.368
car_ID_3742,FLUSH,8916,car,574,268,404,284,0.5808,2026-08-04 04:54:30.697,2026-08-04 04:54:36.814
car_ID_3747,FLUSH,8926,car,294,358,1093,378,0.7660,2026-08-04 04:54:33.832,2026-08-04 04:54:36.894
car_ID_3753,FLUSH,8927,car,438,274,376,281,0.5593,2026-08-04 04:54:36.664,2026-08-04 04:54:37.696
car_ID_3722,FLUSH,8873,car,622,268,340,292,0.6213,2026-08-04 04:54:14.406,2026-08-04 04:54:37.730
car_ID_3751,FLUSH,8935,car,365,365,988,370,0.8196,2026-08-04 04:54:36.027,2026-08-04 04:54:38.174
car_ID_3757,FLUSH,8873,car,337,291,337,291,0.5240,2026-08-04 04:54:39.094,2026-08-04 04:54:39.094
car_ID_3746,FLUSH,8904,car,596,262,394,282,0.6283,2026-08-04 04:54:32.404,2026-08-04 04:54:39.197
car_ID_3755,FLUSH,8939,car,757,246,753,246,0.5785,2026-08-04 04:54:38.594,2026-08-04 04:54:39.364
car_ID_3754,FLUSH,8928,car,486,268,328,290,0.5594,2026-08-04 04:54:38.383,2026-08-04 04:54:41.190
truck_ID_873,FLUSH,8942,truck,659,242,637,239,0.6359,2026-08-04 04:54:39.700,2026-08-04 04:54:41.190
car_ID_3748,FLUSH,8924,car,616,262,391,286,0.6663,2026-08-04 04:54:34.121,2026-08-04 04:54:41.321
truck_ID_874,FLUSH,8943,truck,631,239,622,239,0.6167,2026-08-04 04:54:41.724,2026-08-04 04:54:42.137
car_ID_3760,FLUSH,8944,car,713,252,704,252,0.5696,2026-08-04 04:54:42.583,2026-08-04 04:54:43.468
car_ID_3752,FLUSH,8934,car,611,259,385,284,0.6295,2026-08-04 04:54:36.599,2026-08-04 04:54:43.745
car_ID_3761,FLUSH,8928,car,337,291,336,293,0.5539,2026-08-04 04:54:44.499,2026-08-04 04:54:44.764
car_ID_3756,FLUSH,8940,car,626,260,389,282,0.7141,2026-08-04 04:54:39.094,2026-08-04 04:54:45.292
truck_ID_875,FLUSH,8949,truck,600,240,545,244,0.6722,2026-08-04 04:54:43.128,2026-08-04 04:54:45.966
bus_ID_222,FLUSH,8950,bus,513,248,510,252,0.5940,2026-08-04 04:54:46.468,2026-08-04 04:54:46.653
bus_ID_223,FLUSH,8959,bus,513,249,513,249,0.5454,2026-08-04 04:54:46.534,2026-08-04 04:54:46.894
car_ID_3758,FLUSH,8942,car,617,263,386,287,0.6652,2026-08-04 04:54:41.775,2026-08-04 04:54:47.058
car_ID_3764,FLUSH,8928,car,337,291,325,299,0.5359,2026-08-04 04:54:46.534,2026-08-04 04:54:47.697
truck_ID_876,FLUSH,8950,truck,567,244,436,254,0.6650,2026-08-04 04:54:44.598,2026-08-04 04:54:48.060
car_ID_3763,FLUSH,8955,car,398,315,746,263,0.7566,2026-08-04 04:54:44.998,2026-08-04 04:54:48.654
car_ID_3762,FLUSH,8954,car,608,264,411,284,0.6163,2026-08-04 04:54:44.969,2026-08-04 04:54:48.863
car_ID_3766,FLUSH,8964,car,713,249,701,250,0.5307,2026-08-04 04:54:49.166,2026-08-04 04:54:49.821
car_ID_3759,FLUSH,8945,car,387,329,803,256,0.7078,2026-08-04 04:54:42.027,2026-08-04 04:54:51.692
car_ID_3771,FLUSH,8973,car,454,279,389,286,0.6926,2026-08-04 04:54:51.867,2026-08-04 04:54:52.627
car_ID_3768,FLUSH,8971,car,616,262,462,278,0.7305,2026-08-04 04:54:51.194,2026-08-04 04:54:53.682
car_ID_3767,FLUSH,8965,car,337,295,336,293,0.5539,2026-08-04 04:54:50.471,2026-08-04 04:54:54.020
car_ID_3772,FLUSH,8975,car,322,303,320,304,0.5493,2026-08-04 04:54:53.206,2026-08-04 04:54:54.110
car_ID_3773,FLUSH,8979,car,385,283,381,284,0.5418,2026-08-04 04:54:54.435,2026-08-04 04:54:54.498
car_ID_3770,FLUSH,8972,car,653,256,448,277,0.7169,2026-08-04 04:54:51.752,2026-08-04 04:54:55.761
car_ID_3774,FLUSH,8965,car,336,292,336,291,0.5240,2026-08-04 04:54:55.488,2026-08-04 04:54:56.824
car_ID_3775,FLUSH,8975,car,320,305,321,304,0.5387,2026-08-04 04:54:55.594,2026-08-04 04:54:57.918
car_ID_3769,FLUSH,8970,car,320,306,803,258,0.7230,2026-08-04 04:54:51.381,2026-08-04 04:54:58.093
car_ID_3776,FLUSH,8965,car,335,294,342,294,0.5466,2026-08-04 04:54:58.360,2026-08-04 04:54:58.895
car_ID_3765,FLUSH,8963,car,615,269,441,291,0.7485,2026-08-04 04:54:48.491,2026-08-04 04:54:59.458
car_ID_3778,FLUSH,8985,car,322,304,321,305,0.5328,2026-08-04 04:55:00.956,2026-08-04 04:55:02.085
car_ID_3779,FLUSH,8988,car,337,291,340,293,0.5329,2026-08-04 04:55:01.467,2026-08-04 04:55:02.631
car_ID_3777,FLUSH,8986,car,402,288,437,291,0.7492,2026-08-04 04:55:00.788,2026-08-04 04:55:03.099
car_ID_3780,FLUSH,8994,car,665,260,665,260,0.5418,2026-08-04 04:55:04.238,2026-08-04 04:55:04.245
car_ID_3781,FLUSH,8996,car,713,246,712,247,0.5247,2026-08-04 04:55:04.889,2026-08-04 04:55:05.052
truck_ID_877,FLUSH,8965,truck,360,315,781,245,0.7313,2026-08-04 04:54:59.030,2026-08-04 04:55:06.001
car_ID_3784,FLUSH,8998,car,336,293,344,297,0.5447,2026-08-04 04:55:05.801,2026-08-04 04:55:08.228
car_ID_3787,FLUSH,9003,car,629,261,603,258,0.5222,2026-08-04 04:55:07.520,2026-08-04 04:55:08.259
car_ID_3788,FLUSH,9005,car,657,271,658,271,0.5775,2026-08-04 04:55:08.227,2026-08-04 04:55:08.260
car_ID_3782,FLUSH,8997,car,401,294,436,290,0.7233,2026-08-04 04:55:05.020,2026-08-04 04:55:08.557
car_ID_3786,FLUSH,9001,car,610,267,560,274,0.6922,2026-08-04 04:55:06.627,2026-08-04 04:55:08.653
car_ID_3785,FLUSH,9000,car,583,259,485,272,0.6797,2026-08-04 04:55:06.255,2026-08-04 04:55:08.766
car_ID_3789,FLUSH,9008,car,609,254,606,254,0.5264,2026-08-04 04:55:08.946,2026-08-04 04:55:09.023
truck_ID_878,FLUSH,8993,truck,376,295,770,250,0.7940,2026-08-04 04:55:03.248,2026-08-04 04:55:09.023
truck_ID_879,FLUSH,9006,truck,385,297,457,293,0.6461,2026-08-04 04:55:08.428,2026-08-04 04:55:09.263
car_ID_3783,FLUSH,8995,car,322,304,704,270,0.7437,2026-08-04 04:55:05.207,2026-08-04 04:55:09.829
car_ID_3790,FLUSH,9012,car,321,304,321,304,0.5589,2026-08-04 04:55:09.761,2026-08-04 04:55:10.065
car_ID_3792,FLUSH,9015,car,456,277,451,276,0.5644,2026-08-04 04:55:10.200,2026-08-04 04:55:10.760
truck_ID_880,FLUSH,9007,truck,772,249,793,243,0.6823,2026-08-04 04:55:08.584,2026-08-04 04:55:10.793
car_ID_3795,FLUSH,9017,car,569,267,543,270,0.6035,2026-08-04 04:55:10.760,2026-08-04 04:55:11.398
car_ID_3797,FLUSH,9012,car,336,292,336,292,0.5703,2026-08-04 04:55:11.879,2026-08-04 04:55:11.879
truck_ID_882,FLUSH,9022,truck,644,243,643,242,0.5347,2026-08-04 04:55:12.428,2026-08-04 04:55:12.460
car_ID_3794,FLUSH,9014,car,338,292,321,304,0.5362,2026-08-04 04:55:10.353,2026-08-04 04:55:12.494
truck_ID_883,FLUSH,9023,truck,767,251,767,251,0.7201,2026-08-04 04:55:12.767,2026-08-04 04:55:12.767
bus_ID_225,FLUSH,9022,bus,624,242,623,242,0.6345,2026-08-04 04:55:13.110,2026-08-04 04:55:13.116
car_ID_3791,FLUSH,9013,car,412,290,436,289,0.6904,2026-08-04 04:55:09.797,2026-08-04 04:55:14.116
person_ID_20,FLUSH,9014,person,328,351,328,351,0.5327,2026-08-04 04:55:13.761,2026-08-04 04:55:14.234
truck_ID_884,FLUSH,9025,truck,581,244,580,245,0.5490,2026-08-04 04:55:14.201,2026-08-04 04:55:14.268
car_ID_3793,FLUSH,9016,car,503,278,494,277,0.6582,2026-08-04 04:55:10.232,2026-08-04 04:55:14.354
bus_ID_224,FLUSH,9025,bus,627,241,565,246,0.6959,2026-08-04 04:55:13.071,2026-08-04 04:55:14.623
car_ID_3798,FLUSH,9030,car,612,260,603,263,0.5250,2026-08-04 04:55:14.829,2026-08-04 04:55:15.127
bus_ID_226,FLUSH,9027,bus,588,243,563,246,0.7457,2026-08-04 04:55:14.063,2026-08-04 04:55:15.183
truck_ID_881,FLUSH,9010,truck,464,287,797,244,0.7538,2026-08-04 04:55:09.294,2026-08-04 04:55:15.431
truck_ID_885,FLUSH,9029,truck,305,306,516,280,0.6819,2026-08-04 04:55:14.434,2026-08-04 04:55:15.876
bus_ID_227,FLUSH,9029,bus,524,280,442,252,0.5461,2026-08-04 04:55:15.920,2026-08-04 04:55:16.597
car_ID_3796,FLUSH,9018,car,320,321,765,255,0.6957,2026-08-04 04:55:11.061,2026-08-04 04:55:17.243
car_ID_3799,FLUSH,9033,car,322,306,321,302,0.5412,2026-08-04 04:55:15.848,2026-08-04 04:55:17.758
car_ID_3805,FLUSH,9044,car,656,273,655,272,0.5533,2026-08-04 04:55:19.361,2026-08-04 04:55:20.352
car_ID_3807,FLUSH,9045,car,554,269,531,272,0.7035,2026-08-04 04:55:19.935,2026-08-04 04:55:20.459
car_ID_3800,FLUSH,9036,car,401,290,641,288,0.6970,2026-08-04 04:55:16.092,2026-08-04 04:55:20.684
truck_ID_886,FLUSH,9031,truck,534,279,787,246,0.7827,2026-08-04 04:55:15.985,2026-08-04 04:55:21.198
car_ID_3806,FLUSH,9042,car,320,303,322,303,0.5497,2026-08-04 04:55:19.427,2026-08-04 04:55:21.367
car_ID_3803,FLUSH,9041,car,337,293,337,291,0.5334,2026-08-04 04:55:19.064,2026-08-04 04:55:21.954
car_ID_3809,FLUSH,9047,car,758,271,779,265,0.5874,2026-08-04 04:55:22.299,2026-08-04 04:55:23.390
car_ID_3808,FLUSH,9048,car,613,253,528,260,0.5676,2026-08-04 04:55:21.702,2026-08-04 04:55:23.496
car_ID_3811,FLUSH,9041,car,336,291,336,293,0.5383,2026-08-04 04:55:23.464,2026-08-04 04:55:24.277
car_ID_3813,FLUSH,9047,car,796,260,798,258,0.5765,2026-08-04 04:55:24.420,2026-08-04 04:55:24.659
car_ID_3815,FLUSH,9055,car,639,257,639,257,0.5062,2026-08-04 04:55:26.055,2026-08-04 04:55:26.055
car_ID_3814,FLUSH,9054,car,716,249,700,249,0.5385,2026-08-04 04:55:25.201,2026-08-04 04:55:26.154
car_ID_3810,FLUSH,9042,car,321,304,318,306,0.5323,2026-08-04 04:55:22.464,2026-08-04 04:55:26.427
car_ID_3816,FLUSH,9041,car,336,293,336,291,0.5246,2026-08-04 04:55:26.395,2026-08-04 04:55:28.451
car_ID_3817,FLUSH,9055,car,531,261,519,264,0.5632,2026-08-04 04:55:28.722,2026-08-04 04:55:28.994
car_ID_3818,FLUSH,9042,car,321,304,320,304,0.5445,2026-08-04 04:55:28.827,2026-08-04 04:55:31.085
truck_ID_887,FLUSH,9066,truck,654,254,654,254,0.5703,2026-08-04 04:55:34.255,2026-08-04 04:55:34.727
car_ID_3820,FLUSH,9061,car,337,292,336,293,0.5403,2026-08-04 04:55:32.176,2026-08-04 04:55:35.313
car_ID_3822,FLUSH,9061,car,336,291,336,294,0.5189,2026-08-04 04:55:36.367,2026-08-04 04:55:36.851
car_ID_3821,FLUSH,9062,car,322,301,320,305,0.5247,2026-08-04 04:55:33.889,2026-08-04 04:55:37.059
truck_ID_888,FLUSH,9069,truck,576,242,466,245,0.5645,2026-08-04 04:55:36.466,2026-08-04 04:55:38.753
car_ID_3819,FLUSH,9041,car,336,291,780,254,0.6650,2026-08-04 04:55:30.045,2026-08-04 04:55:38.932
car_ID_3825,FLUSH,9062,car,320,304,320,305,0.5490,2026-08-04 04:55:38.244,2026-08-04 04:55:38.966
car_ID_3824,FLUSH,9061,car,336,293,337,292,0.5520,2026-08-04 04:55:38.205,2026-08-04 04:55:39.438
car_ID_3823,FLUSH,9072,car,1075,345,411,342,0.7400,2026-08-04 04:55:37.935,2026-08-04 04:55:40.492
car_ID_3827,FLUSH,9077,car,716,250,702,251,0.5172,2026-08-04 04:55:41.929,2026-08-04 04:55:42.759
car_ID_3826,FLUSH,9076,car,1053,350,379,343,0.8164,2026-08-04 04:55:40.872,2026-08-04 04:55:43.330
car_ID_3830,FLUSH,9085,car,713,248,701,249,0.5223,2026-08-04 04:55:43.754,2026-08-04 04:55:44.627
car_ID_3828,FLUSH,9080,car,322,303,338,291,0.5294,2026-08-04 04:55:42.235,2026-08-04 04:55:45.003
truck_ID_889,FLUSH,9095,truck,540,243,535,246,0.5361,2026-08-04 04:55:46.301,2026-08-04 04:55:46.504
car_ID_3829,FLUSH,9084,car,1038,325,762,275,0.7380,2026-08-04 04:55:43.066,2026-08-04 04:55:48.186
car_ID_3833,FLUSH,9080,car,337,292,336,292,0.5183,2026-08-04 04:55:46.892,2026-08-04 04:55:48.219
car_ID_3832,FLUSH,9087,car,321,304,321,304,0.5258,2026-08-04 04:55:46.336,2026-08-04 04:55:48.733
car_ID_3831,FLUSH,9094,car,926,308,744,275,0.6913,2026-08-04 04:55:46.235,2026-08-04 04:55:50.302
car_ID_3835,FLUSH,9080,car,334,291,334,291,0.5179,2026-08-04 04:55:50.235,2026-08-04 04:55:50.920
car_ID_3836,FLUSH,9104,car,793,263,797,261,0.5644,2026-08-04 04:55:50.810,2026-08-04 04:55:51.224
car_ID_3837,FLUSH,9094,car,738,269,738,268,0.5320,2026-08-04 04:55:51.708,2026-08-04 04:55:51.858
car_ID_3839,FLUSH,9094,car,748,263,748,263,0.5596,2026-08-04 04:55:52.963,2026-08-04 04:55:52.995
car_ID_3834,FLUSH,9098,car,953,312,802,260,0.6655,2026-08-04 04:55:48.219,2026-08-04 04:55:54.664
car_ID_3840,FLUSH,9094,car,772,254,772,254,0.5240,2026-08-04 04:55:54.844,2026-08-04 04:55:54.844
car_ID_3838,FLUSH,9087,car,319,303,316,302,0.5484,2026-08-04 04:55:52.225,2026-08-04 04:55:55.222
car_ID_3841,FLUSH,9111,car,657,254,656,254,0.5115,2026-08-04 04:55:56.468,2026-08-04 04:55:56.586
car_ID_3842,FLUSH,9115,car,792,237,792,237,0.5133,2026-08-04 04:55:57.636,2026-08-04 04:55:57.636
car_ID_3843,FLUSH,9112,car,710,249,709,249,0.5286,2026-08-04 04:55:57.890,2026-08-04 04:55:58.092
car_ID_3804,FLUSH,9043,car,412,291,329,302,0.7055,2026-08-04 04:55:19.190,2026-08-04 04:55:58.590
car_ID_3801,FLUSH,9038,car,489,279,364,287,0.6439,2026-08-04 04:55:16.730,2026-08-04 04:56:01.296
car_ID_3845,FLUSH,9121,car,603,272,611,266,0.5438,2026-08-04 04:56:00.475,2026-08-04 04:56:01.902
car_ID_3846,FLUSH,9129,car,204,331,216,333,0.6331,2026-08-04 04:56:01.668,2026-08-04 04:56:01.902
car_ID_3844,FLUSH,9123,car,374,369,1094,390,0.7716,2026-08-04 04:56:00.198,2026-08-04 04:56:02.529
car_ID_3849,FLUSH,9125,car,773,239,772,239,0.5169,2026-08-04 04:56:03.398,2026-08-04 04:56:03.523
truck_ID_890,FLUSH,9121,truck,615,254,607,254,0.5665,2026-08-04 04:56:02.191,2026-08-04 04:56:03.724
truck_ID_891,FLUSH,9132,truck,603,253,594,255,0.5897,2026-08-04 04:56:03.297,2026-08-04 04:56:03.859
car_ID_3847,FLUSH,9133,car,328,367,1046,389,0.8272,2026-08-04 04:56:02.667,2026-08-04 04:56:04.633
car_ID_3802,FLUSH,9040,car,638,262,308,309,0.7199,2026-08-04 04:55:18.198,2026-08-04 04:56:04.683
car_ID_3848,FLUSH,9131,car,554,265,452,273,0.5847,2026-08-04 04:56:02.699,2026-08-04 04:56:05.291
car_ID_3851,FLUSH,9135,car,715,249,712,249,0.5425,2026-08-04 04:56:04.675,2026-08-04 04:56:05.291
car_ID_3850,FLUSH,9136,car,659,256,656,256,0.5412,2026-08-04 04:56:04.400,2026-08-04 04:56:05.324
car_ID_3852,FLUSH,9140,car,213,322,223,322,0.5648,2026-08-04 04:56:04.709,2026-08-04 04:56:05.358
truck_ID_893,FLUSH,9143,truck,535,259,528,260,0.6606,2026-08-04 04:56:06.068,2026-08-04 04:56:06.283
truck_ID_894,FLUSH,9136,truck,654,240,648,241,0.5440,2026-08-04 04:56:06.141,2026-08-04 04:56:06.697
car_ID_3853,FLUSH,9141,car,799,237,782,239,0.5214,2026-08-04 04:56:05.325,2026-08-04 04:56:06.961
car_ID_3855,FLUSH,9135,car,707,249,705,248,0.5375,2026-08-04 04:56:06.727,2026-08-04 04:56:07.201
car_ID_3856,FLUSH,9143,car,481,272,468,274,0.5294,2026-08-04 04:56:07.201,2026-08-04 04:56:07.760
car_ID_3858,FLUSH,9147,car,646,258,646,258,0.5311,2026-08-04 04:56:08.025,2026-08-04 04:56:08.025
car_ID_3854,FLUSH,9142,car,372,356,1017,379,0.7980,2026-08-04 04:56:05.937,2026-08-04 04:56:08.058
truck_ID_892,FLUSH,9138,truck,588,255,460,264,0.6055,2026-08-04 04:56:04.166,2026-08-04 04:56:09.287
truck_ID_895,FLUSH,9155,truck,588,243,587,244,0.6853,2026-08-04 04:56:10.379,2026-08-04 04:56:10.485
car_ID_3857,FLUSH,9145,car,612,262,521,271,0.6170,2026-08-04 04:56:07.694,2026-08-04 04:56:10.693
car_ID_3812,FLUSH,9051,car,619,269,380,291,0.6294,2026-08-04 04:55:23.836,2026-08-04 04:56:11.094
car_ID_3859,FLUSH,9147,car,608,261,524,270,0.6509,2026-08-04 04:56:09.731,2026-08-04 04:56:12.021
truck_ID_896,FLUSH,9138,truck,454,265,454,264,0.6312,2026-08-04 04:56:10.419,2026-08-04 04:56:12.224
car_ID_3861,FLUSH,9162,car,758,241,757,241,0.5288,2026-08-04 04:56:12.751,2026-08-04 04:56:13.009
truck_ID_897,FLUSH,9157,truck,559,243,527,248,0.6218,2026-08-04 04:56:11.697,2026-08-04 04:56:13.559
car_ID_3865,FLUSH,9165,car,626,259,625,259,0.5169,2026-08-04 04:56:13.864,2026-08-04 04:56:13.896
car_ID_3864,FLUSH,9051,car,378,292,379,291,0.5250,2026-08-04 04:56:13.425,2026-08-04 04:56:14.550
car_ID_3860,FLUSH,9152,car,637,258,515,272,0.6620,2026-08-04 04:56:10.832,2026-08-04 04:56:14.791
car_ID_3863,FLUSH,9161,car,713,247,710,248,0.5278,2026-08-04 04:56:13.319,2026-08-04 04:56:15.495
car_ID_3862,FLUSH,9163,car,607,256,531,269,0.6904,2026-08-04 04:56:13.056,2026-08-04 04:56:16.457
car_ID_3869,FLUSH,9161,car,712,249,712,249,0.5062,2026-08-04 04:56:16.596,2026-08-04 04:56:16.629
car_ID_3866,FLUSH,9168,car,609,262,581,257,0.5869,2026-08-04 04:56:14.367,2026-08-04 04:56:16.728
car_ID_3871,FLUSH,9167,car,777,240,777,240,0.5097,2026-08-04 04:56:17.318,2026-08-04 04:56:17.318
car_ID_3867,FLUSH,9166,car,644,255,598,257,0.5947,2026-08-04 04:56:15.295,2026-08-04 04:56:17.724
car_ID_3870,FLUSH,9170,car,666,254,664,258,0.5639,2026-08-04 04:56:17.173,2026-08-04 04:56:18.136
car_ID_3872,FLUSH,9173,car,367,297,380,293,0.5343,2026-08-04 04:56:17.620,2026-08-04 04:56:18.396
car_ID_3868,FLUSH,9051,car,461,301,666,272,0.6302,2026-08-04 04:56:16.053,2026-08-04 04:56:18.432
truck_ID_898,FLUSH,9138,truck,451,264,668,267,0.7829,2026-08-04 04:56:15.029,2026-08-04 04:56:19.900
car_ID_3873,FLUSH,9179,car,557,260,518,266,0.6282,2026-08-04 04:56:19.463,2026-08-04 04:56:21.029
car_ID_3875,FLUSH,9180,car,595,260,525,268,0.6737,2026-08-04 04:56:19.835,2026-08-04 04:56:21.920
car_ID_3878,FLUSH,9187,car,703,249,701,251,0.5276,2026-08-04 04:56:21.992,2026-08-04 04:56:22.224
car_ID_3876,FLUSH,9173,car,379,290,380,290,0.5244,2026-08-04 04:56:20.556,2026-08-04 04:56:23.092
truck_ID_900,FLUSH,9181,truck,714,262,785,250,0.7361,2026-08-04 04:56:20.556,2026-08-04 04:56:24.105
car_ID_3877,FLUSH,9183,car,640,258,514,274,0.6287,2026-08-04 04:56:20.692,2026-08-04 04:56:24.724
car_ID_3882,FLUSH,9173,car,377,291,374,291,0.5599,2026-08-04 04:56:24.642,2026-08-04 04:56:25.135
car_ID_3881,FLUSH,9189,car,656,256,648,257,0.5115,2026-08-04 04:56:24.246,2026-08-04 04:56:25.271
car_ID_3879,FLUSH,9186,car,610,256,515,269,0.6563,2026-08-04 04:56:22.464,2026-08-04 04:56:25.534
car_ID_3883,FLUSH,9192,car,403,279,403,279,0.5097,2026-08-04 04:56:27.087,2026-08-04 04:56:27.087
truck_ID_899,FLUSH,9175,truck,450,270,431,267,0.5667,2026-08-04 04:56:18.544,2026-08-04 04:56:27.153
car_ID_3885,FLUSH,9195,car,218,335,217,336,0.5632,2026-08-04 04:56:27.739,2026-08-04 04:56:27.743
car_ID_3874,FLUSH,9178,car,399,337,804,257,0.6739,2026-08-04 04:56:19.529,2026-08-04 04:56:28.369
car_ID_3880,FLUSH,9185,car,615,251,470,270,0.7072,2026-08-04 04:56:24.043,2026-08-04 04:56:28.414
car_ID_3887,FLUSH,9196,car,717,251,710,250,0.6043,2026-08-04 04:56:28.292,2026-08-04 04:56:28.756
truck_ID_902,FLUSH,9199,truck,872,299,865,299,0.5237,2026-08-04 04:56:29.906,2026-08-04 04:56:30.126
truck_ID_901,FLUSH,9197,truck,903,301,836,295,0.5575,2026-08-04 04:56:29.602,2026-08-04 04:56:30.431
car_ID_3888,FLUSH,9198,car,345,358,1059,392,0.8600,2026-08-04 04:56:28.539,2026-08-04 04:56:30.492
car_ID_3890,FLUSH,9200,car,656,258,656,259,0.5097,2026-08-04 04:56:30.572,2026-08-04 04:56:30.581
car_ID_3889,FLUSH,9199,car,877,299,803,292,0.6047,2026-08-04 04:56:29.863,2026-08-04 04:56:30.996
car_ID_3891,FLUSH,9201,car,337,371,1021,398,0.8205,2026-08-04 04:56:30.831,2026-08-04 04:56:33.057
car_ID_3884,FLUSH,9194,car,613,264,315,309,0.6942,2026-08-04 04:56:27.120,2026-08-04 04:56:33.731
car_ID_3886,FLUSH,9197,car,1047,322,776,257,0.6374,2026-08-04 04:56:28.035,2026-08-04 04:56:35.079
car_ID_3893,FLUSH,9200,car,626,262,423,286,0.7170,2026-08-04 04:56:31.888,2026-08-04 04:56:36.228
car_ID_3894,FLUSH,9206,car,758,244,757,244,0.5383,2026-08-04 04:56:36.534,2026-08-04 04:56:36.565
car_ID_3892,FLUSH,9203,car,993,314,786,269,0.7601,2026-08-04 04:56:31.595,2026-08-04 04:56:37.634
car_ID_3895,FLUSH,9210,car,318,305,306,299,0.5573,2026-08-04 04:56:37.296,2026-08-04 04:56:38.211
truck_ID_903,FLUSH,9209,truck,415,342,954,350,0.7656,2026-08-04 04:56:36.228,2026-08-04 04:56:38.310
car_ID_3897,FLUSH,9215,car,793,263,802,260,0.6977,2026-08-04 04:56:37.964,2026-08-04 04:56:38.924
car_ID_3898,FLUSH,9216,car,712,248,709,250,0.5245,2026-08-04 04:56:38.176,2026-08-04 04:56:39.199
car_ID_3896,FLUSH,9217,car,301,367,1012,392,0.7839,2026-08-04 04:56:37.931,2026-08-04 04:56:40.193
car_ID_3901,FLUSH,9225,car,757,244,756,243,0.5392,2026-08-04 04:56:42.924,2026-08-04 04:56:43.030
car_ID_3899,FLUSH,9220,car,654,258,371,285,0.6789,2026-08-04 04:56:40.631,2026-08-04 04:56:44.730
car_ID_3902,FLUSH,9230,car,716,248,702,248,0.5487,2026-08-04 04:56:44.425,2026-08-04 04:56:45.461
car_ID_3904,FLUSH,9233,car,709,246,709,246,0.5062,2026-08-04 04:56:46.100,2026-08-04 04:56:46.132
car_ID_3905,FLUSH,9229,car,764,244,756,244,0.5760,2026-08-04 04:56:46.198,2026-08-04 04:56:46.724
car_ID_3903,FLUSH,9234,car,612,261,508,274,0.6733,2026-08-04 04:56:45.654,2026-08-04 04:56:47.293
car_ID_3900,FLUSH,9224,car,616,264,441,282,0.6956,2026-08-04 04:56:42.459,2026-08-04 04:56:48.056
truck_ID_904,FLUSH,9232,truck,655,244,495,252,0.7022,2026-08-04 04:56:45.145,2026-08-04 04:56:48.380
car_ID_3909,FLUSH,9239,car,716,250,713,249,0.5244,2026-08-04 04:56:48.380,2026-08-04 04:56:48.596
car_ID_3907,FLUSH,9235,car,612,260,518,270,0.6391,2026-08-04 04:56:47.228,2026-08-04 04:56:48.899
car_ID_3908,FLUSH,9238,car,641,256,582,261,0.6051,2026-08-04 04:56:48.023,2026-08-04 04:56:49.345
car_ID_3910,FLUSH,9239,car,711,250,709,251,0.5254,2026-08-04 04:56:50.250,2026-08-04 04:56:50.414
car_ID_3906,FLUSH,9236,car,386,319,719,265,0.7039,2026-08-04 04:56:46.515,2026-08-04 04:56:51.525
truck_ID_907,FLUSH,9246,truck,616,280,615,281,0.6936,2026-08-04 04:56:51.065,2026-08-04 04:56:51.595
car_ID_3911,FLUSH,9247,car,591,273,590,273,0.6464,2026-08-04 04:56:51.837,2026-08-04 04:56:51.898
truck_ID_905,FLUSH,9240,truck,384,313,664,275,0.7646,2026-08-04 04:56:48.626,2026-08-04 04:56:51.934
car_ID_3912,FLUSH,9248,car,401,286,412,284,0.5963,2026-08-04 04:56:51.898,2026-08-04 04:56:52.659
car_ID_3913,FLUSH,9249,car,515,274,476,286,0.5855,2026-08-04 04:56:52.857,2026-08-04 04:56:53.404
truck_ID_906,FLUSH,9242,truck,383,305,663,272,0.7321,2026-08-04 04:56:50.854,2026-08-04 04:56:54.055
truck_ID_909,FLUSH,9253,truck,721,258,762,263,0.5624,2026-08-04 04:56:53.267,2026-08-04 04:56:54.662
car_ID_3914,FLUSH,9258,car,656,253,656,253,0.5097,2026-08-04 04:56:55.328,2026-08-04 04:56:55.328
truck_ID_910,FLUSH,9253,truck,755,254,773,253,0.6216,2026-08-04 04:56:55.826,2026-08-04 04:56:57.197
car_ID_3917,FLUSH,9264,car,562,261,545,263,0.5516,2026-08-04 04:56:57.465,2026-08-04 04:56:57.819
truck_ID_912,FLUSH,9267,truck,597,240,610,237,0.6079,2026-08-04 04:56:58.758,2026-08-04 04:56:59.660
car_ID_3918,FLUSH,9263,car,427,309,644,281,0.7521,2026-08-04 04:56:57.600,2026-08-04 04:56:59.996
car_ID_3919,FLUSH,9270,car,289,305,289,305,0.5204,2026-08-04 04:57:00.198,2026-08-04 04:57:00.655
truck_ID_911,FLUSH,9266,truck,600,238,493,247,0.6928,2026-08-04 04:56:58.106,2026-08-04 04:57:01.466
car_ID_3915,FLUSH,9259,car,413,285,396,284,0.6572,2026-08-04 04:56:56.243,2026-08-04 04:57:01.946
truck_ID_913,FLUSH,9263,truck,652,242,626,241,0.5886,2026-08-04 04:57:00.689,2026-08-04 04:57:02.060
truck_ID_908,FLUSH,9252,truck,360,295,789,246,0.7080,2026-08-04 04:56:53.240,2026-08-04 04:57:02.728
car_ID_3921,FLUSH,9272,car,616,261,459,278,0.6301,2026-08-04 04:57:01.026,2026-08-04 04:57:04.097
car_ID_3920,FLUSH,9268,car,665,276,761,255,0.5901,2026-08-04 04:57:00.366,2026-08-04 04:57:04.599
car_ID_3922,FLUSH,9263,car,612,262,412,283,0.6082,2026-08-04 04:57:02.255,2026-08-04 04:57:05.696
car_ID_3925,FLUSH,9285,car,368,360,368,360,0.7593,2026-08-04 04:57:06.005,2026-08-04 04:57:06.422
car_ID_3923,FLUSH,9280,car,607,265,438,281,0.5653,2026-08-04 04:57:03.759,2026-08-04 04:57:06.657
truck_ID_914,FLUSH,9279,truck,596,241,427,255,0.6557,2026-08-04 04:57:03.171,2026-08-04 04:57:06.831
car_ID_3916,FLUSH,9260,car,539,275,1056,380,0.7404,2026-08-04 04:56:57.163,2026-08-04 04:57:08.091
car_ID_3927,FLUSH,9293,car,593,383,864,390,0.7122,2026-08-04 04:57:09.256,2026-08-04 04:57:09.862
truck_ID_915,FLUSH,9284,truck,607,240,493,250,0.6851,2026-08-04 04:57:06.697,2026-08-04 04:57:09.862
car_ID_3926,FLUSH,9290,car,396,367,987,388,0.7165,2026-08-04 04:57:08.566,2026-08-04 04:57:10.141
bus_ID_228,FLUSH,9292,bus,626,240,575,243,0.5512,2026-08-04 04:57:09.999,2026-08-04 04:57:11.608
bus_ID_229,FLUSH,9291,bus,586,242,569,245,0.5549,2026-08-04 04:57:11.298,2026-08-04 04:57:11.790
truck_ID_917,FLUSH,9292,truck,581,243,545,246,0.6196,2026-08-04 04:57:11.464,2026-08-04 04:57:12.899
truck_ID_916,FLUSH,9291,truck,630,240,521,248,0.6371,2026-08-04 04:57:09.798,2026-08-04 04:57:13.050
car_ID_3928,FLUSH,9295,car,334,382,1056,392,0.8067,2026-08-04 04:57:10.655,2026-08-04 04:57:13.186
bus_ID_230,FLUSH,9298,bus,659,243,648,243,0.6523,2026-08-04 04:57:13.521,2026-08-04 04:57:13.858
car_ID_3924,FLUSH,9282,car,1046,324,773,254,0.7544,2026-08-04 04:57:04.262,2026-08-04 04:57:14.314
truck_ID_919,FLUSH,9299,truck,636,240,598,244,0.6115,2026-08-04 04:57:14.689,2026-08-04 04:57:15.602
truck_ID_918,FLUSH,9298,truck,627,244,523,252,0.6431,2026-08-04 04:57:14.491,2026-08-04 04:57:16.290
truck_ID_920,FLUSH,9298,truck,526,247,524,248,0.6072,2026-08-04 04:57:17.479,2026-08-04 04:57:17.560
bus_ID_232,FLUSH,9302,bus,493,251,492,251,0.5383,2026-08-04 04:57:18.132,2026-08-04 04:57:18.165
bus_ID_231,FLUSH,9298,bus,506,249,506,249,0.5561,2026-08-04 04:57:17.927,2026-08-04 04:57:18.367
car_ID_3929,FLUSH,9306,car,755,245,755,245,0.5026,2026-08-04 04:57:19.558,2026-08-04 04:57:19.629
truck_ID_921,FLUSH,9303,truck,660,243,593,240,0.6125,2026-08-04 04:57:19.366,2026-08-04 04:57:21.450
bus_ID_234,FLUSH,9303,bus,619,239,592,241,0.6530,2026-08-04 04:57:20.722,2026-08-04 04:57:21.477
bus_ID_233,FLUSH,9309,bus,625,239,590,241,0.5722,2026-08-04 04:57:20.560,2026-08-04 04:57:21.550
bus_ID_235,FLUSH,9309,bus,546,246,545,246,0.5347,2026-08-04 04:57:22.635,2026-08-04 04:57:22.715
truck_ID_923,FLUSH,9303,truck,548,245,541,245,0.5190,2026-08-04 04:57:22.597,2026-08-04 04:57:23.294
truck_ID_922,FLUSH,9309,truck,622,239,515,249,0.5985,2026-08-04 04:57:20.625,2026-08-04 04:57:23.838
car_ID_3931,FLUSH,9312,car,656,257,656,257,0.5810,2026-08-04 04:57:23.763,2026-08-04 04:57:23.872
car_ID_3930,FLUSH,9307,car,391,342,803,256,0.7917,2026-08-04 04:57:19.558,2026-08-04 04:57:26.764
car_ID_3932,FLUSH,9317,car,518,273,539,292,0.7097,2026-08-04 04:57:26.362,2026-08-04 04:57:29.194
bus_ID_237,FLUSH,9311,bus,777,248,777,248,0.5775,2026-08-04 04:57:29.329,2026-08-04 04:57:29.329
bus_ID_236,FLUSH,9322,bus,769,250,779,247,0.5668,2026-08-04 04:57:28.996,2026-08-04 04:57:29.398
truck_ID_924,FLUSH,9311,truck,350,282,789,246,0.7265,2026-08-04 04:57:23.060,2026-08-04 04:57:30.259
truck_ID_926,FLUSH,9322,truck,775,248,795,245,0.6176,2026-08-04 04:57:29.226,2026-08-04 04:57:30.559
car_ID_3933,FLUSH,9319,car,405,329,696,290,0.7455,2026-08-04 04:57:27.288,2026-08-04 04:57:31.253
car_ID_3935,FLUSH,9326,car,714,269,715,269,0.5169,2026-08-04 04:57:31.593,2026-08-04 04:57:31.626
truck_ID_925,FLUSH,9320,truck,659,245,560,244,0.7350,2026-08-04 04:57:28.461,2026-08-04 04:57:31.829
truck_ID_928,FLUSH,9333,truck,483,250,482,250,0.7450,2026-08-04 04:57:32.655,2026-08-04 04:57:32.687
car_ID_3937,FLUSH,9332,car,711,254,708,254,0.5497,2026-08-04 04:57:32.508,2026-08-04 04:57:32.720
truck_ID_927,FLUSH,9328,truck,557,244,467,251,0.7161,2026-08-04 04:57:31.388,2026-08-04 04:57:32.890
car_ID_3938,FLUSH,9326,car,729,273,744,265,0.6042,2026-08-04 04:57:32.654,2026-08-04 04:57:34.549
car_ID_3936,FLUSH,9331,car,750,262,804,248,0.6035,2026-08-04 04:57:32.400,2026-08-04 04:57:34.799
car_ID_3941,FLUSH,9326,car,754,259,767,252,0.5587,2026-08-04 04:57:35.860,2026-08-04 04:57:36.885
car_ID_3940,FLUSH,9340,car,559,268,345,289,0.7297,2026-08-04 04:57:35.621,2026-08-04 04:57:37.593
car_ID_3944,FLUSH,9321,car,1084,318,1084,318,0.5204,2026-08-04 04:57:39.591,2026-08-04 04:57:39.623
car_ID_3934,FLUSH,9323,car,348,338,789,248,0.6852,2026-08-04 04:57:29.464,2026-08-04 04:57:40.732
car_ID_3945,FLUSH,9345,car,386,331,625,293,0.7903,2026-08-04 04:57:40.043,2026-08-04 04:57:41.324
car_ID_3939,FLUSH,9336,car,624,263,464,298,0.6850,2026-08-04 04:57:34.583,2026-08-04 04:57:41.827
bus_ID_238,FLUSH,9348,bus,537,289,537,289,0.5347,2026-08-04 04:57:41.934,2026-08-04 04:57:41.934
truck_ID_929,FLUSH,9348,truck,641,277,641,277,0.5327,2026-08-04 04:57:42.697,2026-08-04 04:57:42.697
car_ID_3943,FLUSH,9342,car,375,323,797,259,0.7128,2026-08-04 04:57:38.624,2026-08-04 04:57:45.521
car_ID_3947,FLUSH,9321,car,1085,317,1086,316,0.5234,2026-08-04 04:57:45.456,2026-08-04 04:57:46.686
car_ID_3948,FLUSH,9354,car,711,251,708,251,0.5280,2026-08-04 04:57:47.095,2026-08-04 04:57:47.363
car_ID_3946,FLUSH,9348,car,476,296,756,243,0.6340,2026-08-04 04:57:41.627,2026-08-04 04:57:48.456
car_ID_3949,FLUSH,9359,car,722,246,701,247,0.5584,2026-08-04 04:57:49.358,2026-08-04 04:57:50.199
car_ID_3950,FLUSH,9321,car,1072,341,381,336,0.7857,2026-08-04 04:57:49.724,2026-08-04 04:57:53.991
car_ID_3955,FLUSH,9370,car,678,349,678,349,0.8366,2026-08-04 04:57:54.293,2026-08-04 04:57:54.770
car_ID_3942,FLUSH,9341,car,625,251,314,309,0.6293,2026-08-04 04:57:37.666,2026-08-04 04:57:55.443
car_ID_3951,FLUSH,9363,car,1089,328,381,335,0.7875,2026-08-04 04:57:50.985,2026-08-04 04:57:56.167
car_ID_3952,FLUSH,9364,car,641,254,371,281,0.7365,2026-08-04 04:57:51.740,2026-08-04 04:57:56.520
car_ID_3957,FLUSH,9374,car,794,237,755,241,0.5474,2026-08-04 04:57:57.568,2026-08-04 04:57:59.596
car_ID_3960,FLUSH,9379,car,720,246,712,245,0.5298,2026-08-04 04:57:59.931,2026-08-04 04:58:00.414
car_ID_3961,FLUSH,9380,car,1066,346,739,345,0.8216,2026-08-04 04:58:00.235,2026-08-04 04:58:00.943
truck_ID_930,FLUSH,9382,truck,673,342,669,341,0.5027,2026-08-04 04:58:01.093,2026-08-04 04:58:01.127
car_ID_3962,FLUSH,9382,car,645,343,346,334,0.8262,2026-08-04 04:58:01.159,2026-08-04 04:58:01.887
car_ID_3956,FLUSH,9375,car,974,319,736,262,0.7053,2026-08-04 04:57:57.098,2026-08-04 04:58:02.086
car_ID_3954,FLUSH,9368,car,1086,325,794,260,0.6854,2026-08-04 04:57:53.168,2026-08-04 04:58:03.554
car_ID_3965,FLUSH,9388,car,801,258,805,257,0.5561,2026-08-04 04:58:03.827,2026-08-04 04:58:04.164
car_ID_3959,FLUSH,9378,car,925,312,802,256,0.6612,2026-08-04 04:57:59.790,2026-08-04 04:58:06.489
car_ID_3967,FLUSH,9391,car,535,273,535,273,0.5311,2026-08-04 04:58:06.287,2026-08-04 04:58:06.768
car_ID_3968,FLUSH,9392,car,711,244,706,242,0.5026,2026-08-04 04:58:06.490,2026-08-04 04:58:06.799
car_ID_3966,FLUSH,9389,car,563,259,454,273,0.6193,2026-08-04 04:58:04.787,2026-08-04 04:58:07.100
car_ID_3958,FLUSH,9341,car,315,311,318,309,0.5502,2026-08-04 04:57:57.959,2026-08-04 04:58:08.161
car_ID_3963,FLUSH,9385,car,1001,312,780,249,0.7352,2026-08-04 04:58:02.086,2026-08-04 04:58:08.699
car_ID_3969,FLUSH,9395,car,721,240,703,242,0.5840,2026-08-04 04:58:07.991,2026-08-04 04:58:08.814
car_ID_3972,FLUSH,9399,car,713,251,713,251,0.5062,2026-08-04 04:58:10.105,2026-08-04 04:58:10.105
car_ID_3971,FLUSH,9396,car,647,252,538,261,0.6069,2026-08-04 04:58:08.400,2026-08-04 04:58:10.520
car_ID_3970,FLUSH,9397,car,497,276,466,276,0.5819,2026-08-04 04:58:08.332,2026-08-04 04:58:11.097
truck_ID_931,FLUSH,9396,truck,536,262,516,262,0.5184,2026-08-04 04:58:10.558,2026-08-04 04:58:11.299
car_ID_3975,FLUSH,9403,car,603,249,593,250,0.5302,2026-08-04 04:58:11.753,2026-08-04 04:58:11.954
car_ID_3973,FLUSH,9398,car,648,247,568,252,0.5551,2026-08-04 04:58:10.455,2026-08-04 04:58:12.462
car_ID_3953,FLUSH,9366,car,605,266,369,294,0.7097,2026-08-04 04:57:53.064,2026-08-04 04:58:12.600
truck_ID_933,FLUSH,9397,truck,451,278,439,279,0.5259,2026-08-04 04:58:12.127,2026-08-04 04:58:12.685
truck_ID_935,FLUSH,9383,truck,437,279,437,280,0.5215,2026-08-04 04:58:12.734,2026-08-04 04:58:12.766
truck_ID_932,FLUSH,9398,truck,600,248,548,254,0.5359,2026-08-04 04:58:11.787,2026-08-04 04:58:12.868
truck_ID_934,FLUSH,9403,truck,567,251,479,260,0.5921,2026-08-04 04:58:12.499,2026-08-04 04:58:13.969
car_ID_3977,FLUSH,9397,car,439,279,382,284,0.5784,2026-08-04 04:58:12.640,2026-08-04 04:58:14.387
truck_ID_936,FLUSH,9398,truck,457,264,436,266,0.5943,2026-08-04 04:58:14.264,2026-08-04 04:58:14.526
car_ID_3964,FLUSH,9383,car,643,257,392,284,0.6173,2026-08-04 04:58:02.941,2026-08-04 04:58:14.590
truck_ID_937,FLUSH,9383,truck,381,290,381,290,0.5140,2026-08-04 04:58:14.719,2026-08-04 04:58:14.719
car_ID_3978,FLUSH,9408,car,361,363,1031,371,0.8272,2026-08-04 04:58:13.089,2026-08-04 04:58:15.031
car_ID_3976,FLUSH,9402,car,656,256,389,286,0.7204,2026-08-04 04:58:11.986,2026-08-04 04:58:16.054
car_ID_3974,FLUSH,9400,car,946,311,802,247,0.7091,2026-08-04 04:58:10.688,2026-08-04 04:58:16.358
car_ID_3979,FLUSH,9402,car,213,306,213,307,0.5133,2026-08-04 04:58:17.801,2026-08-04 04:58:17.965
car_ID_3980,FLUSH,9413,car,373,362,1043,378,0.8191,2026-08-04 04:58:17.834,2026-08-04 04:58:20.354
car_ID_3982,FLUSH,9416,car,356,346,356,346,0.6303,2026-08-04 04:58:19.903,2026-08-04 04:58:20.354
car_ID_3983,FLUSH,9419,car,779,241,779,241,0.5062,2026-08-04 04:58:20.528,2026-08-04 04:58:20.560
bus_ID_239,FLUSH,9402,bus,670,376,680,376,0.8854,2026-08-04 04:58:20.833,2026-08-04 04:58:20.867
truck_ID_938,FLUSH,9402,truck,691,377,797,380,0.6922,2026-08-04 04:58:20.900,2026-08-04 04:58:21.062
truck_ID_939,FLUSH,9422,truck,805,379,910,384,0.6519,2026-08-04 04:58:21.094,2026-08-04 04:58:21.304
car_ID_3981,FLUSH,9402,car,310,340,1018,387,0.7404,2026-08-04 04:58:19.629,2026-08-04 04:58:21.440
car_ID_3984,FLUSH,9422,car,733,378,990,385,0.6528,2026-08-04 04:58:20.965,2026-08-04 04:58:21.440
bus_ID_241,FLUSH,9424,bus,589,242,584,243,0.5965,2026-08-04 04:58:21.366,2026-08-04 04:58:21.504
bus_ID_240,FLUSH,9417,bus,611,240,570,244,0.5942,2026-08-04 04:58:20.834,2026-08-04 04:58:21.723
truck_ID_940,FLUSH,9424,truck,576,243,567,244,0.5258,2026-08-04 04:58:21.584,2026-08-04 04:58:21.758
truck_ID_941,FLUSH,9417,truck,561,245,555,245,0.6523,2026-08-04 04:58:21.855,2026-08-04 04:58:21.957
car_ID_3985,FLUSH,9426,car,715,248,712,248,0.6078,2026-08-04 04:58:23.225,2026-08-04 04:58:23.373
car_ID_3988,FLUSH,9431,car,794,240,794,241,0.5549,2026-08-04 04:58:25.654,2026-08-04 04:58:25.717
car_ID_3990,FLUSH,9432,car,714,248,713,249,0.5475,2026-08-04 04:58:26.196,2026-08-04 04:58:26.326
car_ID_3987,FLUSH,9430,car,613,261,435,281,0.6067,2026-08-04 04:58:25.089,2026-08-04 04:58:27.692
truck_ID_942,FLUSH,9428,truck,656,244,406,253,0.6260,2026-08-04 04:58:23.869,2026-08-04 04:58:28.300
truck_ID_943,FLUSH,9436,truck,475,318,475,318,0.5062,2026-08-04 04:58:28.991,2026-08-04 04:58:28.991
car_ID_3989,FLUSH,9429,car,627,259,417,287,0.6094,2026-08-04 04:58:26.091,2026-08-04 04:58:29.463
car_ID_3992,FLUSH,9435,car,717,251,710,252,0.5884,2026-08-04 04:58:29.039,2026-08-04 04:58:29.463
car_ID_3993,FLUSH,9436,car,481,317,579,299,0.7063,2026-08-04 04:58:29.039,2026-08-04 04:58:30.018
car_ID_3994,FLUSH,9438,car,712,247,711,247,0.5027,2026-08-04 04:58:30.397,2026-08-04 04:58:30.429
car_ID_3986,FLUSH,9425,car,628,260,633,291,0.7044,2026-08-04 04:58:23.760,2026-08-04 04:58:30.627
car_ID_3991,FLUSH,9434,car,645,257,569,265,0.5621,2026-08-04 04:58:28.787,2026-08-04 04:58:30.660
truck_ID_944,FLUSH,9425,truck,567,302,665,281,0.6074,2026-08-04 04:58:29.886,2026-08-04 04:58:31.062
truck_ID_946,FLUSH,9436,truck,583,299,638,291,0.7263,2026-08-04 04:58:30.051,2026-08-04 04:58:31.136
truck_ID_945,FLUSH,9437,truck,355,304,513,282,0.6846,2026-08-04 04:58:29.918,2026-08-04 04:58:31.927
car_ID_3995,FLUSH,9441,car,414,279,403,279,0.5311,2026-08-04 04:58:32.465,2026-08-04 04:58:32.577
car_ID_3996,FLUSH,9442,car,755,273,783,264,0.6431,2026-08-04 04:58:32.990,2026-08-04 04:58:34.424
car_ID_4000,FLUSH,9449,car,655,274,655,274,0.5513,2026-08-04 04:58:35.262,2026-08-04 04:58:35.335
car_ID_3997,FLUSH,9445,car,550,271,316,312,0.7203,2026-08-04 04:58:33.394,2026-08-04 04:58:35.688
truck_ID_947,FLUSH,9439,truck,532,281,784,246,0.7768,2026-08-04 04:58:32.061,2026-08-04 04:58:37.190
car_ID_4002,FLUSH,9452,car,702,247,702,248,0.5026,2026-08-04 04:58:37.934,2026-08-04 04:58:37.966
car_ID_3999,FLUSH,9448,car,617,271,314,315,0.6920,2026-08-04 04:58:34.697,2026-08-04 04:58:38.320
car_ID_4001,FLUSH,9453,car,614,264,315,314,0.6953,2026-08-04 04:58:37.429,2026-08-04 04:58:41.560
car_ID_3998,FLUSH,9441,car,390,343,808,259,0.7295,2026-08-04 04:58:33.633,2026-08-04 04:58:41.905
car_ID_4005,FLUSH,9457,car,360,369,1028,380,0.8066,2026-08-04 04:58:41.423,2026-08-04 04:58:43.228
car_ID_4003,FLUSH,9454,car,619,254,355,283,0.7653,2026-08-04 04:58:40.428,2026-08-04 04:58:44.425
truck_ID_948,FLUSH,9462,truck,586,243,585,243,0.5703,2026-08-04 04:58:45.425,2026-08-04 04:58:45.492
bus_ID_243,FLUSH,9462,bus,573,244,563,245,0.6238,2026-08-04 04:58:45.729,2026-08-04 04:58:45.899
bus_ID_242,FLUSH,9465,bus,581,244,545,246,0.5283,2026-08-04 04:58:45.522,2026-08-04 04:58:46.265
truck_ID_949,FLUSH,9466,truck,654,243,649,243,0.6246,2026-08-04 04:58:46.034,2026-08-04 04:58:46.622
truck_ID_950,FLUSH,9467,truck,622,246,622,246,0.5215,2026-08-04 04:58:46.822,2026-08-04 04:58:46.856
car_ID_4006,FLUSH,9461,car,306,365,1026,382,0.7399,2026-08-04 04:58:44.459,2026-08-04 04:58:47.228
car_ID_4007,FLUSH,9468,car,712,251,712,251,0.6024,2026-08-04 04:58:49.376,2026-08-04 04:58:49.376
car_ID_4004,FLUSH,9456,car,916,307,806,258,0.7203,2026-08-04 04:58:41.423,2026-08-04 04:58:49.558
car_ID_4008,FLUSH,9474,car,617,265,385,289,0.6832,2026-08-04 04:58:52.894,2026-08-04 04:58:57.751
bus_ID_244,FLUSH,9479,bus,428,305,443,301,0.5327,2026-08-04 04:58:59.252,2026-08-04 04:58:59.354
car_ID_4009,FLUSH,9475,car,370,342,807,257,0.7787,2026-08-04 04:58:54.787,2026-08-04 04:59:01.497
truck_ID_951,FLUSH,9479,truck,456,300,632,277,0.7435,2026-08-04 04:58:59.453,2026-08-04 04:59:01.598
car_ID_4011,FLUSH,9479,car,646,290,636,299,0.5276,2026-08-04 04:59:01.743,2026-08-04 04:59:01.890
car_ID_4013,FLUSH,9484,car,619,257,567,265,0.6521,2026-08-04 04:59:03.240,2026-08-04 04:59:05.195
truck_ID_952,FLUSH,9487,truck,757,263,779,257,0.6163,2026-08-04 04:59:03.693,2026-08-04 04:59:05.331
car_ID_4012,FLUSH,9486,car,385,318,686,275,0.7607,2026-08-04 04:59:03.206,2026-08-04 04:59:06.386
car_ID_4010,FLUSH,9481,car,329,317,771,247,0.7304,2026-08-04 04:59:00.476,2026-08-04 04:59:07.728
car_ID_4014,FLUSH,9495,car,471,273,356,278,0.6813,2026-08-04 04:59:06.859,2026-08-04 04:59:10.456
bus_ID_246,FLUSH,9491,bus,764,251,771,249,0.6137,2026-08-04 04:59:10.183,2026-08-04 04:59:10.455
bus_ID_245,FLUSH,9500,bus,764,251,783,247,0.6636,2026-08-04 04:59:10.074,2026-08-04 04:59:11.365
truck_ID_953,FLUSH,9491,truck,381,298,786,247,0.7559,2026-08-04 04:59:04.637,2026-08-04 04:59:11.514
truck_ID_954,FLUSH,9500,truck,764,250,795,245,0.6352,2026-08-04 04:59:10.183,2026-08-04 04:59:12.259
bus_ID_247,FLUSH,9507,bus,817,240,817,240,0.5204,2026-08-04 04:59:13.762,2026-08-04 04:59:13.762
car_ID_4018,FLUSH,9495,car,395,311,738,263,0.6688,2026-08-04 04:59:12.662,2026-08-04 04:59:16.311
car_ID_4015,FLUSH,9498,car,370,342,807,257,0.7379,2026-08-04 04:59:08.701,2026-08-04 04:59:17.186
car_ID_4019,FLUSH,9510,car,657,250,656,251,0.5115,2026-08-04 04:59:17.110,2026-08-04 04:59:17.319
car_ID_4020,FLUSH,9512,car,785,252,786,252,0.5730,2026-08-04 04:59:18.032,2026-08-04 04:59:18.126
car_ID_4017,FLUSH,9502,car,400,340,801,244,0.7384,2026-08-04 04:59:12.396,2026-08-04 04:59:19.765
car_ID_4023,FLUSH,9514,car,722,241,703,241,0.5912,2026-08-04 04:59:19.092,2026-08-04 04:59:20.021
car_ID_4024,FLUSH,9517,car,1001,348,987,348,0.5151,2026-08-04 04:59:21.096,2026-08-04 04:59:21.160
car_ID_4016,FLUSH,9499,car,645,257,464,276,0.7294,2026-08-04 04:59:10.691,2026-08-04 04:59:21.890
car_ID_4022,FLUSH,9513,car,628,254,517,268,0.7019,2026-08-04 04:59:18.579,2026-08-04 04:59:22.498
car_ID_4026,FLUSH,9519,car,647,246,603,249,0.5954,2026-08-04 04:59:22.261,2026-08-04 04:59:23.902
car_ID_4025,FLUSH,9518,car,1023,349,381,331,0.8235,2026-08-04 04:59:21.316,2026-08-04 04:59:24.661
car_ID_4029,FLUSH,9525,car,410,280,403,280,0.5390,2026-08-04 04:59:24.492,2026-08-04 04:59:24.852
car_ID_4030,FLUSH,9521,car,338,282,338,283,0.5596,2026-08-04 04:59:24.893,2026-08-04 04:59:24.925
car_ID_4028,FLUSH,9523,car,1005,345,414,336,0.7770,2026-08-04 04:59:24.069,2026-08-04 04:59:26.089
car_ID_4027,FLUSH,9522,car,601,250,522,259,0.6198,2026-08-04 04:59:23.967,2026-08-04 04:59:26.595
car_ID_4032,FLUSH,9529,car,525,258,525,258,0.5102,2026-08-04 04:59:26.525,2026-08-04 04:59:26.595
car_ID_4033,FLUSH,9531,car,439,264,416,270,0.5681,2026-08-04 04:59:28.801,2026-08-04 04:59:29.465
car_ID_4031,FLUSH,9526,car,949,316,804,260,0.7135,2026-08-04 04:59:25.069,2026-08-04 04:59:31.996
truck_ID_955,FLUSH,9538,truck,611,240,511,250,0.7305,2026-08-04 04:59:32.128,2026-08-04 04:59:35.959
truck_ID_956,FLUSH,9542,truck,667,244,644,237,0.6094,2026-08-04 04:59:34.458,2026-08-04 04:59:36.230
bus_ID_248,FLUSH,9546,bus,611,241,604,241,0.5822,2026-08-04 04:59:37.497,2026-08-04 04:59:37.771
car_ID_4034,FLUSH,9547,car,462,276,463,276,0.7005,2026-08-04 04:59:37.426,2026-08-04 04:59:39.093
truck_ID_958,FLUSH,9546,truck,616,241,579,243,0.6829,2026-08-04 04:59:37.254,2026-08-04 04:59:39.754
truck_ID_957,FLUSH,9544,truck,631,239,552,246,0.6731,2026-08-04 04:59:36.535,2026-08-04 04:59:41.162
car_ID_4035,FLUSH,9553,car,383,359,975,393,0.8172,2026-08-04 04:59:40.599,2026-08-04 04:59:42.281
car_ID_4036,FLUSH,9554,car,447,280,375,283,0.6550,2026-08-04 04:59:41.496,2026-08-04 04:59:43.653
car_ID_4037,FLUSH,9560,car,967,314,886,306,0.6583,2026-08-04 04:59:43.028,2026-08-04 04:59:43.784
truck_ID_960,FLUSH,9560,truck,907,308,875,304,0.5228,2026-08-04 04:59:43.576,2026-08-04 04:59:43.885
truck_ID_961,FLUSH,9559,truck,879,304,870,303,0.5294,2026-08-04 04:59:43.820,2026-08-04 04:59:43.958
car_ID_4021,FLUSH,9511,car,467,275,361,284,0.7401,2026-08-04 04:59:18.429,2026-08-04 04:59:44.156
truck_ID_959,FLUSH,9551,truck,566,245,509,250,0.7088,2026-08-04 04:59:39.956,2026-08-04 04:59:44.345
truck_ID_962,FLUSH,9562,truck,517,249,482,252,0.5741,2026-08-04 04:59:43.852,2026-08-04 04:59:45.353
truck_ID_963,FLUSH,9565,truck,367,353,806,369,0.6886,2026-08-04 04:59:46.929,2026-08-04 04:59:48.390
truck_ID_964,FLUSH,9563,truck,381,355,842,370,0.5593,2026-08-04 04:59:47.026,2026-08-04 04:59:48.560
car_ID_4041,FLUSH,9567,car,198,319,225,320,0.5629,2026-08-04 04:59:48.022,2026-08-04 04:59:48.863
car_ID_4040,FLUSH,9563,car,656,368,948,372,0.5130,2026-08-04 04:59:47.992,2026-08-04 04:59:49.202
car_ID_4039,FLUSH,9565,car,523,362,1003,373,0.6082,2026-08-04 04:59:47.572,2026-08-04 04:59:49.351
car_ID_4042,FLUSH,9570,car,354,342,399,348,0.6373,2026-08-04 04:59:49.236,2026-08-04 04:59:49.623
car_ID_4043,FLUSH,9572,car,421,349,421,349,0.5665,2026-08-04 04:59:49.723,2026-08-04 04:59:49.723
car_ID_4044,FLUSH,9570,car,984,371,989,371,0.6941,2026-08-04 04:59:51.566,2026-08-04 04:59:51.598
truck_ID_965,FLUSH,9570,truck,447,353,1006,370,0.8017,2026-08-04 04:59:49.858,2026-08-04 04:59:51.633
truck_ID_966,FLUSH,9572,truck,491,356,1016,371,0.7492,2026-08-04 04:59:50.060,2026-08-04 04:59:52.153
car_ID_4038,FLUSH,9559,car,948,310,805,255,0.7604,2026-08-04 04:59:43.162,2026-08-04 04:59:52.663
car_ID_4045,FLUSH,9577,car,714,248,714,248,0.5102,2026-08-04 04:59:53.386,2026-08-04 04:59:53.418
car_ID_4046,FLUSH,9579,car,624,259,494,275,0.7120,2026-08-04 04:59:54.127,2026-08-04 04:59:55.700
car_ID_4047,FLUSH,9581,car,636,258,594,264,0.6385,2026-08-04 04:59:55.559,2026-08-04 04:59:56.355
car_ID_4048,FLUSH,9584,car,597,259,598,259,0.5234,2026-08-04 04:59:56.694,2026-08-04 04:59:57.231
car_ID_4049,FLUSH,9586,car,483,274,384,282,0.6818,2026-08-04 04:59:57.506,2026-08-04 04:59:58.257
car_ID_4050,FLUSH,9589,car,530,266,370,285,0.7193,2026-08-04 04:59:57.845,2026-08-04 05:00:00.168
car_ID_4055,FLUSH,9590,car,612,262,596,264,0.6488,2026-08-04 05:00:00.824,2026-08-04 05:00:01.193
car_ID_4054,FLUSH,9594,car,767,281,778,277,0.5614,2026-08-04 05:00:00.791,2026-08-04 05:00:01.503
car_ID_4053,FLUSH,9593,car,484,300,606,285,0.5878,2026-08-04 05:00:00.686,2026-08-04 05:00:01.817
truck_ID_968,FLUSH,9591,truck,530,305,600,294,0.5656,2026-08-04 05:00:01.502,2026-08-04 05:00:02.326
truck_ID_969,FLUSH,9595,truck,586,296,603,294,0.5846,2026-08-04 05:00:02.053,2026-08-04 05:00:02.326
car_ID_4058,FLUSH,9597,car,701,248,701,248,0.5097,2026-08-04 05:00:02.294,2026-08-04 05:00:02.796
car_ID_4052,FLUSH,9591,car,432,322,604,294,0.5836,2026-08-04 05:00:00.686,2026-08-04 05:00:02.828
car_ID_4057,FLUSH,9598,car,538,271,467,275,0.7201,2026-08-04 05:00:02.019,2026-08-04 05:00:02.828
car_ID_4056,FLUSH,9595,car,467,316,649,286,0.6365,2026-08-04 05:00:00.955,2026-08-04 05:00:03.181
car_ID_4051,FLUSH,9592,car,713,270,765,254,0.5574,2026-08-04 05:00:00.266,2026-08-04 05:00:03.390
car_ID_4060,FLUSH,9602,car,423,283,389,285,0.5484,2026-08-04 05:00:03.175,2026-08-04 05:00:03.426
truck_ID_967,FLUSH,9582,truck,384,313,796,249,0.7404,2026-08-04 04:59:55.525,2026-08-04 05:00:03.487
bus_ID_249,FLUSH,9601,bus,469,316,530,305,0.6508,2026-08-04 05:00:03.101,2026-08-04 05:00:03.624
car_ID_4062,FLUSH,9605,car,597,294,604,293,0.5846,2026-08-04 05:00:04.327,2026-08-04 05:00:04.399
truck_ID_970,FLUSH,9605,truck,608,293,608,293,0.5026,2026-08-04 05:00:04.437,2026-08-04 05:00:04.876
car_ID_4059,FLUSH,9601,car,420,325,637,290,0.6680,2026-08-04 05:00:02.796,2026-08-04 05:00:05.188
car_ID_4061,FLUSH,9604,car,707,279,775,260,0.6097,2026-08-04 05:00:04.026,2026-08-04 05:00:06.767
car_ID_4065,FLUSH,9613,car,713,249,713,249,0.5204,2026-08-04 05:00:07.756,2026-08-04 05:00:07.788
car_ID_4066,FLUSH,9604,car,762,242,756,242,0.5436,2026-08-04 05:00:08.223,2026-08-04 05:00:08.395
car_ID_4064,FLUSH,9612,car,753,272,790,258,0.6070,2026-08-04 05:00:07.200,2026-08-04 05:00:10.355
car_ID_4063,FLUSH,9608,car,634,259,391,281,0.7199,2026-08-04 05:00:05.228,2026-08-04 05:00:10.691
car_ID_4069,FLUSH,9616,car,714,249,700,249,0.5539,2026-08-04 05:00:09.832,2026-08-04 05:00:11.030
car_ID_4068,FLUSH,9615,car,656,253,539,267,0.5671,2026-08-04 05:00:09.226,2026-08-04 05:00:11.432
car_ID_4067,FLUSH,9614,car,622,266,402,287,0.7208,2026-08-04 05:00:09.054,2026-08-04 05:00:12.728
truck_ID_972,FLUSH,9624,truck,718,379,724,381,0.6378,2026-08-04 05:00:15.860,2026-08-04 05:00:15.864
truck_ID_971,FLUSH,9626,truck,617,376,738,380,0.6003,2026-08-04 05:00:15.621,2026-08-04 05:00:15.907
car_ID_4073,FLUSH,9626,car,648,377,819,383,0.6136,2026-08-04 05:00:15.708,2026-08-04 05:00:16.122
car_ID_4072,FLUSH,9624,car,393,358,777,382,0.6884,2026-08-04 05:00:14.965,2026-08-04 05:00:16.461
car_ID_4074,FLUSH,9627,car,372,359,1029,380,0.8462,2026-08-04 05:00:16.735,2026-08-04 05:00:18.399
car_ID_4070,FLUSH,9619,car,660,260,317,297,0.6748,2026-08-04 05:00:11.954,2026-08-04 05:00:18.498
car_ID_4075,FLUSH,9631,car,212,327,223,327,0.5425,2026-08-04 05:00:21.424,2026-08-04 05:00:21.588
car_ID_4071,FLUSH,9623,car,1016,323,799,257,0.7301,2026-08-04 05:00:14.134,2026-08-04 05:00:23.328
truck_ID_974,FLUSH,9635,truck,504,365,961,379,0.6276,2026-08-04 05:00:23.363,2026-08-04 05:00:24.692
car_ID_4076,FLUSH,9633,car,362,362,1016,381,0.6438,2026-08-04 05:00:22.435,2026-08-04 05:00:24.824
truck_ID_973,FLUSH,9633,truck,489,364,1033,382,0.6369,2026-08-04 05:00:23.296,2026-08-04 05:00:24.895
car_ID_4077,FLUSH,9635,car,482,365,1070,379,0.5890,2026-08-04 05:00:23.258,2026-08-04 05:00:25.021
truck_ID_975,FLUSH,9636,truck,658,243,434,256,0.7074,2026-08-04 05:00:23.495,2026-08-04 05:00:29.094
truck_ID_978,FLUSH,9643,truck,623,239,623,239,0.5846,2026-08-04 05:00:31.503,2026-08-04 05:00:31.999
truck_ID_976,FLUSH,9642,truck,436,313,493,249,0.6452,2026-08-04 05:00:31.035,2026-08-04 05:00:34.356
truck_ID_977,FLUSH,9639,truck,514,303,772,262,0.6773,2026-08-04 05:00:31.410,2026-08-04 05:00:34.459
bus_ID_250,FLUSH,9645,bus,764,264,774,262,0.5833,2026-08-04 05:00:34.087,2026-08-04 05:00:34.558
bus_ID_251,FLUSH,9639,bus,782,259,782,259,0.5515,2026-08-04 05:00:35.000,2026-08-04 05:00:35.067
car_ID_4078,FLUSH,9644,car,371,319,759,255,0.7538,2026-08-04 05:00:31.625,2026-08-04 05:00:37.126
truck_ID_979,FLUSH,9642,truck,454,285,788,244,0.7419,2026-08-04 05:00:35.862,2026-08-04 05:00:40.531
car_ID_4079,FLUSH,9649,car,716,251,709,253,0.5736,2026-08-04 05:00:40.922,2026-08-04 05:00:41.289
car_ID_4080,FLUSH,9652,car,609,270,579,274,0.6647,2026-08-04 05:00:42.452,2026-08-04 05:00:43.295
truck_ID_980,FLUSH,9654,truck,415,285,671,261,0.6910,2026-08-04 05:00:43.131,2026-08-04 05:00:45.893
truck_ID_981,FLUSH,9657,truck,640,264,728,254,0.6564,2026-08-04 05:00:45.058,2026-08-04 05:00:46.792
car_ID_4081,FLUSH,9656,car,507,282,383,297,0.6425,2026-08-04 05:00:44.861,2026-08-04 05:00:47.599
car_ID_4083,FLUSH,9663,car,656,275,655,275,0.5873,2026-08-04 05:00:47.294,2026-08-04 05:00:47.599
truck_ID_983,FLUSH,9664,truck,766,250,776,246,0.5495,2026-08-04 05:00:47.599,2026-08-04 05:00:48.260
truck_ID_982,FLUSH,9662,truck,731,254,784,245,0.7402,2026-08-04 05:00:46.374,2026-08-04 05:00:48.662
bus_ID_253,FLUSH,9662,bus,786,245,790,244,0.6176,2026-08-04 05:00:48.751,2026-08-04 05:00:49.388
car_ID_4084,FLUSH,9665,car,711,250,700,249,0.5244,2026-08-04 05:00:49.424,2026-08-04 05:00:49.828
bus_ID_252,FLUSH,9664,bus,777,247,795,243,0.5297,2026-08-04 05:00:48.288,2026-08-04 05:00:50.071
car_ID_4087,FLUSH,9672,car,975,349,975,349,0.5204,2026-08-04 05:00:53.895,2026-08-04 05:00:54.364
car_ID_4086,FLUSH,9671,car,1046,348,397,335,0.7528,2026-08-04 05:00:53.754,2026-08-04 05:00:56.205
car_ID_4089,FLUSH,9678,car,715,246,703,245,0.5265,2026-08-04 05:00:58.011,2026-08-04 05:00:58.432
car_ID_4088,FLUSH,9676,car,1047,351,336,327,0.7631,2026-08-04 05:00:56.267,2026-08-04 05:00:58.901
car_ID_4094,FLUSH,9688,car,775,337,775,337,0.6844,2026-08-04 05:01:02.186,2026-08-04 05:01:02.664
car_ID_4093,FLUSH,9684,car,1022,348,415,339,0.7774,2026-08-04 05:01:01.399,2026-08-04 05:01:03.035
truck_ID_984,FLUSH,9690,truck,660,244,654,244,0.6097,2026-08-04 05:01:03.138,2026-08-04 05:01:03.562
car_ID_4091,FLUSH,9681,car,623,253,502,268,0.7277,2026-08-04 05:01:00.758,2026-08-04 05:01:03.761
car_ID_4090,FLUSH,9679,car,977,316,790,267,0.7180,2026-08-04 05:00:58.011,2026-08-04 05:01:04.744
car_ID_4092,FLUSH,9683,car,981,318,738,263,0.7393,2026-08-04 05:01:00.758,2026-08-04 05:01:05.635
bus_ID_255,FLUSH,9690,bus,593,242,593,242,0.5953,2026-08-04 05:01:06.056,2026-08-04 05:01:06.089
bus_ID_254,FLUSH,9692,bus,612,241,593,242,0.5163,2026-08-04 05:01:05.365,2026-08-04 05:01:06.126
car_ID_4096,FLUSH,9696,car,804,261,811,259,0.5297,2026-08-04 05:01:05.701,2026-08-04 05:01:06.186
car_ID_4097,FLUSH,9695,car,702,248,700,250,0.5184,2026-08-04 05:01:06.056,2026-08-04 05:01:06.388
truck_ID_985,FLUSH,9692,truck,651,244,567,243,0.5821,2026-08-04 05:01:03.595,2026-08-04 05:01:07.364
truck_ID_986,FLUSH,9690,truck,581,244,516,248,0.6826,2026-08-04 05:01:06.559,2026-08-04 05:01:08.858
car_ID_4098,FLUSH,9699,car,657,258,656,259,0.5249,2026-08-04 05:01:08.858,2026-08-04 05:01:09.163
car_ID_4100,FLUSH,9698,car,703,248,703,248,0.5097,2026-08-04 05:01:09.463,2026-08-04 05:01:09.463
truck_ID_987,FLUSH,9700,truck,514,247,490,250,0.5553,2026-08-04 05:01:08.955,2026-08-04 05:01:09.730
bus_ID_256,FLUSH,9690,bus,503,249,486,248,0.5656,2026-08-04 05:01:09.291,2026-08-04 05:01:09.870
car_ID_4095,FLUSH,9693,car,982,312,791,262,0.7547,2026-08-04 05:01:03.499,2026-08-04 05:01:09.932
bus_ID_257,FLUSH,9700,bus,482,246,409,250,0.5672,2026-08-04 05:01:10.002,2026-08-04 05:01:12.565
car_ID_4101,FLUSH,9699,car,617,262,514,275,0.6871,2026-08-04 05:01:10.759,2026-08-04 05:01:13.798
car_ID_4082,FLUSH,9660,car,603,269,363,295,0.7513,2026-08-04 05:00:45.691,2026-08-04 05:01:14.262
car_ID_4104,FLUSH,9708,car,411,284,408,285,0.6250,2026-08-04 05:01:14.412,2026-08-04 05:01:14.490
car_ID_4102,FLUSH,9705,car,616,259,514,272,0.6613,2026-08-04 05:01:12.436,2026-08-04 05:01:15.202
car_ID_4099,FLUSH,9702,car,1042,328,803,247,0.7025,2026-08-04 05:01:09.097,2026-08-04 05:01:15.233
car_ID_4105,FLUSH,9710,car,423,283,376,288,0.6019,2026-08-04 05:01:15.701,2026-08-04 05:01:16.074
car_ID_4106,FLUSH,9660,car,235,310,235,310,0.5204,2026-08-04 05:01:16.074,2026-08-04 05:01:16.074
car_ID_4085,FLUSH,9668,car,616,262,376,287,0.6956,2026-08-04 05:00:53.199,2026-08-04 05:01:17.823
car_ID_4108,FLUSH,9713,car,189,329,193,329,0.5490,2026-08-04 05:01:18.199,2026-08-04 05:01:18.366
car_ID_4103,FLUSH,9706,car,995,312,800,249,0.7326,2026-08-04 05:01:12.732,2026-08-04 05:01:19.732
car_ID_4110,FLUSH,9715,car,717,251,709,251,0.6099,2026-08-04 05:01:19.768,2026-08-04 05:01:20.088
car_ID_4107,FLUSH,9712,car,348,383,1034,399,0.8300,2026-08-04 05:01:18.128,2026-08-04 05:01:20.289
car_ID_4109,FLUSH,9717,car,368,365,1075,385,0.8308,2026-08-04 05:01:19.732,2026-08-04 05:01:22.204
truck_ID_988,FLUSH,9723,truck,718,381,725,381,0.5778,2026-08-04 05:01:23.563,2026-08-04 05:01:23.595
truck_ID_989,FLUSH,9720,truck,748,382,748,382,0.6603,2026-08-04 05:01:23.629,2026-08-04 05:01:23.629
car_ID_4112,FLUSH,9720,car,295,361,783,385,0.7480,2026-08-04 05:01:21.923,2026-08-04 05:01:23.903
car_ID_4115,FLUSH,9723,car,688,381,975,387,0.6033,2026-08-04 05:01:23.492,2026-08-04 05:01:24.623
car_ID_4111,FLUSH,9718,car,963,317,785,263,0.7359,2026-08-04 05:01:21.236,2026-08-04 05:01:27.017
car_ID_4116,FLUSH,9718,car,800,258,801,258,0.5303,2026-08-04 05:01:28.180,2026-08-04 05:01:28.452
car_ID_4114,FLUSH,9722,car,1042,328,805,254,0.7922,2026-08-04 05:01:23.220,2026-08-04 05:01:30.565
car_ID_4113,FLUSH,9721,car,619,263,314,314,0.6794,2026-08-04 05:01:22.957,2026-08-04 05:01:30.762
car_ID_4117,FLUSH,9721,car,311,315,307,315,0.5204,2026-08-04 05:01:32.163,2026-08-04 05:01:32.584
car_ID_4119,FLUSH,9729,car,305,305,304,315,0.5467,2026-08-04 05:01:34.896,2026-08-04 05:01:40.419
car_ID_4118,FLUSH,9721,car,380,319,802,248,0.7074,2026-08-04 05:01:34.696,2026-08-04 05:01:43.436
car_ID_4120,FLUSH,9732,car,713,246,712,246,0.5026,2026-08-04 05:01:44.462,2026-08-04 05:01:44.494
car_ID_4123,FLUSH,9737,car,779,238,767,240,0.5286,2026-08-04 05:01:47.298,2026-08-04 05:01:47.732
car_ID_4121,FLUSH,9736,car,347,377,1064,383,0.8362,2026-08-04 05:01:46.687,2026-08-04 05:01:48.922
car_ID_4122,FLUSH,9738,car,621,254,390,281,0.7436,2026-08-04 05:01:46.893,2026-08-04 05:01:49.890
car_ID_4124,FLUSH,9741,car,972,316,758,277,0.7524,2026-08-04 05:01:48.562,2026-08-04 05:01:52.998
car_ID_4128,FLUSH,9750,car,722,242,703,242,0.5727,2026-08-04 05:01:53.374,2026-08-04 05:01:54.056
car_ID_4126,FLUSH,9745,car,622,254,382,282,0.7526,2026-08-04 05:01:51.395,2026-08-04 05:01:54.200
car_ID_4125,FLUSH,9744,car,981,313,789,263,0.7317,2026-08-04 05:01:50.336,2026-08-04 05:01:56.589
car_ID_4130,FLUSH,9752,car,1040,318,888,300,0.6212,2026-08-04 05:01:56.525,2026-08-04 05:01:57.548
truck_ID_990,FLUSH,9752,truck,903,301,870,299,0.6609,2026-08-04 05:01:57.437,2026-08-04 05:01:57.687
truck_ID_992,FLUSH,9751,truck,513,260,511,260,0.5882,2026-08-04 05:01:57.828,2026-08-04 05:01:57.860
truck_ID_991,FLUSH,9755,truck,860,299,803,293,0.6243,2026-08-04 05:01:57.786,2026-08-04 05:01:58.398
car_ID_4129,FLUSH,9751,car,630,246,441,266,0.6467,2026-08-04 05:01:55.861,2026-08-04 05:01:58.562
car_ID_4131,FLUSH,9754,car,548,255,395,269,0.5573,2026-08-04 05:01:57.401,2026-08-04 05:01:58.902
car_ID_4127,FLUSH,9749,car,959,318,796,292,0.6866,2026-08-04 05:01:53.132,2026-08-04 05:01:59.044
car_ID_4132,FLUSH,9755,car,895,301,767,267,0.7151,2026-08-04 05:01:57.466,2026-08-04 05:02:02.058
car_ID_4134,FLUSH,9759,car,656,256,656,255,0.5204,2026-08-04 05:02:02.122,2026-08-04 05:02:02.155
car_ID_4136,FLUSH,9755,car,767,273,783,256,0.5308,2026-08-04 05:02:03.134,2026-08-04 05:02:04.434
car_ID_4137,FLUSH,9761,car,710,249,710,249,0.5406,2026-08-04 05:02:05.666,2026-08-04 05:02:05.735
car_ID_4138,FLUSH,9762,car,797,253,797,253,0.5383,2026-08-04 05:02:05.831,2026-08-04 05:02:05.899
car_ID_4135,FLUSH,9760,car,625,258,378,285,0.7358,2026-08-04 05:02:02.885,2026-08-04 05:02:06.156
car_ID_4140,FLUSH,9765,car,656,256,657,257,0.5423,2026-08-04 05:02:08.297,2026-08-04 05:02:08.566
car_ID_4133,FLUSH,9756,car,984,316,806,258,0.6967,2026-08-04 05:02:00.096,2026-08-04 05:02:09.191
bus_ID_258,FLUSH,9768,bus,433,292,433,292,0.5215,2026-08-04 05:02:09.595,2026-08-04 05:02:09.595
truck_ID_993,FLUSH,9766,truck,374,299,448,291,0.5820,2026-08-04 05:02:09.224,2026-08-04 05:02:09.680
car_ID_4142,FLUSH,9771,car,718,252,710,251,0.5469,2026-08-04 05:02:10.491,2026-08-04 05:02:10.761
car_ID_4143,FLUSH,9772,car,561,303,561,303,0.5204,2026-08-04 05:02:10.555,2026-08-04 05:02:11.031
truck_ID_994,FLUSH,9768,truck,462,288,617,266,0.7231,2026-08-04 05:02:09.831,2026-08-04 05:02:11.565
car_ID_4139,FLUSH,9764,car,392,346,797,259,0.7055,2026-08-04 05:02:07.039,2026-08-04 05:02:12.764
car_ID_4147,FLUSH,9768,car,606,257,512,269,0.5821,2026-08-04 05:02:12.764,2026-08-04 05:02:14.200
car_ID_4144,FLUSH,9773,car,364,318,673,277,0.7458,2026-08-04 05:02:10.840,2026-08-04 05:02:14.247
car_ID_4148,FLUSH,9782,car,407,280,354,284,0.6729,2026-08-04 05:02:15.162,2026-08-04 05:02:15.551
car_ID_4145,FLUSH,9776,car,586,271,388,287,0.6648,2026-08-04 05:02:11.822,2026-08-04 05:02:16.429
car_ID_4141,FLUSH,9769,car,337,345,806,257,0.7295,2026-08-04 05:02:09.719,2026-08-04 05:02:17.518
car_ID_4150,FLUSH,9787,car,325,312,325,312,0.5062,2026-08-04 05:02:18.365,2026-08-04 05:02:18.444
car_ID_4146,FLUSH,9777,car,331,348,806,256,0.7603,2026-08-04 05:02:12.127,2026-08-04 05:02:20.154
car_ID_4149,FLUSH,9786,car,615,263,394,286,0.7047,2026-08-04 05:02:17.726,2026-08-04 05:02:20.522
car_ID_4152,FLUSH,9793,car,611,266,466,283,0.6585,2026-08-04 05:02:21.957,2026-08-04 05:02:25.484
truck_ID_995,FLUSH,9797,truck,273,292,704,257,0.7647,2026-08-04 05:02:25.477,2026-08-04 05:02:28.662
truck_ID_996,FLUSH,9803,truck,708,257,772,250,0.6915,2026-08-04 05:02:28.700,2026-08-04 05:02:30.417
truck_ID_997,FLUSH,9804,truck,757,253,778,250,0.6443,2026-08-04 05:02:29.789,2026-08-04 05:02:30.628
bus_ID_260,FLUSH,9804,bus,773,250,795,244,0.6512,2026-08-04 05:02:30.418,2026-08-04 05:02:32.264
bus_ID_259,FLUSH,9803,bus,764,252,801,241,0.6699,2026-08-04 05:02:29.957,2026-08-04 05:02:32.824
car_ID_4155,FLUSH,9810,car,957,347,460,336,0.6528,2026-08-04 05:02:32.586,2026-08-04 05:02:34.818
truck_ID_999,FLUSH,9810,truck,870,346,442,336,0.6138,2026-08-04 05:02:33.144,2026-08-04 05:02:34.895
truck_ID_998,FLUSH,9790,truck,949,346,436,335,0.5722,2026-08-04 05:02:32.651,2026-08-04 05:02:34.927
car_ID_4151,FLUSH,9790,car,1100,350,404,335,0.7891,2026-08-04 05:02:19.529,2026-08-04 05:02:35.125
car_ID_4154,FLUSH,9808,car,623,260,461,278,0.7320,2026-08-04 05:02:31.995,2026-08-04 05:02:35.125
truck_ID_1000,FLUSH,9812,truck,651,242,608,240,0.6334,2026-08-04 05:02:34.362,2026-08-04 05:02:36.230
truck_ID_1002,FLUSH,9821,truck,547,246,547,246,0.5989,2026-08-04 05:02:37.527,2026-08-04 05:02:37.982
car_ID_4156,FLUSH,9822,car,713,252,712,252,0.5026,2026-08-04 05:02:38.660,2026-08-04 05:02:38.693
truck_ID_1001,FLUSH,9817,truck,606,240,513,250,0.6896,2026-08-04 05:02:35.787,2026-08-04 05:02:38.865
truck_ID_1003,FLUSH,9823,truck,503,250,466,251,0.5936,2026-08-04 05:02:38.609,2026-08-04 05:02:39.503
car_ID_4157,FLUSH,9822,car,713,252,710,252,0.5460,2026-08-04 05:02:39.824,2026-08-04 05:02:39.989
car_ID_4158,FLUSH,9829,car,657,260,657,260,0.5989,2026-08-04 05:02:40.986,2026-08-04 05:02:41.019
bus_ID_261,FLUSH,9826,bus,928,291,771,274,0.6486,2026-08-04 05:02:39.300,2026-08-04 05:02:41.361
bus_ID_262,FLUSH,9830,bus,764,271,764,271,0.5133,2026-08-04 05:02:42.063,2026-08-04 05:02:42.063
car_ID_4160,FLUSH,9839,car,655,275,656,274,0.5371,2026-08-04 05:02:44.192,2026-08-04 05:02:44.360
car_ID_4162,FLUSH,9837,car,770,239,770,239,0.5097,2026-08-04 05:02:45.089,2026-08-04 05:02:45.121
bus_ID_263,FLUSH,9841,bus,713,256,721,252,0.6158,2026-08-04 05:02:44.866,2026-08-04 05:02:45.870
car_ID_4164,FLUSH,9845,car,717,249,712,248,0.5172,2026-08-04 05:02:47.887,2026-08-04 05:02:48.084
car_ID_4165,FLUSH,9847,car,547,271,540,271,0.5222,2026-08-04 05:02:48.357,2026-08-04 05:02:48.495
car_ID_4167,FLUSH,9852,car,711,252,711,251,0.5240,2026-08-04 05:02:51.262,2026-08-04 05:02:51.330
car_ID_4166,FLUSH,9850,car,662,255,566,265,0.6198,2026-08-04 05:02:49.892,2026-08-04 05:02:52.793
car_ID_4153,FLUSH,9799,car,401,291,376,291,0.6404,2026-08-04 05:02:27.051,2026-08-04 05:02:52.995
car_ID_4163,FLUSH,9843,car,978,316,803,257,0.7215,2026-08-04 05:02:46.727,2026-08-04 05:02:53.445
car_ID_4161,FLUSH,9840,car,619,269,428,278,0.6154,2026-08-04 05:02:44.799,2026-08-04 05:02:54.782
car_ID_4169,FLUSH,9858,car,797,240,797,240,0.5240,2026-08-04 05:02:55.330,2026-08-04 05:02:55.330
car_ID_4159,FLUSH,9836,car,613,269,311,316,0.7288,2026-08-04 05:02:43.668,2026-08-04 05:02:56.352
car_ID_4170,FLUSH,9860,car,368,365,1022,384,0.7954,2026-08-04 05:02:55.527,2026-08-04 05:02:57.714
car_ID_4168,FLUSH,9856,car,540,277,371,294,0.6757,2026-08-04 05:02:53.588,2026-08-04 05:02:57.956
car_ID_4173,FLUSH,9869,car,718,251,708,252,0.5290,2026-08-04 05:02:57.887,2026-08-04 05:02:58.156
car_ID_4175,FLUSH,9870,car,201,325,223,331,0.6134,2026-08-04 05:02:58.194,2026-08-04 05:02:58.672
car_ID_4172,FLUSH,9868,car,346,369,1060,397,0.7862,2026-08-04 05:02:57.649,2026-08-04 05:02:59.287
car_ID_4171,FLUSH,9862,car,615,273,388,288,0.6866,2026-08-04 05:02:56.038,2026-08-04 05:02:59.320
car_ID_4174,FLUSH,9872,car,627,257,389,286,0.7542,2026-08-04 05:02:58.091,2026-08-04 05:03:01.030
car_ID_4176,FLUSH,9875,car,365,364,1092,381,0.7786,2026-08-04 05:02:59.187,2026-08-04 05:03:01.360
car_ID_4178,FLUSH,9882,car,350,365,985,382,0.8195,2026-08-04 05:03:01.127,2026-08-04 05:03:02.666
car_ID_4177,FLUSH,9877,car,624,261,359,289,0.7089,2026-08-04 05:03:00.132,2026-08-04 05:03:02.732
car_ID_4181,FLUSH,9886,car,710,251,709,252,0.5333,2026-08-04 05:03:03.067,2026-08-04 05:03:03.173
car_ID_4179,FLUSH,9885,car,346,375,937,385,0.8013,2026-08-04 05:03:02.507,2026-08-04 05:03:03.791
car_ID_4182,FLUSH,9888,car,656,259,656,258,0.5133,2026-08-04 05:03:04.823,2026-08-04 05:03:04.855
car_ID_4180,FLUSH,9887,car,636,259,416,281,0.6658,2026-08-04 05:03:02.922,2026-08-04 05:03:07.134
car_ID_4183,FLUSH,9891,car,603,271,486,286,0.6678,2026-08-04 05:03:06.800,2026-08-04 05:03:09.463
car_ID_4186,FLUSH,9901,car,376,294,374,293,0.5525,2026-08-04 05:03:11.817,2026-08-04 05:03:12.325
car_ID_4184,FLUSH,9893,car,393,313,802,249,0.7100,2026-08-04 05:03:07.407,2026-08-04 05:03:13.185
car_ID_4185,FLUSH,9899,car,529,299,752,259,0.6519,2026-08-04 05:03:09.900,2026-08-04 05:03:13.457
car_ID_4187,FLUSH,9906,car,541,261,525,263,0.5867,2026-08-04 05:03:13.185,2026-08-04 05:03:14.036
truck_ID_1004,FLUSH,9897,truck,380,294,766,250,0.7942,2026-08-04 05:03:09.498,2026-08-04 05:03:16.395
truck_ID_1005,FLUSH,9905,truck,381,295,690,263,0.6596,2026-08-04 05:03:13.273,2026-08-04 05:03:16.884
car_ID_4188,FLUSH,9908,car,341,315,341,314,0.5632,2026-08-04 05:03:17.724,2026-08-04 05:03:17.756
truck_ID_1006,FLUSH,9905,truck,748,255,797,246,0.6426,2026-08-04 05:03:18.096,2026-08-04 05:03:20.526
truck_ID_1008,FLUSH,9914,truck,495,287,495,287,0.8479,2026-08-04 05:03:21.000,2026-08-04 05:03:21.457
car_ID_4189,FLUSH,9916,car,341,314,341,314,0.5240,2026-08-04 05:03:22.634,2026-08-04 05:03:22.714
car_ID_4190,FLUSH,9916,car,341,315,341,315,0.5622,2026-08-04 05:03:24.512,2026-08-04 05:03:25.995
truck_ID_1007,FLUSH,9911,truck,321,301,787,246,0.7679,2026-08-04 05:03:19.703,2026-08-04 05:03:27.053
car_ID_4192,FLUSH,9916,car,341,314,341,315,0.5561,2026-08-04 05:03:27.389,2026-08-04 05:03:27.831
car_ID_4191,FLUSH,9920,car,1077,345,386,340,0.7794,2026-08-04 05:03:26.256,2026-08-04 05:03:29.396
car_ID_4194,FLUSH,9916,car,342,298,341,315,0.5353,2026-08-04 05:03:29.536,2026-08-04 05:03:29.953
car_ID_4193,FLUSH,9924,car,988,343,416,332,0.7475,2026-08-04 05:03:29.498,2026-08-04 05:03:32.231
car_ID_4196,FLUSH,9916,car,340,314,341,315,0.5152,2026-08-04 05:03:31.145,2026-08-04 05:03:33.732
car_ID_4197,FLUSH,9933,car,761,241,760,240,0.5133,2026-08-04 05:03:36.066,2026-08-04 05:03:36.133
car_ID_4198,FLUSH,9916,car,341,315,341,315,0.5384,2026-08-04 05:03:37.213,2026-08-04 05:03:40.987
car_ID_4195,FLUSH,9925,car,1081,327,809,257,0.7861,2026-08-04 05:03:30.460,2026-08-04 05:03:41.225
car_ID_4201,FLUSH,9943,car,714,251,711,252,0.5472,2026-08-04 05:03:41.425,2026-08-04 05:03:41.518
car_ID_4199,FLUSH,9939,car,610,264,393,286,0.7196,2026-08-04 05:03:39.097,2026-08-04 05:03:42.655
car_ID_4202,FLUSH,9916,car,333,307,332,305,0.5490,2026-08-04 05:03:44.095,2026-08-04 05:03:44.128
car_ID_4200,FLUSH,9938,car,617,255,388,280,0.7306,2026-08-04 05:03:40.161,2026-08-04 05:03:44.866
car_ID_4204,FLUSH,9916,car,323,314,317,310,0.5714,2026-08-04 05:03:45.219,2026-08-04 05:03:45.690
car_ID_4205,FLUSH,9949,car,717,250,714,250,0.5347,2026-08-04 05:03:45.560,2026-08-04 05:03:45.722
car_ID_4203,FLUSH,9947,car,625,261,363,287,0.7101,2026-08-04 05:03:44.163,2026-08-04 05:03:47.160
car_ID_4207,FLUSH,9957,car,562,373,755,381,0.6495,2026-08-04 05:03:48.696,2026-08-04 05:03:49.177
truck_ID_1010,FLUSH,9953,truck,650,378,754,381,0.5590,2026-08-04 05:03:48.900,2026-08-04 05:03:49.177
car_ID_4206,FLUSH,9953,car,369,365,957,380,0.7005,2026-08-04 05:03:47.744,2026-08-04 05:03:49.586
truck_ID_1009,FLUSH,9957,truck,576,374,760,381,0.5460,2026-08-04 05:03:48.728,2026-08-04 05:03:49.658
car_ID_4209,FLUSH,9960,car,292,360,1058,389,0.8380,2026-08-04 05:03:49.925,2026-08-04 05:03:52.356
car_ID_4208,FLUSH,9956,car,609,266,319,314,0.6863,2026-08-04 05:03:49.420,2026-08-04 05:03:52.524
car_ID_4211,FLUSH,9965,car,701,249,701,249,0.5169,2026-08-04 05:03:54.721,2026-08-04 05:03:54.721
car_ID_4213,FLUSH,9969,car,716,250,703,250,0.5969,2026-08-04 05:03:55.898,2026-08-04 05:03:56.321
car_ID_4214,FLUSH,9970,car,670,258,658,255,0.5127,2026-08-04 05:03:56.000,2026-08-04 05:03:56.321
car_ID_4212,FLUSH,9968,car,336,379,1044,402,0.8446,2026-08-04 05:03:55.124,2026-08-04 05:03:56.927
car_ID_4215,FLUSH,9970,car,638,258,501,271,0.5894,2026-08-04 05:03:57.554,2026-08-04 05:04:00.066
car_ID_4217,FLUSH,9977,car,796,238,795,238,0.5062,2026-08-04 05:04:01.359,2026-08-04 05:04:01.432
car_ID_4210,FLUSH,9966,car,668,259,359,286,0.6915,2026-08-04 05:03:54.396,2026-08-04 05:04:01.570
bus_ID_264,FLUSH,9980,bus,507,310,510,309,0.5327,2026-08-04 05:04:03.425,2026-08-04 05:04:03.491
truck_ID_1012,FLUSH,9980,truck,519,309,521,309,0.5204,2026-08-04 05:04:03.523,2026-08-04 05:04:03.555
car_ID_4218,FLUSH,9980,car,501,311,535,306,0.5739,2026-08-04 05:04:03.383,2026-08-04 05:04:03.687
car_ID_4219,FLUSH,9982,car,716,249,710,249,0.5419,2026-08-04 05:04:04.028,2026-08-04 05:04:04.366
truck_ID_1013,FLUSH,9983,truck,563,301,611,294,0.6733,2026-08-04 05:04:03.999,2026-08-04 05:04:04.626
car_ID_4220,FLUSH,9983,car,567,301,616,293,0.6096,2026-08-04 05:04:04.028,2026-08-04 05:04:04.659
car_ID_4222,FLUSH,9978,car,623,292,621,292,0.5677,2026-08-04 05:04:04.760,2026-08-04 05:04:04.919
truck_ID_1011,FLUSH,9978,truck,461,317,645,287,0.6398,2026-08-04 05:04:03.035,2026-08-04 05:04:05.161
car_ID_4221,FLUSH,9979,car,383,316,617,282,0.7854,2026-08-04 05:04:04.511,2026-08-04 05:04:06.798
truck_ID_1014,FLUSH,9994,truck,752,273,755,272,0.5406,2026-08-04 05:04:07.372,2026-08-04 05:04:07.478
car_ID_4226,FLUSH,9992,car,347,342,347,342,0.5276,2026-08-04 05:04:08.300,2026-08-04 05:04:08.300
car_ID_4224,FLUSH,9988,car,638,259,466,275,0.5854,2026-08-04 05:04:06.018,2026-08-04 05:04:08.720
car_ID_4228,FLUSH,9994,car,777,267,787,263,0.5921,2026-08-04 05:04:08.788,2026-08-04 05:04:09.759
car_ID_4230,FLUSH,9998,car,750,258,750,258,0.5062,2026-08-04 05:04:10.521,2026-08-04 05:04:10.521
truck_ID_1015,FLUSH,10002,truck,653,244,644,245,0.6572,2026-08-04 05:04:10.668,2026-08-04 05:04:11.479
car_ID_4231,FLUSH,9994,car,802,254,805,253,0.5725,2026-08-04 05:04:11.371,2026-08-04 05:04:11.655
car_ID_4225,FLUSH,9991,car,374,311,741,260,0.6974,2026-08-04 05:04:06.225,2026-08-04 05:04:11.957
car_ID_4216,FLUSH,9972,car,607,264,431,281,0.6826,2026-08-04 05:03:58.628,2026-08-04 05:04:12.086
truck_ID_1016,FLUSH,10003,truck,652,245,577,244,0.5838,2026-08-04 05:04:10.732,2026-08-04 05:04:13.729
car_ID_4223,FLUSH,9986,car,407,341,803,256,0.7030,2026-08-04 05:04:05.467,2026-08-04 05:04:13.827
truck_ID_1018,FLUSH,10007,truck,493,283,493,283,0.6265,2026-08-04 05:04:14.231,2026-08-04 05:04:14.231
truck_ID_1019,FLUSH,10012,truck,421,251,421,251,0.5890,2026-08-04 05:04:15.231,2026-08-04 05:04:15.299
bus_ID_265,FLUSH,10004,bus,646,264,646,264,0.5853,2026-08-04 05:04:16.091,2026-08-04 05:04:16.091
car_ID_4229,FLUSH,10001,car,393,341,762,277,0.7434,2026-08-04 05:04:10.423,2026-08-04 05:04:16.343
car_ID_4227,FLUSH,9997,car,392,341,782,265,0.7407,2026-08-04 05:04:08.435,2026-08-04 05:04:16.482
truck_ID_1017,FLUSH,10004,truck,356,292,708,257,0.6930,2026-08-04 05:04:12.491,2026-08-04 05:04:17.320
bus_ID_266,FLUSH,10016,bus,727,255,730,255,0.6399,2026-08-04 05:04:17.643,2026-08-04 05:04:17.859
car_ID_4233,FLUSH,10004,car,754,278,754,278,0.5418,2026-08-04 05:04:18.929,2026-08-04 05:04:18.929
car_ID_4234,FLUSH,10015,car,324,308,324,308,0.5027,2026-08-04 05:04:19.728,2026-08-04 05:04:19.728
bus_ID_267,FLUSH,10004,bus,731,255,767,249,0.6635,2026-08-04 05:04:17.899,2026-08-04 05:04:20.294
bus_ID_268,FLUSH,10018,bus,764,250,767,249,0.5953,2026-08-04 05:04:19.470,2026-08-04 05:04:20.442
car_ID_4237,FLUSH,10015,car,324,308,324,308,0.5252,2026-08-04 05:04:21.208,2026-08-04 05:04:21.216
car_ID_4236,FLUSH,10018,car,775,268,789,262,0.5546,2026-08-04 05:04:21.035,2026-08-04 05:04:22.572
car_ID_4232,FLUSH,10009,car,401,291,425,282,0.7300,2026-08-04 05:04:14.822,2026-08-04 05:04:23.024
car_ID_4235,FLUSH,10019,car,621,265,543,277,0.6669,2026-08-04 05:04:20.629,2026-08-04 05:04:23.700
truck_ID_1021,FLUSH,10024,truck,647,247,637,248,0.6494,2026-08-04 05:04:23.325,2026-08-04 05:04:23.700
car_ID_4238,FLUSH,10027,car,715,249,714,248,0.5469,2026-08-04 05:04:24.321,2026-08-04 05:04:24.451
car_ID_4241,FLUSH,10031,car,541,265,542,265,0.5507,2026-08-04 05:04:25.264,2026-08-04 05:04:25.364
truck_ID_1022,FLUSH,10031,truck,547,252,514,255,0.6509,2026-08-04 05:04:25.441,2026-08-04 05:04:26.028
car_ID_4242,FLUSH,10035,car,602,261,527,271,0.7090,2026-08-04 05:04:25.723,2026-08-04 05:04:27.325
truck_ID_1023,FLUSH,10040,truck,649,245,649,245,0.5668,2026-08-04 05:04:28.132,2026-08-04 05:04:28.132
car_ID_4243,FLUSH,10036,car,653,255,519,270,0.6589,2026-08-04 05:04:26.401,2026-08-04 05:04:28.895
truck_ID_1020,FLUSH,10025,truck,356,295,786,245,0.7279,2026-08-04 05:04:22.754,2026-08-04 05:04:29.499
truck_ID_1024,FLUSH,10045,truck,590,241,476,249,0.7056,2026-08-04 05:04:29.610,2026-08-04 05:04:31.491
car_ID_4244,FLUSH,10032,car,385,327,800,249,0.7417,2026-08-04 05:04:26.498,2026-08-04 05:04:33.700
car_ID_4246,FLUSH,10050,car,405,313,763,257,0.6781,2026-08-04 05:04:31.002,2026-08-04 05:04:35.994
car_ID_4247,FLUSH,10051,car,386,318,800,248,0.7043,2026-08-04 05:04:32.236,2026-08-04 05:04:39.096
car_ID_4249,FLUSH,10069,car,714,248,713,248,0.5728,2026-08-04 05:04:39.864,2026-08-04 05:04:39.932
car_ID_4251,FLUSH,10075,car,612,257,563,264,0.6241,2026-08-04 05:04:42.105,2026-08-04 05:04:42.961
car_ID_4252,FLUSH,10080,car,712,251,711,251,0.5326,2026-08-04 05:04:43.403,2026-08-04 05:04:43.509
car_ID_4248,FLUSH,10066,car,396,313,787,252,0.7567,2026-08-04 05:04:38.008,2026-08-04 05:04:44.738
car_ID_4253,FLUSH,10084,car,667,261,567,267,0.6037,2026-08-04 05:04:44.627,2026-08-04 05:04:46.304
car_ID_4250,FLUSH,10067,car,374,320,781,247,0.7454,2026-08-04 05:04:41.090,2026-08-04 05:04:46.555
car_ID_4254,FLUSH,10091,car,713,245,713,245,0.5065,2026-08-04 05:04:48.630,2026-08-04 05:04:48.630
car_ID_4239,FLUSH,10029,car,401,293,370,287,0.7239,2026-08-04 05:04:24.442,2026-08-04 05:04:50.373
car_ID_4256,FLUSH,10095,car,716,246,709,246,0.5420,2026-08-04 05:04:50.298,2026-08-04 05:04:50.470
car_ID_4257,FLUSH,10094,car,767,241,761,241,0.5327,2026-08-04 05:04:51.089,2026-08-04 05:04:51.564
car_ID_4240,FLUSH,10030,car,474,283,365,289,0.7587,2026-08-04 05:04:24.759,2026-08-04 05:04:52.996
car_ID_4255,FLUSH,10093,car,641,256,427,275,0.6550,2026-08-04 05:04:50.194,2026-08-04 05:04:53.030
car_ID_4261,FLUSH,10101,car,713,248,701,248,0.5099,2026-08-04 05:04:53.067,2026-08-04 05:04:53.591
truck_ID_1025,FLUSH,10104,truck,845,300,845,300,0.5347,2026-08-04 05:04:54.497,2026-08-04 05:04:54.497
car_ID_4258,FLUSH,10098,car,1070,324,846,300,0.6946,2026-08-04 05:04:51.957,2026-08-04 05:04:54.956
car_ID_4259,FLUSH,10099,car,621,254,446,273,0.7043,2026-08-04 05:04:52.732,2026-08-04 05:04:55.902
truck_ID_1026,FLUSH,10108,truck,921,308,908,307,0.5151,2026-08-04 05:04:55.802,2026-08-04 05:04:55.934
truck_ID_1027,FLUSH,10102,truck,876,304,876,304,0.5097,2026-08-04 05:04:56.224,2026-08-04 05:04:56.224
car_ID_4265,FLUSH,10108,car,915,307,862,303,0.6751,2026-08-04 05:04:55.868,2026-08-04 05:04:56.387
car_ID_4263,FLUSH,10107,car,370,359,1014,370,0.8449,2026-08-04 05:04:54.667,2026-08-04 05:04:56.824
car_ID_4264,FLUSH,10105,car,645,258,402,280,0.7356,2026-08-04 05:04:55.056,2026-08-04 05:04:58.095
car_ID_4266,FLUSH,10115,car,666,259,662,259,0.5258,2026-08-04 05:04:59.626,2026-08-04 05:04:59.860
car_ID_4245,FLUSH,10044,car,616,262,1070,384,0.7119,2026-08-04 05:04:29.955,2026-08-04 05:04:59.998
car_ID_4262,FLUSH,10104,car,862,302,760,256,0.7002,2026-08-04 05:04:54.331,2026-08-04 05:05:00.687
car_ID_4260,FLUSH,10102,car,352,362,801,256,0.7518,2026-08-04 05:04:52.732,2026-08-04 05:05:02.558
car_ID_4268,FLUSH,10116,car,367,361,1038,380,0.8506,2026-08-04 05:05:01.363,2026-08-04 05:05:03.760
car_ID_4269,FLUSH,10117,car,958,310,754,276,0.7271,2026-08-04 05:05:01.532,2026-08-04 05:05:04.786
car_ID_4271,FLUSH,10122,car,713,246,711,246,0.5265,2026-08-04 05:05:07.891,2026-08-04 05:05:07.956
car_ID_4270,FLUSH,10118,car,971,309,804,259,0.7343,2026-08-04 05:05:03.154,2026-08-04 05:05:09.326
car_ID_4267,FLUSH,10115,car,616,261,316,311,0.6496,2026-08-04 05:05:00.957,2026-08-04 05:05:10.759
car_ID_4272,FLUSH,10123,car,655,251,453,276,0.7198,2026-08-04 05:05:09.158,2026-08-04 05:05:12.715
car_ID_4273,FLUSH,10125,car,629,259,549,267,0.6667,2026-08-04 05:05:11.962,2026-08-04 05:05:13.697
car_ID_4274,FLUSH,10129,car,316,312,314,312,0.5639,2026-08-04 05:05:15.301,2026-08-04 05:05:17.897
car_ID_4277,FLUSH,10134,car,655,275,656,276,0.5288,2026-08-04 05:05:18.893,2026-08-04 05:05:19.056
car_ID_4275,FLUSH,10131,car,596,255,451,275,0.7340,2026-08-04 05:05:16.529,2026-08-04 05:05:19.168
truck_ID_1028,FLUSH,10127,truck,420,296,796,243,0.7428,2026-08-04 05:05:13.360,2026-08-04 05:05:20.666
truck_ID_1030,FLUSH,10137,truck,539,276,540,275,0.7353,2026-08-04 05:05:20.695,2026-08-04 05:05:21.177
car_ID_4276,FLUSH,10132,car,385,343,777,274,0.7416,2026-08-04 05:05:17.289,2026-08-04 05:05:22.332
car_ID_4278,FLUSH,10138,car,315,312,314,313,0.5742,2026-08-04 05:05:21.355,2026-08-04 05:05:25.169
bus_ID_269,FLUSH,10145,bus,767,251,782,247,0.5347,2026-08-04 05:05:24.451,2026-08-04 05:05:25.233
truck_ID_1029,FLUSH,10135,truck,448,286,781,246,0.7593,2026-08-04 05:05:19.531,2026-08-04 05:05:25.379
truck_ID_1031,FLUSH,10145,truck,779,248,786,246,0.5846,2026-08-04 05:05:25.102,2026-08-04 05:05:25.922
bus_ID_270,FLUSH,10135,bus,793,245,793,245,0.5102,2026-08-04 05:05:26.621,2026-08-04 05:05:26.621
car_ID_4279,FLUSH,10148,car,370,367,979,384,0.8153,2026-08-04 05:05:29.707,2026-08-04 05:05:31.357
car_ID_4280,FLUSH,10150,car,606,266,381,289,0.7018,2026-08-04 05:05:30.942,2026-08-04 05:05:33.567
car_ID_4281,FLUSH,10151,car,1042,324,762,270,0.7723,2026-08-04 05:05:31.218,2026-08-04 05:05:36.856
car_ID_4284,FLUSH,10159,car,335,378,1049,387,0.8211,2026-08-04 05:05:37.224,2026-08-04 05:05:38.824
car_ID_4285,FLUSH,10162,car,619,254,426,277,0.7180,2026-08-04 05:05:39.197,2026-08-04 05:05:41.155
car_ID_4282,FLUSH,10155,car,982,314,794,262,0.7115,2026-08-04 05:05:34.769,2026-08-04 05:05:41.557
car_ID_4283,FLUSH,10158,car,623,267,360,297,0.7553,2026-08-04 05:05:36.538,2026-08-04 05:05:41.828
car_ID_4286,FLUSH,10165,car,617,255,414,279,0.6836,2026-08-04 05:05:40.168,2026-08-04 05:05:42.621
car_ID_4287,FLUSH,10155,car,802,259,802,259,0.5347,2026-08-04 05:05:42.721,2026-08-04 05:05:42.721
car_ID_4289,FLUSH,10168,car,722,242,707,243,0.5545,2026-08-04 05:05:44.158,2026-08-04 05:05:44.668
car_ID_4288,FLUSH,10158,car,335,312,333,312,0.5432,2026-08-04 05:05:43.925,2026-08-04 05:05:45.223
car_ID_4292,FLUSH,10158,car,337,312,466,299,0.6190,2026-08-04 05:05:47.332,2026-08-04 05:05:48.731
car_ID_4293,FLUSH,10174,car,718,251,701,250,0.5710,2026-08-04 05:05:48.295,2026-08-04 05:05:48.764
car_ID_4291,FLUSH,10169,car,625,249,425,270,0.6520,2026-08-04 05:05:46.402,2026-08-04 05:05:48.865
car_ID_4294,FLUSH,10175,car,470,299,716,260,0.7062,2026-08-04 05:05:48.295,2026-08-04 05:05:53.315
car_ID_4297,FLUSH,10178,car,620,259,386,284,0.7061,2026-08-04 05:05:50.637,2026-08-04 05:05:53.623
car_ID_4290,FLUSH,10170,car,385,343,806,257,0.7756,2026-08-04 05:05:45.960,2026-08-04 05:05:55.089
car_ID_4295,FLUSH,10173,car,325,316,797,249,0.6956,2026-08-04 05:05:48.796,2026-08-04 05:05:58.021
car_ID_4298,FLUSH,10182,car,713,252,710,252,0.5283,2026-08-04 05:05:58.834,2026-08-04 05:05:59.487
car_ID_4300,FLUSH,10187,car,334,313,330,312,0.5157,2026-08-04 05:06:05.534,2026-08-04 05:06:05.700
car_ID_4296,FLUSH,10176,car,328,312,801,254,0.6425,2026-08-04 05:05:50.458,2026-08-04 05:06:10.318
car_ID_4302,FLUSH,10190,car,335,299,626,289,0.6935,2026-08-04 05:06:09.020,2026-08-04 05:06:10.827
car_ID_4303,FLUSH,10193,car,633,289,633,289,0.5276,2026-08-04 05:06:10.860,2026-08-04 05:06:10.860
car_ID_4301,FLUSH,10187,car,331,311,783,257,0.6961,2026-08-04 05:06:08.023,2026-08-04 05:06:12.700
car_ID_4304,FLUSH,10195,car,731,273,789,259,0.5802,2026-08-04 05:06:12.062,2026-08-04 05:06:14.757
car_ID_4306,FLUSH,10200,car,603,282,603,282,0.5846,2026-08-04 05:06:17.557,2026-08-04 05:06:18.029
car_ID_4305,FLUSH,10191,car,350,311,671,276,0.7075,2026-08-04 05:06:16.215,2026-08-04 05:06:18.196
car_ID_4308,FLUSH,10199,car,335,312,335,312,0.5882,2026-08-04 05:06:19.397,2026-08-04 05:06:19.531
car_ID_4307,FLUSH,10201,car,704,273,803,257,0.6462,2026-08-04 05:06:18.546,2026-08-04 05:06:20.780
car_ID_4309,FLUSH,10199,car,314,309,314,308,0.6309,2026-08-04 05:06:20.966,2026-08-04 05:06:20.998
car_ID_4299,FLUSH,10185,car,610,267,373,296,0.7462,2026-08-04 05:06:02.609,2026-08-04 05:06:23.025
car_ID_4310,FLUSH,10208,car,378,351,1038,381,0.8544,2026-08-04 05:06:25.447,2026-08-04 05:06:27.354
car_ID_4311,FLUSH,10214,car,657,252,656,252,0.5187,2026-08-04 05:06:27.528,2026-08-04 05:06:27.562
car_ID_4312,FLUSH,10213,car,358,378,1034,395,0.8199,2026-08-04 05:06:27.562,2026-08-04 05:06:29.195
car_ID_4313,FLUSH,10216,car,619,255,387,282,0.7476,2026-08-04 05:06:28.355,2026-08-04 05:06:31.047
car_ID_4314,FLUSH,10221,car,1034,329,801,258,0.7548,2026-08-04 05:06:35.143,2026-08-04 05:06:42.138
car_ID_4316,FLUSH,10223,car,1053,326,794,299,0.7283,2026-08-04 05:06:40.734,2026-08-04 05:06:42.484
car_ID_4315,FLUSH,10222,car,963,315,800,259,0.6770,2026-08-04 05:06:38.540,2026-08-04 05:06:45.931
car_ID_4318,FLUSH,10228,car,873,303,750,275,0.6496,2026-08-04 05:06:43.790,2026-08-04 05:06:46.594
car_ID_4317,FLUSH,10225,car,827,301,736,262,0.6634,2026-08-04 05:06:42.322,2026-08-04 05:06:47.244
car_ID_4319,FLUSH,10231,car,621,255,374,283,0.7527,2026-08-04 05:06:44.764,2026-08-04 05:06:48.629
car_ID_4320,FLUSH,10232,car,981,312,804,256,0.6919,2026-08-04 05:06:44.932,2026-08-04 05:06:52.051
car_ID_4323,FLUSH,10239,car,622,300,622,300,0.6559,2026-08-04 05:06:55.864,2026-08-04 05:06:56.321
car_ID_4325,FLUSH,10242,car,552,290,553,290,0.7486,2026-08-04 05:06:58.164,2026-08-04 05:06:58.663
car_ID_4321,FLUSH,10237,car,386,341,806,257,0.7366,2026-08-04 05:06:53.899,2026-08-04 05:07:00.958
truck_ID_1032,FLUSH,10243,truck,366,298,517,279,0.6399,2026-08-04 05:06:58.261,2026-08-04 05:07:00.959
car_ID_4322,FLUSH,10238,car,360,315,780,250,0.7163,2026-08-04 05:06:55.126,2026-08-04 05:07:02.624
car_ID_4324,FLUSH,10241,car,357,313,759,257,0.6989,2026-08-04 05:06:56.490,2026-08-04 05:07:02.737
bus_ID_271,FLUSH,10244,bus,759,252,765,252,0.5496,2026-08-04 05:07:05.370,2026-08-04 05:07:05.628
bus_ID_272,FLUSH,10251,bus,765,250,765,251,0.6084,2026-08-04 05:07:05.702,2026-08-04 05:07:05.770
truck_ID_1033,FLUSH,10244,truck,484,283,768,252,0.8123,2026-08-04 05:07:00.553,2026-08-04 05:07:06.124
truck_ID_1034,FLUSH,10251,truck,759,252,787,248,0.5789,2026-08-04 05:07:05.302,2026-08-04 05:07:07.391
bus_ID_273,FLUSH,10251,bus,795,247,797,245,0.5763,2026-08-04 05:07:08.031,2026-08-04 05:07:08.366
car_ID_4327,FLUSH,10250,car,1067,351,374,332,0.8235,2026-08-04 05:07:04.951,2026-08-04 05:07:09.620
car_ID_4326,FLUSH,10247,car,387,342,781,253,0.7011,2026-08-04 05:07:02.256,2026-08-04 05:07:10.993
car_ID_4328,FLUSH,10255,car,1030,346,370,334,0.7888,2026-08-04 05:07:08.228,2026-08-04 05:07:11.403
car_ID_4329,FLUSH,10256,car,616,254,374,282,0.7953,2026-08-04 05:07:08.851,2026-08-04 05:07:13.354
car_ID_4330,FLUSH,10262,car,714,250,702,250,0.5315,2026-08-04 05:07:15.990,2026-08-04 05:07:16.768
car_ID_4332,FLUSH,10269,car,790,237,769,240,0.5295,2026-08-04 05:07:18.759,2026-08-04 05:07:19.698
car_ID_4333,FLUSH,10270,car,722,245,711,245,0.5309,2026-08-04 05:07:18.828,2026-08-04 05:07:19.849
car_ID_4335,FLUSH,10272,car,714,251,722,244,0.5347,2026-08-04 05:07:21.385,2026-08-04 05:07:22.157
car_ID_4331,FLUSH,10267,car,625,254,339,284,0.7673,2026-08-04 05:07:17.958,2026-08-04 05:07:23.188
car_ID_4336,FLUSH,10276,car,798,238,754,243,0.5420,2026-08-04 05:07:23.532,2026-08-04 05:07:25.198
car_ID_4334,FLUSH,10271,car,970,310,786,254,0.7218,2026-08-04 05:07:19.769,2026-08-04 05:07:25.411
car_ID_4337,FLUSH,10275,car,619,258,373,285,0.7353,2026-08-04 05:07:23.625,2026-08-04 05:07:25.957
car_ID_4339,FLUSH,10279,car,561,254,517,258,0.5478,2026-08-04 05:07:25.755,2026-08-04 05:07:26.888
car_ID_4340,FLUSH,10283,car,722,246,704,247,0.5351,2026-08-04 05:07:26.067,2026-08-04 05:07:26.921
car_ID_4344,FLUSH,10285,car,772,240,771,240,0.5074,2026-08-04 05:07:28.123,2026-08-04 05:07:28.206
car_ID_4342,FLUSH,10286,car,714,249,701,249,0.5074,2026-08-04 05:07:27.934,2026-08-04 05:07:28.253
car_ID_4338,FLUSH,10278,car,583,258,380,281,0.6625,2026-08-04 05:07:24.487,2026-08-04 05:07:28.354
car_ID_4345,FLUSH,10289,car,774,240,771,241,0.5551,2026-08-04 05:07:29.133,2026-08-04 05:07:29.458
car_ID_4346,FLUSH,10291,car,656,256,648,259,0.5145,2026-08-04 05:07:29.444,2026-08-04 05:07:29.955
car_ID_4347,FLUSH,10292,car,722,246,701,251,0.5523,2026-08-04 05:07:29.820,2026-08-04 05:07:31.797
car_ID_4341,FLUSH,10281,car,615,253,351,278,0.7347,2026-08-04 05:07:26.956,2026-08-04 05:07:31.895
bus_ID_274,FLUSH,10291,bus,638,249,575,249,0.6569,2026-08-04 05:07:31.056,2026-08-04 05:07:32.588
car_ID_4343,FLUSH,10288,car,670,257,455,277,0.6684,2026-08-04 05:07:28.034,2026-08-04 05:07:33.059
bus_ID_275,FLUSH,10299,bus,572,250,513,254,0.6677,2026-08-04 05:07:32.656,2026-08-04 05:07:33.769
car_ID_4349,FLUSH,10298,car,449,278,369,288,0.6197,2026-08-04 05:07:32.625,2026-08-04 05:07:34.123
car_ID_4351,FLUSH,10300,car,713,248,702,246,0.5281,2026-08-04 05:07:33.835,2026-08-04 05:07:34.833
car_ID_4348,FLUSH,10294,car,622,259,418,279,0.6758,2026-08-04 05:07:32.488,2026-08-04 05:07:34.867
bus_ID_276,FLUSH,10299,bus,398,266,398,266,0.5062,2026-08-04 05:07:35.307,2026-08-04 05:07:35.307
car_ID_4352,FLUSH,10303,car,655,256,654,258,0.5433,2026-08-04 05:07:35.822,2026-08-04 05:07:36.078
car_ID_4350,FLUSH,10297,car,625,261,385,287,0.7060,2026-08-04 05:07:33.736,2026-08-04 05:07:36.956
car_ID_4353,FLUSH,10298,car,313,305,313,305,0.5454,2026-08-04 05:07:37.192,2026-08-04 05:07:37.192
car_ID_4355,FLUSH,10308,car,795,239,795,239,0.5632,2026-08-04 05:07:37.934,2026-08-04 05:07:37.966
car_ID_4356,FLUSH,10310,car,722,245,713,247,0.5644,2026-08-04 05:07:38.601,2026-08-04 05:07:39.036
car_ID_4357,FLUSH,10314,car,713,250,711,250,0.5549,2026-08-04 05:07:40.429,2026-08-04 05:07:40.602
car_ID_4358,FLUSH,10315,car,396,314,423,311,0.5814,2026-08-04 05:07:40.748,2026-08-04 05:07:41.428
truck_ID_1035,FLUSH,10317,truck,366,323,381,316,0.5731,2026-08-04 05:07:41.223,2026-08-04 05:07:41.461
car_ID_4360,FLUSH,10318,car,669,258,669,258,0.5240,2026-08-04 05:07:41.526,2026-08-04 05:07:41.559
car_ID_4359,FLUSH,10313,car,622,253,568,260,0.7323,2026-08-04 05:07:41.091,2026-08-04 05:07:42.170
bus_ID_277,FLUSH,10319,bus,506,303,517,298,0.7485,2026-08-04 05:07:42.235,2026-08-04 05:07:42.314
car_ID_4362,FLUSH,10320,car,614,263,614,263,0.5490,2026-08-04 05:07:42.557,2026-08-04 05:07:42.557
car_ID_4354,FLUSH,10307,car,630,259,565,295,0.6306,2026-08-04 05:07:37.192,2026-08-04 05:07:43.065
truck_ID_1037,FLUSH,10307,truck,548,296,611,287,0.6001,2026-08-04 05:07:42.591,2026-08-04 05:07:43.158
car_ID_4365,FLUSH,10324,car,715,251,710,253,0.5787,2026-08-04 05:07:43.366,2026-08-04 05:07:43.542
car_ID_4363,FLUSH,10323,car,510,267,429,274,0.7267,2026-08-04 05:07:42.898,2026-08-04 05:07:43.820
car_ID_4364,FLUSH,10325,car,557,269,474,276,0.7198,2026-08-04 05:07:43.263,2026-08-04 05:07:44.095
truck_ID_1036,FLUSH,10319,truck,421,315,714,275,0.6793,2026-08-04 05:07:41.591,2026-08-04 05:07:44.597
truck_ID_1038,FLUSH,10331,truck,753,272,760,266,0.5433,2026-08-04 05:07:45.324,2026-08-04 05:07:45.865
truck_ID_1039,FLUSH,10335,truck,777,262,777,262,0.5133,2026-08-04 05:07:46.759,2026-08-04 05:07:46.759
car_ID_4367,FLUSH,10328,car,656,264,441,282,0.7279,2026-08-04 05:07:44.818,2026-08-04 05:07:47.632
car_ID_4368,FLUSH,10319,car,703,269,762,254,0.5598,2026-08-04 05:07:45.293,2026-08-04 05:07:47.989
car_ID_4369,FLUSH,10335,car,797,254,797,254,0.5062,2026-08-04 05:07:48.322,2026-08-04 05:07:48.322
car_ID_4366,FLUSH,10326,car,400,327,781,253,0.6889,2026-08-04 05:07:43.856,2026-08-04 05:07:51.159
car_ID_4370,FLUSH,10339,car,617,254,429,273,0.7261,2026-08-04 05:07:49.320,2026-08-04 05:07:52.613
car_ID_4372,FLUSH,10341,car,718,248,712,249,0.5406,2026-08-04 05:07:52.323,2026-08-04 05:07:52.694
car_ID_4373,FLUSH,10343,car,657,256,656,256,0.5339,2026-08-04 05:07:54.955,2026-08-04 05:07:55.207
car_ID_4361,FLUSH,10317,car,417,285,806,249,0.6964,2026-08-04 05:07:42.309,2026-08-04 05:07:56.795
car_ID_4371,FLUSH,10340,car,390,286,345,313,0.6783,2026-08-04 05:07:51.196,2026-08-04 05:07:59.252
car_ID_4374,FLUSH,10346,car,618,263,347,290,0.7005,2026-08-04 05:07:57.031,2026-08-04 05:08:02.559
car_ID_4378,FLUSH,10351,car,760,236,760,236,0.5204,2026-08-04 05:08:03.352,2026-08-04 05:08:03.352
car_ID_4377,FLUSH,10352,car,393,368,908,386,0.6507,2026-08-04 05:08:02.833,2026-08-04 05:08:04.432
truck_ID_1040,FLUSH,10350,truck,426,369,907,386,0.7220,2026-08-04 05:08:02.931,2026-08-04 05:08:04.432
truck_ID_1041,FLUSH,10352,truck,519,375,975,386,0.6485,2026-08-04 05:08:03.286,2026-08-04 05:08:04.617
car_ID_4376,FLUSH,10350,car,370,362,1000,387,0.6368,2026-08-04 05:08:02.651,2026-08-04 05:08:04.708
car_ID_4379,FLUSH,10355,car,339,370,1065,393,0.7535,2026-08-04 05:08:04.105,2026-08-04 05:08:07.032
car_ID_4380,FLUSH,10359,car,625,260,395,286,0.7078,2026-08-04 05:08:05.326,2026-08-04 05:08:07.759
car_ID_4375,FLUSH,10349,car,1018,331,803,262,0.7560,2026-08-04 05:08:00.961,2026-08-04 05:08:08.456
car_ID_4381,FLUSH,10360,car,344,374,1071,390,0.7827,2026-08-04 05:08:06.389,2026-08-04 05:08:09.020
car_ID_4383,FLUSH,10368,car,530,285,555,282,0.6707,2026-08-04 05:08:19.942,2026-08-04 05:08:20.126
truck_ID_1042,FLUSH,10367,truck,362,311,573,281,0.5288,2026-08-04 05:08:19.162,2026-08-04 05:08:20.254
car_ID_4382,FLUSH,10367,car,473,294,630,282,0.6063,2026-08-04 05:08:19.635,2026-08-04 05:08:20.765
car_ID_4384,FLUSH,10369,car,591,257,387,281,0.7409,2026-08-04 05:08:20.699,2026-08-04 05:08:22.889
car_ID_4385,FLUSH,10370,car,740,260,802,246,0.5809,2026-08-04 05:08:23.124,2026-08-04 05:08:25.890
car_ID_4388,FLUSH,10375,car,714,250,709,251,0.5868,2026-08-04 05:08:31.221,2026-08-04 05:08:31.466
car_ID_4386,FLUSH,10372,car,379,324,808,256,0.7786,2026-08-04 05:08:27.728,2026-08-04 05:08:33.635
car_ID_4391,FLUSH,10378,car,712,253,708,251,0.5367,2026-08-04 05:08:34.122,2026-08-04 05:08:34.394
car_ID_4389,FLUSH,10376,car,657,258,426,282,0.7199,2026-08-04 05:08:32.722,2026-08-04 05:08:35.555
car_ID_4387,FLUSH,10373,car,376,318,804,247,0.7452,2026-08-04 05:08:29.683,2026-08-04 05:08:37.225
car_ID_4390,FLUSH,10377,car,380,321,776,255,0.7441,2026-08-04 05:08:33.157,2026-08-04 05:08:38.595
car_ID_4394,FLUSH,10388,car,656,275,656,275,0.5596,2026-08-04 05:08:40.493,2026-08-04 05:08:40.493
bus_ID_278,FLUSH,10382,bus,765,250,765,250,0.7308,2026-08-04 05:08:40.845,2026-08-04 05:08:40.845
bus_ID_279,FLUSH,10389,bus,766,250,767,250,0.6131,2026-08-04 05:08:40.989,2026-08-04 05:08:41.021
car_ID_4392,FLUSH,10385,car,564,274,338,315,0.7055,2026-08-04 05:08:38.629,2026-08-04 05:08:42.082
truck_ID_1043,FLUSH,10382,truck,373,298,786,246,0.7098,2026-08-04 05:08:35.964,2026-08-04 05:08:42.319
truck_ID_1044,FLUSH,10389,truck,765,249,779,246,0.6425,2026-08-04 05:08:40.845,2026-08-04 05:08:42.319
car_ID_4393,FLUSH,10386,car,622,272,337,315,0.7338,2026-08-04 05:08:39.166,2026-08-04 05:08:44.769
car_ID_4395,FLUSH,10391,car,347,371,1002,390,0.7939,2026-08-04 05:08:45.592,2026-08-04 05:08:47.397
car_ID_4396,FLUSH,10393,car,341,364,1046,399,0.8575,2026-08-04 05:08:48.398,2026-08-04 05:08:50.027
car_ID_4397,FLUSH,10400,car,713,250,711,251,0.5715,2026-08-04 05:08:55.525,2026-08-04 05:08:55.594
car_ID_4399,FLUSH,10408,car,565,268,382,286,0.6921,2026-08-04 05:09:00.621,2026-08-04 05:09:03.037
car_ID_4400,FLUSH,10410,car,722,246,714,247,0.5169,2026-08-04 05:09:02.731,2026-08-04 05:09:03.189
car_ID_4398,FLUSH,10406,car,615,263,461,286,0.7134,2026-08-04 05:08:59.624,2026-08-04 05:09:04.026
car_ID_4401,FLUSH,10411,car,360,311,584,282,0.7118,2026-08-04 05:09:03.726,2026-08-04 05:09:05.498
car_ID_4403,FLUSH,10413,car,530,289,574,284,0.7897,2026-08-04 05:09:04.953,2026-08-04 05:09:05.499
car_ID_4404,FLUSH,10414,car,669,259,668,259,0.5320,2026-08-04 05:09:05.498,2026-08-04 05:09:05.602
car_ID_4402,FLUSH,10412,car,403,305,383,291,0.6807,2026-08-04 05:09:03.993,2026-08-04 05:09:05.766
truck_ID_1045,FLUSH,10413,truck,602,280,602,280,0.6024,2026-08-04 05:09:05.698,2026-08-04 05:09:05.942
truck_ID_1046,FLUSH,10411,truck,607,280,637,275,0.5730,2026-08-04 05:09:05.734,2026-08-04 05:09:06.119
car_ID_4406,FLUSH,10419,car,360,300,339,313,0.5418,2026-08-04 05:09:06.556,2026-08-04 05:09:07.312
car_ID_4409,FLUSH,10426,car,712,246,708,245,0.5222,2026-08-04 05:09:08.719,2026-08-04 05:09:08.852
car_ID_4407,FLUSH,10411,car,669,270,807,246,0.6418,2026-08-04 05:09:06.600,2026-08-04 05:09:11.166
car_ID_4410,FLUSH,10425,car,615,261,512,271,0.6335,2026-08-04 05:09:09.698,2026-08-04 05:09:11.332
car_ID_4412,FLUSH,10431,car,401,281,391,283,0.6078,2026-08-04 05:09:12.225,2026-08-04 05:09:12.396
car_ID_4405,FLUSH,10417,car,365,310,799,252,0.7305,2026-08-04 05:09:05.942,2026-08-04 05:09:13.255
car_ID_4411,FLUSH,10430,car,618,254,454,276,0.7476,2026-08-04 05:09:11.720,2026-08-04 05:09:15.369
car_ID_4413,FLUSH,10442,car,1101,355,339,346,0.7962,2026-08-04 05:09:22.431,2026-08-04 05:09:26.260
car_ID_4414,FLUSH,10448,car,620,253,447,276,0.7789,2026-08-04 05:09:25.789,2026-08-04 05:09:29.651
car_ID_4415,FLUSH,10461,car,654,257,654,257,0.5169,2026-08-04 05:09:33.786,2026-08-04 05:09:33.786
car_ID_4417,FLUSH,10470,car,715,250,709,251,0.5582,2026-08-04 05:09:40.774,2026-08-04 05:09:41.091
car_ID_4418,FLUSH,10471,car,1045,306,975,302,0.5912,2026-08-04 05:09:40.916,2026-08-04 05:09:41.286
truck_ID_1047,FLUSH,10471,truck,893,290,888,290,0.5097,2026-08-04 05:09:41.773,2026-08-04 05:09:41.779
car_ID_4419,FLUSH,10473,car,318,308,320,305,0.5561,2026-08-04 05:09:41.865,2026-08-04 05:09:41.931
bus_ID_280,FLUSH,10471,bus,922,293,858,289,0.6549,2026-08-04 05:09:41.560,2026-08-04 05:09:42.047
bus_ID_281,FLUSH,10472,bus,903,290,897,289,0.7109,2026-08-04 05:09:41.865,2026-08-04 05:09:42.047
car_ID_4421,FLUSH,10474,car,667,261,657,260,0.5151,2026-08-04 05:09:42.725,2026-08-04 05:09:43.059
car_ID_4422,FLUSH,10471,car,798,281,786,278,0.5579,2026-08-04 05:09:42.725,2026-08-04 05:09:43.463
car_ID_4408,FLUSH,10424,car,609,264,363,290,0.7252,2026-08-04 05:09:08.332,2026-08-04 05:09:43.822
car_ID_4420,FLUSH,10472,car,804,285,770,270,0.6377,2026-08-04 05:09:42.595,2026-08-04 05:09:43.919
bus_ID_283,FLUSH,10475,bus,771,268,770,267,0.6401,2026-08-04 05:09:44.295,2026-08-04 05:09:44.430
bus_ID_282,FLUSH,10472,bus,770,270,770,269,0.6038,2026-08-04 05:09:43.951,2026-08-04 05:09:44.527
car_ID_4416,FLUSH,10464,car,629,260,379,286,0.7331,2026-08-04 05:09:35.456,2026-08-04 05:09:46.247
car_ID_4423,FLUSH,10475,car,772,266,802,253,0.6082,2026-08-04 05:09:44.659,2026-08-04 05:09:47.098
car_ID_4426,FLUSH,10479,car,356,367,997,398,0.8280,2026-08-04 05:09:46.587,2026-08-04 05:09:48.224
car_ID_4424,FLUSH,10476,car,616,270,381,289,0.6848,2026-08-04 05:09:45.120,2026-08-04 05:09:48.555
car_ID_4427,FLUSH,10481,car,297,356,1076,385,0.7670,2026-08-04 05:09:48.089,2026-08-04 05:09:51.126
car_ID_4428,FLUSH,10486,car,373,355,1036,371,0.8088,2026-08-04 05:09:50.788,2026-08-04 05:09:52.756
car_ID_4430,FLUSH,10493,car,659,256,658,258,0.5107,2026-08-04 05:09:52.968,2026-08-04 05:09:53.519
car_ID_4429,FLUSH,10492,car,351,374,958,390,0.8164,2026-08-04 05:09:52.496,2026-08-04 05:09:54.137
car_ID_4425,FLUSH,10478,car,1058,327,806,256,0.7577,2026-08-04 05:09:46.350,2026-08-04 05:09:54.399
car_ID_4431,FLUSH,10494,car,625,255,353,284,0.7578,2026-08-04 05:09:53.620,2026-08-04 05:09:56.424
car_ID_4432,FLUSH,10496,car,363,319,771,255,0.7383,2026-08-04 05:09:57.333,2026-08-04 05:10:03.658
car_ID_4433,FLUSH,10499,car,387,338,804,259,0.7630,2026-08-04 05:10:00.406,2026-08-04 05:10:06.489
car_ID_4435,FLUSH,10510,car,714,252,712,253,0.5596,2026-08-04 05:10:09.831,2026-08-04 05:10:09.867
car_ID_4434,FLUSH,10508,car,1076,347,384,338,0.8128,2026-08-04 05:10:08.789,2026-08-04 05:10:11.959
car_ID_4437,FLUSH,10519,car,713,251,713,251,0.6024,2026-08-04 05:10:14.585,2026-08-04 05:10:14.585
car_ID_4440,FLUSH,10521,car,787,237,787,237,0.5276,2026-08-04 05:10:16.494,2026-08-04 05:10:16.494
car_ID_4436,FLUSH,10518,car,1048,326,745,278,0.7775,2026-08-04 05:10:14.256,2026-08-04 05:10:17.626
car_ID_4442,FLUSH,10521,car,761,242,761,242,0.5383,2026-08-04 05:10:17.762,2026-08-04 05:10:17.762
car_ID_4445,FLUSH,10529,car,1051,315,981,308,0.5077,2026-08-04 05:10:19.822,2026-08-04 05:10:20.156
car_ID_4443,FLUSH,10526,car,797,236,766,240,0.5705,2026-08-04 05:10:18.787,2026-08-04 05:10:20.359
car_ID_4446,FLUSH,10530,car,705,245,699,246,0.5307,2026-08-04 05:10:20.156,2026-08-04 05:10:20.500
bus_ID_285,FLUSH,10529,bus,859,295,859,295,0.6309,2026-08-04 05:10:20.993,2026-08-04 05:10:20.993
car_ID_4444,FLUSH,10527,car,767,272,794,260,0.7388,2026-08-04 05:10:18.787,2026-08-04 05:10:21.087
bus_ID_284,FLUSH,10531,bus,864,296,862,296,0.5215,2026-08-04 05:10:20.929,2026-08-04 05:10:21.419
truck_ID_1048,FLUSH,10529,truck,952,303,819,291,0.6180,2026-08-04 05:10:20.327,2026-08-04 05:10:21.419
car_ID_4438,FLUSH,10520,car,614,270,376,296,0.7709,2026-08-04 05:10:15.232,2026-08-04 05:10:21.451
car_ID_4447,FLUSH,10534,car,657,251,657,251,0.5383,2026-08-04 05:10:21.761,2026-08-04 05:10:21.761
car_ID_4439,FLUSH,10522,car,1062,321,747,259,0.6875,2026-08-04 05:10:16.192,2026-08-04 05:10:21.962
car_ID_4441,FLUSH,10523,car,627,259,391,285,0.7654,2026-08-04 05:10:17.391,2026-08-04 05:10:21.962
car_ID_4449,FLUSH,10529,car,779,286,767,280,0.6493,2026-08-04 05:10:22.161,2026-08-04 05:10:22.822
car_ID_4448,FLUSH,10535,car,722,244,701,245,0.5807,2026-08-04 05:10:21.928,2026-08-04 05:10:22.985
car_ID_4452,FLUSH,10540,car,766,270,799,255,0.5997,2026-08-04 05:10:24.389,2026-08-04 05:10:27.491
car_ID_4451,FLUSH,10534,car,620,254,344,306,0.7602,2026-08-04 05:10:23.127,2026-08-04 05:10:28.100
car_ID_4453,FLUSH,10539,car,653,249,347,279,0.7611,2026-08-04 05:10:24.682,2026-08-04 05:10:30.429
car_ID_4450,FLUSH,10536,car,982,322,801,246,0.7344,2026-08-04 05:10:22.612,2026-08-04 05:10:30.464
car_ID_4454,FLUSH,10547,car,771,242,771,242,0.5169,2026-08-04 05:10:32.079,2026-08-04 05:10:32.079
car_ID_4456,FLUSH,10551,car,714,249,713,249,0.5365,2026-08-04 05:10:34.092,2026-08-04 05:10:34.224
car_ID_4455,FLUSH,10549,car,350,361,1104,388,0.8095,2026-08-04 05:10:32.201,2026-08-04 05:10:34.495
car_ID_4458,FLUSH,10554,car,668,260,667,260,0.5026,2026-08-04 05:10:35.555,2026-08-04 05:10:35.590
car_ID_4459,FLUSH,10555,car,945,309,750,279,0.7546,2026-08-04 05:10:35.792,2026-08-04 05:10:38.665
car_ID_4457,FLUSH,10552,car,615,258,384,283,0.6638,2026-08-04 05:10:35.002,2026-08-04 05:10:38.710
car_ID_4460,FLUSH,10554,car,624,260,389,284,0.7714,2026-08-04 05:10:36.727,2026-08-04 05:10:39.724
car_ID_4461,FLUSH,10556,car,1052,319,771,273,0.7258,2026-08-04 05:10:37.023,2026-08-04 05:10:40.991
car_ID_4463,FLUSH,10556,car,791,264,803,259,0.5565,2026-08-04 05:10:42.453,2026-08-04 05:10:43.433
motorcycle_ID_9,FLUSH,10561,motorcycle,385,388,642,408,0.6624,2026-08-04 05:10:42.827,2026-08-04 05:10:43.686
bicycle_ID_2,FLUSH,10564,bicycle,576,403,741,413,0.5784,2026-08-04 05:10:43.483,2026-08-04 05:10:43.926
person_ID_21,FLUSH,10562,person,429,371,634,382,0.5860,2026-08-04 05:10:42.997,2026-08-04 05:10:44.159
motorcycle_ID_10,FLUSH,10564,motorcycle,613,406,843,411,0.6288,2026-08-04 05:10:43.555,2026-08-04 05:10:44.225
person_ID_22,FLUSH,10561,person,676,393,688,384,0.7410,2026-08-04 05:10:43.756,2026-08-04 05:10:44.289
person_ID_23,FLUSH,10565,person,755,386,859,387,0.6220,2026-08-04 05:10:43.987,2026-08-04 05:10:44.770
car_ID_4462,FLUSH,10558,car,955,310,807,258,0.7237,2026-08-04 05:10:39.754,2026-08-04 05:10:46.068
car_ID_4464,FLUSH,10569,car,714,250,710,252,0.5579,2026-08-04 05:10:47.675,2026-08-04 05:10:47.885
car_ID_4465,FLUSH,10571,car,656,260,656,260,0.5204,2026-08-04 05:10:49.898,2026-08-04 05:10:49.898
car_ID_4466,FLUSH,10574,car,612,269,596,273,0.6269,2026-08-04 05:10:52.052,2026-08-04 05:10:52.897
truck_ID_1049,FLUSH,10573,truck,346,297,520,281,0.6835,2026-08-04 05:10:51.192,2026-08-04 05:10:54.497
car_ID_4467,FLUSH,10576,car,443,284,412,291,0.6558,2026-08-04 05:10:55.325,2026-08-04 05:10:56.690
truck_ID_1052,FLUSH,10580,truck,627,265,627,265,0.6115,2026-08-04 05:11:01.230,2026-08-04 05:11:01.230
truck_ID_1050,FLUSH,10575,truck,528,281,784,250,0.7707,2026-08-04 05:10:54.601,2026-08-04 05:11:01.530
car_ID_4469,FLUSH,10578,car,314,316,313,316,0.5490,2026-08-04 05:11:03.038,2026-08-04 05:11:03.070
car_ID_4468,FLUSH,10582,car,416,328,677,288,0.7271,2026-08-04 05:11:01.570,2026-08-04 05:11:04.272
car_ID_4471,FLUSH,10588,car,713,253,711,253,0.5824,2026-08-04 05:11:07.236,2026-08-04 05:11:07.458
truck_ID_1051,FLUSH,10577,truck,370,289,790,247,0.7033,2026-08-04 05:10:57.130,2026-08-04 05:11:07.956
car_ID_4472,FLUSH,10591,car,667,260,667,260,0.5276,2026-08-04 05:11:08.606,2026-08-04 05:11:08.638
truck_ID_1054,FLUSH,10595,truck,527,281,527,281,0.6453,2026-08-04 05:11:09.863,2026-08-04 05:11:09.863
car_ID_4470,FLUSH,10585,car,751,274,806,257,0.5942,2026-08-04 05:11:06.185,2026-08-04 05:11:10.557
car_ID_4473,FLUSH,10596,car,516,269,390,283,0.6970,2026-08-04 05:11:10.728,2026-08-04 05:11:11.955
car_ID_4474,FLUSH,10600,car,705,246,705,246,0.5133,2026-08-04 05:11:13.527,2026-08-04 05:11:13.527
bus_ID_286,FLUSH,10590,bus,785,248,785,248,0.5062,2026-08-04 05:11:14.690,2026-08-04 05:11:14.791
truck_ID_1053,FLUSH,10590,truck,370,291,795,246,0.7072,2026-08-04 05:11:08.195,2026-08-04 05:11:15.717
person_ID_24,FLUSH,10607,person,645,293,645,293,0.5169,2026-08-04 05:11:15.821,2026-08-04 05:11:16.294
car_ID_4475,FLUSH,10609,car,532,266,424,276,0.6987,2026-08-04 05:11:16.835,2026-08-04 05:11:18.035
bus_ID_287,FLUSH,10602,bus,768,250,768,250,0.5953,2026-08-04 05:11:19.733,2026-08-04 05:11:19.765
truck_ID_1055,FLUSH,10602,truck,359,297,779,248,0.7424,2026-08-04 05:11:14.422,2026-08-04 05:11:20.321
car_ID_4477,FLUSH,10615,car,713,247,700,249,0.5162,2026-08-04 05:11:20.288,2026-08-04 05:11:20.763
truck_ID_1056,FLUSH,10613,truck,759,252,791,246,0.6598,2026-08-04 05:11:19.158,2026-08-04 05:11:21.072
car_ID_4478,FLUSH,10617,car,659,251,656,252,0.5810,2026-08-04 05:11:22.030,2026-08-04 05:11:22.226
car_ID_4476,FLUSH,10611,car,617,255,382,280,0.7541,2026-08-04 05:11:17.557,2026-08-04 05:11:23.058
car_ID_4480,FLUSH,10622,car,721,245,708,246,0.5493,2026-08-04 05:11:22.888,2026-08-04 05:11:23.598
car_ID_4482,FLUSH,10625,car,708,245,699,245,0.5269,2026-08-04 05:11:24.851,2026-08-04 05:11:25.286
car_ID_4481,FLUSH,10623,car,619,254,462,272,0.6824,2026-08-04 05:11:23.198,2026-08-04 05:11:26.499
car_ID_4485,FLUSH,10632,car,774,240,762,243,0.5115,2026-08-04 05:11:28.138,2026-08-04 05:11:28.824
car_ID_4483,FLUSH,10627,car,654,251,404,272,0.7327,2026-08-04 05:11:25.424,2026-08-04 05:11:30.425
car_ID_4486,FLUSH,10634,car,713,249,709,249,0.5338,2026-08-04 05:11:30.261,2026-08-04 05:11:30.425
car_ID_4484,FLUSH,10630,car,656,251,418,276,0.7361,2026-08-04 05:11:26.533,2026-08-04 05:11:31.596
car_ID_4487,FLUSH,10641,car,626,257,441,281,0.6500,2026-08-04 05:11:32.822,2026-08-04 05:11:35.553
car_ID_4489,FLUSH,10647,car,714,249,710,249,0.5261,2026-08-04 05:11:35.727,2026-08-04 05:11:35.857
car_ID_4488,FLUSH,10649,car,670,258,656,252,0.5411,2026-08-04 05:11:35.585,2026-08-04 05:11:35.890
car_ID_4490,FLUSH,10654,car,619,254,619,254,0.5525,2026-08-04 05:11:37.364,2026-08-04 05:11:37.364
car_ID_4491,FLUSH,10655,car,657,256,657,256,0.5133,2026-08-04 05:11:37.763,2026-08-04 05:11:37.823
car_ID_4492,FLUSH,10656,car,712,251,711,253,0.5784,2026-08-04 05:11:38.310,2026-08-04 05:11:38.429
car_ID_4495,FLUSH,10659,car,615,263,614,264,0.5133,2026-08-04 05:11:40.604,2026-08-04 05:11:40.666
car_ID_4493,FLUSH,10654,car,551,266,436,278,0.6362,2026-08-04 05:11:39.420,2026-08-04 05:11:40.956
car_ID_4496,FLUSH,10664,car,495,276,440,282,0.7051,2026-08-04 05:11:41.999,2026-08-04 05:11:42.968
car_ID_4497,FLUSH,10665,car,796,237,768,242,0.5243,2026-08-04 05:11:42.170,2026-08-04 05:11:43.432
car_ID_4498,FLUSH,10669,car,715,248,708,247,0.5300,2026-08-04 05:11:45.259,2026-08-04 05:11:45.424
car_ID_4500,FLUSH,10672,car,669,259,669,259,0.5026,2026-08-04 05:11:46.522,2026-08-04 05:11:46.586
car_ID_4501,FLUSH,10673,car,616,256,548,266,0.6239,2026-08-04 05:11:47.779,2026-08-04 05:11:49.215
car_ID_4502,FLUSH,10680,car,1053,349,414,342,0.7585,2026-08-04 05:12:00.428,2026-08-04 05:12:02.660
truck_ID_1057,FLUSH,10681,truck,736,343,730,343,0.5477,2026-08-04 05:12:03.180,2026-08-04 05:12:03.188
truck_ID_1058,FLUSH,10683,truck,730,342,730,342,0.5327,2026-08-04 05:12:03.215,2026-08-04 05:12:03.389
car_ID_4505,FLUSH,10683,car,659,342,659,342,0.6340,2026-08-04 05:12:03.421,2026-08-04 05:12:03.895
car_ID_4506,FLUSH,10685,car,459,338,416,337,0.6501,2026-08-04 05:12:03.996,2026-08-04 05:12:04.165
car_ID_4503,FLUSH,10681,car,1034,346,412,337,0.7542,2026-08-04 05:12:02.092,2026-08-04 05:12:04.197
car_ID_4508,FLUSH,10689,car,874,305,865,304,0.7047,2026-08-04 05:12:08.065,2026-08-04 05:12:08.700
car_ID_4504,FLUSH,10684,car,998,320,729,270,0.7145,2026-08-04 05:12:03.180,2026-08-04 05:12:09.700
car_ID_4507,FLUSH,10688,car,997,320,748,277,0.6889,2026-08-04 05:12:06.898,2026-08-04 05:12:12.032
car_ID_4510,FLUSH,10692,car,965,317,770,289,0.7275,2026-08-04 05:12:11.965,2026-08-04 05:12:14.725
car_ID_4509,FLUSH,10690,car,1085,329,753,272,0.7678,2026-08-04 05:12:08.637,2026-08-04 05:12:14.826
car_ID_4512,FLUSH,10700,car,655,252,654,252,0.5276,2026-08-04 05:12:15.501,2026-08-04 05:12:15.687
car_ID_4479,FLUSH,10621,car,624,265,382,291,0.6181,2026-08-04 05:11:22.530,2026-08-04 05:12:16.727
car_ID_4514,FLUSH,10704,car,796,260,797,259,0.5216,2026-08-04 05:12:16.694,2026-08-04 05:12:16.934
car_ID_4513,FLUSH,10690,car,744,263,749,259,0.5753,2026-08-04 05:12:16.360,2026-08-04 05:12:17.258
car_ID_4517,FLUSH,10706,car,656,253,653,253,0.5554,2026-08-04 05:12:16.969,2026-08-04 05:12:17.295
car_ID_4516,FLUSH,10705,car,722,245,700,248,0.5674,2026-08-04 05:12:16.728,2026-08-04 05:12:17.896
truck_ID_1059,FLUSH,10709,truck,848,298,848,298,0.6773,2026-08-04 05:12:18.488,2026-08-04 05:12:18.520
car_ID_4511,FLUSH,10696,car,996,319,769,272,0.7405,2026-08-04 05:12:13.561,2026-08-04 05:12:18.961
car_ID_4520,FLUSH,10709,car,832,299,798,292,0.5775,2026-08-04 05:12:18.371,2026-08-04 05:12:19.126
truck_ID_1060,FLUSH,10707,truck,838,297,796,292,0.5917,2026-08-04 05:12:18.589,2026-08-04 05:12:19.159
car_ID_4499,FLUSH,10671,car,619,269,501,275,0.6522,2026-08-04 05:11:46.000,2026-08-04 05:12:19.327
car_ID_4519,FLUSH,10708,car,617,255,507,270,0.7107,2026-08-04 05:12:18.188,2026-08-04 05:12:20.593
car_ID_4494,FLUSH,10655,car,615,263,366,288,0.6159,2026-08-04 05:11:39.592,2026-08-04 05:12:20.830
car_ID_4521,FLUSH,10714,car,362,363,1091,383,0.8524,2026-08-04 05:12:19.733,2026-08-04 05:12:21.796
car_ID_4515,FLUSH,10702,car,619,255,379,289,0.6768,2026-08-04 05:12:16.728,2026-08-04 05:12:22.754
car_ID_4526,FLUSH,10722,car,779,238,777,238,0.5294,2026-08-04 05:12:23.194,2026-08-04 05:12:23.324
car_ID_4527,FLUSH,10723,car,716,249,710,250,0.5759,2026-08-04 05:12:23.467,2026-08-04 05:12:23.734
car_ID_4524,FLUSH,10720,car,352,377,990,398,0.8467,2026-08-04 05:12:22.401,2026-08-04 05:12:23.968
car_ID_4522,FLUSH,10712,car,622,253,370,283,0.7769,2026-08-04 05:12:20.331,2026-08-04 05:12:24.289
car_ID_4523,FLUSH,10719,car,942,307,743,277,0.6477,2026-08-04 05:12:21.563,2026-08-04 05:12:24.289
car_ID_4518,FLUSH,10707,car,1056,321,806,254,0.6847,2026-08-04 05:12:16.969,2026-08-04 05:12:25.555
car_ID_4528,FLUSH,10727,car,721,245,699,247,0.5596,2026-08-04 05:12:25.127,2026-08-04 05:12:26.094
car_ID_4530,FLUSH,10729,car,368,370,1016,388,0.8167,2026-08-04 05:12:25.301,2026-08-04 05:12:27.254
car_ID_4533,FLUSH,10732,car,656,251,655,252,0.5145,2026-08-04 05:12:27.190,2026-08-04 05:12:27.254
car_ID_4532,FLUSH,10733,car,391,356,983,382,0.8544,2026-08-04 05:12:27.089,2026-08-04 05:12:28.689
car_ID_4531,FLUSH,10726,car,612,253,435,274,0.6633,2026-08-04 05:12:25.522,2026-08-04 05:12:29.398
car_ID_4525,FLUSH,10721,car,928,314,808,258,0.7011,2026-08-04 05:12:23.054,2026-08-04 05:12:29.786
car_ID_4534,FLUSH,10734,car,617,254,380,282,0.7309,2026-08-04 05:12:28.065,2026-08-04 05:12:32.301
car_ID_4529,FLUSH,10728,car,659,256,314,312,0.6942,2026-08-04 05:12:25.128,2026-08-04 05:12:32.481
truck_ID_1061,FLUSH,10740,truck,582,299,584,299,0.5989,2026-08-04 05:12:37.362,2026-08-04 05:12:37.394
car_ID_4539,FLUSH,10743,car,610,282,657,274,0.5724,2026-08-04 05:12:36.684,2026-08-04 05:12:37.699
car_ID_4536,FLUSH,10739,car,610,256,397,279,0.6453,2026-08-04 05:12:34.696,2026-08-04 05:12:37.952
car_ID_4542,FLUSH,10745,car,633,291,633,291,0.5665,2026-08-04 05:12:37.979,2026-08-04 05:12:38.456
car_ID_4537,FLUSH,10740,car,343,334,693,291,0.7176,2026-08-04 05:12:35.396,2026-08-04 05:12:38.993
car_ID_4541,FLUSH,10747,car,391,308,513,288,0.5604,2026-08-04 05:12:37.979,2026-08-04 05:12:38.993
car_ID_4535,FLUSH,10738,car,384,334,756,273,0.7041,2026-08-04 05:12:34.190,2026-08-04 05:12:39.316
car_ID_4538,FLUSH,10742,car,315,315,685,277,0.7499,2026-08-04 05:12:36.297,2026-08-04 05:12:40.533
car_ID_4544,FLUSH,10753,car,312,311,315,313,0.5276,2026-08-04 05:12:40.297,2026-08-04 05:12:40.665
car_ID_4545,FLUSH,10754,car,611,282,713,266,0.6203,2026-08-04 05:12:40.365,2026-08-04 05:12:42.757
truck_ID_1062,FLUSH,10756,truck,554,287,582,283,0.5971,2026-08-04 05:12:42.998,2026-08-04 05:12:43.305
car_ID_4548,FLUSH,10758,car,479,296,577,284,0.6451,2026-08-04 05:12:42.321,2026-08-04 05:12:43.723
car_ID_4547,FLUSH,10756,car,404,305,629,276,0.6798,2026-08-04 05:12:41.768,2026-08-04 05:12:43.922
car_ID_4546,FLUSH,10752,car,755,272,802,255,0.5841,2026-08-04 05:12:40.501,2026-08-04 05:12:44.324
car_ID_4543,FLUSH,10750,car,386,311,717,263,0.7340,2026-08-04 05:12:39.896,2026-08-04 05:12:45.033
car_ID_4551,FLUSH,10754,car,744,261,761,256,0.5446,2026-08-04 05:12:44.093,2026-08-04 05:12:45.288
car_ID_4540,FLUSH,10746,car,337,346,806,259,0.7441,2026-08-04 05:12:37.765,2026-08-04 05:12:47.059
car_ID_4552,FLUSH,10767,car,376,312,608,281,0.7819,2026-08-04 05:12:46.037,2026-08-04 05:12:47.567
car_ID_4549,FLUSH,10757,car,395,341,805,259,0.7285,2026-08-04 05:12:42.725,2026-08-04 05:12:50.297
car_ID_4550,FLUSH,10760,car,416,306,777,251,0.6746,2026-08-04 05:12:43.369,2026-08-04 05:12:50.756
car_ID_4553,FLUSH,10770,car,597,283,781,251,0.6381,2026-08-04 05:12:47.467,2026-08-04 05:12:52.915
car_ID_4554,FLUSH,10774,car,667,260,401,282,0.7467,2026-08-04 05:12:49.896,2026-08-04 05:12:53.489
car_ID_4555,FLUSH,10775,car,312,317,783,247,0.7067,2026-08-04 05:12:52.693,2026-08-04 05:12:58.631
bus_ID_288,FLUSH,10782,bus,1058,281,1055,282,0.5875,2026-08-04 05:13:01.199,2026-08-04 05:13:01.430
car_ID_4556,FLUSH,10782,car,1043,350,323,323,0.7432,2026-08-04 05:13:01.856,2026-08-04 05:13:05.295
car_ID_4558,FLUSH,10792,car,1000,350,407,343,0.8064,2026-08-04 05:13:05.194,2026-08-04 05:13:07.293
car_ID_4557,FLUSH,10790,car,622,255,391,283,0.7409,2026-08-04 05:13:03.724,2026-08-04 05:13:08.163
car_ID_4559,FLUSH,10803,car,654,253,654,253,0.5596,2026-08-04 05:13:10.111,2026-08-04 05:13:10.111
car_ID_4562,FLUSH,10810,car,1000,339,435,331,0.7375,2026-08-04 05:13:13.496,2026-08-04 05:13:15.012
car_ID_4560,FLUSH,10801,car,782,296,793,264,0.6878,2026-08-04 05:13:10.355,2026-08-04 05:13:15.598
car_ID_4561,FLUSH,10804,car,616,255,424,281,0.7037,2026-08-04 05:13:11.064,2026-08-04 05:13:15.761
bus_ID_289,FLUSH,10793,bus,1036,281,803,241,0.7402,2026-08-04 05:13:05.533,2026-08-04 05:13:16.565
car_ID_4563,FLUSH,10815,car,722,242,703,245,0.5702,2026-08-04 05:13:15.956,2026-08-04 05:13:17.048
car_ID_4565,FLUSH,10824,car,712,252,710,252,0.5692,2026-08-04 05:13:23.535,2026-08-04 05:13:23.597
car_ID_4564,FLUSH,10819,car,628,248,348,278,0.6372,2026-08-04 05:13:19.364,2026-08-04 05:13:25.268
car_ID_4568,FLUSH,10832,car,347,366,359,366,0.6303,2026-08-04 05:13:27.391,2026-08-04 05:13:27.492
car_ID_4569,FLUSH,10833,car,347,364,1058,396,0.8479,2026-08-04 05:13:27.423,2026-08-04 05:13:29.210
car_ID_4567,FLUSH,10831,car,604,267,390,291,0.6384,2026-08-04 05:13:26.598,2026-08-04 05:13:29.367
car_ID_4566,FLUSH,10825,car,955,313,804,261,0.7625,2026-08-04 05:13:23.970,2026-08-04 05:13:31.320
car_ID_4570,FLUSH,10837,car,369,362,984,385,0.7777,2026-08-04 05:13:31.996,2026-08-04 05:13:33.919
car_ID_4572,FLUSH,10846,car,361,315,648,275,0.8057,2026-08-04 05:13:38.427,2026-08-04 05:13:41.388
car_ID_4571,FLUSH,10844,car,398,340,803,261,0.7320,2026-08-04 05:13:37.955,2026-08-04 05:13:43.128
truck_ID_1064,FLUSH,10849,truck,457,299,537,290,0.6367,2026-08-04 05:13:43.302,2026-08-04 05:13:43.790
car_ID_4573,FLUSH,10849,car,363,312,600,281,0.6837,2026-08-04 05:13:42.897,2026-08-04 05:13:44.291
car_ID_4574,FLUSH,10850,car,436,302,608,279,0.5911,2026-08-04 05:13:43.226,2026-08-04 05:13:44.424
truck_ID_1065,FLUSH,10850,truck,475,297,623,277,0.5460,2026-08-04 05:13:43.401,2026-08-04 05:13:44.516
car_ID_4575,FLUSH,10853,car,701,269,711,266,0.6237,2026-08-04 05:13:44.359,2026-08-04 05:13:46.163
truck_ID_1063,FLUSH,10848,truck,403,297,798,245,0.7161,2026-08-04 05:13:41.190,2026-08-04 05:13:46.558
car_ID_4576,FLUSH,10853,car,743,259,800,248,0.6727,2026-08-04 05:13:47.462,2026-08-04 05:13:49.996
car_ID_4577,FLUSH,10858,car,610,256,579,261,0.5837,2026-08-04 05:13:49.523,2026-08-04 05:13:50.464
bus_ID_290,FLUSH,10859,bus,539,279,557,275,0.6528,2026-08-04 05:13:50.857,2026-08-04 05:13:50.955
truck_ID_1066,FLUSH,10859,truck,431,294,607,271,0.6391,2026-08-04 05:13:50.027,2026-08-04 05:13:51.333
bus_ID_291,FLUSH,10862,bus,613,269,613,269,0.5027,2026-08-04 05:13:51.369,2026-08-04 05:13:51.369
car_ID_4578,FLUSH,10863,car,421,277,421,277,0.5810,2026-08-04 05:13:51.398,2026-08-04 05:13:51.398
bus_ID_292,FLUSH,10867,bus,732,255,732,255,0.5917,2026-08-04 05:13:52.826,2026-08-04 05:13:52.826
car_ID_4580,FLUSH,10868,car,608,276,608,276,0.5632,2026-08-04 05:13:52.867,2026-08-04 05:13:52.867
car_ID_4579,FLUSH,10865,car,383,313,671,274,0.7886,2026-08-04 05:13:51.833,2026-08-04 05:13:54.260
truck_ID_1067,FLUSH,10862,truck,569,275,778,250,0.7344,2026-08-04 05:13:51.067,2026-08-04 05:13:54.598
bus_ID_293,FLUSH,10867,bus,767,251,789,247,0.6033,2026-08-04 05:13:54.096,2026-08-04 05:13:55.357
truck_ID_1068,FLUSH,10867,truck,734,255,789,246,0.6509,2026-08-04 05:13:52.867,2026-08-04 05:13:55.456
bus_ID_294,FLUSH,10862,bus,774,250,817,240,0.6278,2026-08-04 05:13:54.333,2026-08-04 05:13:57.203
car_ID_4581,FLUSH,10870,car,707,269,798,248,0.6743,2026-08-04 05:13:54.957,2026-08-04 05:13:59.020
car_ID_4582,FLUSH,10875,car,979,315,787,252,0.7151,2026-08-04 05:14:02.933,2026-08-04 05:14:12.161
car_ID_4583,FLUSH,10879,car,655,255,319,310,0.6939,2026-08-04 05:14:08.503,2026-08-04 05:14:13.830
car_ID_4584,FLUSH,10895,car,715,250,711,251,0.5288,2026-08-04 05:14:26.776,2026-08-04 05:14:26.953
car_ID_4586,FLUSH,10901,car,443,324,617,297,0.5784,2026-08-04 05:14:29.612,2026-08-04 05:14:30.600
car_ID_4585,FLUSH,10900,car,618,261,558,267,0.6573,2026-08-04 05:14:29.197,2026-08-04 05:14:30.698
truck_ID_1070,FLUSH,10903,truck,518,296,513,295,0.6153,2026-08-04 05:14:30.461,2026-08-04 05:14:30.831
truck_ID_1069,FLUSH,10902,truck,369,315,625,281,0.6892,2026-08-04 05:14:29.855,2026-08-04 05:14:31.255
car_ID_4587,FLUSH,10903,car,528,311,390,286,0.6524,2026-08-04 05:14:30.028,2026-08-04 05:14:32.333
truck_ID_1071,FLUSH,10910,truck,606,247,561,252,0.6394,2026-08-04 05:14:34.469,2026-08-04 05:14:35.694
truck_ID_1072,FLUSH,10911,truck,559,252,456,261,0.6781,2026-08-04 05:14:35.693,2026-08-04 05:14:37.329
car_ID_4588,FLUSH,10912,car,610,262,397,284,0.7072,2026-08-04 05:14:38.256,2026-08-04 05:14:40.186
car_ID_4589,FLUSH,10914,car,615,256,386,279,0.7442,2026-08-04 05:14:38.724,2026-08-04 05:14:41.459
car_ID_4591,FLUSH,10919,car,790,237,789,237,0.5240,2026-08-04 05:14:43.542,2026-08-04 05:14:43.548
car_ID_4590,FLUSH,10918,car,611,264,406,284,0.6938,2026-08-04 05:14:41.628,2026-08-04 05:14:43.692
car_ID_4592,FLUSH,10922,car,711,247,711,247,0.5102,2026-08-04 05:14:46.520,2026-08-04 05:14:46.520
car_ID_4593,FLUSH,10924,car,612,255,389,281,0.7129,2026-08-04 05:14:46.720,2026-08-04 05:14:50.128
car_ID_4595,FLUSH,10929,car,383,339,806,256,0.7470,2026-08-04 05:14:52.663,2026-08-04 05:14:58.122
car_ID_4594,FLUSH,10926,car,615,255,779,253,0.7172,2026-08-04 05:14:49.187,2026-08-04 05:14:58.528
car_ID_4596,FLUSH,10936,car,781,240,762,242,0.5250,2026-08-04 05:15:03.359,2026-08-04 05:15:04.096
car_ID_4597,FLUSH,10938,car,612,256,553,265,0.6063,2026-08-04 05:15:03.928,2026-08-04 05:15:05.630
car_ID_4598,FLUSH,10939,car,778,239,764,242,0.5169,2026-08-04 05:15:05.129,2026-08-04 05:15:05.771
car_ID_4599,FLUSH,10940,car,715,248,709,247,0.5234,2026-08-04 05:15:05.738,2026-08-04 05:15:06.057
truck_ID_1073,FLUSH,10941,truck,369,300,547,276,0.5633,2026-08-04 05:15:04.857,2026-08-04 05:15:06.057
car_ID_4600,FLUSH,10942,car,421,277,421,277,0.5632,2026-08-04 05:15:06.425,2026-08-04 05:15:06.425
truck_ID_1074,FLUSH,10948,truck,761,256,778,250,0.6129,2026-08-04 05:15:08.429,2026-08-04 05:15:09.400
bus_ID_295,FLUSH,10950,bus,791,246,791,246,0.5703,2026-08-04 05:15:10.144,2026-08-04 05:15:10.144
car_ID_4604,FLUSH,10956,car,445,276,420,278,0.6434,2026-08-04 05:15:13.294,2026-08-04 05:15:13.597
car_ID_4602,FLUSH,10949,car,621,269,365,297,0.7196,2026-08-04 05:15:08.429,2026-08-04 05:15:14.621
car_ID_4601,FLUSH,10945,car,656,262,445,277,0.6757,2026-08-04 05:15:08.429,2026-08-04 05:15:14.927
car_ID_4603,FLUSH,10951,car,372,318,796,249,0.7299,2026-08-04 05:15:09.078,2026-08-04 05:15:14.963
car_ID_4606,FLUSH,10958,car,797,239,797,239,0.5276,2026-08-04 05:15:16.327,2026-08-04 05:15:16.830
car_ID_4607,FLUSH,10945,car,435,278,436,280,0.6284,2026-08-04 05:15:16.526,2026-08-04 05:15:17.862
car_ID_4605,FLUSH,10959,car,446,278,435,278,0.6508,2026-08-04 05:15:14.992,2026-08-04 05:15:19.562
car_ID_4610,FLUSH,10966,car,713,250,710,251,0.5480,2026-08-04 05:15:22.543,2026-08-04 05:15:23.226
car_ID_4611,FLUSH,10969,car,1098,353,338,339,0.8304,2026-08-04 05:15:23.838,2026-08-04 05:15:27.023
car_ID_4609,FLUSH,10959,car,435,278,436,278,0.6448,2026-08-04 05:15:21.524,2026-08-04 05:15:30.363
car_ID_4616,FLUSH,10983,car,679,351,665,349,0.7170,2026-08-04 05:15:32.458,2026-08-04 05:15:32.965
car_ID_4613,FLUSH,10980,car,1043,353,365,346,0.7489,2026-08-04 05:15:31.610,2026-08-04 05:15:33.703
car_ID_4615,FLUSH,10977,car,356,298,360,297,0.5195,2026-08-04 05:15:32.458,2026-08-04 05:15:33.881
car_ID_4618,FLUSH,10993,car,723,245,711,247,0.5411,2026-08-04 05:15:38.462,2026-08-04 05:15:38.995
car_ID_4614,FLUSH,10959,car,436,278,436,280,0.6559,2026-08-04 05:15:32.163,2026-08-04 05:15:39.067
car_ID_4617,FLUSH,10986,car,971,317,809,260,0.7259,2026-08-04 05:15:34.263,2026-08-04 05:15:41.291
car_ID_4620,FLUSH,10998,car,318,305,318,305,0.5525,2026-08-04 05:15:42.758,2026-08-04 05:15:42.758
car_ID_4619,FLUSH,10997,car,616,255,539,265,0.6909,2026-08-04 05:15:41.660,2026-08-04 05:15:43.165
car_ID_4608,FLUSH,10945,car,435,278,391,285,0.6488,2026-08-04 05:15:19.602,2026-08-04 05:15:43.859
car_ID_4621,FLUSH,11001,car,477,273,446,277,0.6340,2026-08-04 05:15:43.859,2026-08-04 05:15:44.327
car_ID_4612,FLUSH,10976,car,616,267,376,290,0.7011,2026-08-04 05:15:28.032,2026-08-04 05:15:47.398
car_ID_4622,FLUSH,11005,car,363,369,1052,393,0.7901,2026-08-04 05:15:45.731,2026-08-04 05:15:47.819
car_ID_4623,FLUSH,11008,car,795,235,760,238,0.5218,2026-08-04 05:15:46.621,2026-08-04 05:15:47.819
car_ID_4624,FLUSH,11010,car,321,316,315,310,0.5620,2026-08-04 05:15:48.325,2026-08-04 05:15:48.626
car_ID_4626,FLUSH,11012,car,722,243,706,244,0.5760,2026-08-04 05:15:48.868,2026-08-04 05:15:49.592
car_ID_4625,FLUSH,11011,car,346,375,1081,400,0.8155,2026-08-04 05:15:48.425,2026-08-04 05:15:50.685
truck_ID_1075,FLUSH,11016,truck,685,378,702,377,0.7053,2026-08-04 05:15:51.403,2026-08-04 05:15:51.465
truck_ID_1076,FLUSH,11021,truck,740,376,744,376,0.6603,2026-08-04 05:15:51.533,2026-08-04 05:15:51.565
car_ID_4627,FLUSH,11016,car,366,351,995,380,0.7277,2026-08-04 05:15:50.234,2026-08-04 05:15:52.160
car_ID_4629,FLUSH,11021,car,590,372,1023,383,0.7187,2026-08-04 05:15:51.159,2026-08-04 05:15:52.220
car_ID_4628,FLUSH,11019,car,668,251,556,263,0.6247,2026-08-04 05:15:50.887,2026-08-04 05:15:54.750
car_ID_4630,FLUSH,11025,car,350,369,991,388,0.8411,2026-08-04 05:15:52.900,2026-08-04 05:15:54.881
car_ID_4631,FLUSH,11030,car,534,264,528,264,0.5746,2026-08-04 05:15:55.186,2026-08-04 05:15:55.361
truck_ID_1077,FLUSH,11019,truck,548,263,523,265,0.5193,2026-08-04 05:15:54.922,2026-08-04 05:15:55.457
truck_ID_1078,FLUSH,11030,truck,519,266,518,266,0.5133,2026-08-04 05:15:55.529,2026-08-04 05:15:55.561
car_ID_4632,FLUSH,11019,car,498,267,431,273,0.5350,2026-08-04 05:15:55.935,2026-08-04 05:15:57.311
car_ID_4633,FLUSH,11031,car,479,268,428,274,0.5646,2026-08-04 05:15:56.289,2026-08-04 05:15:57.310
truck_ID_1079,FLUSH,11031,truck,354,299,331,297,0.5320,2026-08-04 05:15:58.919,2026-08-04 05:15:59.963
truck_ID_1080,FLUSH,11039,truck,328,297,328,297,0.5490,2026-08-04 05:16:00.288,2026-08-04 05:16:00.321
car_ID_4634,FLUSH,11033,car,398,342,803,257,0.7440,2026-08-04 05:15:56.962,2026-08-04 05:16:03.760
car_ID_4635,FLUSH,11049,car,1012,342,793,341,0.7365,2026-08-04 05:16:06.735,2026-08-04 05:16:07.981
truck_ID_1081,FLUSH,11049,truck,762,341,758,341,0.5102,2026-08-04 05:16:08.130,2026-08-04 05:16:08.162
car_ID_4636,FLUSH,11051,car,759,341,428,331,0.7416,2026-08-04 05:16:08.162,2026-08-04 05:16:09.650
car_ID_4638,FLUSH,11064,car,715,249,711,248,0.5211,2026-08-04 05:16:12.989,2026-08-04 05:16:13.226
car_ID_4637,FLUSH,11053,car,1078,328,805,256,0.7760,2026-08-04 05:16:08.614,2026-08-04 05:16:17.124
car_ID_4639,FLUSH,11067,car,619,261,384,284,0.6331,2026-08-04 05:16:16.189,2026-08-04 05:16:21.322
car_ID_4640,FLUSH,11073,car,462,284,409,288,0.5741,2026-08-04 05:16:20.427,2026-08-04 05:16:22.920
car_ID_4642,FLUSH,11079,car,634,253,544,261,0.6217,2026-08-04 05:16:25.791,2026-08-04 05:16:27.091
car_ID_4641,FLUSH,11073,car,401,292,397,293,0.5622,2026-08-04 05:16:25.231,2026-08-04 05:16:29.164
car_ID_4645,FLUSH,11086,car,402,296,402,296,0.5775,2026-08-04 05:16:30.161,2026-08-04 05:16:30.225
car_ID_4644,FLUSH,11085,car,389,336,801,259,0.7407,2026-08-04 05:16:29.765,2026-08-04 05:16:33.922
car_ID_4649,FLUSH,11098,car,526,302,530,302,0.5133,2026-08-04 05:16:35.655,2026-08-04 05:16:35.793
truck_ID_1082,FLUSH,11096,truck,393,322,605,289,0.6473,2026-08-04 05:16:35.211,2026-08-04 05:16:36.026
car_ID_4647,FLUSH,11086,car,388,316,687,280,0.7783,2026-08-04 05:16:34.392,2026-08-04 05:16:36.116
car_ID_4648,FLUSH,11094,car,390,301,399,293,0.5950,2026-08-04 05:16:34.634,2026-08-04 05:16:36.230
truck_ID_1083,FLUSH,11098,truck,594,290,669,279,0.5899,2026-08-04 05:16:35.961,2026-08-04 05:16:36.473
car_ID_4653,FLUSH,11094,car,397,297,397,291,0.5793,2026-08-04 05:16:37.434,2026-08-04 05:16:37.972
car_ID_4652,FLUSH,11105,car,751,269,787,259,0.6640,2026-08-04 05:16:37.399,2026-08-04 05:16:38.548
car_ID_4654,FLUSH,11108,car,790,258,801,254,0.5703,2026-08-04 05:16:38.702,2026-08-04 05:16:39.154
car_ID_4650,FLUSH,11103,car,393,337,804,258,0.7429,2026-08-04 05:16:37.155,2026-08-04 05:16:41.897
car_ID_4655,FLUSH,11110,car,1083,346,1082,344,0.7490,2026-08-04 05:16:40.333,2026-08-04 05:16:43.501
car_ID_4657,FLUSH,11120,car,799,344,502,339,0.6458,2026-08-04 05:16:45.732,2026-08-04 05:16:46.928
truck_ID_1085,FLUSH,11120,truck,828,344,448,337,0.6577,2026-08-04 05:16:45.633,2026-08-04 05:16:47.127
truck_ID_1084,FLUSH,11091,truck,834,344,424,337,0.6434,2026-08-04 05:16:45.596,2026-08-04 05:16:47.229
car_ID_4646,FLUSH,11091,car,1084,345,404,336,0.7129,2026-08-04 05:16:32.987,2026-08-04 05:16:47.826
car_ID_4658,FLUSH,11126,car,612,256,504,269,0.7356,2026-08-04 05:16:47.711,2026-08-04 05:16:50.269
car_ID_4643,FLUSH,11080,car,1103,348,879,302,0.7162,2026-08-04 05:16:26.198,2026-08-04 05:16:50.514
car_ID_4659,FLUSH,11128,car,846,300,807,256,0.7455,2026-08-04 05:16:50.506,2026-08-04 05:16:58.434
car_ID_4656,FLUSH,11094,car,397,292,383,296,0.5792,2026-08-04 05:16:41.430,2026-08-04 05:17:05.196
car_ID_4651,FLUSH,11102,car,614,266,457,288,0.7315,2026-08-04 05:16:37.399,2026-08-04 05:17:06.460
car_ID_4661,FLUSH,11143,car,371,335,385,336,0.5440,2026-08-04 05:17:06.389,2026-08-04 05:17:06.496
bus_ID_296,FLUSH,11143,bus,413,338,414,338,0.6378,2026-08-04 05:17:06.629,2026-08-04 05:17:06.662
car_ID_4660,FLUSH,11144,car,353,334,777,355,0.5803,2026-08-04 05:17:06.294,2026-08-04 05:17:07.623
car_ID_4663,FLUSH,11143,car,881,357,881,357,0.6528,2026-08-04 05:17:07.758,2026-08-04 05:17:07.758
truck_ID_1087,FLUSH,11143,truck,807,356,912,359,0.7335,2026-08-04 05:17:07.591,2026-08-04 05:17:07.821
bus_ID_298,FLUSH,11143,bus,919,358,919,358,0.5440,2026-08-04 05:17:07.854,2026-08-04 05:17:07.854
truck_ID_1086,FLUSH,11144,truck,485,343,1000,356,0.5749,2026-08-04 05:17:06.831,2026-08-04 05:17:08.028
bus_ID_297,FLUSH,11144,bus,600,348,1038,356,0.6818,2026-08-04 05:17:07.134,2026-08-04 05:17:08.584
car_ID_4662,FLUSH,11147,car,431,286,382,298,0.5755,2026-08-04 05:17:07.167,2026-08-04 05:17:08.985
car_ID_4664,FLUSH,11149,car,793,235,756,241,0.5287,2026-08-04 05:17:08.615,2026-08-04 05:17:10.455
truck_ID_1088,FLUSH,11154,truck,660,249,660,249,0.5276,2026-08-04 05:17:11.032,2026-08-04 05:17:11.032
car_ID_4665,FLUSH,11152,car,367,368,1009,391,0.8416,2026-08-04 05:17:10.225,2026-08-04 05:17:12.504
car_ID_4666,FLUSH,11155,car,723,242,702,245,0.5829,2026-08-04 05:17:11.756,2026-08-04 05:17:12.810
bus_ID_299,FLUSH,11157,bus,550,247,550,247,0.5311,2026-08-04 05:17:13.734,2026-08-04 05:17:13.734
truck_ID_1090,FLUSH,11160,truck,510,253,498,254,0.6814,2026-08-04 05:17:14.422,2026-08-04 05:17:15.058
car_ID_4667,FLUSH,11159,car,390,364,984,400,0.8452,2026-08-04 05:17:13.570,2026-08-04 05:17:15.199
truck_ID_1089,FLUSH,11157,truck,609,243,401,262,0.6539,2026-08-04 05:17:12.403,2026-08-04 05:17:15.749
car_ID_4669,FLUSH,11162,car,711,249,710,249,0.5803,2026-08-04 05:17:16.934,2026-08-04 05:17:17.121
car_ID_4670,FLUSH,11166,car,712,253,709,253,0.5642,2026-08-04 05:17:19.294,2026-08-04 05:17:19.498
truck_ID_1091,FLUSH,11161,truck,510,294,549,288,0.6220,2026-08-04 05:17:21.212,2026-08-04 05:17:21.611
car_ID_4671,FLUSH,11171,car,614,256,577,263,0.6263,2026-08-04 05:17:20.189,2026-08-04 05:17:21.977
car_ID_4674,FLUSH,11179,car,599,272,580,274,0.6722,2026-08-04 05:17:22.954,2026-08-04 05:17:23.915
car_ID_4673,FLUSH,11175,car,549,264,543,279,0.6732,2026-08-04 05:17:22.136,2026-08-04 05:17:24.525
bus_ID_300,FLUSH,11181,bus,427,294,645,266,0.6912,2026-08-04 05:17:24.590,2026-08-04 05:17:27.850
car_ID_4676,FLUSH,11188,car,395,296,391,287,0.6475,2026-08-04 05:17:27.499,2026-08-04 05:17:28.072
truck_ID_1092,FLUSH,11184,truck,486,301,591,288,0.6206,2026-08-04 05:17:27.021,2026-08-04 05:17:28.320
car_ID_4668,FLUSH,11161,car,631,249,797,248,0.6852,2026-08-04 05:17:15.199,2026-08-04 05:17:28.451
car_ID_4675,FLUSH,11186,car,436,300,540,285,0.6497,2026-08-04 05:17:27.396,2026-08-04 05:17:28.451
car_ID_4672,FLUSH,11176,car,372,320,765,256,0.7274,2026-08-04 05:17:21.829,2026-08-04 05:17:28.723
truck_ID_1093,FLUSH,11181,truck,594,288,645,281,0.5663,2026-08-04 05:17:28.386,2026-08-04 05:17:29.332
truck_ID_1094,FLUSH,11189,truck,667,266,712,262,0.6256,2026-08-04 05:17:28.792,2026-08-04 05:17:29.886
car_ID_4677,FLUSH,11193,car,607,275,616,272,0.5682,2026-08-04 05:17:30.225,2026-08-04 05:17:30.402
truck_ID_1096,FLUSH,11189,truck,742,256,742,256,0.5440,2026-08-04 05:17:30.931,2026-08-04 05:17:30.931
car_ID_4678,FLUSH,11196,car,717,263,717,263,0.5097,2026-08-04 05:17:31.951,2026-08-04 05:17:31.951
bus_ID_301,FLUSH,11195,bus,764,254,761,255,0.5775,2026-08-04 05:17:31.629,2026-08-04 05:17:31.985
truck_ID_1097,FLUSH,11195,truck,765,255,773,252,0.5836,2026-08-04 05:17:31.694,2026-08-04 05:17:33.161
truck_ID_1098,FLUSH,11197,truck,765,255,771,252,0.5715,2026-08-04 05:17:32.133,2026-08-04 05:17:33.161
bus_ID_302,FLUSH,11195,bus,778,252,779,252,0.5169,2026-08-04 05:17:33.501,2026-08-04 05:17:33.533
bus_ID_303,FLUSH,11197,bus,781,251,782,251,0.5789,2026-08-04 05:17:33.669,2026-08-04 05:17:33.783
car_ID_4679,FLUSH,11199,car,518,281,475,284,0.6280,2026-08-04 05:17:33.057,2026-08-04 05:17:34.795
bus_ID_304,FLUSH,11191,bus,733,255,733,255,0.5561,2026-08-04 05:17:35.178,2026-08-04 05:17:35.185
truck_ID_1099,FLUSH,11204,truck,722,258,730,256,0.7230,2026-08-04 05:17:34.763,2026-08-04 05:17:35.184
truck_ID_1095,FLUSH,11191,truck,368,302,787,251,0.7140,2026-08-04 05:17:28.998,2026-08-04 05:17:35.655
bus_ID_305,FLUSH,11204,bus,714,247,716,247,0.5743,2026-08-04 05:17:35.491,2026-08-04 05:17:36.038
bus_ID_306,FLUSH,11209,bus,769,252,779,246,0.5471,2026-08-04 05:17:37.367,2026-08-04 05:17:38.794
car_ID_4683,FLUSH,11211,car,368,289,368,290,0.5485,2026-08-04 05:17:39.624,2026-08-04 05:17:41.055
bus_ID_308,FLUSH,11219,bus,616,239,600,241,0.6090,2026-08-04 05:17:40.636,2026-08-04 05:17:41.326
bus_ID_307,FLUSH,11216,bus,626,240,596,242,0.5718,2026-08-04 05:17:40.131,2026-08-04 05:17:41.459
truck_ID_1101,FLUSH,11219,truck,608,240,573,242,0.7151,2026-08-04 05:17:40.840,2026-08-04 05:17:42.424
truck_ID_1102,FLUSH,11216,truck,594,242,572,242,0.7162,2026-08-04 05:17:41.596,2026-08-04 05:17:42.490
car_ID_4681,FLUSH,11213,car,1054,353,322,328,0.7698,2026-08-04 05:17:39.028,2026-08-04 05:17:42.555
truck_ID_1103,FLUSH,11222,truck,760,254,764,253,0.8117,2026-08-04 05:17:41.834,2026-08-04 05:17:42.966
bus_ID_309,FLUSH,11224,bus,676,237,675,237,0.5810,2026-08-04 05:17:42.966,2026-08-04 05:17:42.996
car_ID_4682,FLUSH,11215,car,593,271,502,279,0.6367,2026-08-04 05:17:39.237,2026-08-04 05:17:43.539
car_ID_4684,FLUSH,11223,car,1057,352,327,325,0.7771,2026-08-04 05:17:41.908,2026-08-04 05:17:44.458
car_ID_4685,FLUSH,11211,car,368,290,368,289,0.5894,2026-08-04 05:17:44.426,2026-08-04 05:17:44.602
truck_ID_1106,FLUSH,11229,truck,784,246,784,246,0.6364,2026-08-04 05:17:44.668,2026-08-04 05:17:45.143
truck_ID_1100,FLUSH,11205,truck,387,299,788,245,0.7510,2026-08-04 05:17:35.226,2026-08-04 05:17:45.225
bus_ID_310,FLUSH,11225,bus,511,246,501,247,0.5775,2026-08-04 05:17:45.143,2026-08-04 05:17:45.617
bus_ID_311,FLUSH,11230,bus,509,244,500,245,0.5472,2026-08-04 05:17:45.354,2026-08-04 05:17:45.648
car_ID_4680,FLUSH,11210,car,442,289,447,286,0.5832,2026-08-04 05:17:37.397,2026-08-04 05:17:45.730
truck_ID_1105,FLUSH,11226,truck,665,242,627,240,0.6089,2026-08-04 05:17:43.469,2026-08-04 05:17:46.032
truck_ID_1107,FLUSH,11230,truck,498,246,487,248,0.5361,2026-08-04 05:17:45.764,2026-08-04 05:17:46.288
truck_ID_1104,FLUSH,11225,truck,568,244,481,252,0.7545,2026-08-04 05:17:42.620,2026-08-04 05:17:46.517
bus_ID_312,FLUSH,11226,bus,623,239,613,240,0.5383,2026-08-04 05:17:46.352,2026-08-04 05:17:47.076
truck_ID_1108,FLUSH,11233,truck,600,240,599,239,0.5535,2026-08-04 05:17:48.094,2026-08-04 05:17:48.401
bus_ID_313,FLUSH,11233,bus,593,241,591,242,0.5411,2026-08-04 05:17:48.902,2026-08-04 05:17:49.074
truck_ID_1110,FLUSH,11233,truck,586,243,584,243,0.6268,2026-08-04 05:17:49.551,2026-08-04 05:17:49.726
car_ID_4688,FLUSH,11237,car,1038,345,381,330,0.7860,2026-08-04 05:17:47.670,2026-08-04 05:17:49.824
truck_ID_1112,FLUSH,11242,truck,570,245,567,245,0.5846,2026-08-04 05:17:51.263,2026-08-04 05:17:51.529
truck_ID_1111,FLUSH,11233,truck,572,244,570,244,0.5817,2026-08-04 05:17:51.132,2026-08-04 05:17:51.802
bus_ID_315,FLUSH,11242,bus,556,246,556,246,0.5062,2026-08-04 05:17:52.794,2026-08-04 05:17:52.794
car_ID_4687,FLUSH,11231,car,498,280,499,278,0.5363,2026-08-04 05:17:47.368,2026-08-04 05:17:54.027
bus_ID_314,FLUSH,11238,bus,557,245,544,247,0.5240,2026-08-04 05:17:52.728,2026-08-04 05:17:54.128
car_ID_4689,FLUSH,11244,car,1043,348,412,338,0.7953,2026-08-04 05:17:52.053,2026-08-04 05:17:54.233
truck_ID_1109,FLUSH,11238,truck,600,236,522,247,0.6557,2026-08-04 05:17:48.189,2026-08-04 05:17:56.660
bus_ID_316,FLUSH,11256,bus,518,248,518,247,0.5490,2026-08-04 05:17:57.061,2026-08-04 05:17:57.093
car_ID_4692,FLUSH,11257,car,668,259,668,259,0.6167,2026-08-04 05:17:57.094,2026-08-04 05:17:57.364
truck_ID_1113,FLUSH,11242,truck,556,245,515,247,0.7010,2026-08-04 05:17:52.728,2026-08-04 05:17:57.515
car_ID_4690,FLUSH,11254,car,618,259,599,258,0.5668,2026-08-04 05:17:56.492,2026-08-04 05:17:57.921
truck_ID_1114,FLUSH,11256,truck,515,247,512,248,0.6683,2026-08-04 05:17:57.542,2026-08-04 05:17:57.953
truck_ID_1115,FLUSH,11259,truck,515,248,507,248,0.5477,2026-08-04 05:17:58.367,2026-08-04 05:17:59.223
truck_ID_1116,FLUSH,11254,truck,556,261,556,261,0.5169,2026-08-04 05:18:01.195,2026-08-04 05:18:01.195
truck_ID_1117,FLUSH,11265,truck,550,261,548,261,0.5276,2026-08-04 05:18:03.456,2026-08-04 05:18:03.621
car_ID_4686,FLUSH,11210,car,446,286,400,294,0.5581,2026-08-04 05:17:47.029,2026-08-04 05:18:03.731
car_ID_4691,FLUSH,11238,car,508,268,409,287,0.5948,2026-08-04 05:17:56.930,2026-08-04 05:18:05.395
car_ID_4693,FLUSH,11266,car,373,361,1081,383,0.8605,2026-08-04 05:18:03.589,2026-08-04 05:18:05.493
truck_ID_1118,FLUSH,11267,truck,542,262,511,260,0.5479,2026-08-04 05:18:04.267,2026-08-04 05:18:05.954
car_ID_4694,FLUSH,11270,car,394,359,990,387,0.8371,2026-08-04 05:18:06.089,2026-08-04 05:18:07.625
car_ID_4696,FLUSH,11275,car,794,237,772,239,0.5328,2026-08-04 05:18:08.642,2026-08-04 05:18:09.560
car_ID_4695,FLUSH,11277,car,395,361,1004,388,0.7656,2026-08-04 05:18:08.603,2026-08-04 05:18:10.725
car_ID_4697,FLUSH,11279,car,408,357,976,389,0.8137,2026-08-04 05:18:10.191,2026-08-04 05:18:12.160
car_ID_4698,FLUSH,11284,car,655,250,401,276,0.7433,2026-08-04 05:18:13.296,2026-08-04 05:18:17.860
car_ID_4699,FLUSH,11287,car,612,269,568,275,0.7269,2026-08-04 05:18:16.932,2026-08-04 05:18:18.710
person_ID_25,FLUSH,11292,person,675,268,675,268,0.5276,2026-08-04 05:18:20.395,2026-08-04 05:18:20.865
car_ID_4700,FLUSH,11289,car,468,304,735,264,0.6883,2026-08-04 05:18:17.996,2026-08-04 05:18:22.616
car_ID_4702,FLUSH,11295,car,393,312,539,290,0.6211,2026-08-04 05:18:22.135,2026-08-04 05:18:23.332
car_ID_4704,FLUSH,11289,car,782,260,782,260,0.5418,2026-08-04 05:18:24.458,2026-08-04 05:18:24.490
car_ID_4701,FLUSH,11296,car,436,288,427,286,0.6880,2026-08-04 05:18:22.070,2026-08-04 05:18:25.958
bus_ID_317,FLUSH,11303,bus,769,252,771,250,0.5757,2026-08-04 05:18:27.700,2026-08-04 05:18:27.831
car_ID_4703,FLUSH,11299,car,362,313,717,262,0.7039,2026-08-04 05:18:23.883,2026-08-04 05:18:28.086
bus_ID_318,FLUSH,11290,bus,783,247,783,247,0.5240,2026-08-04 05:18:28.824,2026-08-04 05:18:28.824
truck_ID_1121,FLUSH,11303,truck,774,250,782,249,0.7246,2026-08-04 05:18:27.961,2026-08-04 05:18:28.928
truck_ID_1119,FLUSH,11290,truck,374,310,785,247,0.7893,2026-08-04 05:18:19.367,2026-08-04 05:18:29.095
car_ID_4705,FLUSH,11304,car,385,295,425,292,0.6733,2026-08-04 05:18:27.658,2026-08-04 05:18:29.570
car_ID_4706,FLUSH,11309,car,612,311,638,308,0.5230,2026-08-04 05:18:30.866,2026-08-04 05:18:31.152
truck_ID_1120,FLUSH,11302,truck,418,304,772,251,0.7506,2026-08-04 05:18:26.735,2026-08-04 05:18:32.392
truck_ID_1122,FLUSH,11308,truck,358,302,694,261,0.7868,2026-08-04 05:18:29.268,2026-08-04 05:18:32.992
car_ID_4708,FLUSH,11308,car,672,293,672,293,0.5169,2026-08-04 05:18:33.333,2026-08-04 05:18:33.333
truck_ID_1123,FLUSH,11315,truck,734,258,795,245,0.6904,2026-08-04 05:18:33.499,2026-08-04 05:18:38.155
car_ID_4707,FLUSH,11311,car,389,298,363,298,0.7197,2026-08-04 05:18:31.086,2026-08-04 05:18:39.925
car_ID_4710,FLUSH,11323,car,360,341,395,342,0.5515,2026-08-04 05:18:41.829,2026-08-04 05:18:42.033
bus_ID_320,FLUSH,11324,bus,660,354,662,354,0.5515,2026-08-04 05:18:43.686,2026-08-04 05:18:43.719
truck_ID_1124,FLUSH,11323,truck,680,353,702,353,0.5578,2026-08-04 05:18:43.752,2026-08-04 05:18:43.820
car_ID_4709,FLUSH,11322,car,983,317,788,294,0.7127,2026-08-04 05:18:41.357,2026-08-04 05:18:44.094
bus_ID_319,FLUSH,11323,bus,399,345,903,359,0.6450,2026-08-04 05:18:42.386,2026-08-04 05:18:44.631
car_ID_4712,FLUSH,11329,car,370,362,1105,387,0.8215,2026-08-04 05:18:45.933,2026-08-04 05:18:48.529
car_ID_4711,FLUSH,11327,car,756,286,802,260,0.6914,2026-08-04 05:18:44.731,2026-08-04 05:18:49.523
car_ID_4713,FLUSH,11334,car,796,236,796,236,0.5062,2026-08-04 05:18:55.496,2026-08-04 05:18:55.496
car_ID_4715,FLUSH,11336,car,790,237,788,238,0.5299,2026-08-04 05:18:57.298,2026-08-04 05:18:57.363
car_ID_4717,FLUSH,11336,car,763,241,748,241,0.5463,2026-08-04 05:18:58.430,2026-08-04 05:18:59.293
car_ID_4718,FLUSH,11341,car,656,258,656,261,0.5317,2026-08-04 05:18:59.124,2026-08-04 05:18:59.456
car_ID_4716,FLUSH,11339,car,722,244,699,244,0.5533,2026-08-04 05:18:58.396,2026-08-04 05:18:59.932
car_ID_4720,FLUSH,11343,car,722,246,700,247,0.5374,2026-08-04 05:18:59.997,2026-08-04 05:19:00.960
car_ID_4721,FLUSH,11336,car,776,239,776,239,0.5240,2026-08-04 05:19:00.960,2026-08-04 05:19:00.960
car_ID_4719,FLUSH,11342,car,393,339,685,289,0.7111,2026-08-04 05:18:59.864,2026-08-04 05:19:02.395
car_ID_4723,FLUSH,11347,car,656,252,653,251,0.5498,2026-08-04 05:19:02.223,2026-08-04 05:19:02.697
car_ID_4714,FLUSH,11337,car,376,319,742,261,0.7476,2026-08-04 05:18:56.927,2026-08-04 05:19:02.795
car_ID_4727,FLUSH,11336,car,776,246,778,246,0.5151,2026-08-04 05:19:04.299,2026-08-04 05:19:04.449
car_ID_4722,FLUSH,11345,car,636,256,450,273,0.6614,2026-08-04 05:19:01.197,2026-08-04 05:19:05.214
car_ID_4724,FLUSH,11350,car,592,267,496,282,0.6554,2026-08-04 05:19:02.763,2026-08-04 05:19:05.247
car_ID_4726,FLUSH,11351,car,613,256,534,267,0.6572,2026-08-04 05:19:03.592,2026-08-04 05:19:05.533
truck_ID_1125,FLUSH,11345,truck,393,299,585,269,0.5950,2026-08-04 05:19:05.460,2026-08-04 05:19:06.290
car_ID_4728,FLUSH,11345,car,599,295,603,308,0.5565,2026-08-04 05:19:06.361,2026-08-04 05:19:06.493
car_ID_4730,FLUSH,11356,car,455,275,454,275,0.5276,2026-08-04 05:19:06.665,2026-08-04 05:19:06.698
truck_ID_1126,FLUSH,11355,truck,648,258,650,264,0.5216,2026-08-04 05:19:06.828,2026-08-04 05:19:06.896
car_ID_4725,FLUSH,11348,car,726,278,808,258,0.6758,2026-08-04 05:19:02.967,2026-08-04 05:19:06.998
car_ID_4731,FLUSH,11345,car,657,288,657,288,0.5490,2026-08-04 05:19:08.100,2026-08-04 05:19:08.571
car_ID_4729,FLUSH,11354,car,427,290,333,314,0.6046,2026-08-04 05:19:06.427,2026-08-04 05:19:09.057
truck_ID_1127,FLUSH,11355,truck,725,254,763,254,0.5674,2026-08-04 05:19:08.100,2026-08-04 05:19:09.735
car_ID_4733,FLUSH,11354,car,317,314,317,314,0.5026,2026-08-04 05:19:10.272,2026-08-04 05:19:10.278
car_ID_4732,FLUSH,11359,car,764,272,789,264,0.6163,2026-08-04 05:19:09.395,2026-08-04 05:19:11.436
car_ID_4735,FLUSH,11354,car,316,313,316,313,0.5276,2026-08-04 05:19:11.620,2026-08-04 05:19:11.652
car_ID_4734,FLUSH,11360,car,672,259,653,262,0.5308,2026-08-04 05:19:10.455,2026-08-04 05:19:11.841
car_ID_4736,FLUSH,11354,car,317,313,317,313,0.5240,2026-08-04 05:19:12.889,2026-08-04 05:19:12.921
car_ID_4738,FLUSH,11354,car,317,311,316,309,0.5236,2026-08-04 05:19:18.727,2026-08-04 05:19:19.846
car_ID_4740,FLUSH,11354,car,320,308,321,303,0.5614,2026-08-04 05:19:21.098,2026-08-04 05:19:23.526
car_ID_4741,FLUSH,11371,car,723,243,702,247,0.5584,2026-08-04 05:19:23.194,2026-08-04 05:19:24.362
car_ID_4743,FLUSH,11374,car,655,250,494,268,0.6940,2026-08-04 05:19:25.555,2026-08-04 05:19:29.619
car_ID_4744,FLUSH,11376,car,321,303,321,303,0.5385,2026-08-04 05:19:32.271,2026-08-04 05:19:33.464
car_ID_4742,FLUSH,11354,car,320,304,806,258,0.7393,2026-08-04 05:19:24.732,2026-08-04 05:19:34.832
car_ID_4745,FLUSH,11376,car,319,306,318,304,0.5801,2026-08-04 05:19:34.768,2026-08-04 05:19:37.872
car_ID_4746,FLUSH,11376,car,322,303,320,303,0.5371,2026-08-04 05:19:39.069,2026-08-04 05:19:42.522
car_ID_4747,FLUSH,11381,car,1048,348,338,327,0.7847,2026-08-04 05:19:40.855,2026-08-04 05:19:44.431
car_ID_4750,FLUSH,11381,car,319,307,321,305,0.6149,2026-08-04 05:19:45.693,2026-08-04 05:19:46.070
car_ID_4749,FLUSH,11384,car,1000,320,763,287,0.7318,2026-08-04 05:19:45.224,2026-08-04 05:19:49.153
car_ID_4748,FLUSH,11382,car,1047,346,321,304,0.7440,2026-08-04 05:19:43.620,2026-08-04 05:19:50.466
car_ID_4753,FLUSH,11394,car,640,255,520,266,0.6912,2026-08-04 05:19:53.066,2026-08-04 05:19:55.769
car_ID_4751,FLUSH,11387,car,1078,327,802,251,0.7625,2026-08-04 05:19:46.848,2026-08-04 05:19:56.680
car_ID_4752,FLUSH,11382,car,320,303,321,307,0.5506,2026-08-04 05:19:51.957,2026-08-04 05:19:56.716
car_ID_4737,FLUSH,11363,car,615,268,315,314,0.7309,2026-08-04 05:19:13.525,2026-08-04 05:20:02.295
car_ID_4739,FLUSH,11368,car,616,268,368,295,0.7974,2026-08-04 05:19:20.290,2026-08-04 05:20:04.982
car_ID_4754,FLUSH,11402,car,1072,328,806,258,0.7789,2026-08-04 05:19:59.603,2026-08-04 05:20:06.393
car_ID_4757,FLUSH,11409,car,337,378,1066,387,0.7932,2026-08-04 05:20:04.404,2026-08-04 05:20:07.426
car_ID_4755,FLUSH,11404,car,625,263,384,286,0.6972,2026-08-04 05:20:01.538,2026-08-04 05:20:08.026
car_ID_4756,FLUSH,11407,car,928,310,799,260,0.6779,2026-08-04 05:20:03.038,2026-08-04 05:20:08.715
car_ID_4758,FLUSH,11410,car,976,316,763,282,0.7410,2026-08-04 05:20:06.055,2026-08-04 05:20:09.397
car_ID_4761,FLUSH,11415,car,713,248,711,248,0.5454,2026-08-04 05:20:09.222,2026-08-04 05:20:09.397
car_ID_4759,FLUSH,11414,car,362,364,1079,383,0.8362,2026-08-04 05:20:07.168,2026-08-04 05:20:09.494
car_ID_4764,FLUSH,11421,car,656,255,656,256,0.5219,2026-08-04 05:20:11.658,2026-08-04 05:20:11.957
car_ID_4762,FLUSH,11416,car,362,365,1079,384,0.8570,2026-08-04 05:20:09.727,2026-08-04 05:20:12.328
car_ID_4765,FLUSH,11422,car,319,310,319,310,0.5668,2026-08-04 05:20:12.361,2026-08-04 05:20:12.472
car_ID_4763,FLUSH,11420,car,781,271,811,258,0.5675,2026-08-04 05:20:10.863,2026-08-04 05:20:13.966
truck_ID_1128,FLUSH,11428,truck,490,294,492,294,0.5097,2026-08-04 05:20:15.990,2026-08-04 05:20:16.022
car_ID_4760,FLUSH,11413,car,994,314,797,250,0.7480,2026-08-04 05:20:07.460,2026-08-04 05:20:16.054
truck_ID_1129,FLUSH,11430,truck,501,293,502,292,0.5703,2026-08-04 05:20:16.100,2026-08-04 05:20:16.132
car_ID_4766,FLUSH,11425,car,621,261,552,267,0.5835,2026-08-04 05:20:13.768,2026-08-04 05:20:16.229
bus_ID_321,FLUSH,11430,bus,531,286,531,286,0.5169,2026-08-04 05:20:16.359,2026-08-04 05:20:16.359
car_ID_4769,FLUSH,11430,car,484,295,614,279,0.6494,2026-08-04 05:20:15.959,2026-08-04 05:20:17.199
car_ID_4767,FLUSH,11428,car,381,307,457,280,0.6716,2026-08-04 05:20:15.233,2026-08-04 05:20:18.655
car_ID_4772,FLUSH,11438,car,655,255,655,255,0.5311,2026-08-04 05:20:20.699,2026-08-04 05:20:20.767
car_ID_4771,FLUSH,11439,car,399,292,404,288,0.5546,2026-08-04 05:20:20.665,2026-08-04 05:20:20.955
car_ID_4770,FLUSH,11437,car,718,262,768,251,0.6035,2026-08-04 05:20:19.595,2026-08-04 05:20:21.691
bus_ID_322,FLUSH,11435,bus,381,278,653,252,0.8534,2026-08-04 05:20:18.922,2026-08-04 05:20:22.432
car_ID_4773,FLUSH,11441,car,592,260,591,260,0.5347,2026-08-04 05:20:22.606,2026-08-04 05:20:22.755
bus_ID_323,FLUSH,11442,bus,661,252,681,251,0.7435,2026-08-04 05:20:22.606,2026-08-04 05:20:22.995
car_ID_4774,FLUSH,11435,car,668,280,675,281,0.5688,2026-08-04 05:20:23.024,2026-08-04 05:20:23.297
car_ID_4768,FLUSH,11429,car,349,349,808,260,0.7605,2026-08-04 05:20:15.401,2026-08-04 05:20:23.390
bus_ID_325,FLUSH,11446,bus,722,246,722,246,0.6452,2026-08-04 05:20:24.456,2026-08-04 05:20:24.456
car_ID_4776,FLUSH,11445,car,736,271,736,271,0.5418,2026-08-04 05:20:24.863,2026-08-04 05:20:24.863
bus_ID_324,FLUSH,11435,bus,699,254,730,246,0.6040,2026-08-04 05:20:23.730,2026-08-04 05:20:25.132
car_ID_4775,FLUSH,11444,car,385,292,418,287,0.5524,2026-08-04 05:20:24.256,2026-08-04 05:20:25.687
car_ID_4777,FLUSH,11447,car,481,272,452,275,0.5239,2026-08-04 05:20:24.863,2026-08-04 05:20:25.962
truck_ID_1132,FLUSH,11451,truck,774,252,780,249,0.7947,2026-08-04 05:20:28.659,2026-08-04 05:20:29.580
truck_ID_1133,FLUSH,11455,truck,789,246,789,246,0.6345,2026-08-04 05:20:30.192,2026-08-04 05:20:30.192
truck_ID_1130,FLUSH,11440,truck,365,296,793,245,0.7499,2026-08-04 05:20:21.621,2026-08-04 05:20:30.514
bus_ID_326,FLUSH,11449,bus,780,249,780,249,0.5383,2026-08-04 05:20:33.396,2026-08-04 05:20:33.429
truck_ID_1131,FLUSH,11449,truck,346,301,790,246,0.7448,2026-08-04 05:20:26.092,2026-08-04 05:20:35.100
truck_ID_1134,FLUSH,11457,truck,779,248,798,245,0.6623,2026-08-04 05:20:33.396,2026-08-04 05:20:35.275
bus_ID_327,FLUSH,11461,bus,352,304,352,304,0.5440,2026-08-04 05:20:40.468,2026-08-04 05:20:40.468
car_ID_4779,FLUSH,11462,car,712,250,703,250,0.5810,2026-08-04 05:20:40.588,2026-08-04 05:20:40.923
car_ID_4780,FLUSH,11464,car,671,259,669,259,0.5588,2026-08-04 05:20:41.762,2026-08-04 05:20:41.862
car_ID_4778,FLUSH,11456,car,409,311,777,254,0.6830,2026-08-04 05:20:36.439,2026-08-04 05:20:42.037
car_ID_4781,FLUSH,11465,car,450,275,441,276,0.5466,2026-08-04 05:20:43.370,2026-08-04 05:20:43.958
car_ID_4782,FLUSH,11467,car,537,269,489,274,0.7201,2026-08-04 05:20:44.182,2026-08-04 05:20:44.869
car_ID_4783,FLUSH,11470,car,606,262,595,263,0.5816,2026-08-04 05:20:45.222,2026-08-04 05:20:45.423
bus_ID_328,FLUSH,11471,bus,755,255,755,255,0.5561,2026-08-04 05:20:47.124,2026-08-04 05:20:47.124
truck_ID_1135,FLUSH,11461,truck,362,304,763,254,0.7324,2026-08-04 05:20:40.588,2026-08-04 05:20:47.953
truck_ID_1137,FLUSH,11471,truck,761,255,775,253,0.5968,2026-08-04 05:20:47.370,2026-08-04 05:20:48.562
bus_ID_329,FLUSH,11476,bus,777,252,777,252,0.5441,2026-08-04 05:20:48.628,2026-08-04 05:20:49.142
car_ID_4784,FLUSH,11477,car,504,301,593,287,0.5851,2026-08-04 05:20:48.731,2026-08-04 05:20:49.452
car_ID_4785,FLUSH,11478,car,382,293,382,293,0.5383,2026-08-04 05:20:50.890,2026-08-04 05:20:51.361
truck_ID_1136,FLUSH,11468,truck,378,302,751,254,0.7504,2026-08-04 05:20:45.189,2026-08-04 05:20:51.393
truck_ID_1138,FLUSH,11472,truck,360,298,782,252,0.7507,2026-08-04 05:20:48.430,2026-08-04 05:20:56.255
car_ID_4786,FLUSH,11488,car,618,255,616,256,0.5983,2026-08-04 05:20:57.997,2026-08-04 05:20:58.369
truck_ID_1139,FLUSH,11482,truck,414,290,784,249,0.6529,2026-08-04 05:20:53.240,2026-08-04 05:21:01.500
car_ID_4787,FLUSH,11493,car,546,261,525,265,0.6171,2026-08-04 05:21:00.797,2026-08-04 05:21:02.154
truck_ID_1140,FLUSH,11489,truck,397,296,729,257,0.7705,2026-08-04 05:20:58.095,2026-08-04 05:21:02.529
truck_ID_1143,FLUSH,11493,truck,493,268,478,268,0.5472,2026-08-04 05:21:03.391,2026-08-04 05:21:04.100
truck_ID_1141,FLUSH,11494,truck,516,265,471,268,0.5280,2026-08-04 05:21:02.497,2026-08-04 05:21:04.451
bus_ID_330,FLUSH,11501,bus,768,251,768,250,0.5576,2026-08-04 05:21:04.588,2026-08-04 05:21:04.857
car_ID_4788,FLUSH,11494,car,547,262,462,269,0.5854,2026-08-04 05:21:01.330,2026-08-04 05:21:05.057
bus_ID_331,FLUSH,11497,bus,776,249,778,249,0.5846,2026-08-04 05:21:05.231,2026-08-04 05:21:05.497
truck_ID_1145,FLUSH,11494,truck,460,268,460,268,0.5204,2026-08-04 05:21:05.534,2026-08-04 05:21:05.566
car_ID_4790,FLUSH,11493,car,486,267,456,269,0.5927,2026-08-04 05:21:03.713,2026-08-04 05:21:05.957
car_ID_4789,FLUSH,11495,car,385,284,379,286,0.5474,2026-08-04 05:21:03.359,2026-08-04 05:21:06.156
truck_ID_1142,FLUSH,11497,truck,747,255,781,248,0.6741,2026-08-04 05:21:03.039,2026-08-04 05:21:06.156
truck_ID_1146,FLUSH,11493,truck,450,269,450,269,0.5097,2026-08-04 05:21:06.593,2026-08-04 05:21:06.626
truck_ID_1144,FLUSH,11501,truck,769,252,794,245,0.6155,2026-08-04 05:21:04.478,2026-08-04 05:21:07.788
truck_ID_1147,FLUSH,11494,truck,426,272,419,272,0.5181,2026-08-04 05:21:08.571,2026-08-04 05:21:08.885
truck_ID_1148,FLUSH,11493,truck,416,273,415,273,0.5276,2026-08-04 05:21:08.992,2026-08-04 05:21:09.053
car_ID_4791,FLUSH,11494,car,449,269,396,275,0.5709,2026-08-04 05:21:06.658,2026-08-04 05:21:09.662
car_ID_4792,FLUSH,11493,car,446,269,392,273,0.5717,2026-08-04 05:21:07.104,2026-08-04 05:21:09.807
car_ID_4796,FLUSH,11510,car,832,300,832,300,0.6987,2026-08-04 05:21:10.625,2026-08-04 05:21:11.096
car_ID_4795,FLUSH,11507,car,385,348,1020,380,0.8352,2026-08-04 05:21:09.839,2026-08-04 05:21:11.585
car_ID_4798,FLUSH,11515,car,702,374,710,375,0.6134,2026-08-04 05:21:13.057,2026-08-04 05:21:13.093
truck_ID_1149,FLUSH,11513,truck,712,375,712,375,0.5965,2026-08-04 05:21:13.093,2026-08-04 05:21:13.093
truck_ID_1150,FLUSH,11515,truck,734,375,743,375,0.5102,2026-08-04 05:21:13.124,2026-08-04 05:21:13.631
car_ID_4797,FLUSH,11513,car,401,350,991,379,0.8293,2026-08-04 05:21:12.129,2026-08-04 05:21:13.663
car_ID_4794,FLUSH,11506,car,617,268,417,283,0.6429,2026-08-04 05:21:08.923,2026-08-04 05:21:14.054
car_ID_4799,FLUSH,11517,car,715,246,711,246,0.5418,2026-08-04 05:21:16.231,2026-08-04 05:21:16.324
car_ID_4793,FLUSH,11505,car,1071,322,809,256,0.7836,2026-08-04 05:21:08.852,2026-08-04 05:21:17.392
car_ID_4800,FLUSH,11519,car,349,340,444,348,0.5991,2026-08-04 05:21:17.006,2026-08-04 05:21:17.696
bus_ID_332,FLUSH,11519,bus,429,347,694,360,0.7041,2026-08-04 05:21:17.595,2026-08-04 05:21:18.552
truck_ID_1151,FLUSH,11519,truck,601,355,822,364,0.6075,2026-08-04 05:21:18.233,2026-08-04 05:21:18.934
truck_ID_1152,FLUSH,11527,truck,944,365,944,365,0.5665,2026-08-04 05:21:19.261,2026-08-04 05:21:19.326
bus_ID_333,FLUSH,11526,bus,908,362,1009,363,0.5980,2026-08-04 05:21:19.163,2026-08-04 05:21:19.922
car_ID_4803,FLUSH,11530,car,796,238,789,238,0.5265,2026-08-04 05:21:20.259,2026-08-04 05:21:20.597
car_ID_4802,FLUSH,11528,car,384,362,1031,375,0.8096,2026-08-04 05:21:19.228,2026-08-04 05:21:21.388
car_ID_4801,FLUSH,11523,car,619,253,378,281,0.7408,2026-08-04 05:21:18.443,2026-08-04 05:21:21.882
car_ID_4804,FLUSH,11537,car,722,247,699,251,0.5673,2026-08-04 05:21:24.009,2026-08-04 05:21:25.825
car_ID_4808,FLUSH,11542,car,796,238,794,239,0.5510,2026-08-04 05:21:25.688,2026-08-04 05:21:25.890
car_ID_4805,FLUSH,11539,car,614,259,384,284,0.6947,2026-08-04 05:21:24.463,2026-08-04 05:21:27.263
car_ID_4810,FLUSH,11544,car,712,249,701,248,0.5311,2026-08-04 05:21:26.991,2026-08-04 05:21:27.463
car_ID_4807,FLUSH,11541,car,611,258,376,284,0.6615,2026-08-04 05:21:25.584,2026-08-04 05:21:28.962
car_ID_4809,FLUSH,11543,car,657,259,317,310,0.7195,2026-08-04 05:21:26.486,2026-08-04 05:21:32.009
car_ID_4814,FLUSH,11556,car,779,239,778,239,0.5097,2026-08-04 05:21:32.828,2026-08-04 05:21:32.892
car_ID_4806,FLUSH,11540,car,400,317,801,248,0.7365,2026-08-04 05:21:25.375,2026-08-04 05:21:33.090
car_ID_4811,FLUSH,11547,car,639,258,380,282,0.7089,2026-08-04 05:21:29.539,2026-08-04 05:21:33.700
car_ID_4815,FLUSH,11559,car,709,252,708,252,0.5466,2026-08-04 05:21:34.227,2026-08-04 05:21:34.294
car_ID_4816,FLUSH,11558,car,653,262,653,262,0.5026,2026-08-04 05:21:34.703,2026-08-04 05:21:34.768
car_ID_4817,FLUSH,11558,car,656,260,656,260,0.5133,2026-08-04 05:21:36.369,2026-08-04 05:21:36.369
car_ID_4813,FLUSH,11553,car,631,259,383,283,0.7206,2026-08-04 05:21:32.524,2026-08-04 05:21:36.535
car_ID_4812,FLUSH,11552,car,389,337,801,260,0.7028,2026-08-04 05:21:30.834,2026-08-04 05:21:36.583
car_ID_4818,FLUSH,11564,car,552,271,393,285,0.6814,2026-08-04 05:21:37.734,2026-08-04 05:21:40.262
car_ID_4820,FLUSH,11570,car,777,239,775,239,0.5537,2026-08-04 05:21:41.523,2026-08-04 05:21:41.597
car_ID_4822,FLUSH,11574,car,723,245,708,246,0.5252,2026-08-04 05:21:43.162,2026-08-04 05:21:43.723
car_ID_4824,FLUSH,11579,car,654,251,523,265,0.6462,2026-08-04 05:21:45.256,2026-08-04 05:21:47.671
car_ID_4819,FLUSH,11565,car,607,269,802,261,0.6827,2026-08-04 05:21:37.769,2026-08-04 05:21:48.464
car_ID_4826,FLUSH,11581,car,464,276,442,276,0.5329,2026-08-04 05:21:48.209,2026-08-04 05:21:48.529
car_ID_4823,FLUSH,11577,car,400,296,391,286,0.5867,2026-08-04 05:21:43.853,2026-08-04 05:21:48.934
car_ID_4825,FLUSH,11578,car,612,263,527,273,0.6364,2026-08-04 05:21:47.501,2026-08-04 05:21:49.320
car_ID_4828,FLUSH,11577,car,389,299,389,294,0.6220,2026-08-04 05:21:51.791,2026-08-04 05:21:51.943
car_ID_4829,FLUSH,11586,car,585,284,615,279,0.6101,2026-08-04 05:21:52.494,2026-08-04 05:21:52.749
car_ID_4830,FLUSH,11577,car,391,295,391,292,0.5374,2026-08-04 05:21:53.456,2026-08-04 05:21:54.230
car_ID_4827,FLUSH,11584,car,450,322,806,258,0.7043,2026-08-04 05:21:51.665,2026-08-04 05:21:55.669
car_ID_4831,FLUSH,11586,car,703,272,785,251,0.5945,2026-08-04 05:21:53.820,2026-08-04 05:21:56.527
car_ID_4832,FLUSH,11577,car,394,289,393,289,0.5302,2026-08-04 05:21:55.286,2026-08-04 05:21:56.962
car_ID_4834,FLUSH,11594,car,798,236,756,243,0.5581,2026-08-04 05:22:01.363,2026-08-04 05:22:03.186
car_ID_4833,FLUSH,11591,car,1109,355,362,343,0.8244,2026-08-04 05:21:59.902,2026-08-04 05:22:03.253
car_ID_4835,FLUSH,11577,car,392,290,393,289,0.5164,2026-08-04 05:22:01.957,2026-08-04 05:22:04.197
car_ID_4837,FLUSH,11599,car,661,348,661,348,0.5477,2026-08-04 05:22:03.861,2026-08-04 05:22:04.335
car_ID_4838,FLUSH,11600,car,722,244,721,245,0.5460,2026-08-04 05:22:04.304,2026-08-04 05:22:04.514
car_ID_4836,FLUSH,11597,car,1047,352,396,342,0.8178,2026-08-04 05:22:02.393,2026-08-04 05:22:04.851
car_ID_4840,FLUSH,11577,car,391,290,391,290,0.5062,2026-08-04 05:22:08.396,2026-08-04 05:22:08.396
car_ID_4841,FLUSH,11577,car,392,290,393,290,0.5383,2026-08-04 05:22:09.512,2026-08-04 05:22:09.518
car_ID_4842,FLUSH,11612,car,721,247,712,249,0.5761,2026-08-04 05:22:09.765,2026-08-04 05:22:10.389
car_ID_4843,FLUSH,11577,car,391,291,391,291,0.5204,2026-08-04 05:22:11.271,2026-08-04 05:22:11.346
car_ID_4844,FLUSH,11619,car,517,270,511,271,0.5873,2026-08-04 05:22:12.699,2026-08-04 05:22:12.918
car_ID_4846,FLUSH,11621,car,612,263,611,263,0.5427,2026-08-04 05:22:12.838,2026-08-04 05:22:13.123
car_ID_4845,FLUSH,11620,car,712,241,699,247,0.5353,2026-08-04 05:22:12.798,2026-08-04 05:22:13.425
car_ID_4847,FLUSH,11577,car,398,286,397,285,0.5418,2026-08-04 05:22:14.661,2026-08-04 05:22:14.726
bus_ID_334,FLUSH,11614,bus,627,234,593,245,0.6012,2026-08-04 05:22:12.027,2026-08-04 05:22:14.794
car_ID_4848,FLUSH,11624,car,396,289,397,288,0.5133,2026-08-04 05:22:17.085,2026-08-04 05:22:17.118
bus_ID_335,FLUSH,11621,bus,593,245,582,242,0.6076,2026-08-04 05:22:14.925,2026-08-04 05:22:18.162
car_ID_4849,FLUSH,11624,car,387,294,384,297,0.5775,2026-08-04 05:22:19.331,2026-08-04 05:22:19.398
car_ID_4850,FLUSH,11633,car,415,280,392,282,0.5169,2026-08-04 05:22:20.899,2026-08-04 05:22:21.243
car_ID_4821,FLUSH,11572,car,621,262,384,286,0.6773,2026-08-04 05:21:43.102,2026-08-04 05:22:23.089
car_ID_4851,FLUSH,11637,car,384,375,980,393,0.8393,2026-08-04 05:22:22.858,2026-08-04 05:22:24.378
car_ID_4852,FLUSH,11639,car,652,258,652,258,0.5026,2026-08-04 05:22:25.097,2026-08-04 05:22:25.097
car_ID_4855,FLUSH,11643,car,602,259,601,259,0.5727,2026-08-04 05:22:25.855,2026-08-04 05:22:25.927
car_ID_4839,FLUSH,11606,car,669,256,324,295,0.6605,2026-08-04 05:22:06.830,2026-08-04 05:22:26.463
car_ID_4854,FLUSH,11644,car,361,374,975,400,0.8270,2026-08-04 05:22:25.661,2026-08-04 05:22:27.632
car_ID_4857,FLUSH,11648,car,778,239,778,239,0.5204,2026-08-04 05:22:27.632,2026-08-04 05:22:27.632
car_ID_4858,FLUSH,11649,car,714,250,712,249,0.5476,2026-08-04 05:22:27.968,2026-08-04 05:22:28.251
bus_ID_336,FLUSH,11621,bus,580,242,392,260,0.6417,2026-08-04 05:22:19.436,2026-08-04 05:22:29.858
car_ID_4859,FLUSH,11650,car,397,363,914,387,0.7472,2026-08-04 05:22:28.794,2026-08-04 05:22:30.987
car_ID_4853,FLUSH,11641,car,993,320,805,258,0.7679,2026-08-04 05:22:25.097,2026-08-04 05:22:32.374
car_ID_4862,FLUSH,11659,car,712,250,710,250,0.5442,2026-08-04 05:22:33.233,2026-08-04 05:22:33.397
car_ID_4860,FLUSH,11658,car,367,355,1019,384,0.7906,2026-08-04 05:22:31.968,2026-08-04 05:22:33.702
car_ID_4861,FLUSH,11654,car,632,258,569,264,0.5968,2026-08-04 05:22:32.268,2026-08-04 05:22:33.905
car_ID_4863,FLUSH,11664,car,948,382,954,382,0.5815,2026-08-04 05:22:33.535,2026-08-04 05:22:34.022
car_ID_4865,FLUSH,11670,car,482,272,457,279,0.5795,2026-08-04 05:22:35.002,2026-08-04 05:22:35.930
car_ID_4864,FLUSH,11666,car,622,260,561,267,0.5923,2026-08-04 05:22:33.990,2026-08-04 05:22:36.028
car_ID_4867,FLUSH,11672,car,710,250,709,249,0.5703,2026-08-04 05:22:36.789,2026-08-04 05:22:36.880
car_ID_4868,FLUSH,11675,car,342,349,342,349,0.6753,2026-08-04 05:22:36.880,2026-08-04 05:22:36.880
car_ID_4856,FLUSH,11639,car,627,261,458,277,0.6288,2026-08-04 05:22:27.122,2026-08-04 05:22:38.223
car_ID_4872,FLUSH,11686,car,478,272,460,274,0.5769,2026-08-04 05:22:42.243,2026-08-04 05:22:42.622
car_ID_4869,FLUSH,11676,car,343,345,805,258,0.7741,2026-08-04 05:22:36.956,2026-08-04 05:22:44.803
car_ID_4870,FLUSH,11681,car,413,328,808,255,0.7451,2026-08-04 05:22:39.688,2026-08-04 05:22:47.096
car_ID_4871,FLUSH,11683,car,617,269,512,271,0.5889,2026-08-04 05:22:40.434,2026-08-04 05:22:48.428
car_ID_4876,FLUSH,11700,car,712,249,713,250,0.5264,2026-08-04 05:22:48.563,2026-08-04 05:22:48.628
car_ID_4875,FLUSH,11699,car,561,273,556,274,0.5606,2026-08-04 05:22:48.223,2026-08-04 05:22:48.731
car_ID_4873,FLUSH,11692,car,415,331,813,260,0.7258,2026-08-04 05:22:44.497,2026-08-04 05:22:49.456
truck_ID_1153,FLUSH,11707,truck,373,277,373,277,0.5215,2026-08-04 05:22:50.368,2026-08-04 05:22:50.826
car_ID_4874,FLUSH,11691,car,617,271,602,271,0.6014,2026-08-04 05:22:44.669,2026-08-04 05:22:50.956
truck_ID_1154,FLUSH,11705,truck,544,240,484,248,0.5410,2026-08-04 05:22:50.706,2026-08-04 05:22:51.662
car_ID_4879,FLUSH,11704,car,597,265,592,268,0.5631,2026-08-04 05:22:51.363,2026-08-04 05:22:53.789
car_ID_4877,FLUSH,11706,car,415,329,803,258,0.7470,2026-08-04 05:22:50.293,2026-08-04 05:22:54.956
truck_ID_1155,FLUSH,11711,truck,676,245,499,249,0.6677,2026-08-04 05:22:51.568,2026-08-04 05:22:57.197
car_ID_4880,FLUSH,11715,car,397,335,800,264,0.7012,2026-08-04 05:22:53.490,2026-08-04 05:22:58.363
car_ID_4866,FLUSH,11668,car,593,261,477,279,0.6213,2026-08-04 05:22:36.062,2026-08-04 05:22:58.600
car_ID_4881,FLUSH,11704,car,592,269,581,271,0.5908,2026-08-04 05:22:55.399,2026-08-04 05:23:02.428
car_ID_4883,FLUSH,11728,car,584,266,584,270,0.5356,2026-08-04 05:23:02.428,2026-08-04 05:23:03.723
car_ID_4882,FLUSH,11721,car,476,280,394,283,0.5798,2026-08-04 05:22:58.891,2026-08-04 05:23:04.362
car_ID_4885,FLUSH,11732,car,772,239,759,239,0.5547,2026-08-04 05:23:05.365,2026-08-04 05:23:05.878
car_ID_4886,FLUSH,11737,car,658,254,657,255,0.5641,2026-08-04 05:23:06.325,2026-08-04 05:23:06.495
car_ID_4890,FLUSH,11728,car,576,272,576,272,0.5347,2026-08-04 05:23:07.997,2026-08-04 05:23:08.030
car_ID_4888,FLUSH,11739,car,722,243,713,244,0.5219,2026-08-04 05:23:07.065,2026-08-04 05:23:08.096
car_ID_4878,FLUSH,11709,car,544,275,528,275,0.5393,2026-08-04 05:22:51.259,2026-08-04 05:23:08.685
car_ID_4884,FLUSH,11733,car,474,280,476,279,0.6194,2026-08-04 05:23:04.199,2026-08-04 05:23:08.685
car_ID_4889,FLUSH,11738,car,574,272,570,272,0.5745,2026-08-04 05:23:07.358,2026-08-04 05:23:09.022
car_ID_4887,FLUSH,11735,car,616,264,621,267,0.6389,2026-08-04 05:23:07.033,2026-08-04 05:23:09.326
bus_ID_338,FLUSH,11742,bus,1021,278,986,279,0.7381,2026-08-04 05:23:09.359,2026-08-04 05:23:10.073
car_ID_4891,FLUSH,11743,car,384,292,384,292,0.5490,2026-08-04 05:23:10.580,2026-08-04 05:23:10.580
car_ID_4896,FLUSH,11749,car,653,268,653,268,0.5026,2026-08-04 05:23:11.348,2026-08-04 05:23:11.348
bus_ID_337,FLUSH,11740,bus,346,302,1022,327,0.7916,2026-08-04 05:23:08.532,2026-08-04 05:23:11.826
truck_ID_1157,FLUSH,11744,truck,461,268,461,268,0.5276,2026-08-04 05:23:11.924,2026-08-04 05:23:11.924
car_ID_4893,FLUSH,11745,car,529,260,456,269,0.5686,2026-08-04 05:23:10.964,2026-08-04 05:23:11.958
truck_ID_1156,FLUSH,11745,truck,477,266,450,269,0.5653,2026-08-04 05:23:11.690,2026-08-04 05:23:12.025
car_ID_4892,FLUSH,11744,car,499,281,410,288,0.6601,2026-08-04 05:23:10.932,2026-08-04 05:23:12.924
bus_ID_339,FLUSH,11751,bus,778,279,725,237,0.7152,2026-08-04 05:23:11.690,2026-08-04 05:23:15.617
car_ID_4894,FLUSH,11746,car,569,272,373,288,0.7039,2026-08-04 05:23:11.197,2026-08-04 05:23:17.189
car_ID_4899,FLUSH,11760,car,352,314,348,313,0.6215,2026-08-04 05:23:17.255,2026-08-04 05:23:17.730
car_ID_4897,FLUSH,11755,car,789,299,750,264,0.6365,2026-08-04 05:23:13.090,2026-08-04 05:23:18.447
car_ID_4898,FLUSH,11758,car,381,370,993,385,0.8128,2026-08-04 05:23:16.496,2026-08-04 05:23:18.474
bus_ID_340,FLUSH,11751,bus,750,239,760,241,0.6503,2026-08-04 05:23:18.685,2026-08-04 05:23:19.364
car_ID_4900,FLUSH,11761,car,418,374,879,395,0.8357,2026-08-04 05:23:18.475,2026-08-04 05:23:19.696
car_ID_4901,FLUSH,11763,car,767,260,773,258,0.5335,2026-08-04 05:23:19.598,2026-08-04 05:23:19.922
car_ID_4902,FLUSH,11764,car,611,259,472,275,0.7152,2026-08-04 05:23:20.859,2026-08-04 05:23:23.296
car_ID_4903,FLUSH,11769,car,382,285,378,284,0.5828,2026-08-04 05:23:24.091,2026-08-04 05:23:24.124
car_ID_4895,FLUSH,11748,car,617,267,434,283,0.7067,2026-08-04 05:23:11.296,2026-08-04 05:23:26.285
car_ID_4904,FLUSH,11773,car,396,302,398,302,0.5703,2026-08-04 05:23:26.277,2026-08-04 05:23:26.285
bus_ID_341,FLUSH,11776,bus,619,254,619,254,0.5668,2026-08-04 05:23:27.196,2026-08-04 05:23:27.196
car_ID_4906,FLUSH,11776,car,619,274,619,274,0.5775,2026-08-04 05:23:27.292,2026-08-04 05:23:27.292
car_ID_4907,FLUSH,11779,car,715,249,709,249,0.5494,2026-08-04 05:23:27.630,2026-08-04 05:23:27.965
truck_ID_1158,FLUSH,11773,truck,357,309,648,264,0.7687,2026-08-04 05:23:25.858,2026-08-04 05:23:28.523
truck_ID_1160,FLUSH,11789,truck,757,249,758,249,0.5725,2026-08-04 05:23:30.699,2026-08-04 05:23:30.847
car_ID_4909,FLUSH,11785,car,611,262,585,266,0.6049,2026-08-04 05:23:30.990,2026-08-04 05:23:31.962
truck_ID_1159,FLUSH,11786,truck,739,257,787,250,0.5749,2026-08-04 05:23:30.090,2026-08-04 05:23:32.167
car_ID_4908,FLUSH,11789,car,763,274,783,266,0.6188,2026-08-04 05:23:30.990,2026-08-04 05:23:32.373
bus_ID_342,FLUSH,11783,bus,580,254,504,258,0.6598,2026-08-04 05:23:28.695,2026-08-04 05:23:32.419
bus_ID_343,FLUSH,11791,bus,501,257,522,256,0.5054,2026-08-04 05:23:32.297,2026-08-04 05:23:32.659
truck_ID_1161,FLUSH,11791,truck,495,260,495,260,0.5215,2026-08-04 05:23:34.427,2026-08-04 05:23:34.494
car_ID_4905,FLUSH,11775,car,411,285,414,284,0.6842,2026-08-04 05:23:27.196,2026-08-04 05:23:34.697
bus_ID_347,FLUSH,11798,bus,664,244,663,244,0.5026,2026-08-04 05:23:35.039,2026-08-04 05:23:35.047
bus_ID_344,FLUSH,11791,bus,495,257,499,255,0.5674,2026-08-04 05:23:34.933,2026-08-04 05:23:35.072
bus_ID_345,FLUSH,11799,bus,666,245,652,245,0.5258,2026-08-04 05:23:34.933,2026-08-04 05:23:35.455
truck_ID_1165,FLUSH,11798,truck,655,245,650,245,0.7354,2026-08-04 05:23:35.385,2026-08-04 05:23:35.995
bus_ID_348,FLUSH,11775,bus,586,283,618,280,0.5531,2026-08-04 05:23:35.929,2026-08-04 05:23:36.192
bus_ID_346,FLUSH,11796,bus,452,301,614,280,0.6493,2026-08-04 05:23:35.038,2026-08-04 05:23:36.264
truck_ID_1162,FLUSH,11796,truck,426,304,647,272,0.5918,2026-08-04 05:23:34.865,2026-08-04 05:23:36.619
truck_ID_1164,FLUSH,11775,truck,497,296,635,262,0.6386,2026-08-04 05:23:35.288,2026-08-04 05:23:36.619
car_ID_4911,FLUSH,11796,car,577,284,665,275,0.6670,2026-08-04 05:23:35.827,2026-08-04 05:23:36.822
car_ID_4912,FLUSH,11804,car,587,264,588,264,0.5414,2026-08-04 05:23:36.501,2026-08-04 05:23:37.025
car_ID_4913,FLUSH,11775,car,691,277,693,277,0.5525,2026-08-04 05:23:37.092,2026-08-04 05:23:37.528
truck_ID_1166,FLUSH,11809,truck,553,254,553,254,0.5928,2026-08-04 05:23:38.011,2026-08-04 05:23:38.011
truck_ID_1167,FLUSH,11810,truck,742,272,743,272,0.5097,2026-08-04 05:23:38.060,2026-08-04 05:23:38.092
bus_ID_349,FLUSH,11809,bus,523,253,523,253,0.5552,2026-08-04 05:23:38.222,2026-08-04 05:23:38.222
truck_ID_1163,FLUSH,11799,truck,658,245,592,243,0.6469,2026-08-04 05:23:35.220,2026-08-04 05:23:38.223
bus_ID_350,FLUSH,11814,bus,766,260,766,260,0.5846,2026-08-04 05:23:39.135,2026-08-04 05:23:39.135
car_ID_4915,FLUSH,11812,car,634,259,587,265,0.6183,2026-08-04 05:23:38.561,2026-08-04 05:23:39.586
bus_ID_351,FLUSH,11809,bus,489,258,488,258,0.5102,2026-08-04 05:23:40.231,2026-08-04 05:23:40.263
car_ID_4916,FLUSH,11816,car,721,248,700,252,0.5823,2026-08-04 05:23:39.727,2026-08-04 05:23:40.745
car_ID_4910,FLUSH,11801,car,399,294,409,286,0.5706,2026-08-04 05:23:35.252,2026-08-04 05:23:41.060
car_ID_4918,FLUSH,11824,car,594,263,590,265,0.6053,2026-08-04 05:23:41.429,2026-08-04 05:23:41.558
car_ID_4914,FLUSH,11810,car,745,272,804,248,0.6164,2026-08-04 05:23:38.157,2026-08-04 05:23:42.137
truck_ID_1168,FLUSH,11817,truck,672,243,594,243,0.6839,2026-08-04 05:23:39.383,2026-08-04 05:23:42.385
car_ID_4921,FLUSH,11826,car,722,245,722,245,0.5133,2026-08-04 05:23:42.862,2026-08-04 05:23:42.894
truck_ID_1169,FLUSH,11820,truck,539,254,545,254,0.5515,2026-08-04 05:23:42.862,2026-08-04 05:23:42.894
car_ID_4919,FLUSH,11825,car,669,259,582,267,0.6044,2026-08-04 05:23:41.526,2026-08-04 05:23:43.887
bus_ID_353,FLUSH,11828,bus,494,258,493,258,0.5402,2026-08-04 05:23:44.529,2026-08-04 05:23:44.595
bus_ID_352,FLUSH,11829,bus,498,257,469,258,0.5360,2026-08-04 05:23:44.231,2026-08-04 05:23:45.124
car_ID_4920,FLUSH,11801,car,411,285,405,284,0.5852,2026-08-04 05:23:42.321,2026-08-04 05:23:45.561
car_ID_4922,FLUSH,11832,car,608,264,590,266,0.5617,2026-08-04 05:23:45.256,2026-08-04 05:23:45.625
car_ID_4924,FLUSH,11836,car,716,250,711,251,0.5460,2026-08-04 05:23:46.522,2026-08-04 05:23:46.681
car_ID_4917,FLUSH,11821,car,375,340,806,258,0.7924,2026-08-04 05:23:40.497,2026-08-04 05:23:46.824
car_ID_4923,FLUSH,11833,car,654,251,580,261,0.6343,2026-08-04 05:23:45.561,2026-08-04 05:23:47.783
car_ID_4925,FLUSH,11801,car,411,285,377,294,0.5675,2026-08-04 05:23:46.616,2026-08-04 05:23:49.553
car_ID_4926,FLUSH,11841,car,615,262,577,268,0.6361,2026-08-04 05:23:49.390,2026-08-04 05:23:50.334
bus_ID_354,FLUSH,11834,bus,495,260,470,261,0.5838,2026-08-04 05:23:48.833,2026-08-04 05:23:51.091
bus_ID_355,FLUSH,11840,bus,480,261,385,284,0.5872,2026-08-04 05:23:49.795,2026-08-04 05:23:53.072
car_ID_4928,FLUSH,11845,car,359,376,1055,394,0.8086,2026-08-04 05:23:52.426,2026-08-04 05:23:54.264
bus_ID_357,FLUSH,11848,bus,640,238,637,239,0.5567,2026-08-04 05:23:54.095,2026-08-04 05:23:54.264
bus_ID_356,FLUSH,11847,bus,392,285,350,286,0.6096,2026-08-04 05:23:52.931,2026-08-04 05:23:54.612
car_ID_4930,FLUSH,11853,car,397,372,945,393,0.7995,2026-08-04 05:23:55.833,2026-08-04 05:23:57.545
car_ID_4927,FLUSH,11844,car,984,313,806,258,0.7551,2026-08-04 05:23:52.091,2026-08-04 05:23:59.730
car_ID_4931,FLUSH,11856,car,609,254,601,255,0.5522,2026-08-04 05:23:59.459,2026-08-04 05:23:59.827
bus_ID_360,FLUSH,11856,bus,604,246,606,243,0.5169,2026-08-04 05:24:00.065,2026-08-04 05:24:00.098
bus_ID_358,FLUSH,11852,bus,601,241,447,252,0.5906,2026-08-04 05:23:55.698,2026-08-04 05:24:00.165
car_ID_4929,FLUSH,11850,car,1044,325,779,266,0.7710,2026-08-04 05:23:54.264,2026-08-04 05:24:00.791
car_ID_4932,FLUSH,11859,car,512,329,587,335,0.6238,2026-08-04 05:24:00.791,2026-08-04 05:24:01.266
bus_ID_359,FLUSH,11859,bus,364,324,593,335,0.7625,2026-08-04 05:23:59.664,2026-08-04 05:24:01.301
bus_ID_361,FLUSH,11860,bus,615,336,891,339,0.7547,2026-08-04 05:24:01.395,2026-08-04 05:24:02.426
bus_ID_362,FLUSH,11861,bus,530,248,519,248,0.6719,2026-08-04 05:24:02.327,2026-08-04 05:24:02.524
bus_ID_363,FLUSH,11863,bus,518,248,518,248,0.5989,2026-08-04 05:24:02.635,2026-08-04 05:24:02.635
car_ID_4934,FLUSH,11866,car,712,239,712,239,0.5632,2026-08-04 05:24:03.625,2026-08-04 05:24:03.625
truck_ID_1170,FLUSH,11862,truck,649,238,628,240,0.6391,2026-08-04 05:24:02.602,2026-08-04 05:24:03.625
car_ID_4933,FLUSH,11861,car,497,262,418,277,0.5945,2026-08-04 05:24:02.559,2026-08-04 05:24:03.968
bus_ID_365,FLUSH,11867,bus,609,241,604,241,0.5335,2026-08-04 05:24:04.266,2026-08-04 05:24:04.431
truck_ID_1172,FLUSH,11867,truck,576,244,518,250,0.6240,2026-08-04 05:24:05.227,2026-08-04 05:24:06.758
bus_ID_366,FLUSH,11867,bus,550,246,512,250,0.5276,2026-08-04 05:24:06.057,2026-08-04 05:24:06.861
truck_ID_1171,FLUSH,11862,truck,585,242,496,252,0.6275,2026-08-04 05:24:05.125,2026-08-04 05:24:07.180
bus_ID_364,FLUSH,11862,bus,617,240,476,253,0.5409,2026-08-04 05:24:04.020,2026-08-04 05:24:07.511
car_ID_4936,FLUSH,11873,car,711,244,711,244,0.5062,2026-08-04 05:24:09.629,2026-08-04 05:24:09.661
bus_ID_368,FLUSH,11880,bus,611,240,611,240,0.5632,2026-08-04 05:24:11.105,2026-08-04 05:24:11.136
truck_ID_1173,FLUSH,11877,truck,616,239,621,238,0.5935,2026-08-04 05:24:11.411,2026-08-04 05:24:11.525
car_ID_4938,FLUSH,11878,car,419,335,637,297,0.7358,2026-08-04 05:24:11.010,2026-08-04 05:24:11.890
bus_ID_367,FLUSH,11879,bus,554,244,475,252,0.6039,2026-08-04 05:24:10.926,2026-08-04 05:24:12.598
truck_ID_1175,FLUSH,11880,truck,589,241,589,241,0.6595,2026-08-04 05:24:12.823,2026-08-04 05:24:12.855
bus_ID_369,FLUSH,11884,bus,524,248,449,253,0.5876,2026-08-04 05:24:11.624,2026-08-04 05:24:12.989
bus_ID_370,FLUSH,11880,bus,588,242,588,242,0.5311,2026-08-04 05:24:12.892,2026-08-04 05:24:13.362
bus_ID_371,FLUSH,11885,bus,672,241,674,239,0.5347,2026-08-04 05:24:12.921,2026-08-04 05:24:13.428
car_ID_4939,FLUSH,11887,car,747,261,747,261,0.5882,2026-08-04 05:24:13.626,2026-08-04 05:24:13.658
truck_ID_1176,FLUSH,11889,truck,567,244,567,244,0.7735,2026-08-04 05:24:13.559,2026-08-04 05:24:14.038
car_ID_4940,FLUSH,11891,car,764,259,764,259,0.5204,2026-08-04 05:24:14.361,2026-08-04 05:24:14.361
car_ID_4935,FLUSH,11872,car,406,310,809,260,0.7103,2026-08-04 05:24:08.304,2026-08-04 05:24:14.918
truck_ID_1174,FLUSH,11877,truck,595,241,489,252,0.7734,2026-08-04 05:24:12.631,2026-08-04 05:24:15.268
car_ID_4937,FLUSH,11876,car,396,319,776,257,0.6925,2026-08-04 05:24:09.903,2026-08-04 05:24:17.590
truck_ID_1178,FLUSH,11896,truck,579,243,564,245,0.8601,2026-08-04 05:24:16.838,2026-08-04 05:24:17.728
car_ID_4941,FLUSH,11895,car,642,259,642,259,0.5454,2026-08-04 05:24:17.829,2026-08-04 05:24:17.897
truck_ID_1180,FLUSH,11900,truck,497,250,496,249,0.6828,2026-08-04 05:24:18.794,2026-08-04 05:24:19.294
truck_ID_1177,FLUSH,11892,truck,628,239,431,258,0.7267,2026-08-04 05:24:15.201,2026-08-04 05:24:19.811
bus_ID_372,FLUSH,11895,bus,608,242,603,242,0.6155,2026-08-04 05:24:20.362,2026-08-04 05:24:20.524
bus_ID_374,FLUSH,11901,bus,539,249,539,249,0.5062,2026-08-04 05:24:22.395,2026-08-04 05:24:22.395
car_ID_4943,FLUSH,11898,car,615,260,378,282,0.7216,2026-08-04 05:24:18.434,2026-08-04 05:24:22.818
bus_ID_373,FLUSH,11895,bus,545,249,511,251,0.5276,2026-08-04 05:24:22.302,2026-08-04 05:24:23.056
truck_ID_1181,FLUSH,11901,truck,594,243,491,254,0.5860,2026-08-04 05:24:20.936,2026-08-04 05:24:23.456
car_ID_4942,FLUSH,11897,car,393,316,802,245,0.6894,2026-08-04 05:24:18.129,2026-08-04 05:24:23.560
truck_ID_1179,FLUSH,11895,truck,663,246,440,258,0.6258,2026-08-04 05:24:18.030,2026-08-04 05:24:24.322
bus_ID_376,FLUSH,11906,bus,613,241,568,244,0.5504,2026-08-04 05:24:26.029,2026-08-04 05:24:27.455
bus_ID_375,FLUSH,11903,bus,618,239,548,246,0.5415,2026-08-04 05:24:25.927,2026-08-04 05:24:28.031
truck_ID_1183,FLUSH,11906,truck,621,240,530,248,0.6831,2026-08-04 05:24:25.825,2026-08-04 05:24:28.620
truck_ID_1182,FLUSH,11903,truck,648,243,490,251,0.6499,2026-08-04 05:24:24.765,2026-08-04 05:24:29.130
car_ID_4944,FLUSH,11912,car,445,325,585,301,0.7014,2026-08-04 05:24:29.467,2026-08-04 05:24:30.162
truck_ID_1184,FLUSH,11914,truck,609,241,512,251,0.6829,2026-08-04 05:24:30.026,2026-08-04 05:24:32.726
car_ID_4945,FLUSH,11915,car,615,296,805,260,0.7079,2026-08-04 05:24:30.328,2026-08-04 05:24:33.985
car_ID_4946,FLUSH,11918,car,610,258,395,281,0.6913,2026-08-04 05:24:33.164,2026-08-04 05:24:37.293
car_ID_4947,FLUSH,11922,car,398,310,711,260,0.7211,2026-08-04 05:24:39.619,2026-08-04 05:24:43.659
car_ID_4949,FLUSH,11929,car,719,267,733,265,0.6076,2026-08-04 05:24:43.788,2026-08-04 05:24:44.526
car_ID_4948,FLUSH,11928,car,412,331,808,256,0.7211,2026-08-04 05:24:42.279,2026-08-04 05:24:49.217
car_ID_4950,FLUSH,11930,car,660,258,412,280,0.7125,2026-08-04 05:24:45.022,2026-08-04 05:24:50.451
car_ID_4951,FLUSH,11933,car,1102,328,930,327,0.6177,2026-08-04 05:24:48.812,2026-08-04 05:24:50.992
car_ID_4952,FLUSH,11934,car,1013,326,916,326,0.5412,2026-08-04 05:24:50.332,2026-08-04 05:24:51.089
truck_ID_1186,FLUSH,11933,truck,938,326,899,326,0.6032,2026-08-04 05:24:50.924,2026-08-04 05:24:51.666
car_ID_4953,FLUSH,11935,car,550,321,548,322,0.5027,2026-08-04 05:24:53.104,2026-08-04 05:24:53.588
truck_ID_1185,FLUSH,11934,truck,945,326,351,319,0.7771,2026-08-04 05:24:50.895,2026-08-04 05:24:54.299
car_ID_4954,FLUSH,11946,car,596,259,393,282,0.6264,2026-08-04 05:25:03.050,2026-08-04 05:25:07.892
car_ID_4956,FLUSH,11952,car,756,243,751,243,0.5285,2026-08-04 05:25:07.387,2026-08-04 05:25:07.892
truck_ID_1188,FLUSH,11954,truck,649,244,649,244,0.6915,2026-08-04 05:25:08.435,2026-08-04 05:25:08.922
car_ID_4955,FLUSH,11948,car,641,258,379,284,0.7381,2026-08-04 05:25:04.334,2026-08-04 05:25:09.870
truck_ID_1187,FLUSH,11958,truck,658,245,558,251,0.6258,2026-08-04 05:25:07.893,2026-08-04 05:25:11.321
car_ID_4957,FLUSH,11962,car,711,244,702,245,0.5433,2026-08-04 05:25:11.067,2026-08-04 05:25:11.876
car_ID_4958,FLUSH,11966,car,599,266,414,285,0.6134,2026-08-04 05:25:12.771,2026-08-04 05:25:14.821
truck_ID_1189,FLUSH,11970,truck,531,246,461,252,0.6484,2026-08-04 05:25:14.005,2026-08-04 05:25:15.332
car_ID_4959,FLUSH,11967,car,616,247,565,252,0.5632,2026-08-04 05:25:13.768,2026-08-04 05:25:15.398
truck_ID_1190,FLUSH,11967,truck,563,252,535,256,0.5721,2026-08-04 05:25:15.467,2026-08-04 05:25:16.194
car_ID_4961,FLUSH,11975,car,468,262,468,262,0.5204,2026-08-04 05:25:17.460,2026-08-04 05:25:17.460
car_ID_4962,FLUSH,11973,car,464,263,461,264,0.6595,2026-08-04 05:25:17.488,2026-08-04 05:25:17.553
truck_ID_1191,FLUSH,11973,truck,527,256,438,265,0.5931,2026-08-04 05:25:16.392,2026-08-04 05:25:18.321
truck_ID_1192,FLUSH,11975,truck,454,264,401,269,0.5768,2026-08-04 05:25:17.662,2026-08-04 05:25:18.321
car_ID_4963,FLUSH,11978,car,784,229,782,230,0.5400,2026-08-04 05:25:19.229,2026-08-04 05:25:19.334
truck_ID_1193,FLUSH,11976,truck,578,243,578,243,0.5062,2026-08-04 05:25:21.405,2026-08-04 05:25:21.443
car_ID_4960,FLUSH,11969,car,623,251,398,276,0.7431,2026-08-04 05:25:16.097,2026-08-04 05:25:21.623
truck_ID_1194,FLUSH,11980,truck,553,245,553,245,0.5097,2026-08-04 05:25:22.059,2026-08-04 05:25:22.134
bus_ID_377,FLUSH,11976,bus,653,243,498,250,0.6468,2026-08-04 05:25:18.623,2026-08-04 05:25:23.327
bus_ID_378,FLUSH,11980,bus,580,243,493,251,0.6006,2026-08-04 05:25:21.351,2026-08-04 05:25:23.394
truck_ID_1195,FLUSH,11976,truck,485,251,480,252,0.5836,2026-08-04 05:25:23.461,2026-08-04 05:25:23.594
bus_ID_379,FLUSH,11988,bus,658,246,659,244,0.5097,2026-08-04 05:25:26.957,2026-08-04 05:25:27.090
car_ID_4964,FLUSH,11981,car,395,316,787,253,0.6782,2026-08-04 05:25:23.689,2026-08-04 05:25:29.567
bus_ID_380,FLUSH,11991,bus,565,244,565,244,0.5525,2026-08-04 05:25:29.696,2026-08-04 05:25:29.728
car_ID_4966,FLUSH,11993,car,653,262,653,262,0.5311,2026-08-04 05:25:30.122,2026-08-04 05:25:30.122
truck_ID_1196,FLUSH,11995,truck,516,250,516,250,0.5065,2026-08-04 05:25:30.972,2026-08-04 05:25:30.972
car_ID_4967,FLUSH,11994,car,722,241,714,241,0.5169,2026-08-04 05:25:30.570,2026-08-04 05:25:31.007
car_ID_4965,FLUSH,11983,car,384,345,804,259,0.7280,2026-08-04 05:25:24.079,2026-08-04 05:25:32.786
car_ID_4968,FLUSH,11993,car,612,262,344,290,0.6891,2026-08-04 05:25:31.223,2026-08-04 05:25:36.336
car_ID_4970,FLUSH,11997,car,641,250,549,256,0.6649,2026-08-04 05:25:33.703,2026-08-04 05:25:36.987
car_ID_4969,FLUSH,11998,car,1094,350,377,342,0.8238,2026-08-04 05:25:33.533,2026-08-04 05:25:37.431
car_ID_4975,FLUSH,12011,car,516,260,508,260,0.5896,2026-08-04 05:25:38.121,2026-08-04 05:25:38.362
truck_ID_1197,FLUSH,12009,truck,510,260,508,261,0.5490,2026-08-04 05:25:38.293,2026-08-04 05:25:38.362
car_ID_4971,FLUSH,12003,car,1051,345,372,339,0.8292,2026-08-04 05:25:36.133,2026-08-04 05:25:39.135
car_ID_4972,FLUSH,12008,car,916,302,753,277,0.7582,2026-08-04 05:25:37.094,2026-08-04 05:25:39.924
car_ID_4973,FLUSH,12009,car,544,256,423,268,0.6738,2026-08-04 05:25:37.127,2026-08-04 05:25:41.359
truck_ID_1198,FLUSH,12013,truck,426,268,424,268,0.5620,2026-08-04 05:25:41.227,2026-08-04 05:25:41.392
car_ID_4976,FLUSH,12013,car,446,267,406,270,0.6187,2026-08-04 05:25:40.395,2026-08-04 05:25:42.215
truck_ID_1199,FLUSH,12009,truck,421,269,404,270,0.5614,2026-08-04 05:25:41.487,2026-08-04 05:25:42.421
truck_ID_1200,FLUSH,12013,truck,400,271,400,271,0.5133,2026-08-04 05:25:42.590,2026-08-04 05:25:42.622
car_ID_4978,FLUSH,12009,car,402,271,390,271,0.5756,2026-08-04 05:25:42.492,2026-08-04 05:25:43.133
car_ID_4977,FLUSH,12014,car,761,279,800,258,0.7129,2026-08-04 05:25:40.747,2026-08-04 05:25:45.261
car_ID_4974,FLUSH,12010,car,1067,326,774,254,0.7094,2026-08-04 05:25:37.697,2026-08-04 05:25:45.760
car_ID_4979,FLUSH,12018,car,715,252,710,251,0.5795,2026-08-04 05:25:45.794,2026-08-04 05:25:46.065
car_ID_4980,FLUSH,12020,car,649,262,649,262,0.5062,2026-08-04 05:25:48.562,2026-08-04 05:25:48.595
car_ID_4981,FLUSH,12024,car,615,270,372,298,0.6632,2026-08-04 05:25:50.792,2026-08-04 05:25:56.325
car_ID_4982,FLUSH,12033,car,1074,303,1074,303,0.5140,2026-08-04 05:26:04.992,2026-08-04 05:26:05.027
car_ID_4983,FLUSH,12035,car,355,375,1036,400,0.8442,2026-08-04 05:26:05.296,2026-08-04 05:26:06.904
car_ID_4984,FLUSH,12038,car,713,236,713,236,0.5311,2026-08-04 05:26:08.068,2026-08-04 05:26:08.068
truck_ID_1201,FLUSH,12033,truck,1018,304,779,278,0.6268,2026-08-04 05:26:05.822,2026-08-04 05:26:08.926
bus_ID_381,FLUSH,12033,bus,789,279,773,278,0.5573,2026-08-04 05:26:08.653,2026-08-04 05:26:09.121
truck_ID_1203,FLUSH,12039,truck,788,279,771,276,0.5368,2026-08-04 05:26:08.719,2026-08-04 05:26:09.291
truck_ID_1202,FLUSH,12037,truck,658,246,480,253,0.7242,2026-08-04 05:26:07.065,2026-08-04 05:26:10.181
truck_ID_1205,FLUSH,12033,truck,763,269,763,269,0.5311,2026-08-04 05:26:10.489,2026-08-04 05:26:10.489
truck_ID_1204,FLUSH,12042,truck,470,253,426,258,0.6367,2026-08-04 05:26:10.287,2026-08-04 05:26:10.861
bus_ID_382,FLUSH,12039,bus,769,275,771,263,0.5811,2026-08-04 05:26:09.426,2026-08-04 05:26:11.805
bus_ID_383,FLUSH,12033,bus,767,265,778,259,0.5786,2026-08-04 05:26:11.451,2026-08-04 05:26:12.536
car_ID_4985,FLUSH,12047,car,618,250,401,271,0.6032,2026-08-04 05:26:14.029,2026-08-04 05:26:18.302
truck_ID_1206,FLUSH,12050,truck,650,245,650,245,0.5703,2026-08-04 05:26:18.378,2026-08-04 05:26:18.378
bus_ID_384,FLUSH,12053,bus,608,241,608,241,0.5894,2026-08-04 05:26:19.698,2026-08-04 05:26:19.773
truck_ID_1207,FLUSH,12053,truck,600,241,600,241,0.5561,2026-08-04 05:26:19.961,2026-08-04 05:26:19.961
truck_ID_1208,FLUSH,12054,truck,589,242,583,242,0.6010,2026-08-04 05:26:20.294,2026-08-04 05:26:20.423
bus_ID_385,FLUSH,12054,bus,600,242,539,248,0.5818,2026-08-04 05:26:19.923,2026-08-04 05:26:21.407
truck_ID_1209,FLUSH,12053,truck,591,246,591,246,0.5418,2026-08-04 05:26:21.926,2026-08-04 05:26:22.028
truck_ID_1211,FLUSH,12058,truck,560,249,501,251,0.5365,2026-08-04 05:26:22.334,2026-08-04 05:26:22.755
bus_ID_386,FLUSH,12058,bus,476,252,475,253,0.5140,2026-08-04 05:26:23.026,2026-08-04 05:26:23.057
truck_ID_1212,FLUSH,12054,truck,470,256,469,255,0.5892,2026-08-04 05:26:23.126,2026-08-04 05:26:23.831
bus_ID_387,FLUSH,12063,bus,592,241,592,241,0.5775,2026-08-04 05:26:24.833,2026-08-04 05:26:24.866
truck_ID_1213,FLUSH,12063,truck,583,241,579,241,0.5873,2026-08-04 05:26:25.064,2026-08-04 05:26:25.690
truck_ID_1210,FLUSH,12057,truck,662,244,548,246,0.6069,2026-08-04 05:26:22.124,2026-08-04 05:26:26.467
truck_ID_1215,FLUSH,12066,truck,656,246,650,244,0.5565,2026-08-04 05:26:26.295,2026-08-04 05:26:26.955
truck_ID_1216,FLUSH,12067,truck,490,251,489,251,0.6096,2026-08-04 05:26:27.021,2026-08-04 05:26:27.086
truck_ID_1214,FLUSH,12064,truck,546,246,434,256,0.6290,2026-08-04 05:26:26.016,2026-08-04 05:26:27.763
car_ID_4986,FLUSH,12059,car,391,313,792,249,0.6804,2026-08-04 05:26:22.548,2026-08-04 05:26:28.956
truck_ID_1217,FLUSH,12068,truck,580,244,500,251,0.6598,2026-08-04 05:26:28.792,2026-08-04 05:26:30.326
bus_ID_388,FLUSH,12071,bus,613,240,612,240,0.5632,2026-08-04 05:26:31.071,2026-08-04 05:26:31.155
truck_ID_1219,FLUSH,12071,truck,620,239,604,240,0.6960,2026-08-04 05:26:30.869,2026-08-04 05:26:31.393
truck_ID_1218,FLUSH,12069,truck,662,244,573,243,0.7114,2026-08-04 05:26:29.403,2026-08-04 05:26:32.723
car_ID_4988,FLUSH,12073,car,773,239,754,240,0.5689,2026-08-04 05:26:33.202,2026-08-04 05:26:34.019
truck_ID_1221,FLUSH,12077,truck,500,251,449,276,0.5932,2026-08-04 05:26:33.884,2026-08-04 05:26:34.529
car_ID_4990,FLUSH,12078,car,715,244,708,244,0.5513,2026-08-04 05:26:35.295,2026-08-04 05:26:35.485
truck_ID_1220,FLUSH,12074,truck,571,243,389,259,0.7367,2026-08-04 05:26:32.309,2026-08-04 05:26:35.826
car_ID_4987,FLUSH,12072,car,391,319,786,253,0.7490,2026-08-04 05:26:31.253,2026-08-04 05:26:37.349
car_ID_4992,FLUSH,12083,car,656,257,656,258,0.5228,2026-08-04 05:26:38.257,2026-08-04 05:26:38.815
car_ID_4989,FLUSH,12077,car,431,299,805,259,0.7073,2026-08-04 05:26:34.560,2026-08-04 05:26:40.951
car_ID_4991,FLUSH,12081,car,615,251,389,274,0.6602,2026-08-04 05:26:37.901,2026-08-04 05:26:41.060
car_ID_4993,FLUSH,12083,car,617,264,383,295,0.7063,2026-08-04 05:26:41.060,2026-08-04 05:26:47.194
car_ID_4994,FLUSH,12089,car,609,253,452,270,0.6599,2026-08-04 05:26:44.340,2026-08-04 05:26:47.227
car_ID_4995,FLUSH,12092,car,367,346,806,258,0.7752,2026-08-04 05:26:46.759,2026-08-04 05:26:53.136
car_ID_4997,FLUSH,12100,car,1037,352,395,343,0.7746,2026-08-04 05:26:56.126,2026-08-04 05:26:59.798
car_ID_4996,FLUSH,12098,car,625,252,396,282,0.7224,2026-08-04 05:26:53.624,2026-08-04 05:26:59.934
car_ID_4998,FLUSH,12103,car,1012,323,796,250,0.7380,2026-08-04 05:26:59.358,2026-08-04 05:27:07.164
truck_ID_1222,FLUSH,12109,truck,587,242,568,243,0.6460,2026-08-04 05:27:10.060,2026-08-04 05:27:11.299
truck_ID_1223,FLUSH,12110,truck,565,244,513,249,0.7105,2026-08-04 05:27:10.895,2026-08-04 05:27:12.952
truck_ID_1224,FLUSH,12114,truck,656,244,655,244,0.5062,2026-08-04 05:27:13.029,2026-08-04 05:27:13.061
truck_ID_1225,FLUSH,12113,truck,653,243,653,242,0.5145,2026-08-04 05:27:13.287,2026-08-04 05:27:13.359
car_ID_4999,FLUSH,12108,car,988,317,806,257,0.7565,2026-08-04 05:27:07.488,2026-08-04 05:27:13.499
bus_ID_389,FLUSH,12116,bus,626,239,620,239,0.5154,2026-08-04 05:27:15.161,2026-08-04 05:27:15.535
truck_ID_1227,FLUSH,12117,truck,626,239,617,239,0.6510,2026-08-04 05:27:15.161,2026-08-04 05:27:15.922
bus_ID_390,FLUSH,12117,bus,614,240,601,240,0.5585,2026-08-04 05:27:16.024,2026-08-04 05:27:16.799
truck_ID_1226,FLUSH,12116,truck,633,238,547,247,0.7218,2026-08-04 05:27:14.521,2026-08-04 05:27:19.882
car_ID_5000,FLUSH,12120,car,380,365,961,389,0.8321,2026-08-04 05:27:18.321,2026-08-04 05:27:20.392
bus_ID_391,FLUSH,12125,bus,513,250,512,250,0.5097,2026-08-04 05:27:21.247,2026-08-04 05:27:21.254
truck_ID_1229,FLUSH,12125,truck,515,250,496,252,0.6196,2026-08-04 05:27:21.168,2026-08-04 05:27:21.897
car_ID_5001,FLUSH,12123,car,354,368,922,401,0.7620,2026-08-04 05:27:20.327,2026-08-04 05:27:22.722
truck_ID_1228,FLUSH,12117,truck,599,240,389,259,0.7242,2026-08-04 05:27:17.040,2026-08-04 05:27:24.791
car_ID_5004,FLUSH,12130,car,660,258,660,258,0.5739,2026-08-04 05:27:27.061,2026-08-04 05:27:27.061
car_ID_5002,FLUSH,12124,car,631,257,374,297,0.6360,2026-08-04 05:27:22.296,2026-08-04 05:27:28.066
car_ID_5005,FLUSH,12134,car,445,273,445,273,0.5062,2026-08-04 05:27:28.208,2026-08-04 05:27:28.208
car_ID_5003,FLUSH,12126,car,605,255,399,277,0.5851,2026-08-04 05:27:23.707,2026-08-04 05:27:28.892
car_ID_5007,FLUSH,12141,car,454,274,398,279,0.5924,2026-08-04 05:27:32.028,2026-08-04 05:27:32.824
car_ID_5008,FLUSH,12151,car,804,236,756,242,0.5528,2026-08-04 05:27:41.219,2026-08-04 05:27:43.301
car_ID_5009,FLUSH,12153,car,723,245,710,246,0.5922,2026-08-04 05:27:44.402,2026-08-04 05:27:45.010
car_ID_5010,FLUSH,12158,car,624,252,435,273,0.7227,2026-08-04 05:27:47.499,2026-08-04 05:27:50.786
car_ID_5006,FLUSH,12135,car,612,270,347,298,0.7276,2026-08-04 05:27:29.329,2026-08-04 05:28:00.625
car_ID_5011,FLUSH,12168,car,398,344,802,257,0.7419,2026-08-04 05:27:54.330,2026-08-04 05:28:01.168
car_ID_5012,FLUSH,12176,car,716,250,705,250,0.5705,2026-08-04 05:28:00.842,2026-08-04 05:28:01.461
car_ID_5013,FLUSH,12178,car,669,260,665,260,0.5703,2026-08-04 05:28:02.596,2026-08-04 05:28:02.798
car_ID_5016,FLUSH,12184,car,667,262,667,262,0.6096,2026-08-04 05:28:05.809,2026-08-04 05:28:05.809
car_ID_5014,FLUSH,12180,car,339,382,997,401,0.7895,2026-08-04 05:28:03.997,2026-08-04 05:28:06.324
car_ID_5015,FLUSH,12182,car,612,268,351,293,0.6816,2026-08-04 05:28:04.591,2026-08-04 05:28:08.434
car_ID_5018,FLUSH,12188,car,521,269,386,283,0.6062,2026-08-04 05:28:06.488,2026-08-04 05:28:08.611
car_ID_5017,FLUSH,12187,car,349,377,1088,397,0.8187,2026-08-04 05:28:06.193,2026-08-04 05:28:09.021
bus_ID_393,FLUSH,12191,bus,647,237,647,237,0.5204,2026-08-04 05:28:08.989,2026-08-04 05:28:09.021
car_ID_5020,FLUSH,12195,car,668,260,668,260,0.5062,2026-08-04 05:28:10.558,2026-08-04 05:28:10.558
bus_ID_392,FLUSH,12193,bus,653,244,579,244,0.6330,2026-08-04 05:28:08.690,2026-08-04 05:28:10.833
car_ID_5021,FLUSH,12197,car,721,246,722,246,0.5490,2026-08-04 05:28:10.933,2026-08-04 05:28:10.994
truck_ID_1231,FLUSH,12193,truck,575,244,545,247,0.6702,2026-08-04 05:28:10.932,2026-08-04 05:28:11.554
car_ID_5019,FLUSH,12186,car,629,259,391,284,0.6622,2026-08-04 05:28:07.523,2026-08-04 05:28:11.757
truck_ID_1230,FLUSH,12196,truck,583,243,521,249,0.5918,2026-08-04 05:28:10.725,2026-08-04 05:28:11.960
bus_ID_394,FLUSH,12196,bus,591,243,494,253,0.6043,2026-08-04 05:28:10.558,2026-08-04 05:28:12.494
bus_ID_395,FLUSH,12193,bus,516,249,515,249,0.5204,2026-08-04 05:28:12.025,2026-08-04 05:28:12.537
car_ID_5022,FLUSH,12198,car,352,380,1085,396,0.8230,2026-08-04 05:28:11.588,2026-08-04 05:28:13.430
car_ID_5024,FLUSH,12202,car,775,239,775,239,0.5204,2026-08-04 05:28:14.253,2026-08-04 05:28:14.286
car_ID_5026,FLUSH,12206,car,722,246,722,246,0.5953,2026-08-04 05:28:15.923,2026-08-04 05:28:15.955
car_ID_5023,FLUSH,12195,car,623,255,401,281,0.7077,2026-08-04 05:28:12.233,2026-08-04 05:28:16.394
car_ID_5025,FLUSH,12201,car,614,254,392,281,0.6640,2026-08-04 05:28:15.062,2026-08-04 05:28:19.601
car_ID_5028,FLUSH,12208,car,655,252,467,274,0.7040,2026-08-04 05:28:17.668,2026-08-04 05:28:21.523
car_ID_5027,FLUSH,12207,car,400,341,804,260,0.7105,2026-08-04 05:28:17.294,2026-08-04 05:28:24.060
bus_ID_396,FLUSH,12211,bus,765,249,776,245,0.6964,2026-08-04 05:28:26.599,2026-08-04 05:28:27.213
bus_ID_397,FLUSH,12218,bus,769,248,789,243,0.5852,2026-08-04 05:28:26.926,2026-08-04 05:28:28.001
truck_ID_1232,FLUSH,12211,truck,410,290,797,242,0.7430,2026-08-04 05:28:21.593,2026-08-04 05:28:28.491
truck_ID_1233,FLUSH,12218,truck,763,249,796,242,0.6552,2026-08-04 05:28:26.403,2026-08-04 05:28:28.589
car_ID_5029,FLUSH,12216,car,612,256,392,282,0.7100,2026-08-04 05:28:25.509,2026-08-04 05:28:28.898
car_ID_5030,FLUSH,12221,car,791,237,770,239,0.5307,2026-08-04 05:28:30.975,2026-08-04 05:28:31.893
car_ID_5031,FLUSH,12224,car,723,246,710,246,0.5579,2026-08-04 05:28:33.641,2026-08-04 05:28:34.260
car_ID_5032,FLUSH,12227,car,611,255,386,280,0.7392,2026-08-04 05:28:37.087,2026-08-04 05:28:41.093
car_ID_5033,FLUSH,12236,car,1007,349,382,342,0.7478,2026-08-04 05:28:49.352,2026-08-04 05:28:52.796
car_ID_5034,FLUSH,12238,car,1043,349,391,341,0.8252,2026-08-04 05:28:51.326,2026-08-04 05:28:54.639
car_ID_5035,FLUSH,12243,car,783,298,777,273,0.7105,2026-08-04 05:28:57.542,2026-08-04 05:29:00.891
bus_ID_398,FLUSH,12241,bus,1031,278,799,242,0.7223,2026-08-04 05:28:53.341,2026-08-04 05:29:03.148
car_ID_5037,FLUSH,12249,car,757,240,757,240,0.5276,2026-08-04 05:29:10.689,2026-08-04 05:29:10.689
car_ID_5039,FLUSH,12252,car,713,242,710,242,0.5585,2026-08-04 05:29:11.992,2026-08-04 05:29:12.057
bus_ID_399,FLUSH,12251,bus,666,371,666,371,0.7128,2026-08-04 05:29:12.257,2026-08-04 05:29:12.257
car_ID_5040,FLUSH,12253,car,668,372,668,372,0.5890,2026-08-04 05:29:12.302,2026-08-04 05:29:12.302
bus_ID_400,FLUSH,12253,bus,684,371,684,371,0.5215,2026-08-04 05:29:12.334,2026-08-04 05:29:12.805
car_ID_5036,FLUSH,12251,car,357,364,1037,373,0.7355,2026-08-04 05:29:10.624,2026-08-04 05:29:13.898
car_ID_5042,FLUSH,12258,car,600,252,600,252,0.5169,2026-08-04 05:29:14.586,2026-08-04 05:29:14.586
car_ID_5041,FLUSH,12255,car,645,252,450,266,0.6046,2026-08-04 05:29:13.626,2026-08-04 05:29:16.661
car_ID_5038,FLUSH,12250,car,621,271,349,299,0.7243,2026-08-04 05:29:11.438,2026-08-04 05:29:16.836
truck_ID_1235,FLUSH,12255,truck,529,257,426,267,0.5439,2026-08-04 05:29:15.760,2026-08-04 05:29:16.933
car_ID_5043,FLUSH,12258,car,531,258,422,268,0.5904,2026-08-04 05:29:15.693,2026-08-04 05:29:16.967
car_ID_5044,FLUSH,12261,car,660,262,635,264,0.5761,2026-08-04 05:29:16.258,2026-08-04 05:29:17.032
truck_ID_1234,FLUSH,12258,truck,565,254,404,269,0.5486,2026-08-04 05:29:15.193,2026-08-04 05:29:17.110
car_ID_5045,FLUSH,12262,car,609,262,414,281,0.6657,2026-08-04 05:29:17.082,2026-08-04 05:29:19.429
car_ID_5049,FLUSH,12272,car,660,259,660,258,0.5525,2026-08-04 05:29:25.097,2026-08-04 05:29:25.130
car_ID_5046,FLUSH,12263,car,617,270,368,298,0.6837,2026-08-04 05:29:18.827,2026-08-04 05:29:26.129
car_ID_5053,FLUSH,12282,car,347,297,347,297,0.5169,2026-08-04 05:29:29.096,2026-08-04 05:29:29.232
car_ID_5052,FLUSH,12278,car,560,261,391,280,0.6506,2026-08-04 05:29:27.535,2026-08-04 05:29:30.066
person_ID_26,FLUSH,12284,person,446,327,446,327,0.6523,2026-08-04 05:29:30.570,2026-08-04 05:29:30.570
car_ID_5054,FLUSH,12282,car,348,295,349,299,0.6286,2026-08-04 05:29:30.363,2026-08-04 05:29:30.836
car_ID_5050,FLUSH,12280,car,643,259,535,272,0.6084,2026-08-04 05:29:27.326,2026-08-04 05:29:30.904
car_ID_5051,FLUSH,12277,car,588,277,428,292,0.6633,2026-08-04 05:29:27.488,2026-08-04 05:29:31.190
car_ID_5048,FLUSH,12270,car,387,309,772,255,0.7053,2026-08-04 05:29:24.420,2026-08-04 05:29:31.660
car_ID_5047,FLUSH,12266,car,390,342,805,257,0.7338,2026-08-04 05:29:23.131,2026-08-04 05:29:32.064
car_ID_5055,FLUSH,12291,car,655,262,655,262,0.5596,2026-08-04 05:29:32.690,2026-08-04 05:29:32.722
car_ID_5056,FLUSH,12293,car,406,294,406,294,0.5490,2026-08-04 05:29:32.823,2026-08-04 05:29:33.300
truck_ID_1236,FLUSH,12287,truck,667,257,667,257,0.5140,2026-08-04 05:29:34.323,2026-08-04 05:29:34.323
bus_ID_401,FLUSH,12287,bus,373,288,671,256,0.8087,2026-08-04 05:29:31.460,2026-08-04 05:29:34.421
car_ID_5058,FLUSH,12296,car,351,299,351,300,0.5470,2026-08-04 05:29:33.603,2026-08-04 05:29:34.999
car_ID_5059,FLUSH,12300,car,595,264,528,270,0.7006,2026-08-04 05:29:34.290,2026-08-04 05:29:35.587
car_ID_5060,FLUSH,12296,car,347,299,350,299,0.5361,2026-08-04 05:29:36.033,2026-08-04 05:29:36.567
car_ID_5061,FLUSH,12305,car,397,283,397,283,0.5739,2026-08-04 05:29:36.960,2026-08-04 05:29:36.960
bus_ID_402,FLUSH,12299,bus,659,258,782,241,0.7217,2026-08-04 05:29:34.228,2026-08-04 05:29:38.794
car_ID_5062,FLUSH,12307,car,346,298,346,299,0.5331,2026-08-04 05:29:38.732,2026-08-04 05:29:39.997
bus_ID_403,FLUSH,12309,bus,785,239,810,238,0.6243,2026-08-04 05:29:38.926,2026-08-04 05:29:40.199
car_ID_5064,FLUSH,12317,car,765,236,765,236,0.5026,2026-08-04 05:29:45.010,2026-08-04 05:29:45.017
truck_ID_1237,FLUSH,12295,truck,464,289,462,291,0.5169,2026-08-04 05:29:45.289,2026-08-04 05:29:45.321
car_ID_5063,FLUSH,12315,car,397,308,789,250,0.7194,2026-08-04 05:29:45.009,2026-08-04 05:29:50.918
car_ID_5065,FLUSH,12328,car,711,252,711,251,0.5062,2026-08-04 05:29:52.128,2026-08-04 05:29:52.196
car_ID_5067,FLUSH,12331,car,667,262,667,262,0.5276,2026-08-04 05:29:53.827,2026-08-04 05:29:53.827
car_ID_5057,FLUSH,12295,car,469,277,392,281,0.5983,2026-08-04 05:29:33.060,2026-08-04 05:29:54.827
car_ID_5066,FLUSH,12330,car,365,351,1094,380,0.7954,2026-08-04 05:29:53.752,2026-08-04 05:29:56.658
car_ID_5069,FLUSH,12335,car,368,364,1021,394,0.8584,2026-08-04 05:29:55.663,2026-08-04 05:29:57.197
car_ID_5072,FLUSH,12341,car,407,280,376,283,0.6060,2026-08-04 05:29:58.957,2026-08-04 05:29:59.188
car_ID_5070,FLUSH,12337,car,555,267,399,289,0.6469,2026-08-04 05:29:57.555,2026-08-04 05:29:59.592
car_ID_5071,FLUSH,12338,car,403,366,974,387,0.8286,2026-08-04 05:29:58.196,2026-08-04 05:29:59.801
car_ID_5073,FLUSH,12342,car,383,346,911,368,0.7839,2026-08-04 05:29:59.592,2026-08-04 05:30:00.980
car_ID_5074,FLUSH,12345,car,686,368,729,367,0.8266,2026-08-04 05:30:00.556,2026-08-04 05:30:01.131
car_ID_5068,FLUSH,12332,car,978,314,805,257,0.7442,2026-08-04 05:29:53.926,2026-08-04 05:30:02.965
car_ID_5076,FLUSH,12351,car,378,366,1012,387,0.8356,2026-08-04 05:30:03.595,2026-08-04 05:30:05.198
car_ID_5077,FLUSH,12352,car,710,254,706,253,0.5199,2026-08-04 05:30:05.401,2026-08-04 05:30:05.846
car_ID_5075,FLUSH,12348,car,617,263,396,283,0.6402,2026-08-04 05:30:03.225,2026-08-04 05:30:06.410
car_ID_5078,FLUSH,12361,car,661,261,659,259,0.6036,2026-08-04 05:30:08.329,2026-08-04 05:30:08.391
car_ID_5079,FLUSH,12363,car,604,256,484,271,0.6267,2026-08-04 05:30:09.425,2026-08-04 05:30:11.484
car_ID_5080,FLUSH,12365,car,417,280,411,279,0.5418,2026-08-04 05:30:11.554,2026-08-04 05:30:11.588
car_ID_5081,FLUSH,12367,car,600,273,609,271,0.6028,2026-08-04 05:30:11.888,2026-08-04 05:30:12.223
truck_ID_1239,FLUSH,12368,truck,587,274,618,270,0.6906,2026-08-04 05:30:12.572,2026-08-04 05:30:12.989
truck_ID_1238,FLUSH,12366,truck,385,299,668,266,0.6533,2026-08-04 05:30:10.758,2026-08-04 05:30:13.802
car_ID_5084,FLUSH,12377,car,656,274,656,274,0.5347,2026-08-04 05:30:14.708,2026-08-04 05:30:14.708
car_ID_5085,FLUSH,12376,car,707,262,707,262,0.5062,2026-08-04 05:30:14.748,2026-08-04 05:30:14.824
car_ID_5086,FLUSH,12378,car,707,261,707,261,0.5590,2026-08-04 05:30:14.792,2026-08-04 05:30:14.863
truck_ID_1240,FLUSH,12376,truck,708,261,711,259,0.5151,2026-08-04 05:30:14.863,2026-08-04 05:30:15.129
truck_ID_1241,FLUSH,12378,truck,716,258,725,256,0.5646,2026-08-04 05:30:15.260,2026-08-04 05:30:15.718
car_ID_5083,FLUSH,12371,car,566,274,394,294,0.6434,2026-08-04 05:30:13.527,2026-08-04 05:30:17.394
car_ID_5088,FLUSH,12378,car,747,253,796,243,0.6038,2026-08-04 05:30:16.666,2026-08-04 05:30:18.759
car_ID_5089,FLUSH,12382,car,585,260,437,277,0.5498,2026-08-04 05:30:17.232,2026-08-04 05:30:19.538
car_ID_5082,FLUSH,12372,car,398,343,784,264,0.7563,2026-08-04 05:30:13.429,2026-08-04 05:30:19.574
car_ID_5087,FLUSH,12380,car,382,346,808,259,0.7130,2026-08-04 05:30:14.997,2026-08-04 05:30:23.058
car_ID_5091,FLUSH,12395,car,709,252,709,252,0.5264,2026-08-04 05:30:26.198,2026-08-04 05:30:26.367
car_ID_5093,FLUSH,12399,car,667,263,651,263,0.5472,2026-08-04 05:30:28.100,2026-08-04 05:30:28.994
car_ID_5094,FLUSH,12402,car,705,248,705,248,0.5204,2026-08-04 05:30:29.102,2026-08-04 05:30:29.102
car_ID_5096,FLUSH,12406,car,547,264,547,264,0.5062,2026-08-04 05:30:31.563,2026-08-04 05:30:31.563
car_ID_5098,FLUSH,12408,car,464,276,463,275,0.5133,2026-08-04 05:30:32.199,2026-08-04 05:30:32.232
car_ID_5090,FLUSH,12386,car,613,272,807,259,0.7008,2026-08-04 05:30:20.322,2026-08-04 05:30:34.964
car_ID_5095,FLUSH,12403,car,398,289,375,294,0.7067,2026-08-04 05:30:29.522,2026-08-04 05:30:38.763
car_ID_5092,FLUSH,12397,car,608,264,403,286,0.6918,2026-08-04 05:30:27.916,2026-08-04 05:30:41.290
car_ID_5099,FLUSH,12415,car,361,378,982,396,0.8237,2026-08-04 05:30:41.323,2026-08-04 05:30:42.963
car_ID_5100,FLUSH,12417,car,364,373,1022,393,0.8336,2026-08-04 05:30:43.095,2026-08-04 05:30:44.983
car_ID_5097,FLUSH,12407,car,613,270,378,293,0.7222,2026-08-04 05:30:32.170,2026-08-04 05:30:45.009
car_ID_5101,FLUSH,12422,car,621,264,422,280,0.6050,2026-08-04 05:30:44.125,2026-08-04 05:30:46.203
car_ID_5102,FLUSH,12424,car,380,363,991,378,0.8115,2026-08-04 05:30:46.141,2026-08-04 05:30:47.958
car_ID_5103,FLUSH,12430,car,364,372,945,391,0.7938,2026-08-04 05:30:49.000,2026-08-04 05:30:50.788
car_ID_5104,FLUSH,12440,car,582,258,412,274,0.6285,2026-08-04 05:30:56.948,2026-08-04 05:30:59.765
car_ID_5106,FLUSH,12444,car,778,239,778,238,0.5447,2026-08-04 05:31:00.590,2026-08-04 05:31:00.722
car_ID_5107,FLUSH,12449,car,610,264,430,283,0.6663,2026-08-04 05:31:04.141,2026-08-04 05:31:05.990
car_ID_5105,FLUSH,12443,car,388,319,805,249,0.7276,2026-08-04 05:30:57.383,2026-08-04 05:31:06.122
car_ID_5108,FLUSH,12457,car,662,260,662,260,0.5311,2026-08-04 05:31:08.181,2026-08-04 05:31:08.261
car_ID_5109,FLUSH,12457,car,624,267,343,296,0.7460,2026-08-04 05:31:09.979,2026-08-04 05:31:16.795
car_ID_5110,FLUSH,12462,car,395,342,806,256,0.7399,2026-08-04 05:31:12.564,2026-08-04 05:31:20.361
car_ID_5112,FLUSH,12471,car,364,353,1082,372,0.8055,2026-08-04 05:31:21.355,2026-08-04 05:31:23.694
car_ID_5111,FLUSH,12470,car,962,309,760,273,0.7612,2026-08-04 05:31:21.354,2026-08-04 05:31:25.856
car_ID_5115,FLUSH,12478,car,653,267,653,267,0.5311,2026-08-04 05:31:28.039,2026-08-04 05:31:28.039
car_ID_5114,FLUSH,12477,car,778,269,798,261,0.5266,2026-08-04 05:31:26.617,2026-08-04 05:31:28.101
car_ID_5113,FLUSH,12474,car,1109,327,806,257,0.7782,2026-08-04 05:31:22.536,2026-08-04 05:31:31.010
car_ID_5116,FLUSH,12481,car,600,274,600,274,0.5097,2026-08-04 05:31:31.422,2026-08-04 05:31:31.492
car_ID_5117,FLUSH,12481,car,554,277,434,292,0.6499,2026-08-04 05:31:32.724,2026-08-04 05:31:35.181
car_ID_5118,FLUSH,12487,car,751,245,751,245,0.5276,2026-08-04 05:31:35.253,2026-08-04 05:31:35.762
car_ID_5119,FLUSH,12491,car,721,245,721,245,0.5204,2026-08-04 05:31:37.127,2026-08-04 05:31:37.160
car_ID_5120,FLUSH,12493,car,646,262,474,279,0.6385,2026-08-04 05:31:37.941,2026-08-04 05:31:40.464
car_ID_5121,FLUSH,12497,car,596,257,529,265,0.5646,2026-08-04 05:31:39.962,2026-08-04 05:31:40.954
car_ID_5122,FLUSH,12506,car,626,312,625,312,0.5454,2026-08-04 05:31:43.099,2026-08-04 05:31:43.584
truck_ID_1243,FLUSH,12514,truck,436,307,625,279,0.6689,2026-08-04 05:31:45.760,2026-08-04 05:31:47.820
truck_ID_1244,FLUSH,12518,truck,767,251,778,248,0.6659,2026-08-04 05:31:47.821,2026-08-04 05:31:48.971
truck_ID_1242,FLUSH,12498,truck,358,298,786,246,0.7107,2026-08-04 05:31:39.823,2026-08-04 05:31:49.051
car_ID_5123,FLUSH,12521,car,610,272,611,273,0.5662,2026-08-04 05:31:49.492,2026-08-04 05:31:49.660
truck_ID_1245,FLUSH,12519,truck,440,292,492,281,0.7151,2026-08-04 05:31:49.224,2026-08-04 05:31:49.798
bus_ID_404,FLUSH,12519,bus,506,280,506,280,0.5252,2026-08-04 05:31:49.893,2026-08-04 05:31:50.367
truck_ID_1247,FLUSH,12523,truck,752,263,752,263,0.5383,2026-08-04 05:31:50.335,2026-08-04 05:31:50.367
car_ID_5125,FLUSH,12531,car,670,260,670,260,0.5133,2026-08-04 05:31:53.657,2026-08-04 05:31:53.657
bus_ID_406,FLUSH,12532,bus,579,242,568,243,0.6256,2026-08-04 05:31:53.657,2026-08-04 05:31:53.892
truck_ID_1248,FLUSH,12530,truck,581,241,574,242,0.6247,2026-08-04 05:31:53.625,2026-08-04 05:31:53.892
truck_ID_1249,FLUSH,12532,truck,562,243,550,244,0.6530,2026-08-04 05:31:53.988,2026-08-04 05:31:54.200
truck_ID_1250,FLUSH,12533,truck,764,251,768,251,0.6673,2026-08-04 05:31:53.988,2026-08-04 05:31:54.263
bus_ID_407,FLUSH,12524,bus,771,251,776,250,0.5276,2026-08-04 05:31:54.407,2026-08-04 05:31:54.718
bus_ID_408,FLUSH,12533,bus,776,249,778,248,0.5614,2026-08-04 05:31:54.788,2026-08-04 05:31:54.922
truck_ID_1246,FLUSH,12524,truck,497,280,784,247,0.7455,2026-08-04 05:31:49.859,2026-08-04 05:31:55.937
bus_ID_405,FLUSH,12530,bus,612,239,434,253,0.6032,2026-08-04 05:31:52.969,2026-08-04 05:31:56.111
truck_ID_1251,FLUSH,12533,truck,786,247,796,244,0.6107,2026-08-04 05:31:55.497,2026-08-04 05:31:56.426
car_ID_5126,FLUSH,12531,car,620,265,437,277,0.6572,2026-08-04 05:31:54.890,2026-08-04 05:31:57.857
car_ID_5127,FLUSH,12541,car,706,255,706,255,0.5703,2026-08-04 05:31:59.898,2026-08-04 05:31:59.930
car_ID_5128,FLUSH,12544,car,677,260,648,267,0.5365,2026-08-04 05:32:01.266,2026-08-04 05:32:02.499
car_ID_5131,FLUSH,12552,car,619,247,618,247,0.5276,2026-08-04 05:32:07.141,2026-08-04 05:32:07.173
truck_ID_1252,FLUSH,12552,truck,601,248,597,248,0.5409,2026-08-04 05:32:07.865,2026-08-04 05:32:07.963
truck_ID_1253,FLUSH,12552,truck,564,251,531,255,0.5521,2026-08-04 05:32:09.127,2026-08-04 05:32:10.358
car_ID_5124,FLUSH,12527,car,548,276,778,253,0.6940,2026-08-04 05:31:51.157,2026-08-04 05:32:10.758
car_ID_5132,FLUSH,12563,car,671,260,655,263,0.5454,2026-08-04 05:32:10.293,2026-08-04 05:32:10.997
car_ID_5129,FLUSH,12548,car,621,272,491,289,0.7425,2026-08-04 05:32:03.899,2026-08-04 05:32:12.261
bus_ID_410,FLUSH,12549,bus,767,309,767,309,0.7746,2026-08-04 05:32:12.465,2026-08-04 05:32:12.465
car_ID_5130,FLUSH,12551,car,400,296,399,296,0.6795,2026-08-04 05:32:05.467,2026-08-04 05:32:12.672
car_ID_5134,FLUSH,12568,car,627,349,627,349,0.5240,2026-08-04 05:32:14.586,2026-08-04 05:32:15.062
bus_ID_409,FLUSH,12557,bus,1033,308,367,292,0.7394,2026-08-04 05:32:09.520,2026-08-04 05:32:16.506
car_ID_5133,FLUSH,12567,car,761,277,808,258,0.7287,2026-08-04 05:32:14.322,2026-08-04 05:32:16.908
car_ID_5137,FLUSH,12571,car,426,293,370,292,0.6945,2026-08-04 05:32:16.194,2026-08-04 05:32:24.763
car_ID_5138,FLUSH,12577,car,1001,319,806,258,0.7772,2026-08-04 05:32:19.768,2026-08-04 05:32:27.458
car_ID_5139,FLUSH,12586,car,602,270,549,273,0.5934,2026-08-04 05:32:26.728,2026-08-04 05:32:27.559
car_ID_5136,FLUSH,12570,car,507,287,366,300,0.7500,2026-08-04 05:32:15.721,2026-08-04 05:32:28.069
car_ID_5140,FLUSH,12588,car,357,383,951,398,0.8067,2026-08-04 05:32:28.965,2026-08-04 05:32:30.696
car_ID_5135,FLUSH,12569,car,593,276,366,300,0.8001,2026-08-04 05:32:15.295,2026-08-04 05:32:30.728
car_ID_5141,FLUSH,12591,car,362,381,1030,403,0.7508,2026-08-04 05:32:30.729,2026-08-04 05:32:33.035
car_ID_5142,FLUSH,12595,car,344,358,1092,405,0.7903,2026-08-04 05:32:33.370,2026-08-04 05:32:35.827
car_ID_5144,FLUSH,12603,car,660,260,659,263,0.5418,2026-08-04 05:32:36.755,2026-08-04 05:32:36.923
car_ID_5143,FLUSH,12601,car,363,375,1085,404,0.8151,2026-08-04 05:32:35.489,2026-08-04 05:32:38.024
car_ID_5145,FLUSH,12606,car,570,274,417,292,0.6383,2026-08-04 05:32:40.536,2026-08-04 05:32:43.988
person_ID_28,FLUSH,12619,person,954,406,965,400,0.5229,2026-08-04 05:32:51.329,2026-08-04 05:32:53.444
person_ID_27,FLUSH,12613,person,898,422,937,405,0.5575,2026-08-04 05:32:49.897,2026-08-04 05:32:54.663
car_ID_5147,FLUSH,12627,car,709,253,709,253,0.5097,2026-08-04 05:32:55.564,2026-08-04 05:32:55.597
person_ID_29,FLUSH,12613,person,957,401,963,402,0.5347,2026-08-04 05:32:55.938,2026-08-04 05:32:56.152
car_ID_5149,FLUSH,12631,car,647,265,647,265,0.5276,2026-08-04 05:32:58.811,2026-08-04 05:32:58.811
car_ID_5146,FLUSH,12617,car,552,276,402,293,0.6302,2026-08-04 05:32:50.591,2026-08-04 05:33:01.920
car_ID_5152,FLUSH,12644,car,771,245,770,245,0.5062,2026-08-04 05:33:03.257,2026-08-04 05:33:03.289
car_ID_5153,FLUSH,12617,car,406,293,407,293,0.6202,2026-08-04 05:33:03.355,2026-08-04 05:33:03.869
car_ID_5150,FLUSH,12633,car,615,271,550,279,0.6503,2026-08-04 05:33:00.343,2026-08-04 05:33:04.200
car_ID_5154,FLUSH,12649,car,604,267,600,271,0.5418,2026-08-04 05:33:04.129,2026-08-04 05:33:04.235
car_ID_5148,FLUSH,12629,car,618,272,486,286,0.7423,2026-08-04 05:32:56.688,2026-08-04 05:33:04.268
car_ID_5155,FLUSH,12655,car,711,255,711,255,0.5810,2026-08-04 05:33:05.162,2026-08-04 05:33:05.162
truck_ID_1255,FLUSH,12657,truck,534,282,578,276,0.5601,2026-08-04 05:33:05.326,2026-08-04 05:33:05.770
truck_ID_1254,FLUSH,12647,truck,397,293,595,273,0.6698,2026-08-04 05:33:03.965,2026-08-04 05:33:05.815
bus_ID_411,FLUSH,12647,bus,520,284,646,268,0.5719,2026-08-04 05:33:05.227,2026-08-04 05:33:06.426
car_ID_5151,FLUSH,12639,car,433,333,785,274,0.7388,2026-08-04 05:33:02.323,2026-08-04 05:33:06.965
car_ID_5158,FLUSH,12660,car,531,281,550,279,0.6729,2026-08-04 05:33:06.258,2026-08-04 05:33:07.181
car_ID_5160,FLUSH,12664,car,619,264,614,266,0.6339,2026-08-04 05:33:07.611,2026-08-04 05:33:07.794
car_ID_5161,FLUSH,12669,car,537,281,539,278,0.6911,2026-08-04 05:33:07.932,2026-08-04 05:33:08.862
bus_ID_412,FLUSH,12670,bus,754,257,767,254,0.7416,2026-08-04 05:33:08.165,2026-08-04 05:33:09.060
car_ID_5163,FLUSH,12674,car,395,297,396,297,0.6138,2026-08-04 05:33:08.750,2026-08-04 05:33:09.470
bus_ID_413,FLUSH,12672,bus,767,254,780,251,0.6450,2026-08-04 05:33:08.627,2026-08-04 05:33:09.597
car_ID_5165,FLUSH,12678,car,407,291,390,295,0.6057,2026-08-04 05:33:09.764,2026-08-04 05:33:10.492
bus_ID_414,FLUSH,12672,bus,792,247,792,247,0.5965,2026-08-04 05:33:10.693,2026-08-04 05:33:10.758
bus_ID_415,FLUSH,12681,bus,817,241,818,242,0.5502,2026-08-04 05:33:12.777,2026-08-04 05:33:12.856
car_ID_5167,FLUSH,12684,car,397,296,397,296,0.6096,2026-08-04 05:33:13.290,2026-08-04 05:33:13.457
car_ID_5168,FLUSH,12685,car,612,284,659,279,0.5729,2026-08-04 05:33:13.565,2026-08-04 05:33:14.070
car_ID_5159,FLUSH,12665,car,397,296,749,260,0.6901,2026-08-04 05:33:07.526,2026-08-04 05:33:14.420
car_ID_5157,FLUSH,12659,car,393,307,793,252,0.6903,2026-08-04 05:33:06.155,2026-08-04 05:33:14.653
car_ID_5169,FLUSH,12687,car,701,269,720,269,0.5721,2026-08-04 05:33:14.621,2026-08-04 05:33:15.071
car_ID_5170,FLUSH,12684,car,397,295,397,295,0.5846,2026-08-04 05:33:14.792,2026-08-04 05:33:15.302
car_ID_5171,FLUSH,12690,car,397,296,396,296,0.5276,2026-08-04 05:33:16.161,2026-08-04 05:33:16.296
car_ID_5166,FLUSH,12680,car,431,325,805,251,0.6405,2026-08-04 05:33:12.529,2026-08-04 05:33:18.856
car_ID_5172,FLUSH,12693,car,771,240,768,241,0.5400,2026-08-04 05:33:21.784,2026-08-04 05:33:21.999
car_ID_5173,FLUSH,12702,car,723,245,722,244,0.5187,2026-08-04 05:33:24.564,2026-08-04 05:33:24.796
car_ID_5175,FLUSH,12706,car,669,256,669,256,0.5311,2026-08-04 05:33:27.459,2026-08-04 05:33:27.459
car_ID_5176,FLUSH,12706,car,627,258,603,257,0.5379,2026-08-04 05:33:29.128,2026-08-04 05:33:30.293
car_ID_5174,FLUSH,12707,car,989,317,761,284,0.7310,2026-08-04 05:33:27.426,2026-08-04 05:33:31.558
car_ID_5177,FLUSH,12710,car,998,318,774,276,0.7526,2026-08-04 05:33:29.364,2026-08-04 05:33:33.703
car_ID_5178,FLUSH,12711,car,1117,328,754,282,0.7739,2026-08-04 05:33:29.991,2026-08-04 05:33:34.796
car_ID_5156,FLUSH,12658,car,448,284,357,291,0.7460,2026-08-04 05:33:05.737,2026-08-04 05:33:35.548
car_ID_5181,FLUSH,12719,car,787,263,787,263,0.5347,2026-08-04 05:33:36.928,2026-08-04 05:33:36.928
car_ID_5182,FLUSH,12720,car,744,264,758,257,0.6069,2026-08-04 05:33:37.367,2026-08-04 05:33:38.994
car_ID_5179,FLUSH,12715,car,972,316,807,257,0.6594,2026-08-04 05:33:33.030,2026-08-04 05:33:41.800
car_ID_5180,FLUSH,12717,car,478,286,385,292,0.7487,2026-08-04 05:33:33.777,2026-08-04 05:33:43.516
car_ID_5184,FLUSH,12731,car,406,371,890,397,0.7848,2026-08-04 05:33:43.996,2026-08-04 05:33:45.188
car_ID_5164,FLUSH,12675,car,550,279,380,297,0.6852,2026-08-04 05:33:08.962,2026-08-04 05:33:45.629
car_ID_5162,FLUSH,12671,car,608,267,441,282,0.6223,2026-08-04 05:33:08.539,2026-08-04 05:33:46.233
car_ID_5185,FLUSH,12736,car,414,368,985,397,0.7550,2026-08-04 05:33:46.036,2026-08-04 05:33:47.918
car_ID_5183,FLUSH,12729,car,1026,319,800,256,0.6975,2026-08-04 05:33:42.290,2026-08-04 05:33:49.932
car_ID_5186,FLUSH,12741,car,376,369,1007,397,0.8347,2026-08-04 05:33:48.562,2026-08-04 05:33:50.399
car_ID_5187,FLUSH,12743,car,356,364,1049,385,0.7688,2026-08-04 05:33:49.995,2026-08-04 05:33:52.497
car_ID_5188,FLUSH,12747,car,402,358,936,385,0.7104,2026-08-04 05:33:51.364,2026-08-04 05:33:52.756
car_ID_5190,FLUSH,12758,car,671,261,671,261,0.6167,2026-08-04 05:33:58.024,2026-08-04 05:33:58.024
car_ID_5192,FLUSH,12766,car,600,274,606,273,0.6053,2026-08-04 05:34:00.829,2026-08-04 05:34:00.965
bus_ID_416,FLUSH,12764,bus,512,283,513,283,0.5665,2026-08-04 05:34:01.957,2026-08-04 05:34:01.989
bus_ID_417,FLUSH,12769,bus,516,282,516,282,0.6866,2026-08-04 05:34:02.029,2026-08-04 05:34:02.029
truck_ID_1256,FLUSH,12764,truck,378,291,540,279,0.6565,2026-08-04 05:33:59.750,2026-08-04 05:34:02.226
car_ID_5191,FLUSH,12759,car,398,310,726,266,0.7281,2026-08-04 05:33:58.061,2026-08-04 05:34:02.933
car_ID_5189,FLUSH,12755,car,378,317,797,249,0.7514,2026-08-04 05:33:55.555,2026-08-04 05:34:02.984
truck_ID_1257,FLUSH,12769,truck,513,283,660,266,0.7431,2026-08-04 05:34:01.989,2026-08-04 05:34:03.594
truck_ID_1258,FLUSH,12777,truck,754,257,754,257,0.5062,2026-08-04 05:34:04.659,2026-08-04 05:34:04.659
car_ID_5193,FLUSH,12774,car,520,282,441,293,0.6230,2026-08-04 05:34:03.421,2026-08-04 05:34:06.392
car_ID_5195,FLUSH,12782,car,784,268,784,268,0.5145,2026-08-04 05:34:07.389,2026-08-04 05:34:07.454
truck_ID_1259,FLUSH,12780,truck,355,296,498,285,0.6308,2026-08-04 05:34:05.955,2026-08-04 05:34:08.168
car_ID_5194,FLUSH,12775,car,430,333,800,259,0.6858,2026-08-04 05:34:03.696,2026-08-04 05:34:10.592
bus_ID_418,FLUSH,12785,bus,783,248,785,248,0.5846,2026-08-04 05:34:14.426,2026-08-04 05:34:14.578
truck_ID_1260,FLUSH,12785,truck,524,286,788,244,0.7753,2026-08-04 05:34:08.363,2026-08-04 05:34:15.024
truck_ID_1261,FLUSH,12792,truck,784,247,789,245,0.5793,2026-08-04 05:34:14.427,2026-08-04 05:34:15.195
bus_ID_419,FLUSH,12792,bus,801,243,799,243,0.5668,2026-08-04 05:34:15.643,2026-08-04 05:34:15.676
car_ID_5196,FLUSH,12798,car,573,264,573,264,0.5775,2026-08-04 05:34:23.531,2026-08-04 05:34:23.531
car_ID_5197,FLUSH,12798,car,514,269,512,270,0.5169,2026-08-04 05:34:25.312,2026-08-04 05:34:25.352
car_ID_5198,FLUSH,12798,car,445,276,442,277,0.5932,2026-08-04 05:34:26.776,2026-08-04 05:34:26.917
car_ID_5200,FLUSH,12804,car,711,247,707,246,0.5383,2026-08-04 05:34:29.548,2026-08-04 05:34:29.720
car_ID_5201,FLUSH,12805,car,659,261,396,277,0.7000,2026-08-04 05:34:31.121,2026-08-04 05:34:35.622
car_ID_5202,FLUSH,12808,car,459,371,498,374,0.5102,2026-08-04 05:34:35.525,2026-08-04 05:34:35.694
person_ID_30,FLUSH,12809,person,467,345,681,365,0.6343,2026-08-04 05:34:35.661,2026-08-04 05:34:36.295
motorcycle_ID_11,FLUSH,12808,motorcycle,511,376,842,394,0.6600,2026-08-04 05:34:35.727,2026-08-04 05:34:36.656
person_ID_31,FLUSH,12811,person,801,371,801,371,0.5703,2026-08-04 05:34:36.592,2026-08-04 05:34:37.057
car_ID_5203,FLUSH,12808,car,908,397,908,397,0.5989,2026-08-04 05:34:36.789,2026-08-04 05:34:37.263
car_ID_5199,FLUSH,12803,car,989,313,804,256,0.7271,2026-08-04 05:34:29.396,2026-08-04 05:34:37.602
car_ID_5204,FLUSH,12812,car,419,364,1085,389,0.7709,2026-08-04 05:34:38.467,2026-08-04 05:34:40.851
truck_ID_1262,FLUSH,12826,truck,453,290,705,258,0.7055,2026-08-04 05:34:51.496,2026-08-04 05:34:54.196
car_ID_5205,FLUSH,12822,car,433,335,797,253,0.7296,2026-08-04 05:34:47.959,2026-08-04 05:34:55.123
bus_ID_420,FLUSH,12826,bus,758,253,762,252,0.5963,2026-08-04 05:34:55.569,2026-08-04 05:34:55.763
bus_ID_421,FLUSH,12830,bus,762,252,765,252,0.6124,2026-08-04 05:34:55.868,2026-08-04 05:34:56.033
truck_ID_1263,FLUSH,12830,truck,722,254,777,249,0.5873,2026-08-04 05:34:54.534,2026-08-04 05:34:56.896
truck_ID_1265,FLUSH,12826,truck,752,253,776,249,0.5406,2026-08-04 05:34:55.393,2026-08-04 05:34:56.993
truck_ID_1264,FLUSH,12831,truck,404,289,768,253,0.7210,2026-08-04 05:34:54.684,2026-08-04 05:34:59.261
bus_ID_422,FLUSH,12831,bus,764,253,775,251,0.6486,2026-08-04 05:34:59.459,2026-08-04 05:35:00.268
truck_ID_1266,FLUSH,12831,truck,776,251,780,250,0.5281,2026-08-04 05:35:00.300,2026-08-04 05:35:00.790
bus_ID_424,FLUSH,12831,bus,786,247,786,247,0.6238,2026-08-04 05:35:01.431,2026-08-04 05:35:01.431
bus_ID_423,FLUSH,12837,bus,779,250,787,247,0.5362,2026-08-04 05:35:00.757,2026-08-04 05:35:01.500
truck_ID_1267,FLUSH,12838,truck,888,347,700,346,0.5177,2026-08-04 05:35:01.825,2026-08-04 05:35:02.767
car_ID_5206,FLUSH,12838,car,1081,348,695,346,0.6888,2026-08-04 05:35:00.621,2026-08-04 05:35:02.802
car_ID_5207,FLUSH,12840,car,717,345,366,340,0.7032,2026-08-04 05:35:02.693,2026-08-04 05:35:05.090
car_ID_5208,FLUSH,12848,car,531,268,435,278,0.5290,2026-08-04 05:35:06.331,2026-08-04 05:35:08.264
truck_ID_1269,FLUSH,12863,truck,490,283,499,283,0.7166,2026-08-04 05:35:20.466,2026-08-04 05:35:21.030
bus_ID_426,FLUSH,12859,bus,771,252,779,251,0.5926,2026-08-04 05:35:25.826,2026-08-04 05:35:26.331
bus_ID_425,FLUSH,12869,bus,766,252,787,248,0.5880,2026-08-04 05:35:25.271,2026-08-04 05:35:27.193
truck_ID_1270,FLUSH,12869,truck,766,252,788,248,0.6512,2026-08-04 05:35:25.379,2026-08-04 05:35:27.763
car_ID_5211,FLUSH,12871,car,609,264,459,275,0.5753,2026-08-04 05:35:26.599,2026-08-04 05:35:28.068
truck_ID_1268,FLUSH,12859,truck,365,292,797,246,0.7168,2026-08-04 05:35:18.592,2026-08-04 05:35:28.266
car_ID_5210,FLUSH,12868,car,398,316,774,256,0.7100,2026-08-04 05:35:24.222,2026-08-04 05:35:30.897
truck_ID_1272,FLUSH,12878,truck,765,252,766,251,0.7246,2026-08-04 05:35:32.926,2026-08-04 05:35:33.129
truck_ID_1271,FLUSH,12873,truck,413,285,774,249,0.7562,2026-08-04 05:35:28.691,2026-08-04 05:35:33.467
bus_ID_427,FLUSH,12873,bus,767,251,790,246,0.6449,2026-08-04 05:35:33.097,2026-08-04 05:35:34.633
car_ID_5212,FLUSH,12877,car,655,261,646,263,0.5577,2026-08-04 05:35:34.057,2026-08-04 05:35:34.777
bus_ID_428,FLUSH,12878,bus,768,251,799,244,0.6733,2026-08-04 05:35:33.251,2026-08-04 05:35:35.287
car_ID_5215,FLUSH,12887,car,1058,324,1058,324,0.5062,2026-08-04 05:35:41.294,2026-08-04 05:35:41.359
car_ID_5216,FLUSH,12888,car,1058,323,1058,323,0.5418,2026-08-04 05:35:42.457,2026-08-04 05:35:42.589
car_ID_5213,FLUSH,12881,car,619,269,357,298,0.7064,2026-08-04 05:35:35.901,2026-08-04 05:35:43.437
car_ID_5217,FLUSH,12891,car,660,260,645,267,0.5582,2026-08-04 05:35:43.620,2026-08-04 05:35:44.918
car_ID_5214,FLUSH,12884,car,432,332,804,260,0.7125,2026-08-04 05:35:39.585,2026-08-04 05:35:46.727
car_ID_5209,FLUSH,12861,car,1123,349,703,348,0.6740,2026-08-04 05:35:19.944,2026-08-04 05:35:46.822
car_ID_5219,FLUSH,12897,car,686,349,364,342,0.7821,2026-08-04 05:35:46.900,2026-08-04 05:35:48.732
car_ID_5218,FLUSH,12894,car,612,272,416,291,0.6610,2026-08-04 05:35:46.071,2026-08-04 05:35:54.029
car_ID_5221,FLUSH,12894,car,423,292,424,292,0.5169,2026-08-04 05:35:56.524,2026-08-04 05:35:56.592
car_ID_5220,FLUSH,12902,car,988,316,804,258,0.7631,2026-08-04 05:35:49.961,2026-08-04 05:35:58.331
car_ID_5222,FLUSH,12894,car,418,291,416,293,0.5151,2026-08-04 05:35:58.910,2026-08-04 05:35:59.531
car_ID_5223,FLUSH,12894,car,421,291,424,292,0.5163,2026-08-04 05:36:01.958,2026-08-04 05:36:02.224
car_ID_5224,FLUSH,12894,car,392,295,392,295,0.5561,2026-08-04 05:36:04.134,2026-08-04 05:36:04.134
car_ID_5225,FLUSH,12911,car,603,269,444,285,0.6426,2026-08-04 05:36:06.492,2026-08-04 05:36:08.787
car_ID_5226,FLUSH,12914,car,367,370,1041,399,0.8585,2026-08-04 05:36:09.030,2026-08-04 05:36:10.657
car_ID_5227,FLUSH,12916,car,409,358,1056,384,0.7830,2026-08-04 05:36:10.592,2026-08-04 05:36:12.679
car_ID_5228,FLUSH,12918,car,375,367,931,381,0.7821,2026-08-04 05:36:13.226,2026-08-04 05:36:14.623
truck_ID_1273,FLUSH,12925,truck,371,295,525,284,0.6231,2026-08-04 05:36:20.158,2026-08-04 05:36:22.750
car_ID_5229,FLUSH,12939,car,442,290,442,290,0.5276,2026-08-04 05:36:25.785,2026-08-04 05:36:25.785
truck_ID_1274,FLUSH,12931,truck,528,283,769,252,0.7702,2026-08-04 05:36:22.824,2026-08-04 05:36:27.928
truck_ID_1275,FLUSH,12940,truck,766,251,790,246,0.6742,2026-08-04 05:36:27.121,2026-08-04 05:36:29.329
truck_ID_1276,FLUSH,12941,truck,781,250,791,245,0.5895,2026-08-04 05:36:28.322,2026-08-04 05:36:29.429
car_ID_5230,FLUSH,12946,car,670,257,657,261,0.5163,2026-08-04 05:36:35.289,2026-08-04 05:36:35.556
car_ID_5231,FLUSH,12947,car,600,266,599,266,0.5703,2026-08-04 05:36:36.964,2026-08-04 05:36:36.997
car_ID_5232,FLUSH,12947,car,448,276,428,278,0.6161,2026-08-04 05:36:39.205,2026-08-04 05:36:39.443
car_ID_5233,FLUSH,12955,car,1008,320,806,258,0.7610,2026-08-04 05:36:46.622,2026-08-04 05:36:55.188
car_ID_5234,FLUSH,12957,car,410,338,794,252,0.7379,2026-08-04 05:36:49.728,2026-08-04 05:36:57.820
car_ID_5235,FLUSH,12964,car,438,329,807,258,0.6926,2026-08-04 05:37:05.294,2026-08-04 05:37:12.294
car_ID_5238,FLUSH,12976,car,993,313,993,313,0.5596,2026-08-04 05:37:21.219,2026-08-04 05:37:21.246
car_ID_5236,FLUSH,12965,car,1115,329,761,284,0.7376,2026-08-04 05:37:07.344,2026-08-04 05:37:23.087
car_ID_5239,FLUSH,12977,car,769,277,804,260,0.7002,2026-08-04 05:37:23.839,2026-08-04 05:37:27.222
car_ID_5237,FLUSH,12974,car,1086,323,800,248,0.7074,2026-08-04 05:37:20.664,2026-08-04 05:37:29.852
car_ID_5240,FLUSH,12981,car,659,262,422,282,0.6622,2026-08-04 05:37:31.357,2026-08-04 05:37:38.527
car_ID_5241,FLUSH,12986,car,370,316,797,246,0.7548,2026-08-04 05:37:35.390,2026-08-04 05:37:43.466
car_ID_5242,FLUSH,12996,car,658,260,658,261,0.6191,2026-08-04 05:37:49.635,2026-08-04 05:37:49.679
car_ID_5243,FLUSH,12997,car,621,263,428,276,0.6612,2026-08-04 05:37:51.126,2026-08-04 05:37:55.222
car_ID_5244,FLUSH,12999,car,419,330,428,343,0.6951,2026-08-04 05:37:56.253,2026-08-04 05:37:56.318
bus_ID_429,FLUSH,13004,bus,770,251,770,251,0.5347,2026-08-04 05:38:00.924,2026-08-04 05:38:00.924
truck_ID_1277,FLUSH,12999,truck,432,283,789,245,0.7428,2026-08-04 05:37:56.561,2026-08-04 05:38:02.200
truck_ID_1278,FLUSH,13004,truck,753,253,784,247,0.7046,2026-08-04 05:38:00.101,2026-08-04 05:38:02.201
car_ID_5245,FLUSH,13006,car,660,260,643,266,0.5347,2026-08-04 05:38:09.023,2026-08-04 05:38:09.932
car_ID_5246,FLUSH,13007,car,614,270,601,269,0.5950,2026-08-04 05:38:11.195,2026-08-04 05:38:11.542
car_ID_5247,FLUSH,13007,car,542,277,426,288,0.5661,2026-08-04 05:38:12.599,2026-08-04 05:38:14.455
car_ID_5248,FLUSH,13008,car,436,360,826,389,0.7071,2026-08-04 05:38:13.532,2026-08-04 05:38:14.658
car_ID_5249,FLUSH,13009,car,661,260,660,261,0.5721,2026-08-04 05:38:16.395,2026-08-04 05:38:16.529
car_ID_5250,FLUSH,13011,car,642,266,641,266,0.5311,2026-08-04 05:38:18.128,2026-08-04 05:38:18.399
car_ID_5251,FLUSH,13012,car,407,369,948,389,0.7673,2026-08-04 05:38:18.367,2026-08-04 05:38:19.598
car_ID_5252,FLUSH,13014,car,540,275,435,288,0.6292,2026-08-04 05:38:21.556,2026-08-04 05:38:23.913
car_ID_5253,FLUSH,13023,car,630,248,526,258,0.5725,2026-08-04 05:38:28.489,2026-08-04 05:38:31.002
car_ID_5255,FLUSH,13029,car,541,291,580,286,0.5383,2026-08-04 05:38:31.177,2026-08-04 05:38:31.659
car_ID_5257,FLUSH,13031,car,713,243,712,242,0.5062,2026-08-04 05:38:31.790,2026-08-04 05:38:31.892
car_ID_5254,FLUSH,13027,car,390,318,624,286,0.5880,2026-08-04 05:38:30.363,2026-08-04 05:38:32.658
car_ID_5258,FLUSH,13035,car,530,297,530,297,0.5102,2026-08-04 05:38:32.658,2026-08-04 05:38:32.720
car_ID_5256,FLUSH,13032,car,439,315,384,269,0.6602,2026-08-04 05:38:31.627,2026-08-04 05:38:33.297
truck_ID_1279,FLUSH,13034,truck,558,293,620,284,0.5577,2026-08-04 05:38:32.791,2026-08-04 05:38:33.431
car_ID_5259,FLUSH,13035,car,656,289,657,289,0.5454,2026-08-04 05:38:34.263,2026-08-04 05:38:34.295
car_ID_5261,FLUSH,13048,car,755,271,795,254,0.6077,2026-08-04 05:38:35.928,2026-08-04 05:38:39.099
car_ID_5260,FLUSH,13043,car,642,249,406,269,0.6506,2026-08-04 05:38:34.916,2026-08-04 05:38:39.888
car_ID_5262,FLUSH,13056,car,648,263,647,262,0.5482,2026-08-04 05:38:47.742,2026-08-04 05:38:47.858
car_ID_5263,FLUSH,13059,car,799,241,754,242,0.5663,2026-08-04 05:38:49.542,2026-08-04 05:38:51.396
car_ID_5264,FLUSH,13061,car,723,245,713,246,0.5301,2026-08-04 05:38:52.356,2026-08-04 05:38:52.859
car_ID_5265,FLUSH,13064,car,668,256,444,275,0.7020,2026-08-04 05:38:54.130,2026-08-04 05:38:58.164
bus_ID_430,FLUSH,13068,bus,770,252,771,250,0.6301,2026-08-04 05:39:01.795,2026-08-04 05:39:01.892
bus_ID_431,FLUSH,13071,bus,769,251,776,250,0.5719,2026-08-04 05:39:01.863,2026-08-04 05:39:02.225
truck_ID_1281,FLUSH,13071,truck,768,252,787,247,0.6202,2026-08-04 05:39:01.750,2026-08-04 05:39:02.933
truck_ID_1280,FLUSH,13068,truck,407,288,789,245,0.6853,2026-08-04 05:38:58.602,2026-08-04 05:39:03.188
car_ID_5267,FLUSH,13076,car,406,368,1006,377,0.8228,2026-08-04 05:39:13.480,2026-08-04 05:39:15.632
car_ID_5268,FLUSH,13079,car,653,261,654,261,0.5026,2026-08-04 05:39:17.222,2026-08-04 05:39:17.254
car_ID_5266,FLUSH,13074,car,933,308,806,259,0.7502,2026-08-04 05:39:12.064,2026-08-04 05:39:20.117
car_ID_5269,FLUSH,13093,car,439,330,806,258,0.7324,2026-08-04 05:39:42.234,2026-08-04 05:39:46.483
car_ID_5270,FLUSH,13099,car,400,314,718,263,0.7486,2026-08-04 05:39:50.400,2026-08-04 05:39:53.934
car_ID_5271,FLUSH,13101,car,431,333,806,257,0.7169,2026-08-04 05:39:52.021,2026-08-04 05:39:57.726
car_ID_5272,FLUSH,13105,car,620,264,618,264,0.5267,2026-08-04 05:39:58.628,2026-08-04 05:39:58.733
car_ID_5273,FLUSH,13108,car,977,351,406,343,0.6968,2026-08-04 05:40:02.629,2026-08-04 05:40:05.734
car_ID_5274,FLUSH,13124,car,450,275,440,275,0.6060,2026-08-04 05:40:14.522,2026-08-04 05:40:14.722
car_ID_5275,FLUSH,13131,car,661,261,661,261,0.5846,2026-08-04 05:40:20.760,2026-08-04 05:40:20.760
car_ID_5276,FLUSH,13131,car,618,273,618,273,0.5062,2026-08-04 05:40:22.601,2026-08-04 05:40:22.633
car_ID_5277,FLUSH,13133,car,539,279,390,297,0.6532,2026-08-04 05:40:23.832,2026-08-04 05:40:25.722
bus_ID_432,FLUSH,13134,bus,407,313,474,321,0.6184,2026-08-04 05:40:26.722,2026-08-04 05:40:27.090
truck_ID_1282,FLUSH,13134,truck,471,320,744,329,0.5420,2026-08-04 05:40:27.023,2026-08-04 05:40:27.997
car_ID_5278,FLUSH,13140,car,855,409,866,409,0.5590,2026-08-04 05:40:28.626,2026-08-04 05:40:29.128
car_ID_5279,FLUSH,13141,car,378,361,1071,384,0.8555,2026-08-04 05:40:28.659,2026-08-04 05:40:30.226
car_ID_5280,FLUSH,13147,car,652,264,607,272,0.5459,2026-08-04 05:40:35.765,2026-08-04 05:40:37.190
car_ID_5282,FLUSH,13154,car,563,275,561,275,0.5858,2026-08-04 05:40:37.946,2026-08-04 05:40:38.022
car_ID_5283,FLUSH,13157,car,381,305,466,299,0.6610,2026-08-04 05:40:39.890,2026-08-04 05:40:40.598
car_ID_5281,FLUSH,13151,car,397,315,749,261,0.7428,2026-08-04 05:40:35.830,2026-08-04 05:40:41.648
truck_ID_1283,FLUSH,13152,truck,385,291,683,261,0.7462,2026-08-04 05:40:37.233,2026-08-04 05:40:42.253
truck_ID_1284,FLUSH,13164,truck,748,253,748,252,0.6844,2026-08-04 05:40:44.058,2026-08-04 05:40:44.091
bus_ID_433,FLUSH,13164,bus,750,253,768,250,0.5998,2026-08-04 05:40:44.161,2026-08-04 05:40:45.255
truck_ID_1285,FLUSH,13167,truck,767,250,767,250,0.5240,2026-08-04 05:40:45.222,2026-08-04 05:40:45.255
bus_ID_434,FLUSH,13167,bus,764,251,778,247,0.6299,2026-08-04 05:40:44.780,2026-08-04 05:40:45.802
truck_ID_1286,FLUSH,13164,truck,774,248,781,246,0.5226,2026-08-04 05:40:45.628,2026-08-04 05:40:45.994
car_ID_5284,FLUSH,13162,car,402,314,784,250,0.7180,2026-08-04 05:40:43.134,2026-08-04 05:40:50.103
car_ID_5286,FLUSH,13174,car,392,315,615,281,0.7617,2026-08-04 05:40:55.400,2026-08-04 05:40:56.978
car_ID_5287,FLUSH,13180,car,663,260,662,260,0.5668,2026-08-04 05:41:00.554,2026-08-04 05:41:00.587
car_ID_5288,FLUSH,13180,car,607,270,603,271,0.5026,2026-08-04 05:41:03.037,2026-08-04 05:41:03.118
car_ID_5285,FLUSH,13173,car,401,338,807,258,0.7061,2026-08-04 05:40:54.712,2026-08-04 05:41:03.145
car_ID_5289,FLUSH,13185,car,539,276,432,288,0.6416,2026-08-04 05:41:04.359,2026-08-04 05:41:06.321
car_ID_5290,FLUSH,13188,car,412,367,938,400,0.8086,2026-08-04 05:41:05.765,2026-08-04 05:41:07.313
car_ID_5292,FLUSH,13193,car,731,382,745,382,0.6896,2026-08-04 05:41:11.420,2026-08-04 05:41:11.923
car_ID_5291,FLUSH,13191,car,394,369,1010,387,0.7330,2026-08-04 05:41:10.263,2026-08-04 05:41:12.503
car_ID_5293,FLUSH,13206,car,315,329,330,324,0.5546,2026-08-04 05:41:22.336,2026-08-04 05:41:23.263
car_ID_5294,FLUSH,13208,car,379,324,672,283,0.7404,2026-08-04 05:41:22.644,2026-08-04 05:41:25.266
car_ID_5295,FLUSH,13213,car,748,264,777,258,0.5705,2026-08-04 05:41:27.533,2026-08-04 05:41:28.856
truck_ID_1287,FLUSH,13223,truck,349,341,353,340,0.5552,2026-08-04 05:41:31.426,2026-08-04 05:41:31.459
car_ID_5298,FLUSH,13225,car,328,322,329,324,0.5757,2026-08-04 05:41:31.694,2026-08-04 05:41:32.068
car_ID_5299,FLUSH,13227,car,798,239,798,239,0.5026,2026-08-04 05:41:32.199,2026-08-04 05:41:32.199
car_ID_5296,FLUSH,13221,car,366,320,722,267,0.6806,2026-08-04 05:41:30.516,2026-08-04 05:41:33.572
car_ID_5297,FLUSH,13223,car,329,324,765,274,0.6172,2026-08-04 05:41:30.636,2026-08-04 05:41:35.556
bus_ID_435,FLUSH,13225,bus,768,252,769,251,0.5400,2026-08-04 05:41:37.158,2026-08-04 05:41:37.258
truck_ID_1289,FLUSH,13240,truck,765,252,789,246,0.6285,2026-08-04 05:41:37.024,2026-08-04 05:41:38.693
truck_ID_1288,FLUSH,13225,truck,314,344,789,246,0.6970,2026-08-04 05:41:32.560,2026-08-04 05:41:38.726
car_ID_5300,FLUSH,13241,car,329,323,329,323,0.5311,2026-08-04 05:41:41.355,2026-08-04 05:41:41.355
truck_ID_1290,FLUSH,13268,truck,1082,300,1079,300,0.5793,2026-08-04 05:41:52.932,2026-08-04 05:41:53.101
car_ID_5302,FLUSH,13272,car,617,261,611,262,0.5333,2026-08-04 05:41:55.291,2026-08-04 05:41:55.414
car_ID_5303,FLUSH,13272,car,444,276,389,281,0.6433,2026-08-04 05:41:57.763,2026-08-04 05:41:58.230
car_ID_5304,FLUSH,13283,car,457,286,346,290,0.5929,2026-08-04 05:42:02.635,2026-08-04 05:42:03.430
car_ID_5301,FLUSH,13264,car,1140,327,805,257,0.7379,2026-08-04 05:41:50.400,2026-08-04 05:42:07.825
car_ID_5305,FLUSH,13287,car,465,277,374,283,0.6062,2026-08-04 05:42:13.437,2026-08-04 05:42:14.723
car_ID_5306,FLUSH,13304,car,330,324,330,324,0.5490,2026-08-04 05:42:20.968,2026-08-04 05:42:21.001
car_ID_5309,FLUSH,13318,car,330,323,329,322,0.5390,2026-08-04 05:42:24.225,2026-08-04 05:42:24.396
car_ID_5310,FLUSH,13320,car,710,253,709,254,0.5389,2026-08-04 05:42:25.030,2026-08-04 05:42:25.204
car_ID_5307,FLUSH,13315,car,414,281,801,249,0.6683,2026-08-04 05:42:22.895,2026-08-04 05:42:30.464
car_ID_5311,FLUSH,13325,car,329,320,329,322,0.5612,2026-08-04 05:42:25.928,2026-08-04 05:42:32.828
car_ID_5312,FLUSH,13329,car,550,270,399,286,0.6694,2026-08-04 05:42:29.467,2026-08-04 05:42:32.992
car_ID_5316,FLUSH,13342,car,601,271,601,271,0.5102,2026-08-04 05:42:33.431,2026-08-04 05:42:33.431
car_ID_5313,FLUSH,13333,car,1150,353,328,320,0.8066,2026-08-04 05:42:30.204,2026-08-04 05:42:34.669
car_ID_5317,FLUSH,13342,car,531,281,519,278,0.5402,2026-08-04 05:42:35.042,2026-08-04 05:42:35.419
car_ID_5315,FLUSH,13341,car,1135,345,404,338,0.8339,2026-08-04 05:42:33.028,2026-08-04 05:42:36.067
car_ID_5320,FLUSH,13342,car,469,289,468,280,0.5634,2026-08-04 05:42:36.576,2026-08-04 05:42:36.991
car_ID_5319,FLUSH,13347,car,328,333,329,321,0.5575,2026-08-04 05:42:36.269,2026-08-04 05:42:37.948
car_ID_5318,FLUSH,13348,car,1143,349,328,322,0.7612,2026-08-04 05:42:35.493,2026-08-04 05:42:38.866
car_ID_5321,FLUSH,13348,car,329,321,329,321,0.5311,2026-08-04 05:42:40.598,2026-08-04 05:42:40.630
car_ID_5323,FLUSH,13360,car,478,274,446,274,0.6283,2026-08-04 05:42:42.689,2026-08-04 05:42:43.298
car_ID_5322,FLUSH,13348,car,328,321,329,320,0.5309,2026-08-04 05:42:41.735,2026-08-04 05:42:43.853
car_ID_5325,FLUSH,13367,car,616,262,616,262,0.5787,2026-08-04 05:42:48.096,2026-08-04 05:42:48.163
car_ID_5326,FLUSH,13370,car,301,301,301,301,0.5287,2026-08-04 05:42:49.727,2026-08-04 05:42:49.892
car_ID_5308,FLUSH,13314,car,455,287,330,324,0.6904,2026-08-04 05:42:23.264,2026-08-04 05:42:50.500
bus_ID_436,FLUSH,13372,bus,524,258,524,258,0.5140,2026-08-04 05:42:50.335,2026-08-04 05:42:50.576
truck_ID_1291,FLUSH,13373,truck,473,261,473,261,0.5490,2026-08-04 05:42:51.026,2026-08-04 05:42:51.195
car_ID_5314,FLUSH,13334,car,610,272,316,316,0.6870,2026-08-04 05:42:30.204,2026-08-04 05:42:52.130
car_ID_5324,FLUSH,13364,car,1113,325,801,258,0.7430,2026-08-04 05:42:45.899,2026-08-04 05:42:54.127
car_ID_5327,FLUSH,13375,car,410,374,1103,396,0.8290,2026-08-04 05:42:53.960,2026-08-04 05:42:55.493
car_ID_5329,FLUSH,13380,car,331,324,330,323,0.5267,2026-08-04 05:42:55.732,2026-08-04 05:42:55.904
car_ID_5328,FLUSH,13376,car,331,326,1110,385,0.8275,2026-08-04 05:42:54.127,2026-08-04 05:42:57.151
car_ID_5330,FLUSH,13395,car,411,337,456,325,0.7317,2026-08-04 05:43:09.660,2026-08-04 05:43:10.321
car_ID_5331,FLUSH,13398,car,318,329,330,323,0.5856,2026-08-04 05:43:09.802,2026-08-04 05:43:10.681
car_ID_5335,FLUSH,13405,car,329,324,331,325,0.5765,2026-08-04 05:43:12.329,2026-08-04 05:43:12.766
car_ID_5333,FLUSH,13400,car,380,321,699,275,0.7388,2026-08-04 05:43:10.109,2026-08-04 05:43:13.426
car_ID_5334,FLUSH,13398,car,389,341,671,291,0.7669,2026-08-04 05:43:12.134,2026-08-04 05:43:13.867
car_ID_5332,FLUSH,13399,car,491,324,802,259,0.7133,2026-08-04 05:43:09.901,2026-08-04 05:43:14.283
car_ID_5338,FLUSH,13405,car,329,324,329,324,0.5243,2026-08-04 05:43:17.695,2026-08-04 05:43:18.268
car_ID_5336,FLUSH,13406,car,709,264,805,256,0.6225,2026-08-04 05:43:13.801,2026-08-04 05:43:18.587
car_ID_5339,FLUSH,13422,car,368,361,368,361,0.5561,2026-08-04 05:43:19.097,2026-08-04 05:43:19.097
car_ID_5337,FLUSH,13416,car,608,273,521,281,0.5935,2026-08-04 05:43:17.007,2026-08-04 05:43:19.369
car_ID_5340,FLUSH,13421,car,369,357,404,351,0.5455,2026-08-04 05:43:19.162,2026-08-04 05:43:19.498
truck_ID_1293,FLUSH,13421,truck,403,295,403,295,0.6640,2026-08-04 05:43:19.534,2026-08-04 05:43:19.889
car_ID_5342,FLUSH,13426,car,330,323,329,323,0.5499,2026-08-04 05:43:20.763,2026-08-04 05:43:20.796
car_ID_5341,FLUSH,13425,car,379,298,343,301,0.6908,2026-08-04 05:43:20.600,2026-08-04 05:43:21.665
truck_ID_1292,FLUSH,13422,truck,363,310,694,260,0.7661,2026-08-04 05:43:19.131,2026-08-04 05:43:22.535
bus_ID_437,FLUSH,13436,bus,765,252,766,253,0.5941,2026-08-04 05:43:23.840,2026-08-04 05:43:23.902
truck_ID_1296,FLUSH,13436,truck,766,253,767,252,0.5949,2026-08-04 05:43:23.943,2026-08-04 05:43:24.154
bus_ID_438,FLUSH,13437,bus,766,252,767,252,0.5328,2026-08-04 05:43:23.943,2026-08-04 05:43:24.387
truck_ID_1295,FLUSH,13437,truck,763,252,778,248,0.5864,2026-08-04 05:43:23.801,2026-08-04 05:43:24.763
truck_ID_1297,FLUSH,13445,truck,763,251,771,249,0.6583,2026-08-04 05:43:26.769,2026-08-04 05:43:27.292
truck_ID_1294,FLUSH,13435,truck,411,296,774,248,0.7954,2026-08-04 05:43:23.222,2026-08-04 05:43:27.426
bus_ID_439,FLUSH,13435,bus,763,251,775,247,0.6611,2026-08-04 05:43:26.769,2026-08-04 05:43:27.970
bus_ID_440,FLUSH,13445,bus,768,250,789,244,0.6758,2026-08-04 05:43:27.110,2026-08-04 05:43:28.492
bus_ID_441,FLUSH,13448,bus,785,246,802,241,0.5885,2026-08-04 05:43:28.105,2026-08-04 05:43:29.262
car_ID_5345,FLUSH,13458,car,329,324,329,325,0.5481,2026-08-04 05:43:35.925,2026-08-04 05:43:36.236
car_ID_5344,FLUSH,13456,car,345,357,1142,393,0.8255,2026-08-04 05:43:35.112,2026-08-04 05:43:37.966
car_ID_5346,FLUSH,13458,car,329,324,329,324,0.5304,2026-08-04 05:43:37.331,2026-08-04 05:43:38.224
car_ID_5347,FLUSH,13458,car,329,324,329,324,0.5169,2026-08-04 05:43:43.474,2026-08-04 05:43:43.687
car_ID_5343,FLUSH,13444,car,1141,327,806,260,0.7338,2026-08-04 05:43:26.409,2026-08-04 05:43:44.952
car_ID_5349,FLUSH,13458,car,329,323,330,323,0.5204,2026-08-04 05:43:45.077,2026-08-04 05:43:45.492
car_ID_5350,FLUSH,13458,car,329,324,329,323,0.5347,2026-08-04 05:43:46.756,2026-08-04 05:43:46.954
car_ID_5351,FLUSH,13480,car,554,281,554,281,0.5525,2026-08-04 05:43:51.060,2026-08-04 05:43:51.060
car_ID_5348,FLUSH,13466,car,545,274,624,280,0.6955,2026-08-04 05:43:44.798,2026-08-04 05:43:51.327
car_ID_5352,FLUSH,13484,car,709,268,798,251,0.6111,2026-08-04 05:43:52.363,2026-08-04 05:43:54.701
car_ID_5353,FLUSH,13487,car,582,275,566,276,0.5436,2026-08-04 05:43:54.601,2026-08-04 05:43:55.162
car_ID_5357,FLUSH,13500,car,634,301,634,301,0.5989,2026-08-04 05:43:59.695,2026-08-04 05:43:59.695
truck_ID_1298,FLUSH,13488,truck,325,298,738,255,0.7680,2026-08-04 05:43:54.091,2026-08-04 05:44:01.674
car_ID_5358,FLUSH,13504,car,329,321,329,323,0.6256,2026-08-04 05:44:02.497,2026-08-04 05:44:02.972
bus_ID_442,FLUSH,13488,bus,767,250,768,249,0.5962,2026-08-04 05:44:03.157,2026-08-04 05:44:03.257
car_ID_5356,FLUSH,13495,car,394,298,359,301,0.5935,2026-08-04 05:43:59.193,2026-08-04 05:44:03.427
bus_ID_443,FLUSH,13503,bus,778,246,778,246,0.5097,2026-08-04 05:44:03.961,2026-08-04 05:44:03.961
bus_ID_444,FLUSH,13488,bus,785,245,785,245,0.5062,2026-08-04 05:44:04.515,2026-08-04 05:44:04.515
truck_ID_1300,FLUSH,13488,truck,770,249,787,243,0.7114,2026-08-04 05:44:03.462,2026-08-04 05:44:04.888
truck_ID_1299,FLUSH,13503,truck,739,255,790,242,0.7557,2026-08-04 05:44:01.720,2026-08-04 05:44:05.127
car_ID_5359,FLUSH,13504,car,330,324,668,378,0.6140,2026-08-04 05:44:04.060,2026-08-04 05:44:06.596
truck_ID_1301,FLUSH,13504,truck,709,383,709,383,0.7166,2026-08-04 05:44:06.628,2026-08-04 05:44:06.628
truck_ID_1302,FLUSH,13508,truck,717,384,717,384,0.7166,2026-08-04 05:44:06.660,2026-08-04 05:44:06.660
car_ID_5360,FLUSH,13508,car,553,380,1104,383,0.6978,2026-08-04 05:44:06.291,2026-08-04 05:44:07.552
car_ID_5355,FLUSH,13498,car,497,283,1109,389,0.6843,2026-08-04 05:43:58.987,2026-08-04 05:44:10.253
car_ID_5361,FLUSH,13512,car,329,323,1122,396,0.7612,2026-08-04 05:44:08.501,2026-08-04 05:44:12.262
car_ID_5362,FLUSH,13515,car,330,325,329,324,0.5489,2026-08-04 05:44:10.490,2026-08-04 05:44:14.001
car_ID_5354,FLUSH,13496,car,1147,332,806,257,0.8137,2026-08-04 05:43:58.466,2026-08-04 05:44:16.598
truck_ID_1304,FLUSH,13528,truck,334,306,334,306,0.5740,2026-08-04 05:44:21.420,2026-08-04 05:44:21.489
car_ID_5364,FLUSH,13528,car,298,369,312,342,0.6010,2026-08-04 05:44:20.900,2026-08-04 05:44:21.591
bus_ID_445,FLUSH,13529,bus,397,293,398,293,0.5365,2026-08-04 05:44:22.370,2026-08-04 05:44:22.402
truck_ID_1303,FLUSH,13529,truck,331,305,403,291,0.7361,2026-08-04 05:44:21.257,2026-08-04 05:44:22.961
truck_ID_1306,FLUSH,13532,truck,493,284,493,284,0.5740,2026-08-04 05:44:24.324,2026-08-04 05:44:24.796
car_ID_5365,FLUSH,13534,car,328,322,329,323,0.5301,2026-08-04 05:44:24.796,2026-08-04 05:44:25.135
car_ID_5363,FLUSH,13515,car,329,324,725,265,0.6824,2026-08-04 05:44:16.160,2026-08-04 05:44:25.383
truck_ID_1307,FLUSH,13535,truck,570,275,579,274,0.7381,2026-08-04 05:44:25.136,2026-08-04 05:44:25.722
truck_ID_1308,FLUSH,13539,truck,331,342,331,342,0.5515,2026-08-04 05:44:26.026,2026-08-04 05:44:26.026
truck_ID_1305,FLUSH,13530,truck,398,293,663,265,0.7521,2026-08-04 05:44:22.402,2026-08-04 05:44:26.298
truck_ID_1309,FLUSH,13534,truck,333,342,333,342,0.5454,2026-08-04 05:44:26.126,2026-08-04 05:44:26.598
car_ID_5367,FLUSH,13541,car,328,324,329,323,0.5165,2026-08-04 05:44:27.130,2026-08-04 05:44:28.068
bus_ID_446,FLUSH,13540,bus,742,256,744,256,0.5490,2026-08-04 05:44:28.036,2026-08-04 05:44:28.171
truck_ID_1311,FLUSH,13542,truck,737,257,759,254,0.5275,2026-08-04 05:44:27.939,2026-08-04 05:44:28.663
truck_ID_1310,FLUSH,13540,truck,688,263,764,253,0.6139,2026-08-04 05:44:26.724,2026-08-04 05:44:28.926
car_ID_5366,FLUSH,13539,car,333,343,696,288,0.8037,2026-08-04 05:44:26.061,2026-08-04 05:44:30.233
car_ID_5369,FLUSH,13546,car,329,323,330,323,0.5536,2026-08-04 05:44:30.601,2026-08-04 05:44:31.693
car_ID_5371,FLUSH,13546,car,330,323,330,323,0.5169,2026-08-04 05:44:33.062,2026-08-04 05:44:33.062
bus_ID_447,FLUSH,13542,bus,749,255,817,241,0.7184,2026-08-04 05:44:28.246,2026-08-04 05:44:33.461
car_ID_5368,FLUSH,13541,car,367,345,698,288,0.7495,2026-08-04 05:44:30.122,2026-08-04 05:44:33.737
car_ID_5370,FLUSH,13547,car,749,279,795,260,0.5865,2026-08-04 05:44:31.526,2026-08-04 05:44:35.486
car_ID_5373,FLUSH,13546,car,329,323,329,323,0.5062,2026-08-04 05:44:35.542,2026-08-04 05:44:35.550
car_ID_5374,FLUSH,13546,car,329,323,329,323,0.5089,2026-08-04 05:44:36.862,2026-08-04 05:44:37.359
car_ID_5372,FLUSH,13552,car,744,282,806,259,0.6940,2026-08-04 05:44:34.192,2026-08-04 05:44:39.137
car_ID_5376,FLUSH,13562,car,577,262,576,262,0.5311,2026-08-04 05:44:39.624,2026-08-04 05:44:39.657
car_ID_5375,FLUSH,13546,car,329,324,329,325,0.5318,2026-08-04 05:44:38.763,2026-08-04 05:44:41.831
car_ID_5377,FLUSH,13564,car,460,276,396,281,0.5855,2026-08-04 05:44:41.253,2026-08-04 05:44:41.863
truck_ID_1312,FLUSH,13546,truck,316,343,316,343,0.5665,2026-08-04 05:44:43.995,2026-08-04 05:44:44.094
car_ID_5380,FLUSH,13572,car,331,323,329,324,0.5418,2026-08-04 05:44:44.462,2026-08-04 05:44:45.727
car_ID_5378,FLUSH,13546,car,330,324,698,289,0.6769,2026-08-04 05:44:43.579,2026-08-04 05:44:46.789
car_ID_5382,FLUSH,13572,car,329,324,329,324,0.5383,2026-08-04 05:44:47.231,2026-08-04 05:44:47.303
car_ID_5381,FLUSH,13576,car,744,280,805,258,0.7145,2026-08-04 05:44:47.127,2026-08-04 05:44:50.473
car_ID_5383,FLUSH,13572,car,330,323,329,324,0.5262,2026-08-04 05:44:51.163,2026-08-04 05:44:51.951
car_ID_5384,FLUSH,13572,car,330,323,329,323,0.5374,2026-08-04 05:44:55.229,2026-08-04 05:44:56.157
car_ID_5385,FLUSH,13597,car,328,322,328,322,0.5062,2026-08-04 05:45:06.290,2026-08-04 05:45:06.290
car_ID_5379,FLUSH,13570,car,1141,327,807,259,0.8245,2026-08-04 05:44:43.662,2026-08-04 05:45:06.356
truck_ID_1313,FLUSH,13603,truck,498,251,432,257,0.7117,2026-08-04 05:45:09.597,2026-08-04 05:45:10.321
truck_ID_1314,FLUSH,13611,truck,358,298,398,290,0.6639,2026-08-04 05:45:13.626,2026-08-04 05:45:14.491
bus_ID_449,FLUSH,13613,bus,396,291,408,288,0.6167,2026-08-04 05:45:14.389,2026-08-04 05:45:14.929
bus_ID_448,FLUSH,13611,bus,378,294,421,286,0.6826,2026-08-04 05:45:14.101,2026-08-04 05:45:15.027
truck_ID_1315,FLUSH,13613,truck,399,290,469,288,0.5634,2026-08-04 05:45:14.523,2026-08-04 05:45:15.462
car_ID_5386,FLUSH,13616,car,328,321,328,322,0.5831,2026-08-04 05:45:16.466,2026-08-04 05:45:16.718
bus_ID_450,FLUSH,13615,bus,497,282,563,275,0.6213,2026-08-04 05:45:16.266,2026-08-04 05:45:16.937
bus_ID_451,FLUSH,13611,bus,549,277,567,275,0.5027,2026-08-04 05:45:16.768,2026-08-04 05:45:16.999
truck_ID_1316,FLUSH,13611,truck,441,289,571,274,0.7330,2026-08-04 05:45:15.581,2026-08-04 05:45:17.048
truck_ID_1317,FLUSH,13615,truck,524,279,697,257,0.6667,2026-08-04 05:45:16.568,2026-08-04 05:45:19.059
truck_ID_1319,FLUSH,13625,truck,743,255,767,252,0.5592,2026-08-04 05:45:20.427,2026-08-04 05:45:21.794
truck_ID_1318,FLUSH,13621,truck,358,301,680,262,0.7637,2026-08-04 05:45:17.859,2026-08-04 05:45:22.061
truck_ID_1320,FLUSH,13631,truck,735,253,737,251,0.6025,2026-08-04 05:45:24.223,2026-08-04 05:45:24.629
car_ID_5388,FLUSH,13624,car,329,322,329,323,0.5383,2026-08-04 05:45:26.799,2026-08-04 05:45:26.926
car_ID_5387,FLUSH,13633,car,1151,358,374,338,0.7932,2026-08-04 05:45:24.056,2026-08-04 05:45:27.626
bus_ID_452,FLUSH,13640,bus,758,239,781,238,0.5411,2026-08-04 05:45:26.960,2026-08-04 05:45:27.934
truck_ID_1321,FLUSH,13640,truck,766,239,784,236,0.5775,2026-08-04 05:45:27.291,2026-08-04 05:45:28.138
truck_ID_1322,FLUSH,13641,truck,782,236,785,236,0.5525,2026-08-04 05:45:28.004,2026-08-04 05:45:28.213
car_ID_5390,FLUSH,13663,car,328,321,329,323,0.6112,2026-08-04 05:45:43.789,2026-08-04 05:45:44.635
car_ID_5389,FLUSH,13660,car,315,343,656,293,0.6060,2026-08-04 05:45:43.390,2026-08-04 05:45:45.494
car_ID_5391,FLUSH,13672,car,746,278,804,259,0.6620,2026-08-04 05:45:46.990,2026-08-04 05:45:50.197
car_ID_5393,FLUSH,13695,car,897,292,897,292,0.5418,2026-08-04 05:46:00.196,2026-08-04 05:46:00.653
car_ID_5394,FLUSH,13704,car,578,277,548,277,0.5485,2026-08-04 05:46:03.630,2026-08-04 05:46:04.366
car_ID_5395,FLUSH,13702,car,329,322,329,322,0.5311,2026-08-04 05:46:04.995,2026-08-04 05:46:05.027
car_ID_5397,FLUSH,13708,car,390,297,364,299,0.6183,2026-08-04 05:46:07.394,2026-08-04 05:46:07.991
car_ID_5392,FLUSH,13690,car,1082,301,796,258,0.6672,2026-08-04 05:45:58.729,2026-08-04 05:46:08.162
car_ID_5396,FLUSH,13702,car,329,322,317,316,0.5547,2026-08-04 05:46:06.663,2026-08-04 05:46:09.535
car_ID_5398,FLUSH,13711,car,399,290,399,290,0.5065,2026-08-04 05:46:09.732,2026-08-04 05:46:09.732
car_ID_5400,FLUSH,13747,car,421,278,416,278,0.6814,2026-08-04 05:46:29.234,2026-08-04 05:46:29.399
car_ID_5401,FLUSH,13764,car,472,289,472,289,0.5177,2026-08-04 05:46:42.290,2026-08-04 05:46:42.323
car_ID_5402,FLUSH,13767,car,315,320,314,319,0.6206,2026-08-04 05:46:43.400,2026-08-04 05:46:43.690
car_ID_5404,FLUSH,13764,car,472,289,469,280,0.5077,2026-08-04 05:46:44.159,2026-08-04 05:46:44.956
car_ID_5403,FLUSH,13768,car,384,318,799,250,0.7056,2026-08-04 05:46:43.855,2026-08-04 05:46:52.397
car_ID_5405,FLUSH,13773,car,459,287,457,289,0.5435,2026-08-04 05:46:45.324,2026-08-04 05:46:54.855
car_ID_5399,FLUSH,13727,car,451,289,360,295,0.6262,2026-08-04 05:46:19.197,2026-08-04 05:46:55.833
car_ID_5406,FLUSH,13789,car,329,320,317,316,0.6150,2026-08-04 05:46:55.460,2026-08-04 05:46:56.473
car_ID_5407,FLUSH,13773,car,444,291,430,293,0.5707,2026-08-04 05:46:56.561,2026-08-04 05:46:57.030
car_ID_5409,FLUSH,13773,car,365,300,365,300,0.5140,2026-08-04 05:46:58.230,2026-08-04 05:46:58.737
car_ID_5408,FLUSH,13789,car,328,322,1106,385,0.8569,2026-08-04 05:46:57.787,2026-08-04 05:47:01.277
car_ID_5414,FLUSH,13801,car,663,261,661,262,0.5027,2026-08-04 05:47:01.677,2026-08-04 05:47:01.683
car_ID_5412,FLUSH,13799,car,465,284,361,291,0.5798,2026-08-04 05:47:00.721,2026-08-04 05:47:02.645
car_ID_5411,FLUSH,13796,car,595,273,354,300,0.7096,2026-08-04 05:46:59.696,2026-08-04 05:47:03.756
car_ID_5413,FLUSH,13800,car,372,371,1105,400,0.7764,2026-08-04 05:47:01.469,2026-08-04 05:47:04.032
car_ID_5410,FLUSH,13795,car,329,321,315,315,0.5689,2026-08-04 05:46:59.463,2026-08-04 05:47:04.168
car_ID_5415,FLUSH,13804,car,396,360,1136,383,0.7748,2026-08-04 05:47:02.685,2026-08-04 05:47:04.485
car_ID_5417,FLUSH,13810,car,312,340,1112,389,0.8478,2026-08-04 05:47:05.671,2026-08-04 05:47:08.602
car_ID_5416,FLUSH,13809,car,408,279,1115,383,0.7321,2026-08-04 05:47:05.671,2026-08-04 05:47:10.002
car_ID_5419,FLUSH,13814,car,557,278,340,300,0.7020,2026-08-04 05:47:08.676,2026-08-04 05:47:12.988
car_ID_5418,FLUSH,13813,car,329,322,314,336,0.5728,2026-08-04 05:47:07.924,2026-08-04 05:47:14.258
car_ID_5421,FLUSH,13825,car,331,316,331,313,0.5604,2026-08-04 05:47:15.032,2026-08-04 05:47:16.225
car_ID_5420,FLUSH,13823,car,369,343,725,269,0.7083,2026-08-04 05:47:14.590,2026-08-04 05:47:20.054
car_ID_5422,FLUSH,13832,car,447,276,382,281,0.6472,2026-08-04 05:47:20.700,2026-08-04 05:47:21.729
car_ID_5424,FLUSH,13825,car,315,315,316,315,0.5140,2026-08-04 05:47:21.659,2026-08-04 05:47:22.126
car_ID_5423,FLUSH,13837,car,747,263,796,252,0.6753,2026-08-04 05:47:21.032,2026-08-04 05:47:23.362
car_ID_5425,FLUSH,13825,car,315,315,315,315,0.5552,2026-08-04 05:47:28.258,2026-08-04 05:47:28.258
car_ID_5426,FLUSH,13825,car,317,315,317,315,0.5177,2026-08-04 05:47:35.793,2026-08-04 05:47:35.793
car_ID_5427,FLUSH,13825,car,310,333,316,332,0.5196,2026-08-04 05:47:37.055,2026-08-04 05:47:37.164
car_ID_5429,FLUSH,13825,car,319,314,329,316,0.5321,2026-08-04 05:47:38.258,2026-08-04 05:47:39.033
car_ID_5428,FLUSH,13866,car,393,332,594,303,0.6302,2026-08-04 05:47:37.497,2026-08-04 05:47:39.068
truck_ID_1324,FLUSH,13870,truck,396,293,396,293,0.5778,2026-08-04 05:47:39.491,2026-08-04 05:47:39.491
bus_ID_453,FLUSH,13825,bus,385,295,481,287,0.6085,2026-08-04 05:47:39.424,2026-08-04 05:47:40.362
truck_ID_1325,FLUSH,13873,truck,499,283,597,274,0.8113,2026-08-04 05:47:40.500,2026-08-04 05:47:41.127
car_ID_5432,FLUSH,13874,car,316,315,315,314,0.5242,2026-08-04 05:47:41.066,2026-08-04 05:47:41.755
bus_ID_454,FLUSH,13873,bus,496,284,646,265,0.5645,2026-08-04 05:47:40.435,2026-08-04 05:47:42.003
car_ID_5431,FLUSH,13875,car,746,277,786,265,0.5866,2026-08-04 05:47:40.599,2026-08-04 05:47:42.274
truck_ID_1323,FLUSH,13825,truck,343,303,726,255,0.7119,2026-08-04 05:47:39.166,2026-08-04 05:47:42.592
car_ID_5430,FLUSH,13867,car,1133,325,1115,325,0.6412,2026-08-04 05:47:38.323,2026-08-04 05:47:43.118
car_ID_5433,FLUSH,13874,car,320,315,316,314,0.5579,2026-08-04 05:47:43.579,2026-08-04 05:47:43.856
bus_ID_455,FLUSH,13825,bus,733,255,791,244,0.6618,2026-08-04 05:47:42.657,2026-08-04 05:47:45.528
car_ID_5436,FLUSH,13874,car,315,314,315,314,0.5750,2026-08-04 05:47:44.943,2026-08-04 05:47:45.626
bus_ID_456,FLUSH,13884,bus,779,247,792,243,0.6267,2026-08-04 05:47:44.561,2026-08-04 05:47:45.626
car_ID_5437,FLUSH,13874,car,315,315,313,316,0.6113,2026-08-04 05:47:48.025,2026-08-04 05:47:49.074
car_ID_5435,FLUSH,13883,car,422,291,346,296,0.6286,2026-08-04 05:47:44.594,2026-08-04 05:47:50.822
car_ID_5438,FLUSH,13874,car,329,321,330,323,0.5567,2026-08-04 05:47:50.303,2026-08-04 05:47:50.822
car_ID_5440,FLUSH,13893,car,329,323,329,324,0.5169,2026-08-04 05:47:52.933,2026-08-04 05:47:52.966
car_ID_5439,FLUSH,13892,car,359,354,1108,393,0.8390,2026-08-04 05:47:52.493,2026-08-04 05:47:53.930
car_ID_5442,FLUSH,13897,car,329,323,329,322,0.5397,2026-08-04 05:47:56.224,2026-08-04 05:47:56.793
car_ID_5441,FLUSH,13893,car,317,347,1127,392,0.8201,2026-08-04 05:47:55.464,2026-08-04 05:47:58.399
car_ID_5434,FLUSH,13881,car,1114,325,807,258,0.7289,2026-08-04 05:47:43.960,2026-08-04 05:48:03.490
car_ID_5443,FLUSH,13897,car,329,321,329,321,0.5490,2026-08-04 05:48:04.443,2026-08-04 05:48:04.476
car_ID_5444,FLUSH,13911,car,663,262,659,263,0.5949,2026-08-04 05:48:09.834,2026-08-04 05:48:10.394
truck_ID_1326,FLUSH,13919,truck,327,341,327,341,0.5778,2026-08-04 05:48:13.691,2026-08-04 05:48:13.771
car_ID_5445,FLUSH,13919,car,329,320,703,280,0.6993,2026-08-04 05:48:11.859,2026-08-04 05:48:16.329
car_ID_5446,FLUSH,13917,car,549,277,356,299,0.6290,2026-08-04 05:48:12.930,2026-08-04 05:48:17.862
car_ID_5448,FLUSH,13928,car,329,320,349,341,0.5544,2026-08-04 05:48:16.804,2026-08-04 05:48:17.862
car_ID_5447,FLUSH,13923,car,328,320,622,285,0.6816,2026-08-04 05:48:14.109,2026-08-04 05:48:18.456
car_ID_5449,FLUSH,13930,car,743,274,777,265,0.6929,2026-08-04 05:48:17.082,2026-08-04 05:48:18.753
truck_ID_1327,FLUSH,13928,truck,710,256,711,256,0.5140,2026-08-04 05:48:20.568,2026-08-04 05:48:20.820
bus_ID_457,FLUSH,13928,bus,379,299,777,242,0.6692,2026-08-04 05:48:17.895,2026-08-04 05:48:23.563
car_ID_5451,FLUSH,13943,car,436,291,799,250,0.6545,2026-08-04 05:48:23.396,2026-08-04 05:48:32.627
car_ID_5453,FLUSH,13953,car,1151,354,402,344,0.8205,2026-08-04 05:48:29.175,2026-08-04 05:48:32.824
car_ID_5454,FLUSH,13963,car,1132,342,421,341,0.7501,2026-08-04 05:48:32.791,2026-08-04 05:48:35.827
car_ID_5457,FLUSH,13969,car,522,277,520,278,0.5810,2026-08-04 05:48:36.860,2026-08-04 05:48:36.992
car_ID_5450,FLUSH,13934,car,316,310,398,297,0.5949,2026-08-04 05:48:18.923,2026-08-04 05:48:37.094
car_ID_5455,FLUSH,13968,car,1134,348,373,343,0.7788,2026-08-04 05:48:35.067,2026-08-04 05:48:38.055
car_ID_5456,FLUSH,13971,car,1142,352,385,346,0.7783,2026-08-04 05:48:36.672,2026-08-04 05:48:39.621
car_ID_5458,FLUSH,13974,car,393,298,393,298,0.5097,2026-08-04 05:48:41.767,2026-08-04 05:48:41.935
car_ID_5452,FLUSH,13947,car,316,312,315,315,0.5824,2026-08-04 05:48:25.338,2026-08-04 05:48:50.690
car_ID_5461,FLUSH,13988,car,432,287,430,288,0.5561,2026-08-04 05:48:54.892,2026-08-04 05:48:54.954
car_ID_5460,FLUSH,13992,car,381,357,1111,384,0.8391,2026-08-04 05:48:54.438,2026-08-04 05:48:56.425
car_ID_5462,FLUSH,13988,car,360,291,360,291,0.5169,2026-08-04 05:48:56.858,2026-08-04 05:48:56.858
car_ID_5464,FLUSH,14001,car,328,321,328,321,0.5169,2026-08-04 05:48:58.771,2026-08-04 05:48:58.803
car_ID_5463,FLUSH,13999,car,404,370,1117,388,0.7737,2026-08-04 05:48:58.161,2026-08-04 05:49:00.555
car_ID_5459,FLUSH,13987,car,1112,327,806,259,0.6863,2026-08-04 05:48:53.591,2026-08-04 05:49:02.189
car_ID_5466,FLUSH,14011,car,547,365,989,378,0.7177,2026-08-04 05:49:02.494,2026-08-04 05:49:04.233
car_ID_5465,FLUSH,14008,car,356,366,1129,378,0.6685,2026-08-04 05:49:01.539,2026-08-04 05:49:04.760
car_ID_5468,FLUSH,14025,car,313,345,316,344,0.6290,2026-08-04 05:49:08.892,2026-08-04 05:49:09.055
truck_ID_1329,FLUSH,14028,truck,379,292,381,291,0.5753,2026-08-04 05:49:10.431,2026-08-04 05:49:10.689
car_ID_5467,FLUSH,14023,car,338,321,630,285,0.7956,2026-08-04 05:49:07.893,2026-08-04 05:49:10.721
truck_ID_1328,FLUSH,14025,truck,350,295,368,293,0.7107,2026-08-04 05:49:09.663,2026-08-04 05:49:10.863
car_ID_5469,FLUSH,14030,car,704,273,713,268,0.5846,2026-08-04 05:49:12.330,2026-08-04 05:49:12.766
car_ID_5472,FLUSH,14034,car,328,322,328,322,0.6122,2026-08-04 05:49:15.033,2026-08-04 05:49:15.127
car_ID_5471,FLUSH,14033,car,758,257,768,255,0.5494,2026-08-04 05:49:14.859,2026-08-04 05:49:15.304
car_ID_5470,FLUSH,14032,car,315,325,590,288,0.6924,2026-08-04 05:49:14.723,2026-08-04 05:49:15.757
truck_ID_1330,FLUSH,14029,truck,389,291,695,259,0.8033,2026-08-04 05:49:10.993,2026-08-04 05:49:16.058
truck_ID_1331,FLUSH,14044,truck,752,253,754,253,0.5289,2026-08-04 05:49:17.491,2026-08-04 05:49:17.729
truck_ID_1332,FLUSH,14043,truck,763,253,769,252,0.5850,2026-08-04 05:49:17.961,2026-08-04 05:49:18.520
truck_ID_1333,FLUSH,14043,truck,782,246,782,246,0.5115,2026-08-04 05:49:19.673,2026-08-04 05:49:19.750
bus_ID_458,FLUSH,14043,bus,752,254,791,242,0.6769,2026-08-04 05:49:17.491,2026-08-04 05:49:21.002
bus_ID_459,FLUSH,14044,bus,764,253,794,242,0.6959,2026-08-04 05:49:18.004,2026-08-04 05:49:21.102
car_ID_5473,FLUSH,14055,car,1151,358,381,343,0.8473,2026-08-04 05:49:23.111,2026-08-04 05:49:34.834
car_ID_5474,FLUSH,14050,car,328,322,323,335,0.5770,2026-08-04 05:49:34.461,2026-08-04 05:49:34.965
car_ID_5475,FLUSH,14050,car,329,320,329,321,0.5248,2026-08-04 05:49:36.333,2026-08-04 05:49:37.360
car_ID_5476,FLUSH,14064,car,1107,325,744,279,0.7205,2026-08-04 05:49:38.763,2026-08-04 05:49:42.322
car_ID_5478,FLUSH,14066,car,741,264,741,264,0.5240,2026-08-04 05:49:44.433,2026-08-04 05:49:44.433
car_ID_5480,FLUSH,14050,car,329,322,329,322,0.5062,2026-08-04 05:49:45.122,2026-08-04 05:49:45.295
car_ID_5477,FLUSH,14065,car,1065,327,759,287,0.6933,2026-08-04 05:49:42.494,2026-08-04 05:49:46.165
car_ID_5481,FLUSH,14066,car,776,252,794,250,0.5418,2026-08-04 05:49:46.309,2026-08-04 05:49:47.028
car_ID_5479,FLUSH,14067,car,1137,326,760,289,0.7136,2026-08-04 05:49:44.495,2026-08-04 05:49:47.365
car_ID_5482,FLUSH,14050,car,329,321,329,321,0.5097,2026-08-04 05:49:46.460,2026-08-04 05:49:47.568
car_ID_5483,FLUSH,14067,car,765,277,803,257,0.5801,2026-08-04 05:49:48.934,2026-08-04 05:49:52.490
car_ID_5484,FLUSH,14096,car,329,321,330,319,0.5465,2026-08-04 05:50:13.156,2026-08-04 05:50:14.284
car_ID_5485,FLUSH,14096,car,329,321,329,321,0.5882,2026-08-04 05:50:15.687,2026-08-04 05:50:15.720
car_ID_5486,FLUSH,14112,car,447,293,352,300,0.6220,2026-08-04 05:50:18.068,2026-08-04 05:50:20.023
car_ID_5487,FLUSH,14096,car,327,320,315,317,0.5624,2026-08-04 05:50:19.091,2026-08-04 05:50:25.233
car_ID_5490,FLUSH,14126,car,329,322,329,322,0.5240,2026-08-04 05:50:30.462,2026-08-04 05:50:30.527
car_ID_5489,FLUSH,14125,car,415,374,1083,404,0.8104,2026-08-04 05:50:29.688,2026-08-04 05:50:31.356
car_ID_5491,FLUSH,14126,car,329,321,329,321,0.5240,2026-08-04 05:50:32.138,2026-08-04 05:50:32.268
car_ID_5492,FLUSH,14126,car,329,321,329,320,0.5276,2026-08-04 05:50:33.602,2026-08-04 05:50:33.634
car_ID_5488,FLUSH,14123,car,1112,321,746,284,0.6674,2026-08-04 05:50:28.491,2026-08-04 05:50:35.796
car_ID_5493,FLUSH,14126,car,328,322,328,322,0.5240,2026-08-04 05:50:36.503,2026-08-04 05:50:36.643
car_ID_5495,FLUSH,14126,car,328,321,328,322,0.5418,2026-08-04 05:50:40.607,2026-08-04 05:50:41.127
car_ID_5494,FLUSH,14123,car,742,270,797,251,0.6148,2026-08-04 05:50:37.667,2026-08-04 05:50:41.360
car_ID_5497,FLUSH,14145,car,314,344,328,320,0.5431,2026-08-04 05:50:47.094,2026-08-04 05:50:49.523
car_ID_5496,FLUSH,14126,car,328,322,641,296,0.6788,2026-08-04 05:50:46.525,2026-08-04 05:50:50.512
car_ID_5499,FLUSH,14158,car,668,263,668,263,0.5240,2026-08-04 05:50:54.371,2026-08-04 05:50:54.371
car_ID_5498,FLUSH,14155,car,746,278,782,265,0.7149,2026-08-04 05:50:52.427,2026-08-04 05:50:55.732
car_ID_5500,FLUSH,14145,car,312,331,329,323,0.5815,2026-08-04 05:50:55.535,2026-08-04 05:50:56.681
car_ID_5501,FLUSH,14162,car,382,328,574,276,0.6406,2026-08-04 05:50:55.831,2026-08-04 05:50:58.398
car_ID_5502,FLUSH,14155,car,791,260,804,257,0.5669,2026-08-04 05:50:56.935,2026-08-04 05:50:58.567
car_ID_5505,FLUSH,14170,car,427,294,373,300,0.6135,2026-08-04 05:51:00.625,2026-08-04 05:51:01.824
car_ID_5503,FLUSH,14166,car,658,282,789,253,0.6154,2026-08-04 05:50:57.891,2026-08-04 05:51:02.463
car_ID_5504,FLUSH,14145,car,328,323,333,316,0.5790,2026-08-04 05:51:00.625,2026-08-04 05:51:02.932
car_ID_5508,FLUSH,14184,car,328,320,329,322,0.5924,2026-08-04 05:51:16.630,2026-08-04 05:51:16.925
car_ID_5507,FLUSH,14187,car,413,377,1144,403,0.7313,2026-08-04 05:51:16.392,2026-08-04 05:51:18.993
car_ID_5506,FLUSH,14176,car,1127,327,785,291,0.6729,2026-08-04 05:51:04.170,2026-08-04 05:51:20.730
car_ID_5509,FLUSH,14188,car,1151,333,783,276,0.7386,2026-08-04 05:51:17.068,2026-08-04 05:51:23.228
car_ID_5510,FLUSH,14193,car,329,320,329,320,0.5632,2026-08-04 05:51:30.939,2026-08-04 05:51:31.123
car_ID_5511,FLUSH,14193,car,329,321,329,321,0.5133,2026-08-04 05:51:37.536,2026-08-04 05:51:37.731
car_ID_5512,FLUSH,14213,car,358,290,337,294,0.6148,2026-08-04 05:51:38.829,2026-08-04 05:51:39.369
car_ID_5513,FLUSH,14193,car,331,314,331,314,0.5276,2026-08-04 05:51:39.447,2026-08-04 05:51:39.447
car_ID_5515,FLUSH,14229,car,329,322,329,322,0.5383,2026-08-04 05:51:52.292,2026-08-04 05:51:52.359
car_ID_5516,FLUSH,14229,car,329,321,329,321,0.5418,2026-08-04 05:51:54.063,2026-08-04 05:51:54.096
car_ID_5514,FLUSH,14217,car,1130,323,855,302,0.6249,2026-08-04 05:51:42.996,2026-08-04 05:51:57.621
car_ID_5518,FLUSH,14236,car,329,319,329,322,0.5883,2026-08-04 05:51:56.591,2026-08-04 05:51:59.093
car_ID_5517,FLUSH,14232,car,387,331,677,279,0.7506,2026-08-04 05:51:55.606,2026-08-04 05:52:01.992
car_ID_5519,FLUSH,14234,car,813,301,796,261,0.6586,2026-08-04 05:51:57.199,2026-08-04 05:52:03.456
car_ID_5521,FLUSH,14236,car,329,320,329,320,0.5267,2026-08-04 05:52:05.779,2026-08-04 05:52:05.922
car_ID_5520,FLUSH,14242,car,708,270,780,254,0.5909,2026-08-04 05:52:02.631,2026-08-04 05:52:06.526
car_ID_5522,FLUSH,14236,car,328,321,328,321,0.5026,2026-08-04 05:52:07.829,2026-08-04 05:52:07.959
car_ID_5523,FLUSH,14236,car,329,320,329,320,0.5026,2026-08-04 05:52:12.945,2026-08-04 05:52:12.945
car_ID_5525,FLUSH,14236,car,328,321,328,320,0.5673,2026-08-04 05:52:22.101,2026-08-04 05:52:22.788
car_ID_5526,FLUSH,14236,car,328,320,328,320,0.5204,2026-08-04 05:52:24.902,2026-08-04 05:52:24.902
truck_ID_1334,FLUSH,14264,truck,493,250,391,276,0.6045,2026-08-04 05:52:23.720,2026-08-04 05:52:25.461
car_ID_5524,FLUSH,14262,car,1146,351,405,335,0.8113,2026-08-04 05:52:21.930,2026-08-04 05:52:25.619
car_ID_5527,FLUSH,14268,car,329,320,329,320,0.5097,2026-08-04 05:52:26.327,2026-08-04 05:52:26.327
car_ID_5528,FLUSH,14292,car,329,322,329,322,0.5097,2026-08-04 05:52:47.408,2026-08-04 05:52:47.441
car_ID_5529,FLUSH,14292,car,328,322,327,321,0.5026,2026-08-04 05:52:48.970,2026-08-04 05:52:48.999
car_ID_5530,FLUSH,14292,car,328,322,328,322,0.5097,2026-08-04 05:52:52.018,2026-08-04 05:52:52.018
car_ID_5531,FLUSH,14307,car,580,267,580,267,0.5097,2026-08-04 05:52:56.929,2026-08-04 05:52:57.033
car_ID_5532,FLUSH,14310,car,349,319,651,279,0.6657,2026-08-04 05:52:58.567,2026-08-04 05:53:01.649
car_ID_5534,FLUSH,14316,car,328,322,328,322,0.5387,2026-08-04 05:53:01.502,2026-08-04 05:53:02.997
car_ID_5535,FLUSH,14318,car,709,269,719,267,0.6362,2026-08-04 05:53:02.902,2026-08-04 05:53:03.555
car_ID_5533,FLUSH,14312,car,329,321,667,278,0.7337,2026-08-04 05:52:59.258,2026-08-04 05:53:04.030
car_ID_5536,FLUSH,14320,car,755,257,795,251,0.5218,2026-08-04 05:53:05.131,2026-08-04 05:53:06.795
car_ID_5537,FLUSH,14312,car,711,268,782,251,0.6008,2026-08-04 05:53:05.224,2026-08-04 05:53:09.023
car_ID_5539,FLUSH,14325,car,329,321,329,321,0.5097,2026-08-04 05:53:09.870,2026-08-04 05:53:09.902
car_ID_5540,FLUSH,14325,car,329,321,329,321,0.5097,2026-08-04 05:53:12.370,2026-08-04 05:53:12.435
car_ID_5538,FLUSH,14316,car,328,321,804,256,0.6308,2026-08-04 05:53:05.665,2026-08-04 05:53:12.669
car_ID_5541,FLUSH,14325,car,329,320,329,320,0.5311,2026-08-04 05:53:13.565,2026-08-04 05:53:13.597
car_ID_5542,FLUSH,14325,car,328,320,315,342,0.5876,2026-08-04 05:53:17.529,2026-08-04 05:53:18.450
car_ID_5543,FLUSH,14341,car,414,335,671,292,0.5385,2026-08-04 05:53:18.786,2026-08-04 05:53:21.183
car_ID_5544,FLUSH,14343,car,328,320,329,320,0.6012,2026-08-04 05:53:19.127,2026-08-04 05:53:22.440
car_ID_5545,FLUSH,14347,car,393,335,697,289,0.6989,2026-08-04 05:53:21.109,2026-08-04 05:53:23.567
car_ID_5546,FLUSH,14348,car,761,276,783,269,0.5676,2026-08-04 05:53:22.678,2026-08-04 05:53:24.361
car_ID_5547,FLUSH,14351,car,750,277,771,271,0.5998,2026-08-04 05:53:24.730,2026-08-04 05:53:25.926
car_ID_5548,FLUSH,14343,car,328,320,328,320,0.5104,2026-08-04 05:53:24.863,2026-08-04 05:53:26.333
car_ID_5549,FLUSH,14353,car,793,259,801,257,0.5839,2026-08-04 05:53:27.682,2026-08-04 05:53:29.168
car_ID_5550,FLUSH,14343,car,329,322,329,322,0.5133,2026-08-04 05:53:29.820,2026-08-04 05:53:29.820
car_ID_5551,FLUSH,14343,car,329,321,329,321,0.5097,2026-08-04 05:53:32.097,2026-08-04 05:53:32.097
car_ID_5552,FLUSH,14343,car,329,322,328,321,0.5285,2026-08-04 05:53:33.366,2026-08-04 05:53:33.990
car_ID_5553,FLUSH,14363,car,1048,320,929,308,0.7486,2026-08-04 05:53:33.923,2026-08-04 05:53:34.532
bus_ID_460,FLUSH,14363,bus,899,276,889,274,0.5390,2026-08-04 05:53:34.662,2026-08-04 05:53:34.728
car_ID_5554,FLUSH,14364,car,875,302,766,288,0.6585,2026-08-04 05:53:34.868,2026-08-04 05:53:36.367
car_ID_5555,FLUSH,14343,car,329,321,329,321,0.5440,2026-08-04 05:53:35.033,2026-08-04 05:53:38.429
car_ID_5556,FLUSH,14364,car,767,276,801,258,0.6148,2026-08-04 05:53:37.503,2026-08-04 05:53:40.141
car_ID_5557,FLUSH,14343,car,329,321,329,321,0.5347,2026-08-04 05:53:40.536,2026-08-04 05:53:40.668
car_ID_5558,FLUSH,14343,car,328,320,329,320,0.5271,2026-08-04 05:53:42.561,2026-08-04 05:53:42.995
car_ID_5560,FLUSH,14385,car,328,321,328,321,0.5204,2026-08-04 05:53:50.366,2026-08-04 05:53:50.366
car_ID_5559,FLUSH,14343,car,328,320,614,285,0.6541,2026-08-04 05:53:45.188,2026-08-04 05:53:51.226
car_ID_5561,FLUSH,14385,car,329,320,329,320,0.5240,2026-08-04 05:53:52.128,2026-08-04 05:53:52.160
car_ID_5562,FLUSH,14385,car,328,321,328,321,0.5169,2026-08-04 05:53:56.068,2026-08-04 05:53:56.148
car_ID_5563,FLUSH,14400,car,373,295,344,295,0.6778,2026-08-04 05:53:59.559,2026-08-04 05:54:00.302
car_ID_5564,FLUSH,14401,car,328,320,315,311,0.5600,2026-08-04 05:53:59.725,2026-08-04 05:54:00.691
car_ID_5566,FLUSH,14413,car,781,246,778,246,0.5631,2026-08-04 05:54:02.496,2026-08-04 05:54:02.769
car_ID_5567,FLUSH,14415,car,302,301,300,302,0.5421,2026-08-04 05:54:02.702,2026-08-04 05:54:04.136
car_ID_5568,FLUSH,14410,car,436,324,654,289,0.6240,2026-08-04 05:54:02.866,2026-08-04 05:54:04.792
car_ID_5571,FLUSH,14424,car,330,322,330,322,0.5133,2026-08-04 05:54:06.699,2026-08-04 05:54:06.729
car_ID_5569,FLUSH,14420,car,726,273,790,261,0.5426,2026-08-04 05:54:05.432,2026-08-04 05:54:07.592
car_ID_5570,FLUSH,14423,car,427,313,745,263,0.6575,2026-08-04 05:54:06.494,2026-08-04 05:54:09.865
car_ID_5572,FLUSH,14434,car,600,266,600,266,0.5383,2026-08-04 05:54:11.624,2026-08-04 05:54:11.624
car_ID_5573,FLUSH,14424,car,329,322,329,323,0.5026,2026-08-04 05:54:11.757,2026-08-04 05:54:11.821
car_ID_5575,FLUSH,14424,car,330,321,345,286,0.5276,2026-08-04 05:54:14.894,2026-08-04 05:54:15.329
car_ID_5576,FLUSH,14422,car,300,301,301,302,0.5703,2026-08-04 05:54:15.151,2026-08-04 05:54:15.635
car_ID_5565,FLUSH,14412,car,1152,355,390,342,0.7417,2026-08-04 05:54:02.299,2026-08-04 05:54:16.122
car_ID_5574,FLUSH,14437,car,1134,329,1003,305,0.6999,2026-08-04 05:54:13.191,2026-08-04 05:54:16.600
car_ID_5580,FLUSH,14451,car,329,320,329,320,0.6304,2026-08-04 05:54:18.304,2026-08-04 05:54:18.760
car_ID_5582,FLUSH,14447,car,301,300,300,301,0.5793,2026-08-04 05:54:18.559,2026-08-04 05:54:18.760
car_ID_5577,FLUSH,14444,car,1120,337,443,338,0.7356,2026-08-04 05:54:15.923,2026-08-04 05:54:19.127
car_ID_5579,FLUSH,14450,car,933,306,788,296,0.6425,2026-08-04 05:54:17.595,2026-08-04 05:54:19.363
car_ID_5578,FLUSH,14448,car,1138,333,783,296,0.7407,2026-08-04 05:54:17.186,2026-08-04 05:54:21.001
car_ID_5585,FLUSH,14458,car,328,318,328,318,0.5347,2026-08-04 05:54:22.647,2026-08-04 05:54:22.647
car_ID_5584,FLUSH,14461,car,764,278,769,276,0.5219,2026-08-04 05:54:22.611,2026-08-04 05:54:23.022
car_ID_5587,FLUSH,14463,car,516,285,515,285,0.5097,2026-08-04 05:54:24.662,2026-08-04 05:54:24.694
car_ID_5581,FLUSH,14453,car,431,292,395,296,0.7231,2026-08-04 05:54:18.448,2026-08-04 05:54:26.200
car_ID_5588,FLUSH,14453,car,389,297,389,297,0.5097,2026-08-04 05:54:27.560,2026-08-04 05:54:27.653
car_ID_5586,FLUSH,14462,car,1112,323,803,259,0.6677,2026-08-04 05:54:22.721,2026-08-04 05:54:29.689
car_ID_5583,FLUSH,14457,car,301,300,300,300,0.5937,2026-08-04 05:54:19.883,2026-08-04 05:54:29.786
car_ID_5589,FLUSH,14471,car,378,298,366,300,0.5226,2026-08-04 05:54:30.734,2026-08-04 05:54:31.766
car_ID_5590,FLUSH,14475,car,407,297,379,299,0.5658,2026-08-04 05:54:33.095,2026-08-04 05:54:34.162
car_ID_5591,FLUSH,14475,car,378,361,1111,382,0.7906,2026-08-04 05:54:35.390,2026-08-04 05:54:37.800
car_ID_5593,FLUSH,14483,car,327,323,328,322,0.5867,2026-08-04 05:54:38.124,2026-08-04 05:54:38.595
car_ID_5592,FLUSH,14484,car,420,365,1117,387,0.7645,2026-08-04 05:54:38.023,2026-08-04 05:54:40.198
car_ID_5595,FLUSH,14489,car,328,321,328,323,0.5641,2026-08-04 05:54:40.913,2026-08-04 05:54:41.527
car_ID_5596,FLUSH,14489,car,328,322,328,322,0.5026,2026-08-04 05:54:42.995,2026-08-04 05:54:42.995
car_ID_5594,FLUSH,14488,car,391,365,1069,385,0.7773,2026-08-04 05:54:40.737,2026-08-04 05:54:43.036
car_ID_5597,FLUSH,14489,car,327,344,584,306,0.7401,2026-08-04 05:54:45.265,2026-08-04 05:54:47.091
car_ID_5598,FLUSH,14498,car,398,310,616,279,0.6299,2026-08-04 05:54:46.522,2026-08-04 05:54:48.799
car_ID_5599,FLUSH,14499,car,328,323,596,311,0.6256,2026-08-04 05:54:46.992,2026-08-04 05:54:49.625
car_ID_5601,FLUSH,14505,car,747,276,762,272,0.5556,2026-08-04 05:54:49.559,2026-08-04 05:54:50.339
car_ID_5600,FLUSH,14503,car,322,325,557,293,0.6961,2026-08-04 05:54:48.965,2026-08-04 05:54:50.756
car_ID_5602,FLUSH,14506,car,328,322,328,321,0.5413,2026-08-04 05:54:49.591,2026-08-04 05:54:50.987
car_ID_5603,FLUSH,14514,car,769,275,804,259,0.5850,2026-08-04 05:54:52.799,2026-08-04 05:54:55.465
car_ID_5604,FLUSH,14506,car,328,321,329,317,0.5518,2026-08-04 05:54:54.133,2026-08-04 05:54:56.624
car_ID_5605,FLUSH,14519,car,422,288,355,296,0.6016,2026-08-04 05:54:55.090,2026-08-04 05:54:56.968
car_ID_5606,FLUSH,14521,car,1137,351,445,345,0.7292,2026-08-04 05:54:56.257,2026-08-04 05:54:59.690
car_ID_5607,FLUSH,14506,car,315,313,314,313,0.5281,2026-08-04 05:54:59.092,2026-08-04 05:55:00.344
car_ID_5608,FLUSH,14538,car,402,276,401,276,0.5204,2026-08-04 05:55:09.396,2026-08-04 05:55:09.428
car_ID_5609,FLUSH,14539,car,340,281,340,282,0.5632,2026-08-04 05:55:10.559,2026-08-04 05:55:10.591
car_ID_5610,FLUSH,14556,car,310,340,310,340,0.5418,2026-08-04 05:55:21.066,2026-08-04 05:55:21.520
bus_ID_461,FLUSH,14553,bus,501,279,514,278,0.6003,2026-08-04 05:55:21.661,2026-08-04 05:55:21.827
truck_ID_1336,FLUSH,14557,truck,497,279,690,256,0.6556,2026-08-04 05:55:21.725,2026-08-04 05:55:23.297
truck_ID_1335,FLUSH,14553,truck,346,303,731,253,0.6207,2026-08-04 05:55:20.324,2026-08-04 05:55:23.801
bus_ID_462,FLUSH,14557,bus,730,253,779,242,0.5526,2026-08-04 05:55:23.729,2026-08-04 05:55:26.130
car_ID_5611,FLUSH,14557,car,787,264,787,264,0.5525,2026-08-04 05:55:26.461,2026-08-04 05:55:26.461
car_ID_5612,FLUSH,14565,car,328,320,328,320,0.5232,2026-08-04 05:55:27.629,2026-08-04 05:55:29.199
car_ID_5614,FLUSH,14570,car,327,321,328,320,0.5440,2026-08-04 05:55:31.659,2026-08-04 05:55:32.497
car_ID_5615,FLUSH,14572,car,432,292,347,299,0.5963,2026-08-04 05:55:31.796,2026-08-04 05:55:33.162
car_ID_5613,FLUSH,14565,car,315,340,1115,383,0.7692,2026-08-04 05:55:30.704,2026-08-04 05:55:33.638
car_ID_5616,FLUSH,14580,car,420,371,1127,400,0.7610,2026-08-04 05:55:36.223,2026-08-04 05:55:38.222
car_ID_5617,FLUSH,14581,car,329,323,329,322,0.5622,2026-08-04 05:55:36.723,2026-08-04 05:55:39.487
car_ID_5618,FLUSH,14581,car,328,321,328,321,0.5240,2026-08-04 05:55:41.904,2026-08-04 05:55:41.904
car_ID_5619,FLUSH,14581,car,328,321,328,321,0.5133,2026-08-04 05:55:44.466,2026-08-04 05:55:44.498
car_ID_5620,FLUSH,14601,car,328,319,328,320,0.5366,2026-08-04 05:55:53.834,2026-08-04 05:55:54.724
car_ID_5621,FLUSH,14601,car,329,320,328,320,0.5582,2026-08-04 05:55:55.904,2026-08-04 05:55:56.624
truck_ID_1337,FLUSH,14600,truck,346,298,723,254,0.7402,2026-08-04 05:55:50.097,2026-08-04 05:55:57.653
truck_ID_1338,FLUSH,14611,truck,763,253,763,253,0.5204,2026-08-04 05:55:59.696,2026-08-04 05:55:59.729
car_ID_5622,FLUSH,14612,car,417,314,621,287,0.6525,2026-08-04 05:56:00.173,2026-08-04 05:56:01.764
bus_ID_463,FLUSH,14611,bus,772,249,785,246,0.6213,2026-08-04 05:56:00.657,2026-08-04 05:56:02.261
truck_ID_1339,FLUSH,14614,truck,774,248,785,245,0.5561,2026-08-04 05:56:00.758,2026-08-04 05:56:02.297
car_ID_5624,FLUSH,14619,car,379,323,665,281,0.7100,2026-08-04 05:56:01.500,2026-08-04 05:56:03.929
car_ID_5623,FLUSH,14613,car,328,322,329,322,0.5480,2026-08-04 05:56:00.173,2026-08-04 05:56:05.296
car_ID_5626,FLUSH,14613,car,329,321,329,321,0.5525,2026-08-04 05:56:06.699,2026-08-04 05:56:06.699
car_ID_5625,FLUSH,14624,car,1138,348,773,342,0.7527,2026-08-04 05:56:05.735,2026-08-04 05:56:09.432
car_ID_5628,FLUSH,14637,car,328,322,328,322,0.5347,2026-08-04 05:56:10.387,2026-08-04 05:56:10.387
car_ID_5627,FLUSH,14633,car,539,342,395,338,0.6562,2026-08-04 05:56:10.322,2026-08-04 05:56:11.620
car_ID_5629,FLUSH,14645,car,328,320,328,320,0.5434,2026-08-04 05:56:17.965,2026-08-04 05:56:18.200
car_ID_5630,FLUSH,14645,car,328,315,328,315,0.5989,2026-08-04 05:56:19.331,2026-08-04 05:56:19.363
car_ID_5632,FLUSH,14654,car,752,243,752,243,0.5026,2026-08-04 05:56:26.232,2026-08-04 05:56:26.232
car_ID_5631,FLUSH,14649,car,395,293,360,296,0.5355,2026-08-04 05:56:24.598,2026-08-04 05:56:26.600
car_ID_5633,FLUSH,14656,car,415,365,1108,386,0.6916,2026-08-04 05:56:29.111,2026-08-04 05:56:31.425
car_ID_5635,FLUSH,14660,car,329,321,329,320,0.5247,2026-08-04 05:56:32.001,2026-08-04 05:56:32.545
car_ID_5634,FLUSH,14659,car,414,362,1109,390,0.7617,2026-08-04 05:56:31.490,2026-08-04 05:56:33.634
car_ID_5636,FLUSH,14669,car,329,322,329,322,0.5115,2026-08-04 05:56:38.210,2026-08-04 05:56:40.264
car_ID_5637,FLUSH,14673,car,387,317,528,298,0.7289,2026-08-04 05:56:40.533,2026-08-04 05:56:41.662
car_ID_5638,FLUSH,14674,car,582,285,634,280,0.5687,2026-08-04 05:56:41.397,2026-08-04 05:56:42.896
car_ID_5639,FLUSH,14677,car,357,322,502,297,0.6100,2026-08-04 05:56:42.458,2026-08-04 05:56:43.305
car_ID_5640,FLUSH,14678,car,537,281,521,282,0.5593,2026-08-04 05:56:42.528,2026-08-04 05:56:43.379
car_ID_5641,FLUSH,14682,car,876,299,876,299,0.5632,2026-08-04 05:56:45.221,2026-08-04 05:56:45.221
car_ID_5644,FLUSH,14685,car,466,326,466,326,0.5703,2026-08-04 05:56:45.301,2026-08-04 05:56:45.301
car_ID_5643,FLUSH,14684,car,329,322,329,323,0.5638,2026-08-04 05:56:45.301,2026-08-04 05:56:46.059
truck_ID_1340,FLUSH,14679,truck,355,295,646,264,0.6941,2026-08-04 05:56:43.339,2026-08-04 05:56:46.171
car_ID_5642,FLUSH,14683,car,386,300,648,280,0.6126,2026-08-04 05:56:45.221,2026-08-04 05:56:48.734
car_ID_5646,FLUSH,14697,car,779,252,779,251,0.5026,2026-08-04 05:56:52.727,2026-08-04 05:56:52.759
car_ID_5645,FLUSH,14684,car,331,314,314,317,0.5756,2026-08-04 05:56:47.775,2026-08-04 05:57:02.357
car_ID_5650,FLUSH,14717,car,328,320,328,320,0.5290,2026-08-04 05:57:08.788,2026-08-04 05:57:08.788
car_ID_5649,FLUSH,14716,car,510,369,510,369,0.5953,2026-08-04 05:57:08.431,2026-08-04 05:57:08.887
car_ID_5647,FLUSH,14707,car,1139,320,861,299,0.7066,2026-08-04 05:57:03.259,2026-08-04 05:57:10.144
car_ID_5648,FLUSH,14715,car,434,365,1139,388,0.7390,2026-08-04 05:57:08.167,2026-08-04 05:57:10.421
car_ID_5652,FLUSH,14724,car,458,282,453,282,0.5513,2026-08-04 05:57:11.513,2026-08-04 05:57:11.586
car_ID_5653,FLUSH,14726,car,343,288,343,288,0.6202,2026-08-04 05:57:12.397,2026-08-04 05:57:12.851
car_ID_5651,FLUSH,14721,car,818,296,802,255,0.6215,2026-08-04 05:57:10.192,2026-08-04 05:57:17.967
car_ID_5656,FLUSH,14748,car,579,279,574,279,0.5298,2026-08-04 05:57:23.566,2026-08-04 05:57:23.670
car_ID_5655,FLUSH,14746,car,383,318,603,284,0.6511,2026-08-04 05:57:23.294,2026-08-04 05:57:25.033
car_ID_5659,FLUSH,14760,car,707,270,708,269,0.5561,2026-08-04 05:57:26.733,2026-08-04 05:57:26.814
car_ID_5661,FLUSH,14762,car,539,275,538,276,0.5133,2026-08-04 05:57:28.104,2026-08-04 05:57:28.136
car_ID_5660,FLUSH,14761,car,490,305,641,279,0.6764,2026-08-04 05:57:26.889,2026-08-04 05:57:28.489
car_ID_5658,FLUSH,14758,car,437,302,393,298,0.5749,2026-08-04 05:57:26.605,2026-08-04 05:57:29.397
car_ID_5657,FLUSH,14759,car,328,321,328,319,0.5813,2026-08-04 05:57:26.496,2026-08-04 05:57:29.648
car_ID_5662,FLUSH,14763,car,778,252,787,251,0.5126,2026-08-04 05:57:29.673,2026-08-04 05:57:30.162
car_ID_5664,FLUSH,14767,car,328,321,363,299,0.5365,2026-08-04 05:57:31.358,2026-08-04 05:57:32.319
car_ID_5663,FLUSH,14761,car,715,269,779,255,0.6457,2026-08-04 05:57:30.098,2026-08-04 05:57:32.791
car_ID_5665,FLUSH,14772,car,328,319,328,316,0.5234,2026-08-04 05:57:32.319,2026-08-04 05:57:36.435
car_ID_5666,FLUSH,14782,car,341,313,341,313,0.5668,2026-08-04 05:57:38.326,2026-08-04 05:57:38.359
car_ID_5654,FLUSH,14739,car,1128,348,405,342,0.7720,2026-08-04 05:57:19.701,2026-08-04 05:57:39.062
car_ID_5667,FLUSH,14789,car,334,317,333,317,0.5954,2026-08-04 05:57:40.955,2026-08-04 05:57:41.423
car_ID_5668,FLUSH,14795,car,319,315,319,315,0.5062,2026-08-04 05:57:45.564,2026-08-04 05:57:45.631
bus_ID_464,FLUSH,14803,bus,906,266,897,265,0.6326,2026-08-04 05:57:50.682,2026-08-04 05:57:51.195
car_ID_5669,FLUSH,14802,car,1045,314,764,280,0.6646,2026-08-04 05:57:49.963,2026-08-04 05:57:52.828
car_ID_5670,FLUSH,14804,car,316,314,315,315,0.5318,2026-08-04 05:57:51.804,2026-08-04 05:57:53.164
car_ID_5671,FLUSH,14814,car,388,296,387,297,0.5653,2026-08-04 05:57:56.396,2026-08-04 05:57:56.646
car_ID_5672,FLUSH,14813,car,799,257,799,257,0.5383,2026-08-04 05:57:57.098,2026-08-04 05:57:57.131
car_ID_5673,FLUSH,14814,car,347,315,343,316,0.5836,2026-08-04 05:57:58.031,2026-08-04 05:57:58.395
car_ID_5674,FLUSH,14818,car,417,373,1057,401,0.7235,2026-08-04 05:58:01.567,2026-08-04 05:58:03.391
car_ID_5675,FLUSH,14822,car,327,340,1035,388,0.6689,2026-08-04 05:58:03.390,2026-08-04 05:58:05.368
car_ID_5676,FLUSH,14824,car,387,298,385,298,0.6131,2026-08-04 05:58:06.122,2026-08-04 05:58:06.178
car_ID_5677,FLUSH,14861,car,361,294,350,294,0.5418,2026-08-04 05:58:22.500,2026-08-04 05:58:22.689
person_ID_32,FLUSH,14863,person,1090,333,1089,333,0.5329,2026-08-04 05:58:23.664,2026-08-04 05:58:23.899
car_ID_5680,FLUSH,14869,car,514,379,718,393,0.7811,2026-08-04 05:58:25.491,2026-08-04 05:58:26.433
car_ID_5679,FLUSH,14867,car,1137,327,836,307,0.7077,2026-08-04 05:58:25.233,2026-08-04 05:58:28.452
car_ID_5678,FLUSH,14863,car,1039,327,770,297,0.7112,2026-08-04 05:58:24.223,2026-08-04 05:58:29.307
car_ID_5681,FLUSH,14873,car,434,376,1091,390,0.7056,2026-08-04 05:58:28.120,2026-08-04 05:58:30.225
car_ID_5682,FLUSH,14876,car,472,376,1121,399,0.8049,2026-08-04 05:58:31.728,2026-08-04 05:58:33.818
car_ID_5686,FLUSH,14903,car,307,343,314,340,0.5839,2026-08-04 05:58:44.365,2026-08-04 05:58:44.697
car_ID_5683,FLUSH,14897,car,387,343,591,305,0.6749,2026-08-04 05:58:42.522,2026-08-04 05:58:44.830
car_ID_5687,FLUSH,14905,car,389,345,430,328,0.6866,2026-08-04 05:58:44.950,2026-08-04 05:58:45.669
car_ID_5689,FLUSH,14908,car,328,323,328,323,0.5561,2026-08-04 05:58:47.233,2026-08-04 05:58:47.233
car_ID_5688,FLUSH,14906,car,466,327,611,301,0.6759,2026-08-04 05:58:45.800,2026-08-04 05:58:47.330
car_ID_5692,FLUSH,14912,car,329,322,328,322,0.5181,2026-08-04 05:58:48.259,2026-08-04 05:58:48.327
car_ID_5691,FLUSH,14910,car,763,275,763,275,0.5311,2026-08-04 05:58:48.159,2026-08-04 05:58:48.595
car_ID_5690,FLUSH,14911,car,397,306,569,285,0.7180,2026-08-04 05:58:48.094,2026-08-04 05:58:49.356
car_ID_5694,FLUSH,14918,car,782,269,785,267,0.5940,2026-08-04 05:58:51.974,2026-08-04 05:58:52.229
car_ID_5684,FLUSH,14899,car,1135,333,738,342,0.8349,2026-08-04 05:58:43.132,2026-08-04 05:58:53.991
car_ID_5693,FLUSH,14915,car,709,267,779,251,0.5949,2026-08-04 05:58:51.500,2026-08-04 05:58:55.048
car_ID_5696,FLUSH,14926,car,328,322,329,319,0.5400,2026-08-04 05:58:54.636,2026-08-04 05:58:55.226
car_ID_5695,FLUSH,14925,car,675,342,388,338,0.7955,2026-08-04 05:58:54.131,2026-08-04 05:58:55.367
car_ID_5685,FLUSH,14901,car,1116,335,776,290,0.7333,2026-08-04 05:58:43.657,2026-08-04 05:59:00.997
car_ID_5697,FLUSH,14901,car,762,277,784,263,0.5679,2026-08-04 05:59:02.842,2026-08-04 05:59:05.229
car_ID_5698,FLUSH,14962,car,334,315,334,311,0.6407,2026-08-04 05:59:28.110,2026-08-04 05:59:28.542
car_ID_5699,FLUSH,14975,car,398,348,434,341,0.6181,2026-08-04 05:59:34.833,2026-08-04 05:59:35.000
truck_ID_1341,FLUSH,14973,truck,357,295,606,277,0.6952,2026-08-04 05:59:34.565,2026-08-04 05:59:37.415
car_ID_5700,FLUSH,14987,car,386,336,648,293,0.6497,2026-08-04 05:59:40.334,2026-08-04 05:59:42.522
car_ID_5702,FLUSH,14992,car,409,299,410,298,0.5228,2026-08-04 05:59:44.497,2026-08-04 05:59:44.569
car_ID_5703,FLUSH,14992,car,382,298,387,297,0.5602,2026-08-04 05:59:46.000,2026-08-04 05:59:46.282
car_ID_5701,FLUSH,14987,car,724,278,803,256,0.6099,2026-08-04 05:59:43.724,2026-08-04 05:59:49.322
car_ID_5704,FLUSH,15005,car,556,278,553,278,0.5605,2026-08-04 05:59:52.797,2026-08-04 05:59:52.892
car_ID_5706,FLUSH,15013,car,328,319,328,321,0.6137,2026-08-04 05:59:55.125,2026-08-04 05:59:55.297
car_ID_5705,FLUSH,15011,car,367,299,356,299,0.6165,2026-08-04 05:59:54.918,2026-08-04 05:59:55.431
car_ID_5707,FLUSH,15013,car,315,318,315,318,0.5097,2026-08-04 05:59:56.381,2026-08-04 05:59:56.860
car_ID_5708,FLUSH,15014,car,418,293,403,293,0.5529,2026-08-04 05:59:57.541,2026-08-04 05:59:58.701
car_ID_5709,FLUSH,15016,car,635,383,642,384,0.5703,2026-08-04 05:59:59.358,2026-08-04 05:59:59.390
car_ID_5710,FLUSH,15017,car,833,393,1026,395,0.5974,2026-08-04 05:59:59.795,2026-08-04 06:00:00.658
car_ID_5711,FLUSH,15018,car,426,375,987,402,0.6376,2026-08-04 06:00:01.229,2026-08-04 06:00:02.459
car_ID_5712,FLUSH,15019,car,433,375,1047,396,0.7506,2026-08-04 06:00:03.733,2026-08-04 06:00:05.188
car_ID_5713,FLUSH,15031,car,371,328,607,291,0.6222,2026-08-04 06:00:14.353,2026-08-04 06:00:16.295
car_ID_5714,FLUSH,15043,car,410,344,410,344,0.5204,2026-08-04 06:00:19.366,2026-08-04 06:00:19.707
truck_ID_1343,FLUSH,15043,truck,420,291,421,288,0.6265,2026-08-04 06:00:19.752,2026-08-04 06:00:20.257
car_ID_5716,FLUSH,15048,car,333,316,333,316,0.5347,2026-08-04 06:00:21.526,2026-08-04 06:00:21.526
car_ID_5715,FLUSH,15045,car,776,265,797,257,0.6294,2026-08-04 06:00:20.025,2026-08-04 06:00:21.558
truck_ID_1342,FLUSH,15044,truck,397,293,595,277,0.5950,2026-08-04 06:00:19.401,2026-08-04 06:00:21.557
truck_ID_1344,FLUSH,15047,truck,543,281,632,269,0.6692,2026-08-04 06:00:21.066,2026-08-04 06:00:21.592
truck_ID_1345,FLUSH,15052,truck,367,289,367,289,0.5065,2026-08-04 06:00:22.622,2026-08-04 06:00:23.091
truck_ID_1347,FLUSH,15053,truck,508,282,508,282,0.6190,2026-08-04 06:00:24.188,2026-08-04 06:00:24.188
truck_ID_1346,FLUSH,15055,truck,491,281,648,264,0.6898,2026-08-04 06:00:24.023,2026-08-04 06:00:25.479
bus_ID_465,FLUSH,15057,bus,773,251,800,244,0.6058,2026-08-04 06:00:25.164,2026-08-04 06:00:26.842
bus_ID_466,FLUSH,15055,bus,726,254,727,254,0.5177,2026-08-04 06:00:26.890,2026-08-04 06:00:27.226
bus_ID_467,FLUSH,15064,bus,765,250,801,241,0.6439,2026-08-04 06:00:28.187,2026-08-04 06:00:30.467
car_ID_5717,FLUSH,15087,car,380,327,796,259,0.7468,2026-08-04 06:00:41.292,2026-08-04 06:00:46.554
car_ID_5718,FLUSH,15102,car,640,356,640,356,0.5338,2026-08-04 06:00:52.160,2026-08-04 06:00:52.730
car_ID_5719,FLUSH,15106,car,760,251,758,249,0.5347,2026-08-04 06:00:53.721,2026-08-04 06:00:53.893
car_ID_5720,FLUSH,15105,car,604,263,604,263,0.5846,2026-08-04 06:00:54.122,2026-08-04 06:00:54.122
car_ID_5721,FLUSH,15107,car,555,381,1044,400,0.7110,2026-08-04 06:00:54.202,2026-08-04 06:00:55.358
car_ID_5722,FLUSH,15114,car,553,383,553,383,0.6340,2026-08-04 06:00:56.016,2026-08-04 06:00:56.044
car_ID_5723,FLUSH,15110,car,640,356,640,356,0.5254,2026-08-04 06:00:57.463,2026-08-04 06:00:57.538
car_ID_5724,FLUSH,15117,car,501,347,992,360,0.6237,2026-08-04 06:00:57.821,2026-08-04 06:00:58.839
car_ID_5725,FLUSH,15127,car,379,297,341,317,0.6084,2026-08-04 06:01:05.876,2026-08-04 06:01:06.426
car_ID_5726,FLUSH,15127,car,315,315,315,315,0.5567,2026-08-04 06:01:07.691,2026-08-04 06:01:08.401
truck_ID_1348,FLUSH,15134,truck,387,297,412,282,0.6367,2026-08-04 06:01:10.598,2026-08-04 06:01:11.014
truck_ID_1349,FLUSH,15138,truck,432,291,645,265,0.6787,2026-08-04 06:01:11.198,2026-08-04 06:01:13.525
car_ID_5728,FLUSH,15141,car,315,316,315,316,0.5585,2026-08-04 06:01:13.044,2026-08-04 06:01:13.865
truck_ID_1350,FLUSH,15143,truck,741,255,766,250,0.6108,2026-08-04 06:01:14.460,2026-08-04 06:01:15.299
bus_ID_468,FLUSH,15148,bus,766,250,768,250,0.5888,2026-08-04 06:01:15.268,2026-08-04 06:01:15.429
car_ID_5727,FLUSH,15139,car,312,318,628,287,0.5732,2026-08-04 06:01:12.294,2026-08-04 06:01:15.755
car_ID_5731,FLUSH,15148,car,785,266,785,266,0.5703,2026-08-04 06:01:16.531,2026-08-04 06:01:16.564
bus_ID_470,FLUSH,15143,bus,789,243,790,242,0.6470,2026-08-04 06:01:16.797,2026-08-04 06:01:16.902
bus_ID_469,FLUSH,15148,bus,790,249,790,246,0.5062,2026-08-04 06:01:16.732,2026-08-04 06:01:17.222
car_ID_5730,FLUSH,15147,car,316,317,316,315,0.5572,2026-08-04 06:01:15.196,2026-08-04 06:01:17.357
car_ID_5729,FLUSH,15146,car,383,320,627,279,0.6568,2026-08-04 06:01:14.831,2026-08-04 06:01:17.532
car_ID_5732,FLUSH,15147,car,317,316,317,316,0.5311,2026-08-04 06:01:19.324,2026-08-04 06:01:19.324
truck_ID_1351,FLUSH,15155,truck,1089,301,1086,301,0.5395,2026-08-04 06:01:20.026,2026-08-04 06:01:20.290
car_ID_5733,FLUSH,15154,car,754,263,777,259,0.5283,2026-08-04 06:01:20.093,2026-08-04 06:01:20.998
car_ID_5736,FLUSH,15161,car,1056,322,1044,321,0.6583,2026-08-04 06:01:24.425,2026-08-04 06:01:24.692
car_ID_5734,FLUSH,15147,car,316,316,309,332,0.5718,2026-08-04 06:01:22.468,2026-08-04 06:01:28.148
car_ID_5735,FLUSH,15162,car,1144,351,376,343,0.8325,2026-08-04 06:01:23.945,2026-08-04 06:01:28.293
car_ID_5737,FLUSH,15164,car,1052,322,763,278,0.6993,2026-08-04 06:01:26.066,2026-08-04 06:01:31.798
car_ID_5739,FLUSH,15174,car,786,267,800,260,0.5620,2026-08-04 06:01:33.166,2026-08-04 06:01:33.919
car_ID_5738,FLUSH,15168,car,1155,332,804,256,0.7610,2026-08-04 06:01:28.393,2026-08-04 06:01:38.565
car_ID_5740,FLUSH,15177,car,314,314,314,317,0.5669,2026-08-04 06:01:39.064,2026-08-04 06:01:43.068
car_ID_5742,FLUSH,15190,car,315,313,315,313,0.5062,2026-08-04 06:01:48.930,2026-08-04 06:01:49.106
car_ID_5741,FLUSH,15189,car,502,371,1085,390,0.8056,2026-08-04 06:01:47.711,2026-08-04 06:01:49.182
car_ID_5743,FLUSH,15195,car,327,322,327,322,0.5097,2026-08-04 06:01:53.345,2026-08-04 06:01:54.162
car_ID_5744,FLUSH,15205,car,393,325,593,292,0.6469,2026-08-04 06:01:59.160,2026-08-04 06:02:00.992
car_ID_5746,FLUSH,15212,car,753,274,753,274,0.5204,2026-08-04 06:02:03.894,2026-08-04 06:02:03.894
car_ID_5745,FLUSH,15207,car,376,319,615,280,0.6842,2026-08-04 06:02:01.166,2026-08-04 06:02:03.963
car_ID_5747,FLUSH,15212,car,783,267,783,267,0.5062,2026-08-04 06:02:05.223,2026-08-04 06:02:05.223
car_ID_5748,FLUSH,15215,car,352,300,352,300,0.5668,2026-08-04 06:02:06.128,2026-08-04 06:02:06.161
car_ID_5749,FLUSH,15228,car,390,315,622,279,0.6774,2026-08-04 06:02:12.989,2026-08-04 06:02:14.486
car_ID_5751,FLUSH,15235,car,711,269,713,268,0.5461,2026-08-04 06:02:16.097,2026-08-04 06:02:16.226
car_ID_5750,FLUSH,15234,car,395,312,626,280,0.5854,2026-08-04 06:02:15.752,2026-08-04 06:02:17.674
car_ID_5752,FLUSH,15243,car,768,254,767,254,0.5109,2026-08-04 06:02:20.969,2026-08-04 06:02:21.032
car_ID_5753,FLUSH,15249,car,553,281,521,285,0.5233,2026-08-04 06:02:26.877,2026-08-04 06:02:27.390
car_ID_5755,FLUSH,15249,car,434,290,367,297,0.6762,2026-08-04 06:02:28.594,2026-08-04 06:02:29.465
car_ID_5754,FLUSH,15251,car,1071,314,783,296,0.7238,2026-08-04 06:02:27.897,2026-08-04 06:02:32.201
car_ID_5756,FLUSH,15256,car,408,366,1140,388,0.7099,2026-08-04 06:02:30.480,2026-08-04 06:02:32.895
car_ID_5757,FLUSH,15261,car,402,326,617,288,0.6975,2026-08-04 06:02:33.993,2026-08-04 06:02:37.030
car_ID_5758,FLUSH,15268,car,706,273,706,273,0.5276,2026-08-04 06:02:38.900,2026-08-04 06:02:38.935
car_ID_5759,FLUSH,15270,car,754,258,754,258,0.5276,2026-08-04 06:02:41.364,2026-08-04 06:02:41.364
car_ID_5760,FLUSH,15270,car,781,253,783,252,0.5680,2026-08-04 06:02:42.458,2026-08-04 06:02:42.528
car_ID_5761,FLUSH,15272,car,494,302,494,302,0.5347,2026-08-04 06:02:44.809,2026-08-04 06:02:44.809
car_ID_5762,FLUSH,15276,car,360,297,317,314,0.5771,2026-08-04 06:02:47.825,2026-08-04 06:02:49.066
car_ID_5763,FLUSH,15296,car,399,333,626,291,0.6446,2026-08-04 06:03:07.424,2026-08-04 06:03:09.463
car_ID_5765,FLUSH,15303,car,520,281,519,282,0.6167,2026-08-04 06:03:12.774,2026-08-04 06:03:12.853
car_ID_5764,FLUSH,15302,car,755,273,788,263,0.5459,2026-08-04 06:03:10.962,2026-08-04 06:03:12.951
car_ID_5766,FLUSH,15307,car,399,330,409,329,0.5133,2026-08-04 06:03:13.964,2026-08-04 06:03:14.167
truck_ID_1352,FLUSH,15312,truck,561,266,601,263,0.7095,2026-08-04 06:03:14.962,2026-08-04 06:03:15.232
truck_ID_1353,FLUSH,15311,truck,573,265,603,261,0.6067,2026-08-04 06:03:15.059,2026-08-04 06:03:15.267
bus_ID_471,FLUSH,15311,bus,516,284,633,261,0.5415,2026-08-04 06:03:14.798,2026-08-04 06:03:15.430
car_ID_5767,FLUSH,15314,car,412,295,390,297,0.5896,2026-08-04 06:03:16.534,2026-08-04 06:03:17.489
car_ID_5768,FLUSH,15323,car,755,241,755,241,0.5133,2026-08-04 06:03:19.811,2026-08-04 06:03:19.811
car_ID_5770,FLUSH,15330,car,412,295,412,294,0.5118,2026-08-04 06:03:21.384,2026-08-04 06:03:21.591
car_ID_5769,FLUSH,15327,car,457,374,1102,398,0.7055,2026-08-04 06:03:20.802,2026-08-04 06:03:22.667
car_ID_5771,FLUSH,15333,car,888,231,888,231,0.5276,2026-08-04 06:03:23.159,2026-08-04 06:03:23.635
car_ID_5772,FLUSH,15336,car,450,367,1028,383,0.7613,2026-08-04 06:03:24.154,2026-08-04 06:03:25.890
car_ID_5773,FLUSH,15342,car,992,314,817,297,0.6512,2026-08-04 06:03:26.947,2026-08-04 06:03:28.324
car_ID_5774,FLUSH,15344,car,542,377,1012,385,0.6016,2026-08-04 06:03:27.394,2026-08-04 06:03:28.589
car_ID_5775,FLUSH,15346,car,1001,317,767,289,0.6256,2026-08-04 06:03:28.661,2026-08-04 06:03:30.836
car_ID_5776,FLUSH,15350,car,796,261,796,260,0.5222,2026-08-04 06:03:33.205,2026-08-04 06:03:33.239
car_ID_5778,FLUSH,15360,car,328,318,329,319,0.5258,2026-08-04 06:03:38.997,2026-08-04 06:03:39.725
car_ID_5777,FLUSH,15354,car,513,281,342,296,0.6410,2026-08-04 06:03:36.456,2026-08-04 06:03:41.024
car_ID_5779,FLUSH,15360,car,317,314,315,312,0.6309,2026-08-04 06:03:41.361,2026-08-04 06:03:41.798
car_ID_5780,FLUSH,15372,car,424,289,418,291,0.5620,2026-08-04 06:03:47.433,2026-08-04 06:03:47.717
car_ID_5781,FLUSH,15379,car,400,320,670,286,0.6297,2026-08-04 06:03:50.198,2026-08-04 06:03:52.023
car_ID_5782,FLUSH,15385,car,753,275,803,257,0.7248,2026-08-04 06:03:53.407,2026-08-04 06:03:56.321
car_ID_5783,FLUSH,15387,car,632,297,632,297,0.5596,2026-08-04 06:03:56.354,2026-08-04 06:03:56.354
car_ID_5785,FLUSH,15395,car,748,276,788,261,0.6490,2026-08-04 06:03:58.093,2026-08-04 06:04:00.270
car_ID_5784,FLUSH,15390,car,1119,349,467,344,0.7868,2026-08-04 06:03:56.562,2026-08-04 06:04:09.055
car_ID_5786,FLUSH,15419,car,610,252,610,252,0.5062,2026-08-04 06:04:15.179,2026-08-04 06:04:15.187
car_ID_5787,FLUSH,15422,car,519,265,516,264,0.5686,2026-08-04 06:04:17.759,2026-08-04 06:04:17.859
car_ID_5788,FLUSH,15424,car,640,356,640,356,0.5330,2026-08-04 06:04:20.392,2026-08-04 06:04:20.462
car_ID_5789,FLUSH,15429,car,381,299,381,299,0.5026,2026-08-04 06:04:27.119,2026-08-04 06:04:27.119
car_ID_5790,FLUSH,15433,car,402,363,1114,391,0.7814,2026-08-04 06:04:28.033,2026-08-04 06:04:30.499
car_ID_5791,FLUSH,15438,car,433,372,1109,386,0.7716,2026-08-04 06:04:30.195,2026-08-04 06:04:32.299
car_ID_5792,FLUSH,15440,car,405,362,1027,395,0.7394,2026-08-04 06:04:31.864,2026-08-04 06:04:33.735
car_ID_5793,FLUSH,15456,car,310,343,648,293,0.6286,2026-08-04 06:04:39.362,2026-08-04 06:04:43.203
car_ID_5794,FLUSH,15458,car,417,304,640,283,0.7832,2026-08-04 06:04:41.056,2026-08-04 06:04:43.587
car_ID_5795,FLUSH,15465,car,701,271,710,271,0.5137,2026-08-04 06:04:44.823,2026-08-04 06:04:45.083
car_ID_5796,FLUSH,15468,car,735,266,765,254,0.5579,2026-08-04 06:04:45.996,2026-08-04 06:04:47.773
car_ID_5797,FLUSH,15471,car,794,255,795,254,0.5026,2026-08-04 06:04:47.765,2026-08-04 06:04:47.774
car_ID_5798,FLUSH,15477,car,462,289,461,289,0.5347,2026-08-04 06:04:51.502,2026-08-04 06:04:51.534
car_ID_5799,FLUSH,15477,car,433,291,401,294,0.5766,2026-08-04 06:04:52.561,2026-08-04 06:04:55.125
car_ID_5800,FLUSH,15492,car,384,292,402,292,0.5639,2026-08-04 06:04:59.969,2026-08-04 06:05:00.165
car_ID_5801,FLUSH,15495,car,399,351,402,351,0.5668,2026-08-04 06:05:00.655,2026-08-04 06:05:00.688
car_ID_5802,FLUSH,15499,car,602,325,602,325,0.5204,2026-08-04 06:05:01.999,2026-08-04 06:05:02.464
truck_ID_1355,FLUSH,15503,truck,600,267,600,267,0.5215,2026-08-04 06:05:02.961,2026-08-04 06:05:03.429
truck_ID_1354,FLUSH,15495,truck,418,292,667,264,0.6968,2026-08-04 06:05:01.067,2026-08-04 06:05:03.462
bus_ID_472,FLUSH,15509,bus,767,253,772,254,0.5699,2026-08-04 06:05:05.528,2026-08-04 06:05:05.978
car_ID_5803,FLUSH,15500,car,392,298,359,298,0.5552,2026-08-04 06:05:02.432,2026-08-04 06:05:07.860
car_ID_5804,FLUSH,15518,car,529,364,1014,380,0.6833,2026-08-04 06:05:09.831,2026-08-04 06:05:10.794
car_ID_5805,FLUSH,15523,car,409,360,1118,380,0.6801,2026-08-04 06:05:12.441,2026-08-04 06:05:14.492
car_ID_5806,FLUSH,15533,car,507,269,379,283,0.6277,2026-08-04 06:05:16.260,2026-08-04 06:05:17.793
car_ID_5808,FLUSH,15545,car,598,283,593,284,0.5466,2026-08-04 06:05:26.340,2026-08-04 06:05:26.502
car_ID_5809,FLUSH,15548,car,381,320,404,312,0.6223,2026-08-04 06:05:26.400,2026-08-04 06:05:26.646
car_ID_5810,FLUSH,15551,car,775,277,773,273,0.5288,2026-08-04 06:05:29.305,2026-08-04 06:05:29.825
car_ID_5811,FLUSH,15552,car,715,267,719,266,0.6140,2026-08-04 06:05:30.226,2026-08-04 06:05:30.636
car_ID_5812,FLUSH,15554,car,392,295,391,295,0.5418,2026-08-04 06:05:30.600,2026-08-04 06:05:30.636
car_ID_5813,FLUSH,15561,car,405,327,405,327,0.6915,2026-08-04 06:05:32.793,2026-08-04 06:05:32.793
car_ID_5814,FLUSH,15575,car,386,299,386,299,0.5347,2026-08-04 06:05:37.767,2026-08-04 06:05:38.222
car_ID_5816,FLUSH,15577,car,613,287,613,287,0.5177,2026-08-04 06:05:38.422,2026-08-04 06:05:38.422
car_ID_5815,FLUSH,15578,car,388,295,386,297,0.7140,2026-08-04 06:05:38.390,2026-08-04 06:05:39.926
car_ID_5817,FLUSH,15591,car,514,359,1034,379,0.6944,2026-08-04 06:05:44.910,2026-08-04 06:05:46.213
car_ID_5807,FLUSH,15543,car,1126,326,788,291,0.7150,2026-08-04 06:05:24.896,2026-08-04 06:05:47.027
car_ID_5818,FLUSH,15595,car,461,373,1093,394,0.6372,2026-08-04 06:05:46.828,2026-08-04 06:05:48.531
car_ID_5819,FLUSH,15596,car,640,356,639,356,0.5100,2026-08-04 06:05:48.835,2026-08-04 06:05:48.867
car_ID_5820,FLUSH,15597,car,633,382,1093,397,0.6950,2026-08-04 06:05:49.359,2026-08-04 06:05:50.894
car_ID_5821,FLUSH,15543,car,770,270,804,258,0.6001,2026-08-04 06:05:49.700,2026-08-04 06:05:52.559
car_ID_5822,FLUSH,15600,car,472,378,943,397,0.6956,2026-08-04 06:05:51.951,2026-08-04 06:05:53.099
car_ID_5823,FLUSH,15607,car,794,394,794,394,0.5204,2026-08-04 06:05:53.099,2026-08-04 06:05:53.555
car_ID_5824,FLUSH,15608,car,581,374,1045,383,0.6343,2026-08-04 06:05:53.591,2026-08-04 06:05:54.433
car_ID_5825,FLUSH,15616,car,401,321,648,295,0.6116,2026-08-04 06:05:57.195,2026-08-04 06:05:59.290
car_ID_5827,FLUSH,15625,car,775,270,787,266,0.5637,2026-08-04 06:06:01.855,2026-08-04 06:06:02.529
car_ID_5828,FLUSH,15116,car,640,358,640,358,0.5292,2026-08-04 06:06:09.731,2026-08-04 06:06:09.763
car_ID_5826,FLUSH,15623,car,1141,353,458,341,0.7436,2026-08-04 06:06:00.759,2026-08-04 06:06:10.131
car_ID_5829,FLUSH,15645,car,639,355,639,355,0.5407,2026-08-04 06:06:20.834,2026-08-04 06:06:20.834
car_ID_5831,FLUSH,15669,car,475,287,475,287,0.5133,2026-08-04 06:06:28.663,2026-08-04 06:06:28.663
car_ID_5830,FLUSH,15664,car,392,322,645,295,0.6328,2026-08-04 06:06:27.193,2026-08-04 06:06:29.757
car_ID_5832,FLUSH,15672,car,755,275,755,275,0.5097,2026-08-04 06:06:32.167,2026-08-04 06:06:32.167
car_ID_5833,FLUSH,15669,car,478,288,479,288,0.5520,2026-08-04 06:06:33.437,2026-08-04 06:06:37.398
car_ID_5834,FLUSH,15688,car,1114,326,791,295,0.6810,2026-08-04 06:06:39.993,2026-08-04 06:06:42.690
car_ID_5836,FLUSH,15692,car,397,300,383,299,0.5050,2026-08-04 06:06:42.323,2026-08-04 06:06:43.132
car_ID_5835,FLUSH,15690,car,383,356,1111,382,0.8249,2026-08-04 06:06:41.262,2026-08-04 06:06:43.721
car_ID_5837,FLUSH,15695,car,515,377,955,388,0.5585,2026-08-04 06:06:44.834,2026-08-04 06:06:46.282
car_ID_5838,FLUSH,15697,car,773,270,785,265,0.5610,2026-08-04 06:06:45.423,2026-08-04 06:06:46.362
car_ID_5839,FLUSH,15701,car,468,372,1047,399,0.7259,2026-08-04 06:06:47.401,2026-08-04 06:06:49.084
car_ID_5840,FLUSH,15705,car,594,384,695,390,0.7126,2026-08-04 06:06:49.460,2026-08-04 06:06:50.100
car_ID_5841,FLUSH,15706,car,1012,307,882,299,0.6766,2026-08-04 06:06:49.970,2026-08-04 06:06:50.956
car_ID_5842,FLUSH,15711,car,843,300,779,284,0.6206,2026-08-04 06:06:51.295,2026-08-04 06:06:52.660
car_ID_5843,FLUSH,15715,car,566,357,1034,383,0.5781,2026-08-04 06:06:52.398,2026-08-04 06:06:53.894
car_ID_5845,FLUSH,15723,car,585,379,646,376,0.5882,2026-08-04 06:06:55.461,2026-08-04 06:06:55.596
car_ID_5844,FLUSH,15722,car,485,366,646,376,0.6813,2026-08-04 06:06:55.461,2026-08-04 06:06:55.902
car_ID_5847,FLUSH,15724,car,850,381,1119,385,0.6351,2026-08-04 06:06:56.344,2026-08-04 06:06:57.482
car_ID_5846,FLUSH,15719,car,772,266,799,255,0.5987,2026-08-04 06:06:55.531,2026-08-04 06:06:57.689
car_ID_5848,FLUSH,15733,car,392,317,607,283,0.6215,2026-08-04 06:07:05.238,2026-08-04 06:07:06.693
car_ID_5849,FLUSH,15737,car,418,324,546,302,0.6178,2026-08-04 06:07:08.131,2026-08-04 06:07:08.847
car_ID_5850,FLUSH,15740,car,771,264,792,255,0.6244,2026-08-04 06:07:12.431,2026-08-04 06:07:13.831
car_ID_5851,FLUSH,15763,car,387,297,341,316,0.5545,2026-08-04 06:07:45.999,2026-08-04 06:07:46.825
bus_ID_473,FLUSH,15768,bus,411,274,414,276,0.5865,2026-08-04 06:07:49.434,2026-08-04 06:07:49.483
car_ID_5852,FLUSH,15768,car,462,297,513,307,0.5561,2026-08-04 06:07:49.526,2026-08-04 06:07:49.846
bus_ID_474,FLUSH,15768,bus,571,266,577,266,0.6232,2026-08-04 06:07:50.659,2026-08-04 06:07:51.230
truck_ID_1356,FLUSH,15773,truck,352,295,412,289,0.6399,2026-08-04 06:07:50.852,2026-08-04 06:07:52.561
truck_ID_1357,FLUSH,15778,truck,471,281,471,281,0.5703,2026-08-04 06:07:53.695,2026-08-04 06:07:53.793
car_ID_5853,FLUSH,15782,car,313,336,328,334,0.5227,2026-08-04 06:07:54.693,2026-08-04 06:07:54.960
truck_ID_1358,FLUSH,15779,truck,592,274,604,265,0.5388,2026-08-04 06:07:53.696,2026-08-04 06:07:55.227
car_ID_5854,FLUSH,15784,car,385,342,632,300,0.7894,2026-08-04 06:07:55.047,2026-08-04 06:07:57.339
car_ID_5855,FLUSH,15790,car,753,272,799,258,0.6085,2026-08-04 06:07:59.765,2026-08-04 06:08:02.767
car_ID_5857,FLUSH,15796,car,639,356,640,356,0.5177,2026-08-04 06:08:07.138,2026-08-04 06:08:07.170
person_ID_33,FLUSH,15808,person,1060,309,1060,310,0.5062,2026-08-04 06:08:12.500,2026-08-04 06:08:12.734
truck_ID_1359,FLUSH,15812,truck,378,293,409,285,0.6762,2026-08-04 06:08:12.883,2026-08-04 06:08:13.292
truck_ID_1360,FLUSH,15812,truck,592,260,594,269,0.5102,2026-08-04 06:08:14.326,2026-08-04 06:08:14.393
car_ID_5858,FLUSH,15817,car,640,356,640,356,0.5062,2026-08-04 06:08:17.155,2026-08-04 06:08:17.188
car_ID_5859,FLUSH,15824,car,469,322,483,317,0.6104,2026-08-04 06:08:19.666,2026-08-04 06:08:19.743
truck_ID_1361,FLUSH,15825,truck,374,290,380,293,0.5965,2026-08-04 06:08:20.832,2026-08-04 06:08:20.867
bus_ID_475,FLUSH,15825,bus,393,293,410,297,0.6253,2026-08-04 06:08:20.964,2026-08-04 06:08:21.172
truck_ID_1362,FLUSH,15826,truck,401,300,415,295,0.6386,2026-08-04 06:08:21.107,2026-08-04 06:08:21.764
truck_ID_1363,FLUSH,15830,truck,603,270,604,271,0.5177,2026-08-04 06:08:22.543,2026-08-04 06:08:22.579
car_ID_5860,FLUSH,15848,car,450,370,514,371,0.5803,2026-08-04 06:08:33.687,2026-08-04 06:08:34.020
car_ID_5856,FLUSH,15799,car,1143,328,782,296,0.7481,2026-08-04 06:08:04.103,2026-08-04 06:08:36.545
car_ID_5861,FLUSH,15856,car,858,398,956,400,0.7091,2026-08-04 06:08:36.652,2026-08-04 06:08:36.858
car_ID_5862,FLUSH,15858,car,1050,324,862,306,0.7120,2026-08-04 06:08:36.894,2026-08-04 06:08:38.374
car_ID_5863,FLUSH,15861,car,570,387,978,399,0.7229,2026-08-04 06:08:38.090,2026-08-04 06:08:38.896
car_ID_5864,FLUSH,15863,car,811,301,808,301,0.6716,2026-08-04 06:08:38.762,2026-08-04 06:08:38.897
car_ID_5865,FLUSH,15865,car,1052,320,859,300,0.7265,2026-08-04 06:08:39.242,2026-08-04 06:08:41.025
car_ID_5866,FLUSH,15868,car,820,303,785,290,0.5641,2026-08-04 06:08:41.025,2026-08-04 06:08:41.838
car_ID_5867,FLUSH,15869,car,475,372,973,390,0.7023,2026-08-04 06:08:41.955,2026-08-04 06:08:43.237
car_ID_5868,FLUSH,15877,car,789,263,793,259,0.5468,2026-08-04 06:08:46.724,2026-08-04 06:08:47.134
car_ID_5869,FLUSH,15884,car,386,322,607,284,0.7480,2026-08-04 06:08:48.787,2026-08-04 06:08:51.131
car_ID_5870,FLUSH,15898,car,467,324,537,316,0.5692,2026-08-04 06:08:55.021,2026-08-04 06:08:55.392
truck_ID_1364,FLUSH,15898,truck,534,289,572,288,0.6653,2026-08-04 06:08:55.071,2026-08-04 06:08:55.424
car_ID_5872,FLUSH,15912,car,1127,326,1128,326,0.5960,2026-08-04 06:09:02.229,2026-08-04 06:09:02.531
car_ID_5871,FLUSH,15903,car,1137,338,475,343,0.6765,2026-08-04 06:08:57.493,2026-08-04 06:09:04.560
car_ID_5873,FLUSH,15912,car,1044,319,913,308,0.7343,2026-08-04 06:09:05.852,2026-08-04 06:09:07.132
car_ID_5875,FLUSH,15923,car,1025,315,1021,315,0.5721,2026-08-04 06:09:07.895,2026-08-04 06:09:08.406
car_ID_5874,FLUSH,15922,car,900,308,766,294,0.6225,2026-08-04 06:09:07.212,2026-08-04 06:09:08.992
car_ID_5876,FLUSH,15948,car,345,312,344,313,0.6381,2026-08-04 06:09:22.434,2026-08-04 06:09:22.466
car_ID_5877,FLUSH,15953,car,530,371,1107,381,0.6441,2026-08-04 06:09:25.675,2026-08-04 06:09:27.531
car_ID_5879,FLUSH,15959,car,553,388,553,388,0.5347,2026-08-04 06:09:28.389,2026-08-04 06:09:28.861
car_ID_5878,FLUSH,15958,car,442,373,1024,387,0.7499,2026-08-04 06:09:28.258,2026-08-04 06:09:30.156
car_ID_5880,FLUSH,15967,car,390,320,627,284,0.6281,2026-08-04 06:09:35.665,2026-08-04 06:09:37.697
car_ID_5881,FLUSH,15970,car,708,270,715,269,0.5097,2026-08-04 06:09:38.861,2026-08-04 06:09:39.240
car_ID_5882,FLUSH,15996,car,386,313,644,279,0.7221,2026-08-04 06:09:57.457,2026-08-04 06:10:00.314
car_ID_5883,FLUSH,16010,car,710,268,711,268,0.5216,2026-08-04 06:10:01.827,2026-08-04 06:10:01.992
car_ID_5884,FLUSH,16018,car,463,365,1107,385,0.7453,2026-08-04 06:10:07.286,2026-08-04 06:10:09.122
car_ID_5885,FLUSH,16037,car,1135,325,1135,325,0.5311,2026-08-04 06:10:22.254,2026-08-04 06:10:22.370
car_ID_5887,FLUSH,16048,car,382,321,392,318,0.5187,2026-08-04 06:10:28.000,2026-08-04 06:10:28.032
bus_ID_476,FLUSH,16056,bus,407,288,407,288,0.5215,2026-08-04 06:10:32.029,2026-08-04 06:10:32.029
truck_ID_1365,FLUSH,16056,truck,409,287,409,287,0.5890,2026-08-04 06:10:32.076,2026-08-04 06:10:32.108
car_ID_5888,FLUSH,16056,car,509,327,513,327,0.5454,2026-08-04 06:10:32.278,2026-08-04 06:10:32.554
truck_ID_1366,FLUSH,16060,truck,569,277,613,280,0.5561,2026-08-04 06:10:33.267,2026-08-04 06:10:34.128
person_ID_34,FLUSH,16034,person,961,410,926,343,0.6330,2026-08-04 06:10:22.210,2026-08-04 06:10:36.754
person_ID_35,FLUSH,16035,person,1022,421,955,343,0.6655,2026-08-04 06:10:22.210,2026-08-04 06:10:36.754
car_ID_5889,FLUSH,16065,car,638,354,639,355,0.5433,2026-08-04 06:10:36.657,2026-08-04 06:10:36.858
car_ID_5886,FLUSH,16039,car,1083,322,1082,321,0.5991,2026-08-04 06:10:24.191,2026-08-04 06:10:37.432
car_ID_5890,FLUSH,16067,car,1081,314,867,301,0.6546,2026-08-04 06:10:40.723,2026-08-04 06:10:54.403
car_ID_5894,FLUSH,16086,car,798,302,804,300,0.5231,2026-08-04 06:10:54.791,2026-08-04 06:10:54.954
car_ID_5893,FLUSH,16085,car,1085,323,980,324,0.6506,2026-08-04 06:10:53.995,2026-08-04 06:10:55.024
car_ID_5896,FLUSH,16090,car,320,340,320,340,0.5561,2026-08-04 06:10:55.228,2026-08-04 06:10:55.228
car_ID_5892,FLUSH,16084,car,501,367,1035,378,0.7341,2026-08-04 06:10:53.522,2026-08-04 06:10:55.531
car_ID_5895,FLUSH,16088,car,937,309,883,301,0.6662,2026-08-04 06:10:55.126,2026-08-04 06:10:56.080
car_ID_5898,FLUSH,16097,car,639,381,639,381,0.5775,2026-08-04 06:10:56.492,2026-08-04 06:10:56.971
car_ID_5897,FLUSH,16095,car,1089,321,797,296,0.6500,2026-08-04 06:10:56.211,2026-08-04 06:10:59.499
car_ID_5899,FLUSH,16098,car,1104,318,852,302,0.7488,2026-08-04 06:10:58.469,2026-08-04 06:11:00.693
car_ID_5900,FLUSH,16101,car,590,288,578,287,0.6096,2026-08-04 06:11:01.755,2026-08-04 06:11:02.096
bus_ID_477,FLUSH,16103,bus,1079,278,772,261,0.6532,2026-08-04 06:11:02.195,2026-08-04 06:11:06.562
car_ID_5901,FLUSH,16105,car,401,296,348,315,0.6021,2026-08-04 06:11:05.263,2026-08-04 06:11:06.631
bus_ID_478,FLUSH,16115,bus,760,257,767,253,0.5264,2026-08-04 06:11:08.057,2026-08-04 06:11:08.785
car_ID_5891,FLUSH,16081,car,1131,348,761,346,0.7809,2026-08-04 06:10:52.091,2026-08-04 06:11:24.258
car_ID_5902,FLUSH,16139,car,562,300,559,304,0.5586,2026-08-04 06:11:24.803,2026-08-04 06:11:25.068
car_ID_5903,FLUSH,16150,car,1087,304,776,286,0.6613,2026-08-04 06:11:37.159,2026-08-04 06:11:40.093
car_ID_5904,FLUSH,16158,car,795,259,795,259,0.5050,2026-08-04 06:11:44.293,2026-08-04 06:11:44.370
car_ID_5905,FLUSH,16161,car,871,392,964,392,0.8062,2026-08-04 06:11:47.886,2026-08-04 06:11:48.568
car_ID_5906,FLUSH,16111,car,636,356,639,356,0.5085,2026-08-04 06:11:51.770,2026-08-04 06:11:52.762
car_ID_5908,FLUSH,16169,car,895,402,917,403,0.6050,2026-08-04 06:11:52.439,2026-08-04 06:11:52.964
car_ID_5909,FLUSH,16171,car,540,376,972,396,0.5729,2026-08-04 06:11:53.520,2026-08-04 06:11:54.926
car_ID_5910,FLUSH,16180,car,425,322,472,316,0.5640,2026-08-04 06:11:58.428,2026-08-04 06:11:59.595
truck_ID_1367,FLUSH,16194,truck,937,345,937,345,0.6078,2026-08-04 06:12:11.495,2026-08-04 06:12:11.979
car_ID_5907,FLUSH,16168,car,1147,328,750,324,0.7770,2026-08-04 06:11:52.125,2026-08-04 06:12:12.297
car_ID_5912,FLUSH,16197,car,487,348,487,348,0.5252,2026-08-04 06:12:13.198,2026-08-04 06:12:13.663
car_ID_5911,FLUSH,16193,car,1119,323,848,299,0.8321,2026-08-04 06:12:11.172,2026-08-04 06:12:17.458
car_ID_5913,FLUSH,16202,car,812,300,790,298,0.6416,2026-08-04 06:12:17.699,2026-08-04 06:12:18.102
car_ID_5914,FLUSH,16209,car,1125,326,780,291,0.6887,2026-08-04 06:12:26.925,2026-08-04 06:12:28.897
person_ID_36,FLUSH,16210,person,1078,309,1078,309,0.5418,2026-08-04 06:12:29.365,2026-08-04 06:12:29.857
car_ID_5915,FLUSH,16212,car,998,317,782,292,0.6243,2026-08-04 06:12:29.655,2026-08-04 06:12:31.156
car_ID_5916,FLUSH,16170,car,632,357,627,357,0.5586,2026-08-04 06:12:32.553,2026-08-04 06:12:32.734
car_ID_5917,FLUSH,16170,car,639,356,625,357,0.5366,2026-08-04 06:12:34.291,2026-08-04 06:12:34.695
car_ID_5919,FLUSH,16218,car,585,315,594,314,0.5703,2026-08-04 06:12:35.695,2026-08-04 06:12:35.728
car_ID_5918,FLUSH,16217,car,749,372,1025,375,0.6050,2026-08-04 06:12:34.866,2026-08-04 06:12:36.100
car_ID_5920,FLUSH,16219,car,737,375,1108,382,0.8418,2026-08-04 06:12:36.132,2026-08-04 06:12:37.568
car_ID_5922,FLUSH,16211,car,637,356,639,356,0.5100,2026-08-04 06:12:39.204,2026-08-04 06:12:39.523
car_ID_5921,FLUSH,16221,car,562,362,1093,374,0.7899,2026-08-04 06:12:38.647,2026-08-04 06:12:40.128
car_ID_5923,FLUSH,16232,car,464,373,1105,385,0.7280,2026-08-04 06:12:41.292,2026-08-04 06:12:42.898
car_ID_5924,FLUSH,16237,car,497,367,1068,383,0.6673,2026-08-04 06:12:42.490,2026-08-04 06:12:44.297
car_ID_5925,FLUSH,16243,car,383,322,589,286,0.6616,2026-08-04 06:12:45.935,2026-08-04 06:12:47.926
car_ID_5926,FLUSH,16244,car,386,345,512,319,0.6641,2026-08-04 06:12:47.092,2026-08-04 06:12:48.160
car_ID_5927,FLUSH,16253,car,381,334,598,301,0.7081,2026-08-04 06:12:50.078,2026-08-04 06:12:52.156
car_ID_5928,FLUSH,16257,car,783,278,783,278,0.5062,2026-08-04 06:12:54.322,2026-08-04 06:12:54.322
bus_ID_479,FLUSH,16272,bus,437,292,466,290,0.5731,2026-08-04 06:13:04.455,2026-08-04 06:13:04.551
truck_ID_1368,FLUSH,16272,truck,466,288,614,296,0.6978,2026-08-04 06:13:05.099,2026-08-04 06:13:06.223
car_ID_5929,FLUSH,16286,car,434,374,1138,397,0.7796,2026-08-04 06:13:16.666,2026-08-04 06:13:19.168
car_ID_5931,FLUSH,16309,car,535,308,539,308,0.5739,2026-08-04 06:13:36.065,2026-08-04 06:13:36.097
car_ID_5932,FLUSH,16312,car,790,265,797,260,0.5629,2026-08-04 06:13:39.559,2026-08-04 06:13:40.198
car_ID_5933,FLUSH,16317,car,489,304,604,283,0.5815,2026-08-04 06:13:41.291,2026-08-04 06:13:42.052
car_ID_5934,FLUSH,16330,car,638,356,638,356,0.5177,2026-08-04 06:13:49.190,2026-08-04 06:13:49.289
bus_ID_480,FLUSH,16331,bus,519,283,519,283,0.5027,2026-08-04 06:13:49.866,2026-08-04 06:13:49.899
truck_ID_1370,FLUSH,16331,truck,530,281,560,280,0.6462,2026-08-04 06:13:49.931,2026-08-04 06:13:50.095
truck_ID_1369,FLUSH,16332,truck,571,277,621,268,0.5654,2026-08-04 06:13:49.899,2026-08-04 06:13:50.995
car_ID_5935,FLUSH,16341,car,771,270,792,259,0.5732,2026-08-04 06:13:56.122,2026-08-04 06:13:57.657
car_ID_5936,FLUSH,16343,car,418,335,458,328,0.6709,2026-08-04 06:13:57.483,2026-08-04 06:13:57.692
car_ID_5937,FLUSH,16348,car,412,293,388,298,0.5516,2026-08-04 06:13:59.260,2026-08-04 06:14:00.560
bus_ID_481,FLUSH,16355,bus,584,274,586,274,0.5140,2026-08-04 06:14:02.534,2026-08-04 06:14:02.566
car_ID_5938,FLUSH,16354,car,473,323,541,316,0.6921,2026-08-04 06:14:02.191,2026-08-04 06:14:02.646
car_ID_5939,FLUSH,16367,car,1131,329,1130,329,0.5490,2026-08-04 06:14:06.631,2026-08-04 06:14:06.662
car_ID_5930,FLUSH,16302,car,1128,351,462,339,0.8376,2026-08-04 06:13:29.446,2026-08-04 06:14:09.193
car_ID_5940,FLUSH,16375,car,1138,327,1138,327,0.5668,2026-08-04 06:14:11.824,2026-08-04 06:14:11.824
car_ID_5941,FLUSH,16375,car,1069,327,828,302,0.7178,2026-08-04 06:14:13.424,2026-08-04 06:14:16.058
car_ID_5942,FLUSH,16379,car,1137,326,780,292,0.7317,2026-08-04 06:14:16.800,2026-08-04 06:14:19.920
car_ID_5943,FLUSH,16383,car,480,372,974,394,0.7581,2026-08-04 06:14:28.868,2026-08-04 06:14:30.226
car_ID_5944,FLUSH,16387,car,1025,328,908,309,0.6534,2026-08-04 06:14:34.023,2026-08-04 06:14:34.901
car_ID_5945,FLUSH,16389,car,863,309,782,293,0.6273,2026-08-04 06:14:35.101,2026-08-04 06:14:36.965
truck_ID_1371,FLUSH,16404,truck,389,297,392,289,0.6959,2026-08-04 06:14:46.213,2026-08-04 06:14:46.385
truck_ID_1372,FLUSH,16407,truck,518,286,593,269,0.6368,2026-08-04 06:14:47.785,2026-08-04 06:14:48.765
car_ID_5946,FLUSH,16432,car,881,398,982,397,0.7087,2026-08-04 06:15:13.733,2026-08-04 06:15:14.351
car_ID_5948,FLUSH,16445,car,463,326,531,312,0.5392,2026-08-04 06:15:29.266,2026-08-04 06:15:29.789
car_ID_5949,FLUSH,16452,car,389,298,386,299,0.6771,2026-08-04 06:15:32.658,2026-08-04 06:15:33.404
car_ID_5950,FLUSH,16454,car,364,347,401,342,0.5287,2026-08-04 06:15:33.604,2026-08-04 06:15:33.889
bus_ID_482,FLUSH,16454,bus,435,288,425,282,0.5469,2026-08-04 06:15:34.427,2026-08-04 06:15:34.744
truck_ID_1373,FLUSH,16454,truck,490,286,490,288,0.5665,2026-08-04 06:15:35.288,2026-08-04 06:15:35.320
bus_ID_483,FLUSH,16454,bus,506,283,574,272,0.5831,2026-08-04 06:15:35.897,2026-08-04 06:15:37.093
car_ID_5951,FLUSH,16464,car,380,322,479,322,0.6763,2026-08-04 06:15:41.293,2026-08-04 06:15:42.001
car_ID_5952,FLUSH,16470,car,457,289,440,291,0.5253,2026-08-04 06:15:46.832,2026-08-04 06:15:47.518
car_ID_5953,FLUSH,16472,car,314,315,314,314,0.6233,2026-08-04 06:15:47.659,2026-08-04 06:15:48.160
car_ID_5954,FLUSH,16491,car,683,392,978,398,0.6664,2026-08-04 06:15:57.100,2026-08-04 06:15:58.193
car_ID_5947,FLUSH,16441,car,1137,327,781,293,0.7832,2026-08-04 06:15:25.659,2026-08-04 06:16:01.064
car_ID_5955,FLUSH,16495,car,660,382,1071,394,0.6300,2026-08-04 06:15:59.932,2026-08-04 06:16:01.194
car_ID_5956,FLUSH,16500,car,749,275,749,275,0.5204,2026-08-04 06:16:03.696,2026-08-04 06:16:03.696
car_ID_5957,FLUSH,16501,car,760,270,790,259,0.6244,2026-08-04 06:16:04.754,2026-08-04 06:16:06.820
car_ID_5958,FLUSH,16509,car,393,280,393,280,0.5240,2026-08-04 06:16:19.134,2026-08-04 06:16:19.602
car_ID_5959,FLUSH,16520,car,387,299,383,299,0.7201,2026-08-04 06:16:32.895,2026-08-04 06:16:33.081
car_ID_5960,FLUSH,16532,car,575,381,943,392,0.5859,2026-08-04 06:16:42.762,2026-08-04 06:16:43.860
car_ID_5961,FLUSH,16533,car,1046,319,785,289,0.6597,2026-08-04 06:16:45.560,2026-08-04 06:16:48.599
car_ID_5962,FLUSH,16539,car,789,268,792,263,0.5173,2026-08-04 06:16:52.225,2026-08-04 06:16:53.272
car_ID_5963,FLUSH,16545,car,389,318,556,291,0.6262,2026-08-04 06:17:00.522,2026-08-04 06:17:01.958
car_ID_5964,FLUSH,16546,car,401,337,599,302,0.6389,2026-08-04 06:17:01.542,2026-08-04 06:17:03.360
car_ID_5965,FLUSH,16554,car,417,329,595,299,0.6456,2026-08-04 06:17:13.969,2026-08-04 06:17:15.624
car_ID_5968,FLUSH,16563,car,434,271,388,290,0.5296,2026-08-04 06:17:19.336,2026-08-04 06:17:20.301
car_ID_5966,FLUSH,16565,car,782,268,788,262,0.5901,2026-08-04 06:17:19.195,2026-08-04 06:17:20.467
car_ID_5967,FLUSH,16566,car,412,316,603,285,0.6808,2026-08-04 06:17:19.336,2026-08-04 06:17:20.869
car_ID_5969,FLUSH,16562,car,1135,342,1130,340,0.6219,2026-08-04 06:17:22.167,2026-08-04 06:17:22.987
car_ID_5970,FLUSH,16580,car,1114,339,741,347,0.7950,2026-08-04 06:17:28.592,2026-08-04 06:17:31.833
car_ID_5972,FLUSH,16584,car,460,339,437,340,0.5454,2026-08-04 06:17:32.556,2026-08-04 06:17:33.229
car_ID_5973,FLUSH,16590,car,992,314,1005,315,0.6609,2026-08-04 06:17:35.254,2026-08-04 06:17:35.388
car_ID_5971,FLUSH,16585,car,1061,326,807,304,0.6963,2026-08-04 06:17:32.041,2026-08-04 06:17:35.496
car_ID_5974,FLUSH,16594,car,951,314,914,300,0.6526,2026-08-04 06:17:35.594,2026-08-04 06:17:35.995
car_ID_5976,FLUSH,16597,car,498,351,489,351,0.6478,2026-08-04 06:17:37.299,2026-08-04 06:17:37.368
car_ID_5975,FLUSH,16596,car,819,288,784,290,0.6293,2026-08-04 06:17:36.894,2026-08-04 06:17:37.531
car_ID_5977,FLUSH,16614,car,385,340,511,319,0.6001,2026-08-04 06:18:03.358,2026-08-04 06:18:04.825
car_ID_5978,FLUSH,16615,car,575,309,575,309,0.5739,2026-08-04 06:18:04.995,2026-08-04 06:18:04.995
car_ID_5979,FLUSH,16616,car,334,338,334,338,0.5133,2026-08-04 06:18:05.364,2026-08-04 06:18:05.364
car_ID_5980,FLUSH,16617,car,391,341,616,297,0.6122,2026-08-04 06:18:05.364,2026-08-04 06:18:07.593
car_ID_5981,FLUSH,16627,car,791,262,798,258,0.6218,2026-08-04 06:18:12.467,2026-08-04 06:18:13.157
car_ID_5982,FLUSH,16628,car,1131,346,408,338,0.8061,2026-08-04 06:18:12.532,2026-08-04 06:18:16.530
car_ID_5984,FLUSH,16653,car,1070,321,1066,322,0.6936,2026-08-04 06:18:43.065,2026-08-04 06:18:44.462
car_ID_5983,FLUSH,16647,car,1142,326,775,294,0.7384,2026-08-04 06:18:37.941,2026-08-04 06:18:49.189
car_ID_5985,FLUSH,16664,car,765,274,795,262,0.5903,2026-08-04 06:18:53.720,2026-08-04 06:18:56.964
car_ID_5986,FLUSH,16667,car,621,390,1093,404,0.6810,2026-08-04 06:18:58.531,2026-08-04 06:19:00.172
car_ID_5987,FLUSH,16682,car,1078,322,789,293,0.7100,2026-08-04 06:19:13.938,2026-08-04 06:19:22.023
car_ID_5988,FLUSH,16693,car,1039,319,932,309,0.6545,2026-08-04 06:19:27.091,2026-08-04 06:19:27.629
car_ID_5989,FLUSH,16693,car,779,293,777,293,0.5193,2026-08-04 06:19:28.728,2026-08-04 06:19:28.793
car_ID_5990,FLUSH,16702,car,420,330,447,324,0.5841,2026-08-04 06:19:36.823,2026-08-04 06:19:36.992
car_ID_5991,FLUSH,16705,car,385,319,606,282,0.6588,2026-08-04 06:19:37.531,2026-08-04 06:19:39.290
car_ID_5992,FLUSH,16708,car,390,335,437,327,0.5939,2026-08-04 06:19:39.593,2026-08-04 06:19:39.997
car_ID_5993,FLUSH,16712,car,618,301,620,300,0.5715,2026-08-04 06:19:41.739,2026-08-04 06:19:41.791
car_ID_5994,FLUSH,16716,car,1119,349,744,336,0.7349,2026-08-04 06:19:45.559,2026-08-04 06:19:47.819
car_ID_5995,FLUSH,16720,car,579,348,513,341,0.6351,2026-08-04 06:19:47.956,2026-08-04 06:19:48.228
car_ID_5996,FLUSH,16721,car,421,274,420,275,0.5097,2026-08-04 06:19:49.227,2026-08-04 06:19:49.732
car_ID_5997,FLUSH,16739,car,400,318,563,294,0.6716,2026-08-04 06:20:06.562,2026-08-04 06:20:07.923
car_ID_5998,FLUSH,16747,car,388,315,396,314,0.5493,2026-08-04 06:20:14.729,2026-08-04 06:20:15.365
car_ID_5999,FLUSH,16748,car,620,291,625,287,0.5187,2026-08-04 06:20:16.499,2026-08-04 06:20:16.734
car_ID_6000,FLUSH,16749,car,431,334,471,325,0.7510,2026-08-04 06:20:16.771,2026-08-04 06:20:17.084
car_ID_6001,FLUSH,16748,car,592,281,591,281,0.5193,2026-08-04 06:20:18.035,2026-08-04 06:20:18.099
car_ID_6002,FLUSH,16752,car,431,349,431,349,0.5252,2026-08-04 06:20:20.425,2026-08-04 06:20:20.425
bus_ID_484,FLUSH,16752,bus,446,316,465,298,0.5477,2026-08-04 06:20:20.458,2026-08-04 06:20:20.564
car_ID_6003,FLUSH,16753,car,528,313,535,313,0.6096,2026-08-04 06:20:21.861,2026-08-04 06:20:22.131
truck_ID_1374,FLUSH,16754,truck,537,282,625,294,0.6856,2026-08-04 06:20:21.557,2026-08-04 06:20:22.237
car_ID_6004,FLUSH,16756,car,402,300,402,300,0.5690,2026-08-04 06:20:23.233,2026-08-04 06:20:23.599
car_ID_6005,FLUSH,16761,car,445,279,445,279,0.5133,2026-08-04 06:20:27.752,2026-08-04 06:20:27.752
car_ID_6006,FLUSH,16762,car,380,355,380,355,0.5215,2026-08-04 06:20:27.998,2026-08-04 06:20:27.998
bus_ID_485,FLUSH,16762,bus,432,304,645,268,0.6004,2026-08-04 06:20:28.194,2026-08-04 06:20:29.923
car_ID_6007,FLUSH,16774,car,496,301,555,293,0.6024,2026-08-04 06:20:34.666,2026-08-04 06:20:35.053
car_ID_6008,FLUSH,16778,car,413,293,407,286,0.5462,2026-08-04 06:20:40.266,2026-08-04 06:20:41.662
car_ID_6009,FLUSH,16785,car,498,375,498,375,0.5590,2026-08-04 06:20:44.192,2026-08-04 06:20:44.264
car_ID_6010,FLUSH,16787,car,741,387,946,390,0.6159,2026-08-04 06:20:44.767,2026-08-04 06:20:45.322
car_ID_6011,FLUSH,16791,car,486,363,987,378,0.7400,2026-08-04 06:20:48.697,2026-08-04 06:20:50.130
car_ID_6012,FLUSH,16804,car,323,339,323,339,0.5418,2026-08-04 06:21:00.150,2026-08-04 06:21:00.179
bus_ID_486,FLUSH,16804,bus,376,298,381,293,0.5102,2026-08-04 06:21:00.930,2026-08-04 06:21:00.996
truck_ID_1376,FLUSH,16805,truck,396,294,400,296,0.6303,2026-08-04 06:21:01.163,2026-08-04 06:21:01.296
bus_ID_487,FLUSH,16805,bus,401,297,411,297,0.5790,2026-08-04 06:21:01.403,2026-08-04 06:21:01.710
truck_ID_1375,FLUSH,16804,truck,370,291,416,291,0.5549,2026-08-04 06:21:00.698,2026-08-04 06:21:01.709
truck_ID_1378,FLUSH,16811,truck,510,286,577,279,0.6453,2026-08-04 06:21:03.318,2026-08-04 06:21:03.732
truck_ID_1377,FLUSH,16809,truck,512,285,583,281,0.7220,2026-08-04 06:21:02.909,2026-08-04 06:21:04.133
car_ID_6013,FLUSH,16814,car,454,300,602,278,0.5637,2026-08-04 06:21:04.994,2026-08-04 06:21:06.258
car_ID_6014,FLUSH,16834,car,1126,326,787,291,0.6164,2026-08-04 06:21:25.929,2026-08-04 06:21:32.527
car_ID_6015,FLUSH,16838,car,1135,331,825,304,0.6679,2026-08-04 06:21:30.807,2026-08-04 06:21:33.640
car_ID_6016,FLUSH,16842,car,1001,311,878,302,0.6702,2026-08-04 06:21:34.125,2026-08-04 06:21:35.014
car_ID_6017,FLUSH,16844,car,1137,328,1065,328,0.6699,2026-08-04 06:21:35.189,2026-08-04 06:21:36.238
car_ID_6018,FLUSH,16846,car,948,312,851,305,0.7062,2026-08-04 06:21:36.487,2026-08-04 06:21:37.401
car_ID_6019,FLUSH,16856,car,479,379,692,393,0.6367,2026-08-04 06:21:44.533,2026-08-04 06:21:45.464
car_ID_6020,FLUSH,16863,car,393,334,443,324,0.6475,2026-08-04 06:21:47.544,2026-08-04 06:21:47.958
car_ID_6021,FLUSH,16863,car,589,297,590,297,0.5204,2026-08-04 06:21:49.152,2026-08-04 06:21:49.663
car_ID_6022,FLUSH,16873,car,404,331,455,321,0.5567,2026-08-04 06:21:58.891,2026-08-04 06:21:59.258
car_ID_6023,FLUSH,16881,car,390,294,390,294,0.5490,2026-08-04 06:22:02.735,2026-08-04 06:22:02.735
car_ID_6025,FLUSH,16888,car,1021,318,1016,317,0.5739,2026-08-04 06:22:09.196,2026-08-04 06:22:09.264
car_ID_6024,FLUSH,16886,car,1051,322,879,303,0.6087,2026-08-04 06:22:08.198,2026-08-04 06:22:10.734
car_ID_6028,FLUSH,16893,car,818,308,817,308,0.5068,2026-08-04 06:22:10.523,2026-08-04 06:22:11.068
car_ID_6027,FLUSH,16891,car,443,364,919,378,0.6111,2026-08-04 06:22:10.186,2026-08-04 06:22:11.494
car_ID_6026,FLUSH,16890,car,1139,328,834,307,0.6807,2026-08-04 06:22:10.186,2026-08-04 06:22:12.715
car_ID_6029,FLUSH,16896,car,814,304,789,297,0.6355,2026-08-04 06:22:12.853,2026-08-04 06:22:13.159
car_ID_6030,FLUSH,16897,car,777,380,979,383,0.7005,2026-08-04 06:22:13.565,2026-08-04 06:22:13.983
car_ID_6031,FLUSH,16901,car,752,265,755,259,0.5941,2026-08-04 06:22:17.316,2026-08-04 06:22:17.967
car_ID_6032,FLUSH,16902,car,795,256,796,255,0.5540,2026-08-04 06:22:18.235,2026-08-04 06:22:18.760
car_ID_6033,FLUSH,16910,car,315,340,555,288,0.6677,2026-08-04 06:22:26.788,2026-08-04 06:22:29.170
person_ID_37,FLUSH,16917,person,1088,307,1088,308,0.5989,2026-08-04 06:22:36.725,2026-08-04 06:22:36.857
car_ID_6034,FLUSH,16919,car,465,324,483,321,0.5971,2026-08-04 06:22:38.496,2026-08-04 06:22:38.561
car_ID_6035,FLUSH,16921,car,458,320,461,319,0.5133,2026-08-04 06:22:39.556,2026-08-04 06:22:40.070
car_ID_6036,FLUSH,16922,car,501,314,561,299,0.5576,2026-08-04 06:22:39.758,2026-08-04 06:22:40.439
car_ID_6037,FLUSH,16924,car,384,295,382,296,0.5636,2026-08-04 06:22:40.721,2026-08-04 06:22:41.090
car_ID_6038,FLUSH,16933,car,1062,318,1063,318,0.5703,2026-08-04 06:22:46.040,2026-08-04 06:22:46.073
car_ID_6040,FLUSH,16937,car,1076,321,1076,321,0.5347,2026-08-04 06:22:46.895,2026-08-04 06:22:46.895
car_ID_6039,FLUSH,16934,car,1103,344,729,351,0.6874,2026-08-04 06:22:46.355,2026-08-04 06:22:48.463
car_ID_6041,FLUSH,16941,car,603,348,427,342,0.6155,2026-08-04 06:22:48.391,2026-08-04 06:22:49.158
car_ID_6042,FLUSH,16943,car,1018,323,785,294,0.6587,2026-08-04 06:22:49.830,2026-08-04 06:22:52.493
car_ID_6043,FLUSH,16946,car,769,265,771,268,0.5289,2026-08-04 06:22:55.667,2026-08-04 06:22:56.089
car_ID_6044,FLUSH,16952,car,603,285,602,283,0.5693,2026-08-04 06:23:06.695,2026-08-04 06:23:06.866
car_ID_6045,FLUSH,16957,car,443,360,954,391,0.6586,2026-08-04 06:23:10.358,2026-08-04 06:23:11.924
car_ID_6046,FLUSH,16959,car,465,375,615,382,0.7505,2026-08-04 06:23:12.734,2026-08-04 06:23:13.698
car_ID_6048,FLUSH,16964,car,844,381,865,380,0.5375,2026-08-04 06:23:13.770,2026-08-04 06:23:13.836
car_ID_6049,FLUSH,16970,car,445,326,446,326,0.5276,2026-08-04 06:23:22.822,2026-08-04 06:23:22.855
car_ID_6050,FLUSH,16975,car,463,326,502,319,0.5656,2026-08-04 06:23:24.932,2026-08-04 06:23:25.168
car_ID_6051,FLUSH,16983,car,388,316,567,289,0.6225,2026-08-04 06:23:34.192,2026-08-04 06:23:35.355
car_ID_6052,FLUSH,16987,car,515,312,554,294,0.5864,2026-08-04 06:23:37.004,2026-08-04 06:23:37.737
car_ID_6053,FLUSH,16990,car,1075,318,1065,318,0.6000,2026-08-04 06:23:40.031,2026-08-04 06:23:42.320
car_ID_6047,FLUSH,16961,car,1150,357,483,321,0.7166,2026-08-04 06:23:12.959,2026-08-04 06:23:46.486
car_ID_6054,FLUSH,16994,car,1082,320,797,290,0.6691,2026-08-04 06:23:43.269,2026-08-04 06:23:49.322
car_ID_6056,FLUSH,17037,car,669,258,669,258,0.5026,2026-08-04 06:24:17.358,2026-08-04 06:24:17.358
car_ID_6057,FLUSH,17040,car,462,265,462,265,0.5775,2026-08-04 06:24:21.151,2026-08-04 06:24:21.151
car_ID_6058,FLUSH,17052,car,462,303,530,288,0.6167,2026-08-04 06:24:33.366,2026-08-04 06:24:34.335
car_ID_6059,FLUSH,17066,car,410,311,560,291,0.7319,2026-08-04 06:24:44.987,2026-08-04 06:24:45.799
car_ID_6060,FLUSH,17067,car,709,269,709,269,0.5276,2026-08-04 06:24:47.468,2026-08-04 06:24:47.468
car_ID_6061,FLUSH,17071,car,1097,322,1092,322,0.5768,2026-08-04 06:24:51.132,2026-08-04 06:24:51.262
car_ID_6055,FLUSH,17033,car,1129,343,744,343,0.8025,2026-08-04 06:24:15.989,2026-08-04 06:24:52.427
car_ID_6062,FLUSH,17074,car,570,341,420,333,0.7271,2026-08-04 06:24:53.036,2026-08-04 06:24:53.791
car_ID_6063,FLUSH,17079,car,1035,319,1000,314,0.6722,2026-08-04 06:24:55.631,2026-08-04 06:24:56.496
car_ID_6065,FLUSH,17084,car,665,357,665,357,0.5383,2026-08-04 06:24:56.831,2026-08-04 06:24:56.831
car_ID_6064,FLUSH,17080,car,1027,339,869,304,0.6387,2026-08-04 06:24:56.192,2026-08-04 06:24:57.427
car_ID_6066,FLUSH,17085,car,750,328,750,328,0.7166,2026-08-04 06:24:56.967,2026-08-04 06:24:57.427
car_ID_6067,FLUSH,17081,car,1035,323,861,307,0.6670,2026-08-04 06:24:57.623,2026-08-04 06:24:59.056
car_ID_6068,FLUSH,17094,car,675,280,670,280,0.5435,2026-08-04 06:25:03.662,2026-08-04 06:25:03.994
car_ID_6069,FLUSH,17095,car,666,283,658,281,0.5440,2026-08-04 06:25:04.802,2026-08-04 06:25:05.710
car_ID_6071,FLUSH,17101,car,791,243,791,242,0.5846,2026-08-04 06:25:13.192,2026-08-04 06:25:13.258
car_ID_6070,FLUSH,17100,car,550,380,610,381,0.6599,2026-08-04 06:25:12.816,2026-08-04 06:25:13.501
car_ID_6072,FLUSH,17108,car,894,382,1039,386,0.6791,2026-08-04 06:25:17.291,2026-08-04 06:25:17.661
truck_ID_1379,FLUSH,17120,truck,525,287,616,295,0.6386,2026-08-04 06:25:28.252,2026-08-04 06:25:29.298
car_ID_6073,FLUSH,17150,car,571,284,570,284,0.5102,2026-08-04 06:25:56.461,2026-08-04 06:25:56.493
car_ID_6074,FLUSH,17157,car,770,393,1011,398,0.7278,2026-08-04 06:26:03.832,2026-08-04 06:26:04.337
car_ID_6075,FLUSH,17198,car,351,243,351,243,0.5133,2026-08-04 06:26:40.363,2026-08-04 06:26:40.363
car_ID_6077,FLUSH,17201,car,477,252,477,252,0.5953,2026-08-04 06:26:42.419,2026-08-04 06:26:42.617
car_ID_6076,FLUSH,17200,car,497,354,1092,379,0.7451,2026-08-04 06:26:42.157,2026-08-04 06:26:43.956
truck_ID_1380,FLUSH,17223,truck,488,288,598,270,0.6355,2026-08-04 06:27:03.629,2026-08-04 06:27:05.667
car_ID_6078,FLUSH,17249,car,479,370,1053,381,0.7610,2026-08-04 06:27:30.636,2026-08-04 06:27:32.488
car_ID_6079,FLUSH,17256,car,1017,324,781,295,0.6465,2026-08-04 06:27:36.927,2026-08-04 06:27:38.797
car_ID_6080,FLUSH,17271,car,497,269,451,268,0.5200,2026-08-04 06:27:54.271,2026-08-04 06:27:54.788
car_ID_6081,FLUSH,17281,car,406,291,406,291,0.5853,2026-08-04 06:28:03.592,2026-08-04 06:28:04.046
car_ID_6082,FLUSH,17290,car,1079,322,782,290,0.6612,2026-08-04 06:28:08.169,2026-08-04 06:28:14.520
car_ID_6083,FLUSH,17305,car,573,272,573,272,0.5062,2026-08-04 06:28:25.247,2026-08-04 06:28:25.351
car_ID_6085,FLUSH,17310,car,787,270,787,270,0.5140,2026-08-04 06:28:28.223,2026-08-04 06:28:28.255
car_ID_6084,FLUSH,17306,car,492,290,553,309,0.6548,2026-08-04 06:28:27.424,2026-08-04 06:28:29.448
car_ID_6086,FLUSH,17317,car,572,283,570,283,0.5074,2026-08-04 06:28:35.154,2026-08-04 06:28:35.323
car_ID_6087,FLUSH,17319,car,461,325,461,325,0.5062,2026-08-04 06:28:39.071,2026-08-04 06:28:39.526
car_ID_6088,FLUSH,17339,car,582,380,925,393,0.7472,2026-08-04 06:28:57.466,2026-08-04 06:28:58.166
car_ID_6089,FLUSH,17349,car,458,381,916,390,0.5829,2026-08-04 06:29:06.634,2026-08-04 06:29:07.760
car_ID_6090,FLUSH,17359,car,373,337,626,290,0.6436,2026-08-04 06:29:15.095,2026-08-04 06:29:17.596
car_ID_6091,FLUSH,17368,car,790,262,789,260,0.6157,2026-08-04 06:29:22.551,2026-08-04 06:29:22.887
car_ID_6092,FLUSH,17385,car,1027,347,974,348,0.6293,2026-08-04 06:29:37.805,2026-08-04 06:29:38.498
car_ID_6093,FLUSH,17391,car,1125,327,787,296,0.6857,2026-08-04 06:29:41.603,2026-08-04 06:29:44.856
car_ID_6094,FLUSH,17397,car,491,271,487,273,0.5796,2026-08-04 06:29:47.567,2026-08-04 06:29:47.675
car_ID_6095,FLUSH,17410,car,1067,308,894,292,0.6292,2026-08-04 06:30:00.001,2026-08-04 06:30:01.184
car_ID_6096,FLUSH,17411,car,814,294,784,286,0.5650,2026-08-04 06:30:01.156,2026-08-04 06:30:02.062
car_ID_6097,FLUSH,17425,car,399,312,591,283,0.6770,2026-08-04 06:30:15.433,2026-08-04 06:30:17.463
car_ID_6098,FLUSH,17431,car,442,315,470,307,0.5348,2026-08-04 06:30:21.421,2026-08-04 06:30:22.202
car_ID_6099,FLUSH,17431,car,602,294,621,287,0.5507,2026-08-04 06:30:23.603,2026-08-04 06:30:23.834
bus_ID_488,FLUSH,17439,bus,407,311,519,297,0.6777,2026-08-04 06:30:24.056,2026-08-04 06:30:25.001
car_ID_6100,FLUSH,17447,car,716,303,723,295,0.6075,2026-08-04 06:30:27.936,2026-08-04 06:30:28.493
truck_ID_1381,FLUSH,17445,truck,484,289,643,263,0.6180,2026-08-04 06:30:26.955,2026-08-04 06:30:28.630
car_ID_6101,FLUSH,17450,car,396,322,566,289,0.5900,2026-08-04 06:30:29.370,2026-08-04 06:30:30.766
car_ID_6102,FLUSH,17475,car,515,370,1078,386,0.7399,2026-08-04 06:30:46.590,2026-08-04 06:30:47.958
car_ID_6103,FLUSH,17489,car,439,314,525,298,0.7398,2026-08-04 06:31:02.224,2026-08-04 06:31:03.278
car_ID_6104,FLUSH,17496,car,710,269,711,268,0.5316,2026-08-04 06:31:05.401,2026-08-04 06:31:05.632
car_ID_6105,FLUSH,17506,car,397,320,561,289,0.6080,2026-08-04 06:31:18.234,2026-08-04 06:31:19.633
car_ID_6106,FLUSH,17516,car,559,373,1078,386,0.6714,2026-08-04 06:31:31.835,2026-08-04 06:31:33.533
truck_ID_1382,FLUSH,17525,truck,461,302,467,296,0.5416,2026-08-04 06:31:48.826,2026-08-04 06:31:49.460
truck_ID_1383,FLUSH,17529,truck,512,286,546,283,0.5256,2026-08-04 06:31:50.550,2026-08-04 06:31:51.397
truck_ID_1384,FLUSH,17532,truck,555,282,614,279,0.7100,2026-08-04 06:31:50.993,2026-08-04 06:31:51.887
car_ID_6107,FLUSH,17546,car,403,331,403,331,0.5240,2026-08-04 06:32:02.433,2026-08-04 06:32:02.433
car_ID_6108,FLUSH,17546,car,572,300,601,295,0.5778,2026-08-04 06:32:03.459,2026-08-04 06:32:03.765
car_ID_6109,FLUSH,17555,car,1111,346,742,345,0.7756,2026-08-04 06:32:11.445,2026-08-04 06:32:14.180
car_ID_6110,FLUSH,17561,car,591,346,536,342,0.5922,2026-08-04 06:32:14.628,2026-08-04 06:32:15.098
car_ID_6112,FLUSH,17577,car,380,290,380,290,0.6131,2026-08-04 06:32:28.525,2026-08-04 06:32:28.525
car_ID_6111,FLUSH,17573,car,1023,327,781,295,0.6425,2026-08-04 06:32:27.429,2026-08-04 06:32:29.268
car_ID_6113,FLUSH,17580,car,774,270,780,269,0.5387,2026-08-04 06:32:32.488,2026-08-04 06:32:32.824
car_ID_6114,FLUSH,17583,car,480,371,1067,387,0.8242,2026-08-04 06:32:35.221,2026-08-04 06:32:37.024
car_ID_6116,FLUSH,17601,car,418,344,418,344,0.5026,2026-08-04 06:32:48.864,2026-08-04 06:32:49.122
truck_ID_1385,FLUSH,17602,truck,566,278,576,279,0.6070,2026-08-04 06:32:50.520,2026-08-04 06:32:50.994
truck_ID_1386,FLUSH,17610,truck,490,283,542,281,0.5190,2026-08-04 06:32:55.230,2026-08-04 06:32:55.631
truck_ID_1387,FLUSH,17611,truck,525,282,557,281,0.5871,2026-08-04 06:32:55.532,2026-08-04 06:32:55.734
bus_ID_489,FLUSH,17610,bus,499,281,596,268,0.6331,2026-08-04 06:32:55.329,2026-08-04 06:32:56.097
car_ID_6117,FLUSH,17618,car,464,303,503,299,0.5473,2026-08-04 06:33:00.020,2026-08-04 06:33:00.244
car_ID_6115,FLUSH,17593,car,1130,349,745,350,0.8606,2026-08-04 06:32:46.309,2026-08-04 06:33:05.649
car_ID_6119,FLUSH,17626,car,544,347,524,348,0.5965,2026-08-04 06:33:06.241,2026-08-04 06:33:06.339
car_ID_6120,FLUSH,17633,car,377,292,377,292,0.6096,2026-08-04 06:33:08.017,2026-08-04 06:33:08.017
car_ID_6121,FLUSH,17630,car,646,277,645,277,0.5709,2026-08-04 06:33:08.281,2026-08-04 06:33:08.841
car_ID_6118,FLUSH,17622,car,1141,320,789,299,0.7447,2026-08-04 06:33:03.057,2026-08-04 06:33:12.144
car_ID_6122,FLUSH,17643,car,743,269,766,257,0.5423,2026-08-04 06:33:15.710,2026-08-04 06:33:17.804
car_ID_6123,FLUSH,17655,car,887,392,890,392,0.5027,2026-08-04 06:33:29.673,2026-08-04 06:33:30.164
car_ID_6124,FLUSH,17668,car,510,296,510,296,0.5383,2026-08-04 06:33:41.880,2026-08-04 06:33:41.880
car_ID_6125,FLUSH,17682,car,988,314,988,314,0.5561,2026-08-04 06:33:56.392,2026-08-04 06:33:56.461
car_ID_6126,FLUSH,17685,car,670,345,898,382,0.5293,2026-08-04 06:33:57.032,2026-08-04 06:33:57.726
bus_ID_490,FLUSH,17689,bus,585,253,585,253,0.5490,2026-08-04 06:33:57.791,2026-08-04 06:33:57.791
car_ID_6127,FLUSH,17693,car,711,378,997,380,0.6664,2026-08-04 06:33:59.465,2026-08-04 06:34:00.187
car_ID_6128,FLUSH,17699,car,579,378,579,378,0.5240,2026-08-04 06:34:01.104,2026-08-04 06:34:01.556
car_ID_6129,FLUSH,17701,car,867,395,839,394,0.6483,2026-08-04 06:34:01.416,2026-08-04 06:34:01.556
car_ID_6130,FLUSH,17705,car,557,372,1077,386,0.7568,2026-08-04 06:34:04.588,2026-08-04 06:34:06.333
car_ID_6131,FLUSH,17713,car,402,326,477,303,0.6292,2026-08-04 06:34:12.654,2026-08-04 06:34:13.744
car_ID_6132,FLUSH,17724,car,782,273,782,273,0.5240,2026-08-04 06:34:23.705,2026-08-04 06:34:23.738
car_ID_6133,FLUSH,17752,car,482,374,909,398,0.6239,2026-08-04 06:34:42.459,2026-08-04 06:34:43.458
car_ID_6134,FLUSH,17756,car,442,380,1041,404,0.7589,2026-08-04 06:34:45.464,2026-08-04 06:34:46.690
car_ID_6135,FLUSH,17760,car,898,401,903,401,0.6190,2026-08-04 06:34:47.890,2026-08-04 06:34:48.399
car_ID_6136,FLUSH,17763,car,873,401,1072,402,0.6189,2026-08-04 06:34:50.031,2026-08-04 06:34:50.925
car_ID_6137,FLUSH,17774,car,412,328,458,325,0.5714,2026-08-04 06:34:58.439,2026-08-04 06:34:58.684
car_ID_6139,FLUSH,17777,car,656,291,656,291,0.5703,2026-08-04 06:34:59.991,2026-08-04 06:34:59.991
car_ID_6138,FLUSH,17776,car,392,315,607,285,0.6827,2026-08-04 06:34:59.881,2026-08-04 06:35:01.415
car_ID_6141,FLUSH,17781,car,778,272,787,265,0.5621,2026-08-04 06:35:01.960,2026-08-04 06:35:02.691
car_ID_6140,FLUSH,17780,car,395,336,602,298,0.6203,2026-08-04 06:35:01.555,2026-08-04 06:35:03.364
bus_ID_491,FLUSH,17787,bus,391,299,392,299,0.6415,2026-08-04 06:35:05.098,2026-08-04 06:35:05.332
car_ID_6142,FLUSH,17786,car,1100,349,1099,349,0.5810,2026-08-04 06:35:05.505,2026-08-04 06:35:05.538
person_ID_38,FLUSH,17791,person,1065,337,1065,337,0.5062,2026-08-04 06:35:06.538,2026-08-04 06:35:06.641
truck_ID_1388,FLUSH,17789,truck,500,282,578,269,0.6727,2026-08-04 06:35:06.376,2026-08-04 06:35:07.137
car_ID_6143,FLUSH,17792,car,470,323,470,323,0.7379,2026-08-04 06:35:06.707,2026-08-04 06:35:07.170
car_ID_6144,FLUSH,17786,car,1059,353,1058,353,0.5240,2026-08-04 06:35:11.778,2026-08-04 06:35:11.810
motorcycle_ID_12,FLUSH,17786,motorcycle,1089,353,1055,352,0.6030,2026-08-04 06:35:05.655,2026-08-04 06:35:11.875
motorcycle_ID_13,FLUSH,17791,motorcycle,1058,353,1058,353,0.5668,2026-08-04 06:35:11.842,2026-08-04 06:35:11.875
motorcycle_ID_14,FLUSH,17791,motorcycle,915,349,915,349,0.5240,2026-08-04 06:35:13.039,2026-08-04 06:35:13.039
car_ID_6145,FLUSH,17791,car,931,351,781,349,0.6339,2026-08-04 06:35:12.970,2026-08-04 06:35:13.681
car_ID_6146,FLUSH,17815,car,1130,324,876,302,0.7297,2026-08-04 06:35:18.844,2026-08-04 06:35:20.480
car_ID_6147,FLUSH,17819,car,822,305,794,299,0.6283,2026-08-04 06:35:20.670,2026-08-04 06:35:20.978
car_ID_6149,FLUSH,17819,car,762,285,762,285,0.5169,2026-08-04 06:35:22.170,2026-08-04 06:35:22.170
car_ID_6148,FLUSH,17822,car,1025,325,790,296,0.6784,2026-08-04 06:35:21.670,2026-08-04 06:35:23.472
car_ID_6150,FLUSH,17844,car,998,316,817,298,0.6060,2026-08-04 06:35:39.838,2026-08-04 06:35:40.879
car_ID_6151,FLUSH,17853,car,429,301,464,299,0.6197,2026-08-04 06:35:50.168,2026-08-04 06:35:50.492
truck_ID_1389,FLUSH,17860,truck,579,285,608,273,0.6303,2026-08-04 06:35:53.602,2026-08-04 06:35:53.904
car_ID_6152,FLUSH,17869,car,1128,350,456,344,0.7319,2026-08-04 06:36:00.037,2026-08-04 06:36:07.239
car_ID_6153,FLUSH,17880,car,568,286,568,286,0.5327,2026-08-04 06:36:13.070,2026-08-04 06:36:13.070
car_ID_6155,FLUSH,17897,car,818,387,1106,392,0.8054,2026-08-04 06:36:26.674,2026-08-04 06:36:27.736
car_ID_6154,FLUSH,17893,car,1031,316,780,294,0.7089,2026-08-04 06:36:26.073,2026-08-04 06:36:27.769
car_ID_6156,FLUSH,17903,car,592,371,1088,384,0.7767,2026-08-04 06:36:29.672,2026-08-04 06:36:30.717
car_ID_6158,FLUSH,17912,car,380,320,411,315,0.6737,2026-08-04 06:36:38.310,2026-08-04 06:36:38.638
car_ID_6159,FLUSH,17913,car,398,337,506,320,0.6038,2026-08-04 06:36:38.778,2026-08-04 06:36:39.637
car_ID_6160,FLUSH,17914,car,455,310,550,293,0.6155,2026-08-04 06:36:41.301,2026-08-04 06:36:42.078
car_ID_6161,FLUSH,17917,car,384,321,568,288,0.6052,2026-08-04 06:36:43.407,2026-08-04 06:36:44.741
car_ID_6157,FLUSH,17911,car,1113,354,551,338,0.7098,2026-08-04 06:36:35.172,2026-08-04 06:36:54.143
car_ID_6162,FLUSH,17926,car,630,282,565,284,0.5177,2026-08-04 06:36:54.942,2026-08-04 06:36:56.304
car_ID_6163,FLUSH,17926,car,526,293,526,293,0.5440,2026-08-04 06:36:57.710,2026-08-04 06:36:57.710
car_ID_6164,FLUSH,17936,car,391,279,390,278,0.6131,2026-08-04 06:37:03.612,2026-08-04 06:37:03.644
car_ID_6165,FLUSH,17945,car,506,381,1111,388,0.7505,2026-08-04 06:37:15.903,2026-08-04 06:37:18.040
car_ID_6166,FLUSH,17963,car,1135,325,1134,325,0.5703,2026-08-04 06:37:31.915,2026-08-04 06:37:31.947
car_ID_6167,FLUSH,17964,car,1095,322,1078,321,0.6408,2026-08-04 06:37:33.306,2026-08-04 06:37:34.539
car_ID_6168,FLUSH,17967,car,385,300,378,300,0.6274,2026-08-04 06:37:37.670,2026-08-04 06:37:38.271
car_ID_6169,FLUSH,17964,car,1074,321,800,302,0.6839,2026-08-04 06:37:37.737,2026-08-04 06:37:42.043
car_ID_6170,FLUSH,17969,car,467,373,1056,395,0.7455,2026-08-04 06:37:40.870,2026-08-04 06:37:42.104
car_ID_6171,FLUSH,17970,car,1131,321,801,297,0.7257,2026-08-04 06:37:40.904,2026-08-04 06:37:43.842
car_ID_6172,FLUSH,17976,car,577,382,599,383,0.6322,2026-08-04 06:37:43.941,2026-08-04 06:37:43.973
truck_ID_1390,FLUSH,17995,truck,373,307,412,296,0.6644,2026-08-04 06:38:01.305,2026-08-04 06:38:02.573
car_ID_6173,FLUSH,18002,car,453,326,467,323,0.5537,2026-08-04 06:38:05.007,2026-08-04 06:38:05.170
truck_ID_1391,FLUSH,18001,truck,482,287,599,275,0.5813,2026-08-04 06:38:04.410,2026-08-04 06:38:06.076
car_ID_6174,FLUSH,18026,car,437,310,437,310,0.6060,2026-08-04 06:38:28.275,2026-08-04 06:38:28.275
car_ID_6175,FLUSH,18030,car,404,313,605,283,0.5677,2026-08-04 06:38:29.869,2026-08-04 06:38:31.574
car_ID_6176,FLUSH,18042,car,780,259,797,246,0.5446,2026-08-04 06:38:38.806,2026-08-04 06:38:39.343
car_ID_6177,FLUSH,18057,car,362,330,462,319,0.6170,2026-08-04 06:39:00.410,2026-08-04 06:39:01.044
car_ID_6178,FLUSH,18060,car,527,309,549,304,0.5789,2026-08-04 06:39:01.507,2026-08-04 06:39:01.744
car_ID_6179,FLUSH,18067,car,786,260,786,260,0.5026,2026-08-04 06:39:06.190,2026-08-04 06:39:06.190
car_ID_6180,FLUSH,18087,car,535,327,535,327,0.5632,2026-08-04 06:39:22.207,2026-08-04 06:39:22.240
truck_ID_1392,FLUSH,18087,truck,472,273,583,282,0.5548,2026-08-04 06:39:22.468,2026-08-04 06:39:23.526
bus_ID_492,FLUSH,18094,bus,777,254,777,255,0.5240,2026-08-04 06:39:25.915,2026-08-04 06:39:25.943
car_ID_6182,FLUSH,18096,car,504,265,449,271,0.5227,2026-08-04 06:39:26.372,2026-08-04 06:39:27.171
car_ID_6181,FLUSH,18093,car,1135,328,849,303,0.8145,2026-08-04 06:39:25.305,2026-08-04 06:39:36.106
car_ID_6183,FLUSH,18117,car,630,288,587,287,0.5520,2026-08-04 06:39:42.206,2026-08-04 06:39:43.277
car_ID_6184,FLUSH,18123,car,572,385,572,385,0.5177,2026-08-04 06:39:47.744,2026-08-04 06:39:47.873
car_ID_6185,FLUSH,18131,car,404,297,404,297,0.5062,2026-08-04 06:39:51.039,2026-08-04 06:39:51.039
car_ID_6186,FLUSH,18134,car,394,307,605,280,0.6739,2026-08-04 06:39:53.006,2026-08-04 06:39:55.334
truck_ID_1393,FLUSH,18153,truck,594,275,578,268,0.6394,2026-08-04 06:40:06.203,2026-08-04 06:40:06.504
car_ID_6187,FLUSH,18159,car,1099,345,489,322,0.7375,2026-08-04 06:40:11.004,2026-08-04 06:40:19.238
car_ID_6188,FLUSH,18183,car,471,362,1079,378,0.7972,2026-08-04 06:40:38.837,2026-08-04 06:40:40.268
car_ID_6189,FLUSH,18188,car,408,364,1092,386,0.8017,2026-08-04 06:40:41.164,2026-08-04 06:40:43.605
car_ID_6190,FLUSH,18191,car,510,367,1053,382,0.7094,2026-08-04 06:40:43.439,2026-08-04 06:40:44.738
car_ID_6192,FLUSH,18197,car,430,363,1111,383,0.7586,2026-08-04 06:40:45.476,2026-08-04 06:40:47.141
car_ID_6193,FLUSH,18203,car,392,318,592,285,0.6390,2026-08-04 06:40:51.580,2026-08-04 06:40:53.373
truck_ID_1394,FLUSH,18207,truck,380,295,650,265,0.6490,2026-08-04 06:40:54.242,2026-08-04 06:40:58.469
car_ID_6195,FLUSH,18208,car,1116,339,1116,340,0.5065,2026-08-04 06:40:58.547,2026-08-04 06:40:58.579
car_ID_6194,FLUSH,18209,car,391,337,502,319,0.5781,2026-08-04 06:40:58.100,2026-08-04 06:40:58.973
car_ID_6191,FLUSH,18194,car,1134,352,1066,321,0.6685,2026-08-04 06:40:44.576,2026-08-04 06:41:01.235
car_ID_6196,FLUSH,18208,car,1115,342,453,343,0.7924,2026-08-04 06:41:00.637,2026-08-04 06:41:05.544
car_ID_6197,FLUSH,18219,car,1092,322,871,301,0.6799,2026-08-04 06:41:02.675,2026-08-04 06:41:07.072
car_ID_6198,FLUSH,18226,car,821,304,762,292,0.6329,2026-08-04 06:41:07.177,2026-08-04 06:41:08.305
car_ID_6199,FLUSH,18234,car,517,292,521,291,0.5347,2026-08-04 06:41:24.908,2026-08-04 06:41:25.014
car_ID_6200,FLUSH,18235,car,445,339,445,339,0.5561,2026-08-04 06:41:25.435,2026-08-04 06:41:25.435
truck_ID_1395,FLUSH,18235,truck,410,291,583,270,0.6420,2026-08-04 06:41:25.774,2026-08-04 06:41:28.140
car_ID_6201,FLUSH,18237,car,787,279,791,277,0.5462,2026-08-04 06:41:28.943,2026-08-04 06:41:29.105
truck_ID_1396,FLUSH,18239,truck,481,269,585,261,0.7391,2026-08-04 06:41:30.070,2026-08-04 06:41:30.799
truck_ID_1397,FLUSH,18240,truck,591,261,591,261,0.5402,2026-08-04 06:41:30.833,2026-08-04 06:41:31.040
car_ID_6202,FLUSH,18247,car,898,249,898,249,0.5204,2026-08-04 06:41:37.568,2026-08-04 06:41:37.568
car_ID_6203,FLUSH,18251,car,1034,349,963,349,0.6134,2026-08-04 06:41:39.800,2026-08-04 06:41:40.607
car_ID_6204,FLUSH,18255,car,457,342,450,342,0.5489,2026-08-04 06:41:42.177,2026-08-04 06:41:42.254
car_ID_6205,FLUSH,18268,car,993,317,785,298,0.6422,2026-08-04 06:41:55.074,2026-08-04 06:41:56.469
car_ID_6206,FLUSH,18278,car,481,376,1011,398,0.7191,2026-08-04 06:42:04.080,2026-08-04 06:42:05.276
car_ID_6207,FLUSH,18285,car,382,340,447,328,0.5930,2026-08-04 06:42:13.509,2026-08-04 06:42:14.272
car_ID_6208,FLUSH,18289,car,452,320,556,305,0.5535,2026-08-04 06:42:19.908,2026-08-04 06:42:20.972
car_ID_6209,FLUSH,18293,car,1136,327,807,292,0.6376,2026-08-04 06:42:22.006,2026-08-04 06:42:33.996
car_ID_6210,FLUSH,18319,car,943,397,943,397,0.6303,2026-08-04 06:42:41.105,2026-08-04 06:42:41.572
car_ID_6211,FLUSH,18326,car,451,325,565,299,0.5474,2026-08-04 06:42:47.636,2026-08-04 06:42:48.605
truck_ID_1398,FLUSH,18333,truck,551,281,568,275,0.6153,2026-08-04 06:42:53.238,2026-08-04 06:42:53.404
car_ID_6212,FLUSH,18341,car,410,330,560,298,0.5890,2026-08-04 06:42:57.140,2026-08-04 06:42:57.871
bus_ID_493,FLUSH,18342,bus,784,247,784,247,0.5327,2026-08-04 06:42:57.443,2026-08-04 06:42:57.905
car_ID_6214,FLUSH,18351,car,1120,327,1113,325,0.5641,2026-08-04 06:43:04.444,2026-08-04 06:43:04.520
car_ID_6213,FLUSH,18350,car,1100,337,730,349,0.6992,2026-08-04 06:43:03.875,2026-08-04 06:43:06.041
car_ID_6215,FLUSH,18353,car,521,349,521,349,0.6866,2026-08-04 06:43:06.301,2026-08-04 06:43:06.301
car_ID_6216,FLUSH,18356,car,1035,321,783,290,0.6784,2026-08-04 06:43:07.909,2026-08-04 06:43:10.704
car_ID_6217,FLUSH,18367,car,1054,326,789,294,0.6521,2026-08-04 06:43:17.804,2026-08-04 06:43:20.687
car_ID_6218,FLUSH,18374,car,1076,326,779,292,0.7345,2026-08-04 06:43:19.705,2026-08-04 06:43:22.174
car_ID_6219,FLUSH,18389,car,572,374,1046,383,0.7520,2026-08-04 06:43:30.038,2026-08-04 06:43:31.610
car_ID_6220,FLUSH,18396,car,502,362,973,378,0.7090,2026-08-04 06:43:33.306,2026-08-04 06:43:34.859
car_ID_6221,FLUSH,18404,car,593,299,599,299,0.5335,2026-08-04 06:43:43.879,2026-08-04 06:43:43.925
car_ID_6222,FLUSH,18405,car,513,298,556,291,0.6375,2026-08-04 06:43:43.879,2026-08-04 06:43:44.408
car_ID_6223,FLUSH,18408,car,380,318,469,302,0.6119,2026-08-04 06:43:45.744,2026-08-04 06:43:46.535
car_ID_6224,FLUSH,18411,car,403,335,541,298,0.5541,2026-08-04 06:43:46.503,2026-08-04 06:43:47.235
car_ID_6225,FLUSH,18419,car,574,293,577,293,0.5383,2026-08-04 06:43:55.850,2026-08-04 06:43:55.881
car_ID_6226,FLUSH,18429,car,772,267,772,267,0.5418,2026-08-04 06:43:58.767,2026-08-04 06:43:58.767
car_ID_6227,FLUSH,18437,car,1042,346,952,347,0.6078,2026-08-04 06:44:08.710,2026-08-04 06:44:09.305
car_ID_6228,FLUSH,18442,car,520,346,523,348,0.5731,2026-08-04 06:44:11.108,2026-08-04 06:44:11.601
car_ID_6229,FLUSH,18458,car,588,373,1099,388,0.7608,2026-08-04 06:44:30.940,2026-08-04 06:44:32.290
car_ID_6230,FLUSH,18465,car,614,390,1132,401,0.6464,2026-08-04 06:44:38.176,2026-08-04 06:44:39.606
car_ID_6231,FLUSH,18474,car,396,335,632,295,0.5812,2026-08-04 06:44:43.908,2026-08-04 06:44:46.660
car_ID_6232,FLUSH,18482,car,592,288,584,289,0.5089,2026-08-04 06:44:50.873,2026-08-04 06:44:51.141
car_ID_6233,FLUSH,18493,car,572,269,569,269,0.5383,2026-08-04 06:44:59.738,2026-08-04 06:44:59.837
car_ID_6234,FLUSH,18497,car,780,276,780,282,0.5380,2026-08-04 06:45:05.082,2026-08-04 06:45:05.573
car_ID_6235,FLUSH,18501,car,453,305,523,293,0.5708,2026-08-04 06:45:07.014,2026-08-04 06:45:07.473
car_ID_6236,FLUSH,18510,car,443,368,1137,387,0.7217,2026-08-04 06:45:16.811,2026-08-04 06:45:19.002
car_ID_6237,FLUSH,18519,car,561,374,1057,385,0.6249,2026-08-04 06:45:26.070,2026-08-04 06:45:27.405
car_ID_6239,FLUSH,18531,car,495,308,495,308,0.6096,2026-08-04 06:45:36.767,2026-08-04 06:45:36.767
car_ID_6238,FLUSH,18528,car,425,350,444,342,0.5793,2026-08-04 06:45:36.701,2026-08-04 06:45:37.270
truck_ID_1399,FLUSH,18527,truck,434,293,438,292,0.6247,2026-08-04 06:45:36.938,2026-08-04 06:45:37.442
truck_ID_1400,FLUSH,18534,truck,587,273,594,275,0.5659,2026-08-04 06:45:39.890,2026-08-04 06:45:40.075
car_ID_6240,FLUSH,18535,car,855,292,854,292,0.5400,2026-08-04 06:45:40.421,2026-08-04 06:45:40.538
truck_ID_1401,FLUSH,18540,truck,396,297,433,298,0.6143,2026-08-04 06:45:41.576,2026-08-04 06:45:42.138
truck_ID_1402,FLUSH,18543,truck,586,272,630,269,0.6412,2026-08-04 06:45:43.876,2026-08-04 06:45:45.006
car_ID_6241,FLUSH,18545,car,1106,326,1100,325,0.5375,2026-08-04 06:45:48.170,2026-08-04 06:45:48.975
car_ID_6242,FLUSH,18550,car,1054,319,797,295,0.6866,2026-08-04 06:45:49.472,2026-08-04 06:45:52.041
car_ID_6243,FLUSH,18552,car,582,389,949,397,0.6249,2026-08-04 06:45:54.841,2026-08-04 06:45:55.561
truck_ID_1403,FLUSH,18561,truck,419,294,421,294,0.5365,2026-08-04 06:46:07.544,2026-08-04 06:46:07.576
car_ID_6244,FLUSH,18561,car,439,347,445,346,0.6220,2026-08-04 06:46:07.706,2026-08-04 06:46:07.810
bus_ID_494,FLUSH,18561,bus,456,299,456,299,0.5140,2026-08-04 06:46:07.876,2026-08-04 06:46:07.943
car_ID_6245,FLUSH,18564,car,465,329,465,329,0.5525,2026-08-04 06:46:10.017,2026-08-04 06:46:10.466
truck_ID_1404,FLUSH,18561,truck,466,290,590,265,0.6818,2026-08-04 06:46:08.738,2026-08-04 06:46:10.969
car_ID_6246,FLUSH,18570,car,412,336,595,296,0.6249,2026-08-04 06:46:11.905,2026-08-04 06:46:14.458
car_ID_6247,FLUSH,18575,car,1123,350,547,347,0.7042,2026-08-04 06:46:13.014,2026-08-04 06:46:18.741
car_ID_6248,FLUSH,18585,car,798,259,799,257,0.5668,2026-08-04 06:46:20.837,2026-08-04 06:46:21.203
car_ID_6249,FLUSH,18588,car,622,279,614,279,0.5276,2026-08-04 06:46:24.307,2026-08-04 06:46:24.875
car_ID_6250,FLUSH,18600,car,354,322,604,298,0.6352,2026-08-04 06:46:35.340,2026-08-04 06:46:37.933
car_ID_6251,FLUSH,18611,car,377,352,382,350,0.6012,2026-08-04 06:46:40.172,2026-08-04 06:46:40.238
truck_ID_1405,FLUSH,18610,truck,518,285,518,285,0.5177,2026-08-04 06:46:40.371,2026-08-04 06:46:40.441
car_ID_6252,FLUSH,18616,car,771,267,772,268,0.5525,2026-08-04 06:46:42.141,2026-08-04 06:46:42.238
car_ID_6253,FLUSH,18625,car,584,380,1046,393,0.5977,2026-08-04 06:46:50.513,2026-08-04 06:46:52.009
car_ID_6254,FLUSH,18636,car,438,307,579,287,0.6192,2026-08-04 06:47:08.442,2026-08-04 06:47:10.135
car_ID_6256,FLUSH,18639,car,396,315,566,289,0.6840,2026-08-04 06:47:10.168,2026-08-04 06:47:12.105
car_ID_6255,FLUSH,18637,car,1132,350,737,347,0.7771,2026-08-04 06:47:09.445,2026-08-04 06:47:15.335
car_ID_6257,FLUSH,18644,car,602,341,465,344,0.6074,2026-08-04 06:47:15.773,2026-08-04 06:47:16.805
car_ID_6258,FLUSH,18652,car,1137,326,776,290,0.7445,2026-08-04 06:47:20.371,2026-08-04 06:47:23.304
car_ID_6259,FLUSH,18664,car,431,309,553,291,0.5211,2026-08-04 06:47:34.612,2026-08-04 06:47:35.975
truck_ID_1406,FLUSH,18671,truck,583,275,577,273,0.5948,2026-08-04 06:47:37.415,2026-08-04 06:47:37.873
car_ID_6260,FLUSH,18670,car,452,329,461,329,0.5332,2026-08-04 06:47:37.370,2026-08-04 06:47:37.907
truck_ID_1407,FLUSH,18678,truck,488,287,556,281,0.6131,2026-08-04 06:47:40.970,2026-08-04 06:47:41.773
truck_ID_1408,FLUSH,18680,truck,566,278,618,267,0.7072,2026-08-04 06:47:41.838,2026-08-04 06:47:42.009
bus_ID_495,FLUSH,18678,bus,603,267,604,266,0.5027,2026-08-04 06:47:42.419,2026-08-04 06:47:42.426
bus_ID_496,FLUSH,18682,bus,778,260,778,260,0.5882,2026-08-04 06:47:42.673,2026-08-04 06:47:42.673
car_ID_6262,FLUSH,18690,car,827,360,821,360,0.5472,2026-08-04 06:47:46.544,2026-08-04 06:47:46.608
car_ID_6261,FLUSH,18687,car,1028,352,723,351,0.7034,2026-08-04 06:47:45.779,2026-08-04 06:47:47.639
car_ID_6263,FLUSH,18693,car,536,349,460,345,0.5844,2026-08-04 06:47:48.172,2026-08-04 06:47:48.775
car_ID_6264,FLUSH,18697,car,896,242,894,242,0.5162,2026-08-04 06:47:49.471,2026-08-04 06:47:49.809
car_ID_6265,FLUSH,18709,car,398,311,565,287,0.6139,2026-08-04 06:48:17.374,2026-08-04 06:48:18.438
car_ID_6266,FLUSH,18711,car,398,315,595,284,0.6768,2026-08-04 06:48:19.539,2026-08-04 06:48:20.777
car_ID_6268,FLUSH,18718,car,456,320,503,323,0.5419,2026-08-04 06:48:23.676,2026-08-04 06:48:23.944
truck_ID_1409,FLUSH,18717,truck,487,290,592,277,0.6601,2026-08-04 06:48:23.373,2026-08-04 06:48:24.204
car_ID_6269,FLUSH,18731,car,409,335,572,301,0.6678,2026-08-04 06:48:30.933,2026-08-04 06:48:32.045
car_ID_6270,FLUSH,18741,car,633,341,744,375,0.6372,2026-08-04 06:48:38.142,2026-08-04 06:48:38.807
car_ID_6267,FLUSH,18714,car,1138,359,1141,360,0.5878,2026-08-04 06:48:22.806,2026-08-04 06:48:39.314
truck_ID_1410,FLUSH,18756,truck,503,283,615,268,0.7444,2026-08-04 06:48:44.574,2026-08-04 06:48:45.605
truck_ID_1411,FLUSH,18761,truck,408,293,409,291,0.5890,2026-08-04 06:48:47.190,2026-08-04 06:48:47.667
truck_ID_1412,FLUSH,18765,truck,568,277,630,271,0.5240,2026-08-04 06:48:49.008,2026-08-04 06:48:49.971
car_ID_6272,FLUSH,18769,car,386,295,384,296,0.5472,2026-08-04 06:48:49.575,2026-08-04 06:48:50.036
car_ID_6273,FLUSH,18774,car,372,292,372,292,0.5097,2026-08-04 06:48:51.815,2026-08-04 06:48:51.843
car_ID_6274,FLUSH,18777,car,427,311,586,283,0.5945,2026-08-04 06:48:52.839,2026-08-04 06:48:53.946
car_ID_6271,FLUSH,18749,car,1140,358,738,351,0.6396,2026-08-04 06:48:43.006,2026-08-04 06:49:00.447
car_ID_6276,FLUSH,18788,car,564,345,400,341,0.6047,2026-08-04 06:49:00.608,2026-08-04 06:49:01.840
car_ID_6275,FLUSH,18787,car,1126,351,721,354,0.8026,2026-08-04 06:48:59.973,2026-08-04 06:49:02.140
car_ID_6277,FLUSH,18792,car,543,352,543,352,0.5327,2026-08-04 06:49:02.805,2026-08-04 06:49:03.275
person_ID_39,FLUSH,18796,person,1076,313,1074,313,0.6274,2026-08-04 06:49:05.588,2026-08-04 06:49:05.616
car_ID_6278,FLUSH,18796,car,996,315,795,301,0.7466,2026-08-04 06:49:05.874,2026-08-04 06:49:07.175
car_ID_6279,FLUSH,18801,car,756,272,756,272,0.5177,2026-08-04 06:49:09.639,2026-08-04 06:49:09.639
car_ID_6280,FLUSH,18801,car,773,270,778,268,0.5179,2026-08-04 06:49:10.674,2026-08-04 06:49:11.014
car_ID_6281,FLUSH,18806,car,861,298,861,298,0.5204,2026-08-04 06:49:14.023,2026-08-04 06:49:14.181
car_ID_6282,FLUSH,18823,car,467,377,731,407,0.5985,2026-08-04 06:49:22.973,2026-08-04 06:49:23.943
car_ID_6283,FLUSH,18830,car,395,339,395,339,0.5561,2026-08-04 06:49:33.244,2026-08-04 06:49:33.244
car_ID_6284,FLUSH,18830,car,433,305,496,294,0.6340,2026-08-04 06:49:34.309,2026-08-04 06:49:35.043
car_ID_6285,FLUSH,18831,car,536,301,618,293,0.6168,2026-08-04 06:49:34.616,2026-08-04 06:49:35.741
car_ID_6286,FLUSH,18833,car,411,332,565,298,0.6255,2026-08-04 06:49:35.303,2026-08-04 06:49:36.738
car_ID_6287,FLUSH,18834,car,1131,334,1104,334,0.7139,2026-08-04 06:49:36.078,2026-08-04 06:49:41.635
car_ID_6289,FLUSH,18834,car,1097,337,829,324,0.6687,2026-08-04 06:49:43.102,2026-08-04 06:49:44.875
car_ID_6288,FLUSH,18838,car,1101,334,777,325,0.6197,2026-08-04 06:49:41.782,2026-08-04 06:49:45.404
car_ID_6290,FLUSH,18843,car,598,329,443,336,0.5511,2026-08-04 06:49:45.209,2026-08-04 06:49:46.471
car_ID_6291,FLUSH,18845,car,589,329,481,324,0.6247,2026-08-04 06:49:45.907,2026-08-04 06:49:46.906
car_ID_6292,FLUSH,18846,car,1086,346,833,348,0.6085,2026-08-04 06:49:46.545,2026-08-04 06:49:47.475
car_ID_6293,FLUSH,18848,car,444,344,444,344,0.5703,2026-08-04 06:49:48.605,2026-08-04 06:49:49.078
car_ID_6294,FLUSH,18865,car,1112,328,1109,323,0.5718,2026-08-04 06:50:11.706,2026-08-04 06:50:11.840
car_ID_6295,FLUSH,18869,car,1083,325,1079,320,0.6325,2026-08-04 06:50:13.311,2026-08-04 06:50:15.274
car_ID_6296,FLUSH,18870,car,455,363,1078,384,0.8104,2026-08-04 06:50:13.811,2026-08-04 06:50:15.666
car_ID_6299,FLUSH,18877,car,646,281,645,282,0.5427,2026-08-04 06:50:19.254,2026-08-04 06:50:19.290
car_ID_6298,FLUSH,18875,car,373,340,544,303,0.6679,2026-08-04 06:50:17.811,2026-08-04 06:50:20.093
car_ID_6300,FLUSH,18877,car,616,285,603,285,0.5349,2026-08-04 06:50:20.539,2026-08-04 06:50:20.936
truck_ID_1413,FLUSH,18879,truck,1081,302,1081,301,0.5615,2026-08-04 06:50:20.636,2026-08-04 06:50:20.936
car_ID_6301,FLUSH,18881,car,728,272,728,272,0.5365,2026-08-04 06:50:22.532,2026-08-04 06:50:22.532
car_ID_6302,FLUSH,18885,car,556,302,555,302,0.6075,2026-08-04 06:50:25.075,2026-08-04 06:50:25.575
car_ID_6303,FLUSH,18889,car,434,265,424,266,0.5204,2026-08-04 06:50:29.031,2026-08-04 06:50:29.141
car_ID_6297,FLUSH,18872,car,1080,325,796,296,0.6362,2026-08-04 06:50:15.372,2026-08-04 06:50:32.311
car_ID_6304,FLUSH,18894,car,542,381,1084,389,0.7334,2026-08-04 06:50:31.209,2026-08-04 06:50:33.042
car_ID_6305,FLUSH,18903,car,682,394,1119,402,0.7354,2026-08-04 06:50:34.526,2026-08-04 06:50:35.842
car_ID_6307,FLUSH,18907,car,778,268,784,264,0.5475,2026-08-04 06:50:36.036,2026-08-04 06:50:36.703
car_ID_6306,FLUSH,18904,car,1100,319,791,293,0.6566,2026-08-04 06:50:34.556,2026-08-04 06:50:37.345
car_ID_6308,FLUSH,18908,car,787,271,795,267,0.5580,2026-08-04 06:50:40.409,2026-08-04 06:50:41.343
car_ID_6309,FLUSH,18913,car,400,342,618,300,0.6145,2026-08-04 06:50:45.607,2026-08-04 06:50:47.203
car_ID_6310,FLUSH,18914,car,440,303,582,284,0.5154,2026-08-04 06:50:46.542,2026-08-04 06:50:47.636
car_ID_6311,FLUSH,18917,car,398,316,608,282,0.6288,2026-08-04 06:50:48.206,2026-08-04 06:50:50.278
car_ID_6312,FLUSH,18941,car,386,301,389,300,0.6250,2026-08-04 06:51:07.942,2026-08-04 06:51:08.006
car_ID_6313,FLUSH,18954,car,403,317,628,294,0.6468,2026-08-04 06:51:21.902,2026-08-04 06:51:23.338
car_ID_6314,FLUSH,18960,car,730,275,730,275,0.5065,2026-08-04 06:51:24.608,2026-08-04 06:51:24.608
car_ID_6315,FLUSH,18962,car,770,263,786,263,0.5642,2026-08-04 06:51:25.944,2026-08-04 06:51:26.809
car_ID_6316,FLUSH,18968,car,652,262,654,263,0.5179,2026-08-04 06:51:28.277,2026-08-04 06:51:28.839
car_ID_6317,FLUSH,18971,car,461,326,526,315,0.6604,2026-08-04 06:51:31.373,2026-08-04 06:51:31.772
car_ID_6318,FLUSH,18975,car,783,269,788,265,0.5462,2026-08-04 06:51:35.842,2026-08-04 06:51:36.341
car_ID_6319,FLUSH,18989,car,1057,319,881,302,0.6346,2026-08-04 06:51:45.107,2026-08-04 06:51:46.978
car_ID_6320,FLUSH,18992,car,513,376,1094,390,0.6610,2026-08-04 06:51:46.267,2026-08-04 06:51:48.244
car_ID_6321,FLUSH,18994,car,819,300,784,292,0.6593,2026-08-04 06:51:47.673,2026-08-04 06:51:48.574
car_ID_6322,FLUSH,18999,car,485,365,1138,382,0.7348,2026-08-04 06:51:49.040,2026-08-04 06:51:51.065
car_ID_6324,FLUSH,19003,car,772,269,776,270,0.5665,2026-08-04 06:51:51.841,2026-08-04 06:51:52.176
car_ID_6323,FLUSH,19002,car,996,318,781,291,0.6304,2026-08-04 06:51:51.551,2026-08-04 06:51:53.073
car_ID_6325,FLUSH,19012,car,402,330,567,302,0.5609,2026-08-04 06:52:01.748,2026-08-04 06:52:03.001
car_ID_6326,FLUSH,19020,car,389,335,653,289,0.5941,2026-08-04 06:52:07.440,2026-08-04 06:52:09.178
car_ID_6327,FLUSH,19026,car,768,269,777,261,0.5678,2026-08-04 06:52:11.773,2026-08-04 06:52:12.879
car_ID_6329,FLUSH,19056,car,489,331,489,331,0.6452,2026-08-04 06:52:53.306,2026-08-04 06:52:53.306
truck_ID_1414,FLUSH,19056,truck,491,288,651,264,0.6753,2026-08-04 06:52:53.581,2026-08-04 06:52:55.673
bus_ID_497,FLUSH,19063,bus,786,248,788,248,0.5092,2026-08-04 06:52:59.381,2026-08-04 06:52:59.845
car_ID_6328,FLUSH,19053,car,1121,349,472,344,0.6831,2026-08-04 06:52:50.240,2026-08-04 06:53:05.335
car_ID_6330,FLUSH,19093,car,419,279,419,279,0.6453,2026-08-04 06:53:33.944,2026-08-04 06:53:33.944
car_ID_6331,FLUSH,19095,car,436,314,545,292,0.6085,2026-08-04 06:53:35.240,2026-08-04 06:53:36.172
car_ID_6332,FLUSH,19098,car,386,295,381,295,0.6345,2026-08-04 06:53:36.401,2026-08-04 06:53:36.706
car_ID_6333,FLUSH,19102,car,400,316,592,285,0.6225,2026-08-04 06:53:38.321,2026-08-04 06:53:40.037
car_ID_6334,FLUSH,19107,car,1077,302,1077,302,0.5327,2026-08-04 06:53:40.836,2026-08-04 06:53:40.939
car_ID_6335,FLUSH,19113,car,716,268,716,268,0.5204,2026-08-04 06:53:43.303,2026-08-04 06:53:43.380
truck_ID_1415,FLUSH,19118,truck,532,292,596,268,0.6958,2026-08-04 06:53:47.203,2026-08-04 06:53:47.676
car_ID_6336,FLUSH,19127,car,1077,302,1077,302,0.5102,2026-08-04 06:53:50.905,2026-08-04 06:53:50.905
bus_ID_498,FLUSH,19129,bus,781,244,811,240,0.5374,2026-08-04 06:53:51.346,2026-08-04 06:53:52.708
car_ID_6337,FLUSH,19132,car,407,330,574,298,0.6427,2026-08-04 06:53:51.572,2026-08-04 06:53:52.871
car_ID_6338,FLUSH,19127,car,1075,313,1075,313,0.5252,2026-08-04 06:53:53.504,2026-08-04 06:53:53.504
car_ID_6339,FLUSH,19139,car,767,269,791,261,0.5716,2026-08-04 06:53:55.572,2026-08-04 06:53:56.846
car_ID_6340,FLUSH,19127,car,1076,303,1074,322,0.5356,2026-08-04 06:53:56.073,2026-08-04 06:53:58.148
car_ID_6342,FLUSH,19154,car,569,372,578,373,0.5400,2026-08-04 06:54:04.386,2026-08-04 06:54:04.429
car_ID_6343,FLUSH,19155,car,882,388,904,387,0.5835,2026-08-04 06:54:04.769,2026-08-04 06:54:05.306
car_ID_6341,FLUSH,19127,car,1066,322,800,294,0.6585,2026-08-04 06:54:01.645,2026-08-04 06:54:08.110
car_ID_6344,FLUSH,19127,car,755,283,751,280,0.5240,2026-08-04 06:54:09.221,2026-08-04 06:54:09.410
car_ID_6345,FLUSH,19161,car,733,269,733,269,0.5133,2026-08-04 06:54:13.181,2026-08-04 06:54:13.181
car_ID_6346,FLUSH,19170,car,437,308,599,284,0.7270,2026-08-04 06:54:21.613,2026-08-04 06:54:22.639
car_ID_6347,FLUSH,19171,car,715,268,716,268,0.6416,2026-08-04 06:54:24.562,2026-08-04 06:54:24.670
car_ID_6348,FLUSH,19190,car,385,323,660,287,0.6225,2026-08-04 06:54:44.638,2026-08-04 06:54:47.071
car_ID_6349,FLUSH,19200,car,1051,325,915,302,0.6947,2026-08-04 06:54:53.805,2026-08-04 06:54:55.272
bus_ID_499,FLUSH,19200,bus,910,283,873,272,0.5640,2026-08-04 06:54:55.306,2026-08-04 06:54:55.710
car_ID_6350,FLUSH,19204,car,592,391,940,401,0.6981,2026-08-04 06:54:55.402,2026-08-04 06:54:56.040
car_ID_6351,FLUSH,19200,car,808,303,778,298,0.7466,2026-08-04 06:54:56.370,2026-08-04 06:54:56.943
car_ID_6353,FLUSH,19222,car,610,281,609,281,0.5330,2026-08-04 06:55:13.272,2026-08-04 06:55:13.306
car_ID_6354,FLUSH,19237,car,467,320,473,320,0.7031,2026-08-04 06:55:20.817,2026-08-04 06:55:20.877
car_ID_6355,FLUSH,19238,car,390,289,390,289,0.5276,2026-08-04 06:55:20.877,2026-08-04 06:55:21.335
truck_ID_1416,FLUSH,19239,truck,557,283,591,273,0.6848,2026-08-04 06:55:20.942,2026-08-04 06:55:21.427
car_ID_6356,FLUSH,19244,car,524,271,522,272,0.5501,2026-08-04 06:55:23.173,2026-08-04 06:55:23.235
truck_ID_1417,FLUSH,19253,truck,562,282,581,277,0.6338,2026-08-04 06:55:34.209,2026-08-04 06:55:34.746
car_ID_6357,FLUSH,19261,car,586,270,585,270,0.5097,2026-08-04 06:55:39.838,2026-08-04 06:55:39.870
car_ID_6352,FLUSH,19221,car,1119,347,771,347,0.7869,2026-08-04 06:55:11.770,2026-08-04 06:55:41.677
car_ID_6360,FLUSH,19265,car,1121,324,1122,324,0.5775,2026-08-04 06:55:42.168,2026-08-04 06:55:42.248
car_ID_6358,FLUSH,19262,car,1117,325,1004,347,0.5722,2026-08-04 06:55:39.980,2026-08-04 06:55:42.280
car_ID_6359,FLUSH,19264,car,548,341,512,342,0.5594,2026-08-04 06:55:42.037,2026-08-04 06:55:42.708
car_ID_6362,FLUSH,19271,car,531,345,525,345,0.6303,2026-08-04 06:55:43.976,2026-08-04 06:55:44.008
car_ID_6363,FLUSH,19272,car,951,352,735,347,0.5580,2026-08-04 06:55:44.240,2026-08-04 06:55:45.049
car_ID_6364,FLUSH,19275,car,822,303,822,303,0.5240,2026-08-04 06:55:45.875,2026-08-04 06:55:45.875
car_ID_6366,FLUSH,19278,car,1062,322,1055,322,0.5490,2026-08-04 06:55:46.001,2026-08-04 06:55:46.038
car_ID_6361,FLUSH,19269,car,1088,334,811,298,0.6211,2026-08-04 06:55:43.470,2026-08-04 06:55:46.378
car_ID_6365,FLUSH,19277,car,1108,332,945,329,0.7648,2026-08-04 06:55:46.001,2026-08-04 06:55:46.772
truck_ID_1418,FLUSH,19277,truck,925,329,863,328,0.6747,2026-08-04 06:55:46.806,2026-08-04 06:55:47.011
car_ID_6368,FLUSH,19277,car,539,327,489,325,0.6698,2026-08-04 06:55:47.936,2026-08-04 06:55:48.270
car_ID_6367,FLUSH,19282,car,950,309,802,294,0.6407,2026-08-04 06:55:47.174,2026-08-04 06:55:48.839
car_ID_6369,FLUSH,19307,car,597,375,982,382,0.6526,2026-08-04 06:56:05.772,2026-08-04 06:56:06.770
car_ID_6370,FLUSH,19311,car,810,385,1083,386,0.8030,2026-08-04 06:56:08.540,2026-08-04 06:56:09.510
car_ID_6372,FLUSH,19315,car,548,299,548,299,0.5703,2026-08-04 06:56:09.987,2026-08-04 06:56:10.484
car_ID_6373,FLUSH,19317,car,604,320,604,320,0.5490,2026-08-04 06:56:11.005,2026-08-04 06:56:11.469
car_ID_6374,FLUSH,19318,car,380,300,380,300,0.5454,2026-08-04 06:56:14.138,2026-08-04 06:56:14.138
car_ID_6371,FLUSH,19313,car,1145,354,1133,341,0.5350,2026-08-04 06:56:08.876,2026-08-04 06:56:16.767
car_ID_6376,FLUSH,19321,car,553,329,559,328,0.5140,2026-08-04 06:56:17.238,2026-08-04 06:56:17.339
car_ID_6375,FLUSH,19320,car,377,331,605,295,0.6708,2026-08-04 06:56:16.606,2026-08-04 06:56:18.505
car_ID_6378,FLUSH,19323,car,757,274,798,260,0.5351,2026-08-04 06:56:21.073,2026-08-04 06:56:23.276
truck_ID_1419,FLUSH,19326,truck,558,281,595,269,0.6434,2026-08-04 06:56:23.307,2026-08-04 06:56:23.805
car_ID_6379,FLUSH,19327,car,381,299,381,297,0.5268,2026-08-04 06:56:23.404,2026-08-04 06:56:24.510
car_ID_6380,FLUSH,19327,car,451,327,565,309,0.5592,2026-08-04 06:56:26.005,2026-08-04 06:56:26.811
car_ID_6381,FLUSH,19334,car,381,299,390,296,0.5760,2026-08-04 06:56:26.939,2026-08-04 06:56:27.311
bus_ID_500,FLUSH,19335,bus,771,252,772,252,0.5525,2026-08-04 06:56:27.841,2026-08-04 06:56:27.873
bus_ID_501,FLUSH,19335,bus,787,258,789,254,0.5740,2026-08-04 06:56:29.073,2026-08-04 06:56:29.472
car_ID_6382,FLUSH,19342,car,801,272,801,272,0.5525,2026-08-04 06:56:30.440,2026-08-04 06:56:30.440
truck_ID_1420,FLUSH,19338,truck,490,292,643,269,0.6839,2026-08-04 06:56:29.008,2026-08-04 06:56:30.907
car_ID_6383,FLUSH,19344,car,770,272,784,280,0.5396,2026-08-04 06:56:30.582,2026-08-04 06:56:31.108
car_ID_6384,FLUSH,19341,car,382,297,382,297,0.5454,2026-08-04 06:56:35.344,2026-08-04 06:56:35.344
car_ID_6377,FLUSH,19313,car,1133,343,427,338,0.6250,2026-08-04 06:56:18.076,2026-08-04 06:56:36.107
car_ID_6385,FLUSH,19341,car,384,297,384,297,0.5026,2026-08-04 06:56:37.888,2026-08-04 06:56:38.104
car_ID_6386,FLUSH,19353,car,745,258,745,258,0.5177,2026-08-04 06:56:39.036,2026-08-04 06:56:39.036
car_ID_6387,FLUSH,19355,car,898,238,898,238,0.5668,2026-08-04 06:56:39.036,2026-08-04 06:56:39.036
car_ID_6388,FLUSH,19341,car,384,297,384,297,0.5454,2026-08-04 06:56:41.072,2026-08-04 06:56:41.072
car_ID_6389,FLUSH,19358,car,734,258,734,258,0.5204,2026-08-04 06:56:42.239,2026-08-04 06:56:42.239
car_ID_6390,FLUSH,19364,car,589,273,580,288,0.5212,2026-08-04 06:56:49.445,2026-08-04 06:56:50.840
car_ID_6391,FLUSH,19370,car,410,280,410,280,0.5026,2026-08-04 06:56:54.672,2026-08-04 06:56:55.138
car_ID_6392,FLUSH,19375,car,446,368,1092,399,0.7700,2026-08-04 06:56:56.243,2026-08-04 06:56:58.308
car_ID_6393,FLUSH,19381,car,563,382,563,382,0.5928,2026-08-04 06:57:00.042,2026-08-04 06:57:00.074
car_ID_6394,FLUSH,19386,car,580,381,1023,384,0.6983,2026-08-04 06:57:02.844,2026-08-04 06:57:04.308
car_ID_6395,FLUSH,19389,car,399,313,547,292,0.6215,2026-08-04 06:57:09.207,2026-08-04 06:57:10.676
car_ID_6396,FLUSH,19393,car,398,317,512,296,0.5849,2026-08-04 06:57:11.179,2026-08-04 06:57:12.309
car_ID_6397,FLUSH,19398,car,792,254,801,254,0.5216,2026-08-04 06:57:18.209,2026-08-04 06:57:18.803
bus_ID_502,FLUSH,19402,bus,416,297,416,297,0.5928,2026-08-04 06:57:21.069,2026-08-04 06:57:21.069
car_ID_6398,FLUSH,19402,car,455,337,455,337,0.5882,2026-08-04 06:57:22.073,2026-08-04 06:57:22.073
car_ID_6399,FLUSH,19402,car,594,300,594,300,0.5383,2026-08-04 06:57:23.678,2026-08-04 06:57:23.709
truck_ID_1421,FLUSH,19402,truck,523,286,654,263,0.6209,2026-08-04 06:57:22.409,2026-08-04 06:57:23.806
bus_ID_503,FLUSH,19410,bus,729,255,729,255,0.5355,2026-08-04 06:57:25.503,2026-08-04 06:57:25.869
car_ID_6400,FLUSH,19416,car,1126,350,1127,350,0.5228,2026-08-04 06:57:28.813,2026-08-04 06:57:29.637
car_ID_6401,FLUSH,19421,car,401,313,494,301,0.6287,2026-08-04 06:57:33.203,2026-08-04 06:57:34.141
car_ID_6403,FLUSH,19428,car,713,270,718,266,0.5650,2026-08-04 06:57:36.201,2026-08-04 06:57:36.506
car_ID_6404,FLUSH,19431,car,757,249,746,249,0.5307,2026-08-04 06:57:36.989,2026-08-04 06:57:38.003
car_ID_6402,FLUSH,19416,car,1125,350,1128,349,0.5540,2026-08-04 06:57:34.375,2026-08-04 06:57:40.109
car_ID_6405,FLUSH,19416,car,1128,348,1126,349,0.5763,2026-08-04 06:57:41.606,2026-08-04 06:57:42.641
car_ID_6406,FLUSH,19442,car,422,328,479,315,0.6508,2026-08-04 06:57:43.375,2026-08-04 06:57:43.773
truck_ID_1422,FLUSH,19441,truck,548,258,544,258,0.5140,2026-08-04 06:57:44.341,2026-08-04 06:57:44.406
car_ID_6408,FLUSH,19444,car,592,297,600,296,0.6448,2026-08-04 06:57:44.406,2026-08-04 06:57:44.743
bus_ID_504,FLUSH,19447,bus,646,244,647,243,0.5208,2026-08-04 06:57:46.477,2026-08-04 06:57:46.639
bus_ID_505,FLUSH,19451,bus,576,251,566,251,0.6488,2026-08-04 06:57:48.413,2026-08-04 06:57:48.644
car_ID_6409,FLUSH,19453,car,788,262,800,255,0.5329,2026-08-04 06:57:49.277,2026-08-04 06:57:50.537
car_ID_6407,FLUSH,19416,car,1128,352,1127,349,0.5553,2026-08-04 06:57:43.773,2026-08-04 06:57:53.638
car_ID_6410,FLUSH,19416,car,1127,349,1127,349,0.5133,2026-08-04 06:57:56.206,2026-08-04 06:57:56.238
car_ID_6411,FLUSH,19416,car,1126,351,715,355,0.6858,2026-08-04 06:57:57.948,2026-08-04 06:58:01.929
car_ID_6412,FLUSH,19466,car,547,350,456,344,0.6592,2026-08-04 06:58:01.924,2026-08-04 06:58:02.229
car_ID_6413,FLUSH,19475,car,1110,339,995,340,0.7558,2026-08-04 06:58:07.075,2026-08-04 06:58:07.908
car_ID_6414,FLUSH,19480,car,505,268,505,268,0.5240,2026-08-04 06:58:11.142,2026-08-04 06:58:11.338
car_ID_6415,FLUSH,19482,car,428,280,428,280,0.5133,2026-08-04 06:58:13.240,2026-08-04 06:58:13.713
car_ID_6416,FLUSH,19485,car,560,250,525,259,0.5594,2026-08-04 06:58:18.434,2026-08-04 06:58:19.272
car_ID_6417,FLUSH,19487,car,338,237,338,237,0.5062,2026-08-04 06:58:21.746,2026-08-04 06:58:22.215
car_ID_6418,FLUSH,19488,car,471,374,1116,386,0.7399,2026-08-04 06:58:23.682,2026-08-04 06:58:25.712
car_ID_6419,FLUSH,19490,car,1081,323,806,301,0.6491,2026-08-04 06:58:24.611,2026-08-04 06:58:26.197
car_ID_6420,FLUSH,19494,car,623,371,1001,384,0.6584,2026-08-04 06:58:26.070,2026-08-04 06:58:27.410
car_ID_6421,FLUSH,19496,car,750,277,750,273,0.5602,2026-08-04 06:58:27.775,2026-08-04 06:58:28.539
car_ID_6422,FLUSH,19512,car,860,299,862,300,0.5425,2026-08-04 06:58:39.273,2026-08-04 06:58:39.736
truck_ID_1423,FLUSH,19514,truck,582,267,606,267,0.7278,2026-08-04 06:58:40.052,2026-08-04 06:58:40.292
car_ID_6423,FLUSH,19539,car,1113,328,797,295,0.6889,2026-08-04 06:59:03.771,2026-08-04 06:59:08.671
car_ID_6425,FLUSH,19549,car,480,327,559,299,0.5961,2026-08-04 06:59:23.735,2026-08-04 06:59:24.607
car_ID_6426,FLUSH,19553,car,438,312,438,312,0.5454,2026-08-04 06:59:25.897,2026-08-04 06:59:25.897
truck_ID_1424,FLUSH,19556,truck,535,281,511,283,0.5799,2026-08-04 06:59:28.377,2026-08-04 06:59:28.674
bus_ID_506,FLUSH,19557,bus,521,283,521,283,0.5140,2026-08-04 06:59:28.743,2026-08-04 06:59:28.743
truck_ID_1425,FLUSH,19557,truck,527,281,598,271,0.7029,2026-08-04 06:59:28.772,2026-08-04 06:59:29.577
car_ID_6427,FLUSH,19558,car,442,321,506,288,0.6215,2026-08-04 06:59:29.404,2026-08-04 06:59:30.309
truck_ID_1426,FLUSH,19560,truck,685,262,689,262,0.5590,2026-08-04 06:59:30.705,2026-08-04 06:59:30.804
bus_ID_507,FLUSH,19565,bus,770,248,787,247,0.5160,2026-08-04 06:59:35.173,2026-08-04 06:59:35.913
car_ID_6424,FLUSH,19548,car,1130,352,447,341,0.6652,2026-08-04 06:59:20.772,2026-08-04 06:59:42.837
car_ID_6428,FLUSH,19602,car,1030,326,816,301,0.6270,2026-08-04 06:59:58.078,2026-08-04 06:59:59.155
car_ID_6429,FLUSH,19611,car,527,371,1069,385,0.7953,2026-08-04 07:00:01.838,2026-08-04 07:00:03.268
car_ID_6430,FLUSH,19616,car,396,292,391,291,0.5513,2026-08-04 07:00:03.584,2026-08-04 07:00:03.955
car_ID_6431,FLUSH,19628,car,604,281,604,281,0.5169,2026-08-04 07:00:13.012,2026-08-04 07:00:13.012
truck_ID_1427,FLUSH,19635,truck,579,276,648,266,0.6068,2026-08-04 07:00:17.037,2026-08-04 07:00:18.953
bus_ID_508,FLUSH,19643,bus,779,246,790,243,0.5154,2026-08-04 07:00:22.739,2026-08-04 07:00:23.772
car_ID_6432,FLUSH,19645,car,408,290,394,293,0.5568,2026-08-04 07:00:23.007,2026-08-04 07:00:24.606
car_ID_6433,FLUSH,19651,car,384,298,377,290,0.5282,2026-08-04 07:00:26.807,2026-08-04 07:00:27.810
bus_ID_509,FLUSH,19663,bus,550,248,510,251,0.5208,2026-08-04 07:00:34.307,2026-08-04 07:00:35.141
car_ID_6434,FLUSH,19673,car,465,383,795,402,0.6132,2026-08-04 07:00:44.219,2026-08-04 07:00:45.061
car_ID_6435,FLUSH,19676,car,523,380,1123,391,0.7648,2026-08-04 07:00:47.244,2026-08-04 07:00:49.114
car_ID_6436,FLUSH,19677,car,896,305,761,292,0.6377,2026-08-04 07:00:48.835,2026-08-04 07:00:49.904
car_ID_6437,FLUSH,19683,car,779,270,792,262,0.6068,2026-08-04 07:00:52.612,2026-08-04 07:00:53.667
car_ID_6438,FLUSH,19696,car,435,333,652,289,0.6277,2026-08-04 07:01:01.807,2026-08-04 07:01:04.739
car_ID_6439,FLUSH,19704,car,786,267,790,265,0.5547,2026-08-04 07:01:08.940,2026-08-04 07:01:09.270
car_ID_6440,FLUSH,19704,car,797,256,799,256,0.5133,2026-08-04 07:01:10.342,2026-08-04 07:01:10.672
car_ID_6442,FLUSH,19724,car,878,394,1083,398,0.7934,2026-08-04 07:01:32.041,2026-08-04 07:01:32.938
car_ID_6441,FLUSH,19718,car,1138,326,809,301,0.7633,2026-08-04 07:01:25.271,2026-08-04 07:01:33.272
car_ID_6443,FLUSH,19732,car,753,267,760,261,0.5385,2026-08-04 07:01:38.105,2026-08-04 07:01:38.939
car_ID_6444,FLUSH,19739,car,385,319,605,284,0.6871,2026-08-04 07:01:46.706,2026-08-04 07:01:48.673
truck_ID_1428,FLUSH,19740,truck,447,287,556,276,0.6615,2026-08-04 07:01:49.206,2026-08-04 07:01:50.507
truck_ID_1429,FLUSH,19744,truck,550,278,650,263,0.5559,2026-08-04 07:01:50.507,2026-08-04 07:01:51.335
car_ID_6445,FLUSH,19762,car,397,320,557,293,0.6503,2026-08-04 07:02:07.839,2026-08-04 07:02:08.576
car_ID_6446,FLUSH,19766,car,395,300,556,289,0.6731,2026-08-04 07:02:11.474,2026-08-04 07:02:12.582
car_ID_6447,FLUSH,19782,car,504,383,972,401,0.6433,2026-08-04 07:02:24.074,2026-08-04 07:02:25.112
car_ID_6448,FLUSH,19804,car,496,258,494,257,0.5121,2026-08-04 07:03:06.103,2026-08-04 07:03:06.135
car_ID_6449,FLUSH,19805,car,642,259,642,259,0.5383,2026-08-04 07:03:06.233,2026-08-04 07:03:06.233
car_ID_6450,FLUSH,19816,car,664,256,643,259,0.5436,2026-08-04 07:03:24.933,2026-08-04 07:03:25.564
car_ID_6451,FLUSH,19821,car,588,264,588,264,0.5204,2026-08-04 07:03:26.935,2026-08-04 07:03:26.935
car_ID_6452,FLUSH,19824,car,462,271,458,273,0.6452,2026-08-04 07:03:28.433,2026-08-04 07:03:28.632
car_ID_6453,FLUSH,19838,car,392,332,441,324,0.6972,2026-08-04 07:03:37.527,2026-08-04 07:03:37.707
car_ID_6454,FLUSH,19839,car,617,285,615,286,0.5169,2026-08-04 07:03:37.675,2026-08-04 07:03:37.741
car_ID_6455,FLUSH,19840,car,689,284,690,284,0.5062,2026-08-04 07:03:39.275,2026-08-04 07:03:39.437
car_ID_6456,FLUSH,19843,car,749,275,784,267,0.6249,2026-08-04 07:03:40.209,2026-08-04 07:03:42.003
car_ID_6457,FLUSH,19847,car,394,329,601,289,0.6939,2026-08-04 07:03:43.109,2026-08-04 07:03:44.373
car_ID_6458,FLUSH,19850,car,421,307,551,293,0.5846,2026-08-04 07:03:48.374,2026-08-04 07:03:49.008
car_ID_6460,FLUSH,19862,car,861,319,861,319,0.5276,2026-08-04 07:03:57.402,2026-08-04 07:03:57.437
car_ID_6459,FLUSH,19855,car,1048,324,876,304,0.6357,2026-08-04 07:03:53.911,2026-08-04 07:03:58.505
car_ID_6461,FLUSH,19867,car,817,299,817,299,0.6131,2026-08-04 07:03:58.971,2026-08-04 07:03:58.971
car_ID_6462,FLUSH,19865,car,1035,328,791,300,0.6466,2026-08-04 07:03:59.072,2026-08-04 07:04:00.972
car_ID_6463,FLUSH,19874,car,505,359,1039,377,0.6439,2026-08-04 07:04:03.075,2026-08-04 07:04:04.938
car_ID_6464,FLUSH,19889,car,384,300,384,300,0.6737,2026-08-04 07:04:16.045,2026-08-04 07:04:16.045
car_ID_6465,FLUSH,19893,car,755,240,755,240,0.5097,2026-08-04 07:04:19.074,2026-08-04 07:04:19.105
car_ID_6466,FLUSH,19899,car,780,239,780,239,0.5026,2026-08-04 07:04:20.736,2026-08-04 07:04:21.207
car_ID_6467,FLUSH,19912,car,782,269,788,265,0.5424,2026-08-04 07:04:32.568,2026-08-04 07:04:32.970
car_ID_6468,FLUSH,19915,car,366,236,366,236,0.5204,2026-08-04 07:04:35.977,2026-08-04 07:04:36.435
car_ID_6469,FLUSH,19925,car,1096,350,726,350,0.6190,2026-08-04 07:04:45.371,2026-08-04 07:04:48.481
car_ID_6470,FLUSH,19929,car,611,349,611,349,0.5552,2026-08-04 07:04:48.510,2026-08-04 07:04:48.640
truck_ID_1430,FLUSH,19930,truck,566,255,566,255,0.5628,2026-08-04 07:04:49.010,2026-08-04 07:04:49.010
car_ID_6471,FLUSH,19950,car,545,390,1002,402,0.7195,2026-08-04 07:05:06.871,2026-08-04 07:05:08.173
car_ID_6472,FLUSH,19953,car,701,392,1104,398,0.5945,2026-08-04 07:05:10.275,2026-08-04 07:05:11.539
car_ID_6473,FLUSH,19992,car,1125,331,1099,319,0.5648,2026-08-04 07:05:47.232,2026-08-04 07:05:54.199
car_ID_6476,FLUSH,19999,car,429,322,573,296,0.5891,2026-08-04 07:05:55.569,2026-08-04 07:05:56.305
car_ID_6474,FLUSH,19997,car,1131,351,1130,351,0.5509,2026-08-04 07:05:55.437,2026-08-04 07:05:56.536
car_ID_6477,FLUSH,20004,car,708,273,721,271,0.6496,2026-08-04 07:05:57.500,2026-08-04 07:05:57.736
car_ID_6479,FLUSH,19997,car,1129,352,1129,352,0.5454,2026-08-04 07:05:59.000,2026-08-04 07:05:59.000
car_ID_6478,FLUSH,20005,car,754,268,777,265,0.5617,2026-08-04 07:05:58.439,2026-08-04 07:05:59.337
car_ID_6480,FLUSH,19997,car,1129,351,1129,351,0.5561,2026-08-04 07:06:00.439,2026-08-04 07:06:00.439
car_ID_6481,FLUSH,20007,car,1054,353,770,349,0.6182,2026-08-04 07:06:02.270,2026-08-04 07:06:04.467
car_ID_6475,FLUSH,19992,car,1100,319,1102,319,0.6138,2026-08-04 07:05:55.569,2026-08-04 07:06:06.069
car_ID_6482,FLUSH,20008,car,1101,316,1007,307,0.6758,2026-08-04 07:06:02.768,2026-08-04 07:06:08.468
truck_ID_1431,FLUSH,20013,truck,1002,307,1002,307,0.5062,2026-08-04 07:06:08.500,2026-08-04 07:06:08.500
car_ID_6483,FLUSH,20013,car,1016,308,882,297,0.7569,2026-08-04 07:06:08.337,2026-08-04 07:06:10.499
car_ID_6484,FLUSH,20014,car,831,295,802,291,0.6443,2026-08-04 07:06:10.039,2026-08-04 07:06:10.903
car_ID_6486,FLUSH,20018,car,886,352,886,352,0.6987,2026-08-04 07:06:12.837,2026-08-04 07:06:13.304
car_ID_6487,FLUSH,20019,car,752,266,752,266,0.5561,2026-08-04 07:06:14.003,2026-08-04 07:06:14.003
car_ID_6485,FLUSH,20017,car,1067,353,471,346,0.7363,2026-08-04 07:06:11.669,2026-08-04 07:06:14.670
car_ID_6488,FLUSH,20030,car,437,311,513,294,0.6618,2026-08-04 07:06:37.302,2026-08-04 07:06:37.801
car_ID_6489,FLUSH,20033,car,420,339,453,314,0.6007,2026-08-04 07:06:38.740,2026-08-04 07:06:39.301
car_ID_6491,FLUSH,20073,car,638,245,632,244,0.5596,2026-08-04 07:07:26.575,2026-08-04 07:07:26.841
car_ID_6492,FLUSH,20078,car,477,321,567,286,0.5855,2026-08-04 07:07:27.872,2026-08-04 07:07:28.810
truck_ID_1432,FLUSH,20079,truck,515,253,515,253,0.5440,2026-08-04 07:07:30.142,2026-08-04 07:07:30.142
car_ID_6493,FLUSH,20081,car,716,276,791,264,0.6409,2026-08-04 07:07:30.405,2026-08-04 07:07:33.571
car_ID_6495,FLUSH,20110,car,594,283,595,280,0.6341,2026-08-04 07:07:56.473,2026-08-04 07:07:56.774
car_ID_6496,FLUSH,20111,car,707,267,707,267,0.5169,2026-08-04 07:07:58.312,2026-08-04 07:07:58.312
car_ID_6497,FLUSH,20122,car,712,246,711,244,0.5452,2026-08-04 07:08:05.910,2026-08-04 07:08:06.077
truck_ID_1433,FLUSH,20123,truck,560,256,560,256,0.5628,2026-08-04 07:08:06.077,2026-08-04 07:08:06.077
truck_ID_1434,FLUSH,20133,truck,578,254,572,255,0.5249,2026-08-04 07:08:11.945,2026-08-04 07:08:12.173
car_ID_6498,FLUSH,20143,car,433,281,433,281,0.5240,2026-08-04 07:08:22.876,2026-08-04 07:08:22.876
car_ID_6500,FLUSH,20147,car,590,272,590,272,0.5240,2026-08-04 07:08:24.411,2026-08-04 07:08:24.411
car_ID_6499,FLUSH,20146,car,383,299,390,299,0.6158,2026-08-04 07:08:23.779,2026-08-04 07:08:27.111
truck_ID_1435,FLUSH,20154,truck,523,283,601,270,0.7344,2026-08-04 07:08:28.447,2026-08-04 07:08:29.179
car_ID_6501,FLUSH,20155,car,383,301,382,299,0.5454,2026-08-04 07:08:28.643,2026-08-04 07:08:30.680
bus_ID_510,FLUSH,20163,bus,777,258,790,243,0.5178,2026-08-04 07:08:32.078,2026-08-04 07:08:33.645
car_ID_6494,FLUSH,20104,car,1067,321,991,311,0.7870,2026-08-04 07:07:51.842,2026-08-04 07:08:34.711
bus_ID_511,FLUSH,20070,bus,979,319,917,322,0.5724,2026-08-04 07:08:35.873,2026-08-04 07:08:36.576
car_ID_6502,FLUSH,20166,car,383,299,383,300,0.6038,2026-08-04 07:08:34.114,2026-08-04 07:08:37.380
car_ID_6506,FLUSH,20175,car,889,304,886,304,0.5668,2026-08-04 07:08:39.312,2026-08-04 07:08:39.344
car_ID_6490,FLUSH,20070,car,1128,350,915,302,0.6386,2026-08-04 07:07:22.806,2026-08-04 07:08:39.612
car_ID_6504,FLUSH,20171,car,1055,342,476,351,0.6674,2026-08-04 07:08:38.079,2026-08-04 07:08:40.047
car_ID_6507,FLUSH,20176,car,791,302,757,290,0.5400,2026-08-04 07:08:40.213,2026-08-04 07:08:41.444
car_ID_6505,FLUSH,20172,car,1133,324,783,294,0.7028,2026-08-04 07:08:38.477,2026-08-04 07:08:42.913
car_ID_6503,FLUSH,20170,car,575,323,383,300,0.6067,2026-08-04 07:08:37.244,2026-08-04 07:08:45.313
car_ID_6508,FLUSH,20183,car,656,258,655,257,0.6042,2026-08-04 07:08:47.346,2026-08-04 07:08:47.412
car_ID_6509,FLUSH,20188,car,382,300,382,301,0.5295,2026-08-04 07:08:49.215,2026-08-04 07:08:52.148
car_ID_6510,FLUSH,20202,car,566,383,1104,402,0.7569,2026-08-04 07:09:00.477,2026-08-04 07:09:02.182
car_ID_6511,FLUSH,20203,car,484,366,1079,385,0.6936,2026-08-04 07:09:02.213,2026-08-04 07:09:04.147
car_ID_6513,FLUSH,20211,car,398,346,456,314,0.5953,2026-08-04 07:09:14.914,2026-08-04 07:09:15.349
truck_ID_1436,FLUSH,20211,truck,454,296,597,270,0.5922,2026-08-04 07:09:15.315,2026-08-04 07:09:18.314
truck_ID_1437,FLUSH,20217,truck,418,302,418,302,0.5440,2026-08-04 07:09:18.345,2026-08-04 07:09:18.345
bus_ID_512,FLUSH,20226,bus,513,284,513,284,0.5027,2026-08-04 07:09:19.984,2026-08-04 07:09:19.984
truck_ID_1438,FLUSH,20226,truck,515,284,628,271,0.7326,2026-08-04 07:09:20.051,2026-08-04 07:09:21.181
car_ID_6515,FLUSH,20240,car,717,393,1020,382,0.5372,2026-08-04 07:09:31.081,2026-08-04 07:09:32.183
car_ID_6514,FLUSH,20237,car,645,252,392,269,0.6040,2026-08-04 07:09:28.385,2026-08-04 07:09:32.352
car_ID_6516,FLUSH,20243,car,799,301,797,301,0.6404,2026-08-04 07:09:33.315,2026-08-04 07:09:33.385
car_ID_6512,FLUSH,20207,car,1141,326,786,294,0.8378,2026-08-04 07:09:05.914,2026-08-04 07:09:34.446
car_ID_6517,FLUSH,20247,car,769,270,789,261,0.5631,2026-08-04 07:09:38.982,2026-08-04 07:09:41.017
car_ID_6518,FLUSH,20254,car,390,340,600,296,0.6164,2026-08-04 07:09:45.384,2026-08-04 07:09:47.385
truck_ID_1439,FLUSH,20255,truck,400,298,404,298,0.6378,2026-08-04 07:09:47.648,2026-08-04 07:09:47.684
truck_ID_1440,FLUSH,20256,truck,416,297,425,295,0.5346,2026-08-04 07:09:47.815,2026-08-04 07:09:47.953
car_ID_6519,FLUSH,20255,car,391,301,435,296,0.6036,2026-08-04 07:09:47.317,2026-08-04 07:09:48.051
car_ID_6521,FLUSH,20257,car,708,276,708,276,0.5454,2026-08-04 07:09:48.784,2026-08-04 07:09:48.784
bus_ID_513,FLUSH,20256,bus,549,284,549,284,0.5882,2026-08-04 07:09:49.183,2026-08-04 07:09:49.183
car_ID_6520,FLUSH,20256,car,448,295,552,283,0.7376,2026-08-04 07:09:48.117,2026-08-04 07:09:49.215
car_ID_6522,FLUSH,20258,car,569,280,612,273,0.6158,2026-08-04 07:09:49.416,2026-08-04 07:09:50.016
car_ID_6523,FLUSH,20264,car,710,263,710,263,0.5097,2026-08-04 07:09:52.088,2026-08-04 07:09:52.088
truck_ID_1441,FLUSH,20265,truck,515,284,593,277,0.7260,2026-08-04 07:09:52.716,2026-08-04 07:09:53.548
car_ID_6524,FLUSH,20270,car,377,352,384,347,0.5525,2026-08-04 07:09:55.148,2026-08-04 07:09:55.417
truck_ID_1442,FLUSH,20270,truck,450,289,450,289,0.5327,2026-08-04 07:09:55.917,2026-08-04 07:09:55.917
bus_ID_514,FLUSH,20270,bus,446,285,455,283,0.5721,2026-08-04 07:09:55.984,2026-08-04 07:09:56.146
bus_ID_515,FLUSH,20272,bus,537,287,537,287,0.5590,2026-08-04 07:09:57.116,2026-08-04 07:09:57.116
truck_ID_1443,FLUSH,20272,truck,501,290,580,285,0.6237,2026-08-04 07:09:57.286,2026-08-04 07:09:58.149
car_ID_6525,FLUSH,20293,car,454,305,503,292,0.6573,2026-08-04 07:10:10.850,2026-08-04 07:10:11.518
car_ID_6526,FLUSH,20295,car,577,281,613,278,0.5840,2026-08-04 07:10:11.684,2026-08-04 07:10:12.085
car_ID_6528,FLUSH,20301,car,709,268,731,265,0.5565,2026-08-04 07:10:13.785,2026-08-04 07:10:14.617
car_ID_6529,FLUSH,20304,car,756,255,756,255,0.5454,2026-08-04 07:10:16.284,2026-08-04 07:10:16.284
truck_ID_1444,FLUSH,20300,truck,1071,303,1071,303,0.5177,2026-08-04 07:10:20.717,2026-08-04 07:10:20.717
car_ID_6530,FLUSH,20308,car,1020,294,1020,294,0.6345,2026-08-04 07:10:22.284,2026-08-04 07:10:22.284
truck_ID_1445,FLUSH,20300,truck,931,291,931,291,0.5252,2026-08-04 07:10:22.686,2026-08-04 07:10:22.686
car_ID_6527,FLUSH,20300,car,1134,320,860,306,0.6113,2026-08-04 07:10:12.883,2026-08-04 07:10:23.385
bus_ID_516,FLUSH,20300,bus,802,281,789,280,0.5619,2026-08-04 07:10:24.684,2026-08-04 07:10:25.017
car_ID_6531,FLUSH,20311,car,827,297,781,278,0.5937,2026-08-04 07:10:23.719,2026-08-04 07:10:26.117
car_ID_6533,FLUSH,20318,car,684,389,990,399,0.7493,2026-08-04 07:10:26.549,2026-08-04 07:10:27.583
car_ID_6532,FLUSH,20300,car,781,279,799,249,0.6665,2026-08-04 07:10:25.418,2026-08-04 07:10:33.588
car_ID_6534,FLUSH,20325,car,636,248,636,248,0.5846,2026-08-04 07:10:35.218,2026-08-04 07:10:35.283
car_ID_6535,FLUSH,20349,car,394,322,598,287,0.7293,2026-08-04 07:11:08.489,2026-08-04 07:11:10.018
car_ID_6536,FLUSH,20353,car,709,271,716,268,0.5267,2026-08-04 07:11:11.989,2026-08-04 07:11:12.689
car_ID_6537,FLUSH,20364,car,1112,328,781,293,0.6636,2026-08-04 07:11:26.555,2026-08-04 07:11:28.718
car_ID_6538,FLUSH,20368,car,777,263,782,261,0.5212,2026-08-04 07:11:32.190,2026-08-04 07:11:32.489
car_ID_6539,FLUSH,20370,car,1113,326,778,296,0.7301,2026-08-04 07:11:35.288,2026-08-04 07:11:48.756
car_ID_6540,FLUSH,20387,car,556,385,566,377,0.5360,2026-08-04 07:11:49.125,2026-08-04 07:11:49.357
car_ID_6541,FLUSH,20394,car,745,262,747,261,0.5768,2026-08-04 07:11:52.790,2026-08-04 07:11:52.920
car_ID_6542,FLUSH,20405,car,405,331,631,295,0.6729,2026-08-04 07:12:03.490,2026-08-04 07:12:05.624
car_ID_6543,FLUSH,20407,car,753,273,787,260,0.5739,2026-08-04 07:12:08.322,2026-08-04 07:12:10.620
car_ID_6545,FLUSH,20413,car,971,341,962,341,0.6359,2026-08-04 07:12:12.223,2026-08-04 07:12:12.258
car_ID_6544,FLUSH,20411,car,1128,337,962,340,0.7539,2026-08-04 07:12:10.458,2026-08-04 07:12:12.359
truck_ID_1446,FLUSH,20413,truck,1032,339,837,339,0.6098,2026-08-04 07:12:11.922,2026-08-04 07:12:13.290
truck_ID_1447,FLUSH,20411,truck,1011,340,487,337,0.5873,2026-08-04 07:12:12.027,2026-08-04 07:12:14.293
car_ID_6546,FLUSH,20417,car,790,251,790,252,0.5204,2026-08-04 07:12:15.059,2026-08-04 07:12:15.362
car_ID_6547,FLUSH,20425,car,653,258,657,257,0.5418,2026-08-04 07:12:30.460,2026-08-04 07:12:31.191
car_ID_6548,FLUSH,20429,car,441,327,714,276,0.6398,2026-08-04 07:12:34.294,2026-08-04 07:12:36.528
car_ID_6549,FLUSH,20431,car,766,269,767,268,0.5294,2026-08-04 07:12:38.392,2026-08-04 07:12:38.426
car_ID_6550,FLUSH,20439,car,445,329,594,299,0.6086,2026-08-04 07:13:02.131,2026-08-04 07:13:03.192
car_ID_6551,FLUSH,20447,car,780,268,780,268,0.5418,2026-08-04 07:13:05.960,2026-08-04 07:13:05.960
car_ID_6553,FLUSH,20459,car,1092,324,1089,326,0.6247,2026-08-04 07:13:10.929,2026-08-04 07:13:11.029
car_ID_6552,FLUSH,20455,car,1086,332,744,346,0.6436,2026-08-04 07:13:09.827,2026-08-04 07:13:12.628
car_ID_6554,FLUSH,20461,car,545,342,539,343,0.6003,2026-08-04 07:13:12.862,2026-08-04 07:13:12.928
car_ID_6555,FLUSH,20464,car,522,269,522,269,0.5133,2026-08-04 07:13:13.730,2026-08-04 07:13:13.730
car_ID_6556,FLUSH,20465,car,1073,327,868,309,0.7080,2026-08-04 07:13:14.162,2026-08-04 07:13:17.659
car_ID_6557,FLUSH,20472,car,889,309,765,293,0.6914,2026-08-04 07:13:17.262,2026-08-04 07:13:19.224
car_ID_6558,FLUSH,20472,car,754,282,754,279,0.5712,2026-08-04 07:13:20.794,2026-08-04 07:13:21.491
car_ID_6559,FLUSH,20479,car,658,259,658,259,0.6488,2026-08-04 07:13:26.427,2026-08-04 07:13:26.665
car_ID_6561,FLUSH,20483,car,441,323,556,319,0.5980,2026-08-04 07:13:29.963,2026-08-04 07:13:30.997
car_ID_6560,FLUSH,20482,car,641,281,547,295,0.5752,2026-08-04 07:13:29.831,2026-08-04 07:13:31.827
car_ID_6562,FLUSH,20486,car,754,271,798,257,0.5820,2026-08-04 07:13:33.663,2026-08-04 07:13:36.173
car_ID_6563,FLUSH,20495,car,451,309,548,296,0.5501,2026-08-04 07:13:41.862,2026-08-04 07:13:42.693
car_ID_6564,FLUSH,20513,car,571,385,973,392,0.5959,2026-08-04 07:13:55.665,2026-08-04 07:13:56.430
car_ID_6565,FLUSH,20515,car,724,404,943,402,0.6700,2026-08-04 07:13:57.332,2026-08-04 07:13:58.232
car_ID_6567,FLUSH,20520,car,568,380,568,380,0.5552,2026-08-04 07:14:02.262,2026-08-04 07:14:02.295
car_ID_6566,FLUSH,20519,car,586,383,941,389,0.6628,2026-08-04 07:14:01.994,2026-08-04 07:14:02.894
car_ID_6568,FLUSH,20525,car,397,316,660,274,0.6652,2026-08-04 07:14:10.330,2026-08-04 07:14:12.866
car_ID_6570,FLUSH,20528,car,710,269,723,267,0.6589,2026-08-04 07:14:13.798,2026-08-04 07:14:14.499
car_ID_6569,FLUSH,20529,car,394,322,645,279,0.5800,2026-08-04 07:14:13.764,2026-08-04 07:14:15.464
car_ID_6572,FLUSH,20535,car,797,255,797,255,0.5347,2026-08-04 07:14:18.464,2026-08-04 07:14:18.464
car_ID_6571,FLUSH,20534,car,733,269,767,256,0.5580,2026-08-04 07:14:17.265,2026-08-04 07:14:18.864
car_ID_6573,FLUSH,20537,car,395,330,718,276,0.6573,2026-08-04 07:14:18.894,2026-08-04 07:14:21.398
bus_ID_517,FLUSH,20537,bus,770,256,770,256,0.5140,2026-08-04 07:14:22.230,2026-08-04 07:14:22.271
car_ID_6574,FLUSH,20537,car,767,269,786,260,0.6326,2026-08-04 07:14:22.835,2026-08-04 07:14:24.032
car_ID_6575,FLUSH,20560,car,387,315,485,300,0.5861,2026-08-04 07:15:06.602,2026-08-04 07:15:07.034
car_ID_6576,FLUSH,20562,car,479,321,649,290,0.6021,2026-08-04 07:15:07.368,2026-08-04 07:15:08.565
car_ID_6577,FLUSH,20566,car,770,266,802,256,0.5676,2026-08-04 07:15:11.002,2026-08-04 07:15:13.104
person_ID_40,FLUSH,20568,person,1079,330,1080,330,0.5793,2026-08-04 07:15:14.135,2026-08-04 07:15:14.166
car_ID_6578,FLUSH,20568,car,1089,319,761,279,0.6253,2026-08-04 07:15:14.767,2026-08-04 07:15:24.001
car_ID_6579,FLUSH,20578,car,1052,326,785,300,0.6657,2026-08-04 07:15:22.601,2026-08-04 07:15:25.002
car_ID_6580,FLUSH,20601,car,466,301,480,325,0.5530,2026-08-04 07:15:59.535,2026-08-04 07:15:59.968
car_ID_6581,FLUSH,20601,car,599,298,619,297,0.6048,2026-08-04 07:16:01.038,2026-08-04 07:16:01.205
car_ID_6582,FLUSH,20606,car,717,273,717,273,0.5133,2026-08-04 07:16:02.470,2026-08-04 07:16:02.470
car_ID_6583,FLUSH,20609,car,1130,327,788,294,0.8016,2026-08-04 07:16:05.036,2026-08-04 07:16:13.407
car_ID_6584,FLUSH,20623,car,770,271,787,257,0.6191,2026-08-04 07:16:17.207,2026-08-04 07:16:19.635
person_ID_42,FLUSH,20633,person,221,395,221,395,0.6378,2026-08-04 07:16:24.070,2026-08-04 07:16:24.542
person_ID_41,FLUSH,20630,person,335,251,343,321,0.6856,2026-08-04 07:16:21.238,2026-08-04 07:16:28.875
person_ID_43,FLUSH,20638,person,364,331,433,183,0.6443,2026-08-04 07:16:33.416,2026-08-04 07:16:39.924
person_ID_44,FLUSH,20645,person,558,185,264,267,0.7765,2026-08-04 07:16:42.939,2026-08-04 07:16:44.934
car_ID_6585,FLUSH,20669,car,129,462,173,423,0.6073,2026-08-04 07:16:47.156,2026-08-04 07:16:47.981
motorcycle_ID_15,FLUSH,20672,motorcycle,968,472,968,472,0.5953,2026-08-04 07:16:57.532,2026-08-04 07:16:57.532
bicycle_ID_4,FLUSH,20673,bicycle,969,472,969,472,0.5846,2026-08-04 07:16:57.533,2026-08-04 07:16:57.533
motorcycle_ID_16,FLUSH,20674,motorcycle,913,491,913,491,0.5418,2026-08-04 07:16:57.920,2026-08-04 07:16:58.055
bicycle_ID_3,FLUSH,20672,bicycle,973,473,873,498,0.6403,2026-08-04 07:16:57.502,2026-08-04 07:16:58.212
person_ID_45,FLUSH,20673,person,970,465,554,511,0.6455,2026-08-04 07:16:57.624,2026-08-04 07:16:59.611
bicycle_ID_5,FLUSH,20674,bicycle,865,500,510,532,0.7518,2026-08-04 07:16:58.181,2026-08-04 07:16:59.742
bicycle_ID_6,FLUSH,20673,bicycle,503,528,503,528,0.5490,2026-08-04 07:16:59.779,2026-08-04 07:16:59.779
car_ID_6586,FLUSH,20675,car,22,457,79,469,0.6892,2026-08-04 07:17:02.780,2026-08-04 07:17:04.175
person_ID_46,FLUSH,20676,person,506,398,499,433,0.6135,2026-08-04 07:17:04.378,2026-08-04 07:17:06.931
car_ID_6587,FLUSH,20677,car,354,487,993,399,0.8698,2026-08-04 07:17:04.900,2026-08-04 07:17:07.868
person_ID_48,FLUSH,20679,person,434,443,434,443,0.5097,2026-08-04 07:17:09.999,2026-08-04 07:17:09.999
person_ID_47,FLUSH,20678,person,445,448,414,453,0.6125,2026-08-04 07:17:08.832,2026-08-04 07:17:10.064
car_ID_6588,FLUSH,20680,car,979,447,432,509,0.8158,2026-08-04 07:17:10.895,2026-08-04 07:17:13.294
car_ID_6589,FLUSH,20682,car,35,491,25,483,0.5406,2026-08-04 07:17:13.967,2026-08-04 07:17:14.030
person_ID_49,FLUSH,20683,person,25,455,136,464,0.7074,2026-08-04 07:17:21.594,2026-08-04 07:17:22.593
motorcycle_ID_18,FLUSH,20688,motorcycle,623,457,623,457,0.7379,2026-08-04 07:17:25.164,2026-08-04 07:17:25.164
motorcycle_ID_17,FLUSH,20686,motorcycle,607,462,633,457,0.5815,2026-08-04 07:17:25.034,2026-08-04 07:17:25.195
bicycle_ID_8,FLUSH,20688,bicycle,652,457,652,457,0.5204,2026-08-04 07:17:25.333,2026-08-04 07:17:25.796
motorcycle_ID_19,FLUSH,20685,motorcycle,726,428,734,429,0.7664,2026-08-04 07:17:25.865,2026-08-04 07:17:25.967
bicycle_ID_7,FLUSH,20686,bicycle,430,483,940,406,0.6124,2026-08-04 07:17:24.033,2026-08-04 07:17:27.865
person_ID_50,FLUSH,20685,person,386,470,973,392,0.6466,2026-08-04 07:17:23.836,2026-08-04 07:17:28.166
car_ID_6590,FLUSH,20690,car,382,507,984,419,0.8757,2026-08-04 07:17:39.297,2026-08-04 07:17:41.602
car_ID_6591,FLUSH,20691,car,984,409,958,426,0.5718,2026-08-04 07:18:02.834,2026-08-04 07:18:03.103
car_ID_6592,FLUSH,20692,car,960,424,960,424,0.5097,2026-08-04 07:18:03.103,2026-08-04 07:18:03.103
bus_ID_518,FLUSH,20691,bus,946,432,935,434,0.6640,2026-08-04 07:18:03.202,2026-08-04 07:18:03.297
truck_ID_1449,FLUSH,20691,truck,933,435,929,435,0.5759,2026-08-04 07:18:03.335,2026-08-04 07:18:03.366
truck_ID_1448,FLUSH,20670,truck,185,403,349,401,0.7744,2026-08-04 07:16:47.543,2026-08-04 07:18:04.999
bus_ID_519,FLUSH,20692,bus,920,436,427,472,0.8502,2026-08-04 07:18:03.435,2026-08-04 07:18:06.734
truck_ID_1450,FLUSH,20692,truck,351,467,209,457,0.6069,2026-08-04 07:18:06.933,2026-08-04 07:18:07.535
car_ID_6593,FLUSH,20694,car,30,447,30,447,0.5252,2026-08-04 07:18:08.703,2026-08-04 07:18:08.703
car_ID_6594,FLUSH,20695,car,969,448,392,498,0.8560,2026-08-04 07:18:15.433,2026-08-04 07:18:17.703
car_ID_6595,FLUSH,20697,car,68,490,22,483,0.5978,2026-08-04 07:18:18.966,2026-08-04 07:18:19.336
truck_ID_1451,FLUSH,20693,truck,357,402,975,373,0.7903,2026-08-04 07:18:07.440,2026-08-04 07:18:29.768
bicycle_ID_10,FLUSH,20704,bicycle,45,426,94,426,0.6330,2026-08-04 07:18:47.567,2026-08-04 07:18:47.903
motorcycle_ID_21,FLUSH,20704,motorcycle,108,424,108,424,0.5418,2026-08-04 07:18:48.000,2026-08-04 07:18:48.000
person_ID_51,FLUSH,20702,person,46,410,142,411,0.5475,2026-08-04 07:18:47.567,2026-08-04 07:18:48.268
motorcycle_ID_20,FLUSH,20701,motorcycle,19,418,153,427,0.5398,2026-08-04 07:18:47.267,2026-08-04 07:18:48.436
bicycle_ID_9,FLUSH,20701,bicycle,8,422,173,423,0.5986,2026-08-04 07:18:47.135,2026-08-04 07:18:48.471
person_ID_52,FLUSH,20701,person,176,416,176,416,0.5347,2026-08-04 07:18:48.504,2026-08-04 07:18:48.637
bicycle_ID_11,FLUSH,20706,bicycle,300,413,353,411,0.6036,2026-08-04 07:18:49.335,2026-08-04 07:18:49.635
person_ID_53,FLUSH,20706,person,320,410,357,410,0.5858,2026-08-04 07:18:49.437,2026-08-04 07:18:49.700
motorcycle_ID_22,FLUSH,20708,motorcycle,419,413,419,413,0.6630,2026-08-04 07:18:50.068,2026-08-04 07:18:50.068
person_ID_54,FLUSH,20709,person,449,408,850,389,0.5593,2026-08-04 07:18:50.304,2026-08-04 07:18:53.506
bicycle_ID_12,FLUSH,20708,bicycle,324,426,960,390,0.6080,2026-08-04 07:18:49.471,2026-08-04 07:18:55.136
car_ID_6596,FLUSH,20710,car,978,447,417,495,0.8573,2026-08-04 07:18:54.905,2026-08-04 07:18:57.039
car_ID_6597,FLUSH,20712,car,45,442,986,405,0.7891,2026-08-04 07:19:08.103,2026-08-04 07:19:11.669
bicycle_ID_13,FLUSH,20718,bicycle,963,478,495,532,0.7818,2026-08-04 07:19:32.205,2026-08-04 07:19:34.204
person_ID_55,FLUSH,20719,person,971,454,450,515,0.6952,2026-08-04 07:19:32.237,2026-08-04 07:19:34.837
motorcycle_ID_23,FLUSH,20721,motorcycle,24,422,76,424,0.6024,2026-08-04 07:19:36.372,2026-08-04 07:19:36.705
bicycle_ID_14,FLUSH,20721,bicycle,14,424,83,425,0.5411,2026-08-04 07:19:36.269,2026-08-04 07:19:36.738
bicycle_ID_15,FLUSH,20722,bicycle,21,421,21,421,0.6060,2026-08-04 07:19:36.408,2026-08-04 07:19:36.867
person_ID_56,FLUSH,20725,person,362,422,380,421,0.6404,2026-08-04 07:19:38.206,2026-08-04 07:19:38.312
motorcycle_ID_24,FLUSH,20725,motorcycle,399,421,439,423,0.5739,2026-08-04 07:19:38.376,2026-08-04 07:19:38.570
bicycle_ID_17,FLUSH,20726,bicycle,450,424,450,424,0.5525,2026-08-04 07:19:38.638,2026-08-04 07:19:39.105
person_ID_57,FLUSH,20727,person,460,413,497,413,0.5511,2026-08-04 07:19:38.671,2026-08-04 07:19:39.339
motorcycle_ID_25,FLUSH,20725,motorcycle,709,405,791,400,0.6363,2026-08-04 07:19:40.073,2026-08-04 07:19:40.606
bicycle_ID_16,FLUSH,20725,bicycle,346,425,933,392,0.5720,2026-08-04 07:19:38.173,2026-08-04 07:19:41.639
person_ID_58,FLUSH,20731,person,16,375,262,376,0.6347,2026-08-04 07:19:58.973,2026-08-04 07:20:03.341
motorcycle_ID_26,FLUSH,20739,motorcycle,32,422,69,424,0.5908,2026-08-04 07:20:10.140,2026-08-04 07:20:10.409
bicycle_ID_18,FLUSH,20740,bicycle,36,423,69,424,0.5712,2026-08-04 07:20:10.171,2026-08-04 07:20:10.409
motorcycle_ID_27,FLUSH,20740,motorcycle,59,424,85,423,0.6265,2026-08-04 07:20:10.340,2026-08-04 07:20:10.508
person_ID_60,FLUSH,20738,person,26,408,89,409,0.5718,2026-08-04 07:20:10.107,2026-08-04 07:20:10.542
bicycle_ID_19,FLUSH,20741,bicycle,8,426,15,423,0.5454,2026-08-04 07:20:10.475,2026-08-04 07:20:10.542
bicycle_ID_20,FLUSH,20739,bicycle,88,425,88,425,0.6595,2026-08-04 07:20:10.542,2026-08-04 07:20:10.542
motorcycle_ID_28,FLUSH,20741,motorcycle,20,420,20,420,0.5276,2026-08-04 07:20:10.607,2026-08-04 07:20:10.607
motorcycle_ID_29,FLUSH,20742,motorcycle,33,423,45,428,0.5894,2026-08-04 07:20:10.739,2026-08-04 07:20:10.840
motorcycle_ID_30,FLUSH,20740,motorcycle,368,423,368,423,0.7521,2026-08-04 07:20:12.774,2026-08-04 07:20:12.774
person_ID_62,FLUSH,20740,person,364,422,530,412,0.5327,2026-08-04 07:20:12.742,2026-08-04 07:20:13.707
bicycle_ID_22,FLUSH,20747,bicycle,555,419,733,407,0.5706,2026-08-04 07:20:13.273,2026-08-04 07:20:14.543
motorcycle_ID_33,FLUSH,20744,motorcycle,686,411,783,403,0.5803,2026-08-04 07:20:14.107,2026-08-04 07:20:14.808
motorcycle_ID_31,FLUSH,20746,motorcycle,395,433,799,399,0.6409,2026-08-04 07:20:12.941,2026-08-04 07:20:15.471
motorcycle_ID_32,FLUSH,20747,motorcycle,494,419,779,403,0.5269,2026-08-04 07:20:12.975,2026-08-04 07:20:15.471
person_ID_59,FLUSH,20735,person,308,374,935,361,0.6694,2026-08-04 07:20:04.039,2026-08-04 07:20:15.840
bicycle_ID_21,FLUSH,20744,bicycle,406,427,933,394,0.6101,2026-08-04 07:20:12.407,2026-08-04 07:20:16.008
person_ID_63,FLUSH,20746,person,814,395,879,393,0.5547,2026-08-04 07:20:15.573,2026-08-04 07:20:16.106
bicycle_ID_23,FLUSH,20746,bicycle,896,393,896,393,0.5917,2026-08-04 07:20:16.242,2026-08-04 07:20:16.242
person_ID_61,FLUSH,20743,person,331,414,968,385,0.6193,2026-08-04 07:20:12.007,2026-08-04 07:20:16.276
person_ID_64,FLUSH,20749,person,987,359,997,360,0.5377,2026-08-04 07:20:17.171,2026-08-04 07:20:17.442
car_ID_6598,FLUSH,20751,car,989,391,964,405,0.6508,2026-08-04 07:20:22.572,2026-08-04 07:20:22.808
truck_ID_1452,FLUSH,20751,truck,951,413,378,453,0.7544,2026-08-04 07:20:22.871,2026-08-04 07:20:25.411
truck_ID_1453,FLUSH,20752,truck,906,443,502,473,0.5776,2026-08-04 07:20:24.272,2026-08-04 07:20:25.608
car_ID_6599,FLUSH,20753,car,973,446,452,492,0.8130,2026-08-04 07:20:25.941,2026-08-04 07:20:28.309
bicycle_ID_24,FLUSH,20759,bicycle,12,417,26,416,0.5784,2026-08-04 07:20:42.839,2026-08-04 07:20:43.009
bicycle_ID_25,FLUSH,20760,bicycle,30,424,92,426,0.6362,2026-08-04 07:20:43.077,2026-08-04 07:20:43.476
person_ID_65,FLUSH,20759,person,26,409,160,411,0.5958,2026-08-04 07:20:43.077,2026-08-04 07:20:43.979
car_ID_6600,FLUSH,20761,car,32,461,97,463,0.7255,2026-08-04 07:20:44.144,2026-08-04 07:20:44.410
motorcycle_ID_34,FLUSH,20769,motorcycle,923,495,923,495,0.6453,2026-08-04 07:20:46.679,2026-08-04 07:20:46.679
car_ID_6601,FLUSH,20763,car,374,455,993,395,0.7995,2026-08-04 07:20:45.009,2026-08-04 07:20:47.341
bicycle_ID_26,FLUSH,20766,bicycle,433,422,740,406,0.5585,2026-08-04 07:20:45.640,2026-08-04 07:20:47.740
motorcycle_ID_35,FLUSH,20768,motorcycle,499,537,499,537,0.6024,2026-08-04 07:20:48.379,2026-08-04 07:20:48.379
person_ID_67,FLUSH,20767,person,961,474,470,519,0.7258,2026-08-04 07:20:46.479,2026-08-04 07:20:48.477
bicycle_ID_27,FLUSH,20768,bicycle,956,490,470,542,0.7246,2026-08-04 07:20:46.479,2026-08-04 07:20:48.943
person_ID_66,FLUSH,20765,person,355,408,967,388,0.6003,2026-08-04 07:20:45.178,2026-08-04 07:20:49.614
bicycle_ID_28,FLUSH,20770,bicycle,824,403,963,399,0.5568,2026-08-04 07:20:48.379,2026-08-04 07:20:49.647
motorcycle_ID_36,FLUSH,20765,motorcycle,986,388,986,388,0.5953,2026-08-04 07:20:49.810,2026-08-04 07:20:49.810
car_ID_6602,FLUSH,20772,car,976,446,441,497,0.8021,2026-08-04 07:21:00.209,2026-08-04 07:21:02.547
car_ID_6603,FLUSH,20774,car,43,438,991,397,0.8249,2026-08-04 07:21:12.578,2026-08-04 07:21:17.043
car_ID_6604,FLUSH,20777,car,85,456,85,456,0.6078,2026-08-04 07:21:26.378,2026-08-04 07:21:26.843
car_ID_6605,FLUSH,20778,car,409,455,991,402,0.8136,2026-08-04 07:21:27.346,2026-08-04 07:21:30.612
motorcycle_ID_37,FLUSH,20780,motorcycle,38,426,71,425,0.5926,2026-08-04 07:21:32.412,2026-08-04 07:21:32.581
motorcycle_ID_38,FLUSH,20782,motorcycle,56,426,56,426,0.6274,2026-08-04 07:21:32.510,2026-08-04 07:21:32.581
bicycle_ID_29,FLUSH,20780,bicycle,18,419,78,427,0.6602,2026-08-04 07:21:32.242,2026-08-04 07:21:32.613
person_ID_68,FLUSH,20781,person,36,412,82,412,0.5448,2026-08-04 07:21:32.443,2026-08-04 07:21:32.645
bicycle_ID_30,FLUSH,20782,bicycle,86,428,86,428,0.5169,2026-08-04 07:21:32.645,2026-08-04 07:21:33.111
motorcycle_ID_39,FLUSH,20786,motorcycle,395,427,519,418,0.6004,2026-08-04 07:21:34.079,2026-08-04 07:21:34.678
bicycle_ID_31,FLUSH,20786,bicycle,391,429,720,404,0.5605,2026-08-04 07:21:34.043,2026-08-04 07:21:35.780
motorcycle_ID_40,FLUSH,20786,motorcycle,732,404,732,404,0.5561,2026-08-04 07:21:35.844,2026-08-04 07:21:35.844
person_ID_69,FLUSH,20785,person,364,410,786,393,0.5708,2026-08-04 07:21:33.947,2026-08-04 07:21:36.241
bicycle_ID_32,FLUSH,20785,bicycle,896,400,907,401,0.5294,2026-08-04 07:21:36.912,2026-08-04 07:21:36.980
person_ID_70,FLUSH,20786,person,801,395,914,389,0.5897,2026-08-04 07:21:36.280,2026-08-04 07:21:37.013
bicycle_ID_33,FLUSH,20786,bicycle,930,392,934,392,0.5258,2026-08-04 07:21:37.149,2026-08-04 07:21:37.183
bicycle_ID_34,FLUSH,20789,bicycle,12,421,26,419,0.6573,2026-08-04 07:21:50.581,2026-08-04 07:21:50.714
motorcycle_ID_41,FLUSH,20789,motorcycle,34,425,59,427,0.5650,2026-08-04 07:21:50.781,2026-08-04 07:21:50.943
motorcycle_ID_42,FLUSH,20790,motorcycle,38,425,74,427,0.5638,2026-08-04 07:21:50.813,2026-08-04 07:21:51.043
bicycle_ID_35,FLUSH,20790,bicycle,78,427,84,428,0.6131,2026-08-04 07:21:51.080,2026-08-04 07:21:51.143
person_ID_71,FLUSH,20791,person,42,415,69,415,0.5227,2026-08-04 07:21:50.880,2026-08-04 07:21:51.543
bicycle_ID_36,FLUSH,20794,bicycle,340,426,340,426,0.6060,2026-08-04 07:21:52.812,2026-08-04 07:21:52.812
bicycle_ID_38,FLUSH,20797,bicycle,592,422,643,421,0.5686,2026-08-04 07:21:54.247,2026-08-04 07:21:54.578
motorcycle_ID_44,FLUSH,20797,motorcycle,657,418,662,418,0.6505,2026-08-04 07:21:54.681,2026-08-04 07:21:54.712
motorcycle_ID_43,FLUSH,20794,motorcycle,385,425,767,409,0.6722,2026-08-04 07:21:52.947,2026-08-04 07:21:55.481
person_ID_72,FLUSH,20796,person,575,409,966,389,0.5625,2026-08-04 07:21:54.149,2026-08-04 07:21:57.113
bicycle_ID_37,FLUSH,20794,bicycle,540,425,956,400,0.5780,2026-08-04 07:21:53.916,2026-08-04 07:21:57.113
bicycle_ID_39,FLUSH,20799,bicycle,24,413,28,413,0.5899,2026-08-04 07:21:59.944,2026-08-04 07:22:00.011
motorcycle_ID_45,FLUSH,20800,motorcycle,47,421,71,421,0.5840,2026-08-04 07:22:00.181,2026-08-04 07:22:00.482
bicycle_ID_41,FLUSH,20801,bicycle,63,422,92,422,0.6399,2026-08-04 07:22:00.314,2026-08-04 07:22:00.545
person_ID_73,FLUSH,20799,person,42,410,122,413,0.5512,2026-08-04 07:22:00.181,2026-08-04 07:22:00.846
bicycle_ID_40,FLUSH,20800,bicycle,39,421,88,423,0.5268,2026-08-04 07:22:00.116,2026-08-04 07:22:00.980
motorcycle_ID_46,FLUSH,20799,motorcycle,157,417,157,417,0.5169,2026-08-04 07:22:01.080,2026-08-04 07:22:01.080
motorcycle_ID_47,FLUSH,20804,motorcycle,21,440,21,440,0.5169,2026-08-04 07:22:01.843,2026-08-04 07:22:01.843
bicycle_ID_42,FLUSH,20804,bicycle,18,442,25,438,0.7521,2026-08-04 07:22:01.812,2026-08-04 07:22:01.880
motorcycle_ID_48,FLUSH,20805,motorcycle,58,448,58,448,0.6630,2026-08-04 07:22:02.042,2026-08-04 07:22:02.042
motorcycle_ID_49,FLUSH,20806,motorcycle,51,446,51,446,0.5525,2026-08-04 07:22:02.042,2026-08-04 07:22:02.042
bicycle_ID_44,FLUSH,20806,bicycle,65,449,65,449,0.5454,2026-08-04 07:22:02.081,2026-08-04 07:22:02.081
bicycle_ID_43,FLUSH,20805,bicycle,30,447,82,452,0.6862,2026-08-04 07:22:01.947,2026-08-04 07:22:02.146
person_ID_74,FLUSH,20804,person,22,435,55,436,0.5514,2026-08-04 07:22:01.913,2026-08-04 07:22:02.548
person_ID_75,FLUSH,20806,person,68,442,71,440,0.5171,2026-08-04 07:22:02.113,2026-08-04 07:22:02.613
motorcycle_ID_50,FLUSH,20808,motorcycle,401,415,433,416,0.6024,2026-08-04 07:22:02.781,2026-08-04 07:22:03.047
person_ID_76,FLUSH,20805,person,86,445,190,432,0.5848,2026-08-04 07:22:02.178,2026-08-04 07:22:03.079
person_ID_78,FLUSH,20808,person,458,406,482,404,0.5157,2026-08-04 07:22:03.213,2026-08-04 07:22:03.379
person_ID_77,FLUSH,20810,person,321,432,572,414,0.5817,2026-08-04 07:22:03.113,2026-08-04 07:22:04.044
motorcycle_ID_52,FLUSH,20809,motorcycle,496,434,580,430,0.5161,2026-08-04 07:22:03.713,2026-08-04 07:22:04.084
motorcycle_ID_51,FLUSH,20812,motorcycle,412,437,743,427,0.6226,2026-08-04 07:22:03.379,2026-08-04 07:22:04.747
bicycle_ID_45,FLUSH,20812,bicycle,382,444,750,427,0.5632,2026-08-04 07:22:03.282,2026-08-04 07:22:04.779
bicycle_ID_47,FLUSH,20810,bicycle,676,407,676,407,0.5097,2026-08-04 07:22:04.843,2026-08-04 07:22:04.843
motorcycle_ID_54,FLUSH,20815,motorcycle,837,422,837,422,0.5240,2026-08-04 07:22:05.213,2026-08-04 07:22:05.280
person_ID_80,FLUSH,20816,person,729,396,729,396,0.5561,2026-08-04 07:22:05.313,2026-08-04 07:22:05.313
bicycle_ID_48,FLUSH,20815,bicycle,823,425,868,421,0.5543,2026-08-04 07:22:05.145,2026-08-04 07:22:05.379
person_ID_79,FLUSH,20809,person,621,422,897,407,0.5894,2026-08-04 07:22:04.214,2026-08-04 07:22:05.513
bicycle_ID_46,FLUSH,20813,bicycle,668,432,899,420,0.5742,2026-08-04 07:22:04.413,2026-08-04 07:22:05.545
motorcycle_ID_53,FLUSH,20813,motorcycle,622,433,952,408,0.6358,2026-08-04 07:22:04.245,2026-08-04 07:22:05.844
motorcycle_ID_55,FLUSH,20810,motorcycle,770,403,792,398,0.6084,2026-08-04 07:22:05.644,2026-08-04 07:22:05.879
person_ID_81,FLUSH,20810,person,859,392,866,391,0.5288,2026-08-04 07:22:06.444,2026-08-04 07:22:06.514
bicycle_ID_49,FLUSH,20816,bicycle,866,401,963,394,0.5206,2026-08-04 07:22:06.550,2026-08-04 07:22:07.981
motorcycle_ID_56,FLUSH,20824,motorcycle,971,461,967,462,0.7628,2026-08-04 07:22:28.382,2026-08-04 07:22:28.414
motorcycle_ID_58,FLUSH,20827,motorcycle,817,484,817,484,0.5062,2026-08-04 07:22:29.151,2026-08-04 07:22:29.614
person_ID_82,FLUSH,20824,person,970,458,680,480,0.6324,2026-08-04 07:22:28.450,2026-08-04 07:22:29.720
bicycle_ID_52,FLUSH,20829,bicycle,638,493,638,493,0.5097,2026-08-04 07:22:29.850,2026-08-04 07:22:29.884
bicycle_ID_51,FLUSH,20828,bicycle,723,490,723,490,0.5596,2026-08-04 07:22:29.550,2026-08-04 07:22:30.018
bicycle_ID_50,FLUSH,20825,bicycle,839,481,578,498,0.6224,2026-08-04 07:22:29.053,2026-08-04 07:22:30.049
motorcycle_ID_57,FLUSH,20825,motorcycle,960,469,490,505,0.6769,2026-08-04 07:22:28.483,2026-08-04 07:22:30.350
person_ID_83,FLUSH,20829,person,623,486,486,489,0.5779,2026-08-04 07:22:29.914,2026-08-04 07:22:30.852
person_ID_84,FLUSH,20825,person,466,493,466,493,0.6274,2026-08-04 07:22:30.451,2026-08-04 07:22:30.916
motorcycle_ID_59,FLUSH,20833,motorcycle,970,464,938,475,0.6915,2026-08-04 07:23:28.985,2026-08-04 07:23:29.252
motorcycle_ID_61,FLUSH,20834,motorcycle,841,488,633,514,0.6010,2026-08-04 07:23:29.756,2026-08-04 07:23:30.653
motorcycle_ID_60,FLUSH,20835,motorcycle,881,483,625,515,0.6200,2026-08-04 07:23:29.583,2026-08-04 07:23:30.685
bicycle_ID_53,FLUSH,20834,bicycle,932,476,625,515,0.7159,2026-08-04 07:23:29.286,2026-08-04 07:23:31.152
bicycle_ID_54,FLUSH,20835,bicycle,770,497,469,530,0.6400,2026-08-04 07:23:30.084,2026-08-04 07:23:31.718
person_ID_85,FLUSH,20833,person,910,466,451,521,0.5843,2026-08-04 07:23:29.418,2026-08-04 07:23:31.787
motorcycle_ID_62,FLUSH,20839,motorcycle,958,482,770,508,0.6461,2026-08-04 07:23:46.485,2026-08-04 07:23:47.222
motorcycle_ID_63,FLUSH,20840,motorcycle,872,497,872,497,0.5989,2026-08-04 07:23:46.918,2026-08-04 07:23:47.386
bicycle_ID_55,FLUSH,20839,bicycle,950,484,554,522,0.7750,2026-08-04 07:23:46.516,2026-08-04 07:23:47.886
bicycle_ID_56,FLUSH,20843,bicycle,542,521,523,523,0.5490,2026-08-04 07:23:47.952,2026-08-04 07:23:47.986
person_ID_86,FLUSH,20838,person,967,466,487,504,0.7170,2026-08-04 07:23:46.453,2026-08-04 07:23:48.086
motorcycle_ID_64,FLUSH,20843,motorcycle,510,523,498,526,0.5117,2026-08-04 07:23:48.017,2026-08-04 07:23:48.517
car_ID_6606,FLUSH,20841,car,319,334,319,334,0.5026,2026-08-04 07:24:21.354,2026-08-04 07:24:21.386
car_ID_6607,FLUSH,20844,car,17,412,17,412,0.5490,2026-08-04 07:24:27.254,2026-08-04 07:24:27.254
bus_ID_521,FLUSH,20845,bus,33,416,33,416,0.5703,2026-08-04 07:24:27.386,2026-08-04 07:24:27.591
bus_ID_520,FLUSH,20844,bus,24,412,72,422,0.6011,2026-08-04 07:24:27.323,2026-08-04 07:24:27.687
truck_ID_1454,FLUSH,20845,truck,67,421,93,424,0.6422,2026-08-04 07:24:27.656,2026-08-04 07:24:27.855
truck_ID_1455,FLUSH,20844,truck,97,424,198,419,0.6160,2026-08-04 07:24:27.887,2026-08-04 07:24:28.655
bus_ID_522,FLUSH,20844,bus,209,418,293,418,0.6342,2026-08-04 07:24:28.723,2026-08-04 07:24:29.485
bus_ID_524,FLUSH,20846,bus,271,416,271,416,0.5815,2026-08-04 07:24:30.356,2026-08-04 07:24:30.356
bus_ID_525,FLUSH,20848,bus,935,391,935,391,0.5027,2026-08-04 07:24:32.056,2026-08-04 07:24:32.526
bus_ID_523,FLUSH,20845,bus,229,419,959,383,0.8337,2026-08-04 07:24:28.889,2026-08-04 07:24:33.557
bicycle_ID_57,FLUSH,20849,bicycle,48,420,48,420,0.5204,2026-08-04 07:24:42.023,2026-08-04 07:24:42.023
person_ID_87,FLUSH,20850,person,52,412,139,415,0.6012,2026-08-04 07:24:42.086,2026-08-04 07:24:42.556
car_ID_6608,FLUSH,20847,car,319,334,318,334,0.5276,2026-08-04 07:24:42.456,2026-08-04 07:24:44.189
person_ID_89,FLUSH,20853,person,466,416,466,416,0.5525,2026-08-04 07:24:44.224,2026-08-04 07:24:44.687
person_ID_88,FLUSH,20851,person,379,420,867,394,0.5894,2026-08-04 07:24:43.757,2026-08-04 07:24:46.422
bicycle_ID_58,FLUSH,20851,bicycle,944,396,949,396,0.5694,2026-08-04 07:24:46.924,2026-08-04 07:24:46.956
motorcycle_ID_65,FLUSH,20851,motorcycle,981,396,981,396,0.5561,2026-08-04 07:24:47.156,2026-08-04 07:24:47.156
bicycle_ID_59,FLUSH,20856,bicycle,22,433,22,433,0.7842,2026-08-04 07:24:48.523,2026-08-04 07:24:48.523
bicycle_ID_60,FLUSH,20857,bicycle,26,434,26,434,0.5062,2026-08-04 07:24:48.556,2026-08-04 07:24:48.556
motorcycle_ID_67,FLUSH,20857,motorcycle,30,433,86,433,0.6927,2026-08-04 07:24:48.591,2026-08-04 07:24:48.856
person_ID_90,FLUSH,20857,person,104,432,104,432,0.6309,2026-08-04 07:24:48.959,2026-08-04 07:24:49.026
motorcycle_ID_66,FLUSH,20856,motorcycle,18,435,26,433,0.5786,2026-08-04 07:24:48.492,2026-08-04 07:24:49.026
bicycle_ID_61,FLUSH,20858,bicycle,297,430,483,431,0.6892,2026-08-04 07:24:49.823,2026-08-04 07:24:50.592
motorcycle_ID_68,FLUSH,20858,motorcycle,393,425,489,426,0.5757,2026-08-04 07:24:50.192,2026-08-04 07:24:50.623
person_ID_91,FLUSH,20861,person,625,410,676,408,0.5294,2026-08-04 07:24:51.290,2026-08-04 07:24:51.560
motorcycle_ID_70,FLUSH,20861,motorcycle,611,415,706,408,0.5632,2026-08-04 07:24:51.225,2026-08-04 07:24:51.724
bicycle_ID_63,FLUSH,20861,bicycle,682,408,718,408,0.5109,2026-08-04 07:24:51.593,2026-08-04 07:24:51.891
motorcycle_ID_69,FLUSH,20860,motorcycle,502,418,796,402,0.6485,2026-08-04 07:24:50.687,2026-08-04 07:24:52.255
person_ID_92,FLUSH,20862,person,813,396,917,384,0.5779,2026-08-04 07:24:52.359,2026-08-04 07:24:53.089
bicycle_ID_62,FLUSH,20860,bicycle,559,427,957,388,0.5741,2026-08-04 07:24:50.957,2026-08-04 07:24:53.390
car_ID_6609,FLUSH,20847,car,320,334,320,334,0.5258,2026-08-04 07:25:00.225,2026-08-04 07:25:01.593
car_ID_6611,FLUSH,20847,car,319,334,319,334,0.5311,2026-08-04 07:25:02.689,2026-08-04 07:25:02.689
car_ID_6610,FLUSH,20863,car,38,445,990,398,0.8474,2026-08-04 07:25:00.358,2026-08-04 07:25:03.989
bicycle_ID_64,FLUSH,20868,bicycle,57,421,57,421,0.5525,2026-08-04 07:25:20.759,2026-08-04 07:25:20.759
person_ID_93,FLUSH,20867,person,50,410,149,414,0.5495,2026-08-04 07:25:20.758,2026-08-04 07:25:21.228
bicycle_ID_65,FLUSH,20867,bicycle,166,415,166,415,0.5169,2026-08-04 07:25:21.294,2026-08-04 07:25:21.294
car_ID_6612,FLUSH,20847,car,319,334,319,334,0.5490,2026-08-04 07:25:21.926,2026-08-04 07:25:21.926
person_ID_94,FLUSH,20871,person,306,417,657,406,0.5865,2026-08-04 07:25:21.926,2026-08-04 07:25:23.457
bicycle_ID_66,FLUSH,20872,bicycle,330,431,703,414,0.5882,2026-08-04 07:25:22.026,2026-08-04 07:25:23.688
motorcycle_ID_71,FLUSH,20872,motorcycle,426,426,754,411,0.5828,2026-08-04 07:25:22.425,2026-08-04 07:25:23.958
motorcycle_ID_72,FLUSH,20871,motorcycle,773,421,778,420,0.5240,2026-08-04 07:25:24.058,2026-08-04 07:25:24.089
bicycle_ID_67,FLUSH,20871,bicycle,825,411,949,402,0.5873,2026-08-04 07:25:24.358,2026-08-04 07:25:25.157
person_ID_95,FLUSH,20872,person,781,408,969,394,0.5423,2026-08-04 07:25:24.089,2026-08-04 07:25:25.290
bicycle_ID_68,FLUSH,20879,bicycle,545,379,545,379,0.5418,2026-08-04 07:25:54.158,2026-08-04 07:25:54.158
person_ID_96,FLUSH,20876,person,939,358,302,368,0.6186,2026-08-04 07:25:49.456,2026-08-04 07:25:56.328
person_ID_97,FLUSH,20882,person,182,366,41,367,0.5770,2026-08-04 07:25:57.457,2026-08-04 07:25:58.994
motorcycle_ID_73,FLUSH,20884,motorcycle,41,434,44,434,0.6131,2026-08-04 07:26:06.059,2026-08-04 07:26:06.095
bicycle_ID_69,FLUSH,20884,bicycle,10,438,67,442,0.6397,2026-08-04 07:26:05.857,2026-08-04 07:26:06.173
bicycle_ID_70,FLUSH,20886,bicycle,450,434,450,434,0.5632,2026-08-04 07:26:07.727,2026-08-04 07:26:07.727
bicycle_ID_71,FLUSH,20887,bicycle,460,431,460,431,0.5204,2026-08-04 07:26:07.790,2026-08-04 07:26:07.790
bicycle_ID_72,FLUSH,20886,bicycle,702,418,850,412,0.6441,2026-08-04 07:26:08.829,2026-08-04 07:26:09.629
bicycle_ID_74,FLUSH,20890,bicycle,858,411,858,411,0.5418,2026-08-04 07:26:09.629,2026-08-04 07:26:09.629
bicycle_ID_73,FLUSH,20889,bicycle,31,419,123,422,0.5688,2026-08-04 07:26:09.265,2026-08-04 07:26:10.091
person_ID_98,FLUSH,20888,person,48,409,128,413,0.5507,2026-08-04 07:26:09.430,2026-08-04 07:26:10.131
motorcycle_ID_74,FLUSH,20886,motorcycle,402,432,895,410,0.6202,2026-08-04 07:26:07.526,2026-08-04 07:26:10.293
motorcycle_ID_75,FLUSH,20890,motorcycle,902,409,973,406,0.5928,2026-08-04 07:26:09.858,2026-08-04 07:26:10.293
person_ID_99,FLUSH,20893,person,410,407,446,405,0.6445,2026-08-04 07:26:12.228,2026-08-04 07:26:12.497
person_ID_100,FLUSH,20893,person,580,404,629,402,0.5406,2026-08-04 07:26:13.532,2026-08-04 07:26:13.993
bicycle_ID_75,FLUSH,20895,bicycle,563,413,789,408,0.5888,2026-08-04 07:26:13.391,2026-08-04 07:26:15.295
motorcycle_ID_76,FLUSH,20896,motorcycle,736,403,835,408,0.5605,2026-08-04 07:26:14.830,2026-08-04 07:26:15.692
motorcycle_ID_77,FLUSH,20895,motorcycle,753,406,902,406,0.6617,2026-08-04 07:26:14.960,2026-08-04 07:26:16.295
bicycle_ID_76,FLUSH,20896,bicycle,805,407,946,405,0.5992,2026-08-04 07:26:15.429,2026-08-04 07:26:16.694
bicycle_ID_77,FLUSH,20895,bicycle,910,406,910,406,0.5561,2026-08-04 07:26:16.364,2026-08-04 07:26:16.829
car_ID_6613,FLUSH,20903,car,980,443,404,501,0.8701,2026-08-04 07:26:47.930,2026-08-04 07:26:49.999
motorcycle_ID_78,FLUSH,20906,motorcycle,82,429,82,429,0.5596,2026-08-04 07:27:03.364,2026-08-04 07:27:03.364
bicycle_ID_78,FLUSH,20906,bicycle,16,423,149,434,0.6004,2026-08-04 07:27:02.931,2026-08-04 07:27:03.730
person_ID_101,FLUSH,20907,person,26,414,212,414,0.6461,2026-08-04 07:27:03.132,2026-08-04 07:27:04.331
bicycle_ID_80,FLUSH,20912,bicycle,420,430,420,430,0.5133,2026-08-04 07:27:05.062,2026-08-04 07:27:05.062
motorcycle_ID_80,FLUSH,20912,motorcycle,453,429,475,429,0.5226,2026-08-04 07:27:05.161,2026-08-04 07:27:05.731
bicycle_ID_81,FLUSH,20913,bicycle,589,423,601,423,0.5418,2026-08-04 07:27:05.832,2026-08-04 07:27:05.900
motorcycle_ID_81,FLUSH,20913,motorcycle,575,423,639,422,0.6747,2026-08-04 07:27:05.762,2026-08-04 07:27:06.567
bicycle_ID_82,FLUSH,20914,bicycle,728,414,728,414,0.6202,2026-08-04 07:27:06.632,2026-08-04 07:27:07.099
motorcycle_ID_79,FLUSH,20911,motorcycle,426,430,859,406,0.7020,2026-08-04 07:27:05.031,2026-08-04 07:27:07.432
motorcycle_ID_82,FLUSH,20915,motorcycle,798,409,798,409,0.5846,2026-08-04 07:27:07.035,2026-08-04 07:27:07.499
bicycle_ID_79,FLUSH,20911,bicycle,313,432,888,404,0.6193,2026-08-04 07:27:04.500,2026-08-04 07:27:07.632
bicycle_ID_83,FLUSH,20916,bicycle,882,402,934,401,0.5617,2026-08-04 07:27:07.599,2026-08-04 07:27:07.963
motorcycle_ID_83,FLUSH,20916,motorcycle,951,399,951,399,0.5311,2026-08-04 07:27:08.100,2026-08-04 07:27:08.100
person_ID_102,FLUSH,20910,person,275,419,972,382,0.6308,2026-08-04 07:27:04.365,2026-08-04 07:27:08.232
car_ID_6614,FLUSH,20918,car,961,328,987,340,0.5749,2026-08-04 07:27:15.334,2026-08-04 07:27:17.301
car_ID_6615,FLUSH,20918,car,993,341,1002,342,0.5645,2026-08-04 07:27:20.363,2026-08-04 07:27:22.032
car_ID_6616,FLUSH,20919,car,985,417,425,471,0.8495,2026-08-04 07:27:25.503,2026-08-04 07:27:28.266
car_ID_6617,FLUSH,20920,car,976,440,599,494,0.8304,2026-08-04 07:27:31.867,2026-08-04 07:27:33.204
bicycle_ID_85,FLUSH,20922,bicycle,28,414,28,414,0.5917,2026-08-04 07:27:36.999,2026-08-04 07:27:37.031
motorcycle_ID_84,FLUSH,20921,motorcycle,58,420,58,420,0.5490,2026-08-04 07:27:37.170,2026-08-04 07:27:37.170
bicycle_ID_84,FLUSH,20921,bicycle,16,414,142,421,0.6060,2026-08-04 07:27:36.800,2026-08-04 07:27:37.737
person_ID_103,FLUSH,20922,person,48,409,136,411,0.5879,2026-08-04 07:27:37.133,2026-08-04 07:27:38.168
bicycle_ID_86,FLUSH,20924,bicycle,262,415,457,427,0.6215,2026-08-04 07:27:38.536,2026-08-04 07:27:39.532
motorcycle_ID_85,FLUSH,20924,motorcycle,397,428,476,425,0.6003,2026-08-04 07:27:39.200,2026-08-04 07:27:39.637
bicycle_ID_87,FLUSH,20926,bicycle,558,424,615,421,0.6553,2026-08-04 07:27:40.100,2026-08-04 07:27:40.436
motorcycle_ID_86,FLUSH,20926,motorcycle,488,428,636,421,0.6652,2026-08-04 07:27:39.704,2026-08-04 07:27:40.569
motorcycle_ID_87,FLUSH,20928,motorcycle,542,425,668,417,0.5490,2026-08-04 07:27:40.032,2026-08-04 07:27:40.770
person_ID_104,FLUSH,20925,person,381,420,917,390,0.5619,2026-08-04 07:27:39.132,2026-08-04 07:27:42.568
bicycle_ID_88,FLUSH,20928,bicycle,700,416,980,390,0.6177,2026-08-04 07:27:40.969,2026-08-04 07:27:43.102
car_ID_6618,FLUSH,20932,car,976,444,417,489,0.8090,2026-08-04 07:27:51.802,2026-08-04 07:27:54.132
bicycle_ID_89,FLUSH,20934,bicycle,44,418,140,422,0.5894,2026-08-04 07:28:05.102,2026-08-04 07:28:05.671
person_ID_105,FLUSH,20935,person,29,405,175,407,0.5917,2026-08-04 07:28:05.103,2026-08-04 07:28:05.940
bicycle_ID_90,FLUSH,20938,bicycle,309,417,309,417,0.5561,2026-08-04 07:28:06.673,2026-08-04 07:28:06.673
person_ID_107,FLUSH,20939,person,313,405,313,405,0.5097,2026-08-04 07:28:06.737,2026-08-04 07:28:06.737
car_ID_6619,FLUSH,20937,car,971,455,433,503,0.8746,2026-08-04 07:28:06.070,2026-08-04 07:28:07.902
motorcycle_ID_88,FLUSH,20939,motorcycle,781,404,791,403,0.5507,2026-08-04 07:28:09.400,2026-08-04 07:28:09.470
bicycle_ID_91,FLUSH,20939,bicycle,336,416,825,403,0.6308,2026-08-04 07:28:06.770,2026-08-04 07:28:09.701
bicycle_ID_92,FLUSH,20940,bicycle,787,404,901,401,0.5529,2026-08-04 07:28:09.433,2026-08-04 07:28:10.269
person_ID_106,FLUSH,20938,person,325,406,967,383,0.6208,2026-08-04 07:28:06.737,2026-08-04 07:28:10.767
bicycle_ID_93,FLUSH,20941,bicycle,928,396,962,395,0.5693,2026-08-04 07:28:10.502,2026-08-04 07:28:10.767
motorcycle_ID_89,FLUSH,20941,motorcycle,977,395,977,395,0.6452,2026-08-04 07:28:10.902,2026-08-04 07:28:10.902
bicycle_ID_94,FLUSH,20942,bicycle,15,428,20,426,0.6416,2026-08-04 07:28:13.734,2026-08-04 07:28:13.771
person_ID_108,FLUSH,20943,person,28,420,63,420,0.5703,2026-08-04 07:28:13.938,2026-08-04 07:28:14.103
motorcycle_ID_90,FLUSH,20942,motorcycle,27,423,76,431,0.6742,2026-08-04 07:28:13.833,2026-08-04 07:28:14.103
bicycle_ID_96,FLUSH,20948,bicycle,464,428,464,428,0.5632,2026-08-04 07:28:15.770,2026-08-04 07:28:15.770
motorcycle_ID_92,FLUSH,20948,motorcycle,409,431,644,418,0.6309,2026-08-04 07:28:15.603,2026-08-04 07:28:16.604
motorcycle_ID_91,FLUSH,20946,motorcycle,386,431,657,418,0.5752,2026-08-04 07:28:15.435,2026-08-04 07:28:16.671
bicycle_ID_95,FLUSH,20946,bicycle,319,434,963,400,0.5943,2026-08-04 07:28:15.202,2026-08-04 07:28:18.473
person_ID_109,FLUSH,20945,person,311,423,976,389,0.5995,2026-08-04 07:28:15.170,2026-08-04 07:28:18.571
car_ID_6620,FLUSH,20949,car,970,329,970,329,0.5525,2026-08-04 07:28:20.002,2026-08-04 07:28:20.002
motorcycle_ID_93,FLUSH,20950,motorcycle,969,470,969,470,0.6559,2026-08-04 07:28:25.204,2026-08-04 07:28:25.204
bicycle_ID_97,FLUSH,20952,bicycle,940,483,923,485,0.6975,2026-08-04 07:28:25.342,2026-08-04 07:28:25.405
bicycle_ID_98,FLUSH,20951,bicycle,905,489,507,534,0.7487,2026-08-04 07:28:25.470,2026-08-04 07:28:26.636
person_ID_110,FLUSH,20950,person,966,465,493,510,0.6346,2026-08-04 07:28:25.238,2026-08-04 07:28:27.136
bicycle_ID_99,FLUSH,20954,bicycle,12,414,23,411,0.5810,2026-08-04 07:28:29.104,2026-08-04 07:28:29.174
motorcycle_ID_94,FLUSH,20955,motorcycle,75,419,112,417,0.6256,2026-08-04 07:28:29.473,2026-08-04 07:28:29.671
bicycle_ID_100,FLUSH,20955,bicycle,33,419,159,418,0.6185,2026-08-04 07:28:29.272,2026-08-04 07:28:29.903
bicycle_ID_101,FLUSH,20957,bicycle,334,413,340,415,0.5097,2026-08-04 07:28:30.733,2026-08-04 07:28:30.771
bicycle_ID_102,FLUSH,20958,bicycle,357,417,357,417,0.5062,2026-08-04 07:28:30.871,2026-08-04 07:28:30.871
car_ID_6621,FLUSH,20953,car,974,443,429,488,0.8639,2026-08-04 07:28:28.602,2026-08-04 07:28:31.202
person_ID_111,FLUSH,20958,person,405,407,644,401,0.5232,2026-08-04 07:28:31.104,2026-08-04 07:28:32.333
person_ID_112,FLUSH,20960,person,716,397,779,395,0.5392,2026-08-04 07:28:32.772,2026-08-04 07:28:33.143
person_ID_113,FLUSH,20961,person,813,392,813,392,0.5062,2026-08-04 07:28:33.371,2026-08-04 07:28:33.371
bicycle_ID_103,FLUSH,20959,bicycle,393,418,854,399,0.5820,2026-08-04 07:28:31.072,2026-08-04 07:28:33.638
bicycle_ID_104,FLUSH,20961,bicycle,952,385,952,385,0.5062,2026-08-04 07:28:34.372,2026-08-04 07:28:34.372
car_ID_6622,FLUSH,20963,car,29,427,91,429,0.6857,2026-08-04 07:28:41.670,2026-08-04 07:28:42.604
car_ID_6623,FLUSH,20964,car,294,423,425,420,0.7188,2026-08-04 07:28:42.905,2026-08-04 07:28:43.304
truck_ID_1457,FLUSH,20965,truck,628,414,664,412,0.5740,2026-08-04 07:28:44.004,2026-08-04 07:28:44.134
motorcycle_ID_95,FLUSH,20966,motorcycle,959,482,959,482,0.5169,2026-08-04 07:28:44.773,2026-08-04 07:28:44.773
bus_ID_526,FLUSH,20964,bus,932,395,962,393,0.6314,2026-08-04 07:28:45.334,2026-08-04 07:28:45.603
truck_ID_1456,FLUSH,20964,truck,436,421,968,392,0.5503,2026-08-04 07:28:43.336,2026-08-04 07:28:45.673
car_ID_6625,FLUSH,20964,car,778,406,975,391,0.7147,2026-08-04 07:28:44.603,2026-08-04 07:28:45.740
car_ID_6624,FLUSH,20965,car,434,421,981,388,0.6158,2026-08-04 07:28:43.337,2026-08-04 07:28:45.803
motorcycle_ID_96,FLUSH,20966,motorcycle,642,522,642,522,0.5418,2026-08-04 07:28:46.073,2026-08-04 07:28:46.073
bicycle_ID_106,FLUSH,20969,bicycle,670,521,507,531,0.6744,2026-08-04 07:28:46.042,2026-08-04 07:28:46.504
person_ID_114,FLUSH,20967,person,964,468,487,517,0.6698,2026-08-04 07:28:44.836,2026-08-04 07:28:47.035
bicycle_ID_105,FLUSH,20966,bicycle,954,484,485,533,0.7238,2026-08-04 07:28:44.805,2026-08-04 07:28:47.036
car_ID_6626,FLUSH,20970,car,981,445,382,486,0.8191,2026-08-04 07:28:46.104,2026-08-04 07:28:48.870
bicycle_ID_107,FLUSH,20972,bicycle,946,472,903,477,0.5692,2026-08-04 07:29:05.377,2026-08-04 07:29:05.572
motorcycle_ID_97,FLUSH,20972,motorcycle,967,461,896,478,0.5606,2026-08-04 07:29:05.237,2026-08-04 07:29:05.603
motorcycle_ID_98,FLUSH,20974,motorcycle,880,481,565,511,0.6259,2026-08-04 07:29:05.672,2026-08-04 07:29:06.805
bicycle_ID_109,FLUSH,20976,bicycle,618,506,555,513,0.5361,2026-08-04 07:29:06.672,2026-08-04 07:29:06.841
motorcycle_ID_99,FLUSH,20976,motorcycle,544,513,500,516,0.6066,2026-08-04 07:29:06.873,2026-08-04 07:29:07.474
bicycle_ID_108,FLUSH,20974,bicycle,872,481,467,520,0.6907,2026-08-04 07:29:05.706,2026-08-04 07:29:07.572
person_ID_115,FLUSH,20973,person,967,453,452,500,0.6978,2026-08-04 07:29:05.305,2026-08-04 07:29:07.641
car_ID_6627,FLUSH,20975,car,40,439,993,393,0.8007,2026-08-04 07:29:05.604,2026-08-04 07:29:09.341
motorcycle_ID_100,FLUSH,20977,motorcycle,971,458,965,459,0.6488,2026-08-04 07:29:23.142,2026-08-04 07:29:23.174
motorcycle_ID_101,FLUSH,20978,motorcycle,958,465,640,495,0.6542,2026-08-04 07:29:23.241,2026-08-04 07:29:24.575
motorcycle_ID_102,FLUSH,20979,motorcycle,925,471,603,498,0.6405,2026-08-04 07:29:23.407,2026-08-04 07:29:24.707
bicycle_ID_111,FLUSH,20979,bicycle,833,480,566,501,0.6504,2026-08-04 07:29:23.803,2026-08-04 07:29:25.004
bicycle_ID_110,FLUSH,20978,bicycle,894,474,478,506,0.6723,2026-08-04 07:29:23.542,2026-08-04 07:29:25.174
person_ID_116,FLUSH,20977,person,960,455,478,488,0.6639,2026-08-04 07:29:23.241,2026-08-04 07:29:25.607
car_ID_6628,FLUSH,20980,car,43,447,988,397,0.8290,2026-08-04 07:30:00.007,2026-08-04 07:30:02.706
person_ID_117,FLUSH,20981,person,16,372,215,370,0.6158,2026-08-04 07:30:06.176,2026-08-04 07:30:09.577
person_ID_118,FLUSH,20984,person,250,367,250,367,0.5311,2026-08-04 07:30:09.577,2026-08-04 07:30:09.577
car_ID_6629,FLUSH,20988,car,53,451,53,451,0.5810,2026-08-04 07:30:11.078,2026-08-04 07:30:11.078
car_ID_6630,FLUSH,20990,car,405,448,989,405,0.8053,2026-08-04 07:30:12.045,2026-08-04 07:30:14.405
person_ID_119,FLUSH,20986,person,317,366,936,360,0.6650,2026-08-04 07:30:10.477,2026-08-04 07:30:20.445
car_ID_6631,FLUSH,20995,car,33,445,994,394,0.8035,2026-08-04 07:30:55.446,2026-08-04 07:30:59.114
bus_ID_528,FLUSH,20997,bus,509,417,583,411,0.6172,2026-08-04 07:30:59.146,2026-08-04 07:30:59.346
person_ID_120,FLUSH,20994,person,960,514,487,561,0.8227,2026-08-04 07:30:53.645,2026-08-04 07:30:59.379
truck_ID_1458,FLUSH,20997,truck,497,416,674,407,0.5431,2026-08-04 07:30:59.114,2026-08-04 07:30:59.613
truck_ID_1459,FLUSH,20996,truck,509,417,716,404,0.5374,2026-08-04 07:30:59.146,2026-08-04 07:30:59.745
person_ID_121,FLUSH,21000,person,485,561,485,561,0.6488,2026-08-04 07:30:59.448,2026-08-04 07:30:59.914
car_ID_6632,FLUSH,20996,car,26,433,872,395,0.7522,2026-08-04 07:30:57.548,2026-08-04 07:31:00.314
bus_ID_527,FLUSH,20996,bus,445,417,888,394,0.6399,2026-08-04 07:30:58.983,2026-08-04 07:31:00.378
bus_ID_529,FLUSH,20997,bus,896,393,972,384,0.8335,2026-08-04 07:31:00.415,2026-08-04 07:31:00.977
car_ID_6633,FLUSH,20997,car,249,422,996,376,0.6405,2026-08-04 07:30:58.480,2026-08-04 07:31:01.679
car_ID_6634,FLUSH,21001,car,972,447,443,498,0.8695,2026-08-04 07:31:02.016,2026-08-04 07:31:04.114
motorcycle_ID_103,FLUSH,21004,motorcycle,962,467,878,481,0.6302,2026-08-04 07:31:11.646,2026-08-04 07:31:11.913
bicycle_ID_113,FLUSH,21005,bicycle,856,484,834,486,0.6737,2026-08-04 07:31:11.979,2026-08-04 07:31:12.051
motorcycle_ID_104,FLUSH,21005,motorcycle,822,487,822,487,0.6844,2026-08-04 07:31:12.083,2026-08-04 07:31:12.083
car_ID_6636,FLUSH,21006,car,514,471,458,472,0.7323,2026-08-04 07:31:12.083,2026-08-04 07:31:12.218
truck_ID_1460,FLUSH,21002,truck,511,472,445,471,0.5824,2026-08-04 07:31:12.083,2026-08-04 07:31:12.251
car_ID_6635,FLUSH,21002,car,984,434,403,473,0.8672,2026-08-04 07:31:10.378,2026-08-04 07:31:12.350
person_ID_123,FLUSH,21007,person,652,487,586,495,0.6470,2026-08-04 07:31:12.582,2026-08-04 07:31:12.714
bicycle_ID_112,FLUSH,21004,bicycle,899,480,556,513,0.6146,2026-08-04 07:31:11.847,2026-08-04 07:31:12.777
person_ID_122,FLUSH,21003,person,961,458,690,484,0.5902,2026-08-04 07:31:11.646,2026-08-04 07:31:12.914
bicycle_ID_114,FLUSH,21008,bicycle,21,420,168,424,0.6516,2026-08-04 07:31:17.847,2026-08-04 07:31:18.778
person_ID_124,FLUSH,21009,person,28,406,173,409,0.6096,2026-08-04 07:31:17.948,2026-08-04 07:31:18.815
person_ID_125,FLUSH,21011,person,386,410,612,397,0.6153,2026-08-04 07:31:19.914,2026-08-04 07:31:21.549
person_ID_126,FLUSH,21013,person,688,393,762,392,0.5285,2026-08-04 07:31:21.549,2026-08-04 07:31:21.984
person_ID_128,FLUSH,21015,person,918,386,918,386,0.5140,2026-08-04 07:31:22.981,2026-08-04 07:31:23.047
person_ID_127,FLUSH,21014,person,883,388,883,388,0.5418,2026-08-04 07:31:22.746,2026-08-04 07:31:23.214
bicycle_ID_115,FLUSH,21010,bicycle,338,424,961,398,0.6035,2026-08-04 07:31:19.678,2026-08-04 07:31:23.413
bicycle_ID_116,FLUSH,21016,bicycle,920,476,891,478,0.6252,2026-08-04 07:31:30.013,2026-08-04 07:31:30.215
motorcycle_ID_105,FLUSH,21016,motorcycle,968,465,886,475,0.5897,2026-08-04 07:31:29.614,2026-08-04 07:31:30.247
person_ID_129,FLUSH,21017,person,960,459,751,483,0.5822,2026-08-04 07:31:29.747,2026-08-04 07:31:31.179
bicycle_ID_117,FLUSH,21018,bicycle,871,479,508,526,0.6349,2026-08-04 07:31:30.348,2026-08-04 07:31:32.447
car_ID_6637,FLUSH,21019,car,979,436,429,488,0.8535,2026-08-04 07:31:39.148,2026-08-04 07:31:41.348
car_ID_6639,FLUSH,21021,car,479,490,479,490,0.5778,2026-08-04 07:31:56.388,2026-08-04 07:31:56.388
car_ID_6638,FLUSH,21020,car,983,438,459,491,0.8447,2026-08-04 07:31:54.516,2026-08-04 07:31:56.420
truck_ID_1461,FLUSH,21020,truck,419,492,405,493,0.6866,2026-08-04 07:31:56.485,2026-08-04 07:31:56.517
person_ID_130,FLUSH,21022,person,28,412,184,418,0.6107,2026-08-04 07:32:01.416,2026-08-04 07:32:02.417
motorcycle_ID_106,FLUSH,21023,motorcycle,29,434,35,440,0.6096,2026-08-04 07:32:02.548,2026-08-04 07:32:02.581
bicycle_ID_118,FLUSH,21023,bicycle,14,434,64,445,0.6523,2026-08-04 07:32:02.417,2026-08-04 07:32:02.716
person_ID_131,FLUSH,21024,person,46,429,81,431,0.5297,2026-08-04 07:32:02.650,2026-08-04 07:32:02.818
motorcycle_ID_108,FLUSH,21031,motorcycle,544,425,544,425,0.5561,2026-08-04 07:32:04.054,2026-08-04 07:32:04.518
bicycle_ID_120,FLUSH,21027,bicycle,351,448,608,440,0.5913,2026-08-04 07:32:03.918,2026-08-04 07:32:04.950
motorcycle_ID_107,FLUSH,21022,motorcycle,421,420,771,407,0.6599,2026-08-04 07:32:03.415,2026-08-04 07:32:05.316
person_ID_134,FLUSH,21027,person,706,425,706,425,0.5204,2026-08-04 07:32:05.380,2026-08-04 07:32:05.380
person_ID_132,FLUSH,21029,person,350,432,617,425,0.5577,2026-08-04 07:32:03.950,2026-08-04 07:32:05.448
bicycle_ID_119,FLUSH,21022,bicycle,406,422,871,399,0.5976,2026-08-04 07:32:03.347,2026-08-04 07:32:06.049
motorcycle_ID_109,FLUSH,21027,motorcycle,404,444,921,416,0.6271,2026-08-04 07:32:04.119,2026-08-04 07:32:06.417
bicycle_ID_121,FLUSH,21035,bicycle,830,422,830,422,0.5276,2026-08-04 07:32:05.980,2026-08-04 07:32:06.449
bicycle_ID_122,FLUSH,21027,bicycle,847,422,968,413,0.6137,2026-08-04 07:32:06.048,2026-08-04 07:32:06.683
person_ID_133,FLUSH,21030,person,693,403,978,399,0.5726,2026-08-04 07:32:04.851,2026-08-04 07:32:06.749
bicycle_ID_123,FLUSH,21036,bicycle,965,477,965,477,0.5204,2026-08-04 07:32:12.450,2026-08-04 07:32:12.450
motorcycle_ID_110,FLUSH,21038,motorcycle,881,491,881,491,0.5276,2026-08-04 07:32:12.951,2026-08-04 07:32:12.951
motorcycle_ID_111,FLUSH,21037,motorcycle,861,491,861,491,0.6345,2026-08-04 07:32:13.015,2026-08-04 07:32:13.015
motorcycle_ID_112,FLUSH,21039,motorcycle,606,515,606,515,0.5276,2026-08-04 07:32:14.082,2026-08-04 07:32:14.115
bicycle_ID_124,FLUSH,21037,bicycle,948,483,483,525,0.7385,2026-08-04 07:32:12.580,2026-08-04 07:32:14.485
person_ID_135,FLUSH,21036,person,965,465,481,509,0.6834,2026-08-04 07:32:12.548,2026-08-04 07:32:14.523
person_ID_136,FLUSH,21037,person,465,517,460,515,0.6185,2026-08-04 07:32:14.555,2026-08-04 07:32:14.587
bicycle_ID_125,FLUSH,21041,bicycle,125,419,125,419,0.5632,2026-08-04 07:32:29.219,2026-08-04 07:32:29.349
person_ID_137,FLUSH,21041,person,143,409,148,409,0.5420,2026-08-04 07:32:29.418,2026-08-04 07:32:29.451
bicycle_ID_126,FLUSH,21040,bicycle,150,420,161,418,0.5721,2026-08-04 07:32:29.482,2026-08-04 07:32:29.548
person_ID_138,FLUSH,21042,person,385,407,494,402,0.5716,2026-08-04 07:32:31.515,2026-08-04 07:32:32.379
person_ID_139,FLUSH,21044,person,512,404,512,404,0.7450,2026-08-04 07:32:32.586,2026-08-04 07:32:32.618
truck_ID_1463,FLUSH,21045,truck,542,452,745,433,0.7253,2026-08-04 07:32:32.949,2026-08-04 07:32:33.450
truck_ID_1462,FLUSH,21043,truck,481,452,824,425,0.7358,2026-08-04 07:32:32.819,2026-08-04 07:32:33.686
bicycle_ID_127,FLUSH,21047,bicycle,635,408,635,408,0.5311,2026-08-04 07:32:33.655,2026-08-04 07:32:33.853
bus_ID_530,FLUSH,21045,bus,921,413,933,411,0.6615,2026-08-04 07:32:34.051,2026-08-04 07:32:34.121
bus_ID_531,FLUSH,21043,bus,943,409,948,408,0.6822,2026-08-04 07:32:34.185,2026-08-04 07:32:34.217
car_ID_6640,FLUSH,21043,car,49,443,991,391,0.7209,2026-08-04 07:32:31.618,2026-08-04 07:32:34.549
car_ID_6641,FLUSH,21045,car,401,454,970,401,0.5875,2026-08-04 07:32:32.686,2026-08-04 07:32:34.855
person_ID_140,FLUSH,21046,person,615,397,815,390,0.5621,2026-08-04 07:32:33.485,2026-08-04 07:32:35.486
person_ID_141,FLUSH,21049,person,920,380,920,380,0.5204,2026-08-04 07:32:36.719,2026-08-04 07:32:36.719
person_ID_142,FLUSH,21050,person,962,377,962,377,0.5097,2026-08-04 07:32:37.285,2026-08-04 07:32:37.285
motorcycle_ID_113,FLUSH,21052,motorcycle,963,475,670,510,0.6167,2026-08-04 07:32:54.519,2026-08-04 07:32:55.422
bicycle_ID_128,FLUSH,21052,bicycle,953,481,497,523,0.7305,2026-08-04 07:32:54.552,2026-08-04 07:32:55.853
person_ID_143,FLUSH,21051,person,965,465,495,508,0.6169,2026-08-04 07:32:54.519,2026-08-04 07:32:56.319
car_ID_6643,FLUSH,21054,car,498,481,498,481,0.5853,2026-08-04 07:32:58.450,2026-08-04 07:32:58.450
truck_ID_1465,FLUSH,21053,truck,484,482,459,484,0.5990,2026-08-04 07:32:58.487,2026-08-04 07:32:58.549
car_ID_6642,FLUSH,21053,car,985,437,432,484,0.8095,2026-08-04 07:32:56.551,2026-08-04 07:32:58.724
truck_ID_1464,FLUSH,21054,truck,548,481,396,487,0.6393,2026-08-04 07:32:58.355,2026-08-04 07:32:58.724
motorcycle_ID_114,FLUSH,21055,motorcycle,966,468,962,468,0.6256,2026-08-04 07:33:19.088,2026-08-04 07:33:19.121
motorcycle_ID_115,FLUSH,21056,motorcycle,954,479,921,484,0.5596,2026-08-04 07:33:19.190,2026-08-04 07:33:19.319
motorcycle_ID_116,FLUSH,21057,motorcycle,935,482,935,482,0.5632,2026-08-04 07:33:19.319,2026-08-04 07:33:19.788
person_ID_144,FLUSH,21055,person,958,459,498,505,0.6228,2026-08-04 07:33:19.190,2026-08-04 07:33:20.790
bicycle_ID_129,FLUSH,21056,bicycle,912,485,494,525,0.6889,2026-08-04 07:33:19.354,2026-08-04 07:33:20.790
person_ID_145,FLUSH,21059,person,977,354,977,354,0.5668,2026-08-04 07:33:51.226,2026-08-04 07:33:51.259
person_ID_146,FLUSH,21060,person,925,354,311,371,0.6921,2026-08-04 07:33:53.053,2026-08-04 07:34:09.553
person_ID_147,FLUSH,21061,person,212,372,39,371,0.6358,2026-08-04 07:34:11.875,2026-08-04 07:34:16.310
car_ID_6644,FLUSH,21062,car,49,447,983,394,0.8181,2026-08-04 07:34:25.902,2026-08-04 07:34:28.914
car_ID_6646,FLUSH,21064,car,832,446,638,461,0.6930,2026-08-04 07:34:39.579,2026-08-04 07:34:40.103
car_ID_6645,FLUSH,21063,car,984,422,596,465,0.7853,2026-08-04 07:34:38.717,2026-08-04 07:34:40.311
truck_ID_1466,FLUSH,21064,truck,843,444,386,471,0.6922,2026-08-04 07:34:39.543,2026-08-04 07:34:40.706
truck_ID_1467,FLUSH,21063,truck,705,456,525,465,0.6584,2026-08-04 07:34:39.934,2026-08-04 07:34:40.838
car_ID_6647,FLUSH,21065,car,46,447,99,446,0.5942,2026-08-04 07:34:53.769,2026-08-04 07:34:54.607
car_ID_6649,FLUSH,21068,car,657,423,673,421,0.5603,2026-08-04 07:34:55.969,2026-08-04 07:34:56.033
truck_ID_1468,FLUSH,21066,truck,693,419,703,419,0.5421,2026-08-04 07:34:56.070,2026-08-04 07:34:56.103
bus_ID_532,FLUSH,21066,bus,932,402,955,398,0.7521,2026-08-04 07:34:57.137,2026-08-04 07:34:57.340
truck_ID_1469,FLUSH,21066,truck,957,398,964,397,0.5929,2026-08-04 07:34:57.373,2026-08-04 07:34:57.438
car_ID_6648,FLUSH,21066,car,299,438,994,384,0.7508,2026-08-04 07:34:54.868,2026-08-04 07:34:58.238
car_ID_6650,FLUSH,21069,car,976,439,426,485,0.8643,2026-08-04 07:35:02.669,2026-08-04 07:35:04.108
car_ID_6652,FLUSH,21073,car,978,448,392,508,0.8772,2026-08-04 07:35:16.411,2026-08-04 07:35:18.671
car_ID_6654,FLUSH,21078,car,955,399,955,399,0.6737,2026-08-04 07:35:18.631,2026-08-04 07:35:19.097
car_ID_6651,FLUSH,21070,car,30,425,993,392,0.8205,2026-08-04 07:35:14.396,2026-08-04 07:35:19.473
car_ID_6653,FINALIZE,21074,car,35,428,964,401,0.8431,2026-08-04 07:35:16.847,2026-08-04 07:35:21.398
car_ID_6655,FINALIZE,21080,car,14,418,274,412,0.7715,2026-08-04 07:35:19.905,2026-08-04 07:35:21.437
car_ID_6656,FINALIZE,21082,car,164,416,179,416,0.7434,2026-08-04 07:35:21.030,2026-08-04 07:35:21.437
bus_ID_533,FINALIZE,21074,bus,857,409,961,402,0.6620,2026-08-04 07:35:20.633,2026-08-04 07:35:21.362
truck_ID_1470,FINALIZE,21080,truck,162,415,162,415,0.6228,2026-08-04 07:35:20.996,2026-08-04 07:35:20.996
