display_id,kind,track_id,label,start_x,start_y,end_x,end_y,avg_confidence,first_timestamp,last_timestamp
car_ID_3,FLUSH,3,car,572,12,572,12,0.6559,2026-07-28 22:27:17.839,2026-07-28 22:27:18.046
car_ID_2,FLUSH,2,car,462,16,462,16,0.6880,2026-07-28 22:27:17.839,2026-07-28 22:27:18.308
car_ID_1,FLUSH,1,car,409,46,413,45,0.5791,2026-07-28 22:27:17.839,2026-07-28 22:27:18.449
car_ID_5,FLUSH,7,car,448,18,448,18,0.5490,2026-07-28 22:27:19.196,2026-07-28 22:27:19.196
car_ID_4,FLUSH,6,car,508,22,551,17,0.5596,2026-07-28 22:27:18.856,2026-07-28 22:27:19.394
car_ID_6,FLUSH,16,car,441,37,545,15,0.6560,2026-07-28 22:27:42.534,2026-07-28 22:27:43.667
person_ID_1,FLUSH,26,person,152,458,237,616,0.5798,2026-07-28 22:28:16.730,2026-07-28 22:28:17.471
car_ID_12,FLUSH,51,car,721,306,725,305,0.5561,2026-07-28 22:28:18.939,2026-07-28 22:28:19.053
car_ID_7,FLUSH,33,car,758,421,625,412,0.7370,2026-07-28 22:28:17.858,2026-07-28 22:28:19.159
car_ID_8,FLUSH,41,car,750,378,750,373,0.6562,2026-07-28 22:28:18.335,2026-07-28 22:28:19.159
car_ID_9,FLUSH,39,car,697,391,708,382,0.5294,2026-07-28 22:28:18.569,2026-07-28 22:28:19.191
car_ID_15,FLUSH,55,car,723,330,723,330,0.5276,2026-07-28 22:28:19.300,2026-07-28 22:28:19.400
car_ID_11,FLUSH,49,car,765,331,763,342,0.6019,2026-07-28 22:28:18.871,2026-07-28 22:28:19.497
car_ID_14,FLUSH,54,car,510,352,510,352,0.5267,2026-07-28 22:28:19.260,2026-07-28 22:28:19.497
bus_ID_1,FLUSH,43,bus,836,367,810,339,0.6504,2026-07-28 22:28:18.637,2026-07-28 22:28:19.591
car_ID_10,FLUSH,48,car,614,364,537,379,0.7870,2026-07-28 22:28:18.871,2026-07-28 22:28:19.591
car_ID_16,FLUSH,56,car,548,340,548,340,0.5169,2026-07-28 22:28:19.639,2026-07-28 22:28:19.770
person_ID_2,FLUSH,40,person,318,604,234,369,0.6653,2026-07-28 22:28:18.836,2026-07-28 22:28:19.867
truck_ID_1,FLUSH,43,truck,774,349,769,351,0.5668,2026-07-28 22:28:20.202,2026-07-28 22:28:20.268
car_ID_18,FLUSH,61,car,715,373,715,373,0.5140,2026-07-28 22:28:20.202,2026-07-28 22:28:20.315
car_ID_13,FLUSH,53,car,1012,361,872,362,0.6774,2026-07-28 22:28:19.127,2026-07-28 22:28:20.463
car_ID_17,FLUSH,60,car,412,360,409,379,0.6211,2026-07-28 22:28:20.042,2026-07-28 22:28:20.561
car_ID_20,FLUSH,66,car,555,317,552,321,0.5454,2026-07-28 22:28:20.699,2026-07-28 22:28:20.830
car_ID_22,FLUSH,67,car,511,328,510,329,0.5169,2026-07-28 22:28:20.797,2026-07-28 22:28:20.830
car_ID_23,FLUSH,69,car,585,324,585,324,0.5062,2026-07-28 22:28:20.962,2026-07-28 22:28:21.435
car_ID_24,FLUSH,75,car,527,302,526,300,0.5989,2026-07-28 22:28:21.402,2026-07-28 22:28:21.434
car_ID_25,FLUSH,74,car,486,307,486,305,0.5062,2026-07-28 22:28:21.402,2026-07-28 22:28:21.434
bus_ID_2,FLUSH,70,bus,743,307,687,293,0.6525,2026-07-28 22:28:20.620,2026-07-28 22:28:21.635
car_ID_27,FLUSH,80,car,559,316,559,318,0.5086,2026-07-28 22:28:21.860,2026-07-28 22:28:21.928
car_ID_26,FLUSH,78,car,671,332,671,332,0.5133,2026-07-28 22:28:21.743,2026-07-28 22:28:22.195
car_ID_21,FLUSH,72,car,468,333,495,333,0.6155,2026-07-28 22:28:20.765,2026-07-28 22:28:22.499
car_ID_19,FLUSH,65,car,838,322,774,323,0.6918,2026-07-28 22:28:20.619,2026-07-28 22:28:22.532
car_ID_28,FLUSH,81,car,920,330,878,326,0.7021,2026-07-28 22:28:21.897,2026-07-28 22:28:22.991
car_ID_33,FLUSH,93,car,420,435,420,435,0.5204,2026-07-28 22:28:23.036,2026-07-28 22:28:23.036
car_ID_29,FLUSH,89,car,744,420,741,423,0.6178,2026-07-28 22:28:22.898,2026-07-28 22:28:23.200
car_ID_31,FLUSH,91,car,529,420,520,420,0.5866,2026-07-28 22:28:22.981,2026-07-28 22:28:23.558
car_ID_32,FLUSH,92,car,481,424,468,427,0.5431,2026-07-28 22:28:22.981,2026-07-28 22:28:23.558
car_ID_30,FLUSH,90,car,818,433,807,410,0.5432,2026-07-28 22:28:22.981,2026-07-28 22:28:23.728
car_ID_40,FLUSH,105,car,437,335,437,335,0.5062,2026-07-28 22:28:23.794,2026-07-28 22:28:23.794
car_ID_34,FLUSH,96,car,668,404,668,404,0.5133,2026-07-28 22:28:23.360,2026-07-28 22:28:23.833
car_ID_41,FLUSH,101,car,108,393,109,393,0.5204,2026-07-28 22:28:23.833,2026-07-28 22:28:23.863
car_ID_36,FLUSH,98,car,716,335,719,343,0.6017,2026-07-28 22:28:23.558,2026-07-28 22:28:23.967
car_ID_37,FLUSH,99,car,308,359,326,385,0.6455,2026-07-28 22:28:23.558,2026-07-28 22:28:24.265
car_ID_35,FLUSH,97,car,664,334,721,372,0.6399,2026-07-28 22:28:23.558,2026-07-28 22:28:24.526
car_ID_47,FLUSH,118,car,532,325,532,325,0.5383,2026-07-28 22:28:24.630,2026-07-28 22:28:24.630
car_ID_44,FLUSH,111,car,905,364,905,364,0.6131,2026-07-28 22:28:24.304,2026-07-28 22:28:24.759
car_ID_39,FLUSH,103,car,247,366,256,379,0.5902,2026-07-28 22:28:23.624,2026-07-28 22:28:24.826
car_ID_50,FLUSH,117,car,556,317,556,317,0.5097,2026-07-28 22:28:25.268,2026-07-28 22:28:25.268
car_ID_46,FLUSH,116,car,505,335,475,318,0.5620,2026-07-28 22:28:24.527,2026-07-28 22:28:25.431
car_ID_42,FLUSH,108,car,972,333,745,337,0.6520,2026-07-28 22:28:24.031,2026-07-28 22:28:25.742
car_ID_48,FLUSH,114,car,727,349,668,303,0.6270,2026-07-28 22:28:24.759,2026-07-28 22:28:26.294
bus_ID_3,FLUSH,120,bus,729,311,693,272,0.5638,2026-07-28 22:28:25.107,2026-07-28 22:28:26.404
car_ID_45,FLUSH,113,car,337,339,284,299,0.5752,2026-07-28 22:28:24.517,2026-07-28 22:28:26.404
car_ID_49,FLUSH,123,car,641,339,606,290,0.6043,2026-07-28 22:28:25.173,2026-07-28 22:28:26.498
car_ID_55,FLUSH,134,car,544,252,544,252,0.5347,2026-07-28 22:28:27.068,2026-07-28 22:28:27.132
car_ID_54,FLUSH,133,car,770,261,770,260,0.7477,2026-07-28 22:28:26.869,2026-07-28 22:28:27.244
bus_ID_4,FLUSH,133,bus,757,244,757,244,0.5490,2026-07-28 22:28:27.490,2026-07-28 22:28:27.490
car_ID_43,FLUSH,107,car,488,343,434,265,0.6444,2026-07-28 22:28:24.098,2026-07-28 22:28:27.665
car_ID_57,FLUSH,149,car,742,292,742,292,0.5846,2026-07-28 22:28:27.927,2026-07-28 22:28:27.927
bus_ID_5,FLUSH,151,bus,750,239,750,239,0.6202,2026-07-28 22:28:28.962,2026-07-28 22:28:28.962
car_ID_56,FLUSH,141,car,348,277,298,277,0.5546,2026-07-28 22:28:27.491,2026-07-28 22:28:30.070
car_ID_38,FLUSH,100,car,376,349,277,285,0.6557,2026-07-28 22:28:23.558,2026-07-28 22:28:32.284
car_ID_60,FLUSH,170,car,637,381,646,382,0.6737,2026-07-28 22:28:32.544,2026-07-28 22:28:32.675
person_ID_3,FLUSH,168,person,75,505,155,493,0.6086,2026-07-28 22:28:31.409,2026-07-28 22:28:32.771
motorcycle_ID_1,FLUSH,170,motorcycle,477,368,743,386,0.7074,2026-07-28 22:28:32.125,2026-07-28 22:28:33.225
person_ID_4,FLUSH,173,person,847,369,847,369,0.6951,2026-07-28 22:28:32.971,2026-07-28 22:28:33.433
motorcycle_ID_2,FLUSH,174,motorcycle,842,394,842,394,0.7414,2026-07-28 22:28:32.971,2026-07-28 22:28:33.433
car_ID_53,FLUSH,118,car,500,259,296,289,0.6754,2026-07-28 22:28:26.868,2026-07-28 22:28:34.336
car_ID_51,FLUSH,120,car,707,284,747,277,0.6968,2026-07-28 22:28:26.537,2026-07-28 22:28:35.402
car_ID_52,FLUSH,129,car,980,298,687,272,0.6083,2026-07-28 22:28:26.732,2026-07-28 22:28:35.990
car_ID_58,FLUSH,143,car,487,256,277,308,0.5966,2026-07-28 22:28:28.032,2026-07-28 22:28:36.297
truck_ID_2,FLUSH,143,truck,268,351,268,352,0.5102,2026-07-28 22:28:36.938,2026-07-28 22:28:37.006
car_ID_65,FLUSH,186,car,748,268,753,270,0.5864,2026-07-28 22:28:37.035,2026-07-28 22:28:37.216
truck_ID_3,FLUSH,183,truck,308,352,333,357,0.6784,2026-07-28 22:28:37.100,2026-07-28 22:28:37.250
car_ID_62,FLUSH,178,car,296,364,1076,428,0.8175,2026-07-28 22:28:34.768,2026-07-28 22:28:37.832
car_ID_59,FLUSH,157,car,1034,311,726,285,0.7271,2026-07-28 22:28:29.396,2026-07-28 22:28:38.135
car_ID_63,FLUSH,181,car,540,280,537,295,0.5762,2026-07-28 22:28:35.990,2026-07-28 22:28:38.344
car_ID_64,FLUSH,183,car,183,342,1083,419,0.8102,2026-07-28 22:28:36.131,2026-07-28 22:28:38.931
car_ID_67,FLUSH,188,car,735,279,738,271,0.5695,2026-07-28 22:28:38.199,2026-07-28 22:28:39.060
car_ID_66,FLUSH,189,car,665,275,657,264,0.5243,2026-07-28 22:28:38.199,2026-07-28 22:28:39.090
car_ID_68,FLUSH,192,car,747,267,748,252,0.5768,2026-07-28 22:28:38.620,2026-07-28 22:28:39.366
car_ID_61,FLUSH,134,car,506,254,415,293,0.5792,2026-07-28 22:28:32.836,2026-07-28 22:28:39.805
car_ID_73,FLUSH,200,car,823,255,816,254,0.6325,2026-07-28 22:28:39.845,2026-07-28 22:28:40.461
car_ID_69,FLUSH,195,car,339,354,875,419,0.7453,2026-07-28 22:28:38.830,2026-07-28 22:28:41.245
car_ID_71,FLUSH,201,car,553,283,487,259,0.5452,2026-07-28 22:28:39.366,2026-07-28 22:28:41.329
car_ID_70,FLUSH,196,car,765,253,719,255,0.6211,2026-07-28 22:28:38.931,2026-07-28 22:28:41.544
car_ID_74,FLUSH,212,car,296,268,235,270,0.6060,2026-07-28 22:28:41.245,2026-07-28 22:28:42.039
car_ID_77,FLUSH,221,car,683,237,683,237,0.5240,2026-07-28 22:28:43.129,2026-07-28 22:28:43.129
car_ID_72,FLUSH,202,car,295,335,1002,418,0.7869,2026-07-28 22:28:39.470,2026-07-28 22:28:43.257
car_ID_75,FLUSH,213,car,428,255,180,262,0.7456,2026-07-28 22:28:41.296,2026-07-28 22:28:43.322
car_ID_79,FLUSH,223,car,98,284,101,284,0.5751,2026-07-28 22:28:44.049,2026-07-28 22:28:44.365
truck_ID_5,FLUSH,222,truck,552,384,694,397,0.7091,2026-07-28 22:28:44.997,2026-07-28 22:28:45.305
truck_ID_4,FLUSH,224,truck,404,353,726,402,0.7177,2026-07-28 22:28:44.594,2026-07-28 22:28:45.373
car_ID_80,FLUSH,224,car,247,326,775,404,0.7026,2026-07-28 22:28:44.050,2026-07-28 22:28:45.447
car_ID_78,FLUSH,222,car,194,321,913,415,0.7250,2026-07-28 22:28:43.603,2026-07-28 22:28:45.760
car_ID_82,FLUSH,223,car,117,304,118,305,0.5662,2026-07-28 22:28:46.061,2026-07-28 22:28:46.359
car_ID_76,FLUSH,214,car,444,261,248,290,0.6377,2026-07-28 22:28:41.902,2026-07-28 22:28:48.763
car_ID_83,FLUSH,234,car,520,268,449,273,0.6698,2026-07-28 22:28:47.662,2026-07-28 22:28:48.992
car_ID_81,FLUSH,226,car,512,271,384,284,0.6063,2026-07-28 22:28:44.832,2026-07-28 22:28:49.921
car_ID_85,FLUSH,245,car,357,292,367,295,0.5975,2026-07-28 22:28:50.703,2026-07-28 22:28:50.937
car_ID_86,FLUSH,236,car,516,276,492,278,0.6024,2026-07-28 22:28:51.002,2026-07-28 22:28:51.189
car_ID_87,FLUSH,248,car,631,266,625,267,0.5498,2026-07-28 22:28:51.473,2026-07-28 22:28:51.691
car_ID_88,FLUSH,252,car,127,307,127,307,0.5097,2026-07-28 22:28:53.910,2026-07-28 22:28:53.934
car_ID_89,FLUSH,253,car,547,328,547,328,0.5347,2026-07-28 22:28:54.197,2026-07-28 22:28:54.230
car_ID_91,FLUSH,255,car,237,301,236,301,0.5620,2026-07-28 22:28:54.764,2026-07-28 22:28:54.830
car_ID_90,FLUSH,258,car,309,290,322,287,0.6279,2026-07-28 22:28:54.697,2026-07-28 22:28:56.148
car_ID_84,FLUSH,241,car,294,322,734,278,0.7055,2026-07-28 22:28:49.789,2026-07-28 22:28:56.995
car_ID_93,FLUSH,270,car,233,296,236,292,0.5479,2026-07-28 22:28:59.573,2026-07-28 22:29:00.706
car_ID_92,FLUSH,269,car,284,309,418,304,0.6841,2026-07-28 22:28:59.526,2026-07-28 22:29:00.798
truck_ID_6,FLUSH,239,truck,169,344,710,268,0.7685,2026-07-28 22:28:50.467,2026-07-28 22:29:00.891
car_ID_94,FLUSH,271,car,308,289,316,287,0.6479,2026-07-28 22:29:00.123,2026-07-28 22:29:01.090
car_ID_97,FLUSH,281,car,528,301,532,301,0.5570,2026-07-28 22:29:02.104,2026-07-28 22:29:02.209
truck_ID_9,FLUSH,279,truck,427,247,394,247,0.6348,2026-07-28 22:29:01.366,2026-07-28 22:29:02.431
car_ID_98,FLUSH,239,car,720,287,722,288,0.5368,2026-07-28 22:29:02.312,2026-07-28 22:29:02.431
car_ID_99,FLUSH,283,car,566,297,567,296,0.5144,2026-07-28 22:29:02.760,2026-07-28 22:29:03.309
car_ID_96,FLUSH,274,car,246,311,539,299,0.7772,2026-07-28 22:29:00.635,2026-07-28 22:29:03.699
car_ID_100,FLUSH,286,car,481,336,481,336,0.5133,2026-07-28 22:29:03.829,2026-07-28 22:29:04.127
car_ID_101,FLUSH,287,car,554,296,615,292,0.6175,2026-07-28 22:29:03.930,2026-07-28 22:29:05.068
truck_ID_7,FLUSH,262,truck,209,301,698,268,0.7608,2026-07-28 22:28:57.128,2026-07-28 22:29:05.763
car_ID_95,FLUSH,272,car,1041,388,1039,387,0.5762,2026-07-28 22:29:00.467,2026-07-28 22:29:07.929
car_ID_103,FLUSH,288,car,236,299,467,305,0.6613,2026-07-28 22:29:05.102,2026-07-28 22:29:07.993
car_ID_106,FLUSH,299,car,481,279,381,285,0.5851,2026-07-28 22:29:06.632,2026-07-28 22:29:09.758
car_ID_104,FLUSH,291,car,128,303,126,306,0.5555,2026-07-28 22:29:05.328,2026-07-28 22:29:10.829
car_ID_111,FLUSH,304,car,514,273,460,274,0.6412,2026-07-28 22:29:10.342,2026-07-28 22:29:11.126
truck_ID_8,FLUSH,278,truck,149,304,715,266,0.7830,2026-07-28 22:29:01.333,2026-07-28 22:29:11.162
car_ID_102,FLUSH,290,car,297,296,313,288,0.6633,2026-07-28 22:29:04.870,2026-07-28 22:29:11.868
car_ID_114,FLUSH,278,car,727,289,727,289,0.5240,2026-07-28 22:29:12.213,2026-07-28 22:29:12.213
car_ID_115,FLUSH,314,car,238,299,243,300,0.6119,2026-07-28 22:29:12.326,2026-07-28 22:29:12.398
car_ID_105,FLUSH,293,car,222,341,686,275,0.7297,2026-07-28 22:29:05.394,2026-07-28 22:29:12.588
car_ID_112,FLUSH,310,car,508,269,411,275,0.6914,2026-07-28 22:29:10.893,2026-07-28 22:29:12.588
car_ID_118,FLUSH,320,car,235,299,238,301,0.5430,2026-07-28 22:29:13.172,2026-07-28 22:29:13.496
car_ID_119,FLUSH,318,car,369,304,459,298,0.5962,2026-07-28 22:29:13.383,2026-07-28 22:29:14.002
truck_ID_11,FLUSH,318,truck,326,307,467,297,0.5798,2026-07-28 22:29:13.139,2026-07-28 22:29:14.066
car_ID_117,FLUSH,317,car,241,316,480,297,0.6773,2026-07-28 22:29:12.578,2026-07-28 22:29:14.162
car_ID_116,FLUSH,316,car,121,306,125,305,0.5493,2026-07-28 22:29:12.530,2026-07-28 22:29:14.195
truck_ID_10,FLUSH,317,truck,318,307,493,294,0.6051,2026-07-28 22:29:13.072,2026-07-28 22:29:14.294
car_ID_107,FLUSH,300,car,236,298,582,294,0.6940,2026-07-28 22:29:07.000,2026-07-28 22:29:14.599
car_ID_108,FLUSH,303,car,289,322,715,271,0.6615,2026-07-28 22:29:08.028,2026-07-28 22:29:15.265
car_ID_122,FLUSH,320,car,239,290,243,290,0.5327,2026-07-28 22:29:15.194,2026-07-28 22:29:15.529
car_ID_120,FLUSH,321,car,302,290,313,289,0.5291,2026-07-28 22:29:13.496,2026-07-28 22:29:15.967
car_ID_110,FLUSH,308,car,665,309,735,277,0.7084,2026-07-28 22:29:10.341,2026-07-28 22:29:16.038
truck_ID_12,FLUSH,327,truck,193,291,205,289,0.5728,2026-07-28 22:29:16.771,2026-07-28 22:29:17.035
car_ID_125,FLUSH,335,car,511,283,511,283,0.5133,2026-07-28 22:29:18.200,2026-07-28 22:29:18.200
car_ID_109,FLUSH,307,car,286,318,733,270,0.6634,2026-07-28 22:29:10.137,2026-07-28 22:29:18.602
car_ID_126,FLUSH,340,car,548,329,548,329,0.5062,2026-07-28 22:29:19.674,2026-07-28 22:29:19.674
car_ID_123,FLUSH,332,car,681,277,729,272,0.5848,2026-07-28 22:29:17.930,2026-07-28 22:29:19.964
truck_ID_14,FLUSH,341,truck,234,302,329,294,0.7268,2026-07-28 22:29:19.562,2026-07-28 22:29:20.240
truck_ID_15,FLUSH,346,truck,347,290,375,289,0.5362,2026-07-28 22:29:20.387,2026-07-28 22:29:20.730
car_ID_124,FLUSH,334,car,663,280,735,267,0.5843,2026-07-28 22:29:18.200,2026-07-28 22:29:21.645
car_ID_129,FLUSH,349,car,125,304,126,307,0.5690,2026-07-28 22:29:21.035,2026-07-28 22:29:22.154
car_ID_121,FLUSH,324,car,214,325,727,272,0.6670,2026-07-28 22:29:14.131,2026-07-28 22:29:23.329
car_ID_132,FLUSH,349,car,126,304,126,307,0.5528,2026-07-28 22:29:23.266,2026-07-28 22:29:23.843
car_ID_127,FLUSH,345,car,238,299,244,291,0.5694,2026-07-28 22:29:20.172,2026-07-28 22:29:24.822
car_ID_128,FLUSH,341,car,295,297,307,288,0.5944,2026-07-28 22:29:20.380,2026-07-28 22:29:24.980
car_ID_131,FLUSH,351,car,444,284,425,283,0.6212,2026-07-28 22:29:21.509,2026-07-28 22:29:26.262
car_ID_134,FLUSH,363,car,123,306,127,305,0.5614,2026-07-28 22:29:25.582,2026-07-28 22:29:26.607
car_ID_135,FLUSH,364,car,402,322,402,322,0.5204,2026-07-28 22:29:26.197,2026-07-28 22:29:26.666
car_ID_136,FLUSH,365,car,232,300,237,300,0.5112,2026-07-28 22:29:26.565,2026-07-28 22:29:27.104
car_ID_137,FLUSH,367,car,301,290,313,289,0.5905,2026-07-28 22:29:27.104,2026-07-28 22:29:27.661
truck_ID_16,FLUSH,345,truck,245,333,505,287,0.7668,2026-07-28 22:29:25.062,2026-07-28 22:29:28.267
car_ID_138,FLUSH,378,car,426,282,426,282,0.5953,2026-07-28 22:29:28.932,2026-07-28 22:29:28.932
car_ID_139,FLUSH,379,car,406,314,406,314,0.5240,2026-07-28 22:29:28.994,2026-07-28 22:29:28.994
truck_ID_13,FLUSH,330,truck,299,291,717,263,0.8028,2026-07-28 22:29:17.581,2026-07-28 22:29:29.029
car_ID_141,FLUSH,374,car,520,284,520,284,0.5989,2026-07-28 22:29:29.767,2026-07-28 22:29:29.834
car_ID_140,FLUSH,381,car,477,308,506,303,0.6376,2026-07-28 22:29:29.565,2026-07-28 22:29:29.900
car_ID_133,FLUSH,358,car,217,338,690,309,0.7399,2026-07-28 22:29:23.295,2026-07-28 22:29:30.661
car_ID_143,FLUSH,387,car,237,301,237,301,0.5490,2026-07-28 22:29:30.837,2026-07-28 22:29:30.872
car_ID_130,FLUSH,348,car,237,342,713,289,0.7022,2026-07-28 22:29:21.139,2026-07-28 22:29:31.633
car_ID_145,FLUSH,387,car,237,299,236,300,0.5276,2026-07-28 22:29:31.994,2026-07-28 22:29:32.028
car_ID_142,FLUSH,386,car,126,306,127,306,0.5467,2026-07-28 22:29:30.592,2026-07-28 22:29:32.061
truck_ID_18,FLUSH,385,truck,623,276,689,279,0.6077,2026-07-28 22:29:30.381,2026-07-28 22:29:32.456
car_ID_144,FLUSH,389,car,296,289,312,289,0.5676,2026-07-28 22:29:31.150,2026-07-28 22:29:32.834
car_ID_147,FLUSH,396,car,477,281,478,282,0.5715,2026-07-28 22:29:33.634,2026-07-28 22:29:33.805
car_ID_146,FLUSH,391,car,681,303,716,301,0.6384,2026-07-28 22:29:32.126,2026-07-28 22:29:33.936
car_ID_149,FLUSH,400,car,238,299,237,301,0.5204,2026-07-28 22:29:34.930,2026-07-28 22:29:34.995
truck_ID_19,FLUSH,397,truck,184,276,543,265,0.8421,2026-07-28 22:29:33.231,2026-07-28 22:29:35.717
car_ID_148,FLUSH,398,car,126,306,127,306,0.5330,2026-07-28 22:29:33.842,2026-07-28 22:29:35.962
car_ID_150,FLUSH,405,car,311,289,310,289,0.5430,2026-07-28 22:29:35.962,2026-07-28 22:29:36.015
car_ID_151,FLUSH,409,car,476,282,477,282,0.5133,2026-07-28 22:29:36.697,2026-07-28 22:29:36.731
car_ID_153,FLUSH,414,car,236,300,236,300,0.5204,2026-07-28 22:29:37.716,2026-07-28 22:29:37.716
truck_ID_20,FLUSH,408,truck,566,263,650,261,0.6326,2026-07-28 22:29:36.056,2026-07-28 22:29:38.760
truck_ID_17,FLUSH,375,truck,159,297,713,265,0.7547,2026-07-28 22:29:28.299,2026-07-28 22:29:38.891
car_ID_155,FLUSH,414,car,237,290,237,290,0.5240,2026-07-28 22:29:39.297,2026-07-28 22:29:39.297
car_ID_156,FLUSH,417,car,422,282,423,283,0.5418,2026-07-28 22:29:39.332,2026-07-28 22:29:39.364
car_ID_113,FLUSH,272,car,1039,389,1037,395,0.5670,2026-07-28 22:29:11.202,2026-07-28 22:29:39.466
car_ID_158,FLUSH,375,car,728,288,730,287,0.5215,2026-07-28 22:29:40.003,2026-07-28 22:29:40.225
car_ID_160,FLUSH,423,car,505,275,505,275,0.5383,2026-07-28 22:29:40.768,2026-07-28 22:29:40.768
car_ID_154,FLUSH,415,car,314,290,312,288,0.5709,2026-07-28 22:29:38.232,2026-07-28 22:29:42.065
car_ID_163,FLUSH,428,car,240,293,241,290,0.5596,2026-07-28 22:29:42.167,2026-07-28 22:29:42.200
car_ID_162,FLUSH,417,car,422,282,422,282,0.5367,2026-07-28 22:29:41.171,2026-07-28 22:29:42.240
car_ID_157,FLUSH,420,car,477,280,470,280,0.5804,2026-07-28 22:29:39.332,2026-07-28 22:29:42.345
car_ID_152,FLUSH,413,car,126,306,127,307,0.5539,2026-07-28 22:29:37.602,2026-07-28 22:29:42.862
truck_ID_21,FLUSH,410,truck,216,329,712,266,0.7403,2026-07-28 22:29:36.697,2026-07-28 22:29:43.207
car_ID_159,FLUSH,414,car,237,290,541,302,0.7400,2026-07-28 22:29:40.459,2026-07-28 22:29:43.499
car_ID_164,FLUSH,429,car,314,289,313,287,0.5113,2026-07-28 22:29:42.569,2026-07-28 22:29:43.667
car_ID_165,FLUSH,433,car,509,275,507,275,0.5347,2026-07-28 22:29:43.733,2026-07-28 22:29:43.798
car_ID_166,FLUSH,420,car,476,277,485,287,0.5958,2026-07-28 22:29:44.260,2026-07-28 22:29:45.037
car_ID_167,FLUSH,414,car,616,290,627,287,0.5662,2026-07-28 22:29:44.662,2026-07-28 22:29:45.037
car_ID_169,FLUSH,446,car,303,287,303,287,0.5204,2026-07-28 22:29:46.299,2026-07-28 22:29:46.299
car_ID_171,FLUSH,448,car,130,305,126,304,0.5424,2026-07-28 22:29:46.871,2026-07-28 22:29:47.096
car_ID_170,FLUSH,445,car,237,289,238,301,0.5445,2026-07-28 22:29:46.774,2026-07-28 22:29:47.565
car_ID_168,FLUSH,414,car,665,281,702,273,0.5863,2026-07-28 22:29:46.265,2026-07-28 22:29:47.702
car_ID_161,FLUSH,272,car,1036,395,1036,394,0.5413,2026-07-28 22:29:41.006,2026-07-28 22:29:48.166
car_ID_173,FLUSH,452,car,310,288,312,289,0.5224,2026-07-28 22:29:47.800,2026-07-28 22:29:48.199
car_ID_174,FLUSH,454,car,475,284,479,282,0.5686,2026-07-28 22:29:47.968,2026-07-28 22:29:48.199
car_ID_175,FLUSH,455,car,435,295,438,297,0.5454,2026-07-28 22:29:48.694,2026-07-28 22:29:48.727
car_ID_176,FLUSH,459,car,473,283,470,286,0.5264,2026-07-28 22:29:48.798,2026-07-28 22:29:48.965
car_ID_172,FLUSH,449,car,284,318,583,295,0.7222,2026-07-28 22:29:47.129,2026-07-28 22:29:49.815
car_ID_177,FLUSH,272,car,1037,392,1037,395,0.5199,2026-07-28 22:29:49.273,2026-07-28 22:29:49.992
truck_ID_22,FLUSH,435,truck,158,336,692,269,0.7563,2026-07-28 22:29:44.078,2026-07-28 22:29:50.297
car_ID_180,FLUSH,435,car,691,300,691,300,0.5775,2026-07-28 22:29:50.568,2026-07-28 22:29:50.600
car_ID_181,FLUSH,463,car,238,301,238,301,0.5311,2026-07-28 22:29:50.638,2026-07-28 22:29:50.638
car_ID_183,FLUSH,272,car,1036,395,1035,395,0.5311,2026-07-28 22:29:51.331,2026-07-28 22:29:51.397
car_ID_178,FLUSH,461,car,127,306,126,306,0.5495,2026-07-28 22:29:49.858,2026-07-28 22:29:51.461
car_ID_182,FLUSH,465,car,420,283,424,280,0.5418,2026-07-28 22:29:51.078,2026-07-28 22:29:51.496
car_ID_179,FLUSH,464,car,297,291,313,289,0.5807,2026-07-28 22:29:50.223,2026-07-28 22:29:51.965
car_ID_185,FLUSH,463,car,242,290,242,290,0.6060,2026-07-28 22:29:51.997,2026-07-28 22:29:52.481
car_ID_186,FLUSH,468,car,476,281,476,281,0.5561,2026-07-28 22:29:52.797,2026-07-28 22:29:52.830
car_ID_184,FLUSH,435,car,712,291,729,288,0.5815,2026-07-28 22:29:51.835,2026-07-28 22:29:52.963
car_ID_187,FLUSH,272,car,1037,395,1037,394,0.5062,2026-07-28 22:29:53.066,2026-07-28 22:29:53.633
truck_ID_23,FLUSH,440,truck,184,345,711,267,0.7747,2026-07-28 22:29:48.403,2026-07-28 22:29:55.660
car_ID_189,FLUSH,478,car,296,290,314,288,0.5871,2026-07-28 22:29:54.298,2026-07-28 22:29:55.691
car_ID_191,FLUSH,272,car,1036,394,1036,394,0.5406,2026-07-28 22:29:55.146,2026-07-28 22:29:55.692
car_ID_188,FLUSH,475,car,126,306,128,306,0.5327,2026-07-28 22:29:54.162,2026-07-28 22:29:56.052
car_ID_190,FLUSH,476,car,237,297,238,290,0.5133,2026-07-28 22:29:54.733,2026-07-28 22:29:56.377
car_ID_192,FLUSH,483,car,476,281,476,282,0.5229,2026-07-28 22:29:55.892,2026-07-28 22:29:58.118
car_ID_193,FLUSH,272,car,1036,395,1036,395,0.5204,2026-07-28 22:29:58.262,2026-07-28 22:29:58.329
truck_ID_24,FLUSH,456,truck,175,337,693,270,0.7248,2026-07-28 22:29:52.522,2026-07-28 22:29:58.489
car_ID_196,FLUSH,495,car,704,299,704,299,0.5311,2026-07-28 22:30:00.334,2026-07-28 22:30:00.400
car_ID_197,FLUSH,272,car,1037,394,1037,394,0.5133,2026-07-28 22:30:00.497,2026-07-28 22:30:00.497
car_ID_195,FLUSH,492,car,313,288,311,288,0.5651,2026-07-28 22:29:59.381,2026-07-28 22:30:01.262
car_ID_198,FLUSH,491,car,235,298,237,300,0.5754,2026-07-28 22:30:00.599,2026-07-28 22:30:02.137
car_ID_201,FLUSH,500,car,473,281,479,282,0.5109,2026-07-28 22:30:01.774,2026-07-28 22:30:02.798
car_ID_194,FLUSH,490,car,127,305,126,305,0.5467,2026-07-28 22:29:58.734,2026-07-28 22:30:02.896
car_ID_202,FLUSH,492,car,310,288,309,289,0.5924,2026-07-28 22:30:02.316,2026-07-28 22:30:02.930
car_ID_204,FLUSH,491,car,241,290,241,290,0.5383,2026-07-28 22:30:03.434,2026-07-28 22:30:03.434
truck_ID_26,FLUSH,510,truck,204,276,281,274,0.5928,2026-07-28 22:30:04.231,2026-07-28 22:30:04.596
car_ID_205,FLUSH,500,car,474,280,479,285,0.5588,2026-07-28 22:30:03.822,2026-07-28 22:30:04.596
car_ID_203,FLUSH,496,car,420,283,422,283,0.5519,2026-07-28 22:30:03.028,2026-07-28 22:30:04.774
car_ID_199,FLUSH,503,car,218,330,610,291,0.7311,2026-07-28 22:30:01.496,2026-07-28 22:30:04.874
car_ID_209,FLUSH,521,car,415,282,422,282,0.5745,2026-07-28 22:30:06.376,2026-07-28 22:30:06.531
truck_ID_27,FLUSH,516,truck,318,272,532,264,0.7598,2026-07-28 22:30:04.838,2026-07-28 22:30:07.094
truck_ID_25,FLUSH,488,truck,192,312,679,270,0.6957,2026-07-28 22:29:57.197,2026-07-28 22:30:07.174
car_ID_207,FLUSH,510,car,236,299,237,290,0.5240,2026-07-28 22:30:05.265,2026-07-28 22:30:08.298
car_ID_208,FLUSH,518,car,302,291,310,289,0.5956,2026-07-28 22:30:05.601,2026-07-28 22:30:08.499
car_ID_214,FLUSH,519,car,504,276,503,277,0.5311,2026-07-28 22:30:10.109,2026-07-28 22:30:10.144
car_ID_206,FLUSH,514,car,128,306,126,306,0.5450,2026-07-28 22:30:05.172,2026-07-28 22:30:10.237
car_ID_215,FLUSH,533,car,613,271,613,271,0.5347,2026-07-28 22:30:10.206,2026-07-28 22:30:10.237
car_ID_211,FLUSH,526,car,478,280,479,280,0.5521,2026-07-28 22:30:07.466,2026-07-28 22:30:10.684
car_ID_217,FLUSH,510,car,235,292,234,292,0.5285,2026-07-28 22:30:10.404,2026-07-28 22:30:10.684
car_ID_200,FLUSH,272,car,1037,394,230,335,0.7255,2026-07-28 22:30:01.559,2026-07-28 22:30:11.092
car_ID_213,FLUSH,529,car,1063,395,642,373,0.7771,2026-07-28 22:30:09.506,2026-07-28 22:30:11.429
bus_ID_6,FLUSH,539,bus,696,271,692,271,0.5127,2026-07-28 22:30:11.335,2026-07-28 22:30:11.951
truck_ID_28,FLUSH,530,truck,690,271,692,271,0.5341,2026-07-28 22:30:09.455,2026-07-28 22:30:11.951
car_ID_219,FLUSH,541,car,127,306,127,306,0.5169,2026-07-28 22:30:11.570,2026-07-28 22:30:12.090
car_ID_216,FLUSH,534,car,311,288,313,289,0.6010,2026-07-28 22:30:10.369,2026-07-28 22:30:12.358
car_ID_212,FLUSH,521,car,425,280,421,282,0.5630,2026-07-28 22:30:07.568,2026-07-28 22:30:12.561
car_ID_224,FLUSH,550,car,212,331,212,331,0.5810,2026-07-28 22:30:12.831,2026-07-28 22:30:12.831
car_ID_210,FLUSH,525,car,1050,372,666,318,0.6866,2026-07-28 22:30:07.228,2026-07-28 22:30:13.100
car_ID_222,FLUSH,510,car,236,294,238,291,0.5798,2026-07-28 22:30:12.024,2026-07-28 22:30:13.101
truck_ID_29,FLUSH,550,truck,242,335,242,335,0.5703,2026-07-28 22:30:12.994,2026-07-28 22:30:13.467
car_ID_220,FLUSH,542,car,549,365,106,330,0.7846,2026-07-28 22:30:11.739,2026-07-28 22:30:13.628
car_ID_221,FLUSH,526,car,477,281,474,277,0.5767,2026-07-28 22:30:11.943,2026-07-28 22:30:13.829
car_ID_226,FLUSH,549,car,699,298,700,298,0.5725,2026-07-28 22:30:13.663,2026-07-28 22:30:13.857
car_ID_218,FLUSH,540,car,1053,384,313,350,0.7639,2026-07-28 22:30:11.397,2026-07-28 22:30:14.671
car_ID_230,FLUSH,556,car,235,290,239,300,0.5586,2026-07-28 22:30:14.052,2026-07-28 22:30:14.995
car_ID_228,FLUSH,521,car,423,282,423,279,0.5145,2026-07-28 22:30:13.971,2026-07-28 22:30:15.093
car_ID_229,FLUSH,557,car,621,305,615,293,0.7312,2026-07-28 22:30:13.972,2026-07-28 22:30:15.393
car_ID_234,FLUSH,556,car,237,301,237,301,0.5062,2026-07-28 22:30:17.102,2026-07-28 22:30:17.102
car_ID_232,FLUSH,526,car,475,281,467,280,0.5308,2026-07-28 22:30:15.465,2026-07-28 22:30:17.266
car_ID_225,FLUSH,553,car,1077,376,665,305,0.7838,2026-07-28 22:30:13.507,2026-07-28 22:30:18.331
car_ID_233,FLUSH,521,car,421,282,419,282,0.5374,2026-07-28 22:30:17.036,2026-07-28 22:30:18.428
truck_ID_30,FLUSH,569,truck,357,268,281,264,0.5456,2026-07-28 22:30:17.005,2026-07-28 22:30:18.667
car_ID_227,FLUSH,534,car,315,289,233,285,0.5798,2026-07-28 22:30:13.795,2026-07-28 22:30:19.119
car_ID_223,FLUSH,545,car,984,363,636,285,0.6977,2026-07-28 22:30:12.196,2026-07-28 22:30:19.326
car_ID_237,FLUSH,526,car,468,281,469,281,0.5157,2026-07-28 22:30:19.257,2026-07-28 22:30:19.326
truck_ID_31,FLUSH,569,truck,231,272,232,272,0.5240,2026-07-28 22:30:19.765,2026-07-28 22:30:19.832
car_ID_239,FLUSH,553,car,634,289,634,289,0.5133,2026-07-28 22:30:20.273,2026-07-28 22:30:20.303
car_ID_238,FLUSH,583,car,941,351,827,335,0.7281,2026-07-28 22:30:20.173,2026-07-28 22:30:20.862
car_ID_236,FLUSH,578,car,902,347,691,309,0.7546,2026-07-28 22:30:18.811,2026-07-28 22:30:21.405
car_ID_231,FLUSH,564,car,1062,374,637,288,0.7229,2026-07-28 22:30:15.393,2026-07-28 22:30:22.127
car_ID_241,FLUSH,591,car,1069,374,745,330,0.8055,2026-07-28 22:30:21.133,2026-07-28 22:30:22.956
car_ID_242,FLUSH,597,car,692,310,696,309,0.6017,2026-07-28 22:30:22.666,2026-07-28 22:30:23.118
car_ID_240,FLUSH,588,car,803,333,617,293,0.6524,2026-07-28 22:30:20.972,2026-07-28 22:30:23.732
car_ID_245,FLUSH,587,car,241,290,240,290,0.5359,2026-07-28 22:30:24.142,2026-07-28 22:30:24.499
car_ID_246,FLUSH,599,car,308,288,306,289,0.5746,2026-07-28 22:30:24.724,2026-07-28 22:30:26.119
car_ID_247,FLUSH,599,car,291,289,265,288,0.5656,2026-07-28 22:30:27.206,2026-07-28 22:30:27.931
car_ID_235,FLUSH,574,car,317,289,180,284,0.5981,2026-07-28 22:30:18.331,2026-07-28 22:30:28.306
car_ID_252,FLUSH,621,car,119,288,107,288,0.5899,2026-07-28 22:30:29.189,2026-07-28 22:30:29.550
car_ID_243,FLUSH,600,car,727,328,674,279,0.6492,2026-07-28 22:30:23.079,2026-07-28 22:30:29.799
car_ID_253,FLUSH,623,car,510,272,506,272,0.5240,2026-07-28 22:30:29.744,2026-07-28 22:30:29.867
car_ID_248,FLUSH,608,car,354,287,269,288,0.5550,2026-07-28 22:30:27.528,2026-07-28 22:30:29.904
car_ID_250,FLUSH,618,car,257,377,994,439,0.7495,2026-07-28 22:30:28.599,2026-07-28 22:30:30.894
car_ID_254,FLUSH,624,car,297,281,250,283,0.5929,2026-07-28 22:30:30.296,2026-07-28 22:30:31.340
car_ID_251,FLUSH,620,car,473,281,422,283,0.6129,2026-07-28 22:30:29.189,2026-07-28 22:30:31.825
car_ID_249,FLUSH,615,car,420,282,246,288,0.6093,2026-07-28 22:30:28.078,2026-07-28 22:30:32.402
car_ID_259,FLUSH,631,car,468,278,414,281,0.5538,2026-07-28 22:30:31.476,2026-07-28 22:30:32.707
car_ID_258,FLUSH,630,car,476,278,442,285,0.5857,2026-07-28 22:30:31.123,2026-07-28 22:30:32.942
car_ID_257,FLUSH,625,car,386,273,321,277,0.6185,2026-07-28 22:30:31.114,2026-07-28 22:30:33.052
car_ID_255,FLUSH,629,car,257,372,1049,437,0.7768,2026-07-28 22:30:30.693,2026-07-28 22:30:33.262
car_ID_260,FLUSH,620,car,351,286,258,289,0.6106,2026-07-28 22:30:32.973,2026-07-28 22:30:34.270
car_ID_261,FLUSH,640,car,272,374,956,431,0.8133,2026-07-28 22:30:33.197,2026-07-28 22:30:35.182
car_ID_262,FLUSH,642,car,519,282,514,281,0.6053,2026-07-28 22:30:33.612,2026-07-28 22:30:35.894
car_ID_263,FLUSH,630,car,355,289,258,292,0.6406,2026-07-28 22:30:34.546,2026-07-28 22:30:36.783
car_ID_264,FLUSH,644,car,301,368,904,426,0.8212,2026-07-28 22:30:34.794,2026-07-28 22:30:36.845
car_ID_256,FLUSH,627,car,523,283,231,295,0.6388,2026-07-28 22:30:30.797,2026-07-28 22:30:39.362
car_ID_265,FLUSH,653,car,209,357,1022,419,0.8100,2026-07-28 22:30:36.676,2026-07-28 22:30:39.897
car_ID_268,FLUSH,662,car,276,359,1050,425,0.8343,2026-07-28 22:30:39.298,2026-07-28 22:30:41.864
car_ID_269,FLUSH,663,car,243,373,900,433,0.8225,2026-07-28 22:30:40.157,2026-07-28 22:30:42.471
car_ID_271,FLUSH,627,car,202,304,203,304,0.5330,2026-07-28 22:30:42.504,2026-07-28 22:30:44.694
car_ID_272,FLUSH,672,car,631,262,621,264,0.5108,2026-07-28 22:30:45.404,2026-07-28 22:30:45.658
car_ID_273,FLUSH,674,car,244,345,268,347,0.6685,2026-07-28 22:30:45.797,2026-07-28 22:30:46.059
car_ID_267,FLUSH,654,car,518,283,354,286,0.6499,2026-07-28 22:30:36.783,2026-07-28 22:30:48.938
car_ID_270,FLUSH,665,car,514,281,432,285,0.6179,2026-07-28 22:30:40.719,2026-07-28 22:30:49.039
car_ID_279,FLUSH,683,car,471,279,471,279,0.5525,2026-07-28 22:30:49.329,2026-07-28 22:30:49.779
car_ID_277,FLUSH,679,car,254,340,417,323,0.6764,2026-07-28 22:30:48.563,2026-07-28 22:30:49.861
car_ID_276,FLUSH,677,car,518,266,381,272,0.6031,2026-07-28 22:30:47.868,2026-07-28 22:30:49.896
truck_ID_32,FLUSH,688,truck,460,318,460,318,0.6202,2026-07-28 22:30:49.997,2026-07-28 22:30:49.997
car_ID_274,FLUSH,627,car,201,305,200,297,0.5319,2026-07-28 22:30:46.136,2026-07-28 22:30:50.130
truck_ID_33,FLUSH,691,truck,494,315,494,315,0.5989,2026-07-28 22:30:50.403,2026-07-28 22:30:50.403
truck_ID_34,FLUSH,679,truck,501,312,523,309,0.5250,2026-07-28 22:30:50.498,2026-07-28 22:30:50.866
car_ID_285,FLUSH,696,car,120,294,120,294,0.5383,2026-07-28 22:30:51.728,2026-07-28 22:30:51.761
car_ID_278,FLUSH,684,car,121,333,512,301,0.6684,2026-07-28 22:30:49.167,2026-07-28 22:30:52.518
car_ID_280,FLUSH,688,car,420,324,432,286,0.5662,2026-07-28 22:30:49.647,2026-07-28 22:30:52.730
car_ID_244,FLUSH,605,car,702,302,736,281,0.7233,2026-07-28 22:30:23.926,2026-07-28 22:30:53.301
car_ID_287,FLUSH,699,car,115,337,163,331,0.5992,2026-07-28 22:30:52.867,2026-07-28 22:30:53.302
car_ID_282,FLUSH,692,car,258,344,545,315,0.7565,2026-07-28 22:30:50.805,2026-07-28 22:30:53.341
car_ID_288,FLUSH,703,car,668,298,671,297,0.5713,2026-07-28 22:30:53.228,2026-07-28 22:30:53.341
car_ID_283,FLUSH,691,car,522,304,628,288,0.5598,2026-07-28 22:30:51.296,2026-07-28 22:30:53.699
car_ID_290,FLUSH,705,car,519,284,519,283,0.6214,2026-07-28 22:30:53.575,2026-07-28 22:30:53.724
car_ID_294,FLUSH,708,car,621,288,624,291,0.5311,2026-07-28 22:30:54.631,2026-07-28 22:30:54.793
car_ID_275,FLUSH,675,car,294,349,721,289,0.7572,2026-07-28 22:30:46.205,2026-07-28 22:30:54.907
car_ID_286,FLUSH,697,car,234,343,502,318,0.7636,2026-07-28 22:30:52.004,2026-07-28 22:30:54.944
car_ID_293,FLUSH,707,car,201,306,215,316,0.5200,2026-07-28 22:30:54.096,2026-07-28 22:30:55.264
car_ID_295,FLUSH,705,car,494,283,493,285,0.5708,2026-07-28 22:30:54.943,2026-07-28 22:30:55.523
car_ID_284,FLUSH,695,car,228,322,580,309,0.6603,2026-07-28 22:30:51.728,2026-07-28 22:30:55.665
car_ID_296,FLUSH,710,car,1091,374,1062,358,0.5974,2026-07-28 22:30:55.053,2026-07-28 22:30:55.732
car_ID_266,FLUSH,650,car,441,291,286,298,0.5876,2026-07-28 22:30:36.746,2026-07-28 22:30:56.373
car_ID_281,FLUSH,686,car,349,288,363,293,0.6685,2026-07-28 22:30:49.688,2026-07-28 22:30:56.832
car_ID_292,FLUSH,688,car,429,285,435,292,0.5907,2026-07-28 22:30:53.878,2026-07-28 22:30:57.396
car_ID_289,FLUSH,704,car,672,296,726,281,0.6653,2026-07-28 22:30:53.436,2026-07-28 22:30:57.498
car_ID_300,FLUSH,710,car,1034,356,1033,356,0.5027,2026-07-28 22:30:57.467,2026-07-28 22:30:57.602
car_ID_298,FLUSH,691,car,667,299,707,291,0.6206,2026-07-28 22:30:55.557,2026-07-28 22:30:57.639
car_ID_301,FLUSH,721,car,693,287,703,288,0.5461,2026-07-28 22:30:57.467,2026-07-28 22:30:57.941
car_ID_297,FLUSH,712,car,270,314,562,297,0.7594,2026-07-28 22:30:55.463,2026-07-28 22:30:58.593
car_ID_302,FLUSH,724,car,667,281,670,280,0.5183,2026-07-28 22:30:58.527,2026-07-28 22:30:58.701
car_ID_304,FLUSH,726,car,516,334,547,329,0.5567,2026-07-28 22:30:58.631,2026-07-28 22:30:59.007
car_ID_291,FLUSH,698,car,231,324,665,285,0.7050,2026-07-28 22:30:53.769,2026-07-28 22:31:00.627
car_ID_299,FLUSH,695,car,651,303,710,291,0.7081,2026-07-28 22:30:57.027,2026-07-28 22:31:00.890
car_ID_305,FLUSH,729,car,268,301,280,293,0.5772,2026-07-28 22:30:59.008,2026-07-28 22:31:02.961
car_ID_306,FLUSH,730,car,123,333,202,304,0.5319,2026-07-28 22:30:59.232,2026-07-28 22:31:02.962
car_ID_308,FLUSH,734,car,425,286,433,286,0.5290,2026-07-28 22:31:00.200,2026-07-28 22:31:03.166
car_ID_309,FLUSH,717,car,1030,347,1030,346,0.5084,2026-07-28 22:31:02.386,2026-07-28 22:31:03.166
truck_ID_36,FLUSH,729,truck,233,295,238,295,0.5622,2026-07-28 22:31:03.200,2026-07-28 22:31:03.406
car_ID_307,FLUSH,732,car,338,290,362,292,0.6785,2026-07-28 22:30:59.411,2026-07-28 22:31:03.502
truck_ID_37,FLUSH,745,truck,248,294,518,282,0.7113,2026-07-28 22:31:03.290,2026-07-28 22:31:05.423
car_ID_310,FLUSH,746,car,203,304,202,304,0.5753,2026-07-28 22:31:04.097,2026-07-28 22:31:05.492
car_ID_311,FLUSH,748,car,267,300,289,292,0.5858,2026-07-28 22:31:04.097,2026-07-28 22:31:05.525
car_ID_313,FLUSH,753,car,437,288,437,288,0.5133,2026-07-28 22:31:05.525,2026-07-28 22:31:05.525
truck_ID_38,FLUSH,751,truck,707,270,710,269,0.6987,2026-07-28 22:31:05.013,2026-07-28 22:31:05.738
car_ID_314,FLUSH,717,car,1029,349,1029,349,0.5402,2026-07-28 22:31:05.832,2026-07-28 22:31:05.832
bus_ID_7,FLUSH,720,bus,712,268,712,268,0.5454,2026-07-28 22:31:05.875,2026-07-28 22:31:05.875
bus_ID_8,FLUSH,751,bus,712,268,712,268,0.5454,2026-07-28 22:31:05.885,2026-07-28 22:31:05.885
car_ID_315,FLUSH,710,car,1030,346,1030,346,0.5102,2026-07-28 22:31:05.921,2026-07-28 22:31:06.008
car_ID_312,FLUSH,750,car,339,291,368,295,0.6187,2026-07-28 22:31:04.536,2026-07-28 22:31:06.040
car_ID_316,FLUSH,717,car,1030,349,1030,349,0.5027,2026-07-28 22:31:06.893,2026-07-28 22:31:06.893
truck_ID_35,FLUSH,720,truck,184,297,717,265,0.7863,2026-07-28 22:30:56.930,2026-07-28 22:31:07.681
car_ID_319,FLUSH,765,car,199,305,201,305,0.5525,2026-07-28 22:31:08.697,2026-07-28 22:31:08.728
car_ID_317,FLUSH,761,car,270,297,343,294,0.6435,2026-07-28 22:31:08.062,2026-07-28 22:31:08.924
car_ID_303,FLUSH,725,car,202,304,685,271,0.7030,2026-07-28 22:30:58.594,2026-07-28 22:31:09.235
truck_ID_40,FLUSH,756,truck,717,265,719,265,0.5598,2026-07-28 22:31:07.395,2026-07-28 22:31:09.378
truck_ID_42,FLUSH,720,truck,719,265,721,265,0.5554,2026-07-28 22:31:08.794,2026-07-28 22:31:10.046
truck_ID_41,FLUSH,763,truck,239,303,507,283,0.7638,2026-07-28 22:31:08.294,2026-07-28 22:31:10.238
car_ID_323,FLUSH,768,car,433,286,435,286,0.5276,2026-07-28 22:31:10.238,2026-07-28 22:31:10.302
car_ID_324,FLUSH,769,car,348,305,440,300,0.6411,2026-07-28 22:31:10.570,2026-07-28 22:31:11.362
car_ID_322,FLUSH,765,car,205,305,204,303,0.5288,2026-07-28 22:31:10.238,2026-07-28 22:31:11.668
car_ID_325,FLUSH,768,car,435,286,432,285,0.5490,2026-07-28 22:31:11.897,2026-07-28 22:31:12.469
car_ID_320,FLUSH,767,car,340,291,361,288,0.6800,2026-07-28 22:31:09.412,2026-07-28 22:31:12.618
car_ID_321,FLUSH,766,car,277,292,287,293,0.6166,2026-07-28 22:31:09.527,2026-07-28 22:31:12.618
car_ID_318,FLUSH,764,car,272,302,580,310,0.7300,2026-07-28 22:31:08.532,2026-07-28 22:31:12.870
car_ID_327,FLUSH,782,car,497,306,567,301,0.6086,2026-07-28 22:31:13.868,2026-07-28 22:31:14.990
car_ID_326,FLUSH,781,car,601,310,651,303,0.6120,2026-07-28 22:31:13.867,2026-07-28 22:31:15.763
car_ID_331,FLUSH,790,car,609,297,609,297,0.5062,2026-07-28 22:31:15.835,2026-07-28 22:31:15.871
car_ID_333,FLUSH,798,car,128,298,120,296,0.6274,2026-07-28 22:31:18.768,2026-07-28 22:31:18.904
car_ID_328,FLUSH,783,car,206,304,203,303,0.5439,2026-07-28 22:31:14.950,2026-07-28 22:31:19.290
truck_ID_44,FLUSH,796,truck,362,273,271,273,0.5794,2026-07-28 22:31:18.541,2026-07-28 22:31:19.497
car_ID_334,FLUSH,797,car,668,304,666,302,0.5347,2026-07-28 22:31:19.594,2026-07-28 22:31:19.685
car_ID_330,FLUSH,786,car,697,301,699,301,0.5561,2026-07-28 22:31:15.730,2026-07-28 22:31:20.114
car_ID_336,FLUSH,796,car,201,305,203,304,0.5288,2026-07-28 22:31:20.594,2026-07-28 22:31:20.857
car_ID_337,FLUSH,786,car,687,303,687,303,0.5311,2026-07-28 22:31:21.197,2026-07-28 22:31:21.460
car_ID_329,FLUSH,789,car,265,301,361,287,0.5974,2026-07-28 22:31:15.432,2026-07-28 22:31:22.506
car_ID_332,FLUSH,791,car,269,299,401,299,0.6378,2026-07-28 22:31:16.361,2026-07-28 22:31:22.899
car_ID_341,FLUSH,710,car,1029,348,1029,348,0.5065,2026-07-28 22:31:23.205,2026-07-28 22:31:23.205
car_ID_342,FLUSH,806,car,690,301,690,301,0.5133,2026-07-28 22:31:23.330,2026-07-28 22:31:23.364
car_ID_340,FLUSH,807,car,343,291,361,293,0.6664,2026-07-28 22:31:22.999,2026-07-28 22:31:23.493
car_ID_338,FLUSH,803,car,203,304,287,304,0.6055,2026-07-28 22:31:22.029,2026-07-28 22:31:23.559
car_ID_335,FLUSH,800,car,281,312,428,290,0.6889,2026-07-28 22:31:20.114,2026-07-28 22:31:24.066
truck_ID_45,FLUSH,803,truck,230,309,401,292,0.7421,2026-07-28 22:31:22.969,2026-07-28 22:31:24.759
car_ID_345,FLUSH,811,car,396,311,433,308,0.6054,2026-07-28 22:31:24.965,2026-07-28 22:31:25.338
car_ID_347,FLUSH,815,car,427,286,439,288,0.5773,2026-07-28 22:31:25.875,2026-07-28 22:31:26.902
truck_ID_39,FLUSH,755,truck,304,284,710,267,0.6975,2026-07-28 22:31:06.993,2026-07-28 22:31:27.002
car_ID_343,FLUSH,808,car,204,304,463,299,0.6995,2026-07-28 22:31:24.138,2026-07-28 22:31:27.964
car_ID_349,FLUSH,821,car,125,298,125,298,0.5418,2026-07-28 22:31:29.432,2026-07-28 22:31:29.432
car_ID_339,FLUSH,804,car,259,301,277,295,0.5921,2026-07-28 22:31:22.260,2026-07-28 22:31:32.462
car_ID_353,FLUSH,710,car,1030,347,1030,347,0.5177,2026-07-28 22:31:33.293,2026-07-28 22:31:33.324
car_ID_354,FLUSH,717,car,1029,349,1029,350,0.5177,2026-07-28 22:31:33.910,2026-07-28 22:31:33.941
car_ID_348,FLUSH,817,car,428,285,443,287,0.5568,2026-07-28 22:31:27.899,2026-07-28 22:31:34.110
car_ID_350,FLUSH,820,car,496,282,513,280,0.6718,2026-07-28 22:31:29.495,2026-07-28 22:31:34.532
car_ID_351,FLUSH,825,car,203,304,202,303,0.5354,2026-07-28 22:31:33.098,2026-07-28 22:31:36.070
car_ID_346,FLUSH,814,car,98,337,575,293,0.6174,2026-07-28 22:31:25.195,2026-07-28 22:31:36.105
truck_ID_43,FLUSH,771,truck,155,342,692,271,0.8617,2026-07-28 22:31:12.355,2026-07-28 22:31:36.298
car_ID_352,FLUSH,826,car,263,302,288,293,0.5880,2026-07-28 22:31:33.263,2026-07-28 22:31:37.266
car_ID_344,FLUSH,810,car,344,289,363,294,0.6667,2026-07-28 22:31:24.759,2026-07-28 22:31:38.136
car_ID_357,FLUSH,717,car,1030,349,1030,350,0.5295,2026-07-28 22:31:37.197,2026-07-28 22:31:38.235
truck_ID_46,FLUSH,771,truck,701,269,710,266,0.6033,2026-07-28 22:31:37.392,2026-07-28 22:31:38.699
car_ID_355,FLUSH,830,car,423,288,454,287,0.5615,2026-07-28 22:31:34.617,2026-07-28 22:31:39.202
car_ID_359,FLUSH,710,car,1030,350,1030,349,0.5243,2026-07-28 22:31:38.068,2026-07-28 22:31:39.303
car_ID_356,FLUSH,832,car,503,280,515,280,0.6800,2026-07-28 22:31:35.537,2026-07-28 22:31:39.833
car_ID_360,FLUSH,843,car,514,296,576,291,0.5757,2026-07-28 22:31:40.046,2026-07-28 22:31:41.069
car_ID_358,FLUSH,814,car,613,286,698,272,0.5933,2026-07-28 22:31:37.489,2026-07-28 22:31:43.801
car_ID_365,FLUSH,717,car,1030,351,1029,361,0.5203,2026-07-28 22:31:43.740,2026-07-28 22:31:44.871
car_ID_368,FLUSH,710,car,1031,351,1026,356,0.5571,2026-07-28 22:31:45.307,2026-07-28 22:31:45.642
truck_ID_48,FLUSH,859,truck,1032,348,1032,348,0.5140,2026-07-28 22:31:46.472,2026-07-28 22:31:46.472
truck_ID_47,FLUSH,837,truck,252,296,695,272,0.7714,2026-07-28 22:31:39.367,2026-07-28 22:31:48.689
car_ID_367,FLUSH,858,car,1046,396,248,340,0.7648,2026-07-28 22:31:45.270,2026-07-28 22:31:49.467
car_ID_369,FLUSH,710,car,1028,357,933,330,0.6371,2026-07-28 22:31:47.566,2026-07-28 22:31:49.736
bus_ID_9,FLUSH,861,bus,976,334,828,317,0.6610,2026-07-28 22:31:49.200,2026-07-28 22:31:50.468
car_ID_370,FLUSH,859,car,1028,340,337,347,0.7843,2026-07-28 22:31:47.764,2026-07-28 22:31:50.468
truck_ID_49,FLUSH,859,truck,302,341,284,333,0.6240,2026-07-28 22:31:50.570,2026-07-28 22:31:50.641
truck_ID_50,FLUSH,861,truck,795,317,789,316,0.5590,2026-07-28 22:31:50.775,2026-07-28 22:31:50.835
car_ID_371,FLUSH,863,car,1068,383,869,365,0.7776,2026-07-28 22:31:50.094,2026-07-28 22:31:51.124
car_ID_361,FLUSH,848,car,264,301,277,291,0.5689,2026-07-28 22:31:41.566,2026-07-28 22:31:51.995
car_ID_364,FLUSH,855,car,421,285,433,285,0.5756,2026-07-28 22:31:43.269,2026-07-28 22:31:52.239
car_ID_374,FLUSH,868,car,503,341,414,334,0.5665,2026-07-28 22:31:52.271,2026-07-28 22:31:52.556
truck_ID_52,FLUSH,868,truck,402,334,376,333,0.6078,2026-07-28 22:31:52.584,2026-07-28 22:31:52.702
car_ID_373,FLUSH,863,car,509,346,376,333,0.6702,2026-07-28 22:31:52.239,2026-07-28 22:31:52.701
car_ID_376,FLUSH,870,car,294,302,263,297,0.6206,2026-07-28 22:31:52.471,2026-07-28 22:31:52.764
car_ID_362,FLUSH,847,car,202,304,201,304,0.5522,2026-07-28 22:31:41.653,2026-07-28 22:31:52.861
car_ID_363,FLUSH,851,car,337,290,348,289,0.6837,2026-07-28 22:31:42.162,2026-07-28 22:31:53.037
car_ID_372,FLUSH,867,car,706,302,690,295,0.6894,2026-07-28 22:31:52.135,2026-07-28 22:31:53.104
bus_ID_10,FLUSH,867,bus,690,294,690,294,0.6202,2026-07-28 22:31:53.204,2026-07-28 22:31:53.204
car_ID_380,FLUSH,876,car,689,293,689,293,0.5097,2026-07-28 22:31:53.231,2026-07-28 22:31:53.265
truck_ID_51,FLUSH,863,truck,851,365,184,318,0.7401,2026-07-28 22:31:51.154,2026-07-28 22:31:53.367
truck_ID_53,FLUSH,847,truck,179,321,179,321,0.5065,2026-07-28 22:31:53.402,2026-07-28 22:31:53.772
car_ID_382,FLUSH,878,car,725,291,725,291,0.5133,2026-07-28 22:31:54.011,2026-07-28 22:31:54.019
car_ID_383,FLUSH,863,car,205,304,205,304,0.5169,2026-07-28 22:31:54.165,2026-07-28 22:31:54.165
car_ID_384,FLUSH,880,car,689,288,689,288,0.5133,2026-07-28 22:31:54.355,2026-07-28 22:31:54.355
bus_ID_11,FLUSH,876,bus,689,293,690,287,0.5784,2026-07-28 22:31:53.298,2026-07-28 22:31:54.642
car_ID_375,FLUSH,869,car,1032,367,142,335,0.7195,2026-07-28 22:31:52.368,2026-07-28 22:31:55.698
car_ID_387,FLUSH,885,car,662,371,662,371,0.5632,2026-07-28 22:31:55.828,2026-07-28 22:31:56.306
car_ID_388,FLUSH,876,car,698,284,698,284,0.5703,2026-07-28 22:31:56.272,2026-07-28 22:31:56.643
car_ID_378,FLUSH,874,car,951,359,660,310,0.7846,2026-07-28 22:31:52.996,2026-07-28 22:31:56.995
car_ID_385,FLUSH,882,car,988,390,274,339,0.7982,2026-07-28 22:31:54.900,2026-07-28 22:31:56.996
car_ID_391,FLUSH,893,car,701,285,701,285,0.5440,2026-07-28 22:31:57.596,2026-07-28 22:31:58.078
car_ID_389,FLUSH,888,car,699,283,704,280,0.5899,2026-07-28 22:31:56.338,2026-07-28 22:31:59.601
car_ID_393,FLUSH,894,car,1052,395,638,374,0.8231,2026-07-28 22:31:58.399,2026-07-28 22:31:59.601
car_ID_390,FLUSH,890,car,988,397,237,339,0.7225,2026-07-28 22:31:56.964,2026-07-28 22:31:59.694
car_ID_394,FLUSH,899,car,547,367,261,347,0.8081,2026-07-28 22:31:59.790,2026-07-28 22:32:00.636
car_ID_395,FLUSH,900,car,162,340,101,332,0.6964,2026-07-28 22:32:00.871,2026-07-28 22:32:01.665
car_ID_392,FLUSH,874,car,630,295,690,275,0.6127,2026-07-28 22:31:58.301,2026-07-28 22:32:04.231
car_ID_396,FLUSH,888,car,710,279,726,274,0.5629,2026-07-28 22:32:02.806,2026-07-28 22:32:06.764
car_ID_397,FLUSH,908,car,675,258,671,257,0.5311,2026-07-28 22:32:06.966,2026-07-28 22:32:07.231
car_ID_398,FLUSH,909,car,641,259,630,261,0.5680,2026-07-28 22:32:07.878,2026-07-28 22:32:08.233
car_ID_386,FLUSH,863,car,202,304,206,304,0.5379,2026-07-28 22:31:55.357,2026-07-28 22:32:10.568
car_ID_377,FLUSH,873,car,435,287,402,273,0.5550,2026-07-28 22:31:52.996,2026-07-28 22:32:12.092
car_ID_400,FLUSH,920,car,713,257,712,258,0.6046,2026-07-28 22:32:11.979,2026-07-28 22:32:12.092
car_ID_381,FLUSH,877,car,287,300,255,293,0.5704,2026-07-28 22:31:53.402,2026-07-28 22:32:12.499
car_ID_401,FLUSH,921,car,159,306,131,307,0.5803,2026-07-28 22:32:12.065,2026-07-28 22:32:12.798
car_ID_402,FLUSH,925,car,286,277,283,277,0.5204,2026-07-28 22:32:12.969,2026-07-28 22:32:13.000
car_ID_403,FLUSH,924,car,715,255,699,256,0.5377,2026-07-28 22:32:13.143,2026-07-28 22:32:13.981
car_ID_379,FLUSH,875,car,357,296,260,290,0.6671,2026-07-28 22:31:53.205,2026-07-28 22:32:14.880
car_ID_405,FLUSH,932,car,630,262,629,263,0.5696,2026-07-28 22:32:14.922,2026-07-28 22:32:15.040
car_ID_408,FLUSH,938,car,631,261,621,262,0.5486,2026-07-28 22:32:16.682,2026-07-28 22:32:17.034
car_ID_399,FLUSH,917,car,430,285,260,290,0.6164,2026-07-28 22:32:11.906,2026-07-28 22:32:17.102
car_ID_406,FLUSH,930,car,306,364,1053,430,0.8607,2026-07-28 22:32:15.364,2026-07-28 22:32:17.236
car_ID_404,FLUSH,927,car,447,285,297,294,0.6035,2026-07-28 22:32:14.704,2026-07-28 22:32:17.958
car_ID_411,FLUSH,946,car,513,281,513,281,0.5062,2026-07-28 22:32:18.733,2026-07-28 22:32:18.767
car_ID_410,FLUSH,941,car,718,255,675,256,0.6192,2026-07-28 22:32:17.795,2026-07-28 22:32:18.876
car_ID_409,FLUSH,940,car,284,382,1019,441,0.7651,2026-07-28 22:32:17.199,2026-07-28 22:32:19.492
car_ID_412,FLUSH,948,car,517,263,493,263,0.5236,2026-07-28 22:32:19.393,2026-07-28 22:32:20.078
car_ID_407,FLUSH,936,car,520,278,327,283,0.6857,2026-07-28 22:32:16.104,2026-07-28 22:32:21.132
car_ID_415,FLUSH,955,car,715,259,713,259,0.5418,2026-07-28 22:32:21.132,2026-07-28 22:32:21.200
car_ID_417,FLUSH,960,car,120,326,120,326,0.5240,2026-07-28 22:32:21.615,2026-07-28 22:32:21.615
car_ID_366,FLUSH,856,car,496,282,153,303,0.7065,2026-07-28 22:31:44.186,2026-07-28 22:32:21.707
car_ID_419,FLUSH,946,car,383,274,380,274,0.6559,2026-07-28 22:32:21.935,2026-07-28 22:32:21.966
car_ID_413,FLUSH,949,car,258,372,1041,438,0.8161,2026-07-28 22:32:19.393,2026-07-28 22:32:22.064
car_ID_420,FLUSH,948,car,374,274,372,274,0.5739,2026-07-28 22:32:22.030,2026-07-28 22:32:22.064
truck_ID_55,FLUSH,948,truck,335,274,335,274,0.5276,2026-07-28 22:32:22.398,2026-07-28 22:32:22.398
truck_ID_54,FLUSH,946,truck,396,273,310,276,0.5537,2026-07-28 22:32:21.772,2026-07-28 22:32:22.597
car_ID_418,FLUSH,961,car,323,283,244,284,0.6426,2026-07-28 22:32:21.615,2026-07-28 22:32:22.896
car_ID_422,FLUSH,965,car,512,261,505,262,0.5718,2026-07-28 22:32:22.735,2026-07-28 22:32:22.895
car_ID_424,FLUSH,967,car,630,262,630,262,0.5204,2026-07-28 22:32:23.148,2026-07-28 22:32:23.148
car_ID_414,FLUSH,953,car,272,359,1006,420,0.8025,2026-07-28 22:32:21.033,2026-07-28 22:32:23.266
car_ID_423,FLUSH,856,car,87,317,187,348,0.5894,2026-07-28 22:32:23.110,2026-07-28 22:32:24.024
car_ID_421,FLUSH,964,car,248,347,1065,428,0.8576,2026-07-28 22:32:22.530,2026-07-28 22:32:25.066
car_ID_427,FLUSH,972,car,857,343,864,344,0.5062,2026-07-28 22:32:25.065,2026-07-28 22:32:25.103
car_ID_429,FLUSH,977,car,287,273,272,273,0.5329,2026-07-28 22:32:25.439,2026-07-28 22:32:25.535
car_ID_430,FLUSH,980,car,717,257,712,258,0.6104,2026-07-28 22:32:25.866,2026-07-28 22:32:26.102
car_ID_425,FLUSH,971,car,276,362,1045,432,0.8426,2026-07-28 22:32:24.443,2026-07-28 22:32:26.665
car_ID_416,FLUSH,957,car,925,359,687,296,0.7613,2026-07-28 22:32:21.398,2026-07-28 22:32:27.167
car_ID_433,FLUSH,992,car,631,263,629,263,0.5825,2026-07-28 22:32:27.928,2026-07-28 22:32:28.058
car_ID_432,FLUSH,984,car,456,271,321,279,0.5903,2026-07-28 22:32:26.360,2026-07-28 22:32:28.099
car_ID_434,FLUSH,990,car,701,291,730,280,0.6382,2026-07-28 22:32:27.993,2026-07-28 22:32:30.250
car_ID_431,FLUSH,982,car,298,288,264,290,0.6008,2026-07-28 22:32:26.198,2026-07-28 22:32:30.692
car_ID_437,FLUSH,996,car,512,268,457,272,0.5717,2026-07-28 22:32:30.329,2026-07-28 22:32:31.211
car_ID_435,FLUSH,991,car,517,279,420,278,0.6108,2026-07-28 22:32:28.197,2026-07-28 22:32:31.824
car_ID_439,FLUSH,1002,car,263,290,263,291,0.5696,2026-07-28 22:32:31.958,2026-07-28 22:32:32.275
car_ID_426,FLUSH,973,car,521,278,348,289,0.6122,2026-07-28 22:32:25.065,2026-07-28 22:32:32.637
car_ID_440,FLUSH,1003,car,512,279,514,280,0.6697,2026-07-28 22:32:32.207,2026-07-28 22:32:32.839
truck_ID_56,FLUSH,1000,truck,481,301,482,300,0.5953,2026-07-28 22:32:32.879,2026-07-28 22:32:32.888
truck_ID_57,FLUSH,1009,truck,486,299,501,299,0.5302,2026-07-28 22:32:32.915,2026-07-28 22:32:33.136
car_ID_428,FLUSH,976,car,832,338,729,284,0.7577,2026-07-28 22:32:25.218,2026-07-28 22:32:33.231
car_ID_444,FLUSH,1012,car,340,288,351,291,0.6172,2026-07-28 22:32:33.597,2026-07-28 22:32:34.039
car_ID_438,FLUSH,1000,car,242,320,575,305,0.7062,2026-07-28 22:32:30.768,2026-07-28 22:32:34.139
truck_ID_59,FLUSH,1007,truck,313,307,351,305,0.6517,2026-07-28 22:32:34.235,2026-07-28 22:32:34.486
car_ID_441,FLUSH,1005,car,234,317,519,303,0.7177,2026-07-28 22:32:32.371,2026-07-28 22:32:34.863
car_ID_442,FLUSH,1009,car,508,297,480,285,0.6102,2026-07-28 22:32:33.167,2026-07-28 22:32:34.996
car_ID_445,FLUSH,1007,car,244,314,349,290,0.6036,2026-07-28 22:32:33.766,2026-07-28 22:32:35.170
car_ID_443,FLUSH,1011,car,264,291,442,300,0.6128,2026-07-28 22:32:33.331,2026-07-28 22:32:35.205
truck_ID_60,FLUSH,1000,truck,616,286,623,286,0.5627,2026-07-28 22:32:35.139,2026-07-28 22:32:35.365
truck_ID_58,FLUSH,1011,truck,303,309,479,296,0.6075,2026-07-28 22:32:34.174,2026-07-28 22:32:35.566
truck_ID_61,FLUSH,1017,truck,446,299,501,293,0.5668,2026-07-28 22:32:35.269,2026-07-28 22:32:35.839
car_ID_449,FLUSH,1021,car,542,300,587,295,0.6198,2026-07-28 22:32:35.095,2026-07-28 22:32:36.105
car_ID_448,FLUSH,1017,car,406,301,560,306,0.5867,2026-07-28 22:32:34.895,2026-07-28 22:32:36.569
car_ID_452,FLUSH,1023,car,474,283,474,285,0.5935,2026-07-28 22:32:36.504,2026-07-28 22:32:36.667
car_ID_454,FLUSH,1029,car,216,330,216,328,0.5187,2026-07-28 22:32:36.841,2026-07-28 22:32:36.875
car_ID_456,FLUSH,1031,car,414,285,414,285,0.5490,2026-07-28 22:32:37.560,2026-07-28 22:32:37.593
car_ID_436,FLUSH,995,car,299,349,739,282,0.7500,2026-07-28 22:32:30.141,2026-07-28 22:32:37.795
car_ID_457,FLUSH,1036,car,470,286,471,285,0.5026,2026-07-28 22:32:37.763,2026-07-28 22:32:37.795
car_ID_446,FLUSH,1018,car,263,290,523,302,0.6362,2026-07-28 22:32:34.696,2026-07-28 22:32:37.895
car_ID_462,FLUSH,1018,car,620,284,622,285,0.5418,2026-07-28 22:32:39.333,2026-07-28 22:32:39.468
car_ID_450,FLUSH,1024,car,231,346,564,294,0.7487,2026-07-28 22:32:36.293,2026-07-28 22:32:39.602
car_ID_455,FLUSH,1033,car,286,318,534,302,0.5988,2026-07-28 22:32:37.298,2026-07-28 22:32:39.672
car_ID_461,FLUSH,1041,car,581,308,606,298,0.5777,2026-07-28 22:32:39.127,2026-07-28 22:32:40.167
car_ID_463,FLUSH,1048,car,190,349,275,334,0.6028,2026-07-28 22:32:39.999,2026-07-28 22:32:40.311
car_ID_453,FLUSH,1027,car,341,288,334,292,0.5713,2026-07-28 22:32:36.667,2026-07-28 22:32:40.345
car_ID_460,FLUSH,1043,car,472,281,475,288,0.5872,2026-07-28 22:32:39.126,2026-07-28 22:32:40.471
car_ID_459,FLUSH,1031,car,416,286,414,294,0.5264,2026-07-28 22:32:38.788,2026-07-28 22:32:40.500
car_ID_458,FLUSH,1039,car,242,340,565,311,0.7434,2026-07-28 22:32:38.408,2026-07-28 22:32:41.288
car_ID_447,FLUSH,1019,car,239,344,736,284,0.7252,2026-07-28 22:32:34.830,2026-07-28 22:32:41.312
car_ID_451,FLUSH,1025,car,263,289,521,293,0.6706,2026-07-28 22:32:36.359,2026-07-28 22:32:41.425
car_ID_468,FLUSH,1055,car,345,289,345,289,0.5817,2026-07-28 22:32:41.204,2026-07-28 22:32:42.168
car_ID_471,FLUSH,1061,car,416,285,416,285,0.5418,2026-07-28 22:32:42.236,2026-07-28 22:32:42.236
car_ID_472,FLUSH,1063,car,472,281,479,285,0.5338,2026-07-28 22:32:42.335,2026-07-28 22:32:42.745
car_ID_470,FLUSH,1064,car,262,293,264,290,0.5245,2026-07-28 22:32:42.168,2026-07-28 22:32:42.875
car_ID_464,FLUSH,1049,car,243,344,585,311,0.6584,2026-07-28 22:32:40.094,2026-07-28 22:32:42.989
car_ID_465,FLUSH,1050,car,668,307,731,285,0.6906,2026-07-28 22:32:40.345,2026-07-28 22:32:43.166
car_ID_474,FLUSH,1066,car,516,287,516,287,0.5739,2026-07-28 22:32:43.199,2026-07-28 22:32:43.199
car_ID_469,FLUSH,1058,car,218,323,545,314,0.7315,2026-07-28 22:32:41.426,2026-07-28 22:32:44.469
car_ID_476,FLUSH,1071,car,264,291,265,290,0.6047,2026-07-28 22:32:43.738,2026-07-28 22:32:44.468
car_ID_473,FLUSH,1065,car,342,289,346,289,0.6024,2026-07-28 22:32:43.101,2026-07-28 22:32:44.669
car_ID_466,FLUSH,1054,car,257,302,519,286,0.6419,2026-07-28 22:32:40.866,2026-07-28 22:32:44.730
car_ID_467,FLUSH,1051,car,577,310,729,283,0.6925,2026-07-28 22:32:41.074,2026-07-28 22:32:45.163
car_ID_475,FLUSH,1067,car,284,314,529,303,0.6672,2026-07-28 22:32:43.232,2026-07-28 22:32:45.489
car_ID_478,FLUSH,1078,car,468,282,473,287,0.5516,2026-07-28 22:32:45.164,2026-07-28 22:32:45.595
car_ID_480,FLUSH,1081,car,582,296,620,288,0.5335,2026-07-28 22:32:46.238,2026-07-28 22:32:46.995
car_ID_483,FLUSH,1091,car,661,283,661,283,0.5204,2026-07-28 22:32:47.497,2026-07-28 22:32:47.497
car_ID_481,FLUSH,1088,car,338,291,344,288,0.5978,2026-07-28 22:32:47.092,2026-07-28 22:32:47.662
car_ID_482,FLUSH,1089,car,262,290,263,291,0.5917,2026-07-28 22:32:47.156,2026-07-28 22:32:47.662
car_ID_477,FLUSH,1072,car,669,299,731,276,0.5945,2026-07-28 22:32:43.904,2026-07-28 22:32:47.764
car_ID_479,FLUSH,1084,car,668,301,707,291,0.7331,2026-07-28 22:32:46.172,2026-07-28 22:32:48.426
car_ID_487,FLUSH,1093,car,418,286,418,286,0.5133,2026-07-28 22:32:48.393,2026-07-28 22:32:48.426
car_ID_485,FLUSH,1095,car,436,270,419,277,0.5899,2026-07-28 22:32:48.393,2026-07-28 22:32:48.664
car_ID_488,FLUSH,1096,car,263,290,264,291,0.6012,2026-07-28 22:32:48.595,2026-07-28 22:32:48.935
car_ID_486,FLUSH,1094,car,472,282,477,281,0.5784,2026-07-28 22:32:48.393,2026-07-28 22:32:49.131
car_ID_493,FLUSH,1104,car,608,291,618,291,0.5872,2026-07-28 22:32:49.721,2026-07-28 22:32:50.129
truck_ID_62,FLUSH,1075,truck,162,333,690,267,0.7457,2026-07-28 22:32:44.795,2026-07-28 22:32:50.628
car_ID_496,FLUSH,1105,car,579,311,605,311,0.5896,2026-07-28 22:32:50.429,2026-07-28 22:32:50.710
car_ID_484,FLUSH,1092,car,240,334,515,284,0.7692,2026-07-28 22:32:47.730,2026-07-28 22:32:50.740
car_ID_497,FLUSH,1107,car,275,347,275,347,0.6951,2026-07-28 22:32:50.602,2026-07-28 22:32:51.051
car_ID_499,FLUSH,1109,car,124,293,95,290,0.5887,2026-07-28 22:32:50.942,2026-07-28 22:32:51.660
car_ID_491,FLUSH,1099,car,509,269,472,281,0.5886,2026-07-28 22:32:49.200,2026-07-28 22:32:51.904
car_ID_498,FLUSH,1108,car,563,293,622,287,0.5442,2026-07-28 22:32:50.740,2026-07-28 22:32:52.065
car_ID_501,FLUSH,1112,car,514,263,494,258,0.5622,2026-07-28 22:32:51.792,2026-07-28 22:32:52.194
car_ID_492,FLUSH,1093,car,416,286,416,285,0.5399,2026-07-28 22:32:49.504,2026-07-28 22:32:53.130
car_ID_495,FLUSH,1106,car,239,342,610,310,0.7680,2026-07-28 22:32:50.397,2026-07-28 22:32:53.674
car_ID_505,FLUSH,1122,car,512,266,508,266,0.5181,2026-07-28 22:32:53.930,2026-07-28 22:32:53.995
car_ID_489,FLUSH,1097,car,341,288,345,288,0.5847,2026-07-28 22:32:48.769,2026-07-28 22:32:54.027
car_ID_494,FLUSH,1096,car,264,289,267,291,0.5786,2026-07-28 22:32:50.062,2026-07-28 22:32:54.027
car_ID_503,FLUSH,1099,car,472,283,471,280,0.5643,2026-07-28 22:32:53.063,2026-07-28 22:32:54.027
car_ID_504,FLUSH,1112,car,425,273,416,285,0.5533,2026-07-28 22:32:53.402,2026-07-28 22:32:54.736
car_ID_500,FLUSH,1111,car,658,305,730,283,0.6991,2026-07-28 22:32:51.500,2026-07-28 22:32:55.661
truck_ID_64,FLUSH,1133,truck,344,303,366,301,0.6476,2026-07-28 22:32:56.096,2026-07-28 22:32:56.153
car_ID_510,FLUSH,1137,car,120,288,120,288,0.5917,2026-07-28 22:32:56.190,2026-07-28 22:32:56.190
truck_ID_63,FLUSH,1127,truck,267,307,516,284,0.7942,2026-07-28 22:32:54.391,2026-07-28 22:32:56.866
car_ID_512,FLUSH,1143,car,425,279,415,280,0.5816,2026-07-28 22:32:57.003,2026-07-28 22:32:57.158
car_ID_506,FLUSH,1132,car,264,290,299,275,0.5647,2026-07-28 22:32:55.393,2026-07-28 22:32:57.232
car_ID_511,FLUSH,1140,car,422,302,525,299,0.5727,2026-07-28 22:32:56.507,2026-07-28 22:32:57.363
car_ID_508,FLUSH,1128,car,667,279,690,273,0.5189,2026-07-28 22:32:55.935,2026-07-28 22:32:57.531
car_ID_490,FLUSH,1100,car,222,325,724,283,0.7262,2026-07-28 22:32:48.769,2026-07-28 22:32:58.220
car_ID_515,FLUSH,1149,car,669,313,669,313,0.6951,2026-07-28 22:32:58.323,2026-07-28 22:32:58.323
car_ID_516,FLUSH,1151,car,132,294,113,287,0.6182,2026-07-28 22:32:58.523,2026-07-28 22:32:58.888
car_ID_502,FLUSH,1117,car,243,344,713,292,0.7587,2026-07-28 22:32:52.448,2026-07-28 22:32:59.043
car_ID_517,FLUSH,1155,car,634,288,637,286,0.5204,2026-07-28 22:32:59.484,2026-07-28 22:32:59.657
car_ID_518,FLUSH,1160,car,508,268,508,268,0.5169,2026-07-28 22:33:00.612,2026-07-28 22:33:00.612
truck_ID_65,FLUSH,1148,truck,675,276,703,273,0.6981,2026-07-28 22:32:59.172,2026-07-28 22:33:01.159
car_ID_514,FLUSH,1146,car,343,288,344,287,0.5404,2026-07-28 22:32:57.531,2026-07-28 22:33:02.627
car_ID_521,FLUSH,1163,car,511,268,511,268,0.5097,2026-07-28 22:33:07.216,2026-07-28 22:33:07.216
car_ID_513,FLUSH,1144,car,470,281,470,282,0.5678,2026-07-28 22:32:57.499,2026-07-28 22:33:07.300
car_ID_522,FLUSH,1178,car,708,252,707,252,0.5240,2026-07-28 22:33:07.474,2026-07-28 22:33:07.503
car_ID_523,FLUSH,1182,car,517,286,518,287,0.6024,2026-07-28 22:33:07.674,2026-07-28 22:33:07.859
car_ID_520,FLUSH,1176,car,263,291,264,291,0.6295,2026-07-28 22:33:07.062,2026-07-28 22:33:09.101
car_ID_525,FLUSH,1183,car,519,285,519,285,0.5276,2026-07-28 22:33:09.210,2026-07-28 22:33:09.214
car_ID_507,FLUSH,1133,car,336,289,417,280,0.5660,2026-07-28 22:32:55.699,2026-07-28 22:33:09.247
car_ID_519,FLUSH,1146,car,345,287,345,291,0.5742,2026-07-28 22:33:03.995,2026-07-28 22:33:09.530
car_ID_524,FLUSH,1144,car,471,283,469,285,0.5411,2026-07-28 22:33:08.438,2026-07-28 22:33:10.039
car_ID_527,FLUSH,1183,car,518,288,519,285,0.6287,2026-07-28 22:33:10.307,2026-07-28 22:33:10.535
car_ID_526,FLUSH,1186,car,286,318,569,298,0.6952,2026-07-28 22:33:09.496,2026-07-28 22:33:11.708
car_ID_530,FLUSH,1197,car,263,290,263,291,0.5803,2026-07-28 22:33:11.672,2026-07-28 22:33:12.280
car_ID_528,FLUSH,1194,car,300,315,521,296,0.6481,2026-07-28 22:33:11.302,2026-07-28 22:33:12.661
car_ID_509,FLUSH,1135,car,263,290,729,272,0.6449,2026-07-28 22:32:56.142,2026-07-28 22:33:13.269
car_ID_532,FLUSH,1201,car,471,282,518,286,0.5538,2026-07-28 22:33:12.726,2026-07-28 22:33:14.049
truck_ID_67,FLUSH,1211,truck,698,269,698,269,0.7878,2026-07-28 22:33:14.333,2026-07-28 22:33:14.802
car_ID_535,FLUSH,1206,car,610,290,638,286,0.5347,2026-07-28 22:33:13.796,2026-07-28 22:33:15.265
truck_ID_66,FLUSH,1187,truck,305,285,717,262,0.7626,2026-07-28 22:33:10.503,2026-07-28 22:33:16.091
car_ID_539,FLUSH,1220,car,631,266,631,266,0.5347,2026-07-28 22:33:16.894,2026-07-28 22:33:16.894
car_ID_537,FLUSH,1216,car,118,340,164,332,0.7605,2026-07-28 22:33:16.257,2026-07-28 22:33:16.930
car_ID_536,FLUSH,1207,car,471,282,517,287,0.5578,2026-07-28 22:33:14.465,2026-07-28 22:33:18.064
car_ID_538,FLUSH,1217,car,246,322,554,296,0.7860,2026-07-28 22:33:16.798,2026-07-28 22:33:18.835
car_ID_529,FLUSH,1196,car,345,287,346,287,0.5856,2026-07-28 22:33:11.633,2026-07-28 22:33:18.882
car_ID_531,FLUSH,1203,car,415,285,416,286,0.5690,2026-07-28 22:33:12.695,2026-07-28 22:33:19.283
truck_ID_68,FLUSH,1226,truck,321,306,347,304,0.6177,2026-07-28 22:33:19.315,2026-07-28 22:33:19.433
car_ID_534,FLUSH,1197,car,264,290,378,300,0.6110,2026-07-28 22:33:13.494,2026-07-28 22:33:19.698
car_ID_540,FLUSH,1222,car,467,283,471,285,0.5600,2026-07-28 22:33:18.406,2026-07-28 22:33:19.737
truck_ID_69,FLUSH,1203,truck,434,299,448,298,0.5097,2026-07-28 22:33:20.027,2026-07-28 22:33:20.506
truck_ID_70,FLUSH,1197,truck,442,297,491,294,0.7007,2026-07-28 22:33:20.106,2026-07-28 22:33:20.571
car_ID_533,FLUSH,1205,car,234,322,735,271,0.6667,2026-07-28 22:33:12.874,2026-07-28 22:33:20.653
car_ID_547,FLUSH,1197,car,576,294,577,295,0.6630,2026-07-28 22:33:21.603,2026-07-28 22:33:21.706
car_ID_546,FLUSH,1234,car,467,281,521,290,0.5906,2026-07-28 22:33:20.999,2026-07-28 22:33:21.926
truck_ID_71,FLUSH,1197,truck,618,284,621,284,0.5270,2026-07-28 22:33:22.566,2026-07-28 22:33:22.731
car_ID_549,FLUSH,1239,car,566,270,566,270,0.5418,2026-07-28 22:33:22.805,2026-07-28 22:33:22.805
car_ID_548,FLUSH,1238,car,465,282,472,281,0.5515,2026-07-28 22:33:22.297,2026-07-28 22:33:23.592
car_ID_552,FLUSH,1243,car,518,287,518,287,0.6202,2026-07-28 22:33:24.435,2026-07-28 22:33:24.435
car_ID_541,FLUSH,1227,car,572,295,734,272,0.6507,2026-07-28 22:33:19.058,2026-07-28 22:33:24.787
car_ID_542,FLUSH,1229,car,263,290,269,291,0.6167,2026-07-28 22:33:19.592,2026-07-28 22:33:26.327
car_ID_544,FLUSH,1233,car,228,322,663,281,0.6841,2026-07-28 22:33:20.442,2026-07-28 22:33:26.566
car_ID_545,FLUSH,1203,car,417,286,417,285,0.5618,2026-07-28 22:33:20.892,2026-07-28 22:33:26.930
car_ID_543,FLUSH,1226,car,343,289,346,292,0.5808,2026-07-28 22:33:19.963,2026-07-28 22:33:27.032
car_ID_553,FLUSH,1244,car,467,283,471,281,0.5632,2026-07-28 22:33:24.797,2026-07-28 22:33:27.032
bus_ID_12,FLUSH,1249,bus,405,291,408,290,0.5778,2026-07-28 22:33:27.378,2026-07-28 22:33:27.391
bus_ID_13,FLUSH,1203,bus,411,291,470,287,0.5526,2026-07-28 22:33:27.419,2026-07-28 22:33:27.998
car_ID_551,FLUSH,1242,car,661,284,720,270,0.5840,2026-07-28 22:33:24.369,2026-07-28 22:33:28.199
truck_ID_73,FLUSH,1203,truck,521,285,522,284,0.6381,2026-07-28 22:33:28.287,2026-07-28 22:33:28.305
car_ID_558,FLUSH,1259,car,463,285,471,286,0.5966,2026-07-28 22:33:28.381,2026-07-28 22:33:28.600
truck_ID_72,FLUSH,1249,truck,250,302,516,284,0.7285,2026-07-28 22:33:26.567,2026-07-28 22:33:28.702
car_ID_554,FLUSH,1251,car,263,290,269,290,0.5935,2026-07-28 22:33:27.233,2026-07-28 22:33:28.996
car_ID_559,FLUSH,1258,car,416,286,416,286,0.5147,2026-07-28 22:33:29.024,2026-07-28 22:33:29.180
car_ID_550,FLUSH,1235,car,227,326,734,275,0.7063,2026-07-28 22:33:23.007,2026-07-28 22:33:29.472
car_ID_555,FLUSH,1254,car,335,290,346,291,0.6074,2026-07-28 22:33:27.468,2026-07-28 22:33:29.648
car_ID_557,FLUSH,1233,car,684,276,738,270,0.6464,2026-07-28 22:33:28.350,2026-07-28 22:33:31.618
car_ID_563,FLUSH,1276,car,463,283,469,274,0.5430,2026-07-28 22:33:31.830,2026-07-28 22:33:32.394
car_ID_556,FLUSH,1255,car,236,339,704,289,0.7501,2026-07-28 22:33:27.630,2026-07-28 22:33:32.497
car_ID_564,FLUSH,1278,car,511,289,517,289,0.5579,2026-07-28 22:33:32.394,2026-07-28 22:33:32.531
car_ID_560,FLUSH,1269,car,263,290,270,291,0.5648,2026-07-28 22:33:30.997,2026-07-28 22:33:32.623
car_ID_561,FLUSH,1270,car,334,288,347,289,0.5654,2026-07-28 22:33:30.997,2026-07-28 22:33:32.623
car_ID_565,FLUSH,1279,car,415,286,417,286,0.5660,2026-07-28 22:33:32.841,2026-07-28 22:33:33.298
car_ID_566,FLUSH,1276,car,472,282,473,282,0.5026,2026-07-28 22:33:33.425,2026-07-28 22:33:33.457
truck_ID_74,FLUSH,1261,truck,200,278,700,268,0.7315,2026-07-28 22:33:29.440,2026-07-28 22:33:34.067
car_ID_562,FLUSH,1271,car,229,322,668,281,0.6809,2026-07-28 22:33:31.237,2026-07-28 22:33:35.992
truck_ID_76,FLUSH,1294,truck,723,264,723,263,0.5490,2026-07-28 22:33:36.159,2026-07-28 22:33:36.193
car_ID_572,FLUSH,1298,car,519,290,519,290,0.5026,2026-07-28 22:33:38.097,2026-07-28 22:33:38.097
car_ID_571,FLUSH,1301,car,263,291,265,290,0.5938,2026-07-28 22:33:37.598,2026-07-28 22:33:39.047
car_ID_569,FLUSH,1292,car,414,286,414,286,0.5546,2026-07-28 22:33:36.124,2026-07-28 22:33:39.237
car_ID_568,FLUSH,1290,car,334,288,344,286,0.5506,2026-07-28 22:33:35.063,2026-07-28 22:33:39.335
truck_ID_75,FLUSH,1282,truck,212,300,706,266,0.7541,2026-07-28 22:33:33.425,2026-07-28 22:33:39.566
car_ID_570,FLUSH,1295,car,471,283,477,287,0.5606,2026-07-28 22:33:36.160,2026-07-28 22:33:40.092
truck_ID_78,FLUSH,1308,truck,332,281,332,281,0.5890,2026-07-28 22:33:40.402,2026-07-28 22:33:40.867
car_ID_567,FLUSH,1289,car,263,290,690,275,0.6363,2026-07-28 22:33:35.063,2026-07-28 22:33:42.365
car_ID_574,FLUSH,1312,car,344,286,341,287,0.5581,2026-07-28 22:33:41.627,2026-07-28 22:33:42.398
car_ID_578,FLUSH,1312,car,341,286,345,287,0.5668,2026-07-28 22:33:43.707,2026-07-28 22:33:44.189
car_ID_576,FLUSH,1316,car,414,286,417,285,0.5457,2026-07-28 22:33:42.697,2026-07-28 22:33:44.491
truck_ID_79,FLUSH,1325,truck,695,266,697,265,0.5760,2026-07-28 22:33:45.306,2026-07-28 22:33:45.437
car_ID_577,FLUSH,1319,car,1035,389,326,345,0.7669,2026-07-28 22:33:43.600,2026-07-28 22:33:46.486
car_ID_583,FLUSH,1327,car,274,341,271,341,0.6528,2026-07-28 22:33:46.633,2026-07-28 22:33:46.666
truck_ID_77,FLUSH,1305,truck,262,295,718,261,0.7268,2026-07-28 22:33:40.015,2026-07-28 22:33:47.400
car_ID_582,FLUSH,1328,car,1066,396,106,332,0.7779,2026-07-28 22:33:46.233,2026-07-28 22:33:50.337
car_ID_585,FLUSH,1335,car,1069,398,659,377,0.7858,2026-07-28 22:33:48.464,2026-07-28 22:33:50.834
car_ID_586,FLUSH,1340,car,539,364,96,332,0.7670,2026-07-28 22:33:50.567,2026-07-28 22:33:52.135
truck_ID_80,FLUSH,1342,truck,805,377,805,377,0.6528,2026-07-28 22:33:52.370,2026-07-28 22:33:52.370
truck_ID_81,FLUSH,1345,truck,571,363,571,363,0.7503,2026-07-28 22:33:53.031,2026-07-28 22:33:53.031
car_ID_579,FLUSH,1312,car,344,286,344,286,0.5602,2026-07-28 22:33:45.274,2026-07-28 22:33:53.500
car_ID_587,FLUSH,1342,car,1027,389,404,351,0.7946,2026-07-28 22:33:51.596,2026-07-28 22:33:53.534
car_ID_588,FLUSH,1345,car,647,368,144,326,0.6886,2026-07-28 22:33:52.824,2026-07-28 22:33:54.460
car_ID_580,FLUSH,1326,car,951,357,734,280,0.7648,2026-07-28 22:33:45.406,2026-07-28 22:33:55.066
car_ID_590,FLUSH,1312,car,344,286,344,287,0.5433,2026-07-28 22:33:54.533,2026-07-28 22:33:55.426
car_ID_591,FLUSH,1353,car,261,337,261,337,0.5065,2026-07-28 22:33:55.957,2026-07-28 22:33:55.957
car_ID_593,FLUSH,1355,car,713,251,710,251,0.5608,2026-07-28 22:33:56.965,2026-07-28 22:33:57.129
car_ID_589,FLUSH,1349,car,1030,391,87,325,0.7465,2026-07-28 22:33:53.667,2026-07-28 22:33:57.194
car_ID_584,FLUSH,1333,car,931,363,736,270,0.6763,2026-07-28 22:33:48.381,2026-07-28 22:33:57.429
car_ID_573,FLUSH,1311,car,263,290,253,291,0.6037,2026-07-28 22:33:41.383,2026-07-28 22:34:05.116
car_ID_594,FLUSH,1364,car,716,257,712,258,0.5775,2026-07-28 22:34:04.972,2026-07-28 22:34:05.189
car_ID_595,FLUSH,1368,car,632,263,630,263,0.5549,2026-07-28 22:34:07.029,2026-07-28 22:34:07.091
car_ID_592,FLUSH,1312,car,342,287,289,298,0.5778,2026-07-28 22:33:56.759,2026-07-28 22:34:08.367
car_ID_596,FLUSH,1369,car,278,376,581,395,0.6838,2026-07-28 22:34:07.438,2026-07-28 22:34:08.465
truck_ID_82,FLUSH,1373,truck,379,374,613,399,0.5728,2026-07-28 22:34:07.959,2026-07-28 22:34:08.529
car_ID_598,FLUSH,1375,car,714,254,708,256,0.6376,2026-07-28 22:34:08.699,2026-07-28 22:34:08.961
car_ID_597,FLUSH,1373,car,362,370,963,429,0.7511,2026-07-28 22:34:07.895,2026-07-28 22:34:09.696
truck_ID_83,FLUSH,1385,truck,848,332,809,330,0.5300,2026-07-28 22:34:10.471,2026-07-28 22:34:10.629
car_ID_600,FLUSH,1381,car,455,338,507,342,0.5446,2026-07-28 22:34:10.334,2026-07-28 22:34:10.665
truck_ID_84,FLUSH,1384,truck,808,330,808,330,0.5347,2026-07-28 22:34:10.665,2026-07-28 22:34:10.980
car_ID_602,FLUSH,1384,car,807,360,808,361,0.5525,2026-07-28 22:34:11.035,2026-07-28 22:34:11.534
car_ID_575,FLUSH,1315,car,470,284,428,283,0.5795,2026-07-28 22:33:42.303,2026-07-28 22:34:11.572
car_ID_599,FLUSH,1378,car,210,350,990,430,0.7430,2026-07-28 22:34:09.239,2026-07-28 22:34:11.832
car_ID_604,FLUSH,1394,car,472,287,471,287,0.5240,2026-07-28 22:34:12.096,2026-07-28 22:34:12.165
car_ID_605,FLUSH,1396,car,1035,344,1035,344,0.5815,2026-07-28 22:34:12.233,2026-07-28 22:34:12.259
car_ID_601,FLUSH,1385,car,777,325,662,298,0.6235,2026-07-28 22:34:10.823,2026-07-28 22:34:12.563
car_ID_606,FLUSH,1395,car,661,298,661,298,0.5169,2026-07-28 22:34:12.664,2026-07-28 22:34:12.664
car_ID_581,FLUSH,1316,car,416,286,223,298,0.5846,2026-07-28 22:33:45.579,2026-07-28 22:34:12.937
car_ID_608,FLUSH,1394,car,431,291,430,292,0.6149,2026-07-28 22:34:13.405,2026-07-28 22:34:13.488
car_ID_603,FLUSH,1393,car,517,284,498,285,0.5322,2026-07-28 22:34:11.981,2026-07-28 22:34:13.791
car_ID_607,FLUSH,1398,car,337,287,257,288,0.6120,2026-07-28 22:34:13.210,2026-07-28 22:34:14.245
truck_ID_86,FLUSH,1393,truck,507,264,507,264,0.5062,2026-07-28 22:34:14.338,2026-07-28 22:34:14.338
car_ID_609,FLUSH,1395,car,649,290,651,290,0.5215,2026-07-28 22:34:13.727,2026-07-28 22:34:14.432
truck_ID_85,FLUSH,1396,truck,940,333,699,299,0.6070,2026-07-28 22:34:12.873,2026-07-28 22:34:15.260
truck_ID_87,FLUSH,1403,truck,696,299,686,295,0.5910,2026-07-28 22:34:14.832,2026-07-28 22:34:15.260
car_ID_611,FLUSH,1402,car,470,284,437,291,0.5297,2026-07-28 22:34:14.368,2026-07-28 22:34:15.292
bus_ID_14,FLUSH,1393,bus,476,261,474,262,0.5537,2026-07-28 22:34:15.631,2026-07-28 22:34:15.700
car_ID_612,FLUSH,1407,car,682,293,682,291,0.5454,2026-07-28 22:34:15.564,2026-07-28 22:34:15.754
car_ID_613,FLUSH,1408,car,265,302,265,302,0.5418,2026-07-28 22:34:15.910,2026-07-28 22:34:15.910
truck_ID_89,FLUSH,1393,truck,442,263,430,264,0.5484,2026-07-28 22:34:16.595,2026-07-28 22:34:16.865
car_ID_610,FLUSH,1401,car,284,373,1054,435,0.7872,2026-07-28 22:34:14.207,2026-07-28 22:34:17.303
truck_ID_88,FLUSH,1407,truck,683,289,715,274,0.6171,2026-07-28 22:34:15.910,2026-07-28 22:34:18.300
car_ID_614,FLUSH,1411,car,253,368,916,421,0.8478,2026-07-28 22:34:16.167,2026-07-28 22:34:18.438
car_ID_615,FLUSH,1420,car,272,291,259,291,0.5698,2026-07-28 22:34:18.263,2026-07-28 22:34:18.738
bus_ID_15,FLUSH,1393,bus,361,263,342,266,0.6577,2026-07-28 22:34:18.504,2026-07-28 22:34:18.962
car_ID_617,FLUSH,1424,car,632,267,616,268,0.5830,2026-07-28 22:34:18.882,2026-07-28 22:34:19.973
bus_ID_16,FLUSH,1422,bus,320,267,279,268,0.5828,2026-07-28 22:34:19.392,2026-07-28 22:34:20.269
bus_ID_17,FLUSH,1431,bus,445,393,480,399,0.6434,2026-07-28 22:34:20.565,2026-07-28 22:34:20.658
bus_ID_18,FLUSH,1393,bus,262,269,260,269,0.6298,2026-07-28 22:34:20.658,2026-07-28 22:34:20.728
truck_ID_91,FLUSH,1422,truck,309,268,250,270,0.6127,2026-07-28 22:34:19.636,2026-07-28 22:34:21.032
car_ID_616,FLUSH,1416,car,273,358,1022,434,0.7557,2026-07-28 22:34:18.568,2026-07-28 22:34:21.098
car_ID_620,FLUSH,1431,car,267,372,996,439,0.7551,2026-07-28 22:34:19.973,2026-07-28 22:34:22.294
car_ID_618,FLUSH,1426,car,463,283,376,287,0.5524,2026-07-28 22:34:19.429,2026-07-28 22:34:22.731
car_ID_621,FLUSH,1443,car,515,283,502,283,0.5558,2026-07-28 22:34:23.966,2026-07-28 22:34:24.625
car_ID_622,FLUSH,1446,car,299,320,585,298,0.7324,2026-07-28 22:34:25.773,2026-07-28 22:34:28.367
car_ID_619,FLUSH,1428,car,513,279,444,290,0.6140,2026-07-28 22:34:19.897,2026-07-28 22:34:28.398
car_ID_624,FLUSH,1451,car,522,281,520,281,0.5607,2026-07-28 22:34:27.929,2026-07-28 22:34:29.124
truck_ID_92,FLUSH,1460,truck,224,275,225,269,0.5821,2026-07-28 22:34:30.628,2026-07-28 22:34:31.198
car_ID_623,FLUSH,1452,car,303,319,622,287,0.7136,2026-07-28 22:34:27.428,2026-07-28 22:34:31.199
car_ID_625,FLUSH,1455,car,623,288,734,281,0.7274,2026-07-28 22:34:28.826,2026-07-28 22:34:31.662
car_ID_627,FLUSH,1464,car,427,286,465,290,0.5553,2026-07-28 22:34:32.541,2026-07-28 22:34:33.059
car_ID_628,FLUSH,1466,car,501,283,514,285,0.6272,2026-07-28 22:34:32.945,2026-07-28 22:34:33.632
truck_ID_90,FLUSH,1393,truck,337,266,715,267,0.7315,2026-07-28 22:34:19.035,2026-07-28 22:34:36.664
car_ID_631,FLUSH,1472,car,424,286,425,286,0.5579,2026-07-28 22:34:36.798,2026-07-28 22:34:37.008
truck_ID_93,FLUSH,1376,truck,157,295,685,272,0.7167,2026-07-28 22:34:31.825,2026-07-28 22:34:38.476
truck_ID_94,FLUSH,1468,truck,215,270,261,306,0.5230,2026-07-28 22:34:34.473,2026-07-28 22:34:38.893
car_ID_632,FLUSH,1472,car,426,292,425,285,0.5550,2026-07-28 22:34:38.069,2026-07-28 22:34:38.979
car_ID_629,FLUSH,1473,car,287,321,589,308,0.7640,2026-07-28 22:34:36.633,2026-07-28 22:34:39.017
car_ID_630,FLUSH,1474,car,497,280,511,284,0.5851,2026-07-28 22:34:36.665,2026-07-28 22:34:39.784
truck_ID_95,FLUSH,1483,truck,420,279,420,279,0.5477,2026-07-28 22:34:40.905,2026-07-28 22:34:40.905
car_ID_634,FLUSH,1484,car,716,295,727,290,0.5431,2026-07-28 22:34:40.532,2026-07-28 22:34:41.522
car_ID_635,FLUSH,1492,car,426,286,425,285,0.5549,2026-07-28 22:34:42.402,2026-07-28 22:34:42.895
car_ID_633,FLUSH,1481,car,659,305,717,288,0.7017,2026-07-28 22:34:39.824,2026-07-28 22:34:42.927
car_ID_638,FLUSH,1494,car,463,290,466,289,0.5965,2026-07-28 22:34:43.267,2026-07-28 22:34:43.334
car_ID_636,FLUSH,1497,car,503,283,512,285,0.6368,2026-07-28 22:34:42.994,2026-07-28 22:34:43.595
truck_ID_98,FLUSH,1498,truck,610,275,681,271,0.5975,2026-07-28 22:34:43.023,2026-07-28 22:34:43.800
car_ID_637,FLUSH,1495,car,407,298,524,299,0.5543,2026-07-28 22:34:43.234,2026-07-28 22:34:44.185
truck_ID_97,FLUSH,1496,truck,281,319,538,297,0.7584,2026-07-28 22:34:42.958,2026-07-28 22:34:45.199
car_ID_642,FLUSH,1504,car,369,288,369,288,0.5561,2026-07-28 22:34:45.597,2026-07-28 22:34:45.633
car_ID_639,FLUSH,1503,car,423,286,420,285,0.5688,2026-07-28 22:34:44.897,2026-07-28 22:34:45.866
car_ID_644,FLUSH,1510,car,598,309,598,309,0.5846,2026-07-28 22:34:46.462,2026-07-28 22:34:46.533
truck_ID_96,FLUSH,1485,truck,226,273,225,270,0.5745,2026-07-28 22:34:41.968,2026-07-28 22:34:46.568
car_ID_643,FLUSH,1507,car,461,279,464,285,0.6014,2026-07-28 22:34:45.598,2026-07-28 22:34:46.599
truck_ID_100,FLUSH,1485,truck,225,271,225,273,0.5121,2026-07-28 22:34:47.829,2026-07-28 22:34:48.042
car_ID_646,FLUSH,1511,car,465,276,466,283,0.5400,2026-07-28 22:34:47.533,2026-07-28 22:34:48.975
car_ID_645,FLUSH,1503,car,426,286,427,289,0.6104,2026-07-28 22:34:47.013,2026-07-28 22:34:49.955
truck_ID_99,FLUSH,1510,truck,628,292,714,278,0.6196,2026-07-28 22:34:46.569,2026-07-28 22:34:50.213
car_ID_648,FLUSH,1511,car,458,285,464,286,0.5080,2026-07-28 22:34:50.204,2026-07-28 22:34:50.333
car_ID_640,FLUSH,1505,car,293,316,691,276,0.6966,2026-07-28 22:34:45.437,2026-07-28 22:34:50.465
car_ID_647,FLUSH,1518,car,632,265,626,265,0.5285,2026-07-28 22:34:50.101,2026-07-28 22:34:50.466
car_ID_641,FLUSH,1506,car,499,281,518,285,0.5811,2026-07-28 22:34:45.512,2026-07-28 22:34:51.330
car_ID_649,FLUSH,1528,car,414,292,416,292,0.5204,2026-07-28 22:34:54.391,2026-07-28 22:34:54.900
truck_ID_101,FLUSH,1516,truck,193,306,697,270,0.7212,2026-07-28 22:34:49.638,2026-07-28 22:34:55.932
truck_ID_102,FLUSH,1525,truck,224,267,615,257,0.7652,2026-07-28 22:34:52.238,2026-07-28 22:34:56.029
truck_ID_105,FLUSH,1516,truck,708,270,708,270,0.5668,2026-07-28 22:34:56.993,2026-07-28 22:34:56.993
car_ID_651,FLUSH,1537,car,424,293,425,288,0.5668,2026-07-28 22:34:57.265,2026-07-28 22:34:57.667
truck_ID_104,FLUSH,1532,truck,219,277,226,268,0.5218,2026-07-28 22:34:55.932,2026-07-28 22:34:57.956
truck_ID_106,FLUSH,1532,truck,227,268,225,274,0.5390,2026-07-28 22:34:58.996,2026-07-28 22:34:59.270
car_ID_654,FLUSH,1544,car,369,306,427,302,0.5554,2026-07-28 22:34:59.103,2026-07-28 22:34:59.793
car_ID_652,FLUSH,1539,car,467,288,506,280,0.5730,2026-07-28 22:34:57.599,2026-07-28 22:35:00.091
truck_ID_103,FLUSH,1526,truck,270,289,706,268,0.7116,2026-07-28 22:34:54.964,2026-07-28 22:35:01.463
car_ID_656,FLUSH,1552,car,367,287,368,288,0.5081,2026-07-28 22:35:01.334,2026-07-28 22:35:02.265
car_ID_650,FLUSH,1536,car,288,321,663,283,0.6846,2026-07-28 22:34:56.958,2026-07-28 22:35:02.527
car_ID_658,FLUSH,1562,car,634,282,637,280,0.5561,2026-07-28 22:35:03.607,2026-07-28 22:35:03.790
car_ID_659,FLUSH,1552,car,368,287,368,287,0.5177,2026-07-28 22:35:04.127,2026-07-28 22:35:04.127
truck_ID_107,FLUSH,1532,truck,225,277,224,278,0.5062,2026-07-28 22:35:04.363,2026-07-28 22:35:04.398
car_ID_660,FLUSH,1566,car,666,281,667,281,0.5525,2026-07-28 22:35:04.868,2026-07-28 22:35:05.068
truck_ID_108,FLUSH,1532,truck,225,280,225,280,0.5477,2026-07-28 22:35:05.798,2026-07-28 22:35:05.798
car_ID_661,FLUSH,1552,car,368,287,368,287,0.5065,2026-07-28 22:35:06.794,2026-07-28 22:35:06.826
car_ID_662,FLUSH,1570,car,491,255,491,255,0.5490,2026-07-28 22:35:07.567,2026-07-28 22:35:07.567
car_ID_655,FLUSH,1550,car,427,286,424,286,0.6118,2026-07-28 22:35:00.772,2026-07-28 22:35:07.778
car_ID_657,FLUSH,1556,car,505,281,518,285,0.5653,2026-07-28 22:35:01.334,2026-07-28 22:35:08.401
car_ID_653,FLUSH,1543,car,265,312,735,278,0.7591,2026-07-28 22:34:58.466,2026-07-28 22:35:09.208
truck_ID_110,FLUSH,1578,truck,226,280,230,282,0.6141,2026-07-28 22:35:09.246,2026-07-28 22:35:09.295
car_ID_663,FLUSH,1581,car,341,268,314,273,0.5442,2026-07-28 22:35:09.725,2026-07-28 22:35:10.099
truck_ID_111,FLUSH,1578,truck,235,269,234,269,0.5656,2026-07-28 22:35:10.791,2026-07-28 22:35:10.857
car_ID_626,FLUSH,1463,car,1027,395,653,374,0.7308,2026-07-28 22:34:31.762,2026-07-28 22:35:11.584
car_ID_667,FLUSH,1588,car,368,288,369,287,0.5052,2026-07-28 22:35:11.583,2026-07-28 22:35:12.080
truck_ID_109,FLUSH,1574,truck,273,294,696,271,0.6479,2026-07-28 22:35:08.433,2026-07-28 22:35:12.934
car_ID_669,FLUSH,1600,car,121,280,117,280,0.5825,2026-07-28 22:35:12.762,2026-07-28 22:35:12.934
car_ID_671,FLUSH,1604,car,632,265,631,265,0.6250,2026-07-28 22:35:13.045,2026-07-28 22:35:13.300
truck_ID_112,FLUSH,1578,truck,225,268,226,270,0.5330,2026-07-28 22:35:12.867,2026-07-28 22:35:13.594
car_ID_668,FLUSH,1596,car,549,368,241,343,0.7366,2026-07-28 22:35:11.835,2026-07-28 22:35:13.689
car_ID_673,FLUSH,1608,car,330,269,329,269,0.5703,2026-07-28 22:35:15.091,2026-07-28 22:35:15.122
car_ID_664,FLUSH,1583,car,1027,366,287,340,0.7630,2026-07-28 22:35:09.905,2026-07-28 22:35:15.267
car_ID_674,FLUSH,1610,car,461,276,461,276,0.5169,2026-07-28 22:35:15.497,2026-07-28 22:35:15.528
truck_ID_113,FLUSH,1578,truck,224,277,226,269,0.5401,2026-07-28 22:35:15.060,2026-07-28 22:35:15.762
car_ID_676,FLUSH,1616,car,632,263,624,263,0.5408,2026-07-28 22:35:16.004,2026-07-28 22:35:16.383
car_ID_678,FLUSH,1618,car,469,284,469,284,0.5204,2026-07-28 22:35:16.830,2026-07-28 22:35:16.830
truck_ID_114,FLUSH,1611,truck,485,248,453,249,0.5757,2026-07-28 22:35:16.329,2026-07-28 22:35:17.309
car_ID_672,FLUSH,1607,car,1051,395,244,345,0.7889,2026-07-28 22:35:14.435,2026-07-28 22:35:17.309
car_ID_670,FLUSH,1602,car,1030,364,673,302,0.7687,2026-07-28 22:35:12.867,2026-07-28 22:35:18.263
car_ID_680,FLUSH,1625,car,309,285,309,284,0.5434,2026-07-28 22:35:18.736,2026-07-28 22:35:18.946
car_ID_683,FLUSH,1620,car,366,287,366,287,0.5632,2026-07-28 22:35:19.560,2026-07-28 22:35:19.657
car_ID_679,FLUSH,1626,car,873,350,742,331,0.7084,2026-07-28 22:35:18.566,2026-07-28 22:35:19.767
car_ID_677,FLUSH,1617,car,1044,404,120,336,0.7467,2026-07-28 22:35:16.471,2026-07-28 22:35:19.932
car_ID_685,FLUSH,1640,car,361,287,362,287,0.5418,2026-07-28 22:35:21.467,2026-07-28 22:35:21.499
car_ID_682,FLUSH,1630,car,621,308,630,288,0.7071,2026-07-28 22:35:19.224,2026-07-28 22:35:22.197
car_ID_684,FLUSH,1635,car,732,329,682,300,0.7565,2026-07-28 22:35:19.866,2026-07-28 22:35:22.494
truck_ID_116,FLUSH,1611,truck,396,247,294,260,0.6654,2026-07-28 22:35:18.604,2026-07-28 22:35:22.568
truck_ID_115,FLUSH,1578,truck,225,271,228,268,0.5476,2026-07-28 22:35:17.034,2026-07-28 22:35:22.663
car_ID_686,FLUSH,1641,car,466,284,466,283,0.5632,2026-07-28 22:35:23.190,2026-07-28 22:35:23.224
car_ID_687,FLUSH,1640,car,373,281,374,281,0.5204,2026-07-28 22:35:23.290,2026-07-28 22:35:23.355
car_ID_688,FLUSH,1648,car,724,257,725,256,0.5216,2026-07-28 22:35:23.913,2026-07-28 22:35:23.954
truck_ID_118,FLUSH,1578,truck,226,264,227,264,0.5097,2026-07-28 22:35:23.795,2026-07-28 22:35:24.304
car_ID_675,FLUSH,1615,car,983,368,736,282,0.6607,2026-07-28 22:35:15.633,2026-07-28 22:35:24.366
car_ID_689,FLUSH,1630,car,676,281,682,275,0.5251,2026-07-28 22:35:24.672,2026-07-28 22:35:25.431
car_ID_690,FLUSH,1642,car,122,289,122,288,0.5596,2026-07-28 22:35:25.664,2026-07-28 22:35:25.700
car_ID_691,FLUSH,1654,car,466,278,460,280,0.5408,2026-07-28 22:35:26.286,2026-07-28 22:35:26.598
car_ID_692,FLUSH,1658,car,716,257,713,257,0.5240,2026-07-28 22:35:27.299,2026-07-28 22:35:27.531
car_ID_694,FLUSH,1659,car,1043,364,1041,363,0.5505,2026-07-28 22:35:28.462,2026-07-28 22:35:28.885
car_ID_695,FLUSH,1662,car,350,284,320,284,0.5369,2026-07-28 22:35:28.705,2026-07-28 22:35:29.324
car_ID_681,FLUSH,1629,car,1080,375,735,279,0.7689,2026-07-28 22:35:19.190,2026-07-28 22:35:29.432
car_ID_693,FLUSH,1660,car,631,264,616,264,0.5398,2026-07-28 22:35:28.462,2026-07-28 22:35:29.738
car_ID_696,FLUSH,1669,car,716,256,714,256,0.5910,2026-07-28 22:35:30.046,2026-07-28 22:35:30.161
car_ID_697,FLUSH,1670,car,631,263,630,262,0.5264,2026-07-28 22:35:30.596,2026-07-28 22:35:30.768
car_ID_698,FLUSH,1673,car,917,346,917,346,0.6416,2026-07-28 22:35:30.898,2026-07-28 22:35:30.963
car_ID_701,FLUSH,1674,car,464,281,463,281,0.5276,2026-07-28 22:35:31.403,2026-07-28 22:35:31.499
truck_ID_119,FLUSH,1673,truck,834,333,833,333,0.5177,2026-07-28 22:35:31.612,2026-07-28 22:35:31.623
truck_ID_117,FLUSH,1611,truck,264,262,275,258,0.6209,2026-07-28 22:35:23.597,2026-07-28 22:35:31.822
car_ID_700,FLUSH,1675,car,876,339,724,318,0.5907,2026-07-28 22:35:31.202,2026-07-28 22:35:32.772
truck_ID_120,FLUSH,1611,truck,244,255,244,255,0.5169,2026-07-28 22:35:33.034,2026-07-28 22:35:33.034
car_ID_705,FLUSH,1683,car,336,286,336,286,0.5026,2026-07-28 22:35:33.326,2026-07-28 22:35:33.326
car_ID_699,FLUSH,1667,car,357,284,263,291,0.5720,2026-07-28 22:35:31.202,2026-07-28 22:35:33.905
car_ID_707,FLUSH,1674,car,461,285,461,284,0.5374,2026-07-28 22:35:33.628,2026-07-28 22:35:34.203
car_ID_665,FLUSH,1585,car,429,291,353,287,0.5985,2026-07-28 22:35:10.204,2026-07-28 22:35:34.663
car_ID_702,FLUSH,1673,car,767,325,669,297,0.6203,2026-07-28 22:35:32.198,2026-07-28 22:35:34.662
car_ID_666,FLUSH,1592,car,497,282,507,282,0.5880,2026-07-28 22:35:10.603,2026-07-28 22:35:34.698
car_ID_706,FLUSH,1684,car,708,256,716,256,0.5423,2026-07-28 22:35:33.530,2026-07-28 22:35:35.065
truck_ID_121,FLUSH,1688,truck,894,344,841,336,0.5928,2026-07-28 22:35:35.101,2026-07-28 22:35:35.469
car_ID_713,FLUSH,1695,car,297,285,297,285,0.5739,2026-07-28 22:35:35.642,2026-07-28 22:35:35.674
truck_ID_122,FLUSH,1692,truck,868,339,799,331,0.6099,2026-07-28 22:35:35.232,2026-07-28 22:35:35.773
car_ID_704,FLUSH,1681,car,262,372,1049,427,0.8463,2026-07-28 22:35:33.002,2026-07-28 22:35:36.063
car_ID_709,FLUSH,1679,car,434,275,319,285,0.5674,2026-07-28 22:35:33.762,2026-07-28 22:35:36.062
car_ID_712,FLUSH,1674,car,455,285,460,285,0.5413,2026-07-28 22:35:35.232,2026-07-28 22:35:36.123
car_ID_711,FLUSH,1693,car,436,271,396,277,0.5731,2026-07-28 22:35:35.101,2026-07-28 22:35:36.216
car_ID_708,FLUSH,1682,car,631,265,614,267,0.5561,2026-07-28 22:35:33.728,2026-07-28 22:35:36.463
car_ID_710,FLUSH,1688,car,1040,364,725,319,0.6247,2026-07-28 22:35:34.245,2026-07-28 22:35:36.532
car_ID_716,FLUSH,1684,car,710,258,710,258,0.5204,2026-07-28 22:35:36.500,2026-07-28 22:35:36.532
car_ID_703,FLUSH,1680,car,931,359,671,306,0.7424,2026-07-28 22:35:32.968,2026-07-28 22:35:37.134
bus_ID_19,FLUSH,1691,bus,252,337,528,361,0.5415,2026-07-28 22:35:36.155,2026-07-28 22:35:37.184
car_ID_715,FLUSH,1692,car,775,328,695,311,0.6597,2026-07-28 22:35:35.960,2026-07-28 22:35:37.184
car_ID_719,FLUSH,1704,car,427,276,427,276,0.5276,2026-07-28 22:35:37.816,2026-07-28 22:35:37.816
truck_ID_123,FLUSH,1691,truck,266,337,733,386,0.6389,2026-07-28 22:35:36.217,2026-07-28 22:35:38.559
car_ID_718,FLUSH,1703,car,343,282,245,285,0.6889,2026-07-28 22:35:37.431,2026-07-28 22:35:39.298
car_ID_717,FLUSH,1698,car,455,271,320,281,0.5841,2026-07-28 22:35:36.799,2026-07-28 22:35:39.818
car_ID_722,FLUSH,1710,car,269,367,924,424,0.7888,2026-07-28 22:35:38.527,2026-07-28 22:35:40.531
car_ID_724,FLUSH,1716,car,315,279,244,283,0.6193,2026-07-28 22:35:39.896,2026-07-28 22:35:40.867
car_ID_725,FLUSH,1719,car,302,375,855,427,0.8103,2026-07-28 22:35:40.147,2026-07-28 22:35:41.796
car_ID_727,FLUSH,1726,car,124,294,115,293,0.6260,2026-07-28 22:35:42.082,2026-07-28 22:35:42.338
car_ID_720,FLUSH,1705,car,687,303,734,278,0.6481,2026-07-28 22:35:37.930,2026-07-28 22:35:42.654
car_ID_721,FLUSH,1707,car,474,270,248,285,0.6725,2026-07-28 22:35:38.340,2026-07-28 22:35:42.654
car_ID_728,FLUSH,1730,car,631,264,630,264,0.5418,2026-07-28 22:35:43.227,2026-07-28 22:35:43.291
car_ID_726,FLUSH,1722,car,472,275,354,282,0.6441,2026-07-28 22:35:41.529,2026-07-28 22:35:44.129
car_ID_729,FLUSH,1728,car,519,284,500,280,0.6552,2026-07-28 22:35:43.806,2026-07-28 22:35:45.073
car_ID_731,FLUSH,1739,car,319,286,318,286,0.5276,2026-07-28 22:35:45.401,2026-07-28 22:35:45.435
car_ID_733,FLUSH,1730,car,633,265,631,265,0.5316,2026-07-28 22:35:45.506,2026-07-28 22:35:46.038
car_ID_734,FLUSH,1741,car,509,283,509,283,0.5775,2026-07-28 22:35:46.007,2026-07-28 22:35:46.104
car_ID_735,FLUSH,1728,car,470,282,468,284,0.5623,2026-07-28 22:35:46.135,2026-07-28 22:35:46.236
car_ID_730,FLUSH,1736,car,227,338,626,290,0.7171,2026-07-28 22:35:44.129,2026-07-28 22:35:47.080
car_ID_736,FLUSH,1728,car,441,286,424,289,0.5894,2026-07-28 22:35:47.497,2026-07-28 22:35:48.527
car_ID_714,FLUSH,1592,car,507,281,258,315,0.6641,2026-07-28 22:35:35.960,2026-07-28 22:35:49.202
car_ID_738,FLUSH,1752,car,739,253,712,255,0.5437,2026-07-28 22:35:48.995,2026-07-28 22:35:50.133
truck_ID_124,FLUSH,1751,truck,331,307,495,294,0.5972,2026-07-28 22:35:49.095,2026-07-28 22:35:50.196
car_ID_732,FLUSH,1740,car,249,339,733,278,0.7084,2026-07-28 22:35:45.435,2026-07-28 22:35:50.196
car_ID_741,FLUSH,1748,car,532,274,515,274,0.5063,2026-07-28 22:35:49.958,2026-07-28 22:35:51.201
car_ID_743,FLUSH,1751,car,464,285,458,285,0.5301,2026-07-28 22:35:51.640,2026-07-28 22:35:51.868
car_ID_740,FLUSH,1728,car,414,301,391,294,0.6029,2026-07-28 22:35:49.635,2026-07-28 22:35:52.667
car_ID_737,FLUSH,1749,car,260,346,738,282,0.7681,2026-07-28 22:35:48.246,2026-07-28 22:35:53.133
car_ID_744,FLUSH,1748,car,510,277,497,279,0.5856,2026-07-28 22:35:52.341,2026-07-28 22:35:54.429
car_ID_746,FLUSH,1765,car,713,269,737,265,0.5557,2026-07-28 22:35:54.328,2026-07-28 22:35:55.050
car_ID_739,FLUSH,1753,car,248,299,281,302,0.5934,2026-07-28 22:35:49.062,2026-07-28 22:35:55.870
car_ID_748,FLUSH,1748,car,481,281,479,279,0.6262,2026-07-28 22:35:55.986,2026-07-28 22:35:56.267
car_ID_749,FLUSH,1775,car,717,254,713,255,0.5550,2026-07-28 22:35:55.986,2026-07-28 22:35:56.297
car_ID_750,FLUSH,1776,car,522,277,516,278,0.5707,2026-07-28 22:35:56.104,2026-07-28 22:35:56.507
car_ID_745,FLUSH,1766,car,282,317,332,293,0.6144,2026-07-28 22:35:53.302,2026-07-28 22:35:56.537
car_ID_751,FLUSH,1780,car,470,276,469,276,0.5454,2026-07-28 22:35:56.616,2026-07-28 22:35:56.678
car_ID_723,FLUSH,1715,car,528,274,626,287,0.6258,2026-07-28 22:35:39.539,2026-07-28 22:35:57.229
car_ID_747,FLUSH,1773,car,259,322,582,296,0.7779,2026-07-28 22:35:54.881,2026-07-28 22:35:57.735
car_ID_742,FLUSH,1758,car,291,321,732,271,0.6742,2026-07-28 22:35:50.884,2026-07-28 22:35:58.098
car_ID_754,FLUSH,1715,car,663,284,675,280,0.6038,2026-07-28 22:35:58.322,2026-07-28 22:35:58.797
car_ID_756,FLUSH,1791,car,459,278,469,278,0.5418,2026-07-28 22:35:58.966,2026-07-28 22:35:59.492
car_ID_759,FLUSH,1791,car,506,280,506,280,0.5133,2026-07-28 22:36:00.813,2026-07-28 22:36:00.874
car_ID_752,FLUSH,1786,car,251,299,276,294,0.5996,2026-07-28 22:35:57.735,2026-07-28 22:36:02.041
truck_ID_125,FLUSH,1777,truck,221,325,710,269,0.7334,2026-07-28 22:35:56.507,2026-07-28 22:36:02.224
car_ID_755,FLUSH,1790,car,153,324,508,278,0.6935,2026-07-28 22:35:58.834,2026-07-28 22:36:02.224
car_ID_757,FLUSH,1796,car,226,344,585,310,0.7592,2026-07-28 22:35:59.848,2026-07-28 22:36:02.385
car_ID_753,FLUSH,1788,car,337,292,378,306,0.5793,2026-07-28 22:35:58.213,2026-07-28 22:36:02.895
car_ID_760,FLUSH,1801,car,469,279,471,281,0.5744,2026-07-28 22:36:01.598,2026-07-28 22:36:03.201
car_ID_761,FLUSH,1804,car,260,317,436,300,0.6657,2026-07-28 22:36:02.225,2026-07-28 22:36:03.290
truck_ID_127,FLUSH,1817,truck,718,264,718,264,0.5204,2026-07-28 22:36:03.627,2026-07-28 22:36:03.627
truck_ID_126,FLUSH,1804,truck,443,298,497,292,0.6220,2026-07-28 22:36:03.324,2026-07-28 22:36:03.792
car_ID_766,FLUSH,1810,car,472,280,474,280,0.5371,2026-07-28 22:36:04.301,2026-07-28 22:36:04.370
car_ID_763,FLUSH,1809,car,610,309,683,277,0.5388,2026-07-28 22:36:02.593,2026-07-28 22:36:05.931
car_ID_769,FLUSH,1823,car,471,279,471,279,0.5204,2026-07-28 22:36:06.430,2026-07-28 22:36:06.430
car_ID_768,FLUSH,1824,car,388,293,391,294,0.5436,2026-07-28 22:36:05.734,2026-07-28 22:36:06.931
car_ID_765,FLUSH,1814,car,658,307,733,284,0.7312,2026-07-28 22:36:03.325,2026-07-28 22:36:07.096
car_ID_764,FLUSH,1813,car,329,293,519,307,0.5888,2026-07-28 22:36:03.071,2026-07-28 22:36:08.564
car_ID_772,FLUSH,1823,car,471,278,471,278,0.5549,2026-07-28 22:36:08.600,2026-07-28 22:36:08.667
car_ID_767,FLUSH,1818,car,274,314,651,286,0.7001,2026-07-28 22:36:04.502,2026-07-28 22:36:08.887
car_ID_758,FLUSH,1799,car,275,323,732,270,0.6641,2026-07-28 22:36:00.703,2026-07-28 22:36:08.969
car_ID_773,FLUSH,1828,car,391,294,391,294,0.5133,2026-07-28 22:36:09.209,2026-07-28 22:36:09.209
car_ID_770,FLUSH,1821,car,641,281,723,269,0.6093,2026-07-28 22:36:06.464,2026-07-28 22:36:09.715
car_ID_775,FLUSH,1836,car,703,260,703,260,0.5775,2026-07-28 22:36:09.964,2026-07-28 22:36:09.964
car_ID_776,FLUSH,1818,car,675,276,697,271,0.5295,2026-07-28 22:36:09.998,2026-07-28 22:36:10.925
car_ID_777,FLUSH,1830,car,514,277,515,278,0.5371,2026-07-28 22:36:10.507,2026-07-28 22:36:10.925
car_ID_779,FLUSH,1842,car,631,262,631,262,0.5383,2026-07-28 22:36:11.100,2026-07-28 22:36:11.566
car_ID_780,FLUSH,1840,car,440,287,440,287,0.5133,2026-07-28 22:36:11.566,2026-07-28 22:36:11.599
car_ID_778,FLUSH,1823,car,468,278,470,277,0.5073,2026-07-28 22:36:11.030,2026-07-28 22:36:11.828
bus_ID_20,FLUSH,1847,bus,269,261,269,261,0.5240,2026-07-28 22:36:12.795,2026-07-28 22:36:12.795
car_ID_774,FLUSH,1813,car,655,295,734,276,0.7154,2026-07-28 22:36:09.964,2026-07-28 22:36:13.270
car_ID_782,FLUSH,1823,car,470,278,470,278,0.5133,2026-07-28 22:36:15.223,2026-07-28 22:36:15.223
car_ID_783,FLUSH,1830,car,512,277,512,277,0.5026,2026-07-28 22:36:15.223,2026-07-28 22:36:15.223
car_ID_784,FLUSH,1863,car,631,266,631,266,0.5442,2026-07-28 22:36:15.525,2026-07-28 22:36:15.602
car_ID_781,FLUSH,1860,car,1022,381,658,376,0.7027,2026-07-28 22:36:14.837,2026-07-28 22:36:16.391
car_ID_786,FLUSH,1869,car,392,285,392,285,0.5204,2026-07-28 22:36:16.933,2026-07-28 22:36:16.963
car_ID_785,FLUSH,1867,car,536,369,322,350,0.7054,2026-07-28 22:36:16.626,2026-07-28 22:36:17.267
car_ID_788,FLUSH,1872,car,629,266,615,271,0.5254,2026-07-28 22:36:17.138,2026-07-28 22:36:17.649
car_ID_790,FLUSH,1875,car,441,286,441,286,0.5145,2026-07-28 22:36:17.764,2026-07-28 22:36:17.829
car_ID_791,FLUSH,1823,car,416,278,416,278,0.5561,2026-07-28 22:36:17.865,2026-07-28 22:36:17.865
car_ID_792,FLUSH,1830,car,512,276,512,276,0.5204,2026-07-28 22:36:17.894,2026-07-28 22:36:18.331
car_ID_771,FLUSH,1826,car,335,289,338,288,0.5847,2026-07-28 22:36:07.798,2026-07-28 22:36:18.934
car_ID_787,FLUSH,1871,car,1014,383,240,343,0.7709,2026-07-28 22:36:17.033,2026-07-28 22:36:19.433
car_ID_789,FLUSH,1874,car,473,277,470,277,0.5205,2026-07-28 22:36:17.764,2026-07-28 22:36:20.139
car_ID_793,FLUSH,1881,car,1062,394,316,350,0.7726,2026-07-28 22:36:19.013,2026-07-28 22:36:21.168
car_ID_796,FLUSH,1888,car,389,285,389,285,0.5062,2026-07-28 22:36:21.205,2026-07-28 22:36:21.205
car_ID_798,FLUSH,1893,car,711,257,708,257,0.5782,2026-07-28 22:36:23.110,2026-07-28 22:36:23.221
car_ID_762,FLUSH,1808,car,247,302,269,294,0.5688,2026-07-28 22:36:02.560,2026-07-28 22:36:23.693
car_ID_799,FLUSH,1874,car,469,277,468,278,0.5397,2026-07-28 22:36:23.661,2026-07-28 22:36:24.039
car_ID_801,FLUSH,1900,car,620,263,616,264,0.5347,2026-07-28 22:36:25.534,2026-07-28 22:36:25.710
car_ID_802,FLUSH,1874,car,469,278,469,277,0.5204,2026-07-28 22:36:26.611,2026-07-28 22:36:27.018
car_ID_800,FLUSH,1808,car,271,295,271,300,0.5449,2026-07-28 22:36:24.929,2026-07-28 22:36:27.168
car_ID_794,FLUSH,1884,car,941,358,735,282,0.7461,2026-07-28 22:36:19.936,2026-07-28 22:36:28.027
car_ID_804,FLUSH,1874,car,469,278,470,277,0.5321,2026-07-28 22:36:28.367,2026-07-28 22:36:29.102
car_ID_803,FLUSH,1808,car,270,295,270,294,0.5175,2026-07-28 22:36:28.335,2026-07-28 22:36:29.196
car_ID_806,FLUSH,1917,car,714,257,714,257,0.5418,2026-07-28 22:36:30.364,2026-07-28 22:36:30.364
car_ID_795,FLUSH,1826,car,335,289,333,289,0.5669,2026-07-28 22:36:20.247,2026-07-28 22:36:30.625
car_ID_805,FLUSH,1913,car,391,285,384,285,0.5284,2026-07-28 22:36:29.933,2026-07-28 22:36:31.237
car_ID_808,FLUSH,1918,car,512,277,508,277,0.5102,2026-07-28 22:36:30.996,2026-07-28 22:36:31.629
car_ID_797,FLUSH,1892,car,983,362,734,280,0.7523,2026-07-28 22:36:22.437,2026-07-28 22:36:31.694
car_ID_809,FLUSH,1918,car,507,276,509,277,0.5165,2026-07-28 22:36:32.843,2026-07-28 22:36:34.429
car_ID_810,FLUSH,1826,car,334,288,334,288,0.5133,2026-07-28 22:36:34.870,2026-07-28 22:36:34.870
car_ID_807,FLUSH,1808,car,273,299,270,300,0.5392,2026-07-28 22:36:30.493,2026-07-28 22:36:35.438
car_ID_813,FLUSH,1826,car,329,288,288,299,0.6232,2026-07-28 22:36:36.032,2026-07-28 22:36:37.592
car_ID_812,FLUSH,1921,car,472,277,470,278,0.5287,2026-07-28 22:36:35.719,2026-07-28 22:36:37.699
car_ID_817,FLUSH,1936,car,228,301,217,302,0.5846,2026-07-28 22:36:38.608,2026-07-28 22:36:38.862
car_ID_818,FLUSH,1923,car,435,286,436,286,0.5632,2026-07-28 22:36:38.895,2026-07-28 22:36:38.967
car_ID_814,FLUSH,1808,car,239,302,119,309,0.6578,2026-07-28 22:36:36.528,2026-07-28 22:36:39.031
car_ID_815,FLUSH,1931,car,367,286,328,287,0.5430,2026-07-28 22:36:37.324,2026-07-28 22:36:39.031
car_ID_819,FLUSH,1874,car,419,273,418,272,0.5646,2026-07-28 22:36:39.511,2026-07-28 22:36:39.677
car_ID_816,FLUSH,1935,car,323,370,1015,432,0.8394,2026-07-28 22:36:38.140,2026-07-28 22:36:40.290
car_ID_821,FLUSH,1944,car,260,290,218,289,0.5335,2026-07-28 22:36:40.290,2026-07-28 22:36:41.400
car_ID_824,FLUSH,1947,car,214,351,254,350,0.5665,2026-07-28 22:36:41.259,2026-07-28 22:36:41.400
car_ID_823,FLUSH,1931,car,373,286,357,285,0.5692,2026-07-28 22:36:41.036,2026-07-28 22:36:41.464
car_ID_826,FLUSH,1950,car,115,324,133,341,0.5630,2026-07-28 22:36:42.032,2026-07-28 22:36:42.730
truck_ID_128,FLUSH,1954,truck,262,350,265,346,0.5978,2026-07-28 22:36:43.196,2026-07-28 22:36:43.264
truck_ID_129,FLUSH,1956,truck,270,348,278,350,0.6078,2026-07-28 22:36:43.334,2026-07-28 22:36:43.372
car_ID_825,FLUSH,1946,car,307,286,246,293,0.5547,2026-07-28 22:36:41.399,2026-07-28 22:36:43.974
car_ID_820,FLUSH,1921,car,465,278,351,282,0.6425,2026-07-28 22:36:39.704,2026-07-28 22:36:44.089
car_ID_822,FLUSH,1943,car,129,333,1071,427,0.7958,2026-07-28 22:36:40.639,2026-07-28 22:36:44.299
car_ID_829,FLUSH,1957,car,351,282,324,284,0.5404,2026-07-28 22:36:43.663,2026-07-28 22:36:44.299
car_ID_831,FLUSH,1961,car,593,390,593,390,0.5590,2026-07-28 22:36:44.391,2026-07-28 22:36:44.868
car_ID_827,FLUSH,1954,car,273,360,1020,422,0.7889,2026-07-28 22:36:43.098,2026-07-28 22:36:45.926
car_ID_834,FLUSH,1957,car,281,285,274,286,0.5454,2026-07-28 22:36:45.926,2026-07-28 22:36:46.467
car_ID_832,FLUSH,1965,car,233,377,1004,437,0.7700,2026-07-28 22:36:44.901,2026-07-28 22:36:47.502
car_ID_835,FLUSH,1966,car,509,267,453,272,0.5517,2026-07-28 22:36:46.396,2026-07-28 22:36:47.663
car_ID_833,FLUSH,1964,car,302,285,193,280,0.5132,2026-07-28 22:36:45.031,2026-07-28 22:36:47.733
car_ID_837,FLUSH,1972,car,214,308,214,308,0.5418,2026-07-28 22:36:47.945,2026-07-28 22:36:47.945
car_ID_838,FLUSH,1975,car,131,291,90,288,0.6062,2026-07-28 22:36:48.248,2026-07-28 22:36:48.892
car_ID_830,FLUSH,1960,car,412,281,348,282,0.5529,2026-07-28 22:36:44.299,2026-07-28 22:36:49.440
car_ID_840,FLUSH,1972,car,214,308,214,308,0.5026,2026-07-28 22:36:49.581,2026-07-28 22:36:49.581
car_ID_836,FLUSH,1968,car,516,280,459,285,0.5793,2026-07-28 22:36:46.737,2026-07-28 22:36:51.150
car_ID_828,FLUSH,1953,car,519,278,415,285,0.6442,2026-07-28 22:36:43.195,2026-07-28 22:36:51.665
car_ID_811,FLUSH,1918,car,508,276,349,282,0.6070,2026-07-28 22:36:35.675,2026-07-28 22:36:51.770
car_ID_842,FLUSH,1988,car,453,289,454,290,0.5347,2026-07-28 22:36:52.962,2026-07-28 22:36:52.995
car_ID_843,FLUSH,1990,car,513,280,521,286,0.5359,2026-07-28 22:36:53.539,2026-07-28 22:36:53.752
car_ID_839,FLUSH,1976,car,513,283,501,285,0.5837,2026-07-28 22:36:49.470,2026-07-28 22:36:53.957
car_ID_841,FLUSH,1960,car,347,283,625,289,0.7042,2026-07-28 22:36:51.111,2026-07-28 22:36:54.971
car_ID_845,FLUSH,1991,car,267,290,267,288,0.5169,2026-07-28 22:36:55.212,2026-07-28 22:36:55.362
car_ID_847,FLUSH,2003,car,461,289,505,285,0.5926,2026-07-28 22:36:56.269,2026-07-28 22:36:56.978
car_ID_844,FLUSH,1993,car,333,285,347,282,0.5674,2026-07-28 22:36:55.102,2026-07-28 22:36:58.390
car_ID_851,FLUSH,2012,car,292,320,292,320,0.5590,2026-07-28 22:36:58.494,2026-07-28 22:36:58.494
car_ID_850,FLUSH,2013,car,496,288,504,286,0.5472,2026-07-28 22:36:58.323,2026-07-28 22:36:58.659
car_ID_848,FLUSH,2000,car,348,283,348,281,0.5921,2026-07-28 22:36:57.159,2026-07-28 22:36:58.964
truck_ID_130,FLUSH,1977,truck,240,330,702,270,0.7576,2026-07-28 22:36:51.666,2026-07-28 22:36:59.178
car_ID_853,FLUSH,2020,car,268,294,268,294,0.5169,2026-07-28 22:36:59.412,2026-07-28 22:36:59.429
car_ID_852,FLUSH,1994,car,300,319,368,309,0.6214,2026-07-28 22:36:58.598,2026-07-28 22:36:59.626
car_ID_855,FLUSH,2014,car,215,307,215,307,0.5133,2026-07-28 22:36:59.896,2026-07-28 22:36:59.965
car_ID_849,FLUSH,2007,car,236,321,578,294,0.7059,2026-07-28 22:36:57.228,2026-07-28 22:37:00.228
truck_ID_132,FLUSH,1977,truck,716,268,718,268,0.5870,2026-07-28 22:37:00.261,2026-07-28 22:37:00.436
truck_ID_131,FLUSH,2012,truck,259,323,528,300,0.7643,2026-07-28 22:36:58.224,2026-07-28 22:37:00.536
car_ID_856,FLUSH,2031,car,156,362,236,346,0.5625,2026-07-28 22:37:00.836,2026-07-28 22:37:01.303
car_ID_860,FLUSH,2034,car,213,308,213,308,0.5133,2026-07-28 22:37:01.535,2026-07-28 22:37:01.535
car_ID_858,FLUSH,2028,car,457,287,458,285,0.5222,2026-07-28 22:37:01.035,2026-07-28 22:37:02.357
car_ID_861,FLUSH,1994,car,417,285,414,284,0.5334,2026-07-28 22:37:02.190,2026-07-28 22:37:02.665
car_ID_864,FLUSH,2040,car,638,287,640,286,0.5294,2026-07-28 22:37:03.102,2026-07-28 22:37:03.202
car_ID_865,FLUSH,2028,car,457,288,457,288,0.5169,2026-07-28 22:37:03.413,2026-07-28 22:37:03.413
car_ID_846,FLUSH,1995,car,252,341,728,285,0.7122,2026-07-28 22:36:55.292,2026-07-28 22:37:03.623
car_ID_862,FLUSH,2043,car,154,361,213,306,0.5985,2026-07-28 22:37:02.969,2026-07-28 22:37:03.862
truck_ID_133,FLUSH,2037,truck,612,293,703,283,0.6523,2026-07-28 22:37:01.629,2026-07-28 22:37:04.670
car_ID_863,FLUSH,2044,car,347,282,348,284,0.5964,2026-07-28 22:37:03.001,2026-07-28 22:37:05.119
truck_ID_134,FLUSH,2049,truck,709,282,716,279,0.5771,2026-07-28 22:37:05.119,2026-07-28 22:37:05.828
car_ID_867,FLUSH,1994,car,415,285,413,284,0.5167,2026-07-28 22:37:04.106,2026-07-28 22:37:06.310
car_ID_869,FLUSH,2058,car,213,307,213,307,0.5097,2026-07-28 22:37:06.899,2026-07-28 22:37:07.370
car_ID_870,FLUSH,1994,car,418,286,418,286,0.5026,2026-07-28 22:37:07.809,2026-07-28 22:37:07.817
car_ID_854,FLUSH,2023,car,336,282,345,288,0.5941,2026-07-28 22:36:59.546,2026-07-28 22:37:08.469
car_ID_857,FLUSH,2032,car,496,286,496,284,0.5289,2026-07-28 22:37:00.996,2026-07-28 22:37:08.962
car_ID_871,FLUSH,2060,car,294,318,513,296,0.7397,2026-07-28 22:37:07.810,2026-07-28 22:37:09.491
car_ID_859,FLUSH,2033,car,254,350,729,284,0.7365,2026-07-28 22:37:01.399,2026-07-28 22:37:09.903
car_ID_872,FLUSH,2069,car,325,286,349,283,0.5700,2026-07-28 22:37:10.548,2026-07-28 22:37:10.890
car_ID_874,FLUSH,2067,car,214,308,214,308,0.5169,2026-07-28 22:37:11.403,2026-07-28 22:37:11.403
car_ID_876,FLUSH,2073,car,417,285,417,285,0.5097,2026-07-28 22:37:11.938,2026-07-28 22:37:11.970
car_ID_868,FLUSH,2054,car,264,348,704,300,0.7305,2026-07-28 22:37:06.831,2026-07-28 22:37:12.161
car_ID_866,FLUSH,2045,car,255,352,732,283,0.7628,2026-07-28 22:37:03.541,2026-07-28 22:37:12.243
car_ID_877,FLUSH,2077,car,348,282,347,282,0.6044,2026-07-28 22:37:11.970,2026-07-28 22:37:13.170
car_ID_879,FLUSH,2067,car,215,307,214,307,0.5327,2026-07-28 22:37:12.459,2026-07-28 22:37:14.194
truck_ID_136,FLUSH,2078,truck,452,297,495,293,0.5846,2026-07-28 22:37:15.705,2026-07-28 22:37:15.989
truck_ID_137,FLUSH,2073,truck,468,295,497,293,0.5810,2026-07-28 22:37:15.802,2026-07-28 22:37:16.078
car_ID_875,FLUSH,2074,car,497,287,518,280,0.5421,2026-07-28 22:37:11.903,2026-07-28 22:37:16.108
car_ID_882,FLUSH,2091,car,451,285,457,284,0.5518,2026-07-28 22:37:16.142,2026-07-28 22:37:16.235
truck_ID_135,FLUSH,2052,truck,182,338,719,262,0.7436,2026-07-28 22:37:08.801,2026-07-28 22:37:16.268
car_ID_883,FLUSH,2090,car,413,285,416,284,0.5213,2026-07-28 22:37:16.462,2026-07-28 22:37:16.625
car_ID_884,FLUSH,2052,car,723,281,724,290,0.5739,2026-07-28 22:37:16.702,2026-07-28 22:37:16.768
car_ID_885,FLUSH,2086,car,213,308,211,306,0.5181,2026-07-28 22:37:17.725,2026-07-28 22:37:17.993
truck_ID_138,FLUSH,2052,truck,745,259,748,259,0.5147,2026-07-28 22:37:17.929,2026-07-28 22:37:18.199
car_ID_887,FLUSH,2091,car,453,284,454,284,0.5039,2026-07-28 22:37:18.434,2026-07-28 22:37:19.195
car_ID_886,FLUSH,2090,car,411,284,413,284,0.5151,2026-07-28 22:37:18.026,2026-07-28 22:37:19.564
car_ID_878,FLUSH,2079,car,174,356,738,280,0.7610,2026-07-28 22:37:12.050,2026-07-28 22:37:20.112
car_ID_889,FLUSH,2100,car,632,266,630,265,0.5632,2026-07-28 22:37:20.237,2026-07-28 22:37:20.464
car_ID_890,FLUSH,2091,car,457,285,458,284,0.5193,2026-07-28 22:37:20.399,2026-07-28 22:37:20.463
car_ID_888,FLUSH,2093,car,518,261,440,267,0.5447,2026-07-28 22:37:19.837,2026-07-28 22:37:20.964
car_ID_873,FLUSH,2071,car,348,282,339,280,0.5866,2026-07-28 22:37:11.097,2026-07-28 22:37:22.024
car_ID_881,FLUSH,2078,car,267,309,736,264,0.6571,2026-07-28 22:37:14.742,2026-07-28 22:37:22.091
car_ID_891,FLUSH,2106,car,259,286,251,286,0.5416,2026-07-28 22:37:21.305,2026-07-28 22:37:22.270
car_ID_894,FLUSH,2110,car,632,266,614,269,0.5454,2026-07-28 22:37:21.989,2026-07-28 22:37:22.505
car_ID_892,FLUSH,2094,car,250,286,215,289,0.5454,2026-07-28 22:37:21.828,2026-07-28 22:37:23.086
car_ID_897,FLUSH,2114,car,328,284,323,292,0.5509,2026-07-28 22:37:22.771,2026-07-28 22:37:23.294
car_ID_898,FLUSH,2071,car,208,298,204,298,0.5187,2026-07-28 22:37:23.394,2026-07-28 22:37:23.589
car_ID_895,FLUSH,2093,car,336,283,311,294,0.5548,2026-07-28 22:37:22.131,2026-07-28 22:37:23.685
car_ID_903,FLUSH,2128,car,631,263,631,263,0.5668,2026-07-28 22:37:25.169,2026-07-28 22:37:25.169
car_ID_899,FLUSH,2117,car,124,317,128,323,0.5692,2026-07-28 22:37:24.245,2026-07-28 22:37:25.298
car_ID_900,FLUSH,2114,car,287,286,212,288,0.5294,2026-07-28 22:37:24.340,2026-07-28 22:37:26.009
car_ID_902,FLUSH,2093,car,253,287,219,291,0.5414,2026-07-28 22:37:25.106,2026-07-28 22:37:26.233
car_ID_905,FLUSH,2137,car,96,299,96,299,0.5276,2026-07-28 22:37:27.702,2026-07-28 22:37:27.702
car_ID_904,FLUSH,2129,car,213,356,932,422,0.8147,2026-07-28 22:37:25.428,2026-07-28 22:37:28.062
car_ID_893,FLUSH,2090,car,409,284,254,287,0.6526,2026-07-28 22:37:21.957,2026-07-28 22:37:28.267
truck_ID_142,FLUSH,2140,truck,685,295,679,290,0.6568,2026-07-28 22:37:28.334,2026-07-28 22:37:28.864
car_ID_906,FLUSH,2132,car,505,275,502,276,0.5636,2026-07-28 22:37:28.708,2026-07-28 22:37:29.030
truck_ID_141,FLUSH,2125,truck,311,355,798,404,0.6711,2026-07-28 22:37:28.138,2026-07-28 22:37:29.635
truck_ID_140,FLUSH,2138,truck,262,347,840,407,0.7765,2026-07-28 22:37:27.871,2026-07-28 22:37:29.769
car_ID_908,FLUSH,2145,car,282,278,262,279,0.5960,2026-07-28 22:37:29.602,2026-07-28 22:37:29.769
car_ID_907,FLUSH,2138,car,724,402,874,415,0.6731,2026-07-28 22:37:29.460,2026-07-28 22:37:29.805
truck_ID_143,FLUSH,2137,truck,231,347,235,347,0.5027,2026-07-28 22:37:30.008,2026-07-28 22:37:30.040
car_ID_901,FLUSH,2125,car,118,292,881,418,0.6133,2026-07-28 22:37:24.890,2026-07-28 22:37:30.291
car_ID_910,FLUSH,2148,car,441,271,426,273,0.5178,2026-07-28 22:37:30.259,2026-07-28 22:37:30.492
car_ID_896,FLUSH,2091,car,453,285,269,294,0.5730,2026-07-28 22:37:22.771,2026-07-28 22:37:30.601
truck_ID_139,FLUSH,2126,truck,1032,338,707,277,0.6319,2026-07-28 22:37:25.203,2026-07-28 22:37:31.099
bus_ID_21,FLUSH,2137,bus,581,395,603,395,0.6878,2026-07-28 22:37:31.172,2026-07-28 22:37:31.239
truck_ID_144,FLUSH,2147,truck,332,368,638,398,0.5440,2026-07-28 22:37:30.426,2026-07-28 22:37:31.338
car_ID_911,FLUSH,2137,car,369,372,638,398,0.6588,2026-07-28 22:37:30.569,2026-07-28 22:37:31.338
car_ID_914,FLUSH,2152,car,634,264,625,264,0.6124,2026-07-28 22:37:31.133,2026-07-28 22:37:31.485
car_ID_916,FLUSH,2153,car,298,266,298,266,0.5383,2026-07-28 22:37:31.688,2026-07-28 22:37:31.688
car_ID_915,FLUSH,2155,car,619,396,619,396,0.6265,2026-07-28 22:37:31.302,2026-07-28 22:37:31.765
car_ID_909,FLUSH,2132,car,476,278,423,279,0.5931,2026-07-28 22:37:30.118,2026-07-28 22:37:31.989
car_ID_912,FLUSH,2147,car,395,377,978,421,0.6902,2026-07-28 22:37:30.666,2026-07-28 22:37:32.160
car_ID_880,FLUSH,2073,car,416,284,262,292,0.5593,2026-07-28 22:37:14.332,2026-07-28 22:37:32.469
car_ID_917,FLUSH,2158,car,466,276,427,280,0.5415,2026-07-28 22:37:31.924,2026-07-28 22:37:32.568
car_ID_922,FLUSH,2170,car,122,320,124,321,0.5412,2026-07-28 22:37:33.936,2026-07-28 22:37:34.431
car_ID_919,FLUSH,2166,car,322,361,934,418,0.8360,2026-07-28 22:37:33.155,2026-07-28 22:37:34.932
car_ID_920,FLUSH,2132,car,329,281,226,296,0.5775,2026-07-28 22:37:33.259,2026-07-28 22:37:35.663
car_ID_924,FLUSH,2173,car,721,257,710,254,0.5666,2026-07-28 22:37:35.451,2026-07-28 22:37:35.979
car_ID_921,FLUSH,2169,car,533,272,303,283,0.6948,2026-07-28 22:37:33.902,2026-07-28 22:37:36.972
car_ID_925,FLUSH,2180,car,225,368,347,379,0.7240,2026-07-28 22:37:36.468,2026-07-28 22:37:37.051
car_ID_923,FLUSH,2172,car,200,350,1037,430,0.8372,2026-07-28 22:37:34.558,2026-07-28 22:37:37.261
bus_ID_22,FLUSH,2180,bus,358,380,362,381,0.5102,2026-07-28 22:37:37.092,2026-07-28 22:37:37.593
car_ID_928,FLUSH,2186,car,635,265,619,266,0.6040,2026-07-28 22:37:37.692,2026-07-28 22:37:38.079
car_ID_918,FLUSH,2161,car,870,347,731,282,0.8091,2026-07-28 22:37:32.160,2026-07-28 22:37:38.362
car_ID_926,FLUSH,2182,car,361,382,1003,440,0.8301,2026-07-28 22:37:37.125,2026-07-28 22:37:38.628
car_ID_927,FLUSH,2183,car,519,270,417,276,0.6755,2026-07-28 22:37:37.291,2026-07-28 22:37:38.968
car_ID_929,FLUSH,2193,car,345,282,262,287,0.6610,2026-07-28 22:37:39.069,2026-07-28 22:37:39.639
car_ID_932,FLUSH,2194,car,707,257,708,258,0.5611,2026-07-28 22:37:39.571,2026-07-28 22:37:39.856
car_ID_933,FLUSH,2200,car,630,265,630,265,0.5561,2026-07-28 22:37:40.004,2026-07-28 22:37:40.068
truck_ID_145,FLUSH,2149,truck,559,398,829,420,0.6562,2026-07-28 22:37:39.671,2026-07-28 22:37:40.263
truck_ID_146,FLUSH,2195,truck,585,401,874,423,0.6607,2026-07-28 22:37:39.733,2026-07-28 22:37:40.393
car_ID_913,FLUSH,2149,car,516,279,874,423,0.6370,2026-07-28 22:37:31.133,2026-07-28 22:37:40.393
car_ID_930,FLUSH,2195,car,427,380,929,428,0.6401,2026-07-28 22:37:39.336,2026-07-28 22:37:40.942
car_ID_931,FLUSH,2196,car,527,269,224,282,0.7188,2026-07-28 22:37:39.473,2026-07-28 22:37:42.435
car_ID_936,FLUSH,2214,car,277,306,277,306,0.5062,2026-07-28 22:37:43.393,2026-07-28 22:37:43.393
car_ID_935,FLUSH,2212,car,513,268,508,268,0.5682,2026-07-28 22:37:43.231,2026-07-28 22:37:43.432
car_ID_934,FLUSH,2205,car,514,275,402,281,0.6176,2026-07-28 22:37:42.031,2026-07-28 22:37:43.568
bus_ID_23,FLUSH,2213,bus,433,310,434,310,0.6153,2026-07-28 22:37:43.776,2026-07-28 22:37:43.807
truck_ID_148,FLUSH,2214,truck,419,297,435,295,0.5803,2026-07-28 22:37:44.328,2026-07-28 22:37:44.458
truck_ID_147,FLUSH,2208,truck,271,327,509,302,0.7800,2026-07-28 22:37:42.680,2026-07-28 22:37:44.491
car_ID_937,FLUSH,2222,car,525,303,530,302,0.6094,2026-07-28 22:37:45.411,2026-07-28 22:37:45.996
car_ID_939,FLUSH,2231,car,205,304,204,304,0.5264,2026-07-28 22:37:46.912,2026-07-28 22:37:46.994
truck_ID_150,FLUSH,2227,truck,638,291,697,287,0.5692,2026-07-28 22:37:46.095,2026-07-28 22:37:47.595
car_ID_940,FLUSH,2233,car,363,277,254,282,0.7218,2026-07-28 22:37:47.735,2026-07-28 22:37:48.695
car_ID_938,FLUSH,2230,car,264,318,531,298,0.7034,2026-07-28 22:37:46.883,2026-07-28 22:37:49.163
car_ID_944,FLUSH,2241,car,124,288,119,289,0.5445,2026-07-28 22:37:49.540,2026-07-28 22:37:49.623
car_ID_943,FLUSH,2240,car,560,293,571,294,0.6786,2026-07-28 22:37:49.540,2026-07-28 22:37:49.764
car_ID_941,FLUSH,2236,car,302,318,518,305,0.7743,2026-07-28 22:37:49.068,2026-07-28 22:37:51.008
truck_ID_149,FLUSH,2218,truck,161,301,693,269,0.7602,2026-07-28 22:37:44.458,2026-07-28 22:37:51.398
truck_ID_151,FLUSH,2246,truck,270,343,274,344,0.5133,2026-07-28 22:37:51.865,2026-07-28 22:37:51.898
car_ID_945,FLUSH,2243,car,601,299,664,281,0.5452,2026-07-28 22:37:50.261,2026-07-28 22:37:52.240
car_ID_942,FLUSH,2238,car,235,341,613,308,0.7541,2026-07-28 22:37:49.339,2026-07-28 22:37:52.654
car_ID_949,FLUSH,2256,car,616,269,616,269,0.5383,2026-07-28 22:37:53.236,2026-07-28 22:37:53.236
car_ID_947,FLUSH,2248,car,513,267,419,273,0.6308,2026-07-28 22:37:51.966,2026-07-28 22:37:53.401
car_ID_951,FLUSH,2249,car,217,319,214,318,0.5917,2026-07-28 22:37:53.748,2026-07-28 22:37:53.826
car_ID_950,FLUSH,2247,car,390,296,246,281,0.6014,2026-07-28 22:37:53.333,2026-07-28 22:37:54.864
car_ID_953,FLUSH,2262,car,518,276,352,284,0.6516,2026-07-28 22:37:54.271,2026-07-28 22:37:56.435
car_ID_948,FLUSH,2253,car,626,292,728,283,0.6581,2026-07-28 22:37:53.030,2026-07-28 22:37:57.706
car_ID_954,FLUSH,2263,car,317,298,380,306,0.6437,2026-07-28 22:37:54.900,2026-07-28 22:37:58.834
truck_ID_152,FLUSH,2277,truck,495,314,497,314,0.6202,2026-07-28 22:37:59.466,2026-07-28 22:37:59.585
car_ID_956,FLUSH,2269,car,511,268,320,280,0.6081,2026-07-28 22:37:56.638,2026-07-28 22:38:00.163
car_ID_946,FLUSH,2246,car,153,360,736,280,0.7684,2026-07-28 22:37:51.295,2026-07-28 22:38:00.533
car_ID_965,FLUSH,2285,car,518,274,515,273,0.5193,2026-07-28 22:38:00.437,2026-07-28 22:38:00.605
car_ID_958,FLUSH,2277,car,311,346,564,293,0.6216,2026-07-28 22:37:58.295,2026-07-28 22:38:00.682
car_ID_966,FLUSH,2290,car,616,301,616,301,0.5917,2026-07-28 22:38:00.830,2026-07-28 22:38:00.830
car_ID_959,FLUSH,2278,car,272,300,270,293,0.5640,2026-07-28 22:37:58.665,2026-07-28 22:38:00.897
car_ID_952,FLUSH,2259,car,289,325,691,279,0.7336,2026-07-28 22:37:53.923,2026-07-28 22:38:00.965
car_ID_964,FLUSH,2283,car,431,270,426,268,0.5589,2026-07-28 22:38:00.370,2026-07-28 22:38:00.966
car_ID_955,FLUSH,2249,car,217,327,673,295,0.7174,2026-07-28 22:37:56.080,2026-07-28 22:38:00.999
car_ID_963,FLUSH,2284,car,388,272,319,278,0.5919,2026-07-28 22:38:00.265,2026-07-28 22:38:01.096
car_ID_960,FLUSH,2276,car,241,321,552,301,0.7373,2026-07-28 22:37:59.274,2026-07-28 22:38:01.871
car_ID_969,FLUSH,2292,car,627,288,628,287,0.5418,2026-07-28 22:38:02.040,2026-07-28 22:38:02.107
car_ID_971,FLUSH,2299,car,665,282,666,281,0.5561,2026-07-28 22:38:03.199,2026-07-28 22:38:03.331
car_ID_957,FLUSH,2271,car,522,283,349,287,0.6296,2026-07-28 22:37:56.784,2026-07-28 22:38:03.833
car_ID_967,FLUSH,2289,car,150,333,551,298,0.7404,2026-07-28 22:38:00.898,2026-07-28 22:38:03.893
car_ID_968,FLUSH,2293,car,675,296,724,281,0.6893,2026-07-28 22:38:01.940,2026-07-28 22:38:04.739
car_ID_962,FLUSH,2287,car,485,285,404,286,0.6371,2026-07-28 22:38:00.001,2026-07-28 22:38:04.779
truck_ID_153,FLUSH,2291,truck,495,311,501,310,0.6131,2026-07-28 22:38:05.401,2026-07-28 22:38:05.463
car_ID_970,FLUSH,2278,car,267,301,490,312,0.6513,2026-07-28 22:38:02.040,2026-07-28 22:38:05.837
car_ID_972,FLUSH,2291,car,232,319,606,311,0.6450,2026-07-28 22:38:03.472,2026-07-28 22:38:06.453
car_ID_961,FLUSH,2282,car,213,304,731,284,0.7049,2026-07-28 22:37:59.763,2026-07-28 22:38:07.127
car_ID_975,FLUSH,2307,car,664,283,716,271,0.5792,2026-07-28 22:38:04.847,2026-07-28 22:38:07.128
car_ID_980,FLUSH,2313,car,214,304,215,304,0.5529,2026-07-28 22:38:06.341,2026-07-28 22:38:07.459
car_ID_981,FLUSH,2316,car,622,288,629,290,0.5506,2026-07-28 22:38:07.299,2026-07-28 22:38:07.635
car_ID_974,FLUSH,2306,car,273,298,423,277,0.7286,2026-07-28 22:38:04.740,2026-07-28 22:38:08.707
car_ID_984,FLUSH,2328,car,1062,389,1062,389,0.5347,2026-07-28 22:38:09.161,2026-07-28 22:38:09.161
car_ID_977,FLUSH,2305,car,206,303,635,285,0.6988,2026-07-28 22:38:05.189,2026-07-28 22:38:09.803
car_ID_985,FLUSH,2329,car,214,304,215,304,0.5372,2026-07-28 22:38:09.481,2026-07-28 22:38:09.902
car_ID_986,FLUSH,2330,car,674,273,681,271,0.5357,2026-07-28 22:38:09.649,2026-07-28 22:38:09.964
car_ID_973,FLUSH,2301,car,573,298,728,287,0.6254,2026-07-28 22:38:04.134,2026-07-28 22:38:10.170
car_ID_983,FLUSH,2326,car,657,302,733,281,0.7023,2026-07-28 22:38:08.805,2026-07-28 22:38:12.198
car_ID_989,FLUSH,2305,car,681,276,733,269,0.5289,2026-07-28 22:38:11.408,2026-07-28 22:38:13.361
car_ID_982,FLUSH,2324,car,139,354,739,277,0.7713,2026-07-28 22:38:08.503,2026-07-28 22:38:15.263
car_ID_991,FLUSH,2347,car,515,279,492,279,0.6226,2026-07-28 22:38:13.600,2026-07-28 22:38:15.530
car_ID_979,FLUSH,2311,car,268,300,270,291,0.5548,2026-07-28 22:38:05.430,2026-07-28 22:38:17.137
car_ID_990,FLUSH,2340,car,205,304,219,304,0.5468,2026-07-28 22:38:11.571,2026-07-28 22:38:18.101
car_ID_988,FLUSH,2329,car,222,330,734,273,0.6894,2026-07-28 22:38:11.265,2026-07-28 22:38:18.170
car_ID_995,FLUSH,2363,car,717,255,711,256,0.5290,2026-07-28 22:38:19.365,2026-07-28 22:38:19.665
car_ID_994,FLUSH,2361,car,1020,388,277,346,0.7336,2026-07-28 22:38:19.266,2026-07-28 22:38:22.270
car_ID_997,FLUSH,2364,car,216,304,203,304,0.5287,2026-07-28 22:38:19.912,2026-07-28 22:38:22.505
car_ID_999,FLUSH,2364,car,217,304,217,304,0.5311,2026-07-28 22:38:24.115,2026-07-28 22:38:24.122
car_ID_998,FLUSH,2380,car,564,262,563,263,0.5258,2026-07-28 22:38:24.064,2026-07-28 22:38:24.271
car_ID_992,FLUSH,2347,car,487,279,487,278,0.5593,2026-07-28 22:38:16.726,2026-07-28 22:38:25.790
car_ID_1001,FLUSH,2387,car,516,266,508,267,0.5260,2026-07-28 22:38:25.547,2026-07-28 22:38:25.791
car_ID_1002,FLUSH,2364,car,208,304,203,304,0.5151,2026-07-28 22:38:25.571,2026-07-28 22:38:26.061
car_ID_1005,FLUSH,2392,car,714,257,712,257,0.5568,2026-07-28 22:38:27.400,2026-07-28 22:38:27.529
car_ID_1003,FLUSH,2388,car,485,278,484,279,0.5146,2026-07-28 22:38:26.936,2026-07-28 22:38:28.537
car_ID_1004,FLUSH,2390,car,515,282,514,283,0.5128,2026-07-28 22:38:27.068,2026-07-28 22:38:29.200
car_ID_996,FLUSH,2365,car,1071,376,738,282,0.7369,2026-07-28 22:38:19.665,2026-07-28 22:38:30.188
car_ID_1000,FLUSH,2381,car,1043,376,651,285,0.7392,2026-07-28 22:38:24.335,2026-07-28 22:38:30.357
car_ID_1007,FLUSH,2364,car,208,304,212,304,0.5363,2026-07-28 22:38:27.495,2026-07-28 22:38:30.770
car_ID_1006,FLUSH,2391,car,969,358,675,294,0.7600,2026-07-28 22:38:27.467,2026-07-28 22:38:31.166
car_ID_1010,FLUSH,2390,car,515,284,515,283,0.5247,2026-07-28 22:38:32.066,2026-07-28 22:38:32.679
car_ID_1012,FLUSH,2407,car,716,274,733,271,0.5339,2026-07-28 22:38:32.459,2026-07-28 22:38:33.090
car_ID_1013,FLUSH,2364,car,209,303,209,304,0.5204,2026-07-28 22:38:33.059,2026-07-28 22:38:34.039
car_ID_1009,FLUSH,2405,car,684,296,733,278,0.7979,2026-07-28 22:38:31.964,2026-07-28 22:38:35.097
car_ID_1014,FLUSH,2364,car,210,304,214,304,0.5356,2026-07-28 22:38:35.404,2026-07-28 22:38:35.609
car_ID_1015,FLUSH,2411,car,130,305,130,305,0.5204,2026-07-28 22:38:37.328,2026-07-28 22:38:37.328
car_ID_1017,FLUSH,2390,car,514,282,514,282,0.5062,2026-07-28 22:38:38.145,2026-07-28 22:38:38.145
car_ID_993,FLUSH,2311,car,270,290,219,304,0.5676,2026-07-28 22:38:18.794,2026-07-28 22:38:38.364
car_ID_1008,FLUSH,2398,car,984,365,733,270,0.6552,2026-07-28 22:38:29.093,2026-07-28 22:38:38.498
car_ID_1018,FLUSH,2421,car,277,283,268,284,0.5486,2026-07-28 22:38:38.397,2026-07-28 22:38:38.647
truck_ID_154,FLUSH,2423,truck,811,334,801,334,0.5276,2026-07-28 22:38:39.636,2026-07-28 22:38:39.669
car_ID_1016,FLUSH,2420,car,912,355,682,306,0.7909,2026-07-28 22:38:37.498,2026-07-28 22:38:40.058
car_ID_1020,FLUSH,2427,car,808,334,766,329,0.6170,2026-07-28 22:38:39.605,2026-07-28 22:38:40.330
car_ID_1011,FLUSH,2408,car,1055,375,737,279,0.7972,2026-07-28 22:38:32.409,2026-07-28 22:38:40.737
car_ID_1021,FLUSH,2428,car,259,354,1048,430,0.8453,2026-07-28 22:38:40.093,2026-07-28 22:38:42.695
car_ID_976,FLUSH,2308,car,335,293,82,313,0.6937,2026-07-28 22:38:04.887,2026-07-28 22:38:43.252
car_ID_1022,FLUSH,2432,car,702,299,732,282,0.7334,2026-07-28 22:38:41.035,2026-07-28 22:38:43.394
car_ID_1025,FLUSH,2390,car,503,280,495,280,0.5344,2026-07-28 22:38:43.588,2026-07-28 22:38:45.503
car_ID_1024,FLUSH,2436,car,276,372,1041,427,0.8191,2026-07-28 22:38:42.864,2026-07-28 22:38:45.596
car_ID_1026,FLUSH,2438,car,126,340,304,373,0.6131,2026-07-28 22:38:44.564,2026-07-28 22:38:45.963
car_ID_987,FLUSH,2332,car,522,282,280,292,0.6437,2026-07-28 22:38:09.684,2026-07-28 22:38:46.303
car_ID_1019,FLUSH,2423,car,1044,364,738,276,0.6941,2026-07-28 22:38:38.648,2026-07-28 22:38:46.339
car_ID_1027,FLUSH,2443,car,319,375,1031,441,0.8008,2026-07-28 22:38:45.532,2026-07-28 22:38:47.735
car_ID_1023,FLUSH,2414,car,482,279,334,293,0.5704,2026-07-28 22:38:41.826,2026-07-28 22:38:48.001
car_ID_1028,FLUSH,2446,car,442,290,384,296,0.6070,2026-07-28 22:38:47.331,2026-07-28 22:38:49.615
car_ID_1029,FLUSH,2332,car,262,292,262,292,0.5347,2026-07-28 22:38:50.982,2026-07-28 22:38:50.993
car_ID_1031,FLUSH,2414,car,331,287,331,287,0.5062,2026-07-28 22:38:51.638,2026-07-28 22:38:51.703
car_ID_1030,FLUSH,2446,car,381,295,382,295,0.5222,2026-07-28 22:38:51.328,2026-07-28 22:38:52.669
car_ID_978,FLUSH,2309,car,395,291,187,301,0.6483,2026-07-28 22:38:05.189,2026-07-28 22:38:53.710
car_ID_1034,FLUSH,2454,car,251,292,253,291,0.5383,2026-07-28 22:38:56.134,2026-07-28 22:38:56.170
car_ID_1033,FLUSH,2453,car,123,360,249,350,0.6090,2026-07-28 22:38:55.887,2026-07-28 22:38:56.930
car_ID_1036,FLUSH,2454,car,262,301,262,301,0.5311,2026-07-28 22:38:57.867,2026-07-28 22:38:57.867
truck_ID_155,FLUSH,2450,truck,271,287,581,271,0.7203,2026-07-28 22:38:55.076,2026-07-28 22:38:58.090
car_ID_1038,FLUSH,2458,car,328,287,328,287,0.5311,2026-07-28 22:38:59.603,2026-07-28 22:38:59.864
car_ID_1039,FLUSH,2454,car,262,290,263,290,0.5240,2026-07-28 22:38:59.830,2026-07-28 22:38:59.864
truck_ID_156,FLUSH,2460,truck,631,268,672,269,0.6067,2026-07-28 22:38:59.119,2026-07-28 22:39:00.199
truck_ID_157,FLUSH,2464,truck,673,269,683,268,0.5454,2026-07-28 22:39:00.260,2026-07-28 22:39:00.752
car_ID_1037,FLUSH,2455,car,381,288,385,295,0.5447,2026-07-28 22:38:58.124,2026-07-28 22:39:01.363
bus_ID_24,FLUSH,2460,bus,674,269,701,266,0.6432,2026-07-28 22:39:00.292,2026-07-28 22:39:01.632
car_ID_1041,FLUSH,2467,car,251,302,264,302,0.5953,2026-07-28 22:39:01.868,2026-07-28 22:39:02.032
car_ID_1042,FLUSH,2458,car,329,287,330,287,0.5418,2026-07-28 22:39:03.334,2026-07-28 22:39:03.684
car_ID_1043,FLUSH,2472,car,514,268,426,276,0.7179,2026-07-28 22:39:03.507,2026-07-28 22:39:04.566
car_ID_1035,FLUSH,2456,car,264,346,736,281,0.7790,2026-07-28 22:38:56.993,2026-07-28 22:39:05.662
car_ID_1045,FLUSH,2467,car,263,290,262,291,0.5219,2026-07-28 22:39:05.797,2026-07-28 22:39:06.498
car_ID_1046,FLUSH,2476,car,386,294,386,294,0.5276,2026-07-28 22:39:07.236,2026-07-28 22:39:07.236
car_ID_1048,FLUSH,2482,car,631,263,631,263,0.5383,2026-07-28 22:39:08.062,2026-07-28 22:39:08.062
car_ID_1044,FLUSH,2458,car,329,287,330,287,0.5291,2026-07-28 22:39:04.954,2026-07-28 22:39:08.503
car_ID_1047,FLUSH,2467,car,261,298,265,301,0.5539,2026-07-28 22:39:07.646,2026-07-28 22:39:09.073
car_ID_1040,FLUSH,2454,car,276,322,736,270,0.7461,2026-07-28 22:39:01.464,2026-07-28 22:39:09.361
car_ID_1032,FLUSH,2452,car,169,304,170,304,0.5886,2026-07-28 22:38:55.469,2026-07-28 22:39:09.728
car_ID_1051,FLUSH,2488,car,712,255,706,255,0.5469,2026-07-28 22:39:10.576,2026-07-28 22:39:10.794
car_ID_1050,FLUSH,2441,car,518,268,500,270,0.6081,2026-07-28 22:39:10.474,2026-07-28 22:39:10.828
car_ID_1049,FLUSH,2483,car,217,331,624,288,0.7289,2026-07-28 22:39:08.261,2026-07-28 22:39:11.702
car_ID_1054,FLUSH,2495,car,331,287,331,287,0.5026,2026-07-28 22:39:12.302,2026-07-28 22:39:12.302
car_ID_1056,FLUSH,2500,car,251,303,269,302,0.5841,2026-07-28 22:39:12.795,2026-07-28 22:39:13.003
car_ID_1055,FLUSH,2499,car,504,299,567,293,0.5614,2026-07-28 22:39:12.459,2026-07-28 22:39:13.170
car_ID_1057,FLUSH,2495,car,327,287,332,288,0.5371,2026-07-28 22:39:13.494,2026-07-28 22:39:14.072
truck_ID_158,FLUSH,2490,truck,235,293,693,269,0.7306,2026-07-28 22:39:10.587,2026-07-28 22:39:14.175
car_ID_1058,FLUSH,2503,car,617,290,632,288,0.6649,2026-07-28 22:39:13.935,2026-07-28 22:39:14.436
car_ID_1061,FLUSH,2507,car,381,294,381,294,0.5026,2026-07-28 22:39:15.333,2026-07-28 22:39:15.333
car_ID_1060,FLUSH,2500,car,248,297,263,301,0.5720,2026-07-28 22:39:14.277,2026-07-28 22:39:16.176
car_ID_1066,FLUSH,2515,car,631,265,631,265,0.5846,2026-07-28 22:39:16.491,2026-07-28 22:39:16.491
car_ID_1063,FLUSH,2508,car,666,281,736,264,0.5653,2026-07-28 22:39:15.465,2026-07-28 22:39:17.926
car_ID_1065,FLUSH,2512,car,512,265,402,274,0.5676,2026-07-28 22:39:16.324,2026-07-28 22:39:18.230
car_ID_1068,FLUSH,2522,car,505,258,505,258,0.5062,2026-07-28 22:39:18.231,2026-07-28 22:39:18.231
car_ID_1067,FLUSH,2519,car,530,257,492,258,0.5930,2026-07-28 22:39:17.636,2026-07-28 22:39:18.465
car_ID_1070,FLUSH,2513,car,255,297,255,297,0.5454,2026-07-28 22:39:18.663,2026-07-28 22:39:18.745
truck_ID_159,FLUSH,2522,truck,487,259,462,261,0.5616,2026-07-28 22:39:18.573,2026-07-28 22:39:18.982
car_ID_1062,FLUSH,2495,car,330,287,328,288,0.5233,2026-07-28 22:39:15.431,2026-07-28 22:39:19.124
car_ID_1072,FLUSH,2507,car,386,295,386,295,0.5276,2026-07-28 22:39:19.158,2026-07-28 22:39:19.189
car_ID_1071,FLUSH,2526,car,119,336,119,336,0.5775,2026-07-28 22:39:19.091,2026-07-28 22:39:19.222
truck_ID_160,FLUSH,2519,truck,453,261,435,261,0.5212,2026-07-28 22:39:19.124,2026-07-28 22:39:19.396
car_ID_1053,FLUSH,2493,car,236,302,734,269,0.6905,2026-07-28 22:39:11.403,2026-07-28 22:39:19.938
car_ID_1073,FLUSH,2519,car,426,263,412,265,0.5137,2026-07-28 22:39:19.532,2026-07-28 22:39:20.176
truck_ID_161,FLUSH,2522,truck,357,267,335,270,0.5338,2026-07-28 22:39:20.283,2026-07-28 22:39:20.490
car_ID_1076,FLUSH,2513,car,247,291,259,302,0.5596,2026-07-28 22:39:19.871,2026-07-28 22:39:20.491
car_ID_1075,FLUSH,2527,car,502,274,421,280,0.6424,2026-07-28 22:39:19.731,2026-07-28 22:39:20.997
car_ID_1059,FLUSH,2501,car,302,321,734,271,0.6984,2026-07-28 22:39:14.071,2026-07-28 22:39:21.063
car_ID_1078,FLUSH,2540,car,328,287,327,287,0.5097,2026-07-28 22:39:22.295,2026-07-28 22:39:22.328
car_ID_1079,FLUSH,2542,car,390,296,390,296,0.5097,2026-07-28 22:39:22.328,2026-07-28 22:39:22.571
car_ID_1064,FLUSH,2509,car,231,326,735,270,0.6893,2026-07-28 22:39:15.465,2026-07-28 22:39:22.934
car_ID_1082,FLUSH,2547,car,327,288,328,287,0.5026,2026-07-28 22:39:23.665,2026-07-28 22:39:23.698
car_ID_1080,FLUSH,2544,car,516,269,420,275,0.6429,2026-07-28 22:39:22.935,2026-07-28 22:39:24.568
car_ID_1083,FLUSH,2550,car,516,299,529,303,0.5204,2026-07-28 22:39:24.486,2026-07-28 22:39:24.664
car_ID_1084,FLUSH,2547,car,330,287,329,287,0.5228,2026-07-28 22:39:24.795,2026-07-28 22:39:24.858
car_ID_1069,FLUSH,2500,car,291,315,732,270,0.6692,2026-07-28 22:39:18.369,2026-07-28 22:39:24.890
car_ID_1077,FLUSH,2513,car,289,317,671,284,0.6588,2026-07-28 22:39:21.535,2026-07-28 22:39:25.463
car_ID_1074,FLUSH,2524,car,254,321,731,271,0.6880,2026-07-28 22:39:19.533,2026-07-28 22:39:26.163
car_ID_1086,FLUSH,2522,car,262,290,266,291,0.5062,2026-07-28 22:39:26.309,2026-07-28 22:39:26.319
truck_ID_162,FLUSH,2547,truck,344,307,344,307,0.5668,2026-07-28 22:39:27.458,2026-07-28 22:39:27.492
car_ID_1088,FLUSH,2560,car,244,301,257,300,0.6051,2026-07-28 22:39:27.492,2026-07-28 22:39:27.591
car_ID_1089,FLUSH,2547,car,365,307,370,307,0.5276,2026-07-28 22:39:27.558,2026-07-28 22:39:27.624
car_ID_1052,FLUSH,2491,car,169,304,448,301,0.5919,2026-07-28 22:39:11.210,2026-07-28 22:39:27.980
car_ID_1081,FLUSH,2545,car,241,342,736,282,0.7176,2026-07-28 22:39:23.034,2026-07-28 22:39:28.235
truck_ID_163,FLUSH,2491,truck,461,299,508,295,0.6785,2026-07-28 22:39:28.064,2026-07-28 22:39:28.445
car_ID_1090,FLUSH,2562,car,388,295,386,295,0.5614,2026-07-28 22:39:28.170,2026-07-28 22:39:28.656
car_ID_1091,FLUSH,2563,car,632,265,631,265,0.5395,2026-07-28 22:39:28.794,2026-07-28 22:39:28.857
car_ID_1085,FLUSH,2554,car,563,294,734,270,0.6627,2026-07-28 22:39:25.026,2026-07-28 22:39:29.501
car_ID_1092,FLUSH,2547,car,328,287,330,287,0.5864,2026-07-28 22:39:28.827,2026-07-28 22:39:29.786
car_ID_1094,FLUSH,2547,car,329,287,329,287,0.5383,2026-07-28 22:39:31.765,2026-07-28 22:39:31.797
car_ID_1093,FLUSH,2560,car,261,291,259,291,0.5121,2026-07-28 22:39:31.534,2026-07-28 22:39:32.504
car_ID_1087,FLUSH,2559,car,168,305,171,305,0.5952,2026-07-28 22:39:27.214,2026-07-28 22:39:32.803
car_ID_1095,FLUSH,2572,car,717,259,712,259,0.5365,2026-07-28 22:39:33.732,2026-07-28 22:39:34.072
car_ID_1096,FLUSH,2574,car,506,285,514,285,0.6568,2026-07-28 22:39:34.351,2026-07-28 22:39:34.458
car_ID_1098,FLUSH,2583,car,255,302,266,301,0.6459,2026-07-28 22:39:36.173,2026-07-28 22:39:36.316
car_ID_1099,FLUSH,2580,car,706,260,706,259,0.5133,2026-07-28 22:39:36.570,2026-07-28 22:39:36.603
car_ID_1097,FLUSH,2581,car,169,304,171,304,0.5681,2026-07-28 22:39:35.713,2026-07-28 22:39:37.264
truck_ID_165,FLUSH,2582,truck,289,266,524,261,0.6977,2026-07-28 22:39:35.683,2026-07-28 22:39:37.464
car_ID_1100,FLUSH,2582,car,508,293,508,293,0.5133,2026-07-28 22:39:37.500,2026-07-28 22:39:37.500
car_ID_1102,FLUSH,2593,car,169,304,170,303,0.5702,2026-07-28 22:39:38.174,2026-07-28 22:39:39.133
car_ID_1103,FLUSH,2583,car,246,299,260,299,0.6101,2026-07-28 22:39:38.554,2026-07-28 22:39:39.133
car_ID_1101,FLUSH,2590,car,445,284,449,290,0.6180,2026-07-28 22:39:37.695,2026-07-28 22:39:39.197
truck_ID_164,FLUSH,2573,truck,322,291,709,269,0.6615,2026-07-28 22:39:34.459,2026-07-28 22:39:39.261
car_ID_1104,FLUSH,2597,car,566,272,566,272,0.5276,2026-07-28 22:39:39.467,2026-07-28 22:39:39.467
truck_ID_167,FLUSH,2581,truck,239,302,504,285,0.8190,2026-07-28 22:39:37.935,2026-07-28 22:39:39.720
car_ID_1105,FLUSH,2600,car,439,290,445,291,0.5976,2026-07-28 22:39:40.021,2026-07-28 22:39:40.636
car_ID_1106,FLUSH,2601,car,169,304,172,303,0.5591,2026-07-28 22:39:40.331,2026-07-28 22:39:40.697
car_ID_1107,FLUSH,2603,car,237,302,249,301,0.5744,2026-07-28 22:39:40.636,2026-07-28 22:39:40.728
truck_ID_166,FLUSH,2592,truck,569,261,654,256,0.6573,2026-07-28 22:39:37.860,2026-07-28 22:39:40.801
truck_ID_168,FLUSH,2583,truck,253,310,528,287,0.8413,2026-07-28 22:39:40.021,2026-07-28 22:39:41.859
car_ID_1108,FLUSH,2610,car,495,277,495,277,0.5561,2026-07-28 22:39:42.233,2026-07-28 22:39:42.233
truck_ID_170,FLUSH,2618,truck,675,281,681,281,0.6599,2026-07-28 22:39:43.925,2026-07-28 22:39:44.198
car_ID_1111,FLUSH,2617,car,247,301,257,291,0.5834,2026-07-28 22:39:43.165,2026-07-28 22:39:44.197
car_ID_1109,FLUSH,2612,car,168,305,169,304,0.5899,2026-07-28 22:39:42.689,2026-07-28 22:39:44.328
car_ID_1112,FLUSH,2622,car,439,277,437,277,0.6179,2026-07-28 22:39:44.427,2026-07-28 22:39:44.493
car_ID_1114,FLUSH,2619,car,327,287,327,287,0.5240,2026-07-28 22:39:44.965,2026-07-28 22:39:44.996
truck_ID_169,FLUSH,2609,truck,343,285,652,270,0.6359,2026-07-28 22:39:42.659,2026-07-28 22:39:45.952
car_ID_1113,FLUSH,2624,car,495,277,496,314,0.5441,2026-07-28 22:39:44.667,2026-07-28 22:39:46.467
truck_ID_172,FLUSH,2625,truck,509,311,512,311,0.5311,2026-07-28 22:39:46.534,2026-07-28 22:39:46.568
car_ID_1119,FLUSH,2632,car,169,304,113,291,0.5589,2026-07-28 22:39:46.603,2026-07-28 22:39:46.964
truck_ID_171,FLUSH,2630,truck,679,270,692,269,0.6422,2026-07-28 22:39:46.274,2026-07-28 22:39:47.171
truck_ID_173,FLUSH,2635,truck,459,237,449,241,0.5258,2026-07-28 22:39:47.268,2026-07-28 22:39:47.468
car_ID_1121,FLUSH,2630,car,692,288,696,299,0.5109,2026-07-28 22:39:47.362,2026-07-28 22:39:47.567
truck_ID_174,FLUSH,2641,truck,425,240,425,240,0.5062,2026-07-28 22:39:47.870,2026-07-28 22:39:47.870
car_ID_1118,FLUSH,2617,car,260,298,329,286,0.5194,2026-07-28 22:39:46.603,2026-07-28 22:39:47.870
car_ID_1122,FLUSH,2640,car,260,290,261,291,0.5340,2026-07-28 22:39:47.705,2026-07-28 22:39:48.427
car_ID_1123,FLUSH,2630,car,718,291,720,291,0.5680,2026-07-28 22:39:48.867,2026-07-28 22:39:49.041
car_ID_1124,FLUSH,2617,car,331,288,331,287,0.5252,2026-07-28 22:39:49.041,2026-07-28 22:39:49.104
bus_ID_25,FLUSH,2635,bus,334,243,325,243,0.6523,2026-07-28 22:39:49.041,2026-07-28 22:39:49.139
bus_ID_26,FLUSH,2641,bus,311,244,310,244,0.5133,2026-07-28 22:39:49.269,2026-07-28 22:39:49.405
car_ID_1117,FLUSH,2622,car,438,279,439,290,0.5762,2026-07-28 22:39:45.792,2026-07-28 22:39:49.653
truck_ID_175,FLUSH,2628,truck,401,243,351,243,0.5638,2026-07-28 22:39:49.075,2026-07-28 22:39:49.763
car_ID_1116,FLUSH,2626,car,170,303,172,304,0.5966,2026-07-28 22:39:45.204,2026-07-28 22:39:49.763
car_ID_1120,FLUSH,2638,car,491,282,488,279,0.5390,2026-07-28 22:39:47.172,2026-07-28 22:39:50.772
car_ID_1125,FLUSH,2622,car,435,289,439,291,0.5407,2026-07-28 22:39:50.805,2026-07-28 22:39:51.359
car_ID_1115,FLUSH,2625,car,277,339,738,278,0.6418,2026-07-28 22:39:44.996,2026-07-28 22:39:52.627
car_ID_1127,FLUSH,2661,car,331,287,331,287,0.5240,2026-07-28 22:39:52.963,2026-07-28 22:39:52.996
car_ID_1130,FLUSH,2666,car,243,298,243,298,0.5739,2026-07-28 22:39:53.304,2026-07-28 22:39:53.304
car_ID_1126,FLUSH,2656,car,168,303,186,302,0.5674,2026-07-28 22:39:51.635,2026-07-28 22:39:53.507
car_ID_1131,FLUSH,2663,car,435,285,441,291,0.5877,2026-07-28 22:39:53.472,2026-07-28 22:39:53.704
car_ID_1129,FLUSH,2665,car,481,281,485,283,0.5276,2026-07-28 22:39:53.235,2026-07-28 22:39:54.863
car_ID_1128,FLUSH,2659,car,263,312,551,294,0.7060,2026-07-28 22:39:53.062,2026-07-28 22:39:55.107
truck_ID_178,FLUSH,2669,truck,573,254,567,261,0.5606,2026-07-28 22:39:55.040,2026-07-28 22:39:55.246
truck_ID_176,FLUSH,2652,truck,192,340,698,269,0.7171,2026-07-28 22:39:50.632,2026-07-28 22:39:55.532
car_ID_1133,FLUSH,2674,car,248,302,258,299,0.5751,2026-07-28 22:39:55.758,2026-07-28 22:39:55.830
truck_ID_179,FLUSH,2682,truck,473,258,359,243,0.5606,2026-07-28 22:39:57.273,2026-07-28 22:39:58.464
car_ID_1134,FLUSH,2675,car,330,287,322,286,0.5658,2026-07-28 22:39:56.757,2026-07-28 22:39:58.568
car_ID_1135,FLUSH,2678,car,384,285,380,287,0.5418,2026-07-28 22:39:57.741,2026-07-28 22:39:59.068
car_ID_1137,FLUSH,2680,car,438,289,439,288,0.5510,2026-07-28 22:39:57.944,2026-07-28 22:39:59.205
bus_ID_27,FLUSH,2682,bus,261,246,258,246,0.5290,2026-07-28 22:39:59.237,2026-07-28 22:39:59.306
car_ID_1136,FLUSH,2683,car,489,283,489,278,0.5334,2026-07-28 22:39:57.944,2026-07-28 22:39:59.824
truck_ID_177,FLUSH,2670,truck,228,296,699,268,0.7395,2026-07-28 22:39:54.633,2026-07-28 22:39:59.862
car_ID_1132,FLUSH,2673,car,169,305,169,304,0.5840,2026-07-28 22:39:55.377,2026-07-28 22:40:00.687
car_ID_1138,FLUSH,2690,car,217,337,334,330,0.6075,2026-07-28 22:40:00.309,2026-07-28 22:40:00.687
truck_ID_180,FLUSH,2690,truck,466,314,466,314,0.5525,2026-07-28 22:40:01.467,2026-07-28 22:40:01.467
truck_ID_181,FLUSH,2693,truck,467,312,504,306,0.5727,2026-07-28 22:40:01.496,2026-07-28 22:40:01.838
car_ID_1140,FLUSH,2693,car,375,325,518,312,0.5156,2026-07-28 22:40:00.924,2026-07-28 22:40:02.041
car_ID_1144,FLUSH,2699,car,249,300,268,301,0.6481,2026-07-28 22:40:02.072,2026-07-28 22:40:02.362
car_ID_1143,FLUSH,2683,car,486,279,488,278,0.5511,2026-07-28 22:40:02.041,2026-07-28 22:40:02.694
car_ID_1139,FLUSH,2680,car,436,289,446,282,0.5737,2026-07-28 22:40:00.858,2026-07-28 22:40:02.960
car_ID_1146,FLUSH,2699,car,249,297,261,302,0.6046,2026-07-28 22:40:03.611,2026-07-28 22:40:03.763
car_ID_1148,FLUSH,2711,car,452,317,452,317,0.5276,2026-07-28 22:40:03.991,2026-07-28 22:40:03.991
car_ID_1141,FLUSH,2694,car,255,316,579,295,0.7412,2026-07-28 22:40:01.563,2026-07-28 22:40:04.268
truck_ID_182,FLUSH,2702,truck,492,313,498,312,0.5466,2026-07-28 22:40:04.301,2026-07-28 22:40:04.377
car_ID_1147,FLUSH,2697,car,374,303,449,303,0.5618,2026-07-28 22:40:03.857,2026-07-28 22:40:04.446
car_ID_1151,FLUSH,2705,car,431,284,431,284,0.5327,2026-07-28 22:40:04.577,2026-07-28 22:40:04.577
car_ID_1149,FLUSH,2709,car,675,294,682,293,0.5890,2026-07-28 22:40:04.111,2026-07-28 22:40:04.638
car_ID_1145,FLUSH,2702,car,246,342,527,301,0.6517,2026-07-28 22:40:02.870,2026-07-28 22:40:05.131
car_ID_1152,FLUSH,2707,car,487,279,487,279,0.5062,2026-07-28 22:40:05.366,2026-07-28 22:40:05.400
car_ID_1150,FLUSH,2710,car,687,292,717,282,0.5966,2026-07-28 22:40:04.576,2026-07-28 22:40:06.375
car_ID_1157,FLUSH,2717,car,260,290,260,290,0.5276,2026-07-28 22:40:07.000,2026-07-28 22:40:07.000
car_ID_1159,FLUSH,2707,car,488,278,489,278,0.5299,2026-07-28 22:40:07.240,2026-07-28 22:40:07.507
car_ID_1156,FLUSH,2708,car,327,287,330,287,0.5617,2026-07-28 22:40:06.407,2026-07-28 22:40:07.560
car_ID_1154,FLUSH,2699,car,347,321,586,295,0.6930,2026-07-28 22:40:05.772,2026-07-28 22:40:07.962
car_ID_1160,FLUSH,2724,car,670,278,684,272,0.5119,2026-07-28 22:40:07.439,2026-07-28 22:40:08.231
car_ID_1142,FLUSH,2673,car,170,304,188,303,0.5734,2026-07-28 22:40:01.731,2026-07-28 22:40:09.191
car_ID_1155,FLUSH,2719,car,661,299,732,279,0.5957,2026-07-28 22:40:06.038,2026-07-28 22:40:10.101
car_ID_1153,FLUSH,2716,car,574,295,706,272,0.6115,2026-07-28 22:40:05.625,2026-07-28 22:40:10.312
car_ID_1164,FLUSH,2741,car,246,291,248,298,0.5579,2026-07-28 22:40:10.858,2026-07-28 22:40:10.992
car_ID_1165,FLUSH,2716,car,731,271,732,271,0.5347,2026-07-28 22:40:11.436,2026-07-28 22:40:11.504
car_ID_1162,FLUSH,2739,car,170,304,170,303,0.5687,2026-07-28 22:40:10.624,2026-07-28 22:40:11.604
car_ID_1158,FLUSH,2723,car,135,335,660,286,0.7046,2026-07-28 22:40:07.059,2026-07-28 22:40:11.697
car_ID_1163,FLUSH,2740,car,284,313,530,300,0.6136,2026-07-28 22:40:10.858,2026-07-28 22:40:12.426
car_ID_1167,FLUSH,2753,car,562,293,570,293,0.5683,2026-07-28 22:40:12.836,2026-07-28 22:40:13.035
car_ID_1168,FLUSH,2751,car,484,278,483,278,0.5276,2026-07-28 22:40:13.002,2026-07-28 22:40:13.035
car_ID_1161,FLUSH,2727,car,598,300,735,269,0.6665,2026-07-28 22:40:08.050,2026-07-28 22:40:13.167
truck_ID_183,FLUSH,2733,truck,200,336,649,268,0.7019,2026-07-28 22:40:09.490,2026-07-28 22:40:13.287
car_ID_1166,FLUSH,2743,car,263,313,508,298,0.7031,2026-07-28 22:40:12.191,2026-07-28 22:40:13.522
car_ID_1170,FLUSH,2756,car,563,296,573,296,0.5739,2026-07-28 22:40:14.032,2026-07-28 22:40:14.101
car_ID_1171,FLUSH,2762,car,622,286,630,284,0.5532,2026-07-28 22:40:14.067,2026-07-28 22:40:14.238
bus_ID_28,FLUSH,2768,bus,709,267,709,267,0.5454,2026-07-28 22:40:15.365,2026-07-28 22:40:15.365
car_ID_1172,FLUSH,2766,car,440,286,440,286,0.5026,2026-07-28 22:40:15.299,2026-07-28 22:40:15.364
car_ID_1173,FLUSH,2770,car,485,279,484,279,0.5204,2026-07-28 22:40:15.562,2026-07-28 22:40:15.972
car_ID_1169,FLUSH,2760,car,170,304,171,304,0.5851,2026-07-28 22:40:13.962,2026-07-28 22:40:16.047
truck_ID_184,FLUSH,2691,truck,349,291,689,269,0.7438,2026-07-28 22:40:13.069,2026-07-28 22:40:17.621
car_ID_1175,FLUSH,2780,car,239,301,249,300,0.5757,2026-07-28 22:40:18.400,2026-07-28 22:40:18.436
car_ID_1174,FLUSH,2778,car,170,304,170,304,0.5868,2026-07-28 22:40:18.228,2026-07-28 22:40:19.464
car_ID_1176,FLUSH,2691,car,711,278,719,283,0.5680,2026-07-28 22:40:19.427,2026-07-28 22:40:20.103
car_ID_1179,FLUSH,2792,car,245,300,265,302,0.5998,2026-07-28 22:40:20.306,2026-07-28 22:40:20.523
car_ID_1180,FLUSH,2785,car,438,290,439,291,0.5739,2026-07-28 22:40:20.490,2026-07-28 22:40:20.523
car_ID_1183,FLUSH,2785,car,439,287,439,288,0.5097,2026-07-28 22:40:21.661,2026-07-28 22:40:21.693
car_ID_1184,FLUSH,2786,car,382,288,382,288,0.5418,2026-07-28 22:40:21.829,2026-07-28 22:40:21.829
car_ID_1181,FLUSH,2781,car,326,287,328,287,0.5383,2026-07-28 22:40:21.304,2026-07-28 22:40:22.540
car_ID_1182,FLUSH,2791,car,485,282,483,279,0.5361,2026-07-28 22:40:21.613,2026-07-28 22:40:22.540
car_ID_1185,FLUSH,2792,car,250,290,262,291,0.5329,2026-07-28 22:40:22.361,2026-07-28 22:40:22.806
truck_ID_185,FLUSH,2764,truck,242,298,713,267,0.7352,2026-07-28 22:40:17.458,2026-07-28 22:40:23.291
car_ID_1188,FLUSH,2785,car,432,284,430,284,0.5365,2026-07-28 22:40:25.199,2026-07-28 22:40:25.230
car_ID_1189,FLUSH,2764,car,728,283,728,283,0.5026,2026-07-28 22:40:25.301,2026-07-28 22:40:25.332
car_ID_1187,FLUSH,2786,car,381,288,381,288,0.5145,2026-07-28 22:40:24.967,2026-07-28 22:40:25.434
car_ID_1177,FLUSH,2790,car,170,303,186,304,0.5747,2026-07-28 22:40:20.001,2026-07-28 22:40:25.926
car_ID_1178,FLUSH,2780,car,276,313,714,270,0.6533,2026-07-28 22:40:20.035,2026-07-28 22:40:25.926
car_ID_1186,FLUSH,2791,car,484,279,483,280,0.5204,2026-07-28 22:40:24.660,2026-07-28 22:40:26.228
car_ID_1190,FLUSH,2804,car,616,265,614,264,0.5290,2026-07-28 22:40:26.360,2026-07-28 22:40:26.495
car_ID_1191,FLUSH,2796,car,509,283,524,288,0.5703,2026-07-28 22:40:26.672,2026-07-28 22:40:26.903
car_ID_1193,FLUSH,2812,car,243,301,217,305,0.5585,2026-07-28 22:40:27.294,2026-07-28 22:40:29.128
car_ID_1195,FLUSH,2819,car,479,278,478,277,0.5204,2026-07-28 22:40:28.804,2026-07-28 22:40:29.161
car_ID_1197,FLUSH,2819,car,482,279,482,279,0.5285,2026-07-28 22:40:30.358,2026-07-28 22:40:30.594
car_ID_1194,FLUSH,2813,car,320,287,255,291,0.6200,2026-07-28 22:40:28.333,2026-07-28 22:40:30.702
truck_ID_186,FLUSH,2803,truck,180,297,715,265,0.7652,2026-07-28 22:40:26.062,2026-07-28 22:40:31.557
car_ID_1192,FLUSH,2808,car,167,305,299,372,0.6762,2026-07-28 22:40:27.000,2026-07-28 22:40:31.736
car_ID_1196,FLUSH,2815,car,381,288,211,284,0.6226,2026-07-28 22:40:28.866,2026-07-28 22:40:32.202
truck_ID_187,FLUSH,2803,truck,727,263,727,263,0.5953,2026-07-28 22:40:32.856,2026-07-28 22:40:32.856
car_ID_1201,FLUSH,2819,car,478,278,479,278,0.5365,2026-07-28 22:40:32.702,2026-07-28 22:40:32.932
car_ID_1200,FLUSH,2830,car,288,371,1047,439,0.8400,2026-07-28 22:40:31.694,2026-07-28 22:40:33.939
car_ID_1199,FLUSH,2823,car,378,288,252,291,0.6542,2026-07-28 22:40:31.173,2026-07-28 22:40:34.725
car_ID_1205,FLUSH,2841,car,757,326,732,322,0.5989,2026-07-28 22:40:35.138,2026-07-28 22:40:35.338
car_ID_1203,FLUSH,2838,car,304,375,1043,441,0.8079,2026-07-28 22:40:33.464,2026-07-28 22:40:35.705
car_ID_1110,FLUSH,2613,car,1066,373,689,295,0.7151,2026-07-28 22:39:43.099,2026-07-28 22:40:35.965
car_ID_1208,FLUSH,2844,car,739,252,718,252,0.5571,2026-07-28 22:40:36.003,2026-07-28 22:40:36.901
car_ID_1198,FLUSH,2817,car,435,290,254,290,0.6097,2026-07-28 22:40:30.628,2026-07-28 22:40:37.225
car_ID_1206,FLUSH,2843,car,274,382,1044,389,0.7260,2026-07-28 22:40:35.233,2026-07-28 22:40:38.063
car_ID_1207,FLUSH,2821,car,508,277,431,278,0.5750,2026-07-28 22:40:35.422,2026-07-28 22:40:38.062
car_ID_1209,FLUSH,2854,car,720,289,724,286,0.5390,2026-07-28 22:40:37.701,2026-07-28 22:40:38.062
car_ID_1210,FLUSH,2855,car,616,267,616,267,0.5525,2026-07-28 22:40:38.458,2026-07-28 22:40:38.491
car_ID_1204,FLUSH,2819,car,470,279,258,286,0.6444,2026-07-28 22:40:34.360,2026-07-28 22:40:39.707
car_ID_1212,FLUSH,2858,car,360,280,305,283,0.5361,2026-07-28 22:40:39.573,2026-07-28 22:40:40.693
car_ID_1211,FLUSH,2843,car,1042,390,1042,389,0.5446,2026-07-28 22:40:39.133,2026-07-28 22:40:41.670
car_ID_1213,FLUSH,2861,car,714,258,704,260,0.5589,2026-07-28 22:40:39.923,2026-07-28 22:40:41.669
car_ID_1214,FLUSH,2862,car,293,370,936,434,0.8334,2026-07-28 22:40:40.198,2026-07-28 22:40:42.340
car_ID_1202,FLUSH,2834,car,1061,366,739,277,0.7348,2026-07-28 22:40:32.817,2026-07-28 22:40:42.373
car_ID_1217,FLUSH,2843,car,1043,390,1046,389,0.5665,2026-07-28 22:40:42.775,2026-07-28 22:40:43.365
car_ID_1215,FLUSH,2865,car,277,369,1044,390,0.8182,2026-07-28 22:40:41.261,2026-07-28 22:40:43.640
car_ID_1219,FLUSH,2865,car,1042,390,1044,390,0.5777,2026-07-28 22:40:45.235,2026-07-28 22:40:45.930
car_ID_1218,FLUSH,2870,car,279,367,926,426,0.8377,2026-07-28 22:40:43.801,2026-07-28 22:40:46.128
truck_ID_188,FLUSH,2877,truck,317,356,590,388,0.5496,2026-07-28 22:40:45.858,2026-07-28 22:40:46.615
bus_ID_30,FLUSH,2878,bus,587,389,607,390,0.7222,2026-07-28 22:40:46.615,2026-07-28 22:40:46.680
bus_ID_29,FLUSH,2877,bus,507,381,632,391,0.6103,2026-07-28 22:40:46.403,2026-07-28 22:40:46.774
car_ID_1221,FLUSH,2878,car,337,363,651,395,0.6823,2026-07-28 22:40:45.897,2026-07-28 22:40:46.774
truck_ID_189,FLUSH,2878,truck,384,367,685,397,0.5628,2026-07-28 22:40:46.067,2026-07-28 22:40:46.837
car_ID_1216,FLUSH,2867,car,510,266,183,287,0.7389,2026-07-28 22:40:42.056,2026-07-28 22:40:47.091
car_ID_1222,FLUSH,2883,car,631,266,628,267,0.5801,2026-07-28 22:40:47.127,2026-07-28 22:40:47.223
car_ID_1220,FLUSH,2877,car,278,373,950,420,0.6786,2026-07-28 22:40:45.406,2026-07-28 22:40:47.432
car_ID_1223,FLUSH,2886,car,125,291,89,290,0.5743,2026-07-28 22:40:47.473,2026-07-28 22:40:48.361
car_ID_1225,FLUSH,2889,car,717,254,705,256,0.5374,2026-07-28 22:40:48.326,2026-07-28 22:40:48.895
car_ID_1224,FLUSH,2885,car,514,279,225,303,0.6850,2026-07-28 22:40:47.723,2026-07-28 22:40:53.358
car_ID_1228,FLUSH,2895,car,503,263,220,303,0.5995,2026-07-28 22:40:50.858,2026-07-28 22:40:54.432
car_ID_1232,FLUSH,2909,car,617,270,617,271,0.5026,2026-07-28 22:40:56.066,2026-07-28 22:40:56.097
car_ID_1231,FLUSH,2908,car,363,277,341,277,0.5804,2026-07-28 22:40:55.865,2026-07-28 22:40:56.552
car_ID_1233,FLUSH,2902,car,1000,360,1000,360,0.5628,2026-07-28 22:40:56.339,2026-07-28 22:40:56.703
car_ID_1234,FLUSH,2895,car,208,305,209,304,0.5553,2026-07-28 22:40:56.369,2026-07-28 22:40:57.232
car_ID_1236,FLUSH,2913,car,1002,361,1002,361,0.5276,2026-07-28 22:40:58.210,2026-07-28 22:40:58.210
car_ID_1227,FLUSH,2894,car,288,320,737,270,0.7033,2026-07-28 22:40:50.002,2026-07-28 22:40:59.134
car_ID_1235,FLUSH,2911,car,509,270,385,280,0.6310,2026-07-28 22:40:58.061,2026-07-28 22:41:00.470
car_ID_1237,FLUSH,2917,car,124,297,89,291,0.5531,2026-07-28 22:41:01.261,2026-07-28 22:41:02.524
car_ID_1238,FLUSH,2919,car,719,258,710,259,0.6194,2026-07-28 22:41:03.384,2026-07-28 22:41:03.802
car_ID_1239,FLUSH,2924,car,634,264,615,268,0.5926,2026-07-28 22:41:06.351,2026-07-28 22:41:07.064
car_ID_1241,FLUSH,2895,car,209,304,209,304,0.5490,2026-07-28 22:41:07.471,2026-07-28 22:41:07.471
car_ID_1242,FLUSH,2929,car,566,272,565,271,0.5204,2026-07-28 22:41:08.498,2026-07-28 22:41:08.535
car_ID_1244,FLUSH,2930,car,710,256,709,256,0.5133,2026-07-28 22:41:09.527,2026-07-28 22:41:09.559
car_ID_1246,FLUSH,2931,car,208,304,209,304,0.5097,2026-07-28 22:41:10.515,2026-07-28 22:41:10.522
car_ID_1247,FLUSH,2935,car,615,280,615,280,0.5311,2026-07-28 22:41:11.534,2026-07-28 22:41:11.534
car_ID_1243,FLUSH,2895,car,261,338,606,312,0.6718,2026-07-28 22:41:09.496,2026-07-28 22:41:11.993
truck_ID_190,FLUSH,2891,truck,326,302,326,302,0.5989,2026-07-28 22:41:12.029,2026-07-28 22:41:12.029
truck_ID_191,FLUSH,2898,truck,329,303,330,303,0.5290,2026-07-28 22:41:12.059,2026-07-28 22:41:12.092
car_ID_1240,FLUSH,2927,car,289,326,731,285,0.7069,2026-07-28 22:41:07.375,2026-07-28 22:41:12.129
car_ID_1248,FLUSH,2934,car,510,278,486,280,0.6212,2026-07-28 22:41:11.604,2026-07-28 22:41:12.294
car_ID_1251,FLUSH,2938,car,213,304,207,303,0.5212,2026-07-28 22:41:12.059,2026-07-28 22:41:12.602
truck_ID_192,FLUSH,2940,truck,430,297,490,290,0.6691,2026-07-28 22:41:12.569,2026-07-28 22:41:13.001
car_ID_1252,FLUSH,2940,car,412,297,545,297,0.5504,2026-07-28 22:41:12.499,2026-07-28 22:41:13.596
car_ID_1249,FLUSH,2936,car,648,299,731,280,0.6727,2026-07-28 22:41:11.993,2026-07-28 22:41:15.634
car_ID_1253,FLUSH,2940,car,641,280,643,279,0.5167,2026-07-28 22:41:15.372,2026-07-28 22:41:15.903
car_ID_1245,FLUSH,2932,car,295,315,737,264,0.6454,2026-07-28 22:41:10.066,2026-07-28 22:41:16.897
car_ID_1255,FLUSH,2948,car,522,274,475,276,0.6258,2026-07-28 22:41:16.469,2026-07-28 22:41:18.200
car_ID_1254,FLUSH,2945,car,667,284,728,267,0.6172,2026-07-28 22:41:16.157,2026-07-28 22:41:18.508
car_ID_1260,FLUSH,2957,car,715,255,715,255,0.5133,2026-07-28 22:41:18.860,2026-07-28 22:41:18.860
car_ID_1258,FLUSH,2952,car,674,259,674,259,0.5195,2026-07-28 22:41:18.860,2026-07-28 22:41:18.956
car_ID_1259,FLUSH,2925,car,991,360,991,360,0.5440,2026-07-28 22:41:18.860,2026-07-28 22:41:18.956
car_ID_1262,FLUSH,2958,car,632,265,628,265,0.6202,2026-07-28 22:41:19.122,2026-07-28 22:41:19.263
car_ID_1229,FLUSH,2891,car,520,279,405,283,0.6447,2026-07-28 22:40:50.858,2026-07-28 22:41:19.663
car_ID_1257,FLUSH,2953,car,467,275,453,277,0.5902,2026-07-28 22:41:18.538,2026-07-28 22:41:20.287
car_ID_1261,FLUSH,2951,car,208,304,208,304,0.5406,2026-07-28 22:41:19.090,2026-07-28 22:41:20.795
car_ID_1226,FLUSH,2877,car,1043,389,606,370,0.6387,2026-07-28 22:40:49.669,2026-07-28 22:41:22.262
car_ID_1263,FLUSH,2960,car,453,276,450,278,0.5360,2026-07-28 22:41:20.277,2026-07-28 22:41:22.537
car_ID_1269,FLUSH,2972,car,626,268,615,270,0.5204,2026-07-28 22:41:23.561,2026-07-28 22:41:23.839
car_ID_1268,FLUSH,2968,car,531,271,493,274,0.5771,2026-07-28 22:41:22.813,2026-07-28 22:41:23.943
car_ID_1267,FLUSH,2970,car,564,366,244,340,0.7927,2026-07-28 22:41:22.431,2026-07-28 22:41:23.973
motorcycle_ID_3,FLUSH,2973,motorcycle,852,392,716,387,0.6777,2026-07-28 22:41:23.263,2026-07-28 22:41:24.334
car_ID_1256,FLUSH,2938,car,290,317,736,270,0.6987,2026-07-28 22:41:17.483,2026-07-28 22:41:24.488
car_ID_1265,FLUSH,2891,car,405,285,403,280,0.5522,2026-07-28 22:41:20.831,2026-07-28 22:41:25.639
car_ID_1272,FLUSH,2982,car,670,376,654,373,0.5646,2026-07-28 22:41:25.706,2026-07-28 22:41:25.806
car_ID_1271,FLUSH,2975,car,508,278,505,279,0.5671,2026-07-28 22:41:24.662,2026-07-28 22:41:27.459
car_ID_1230,FLUSH,2898,car,515,277,339,283,0.6572,2026-07-28 22:40:53.390,2026-07-28 22:41:27.830
truck_ID_194,FLUSH,2994,truck,382,236,374,237,0.5977,2026-07-28 22:41:27.899,2026-07-28 22:41:28.071
car_ID_1270,FLUSH,2976,car,1056,393,107,332,0.7902,2026-07-28 22:41:23.943,2026-07-28 22:41:28.181
truck_ID_193,FLUSH,2898,truck,346,270,337,268,0.5939,2026-07-28 22:41:27.899,2026-07-28 22:41:28.238
car_ID_1264,FLUSH,2965,car,1020,362,692,295,0.7406,2026-07-28 22:41:20.795,2026-07-28 22:41:28.725
car_ID_1276,FLUSH,2990,car,408,284,404,284,0.5478,2026-07-28 22:41:27.797,2026-07-28 22:41:29.085
car_ID_1274,FLUSH,2986,car,949,362,684,307,0.7058,2026-07-28 22:41:26.264,2026-07-28 22:41:29.894
car_ID_1273,FLUSH,2985,car,1051,396,99,327,0.7739,2026-07-28 22:41:26.264,2026-07-28 22:41:30.274
truck_ID_195,FLUSH,2996,truck,279,242,249,240,0.5577,2026-07-28 22:41:29.977,2026-07-28 22:41:30.696
car_ID_1280,FLUSH,2990,car,405,285,406,284,0.5385,2026-07-28 22:41:30.434,2026-07-28 22:41:30.975
car_ID_1281,FLUSH,3002,car,716,289,724,285,0.5891,2026-07-28 22:41:30.435,2026-07-28 22:41:31.109
car_ID_1279,FLUSH,2975,car,502,278,503,279,0.5147,2026-07-28 22:41:30.383,2026-07-28 22:41:31.529
car_ID_1282,FLUSH,2986,car,694,294,695,294,0.5097,2026-07-28 22:41:31.495,2026-07-28 22:41:31.561
car_ID_1275,FLUSH,2989,car,1069,379,671,299,0.7273,2026-07-28 22:41:26.869,2026-07-28 22:41:32.364
car_ID_1286,FLUSH,2986,car,709,289,721,284,0.6461,2026-07-28 22:41:32.733,2026-07-28 22:41:33.501
car_ID_1287,FLUSH,3016,car,209,304,209,304,0.5062,2026-07-28 22:41:33.733,2026-07-28 22:41:33.936
car_ID_1278,FLUSH,3001,car,937,359,731,282,0.7537,2026-07-28 22:41:29.883,2026-07-28 22:41:35.518
car_ID_1284,FLUSH,2975,car,503,278,506,277,0.5234,2026-07-28 22:41:32.732,2026-07-28 22:41:37.398
car_ID_1288,FLUSH,3022,car,706,302,739,282,0.6072,2026-07-28 22:41:34.995,2026-07-28 22:41:38.798
car_ID_1289,FLUSH,2975,car,502,279,501,279,0.5228,2026-07-28 22:41:38.926,2026-07-28 22:41:38.990
car_ID_1290,FLUSH,3037,car,124,293,120,292,0.5718,2026-07-28 22:41:39.641,2026-07-28 22:41:39.752
car_ID_1285,FLUSH,2990,car,405,285,405,285,0.5447,2026-07-28 22:41:32.732,2026-07-28 22:41:40.156
car_ID_1283,FLUSH,3010,car,945,358,733,271,0.7727,2026-07-28 22:41:31.893,2026-07-28 22:41:41.331
car_ID_1292,FLUSH,3042,car,240,288,240,288,0.5062,2026-07-28 22:41:42.039,2026-07-28 22:41:42.039
car_ID_1277,FLUSH,2995,car,337,284,296,282,0.5923,2026-07-28 22:41:28.402,2026-07-28 22:41:42.138
car_ID_1293,FLUSH,3046,car,218,341,218,341,0.5454,2026-07-28 22:41:42.102,2026-07-28 22:41:42.566
car_ID_1295,FLUSH,2975,car,503,278,502,279,0.5216,2026-07-28 22:41:42.933,2026-07-28 22:41:43.202
car_ID_1294,FLUSH,3048,car,311,357,909,419,0.8255,2026-07-28 22:41:42.534,2026-07-28 22:41:43.805
car_ID_1266,FLUSH,2953,car,452,277,318,281,0.5721,2026-07-28 22:41:21.335,2026-07-28 22:41:45.790
car_ID_1291,FLUSH,2990,car,400,284,228,291,0.6175,2026-07-28 22:41:41.434,2026-07-28 22:41:45.823
car_ID_1250,FLUSH,2937,car,258,294,273,357,0.5923,2026-07-28 22:41:12.059,2026-07-28 22:41:46.027
car_ID_1296,FLUSH,3051,car,410,278,302,281,0.5901,2026-07-28 22:41:43.805,2026-07-28 22:41:46.097
car_ID_1301,FLUSH,3051,car,229,293,213,282,0.5663,2026-07-28 22:41:47.332,2026-07-28 22:41:47.673
car_ID_1299,FLUSH,3055,car,277,359,1019,423,0.8592,2026-07-28 22:41:46.098,2026-07-28 22:41:47.998
truck_ID_196,FLUSH,2953,truck,303,356,617,384,0.6046,2026-07-28 22:41:47.836,2026-07-28 22:41:48.701
truck_ID_197,FLUSH,3058,truck,474,374,623,384,0.5975,2026-07-28 22:41:48.363,2026-07-28 22:41:48.732
car_ID_1302,FLUSH,3058,car,401,366,645,387,0.6937,2026-07-28 22:41:48.148,2026-07-28 22:41:48.769
car_ID_1300,FLUSH,2953,car,224,323,960,412,0.6909,2026-07-28 22:41:47.332,2026-07-28 22:41:49.927
car_ID_1297,FLUSH,3040,car,483,280,246,289,0.6135,2026-07-28 22:41:43.989,2026-07-28 22:41:50.195
car_ID_1298,FINALIZE,2975,car,517,278,313,290,0.6062,2026-07-28 22:41:44.291,2026-07-28 22:41:51.531
car_ID_1303,FINALIZE,3061,car,249,368,330,387,0.6243,2026-07-28 22:41:50.337,2026-07-28 22:41:51.196
car_ID_1304,FINALIZE,3062,car,321,372,367,380,0.8459,2026-07-28 22:41:50.777,2026-07-28 22:41:51.532
